Koordinatensystem : Lambert konform konisch
Rechtswert        : 4218500 Meter
Hochwert          : 2850500 Meter
Hoehenlage        : 45 Meter ueber NN
Erstellung des Datensatzes im Mai 2016

Art des TRY       : extremer Winter
Bezugszeitraum    : 2031-2060
Datenbasis 1      : Beobachtungsdaten Zeitraum 1995-2012
Datenbasis 2      : Klimasimulationen Zeitraum 1971-2000 (Basis RCP-historical / CORDEX-Europa Laeufe)
Datenbasis 3      : Klimasimulationen Zeitraum 2031-2060 (Basis RCP-4.5 und RCP-8.5 / CORDEX-Europa Laeufe)

Format: (i7,1x,i7,1x,i2,1x,i2,1x,i2,1x,f5.1,1x,i4,1x,3i,1x,f4.1,1x,i1,1x,f4.1,1x,i3,1x,i4,1x,i4,1x,i3,1x,i4,2x,i1)

Reihenfolge der Parameter:
RW Rechtswert                                                    [m]       {3670500;3671500..4389500}
HW Hochwert                                                      [m]       {2242500;2243500..3179500}
MM Monat                                                                   {1..12}
DD Tag                                                                     {1..28,30,31}
HH Stunde (MEZ)                                                            {1..24}
t  Lufttemperatur in 2m Hoehe ueber Grund                        [GradC]
p  Luftdruck in Standorthoehe                                    [hPa]
WR Windrichtung in 10 m Hoehe ueber Grund                        [Grad]    {0..360;999}
WG Windgeschwindigkeit in 10 m Hoehe ueber Grund                 [m/s]
N  Bedeckungsgrad                                                [Achtel]  {0..8;9}
x  Wasserdampfgehalt, Mischungsverhaeltnis                       [g/kg]
RF Relative Feuchte in 2 m Hoehe ueber Grund                     [Prozent] {1..100}
B  Direkte Sonnenbestrahlungsstaerke (horiz. Ebene)              [W/m^2]   abwaerts gerichtet: positiv
D  Diffuse Sonnenbetrahlungsstaerke (horiz. Ebene)               [W/m^2]   abwaerts gerichtet: positiv
A  Bestrahlungsstaerke d. atm. Waermestrahlung (horiz. Ebene)    [W/m^2]   abwaerts gerichtet: positiv
E  Bestrahlungsstaerke d. terr. Waermestrahlung                  [W/m^2]   aufwaerts gerichtet: negativ
IL Qualitaetsbit bezueglich der Auswahlkriterien                           {0;1;2;3;4}


     RW      HW MM DD HH     t    p  WR   WG N    x  RF    B    D   A    E IL
*** 
4218500 2850500  1  1  1  -0.5 1019 290  3.0 6  3.6  97    0    0 246 -309  2
4218500 2850500  1  1  2  -1.7 1019 316  2.5 5  3.3  98    0    0 241 -308  2
4218500 2850500  1  1  3  -2.9 1019 339  2.0 4  3.0  99    0    0 236 -307  2
4218500 2850500  1  1  4  -3.3 1019 341  1.8 3  3.0  99    0    0 233 -305  2
4218500 2850500  1  1  5  -3.8 1018 338  1.6 3  2.9  99    0    0 226 -304  2
4218500 2850500  1  1  6  -4.2 1017 350  1.6 1  2.8 100    0    0 211 -303  2
4218500 2850500  1  1  7  -4.6 1017 310  1.2 2  2.7 100    0    0 206 -302  2
4218500 2850500  1  1  8  -5.3 1016 295  1.1 5  2.6 100    0    0 222 -303  2
4218500 2850500  1  1  9  -5.1 1016 273  1.4 6  2.5  98    0    2 238 -304  2
4218500 2850500  1  1 10  -4.5 1016 262  1.3 6  2.6  97    5   42 244 -305  2
4218500 2850500  1  1 11  -3.3 1016 251  1.7 5  2.7  96    1   58 241 -307  2
4218500 2850500  1  1 12  -3.0 1015 298  1.6 6  2.9  97    2   86 241 -309  2
4218500 2850500  1  1 13  -2.2 1014 324  1.3 6  3.0  96   14  116 247 -312  2
4218500 2850500  1  1 14  -1.5 1013  20  2.2 5  3.0  90   69  117 243 -313  2
4218500 2850500  1  1 15  -1.3 1012  50  3.2 7  3.0  88   11   72 250 -312  2
4218500 2850500  1  1 16  -1.6 1012  80  2.3 7  3.1  90    0    5 262 -310  2
4218500 2850500  1  1 17  -1.5 1012  88  3.7 7  3.0  89    0    0 261 -307  2
4218500 2850500  1  1 18  -1.8 1012 106  3.6 7  3.0  89    0    0 262 -308  2
4218500 2850500  1  1 19  -1.9 1011 130  2.1 7  3.0  90    0    0 263 -309  2
4218500 2850500  1  1 20  -2.0 1012 122  2.2 7  3.0  90    0    0 264 -309  2
4218500 2850500  1  1 21  -1.9 1012 100  2.6 7  3.0  90    0    0 264 -309  2
4218500 2850500  1  1 22  -1.8 1012  89  2.4 8  3.0  89    0    0 273 -309  2
4218500 2850500  1  1 23  -2.4 1012 100  1.6 8  2.9  89    0    0 281 -310  2
4218500 2850500  1  1 24  -2.2 1011  67  2.2 6  2.9  91    0    0 267 -309  2
4218500 2850500  1  2  1  -1.6 1011  44  2.7 7  3.0  90    0    0 262 -310  2
4218500 2850500  1  2  2  -2.9 1011  37  2.6 6  2.9  90    0    0 262 -310  2
4218500 2850500  1  2  3  -3.6 1011  43  2.5 4  2.8  94    0    0 237 -311  2
4218500 2850500  1  2  4  -3.4 1011  26  2.3 4  2.8  95    0    0 221 -311  2
4218500 2850500  1  2  5  -3.9 1011   3  2.0 3  2.8  95    0    0 211 -311  2
4218500 2850500  1  2  6  -3.2 1012 329  2.3 5  2.8  94    0    0 220 -311  2
4218500 2850500  1  2  7  -3.6 1012 334  2.5 6  2.8  95    0    0 243 -312  2
4218500 2850500  1  2  8  -2.7 1012 351  2.2 6  2.9  95    0    0 249 -312  2
4218500 2850500  1  2  9  -2.8 1012 332  2.2 6  2.9  92    0    7 247 -312  2
4218500 2850500  1  2 10  -2.6 1013 315  2.1 6  2.9  92   32   47 244 -312  2
4218500 2850500  1  2 11  -1.8 1013 323  2.6 5  2.9  90   79   79 230 -313  2
4218500 2850500  1  2 12  -0.5 1014   9  3.6 4  3.0  86   96  102 209 -314  2
4218500 2850500  1  2 13   0.7 1014  28  4.8 3  3.0  78   77  113 191 -314  2
4218500 2850500  1  2 14   0.4 1014  19  4.6 3  2.8  72   80   98 185 -314  2
4218500 2850500  1  2 15   0.1 1014  44  4.8 5  2.6  68   10   66 211 -314  2
4218500 2850500  1  2 16  -0.5 1014  27  3.6 4  2.5  66    0   15 226 -313  2
4218500 2850500  1  2 17  -0.9 1015  16  3.8 4  2.4  67    0    0 225 -311  2
4218500 2850500  1  2 18  -1.1 1016  24  4.6 5  2.4  69    0    0 238 -309  2
4218500 2850500  1  2 19  -1.2 1016  17  3.4 7  2.5  72    0    0 260 -307  2
4218500 2850500  1  2 20  -1.6 1017  14  3.4 7  2.5  74    0    0 271 -307  2
4218500 2850500  1  2 21  -2.5 1017  21  2.8 6  2.6  79    0    0 263 -307  2
4218500 2850500  1  2 22  -2.7 1018  21  2.8 4  2.5  82    0    0 245 -308  2
4218500 2850500  1  2 23  -3.4 1018 345  2.3 3  2.5  82    0    0 227 -308  2
4218500 2850500  1  2 24  -4.2 1019 351  2.6 2  2.5  87    0    0 213 -306  2
4218500 2850500  1  3  1  -3.7 1019   2  3.6 4  2.5  89    0    0 219 -303  2
4218500 2850500  1  3  2  -3.5 1019  12  3.3 5  2.5  86    0    0 234 -301  2
4218500 2850500  1  3  3  -4.2 1019  23  2.2 3  2.4  85    0    0 228 -298  2
4218500 2850500  1  3  4  -4.8 1019  20  2.5 2  2.3  87    0    0 210 -295  2
4218500 2850500  1  3  5  -5.1 1019  11  2.1 1  2.3  88    0    0 195 -294  2
4218500 2850500  1  3  6  -6.0 1020 348  1.9 1  2.2  90    0    0 187 -296  2
4218500 2850500  1  3  7  -5.9 1019 340  1.9 3  2.2  91    0    0 196 -297  2
4218500 2850500  1  3  8  -5.0 1019 337  1.1 5  2.3  92    0    0 219 -296  2
4218500 2850500  1  3  9  -3.8 1020 337  1.6 6  2.5  92    2    8 236 -296  2
4218500 2850500  1  3 10  -3.3 1020 343  1.4 7  2.7  92   19   35 246 -295  2
4218500 2850500  1  3 11  -2.4 1020 313  1.8 7  2.8  91   26   70 250 -296  2
4218500 2850500  1  3 12  -2.3 1020 313  2.0 6  2.8  88   69   82 246 -298  2
4218500 2850500  1  3 13  -1.2 1020  23  2.2 5  2.5  77   70   88 236 -298  2
4218500 2850500  1  3 14  -1.5 1019  43  2.8 5  2.2  65   36   84 229 -298  2
4218500 2850500  1  3 15  -1.5 1019  86  2.9 5  2.0  60   25   58 227 -297  2
4218500 2850500  1  3 16  -2.3 1019  89  2.0 5  2.0  61    0   16 224 -295  2
4218500 2850500  1  3 17  -2.8 1019 160  1.1 7  2.0  64    0    0 231 -294  2
4218500 2850500  1  3 18  -3.5 1018 142  0.8 6  2.0  66    0    0 235 -292  2
4218500 2850500  1  3 19  -4.3 1018 163  1.2 7  2.0  69    0    0 233 -292  2
4218500 2850500  1  3 20  -4.0 1018 197  1.2 7  2.0  73    0    0 237 -290  2
4218500 2850500  1  3 21  -4.2 1018 204  1.3 6  2.1  76    0    0 233 -287  2
4218500 2850500  1  3 22  -5.4 1018 257  1.2 5  2.1  78    0    0 225 -286  2
4218500 2850500  1  3 23  -5.6 1018 195  1.5 4  2.0  81    0    0 216 -284  2
4218500 2850500  1  3 24  -6.3 1017 227  1.5 6  2.1  85    0    0 221 -283  2
4218500 2850500  1  4  1  -5.5 1017 176  1.7 6  2.2  89    0    0 232 -283  2
4218500 2850500  1  4  2  -5.4 1016 173  1.7 8  2.2  90    0    0 242 -283  2
4218500 2850500  1  4  3  -5.4 1016 174  1.9 8  2.3  91    0    0 250 -282  2
4218500 2850500  1  4  4  -5.5 1015 176  1.8 8  2.3  93    0    0 251 -282  2
4218500 2850500  1  4  5  -5.6 1015 152  2.4 8  2.3  92    0    0 251 -282  2
4218500 2850500  1  4  6  -5.6 1014 140  2.1 8  2.2  88    0    0 250 -282  2
4218500 2850500  1  4  7  -5.7 1013 155  2.4 8  2.1  85    0    0 251 -282  2
4218500 2850500  1  4  8  -5.9 1013 152  2.4 7  2.1  84    0    0 247 -283  2
4218500 2850500  1  4  9  -5.8 1013 149  2.8 7  2.1  84    0    7 242 -284  2
4218500 2850500  1  4 10  -5.5 1012 157  2.0 7  2.1  84   24   43 242 -286  2
4218500 2850500  1  4 11  -4.8 1012 147  3.0 6  2.1  80   88   67 238 -290  2
4218500 2850500  1  4 12  -3.7 1012 154  3.7 3  2.0  73  159   67 219 -294  2
4218500 2850500  1  4 13  -3.4 1011 159  3.6 1  2.0  68  162   72 194 -297  2
4218500 2850500  1  4 14  -3.5 1011 150  3.6 1  1.9  64  129   69 185 -299  2
4218500 2850500  1  4 15  -3.6 1010 142  3.4 1  1.8  63   53   63 186 -299  2
4218500 2850500  1  4 16  -4.4 1010 134  3.6 0  1.8  65    2   24 181 -296  2
4218500 2850500  1  4 17  -5.3 1010 129  3.1 1  1.8  70    0    0 181 -292  2
4218500 2850500  1  4 18  -5.1 1010 128  3.0 4  1.8  72    0    0 201 -289  2
4218500 2850500  1  4 19  -5.1 1010 138  3.3 6  1.8  71    0    0 226 -286  2
4218500 2850500  1  4 20  -4.8 1009 134  3.3 7  1.9  71    0    0 239 -284  2
4218500 2850500  1  4 21  -5.1 1009 121  3.4 8  1.9  72    0    0 246 -283  2
4218500 2850500  1  4 22  -5.5 1009 115  3.8 6  1.9  75    0    0 241 -282  2
4218500 2850500  1  4 23  -5.1 1009 107  4.0 7  2.0  77    0    0 235 -282  2
4218500 2850500  1  4 24  -5.3 1009 113  3.8 8  2.0  78    0    0 243 -282  2
4218500 2850500  1  5  1  -5.3 1009 106  2.7 8  2.0  79    0    0 246 -281  2
4218500 2850500  1  5  2  -5.6 1009  84  3.2 7  2.0  80    0    0 241 -280  2
4218500 2850500  1  5  3  -6.2 1009  79  3.7 8  2.0  81    0    0 240 -279  2
4218500 2850500  1  5  4  -6.1 1009  70  3.3 7  1.9  81    0    0 240 -278  2
4218500 2850500  1  5  5  -6.3 1010  68  3.5 7  1.9  80    0    0 235 -277  2
4218500 2850500  1  5  6  -6.4 1011  80  3.2 7  1.9  79    0    0 234 -275  2
4218500 2850500  1  5  7  -7.4 1012  73  3.2 4  1.8  79    0    0 219 -273  2
4218500 2850500  1  5  8  -7.6 1013  76  3.2 2  1.7  81    0    0 198 -270  2
4218500 2850500  1  5  9  -8.1 1014  69  2.4 2  1.7  81    3    9 190 -268  2
4218500 2850500  1  5 10  -7.7 1015  93  2.6 0  1.7  79   58   36 181 -269  2
4218500 2850500  1  5 11  -6.0 1016  94  1.6 0  1.7  74  120   54 175 -274  2
4218500 2850500  1  5 12  -4.6 1017 120  1.6 0  1.6  64  172   58 177 -283  2
4218500 2850500  1  5 13  -3.8 1018 122  1.7 0  1.5  55  194   55 179 -289  2
4218500 2850500  1  5 14  -3.7 1018 139  1.6 0  1.5  52  159   56 179 -292  2
4218500 2850500  1  5 15  -3.7 1018  92  1.7 0  1.4  50   75   55 179 -291  2
4218500 2850500  1  5 16  -4.8 1019  97  2.1 0  1.4  52    4   24 181 -287  2
4218500 2850500  1  5 17  -6.2 1020 122  2.3 1  1.4  58    0    0 185 -283  2
4218500 2850500  1  5 18  -7.0 1020 124  2.8 1  1.5  65    0    0 189 -280  2
4218500 2850500  1  5 19  -7.6 1021 120  3.4 1  1.5  70    0    0 187 -278  2
4218500 2850500  1  5 20  -8.0 1021 129  3.5 1  1.5  73    0    0 186 -277  2
4218500 2850500  1  5 21  -8.8 1022 139  2.8 1  1.5  77    0    0 185 -276  2
4218500 2850500  1  5 22  -8.5 1022 139  3.6 1  1.5  78    0    0 186 -275  2
4218500 2850500  1  5 23  -8.7 1022 141  3.8 1  1.5  78    0    0 188 -275  2
4218500 2850500  1  5 24  -9.0 1022 140  3.9 2  1.5  80    0    0 194 -276  2
4218500 2850500  1  6  1  -9.3 1022 149  3.8 2  1.5  81    0    0 199 -277  2
4218500 2850500  1  6  2  -9.6 1022 141  3.5 1  1.5  82    0    0 196 -278  2
4218500 2850500  1  6  3  -9.6 1022 142  3.5 0  1.5  84    0    0 187 -279  2
4218500 2850500  1  6  4  -9.4 1022 142  3.7 1  1.5  83    0    0 185 -281  2
4218500 2850500  1  6  5  -9.6 1022 140  4.7 1  1.5  82    0    0 186 -282  2
4218500 2850500  1  6  6  -9.3 1021 130  5.1 2  1.5  82    0    0 188 -283  2
4218500 2850500  1  6  7  -9.4 1021 149  4.8 3  1.5  80    0    0 197 -284  2
4218500 2850500  1  6  8  -9.1 1020 140  4.6 3  1.5  79    0    0 199 -285  2
4218500 2850500  1  6  9  -8.6 1020 149  4.5 5  1.5  77    0    6 209 -286  2
4218500 2850500  1  6 10  -7.6 1020 147  5.6 7  1.5  75    8   44 238 -287  2
4218500 2850500  1  6 11  -6.0 1019 144  5.8 5  1.6  72   48   93 242 -290  2
4218500 2850500  1  6 12  -4.8 1018 151  5.9 6  1.7  69   31  117 236 -294  2
4218500 2850500  1  6 13  -3.7 1018 151  5.7 6  1.7  64   10  109 247 -297  2
4218500 2850500  1  6 14  -3.0 1017 152  6.1 7  1.8  60    1   75 258 -299  2
4218500 2850500  1  6 15  -2.4 1016 150  5.8 6  1.8  58    0   50 260 -302  2
4218500 2850500  1  6 16  -3.5 1015 151  6.4 8  2.0  66    0    7 270 -305  2
4218500 2850500  1  6 17  -4.1 1014 152  5.5 8  2.4  85    0    0 291 -307  2
4218500 2850500  1  6 18  -3.9 1013 156  6.0 8  2.7  94    0    0 293 -307  2
4218500 2850500  1  6 19  -3.8 1012 160  6.1 8  2.7  95    0    0 297 -309  2
4218500 2850500  1  6 20  -3.5 1012 150  5.8 8  2.7  94    0    0 298 -311  2
4218500 2850500  1  6 21  -3.2 1011 158  5.4 8  2.8  95    0    0 300 -313  2
4218500 2850500  1  6 22  -3.1 1010 150  5.0 8  2.9  97    0    0 301 -314  2
4218500 2850500  1  6 23  -2.5 1009 157  5.1 8  3.0  97    0    0 301 -314  2
4218500 2850500  1  6 24  -2.1 1009 158  4.4 8  3.1  97    0    0 302 -315  2
4218500 2850500  1  7  1  -1.4 1008 160  3.4 8  3.3  98    0    0 303 -315  2
4218500 2850500  1  7  2  -0.8 1008 168  2.5 8  3.5  99    0    0 304 -315  2
4218500 2850500  1  7  3  -0.3 1007 185  1.8 8  3.6  99    0    0 306 -315  2
4218500 2850500  1  7  4   0.0 1008 219  2.1 7  3.8 100    0    0 301 -315  2
4218500 2850500  1  7  5   1.0 1008 279  3.6 6  4.0 100    0    0 292 -315  2
4218500 2850500  1  7  6   1.2 1008 274  3.5 8  4.1 100    0    0 300 -315  2
4218500 2850500  1  7  7   1.6 1008 261  3.3 8  4.2 100    0    0 313 -316  2
4218500 2850500  1  7  8   2.3 1008 272  3.5 8  4.4 100    0    0 315 -316  2
4218500 2850500  1  7  9   2.6 1009 270  3.5 8  4.5 100    0    4 317 -316  2
4218500 2850500  1  7 10   3.1 1009 272  4.0 7  4.7 100    5   30 313 -316  2
4218500 2850500  1  7 11   3.5 1010 264  4.1 8  4.8  99    0   42 315 -317  2
4218500 2850500  1  7 12   3.8 1010 271  4.2 8  4.9  99    0   41 323 -319  2
4218500 2850500  1  7 13   4.1 1011 269  4.3 8  5.0  98    0   40 324 -320  2
4218500 2850500  1  7 14   4.0 1010 259  4.3 8  5.0  98    0   43 324 -321  2
4218500 2850500  1  7 15   4.2 1011 269  4.4 8  5.0  99    0   41 323 -321  2
4218500 2850500  1  7 16   4.1 1011 274  4.1 8  5.1  99    0   14 322 -320  2
4218500 2850500  1  7 17   4.0 1011 279  3.7 8  5.0  99    0    0 322 -319  2
4218500 2850500  1  7 18   4.1 1011 279  3.9 8  5.0  99    0    0 322 -319  2
4218500 2850500  1  7 19   4.1 1012 287  3.2 8  5.0  99    0    0 321 -319  2
4218500 2850500  1  7 20   4.1 1012 288  3.7 7  5.0  98    0    0 314 -318  2
4218500 2850500  1  7 21   3.9 1012 281  2.9 8  5.0  98    0    0 312 -317  2
4218500 2850500  1  7 22   3.7 1012 285  2.7 8  4.9  98    0    0 317 -317  2
4218500 2850500  1  7 23   3.5 1012 283  2.1 8  4.9  99    0    0 317 -317  2
4218500 2850500  1  7 24   3.6 1013 268  2.3 8  4.9  99    0    0 318 -318  2
4218500 2850500  1  8  1   3.4 1012 300  1.7 8  4.8  99    0    0 318 -317  2
4218500 2850500  1  8  2   3.2 1012 289  1.8 8  4.8  99    0    0 317 -316  2
4218500 2850500  1  8  3   3.0 1012 272  1.1 8  4.7  99    0    0 315 -315  2
4218500 2850500  1  8  4   2.9 1013 228  0.9 8  4.6  98    0    0 314 -315  2
4218500 2850500  1  8  5   2.8 1013 167  1.5 8  4.6  98    0    0 313 -315  2
4218500 2850500  1  8  6   2.6 1013 159  2.0 8  4.5  99    0    0 312 -315  2
4218500 2850500  1  8  7   2.3 1012 162  2.5 8  4.5  99    0    0 310 -314  2
4218500 2850500  1  8  8   1.8 1012 140  2.7 8  4.4  99    0    0 309 -313  2
4218500 2850500  1  8  9   1.8 1012 147  2.8 8  4.3  99    0    9 309 -312  2
4218500 2850500  1  8 10   1.9 1012 130  2.8 8  4.3  99   25   53 309 -312  2
4218500 2850500  1  8 11   1.9 1012 135  2.7 5  4.4 100   45   94 288 -314  2
4218500 2850500  1  8 12   3.0 1012 132  2.6 4  4.5  99   90  119 263 -315  2
4218500 2850500  1  8 13   4.2 1011 127  3.6 3  4.6  92  124  120 255 -317  2
4218500 2850500  1  8 14   4.4 1010 119  3.6 3  4.5  86  102  109 252 -320  2
4218500 2850500  1  8 15   3.9 1009 124  3.5 2  4.4  85   50   81 242 -321  2
4218500 2850500  1  8 16   2.8 1009 118  3.9 3  4.2  87    4   29 232 -320  2
4218500 2850500  1  8 17   2.1 1008 118  5.5 3  4.1  91    0    0 226 -319  2
4218500 2850500  1  8 18   1.6 1008 118  5.7 4  4.1  94    0    0 230 -319  2
4218500 2850500  1  8 19   1.1 1007 120  5.2 5  4.1  96    0    0 247 -320  2
4218500 2850500  1  8 20   1.1 1006 121  4.6 5  4.0  98    0    0 251 -319  2
4218500 2850500  1  8 21   1.1 1005 129  5.4 5  4.0  97    0    0 239 -318  2
4218500 2850500  1  8 22   0.7 1005 132  5.7 6  3.9  95    0    0 232 -318  2
4218500 2850500  1  8 23   0.5 1004 138  5.4 5  3.8  95    0    0 226 -318  2
4218500 2850500  1  8 24   0.0 1003 131  5.0 5  3.7  95    0    0 213 -319  2
4218500 2850500  1  9  1  -0.3 1002 137  4.6 4  3.6  96    0    0 199 -319  2
4218500 2850500  1  9  2  -0.5 1001 135  4.8 4  3.5  95    0    0 205 -319  2
4218500 2850500  1  9  3  -0.8 1001 133  5.1 4  3.5  95    0    0 225 -320  2
4218500 2850500  1  9  4  -0.5 1000 140  5.3 5  3.4  94    0    0 242 -321  2
4218500 2850500  1  9  5  -0.9  999 137  5.2 5  3.4  93    0    0 257 -323  2
4218500 2850500  1  9  6  -0.9  999 143  5.0 6  3.3  92    0    0 265 -324  2
4218500 2850500  1  9  7  -0.8  998 148  5.4 6  3.2  90    0    0 276 -325  2
4218500 2850500  1  9  8  -0.7  998 141  4.4 8  3.2  88    0    0 293 -327  2
4218500 2850500  1  9  9  -1.0  998 149  3.7 8  3.2  89    0    5 308 -329  2
4218500 2850500  1  9 10  -0.7  998 150  3.3 8  3.3  92    2   38 308 -329  2
4218500 2850500  1  9 11  -0.2  998 149  3.2 7  3.5  93    0   55 302 -329  2
4218500 2850500  1  9 12   0.2  998 158  2.7 6  3.6  92    0   71 290 -331  2
4218500 2850500  1  9 13   0.8  998 157  2.5 7  3.7  92    0   65 293 -334  2
4218500 2850500  1  9 14   1.3  997 177  1.9 8  3.8  92    0   22 306 -335  2
4218500 2850500  1  9 15   1.5  997 166  1.1 7  3.9  92    0   37 308 -334  2
4218500 2850500  1  9 16   1.4  997 180  2.0 8  4.0  94    0   24 309 -332  2
4218500 2850500  1  9 17   1.7  997 162  2.1 8  4.1  95    0    0 315 -332  2
4218500 2850500  1  9 18   1.8  997 176  2.1 8  4.2  96    0    0 315 -332  2
4218500 2850500  1  9 19   2.1  997 192  2.1 8  4.3  97    0    0 317 -332  2
4218500 2850500  1  9 20   2.2  997 189  2.1 8  4.3  96    0    0 318 -331  2
4218500 2850500  1  9 21   2.5  997 210  2.3 8  4.4  97    0    0 319 -331  2
4218500 2850500  1  9 22   2.5  997 205  1.4 8  4.5  98    0    0 320 -331  2
4218500 2850500  1  9 23   2.5  997 190  1.5 8  4.5  98    0    0 320 -331  2
4218500 2850500  1  9 24   2.5  997 225  1.4 8  4.5  98    0    0 320 -331  2
4218500 2850500  1 10  1   2.6  997 232  1.6 8  4.6  98    0    0 319 -331  2
4218500 2850500  1 10  2   2.5  997 253  1.7 8  4.6  98    0    0 319 -332  2
4218500 2850500  1 10  3   2.7  998 291  1.4 8  4.5  98    0    0 319 -332  2
4218500 2850500  1 10  4   2.9  998 292  2.2 8  4.6  97    0    0 320 -332  2
4218500 2850500  1 10  5   2.8  998 319  2.6 8  4.6  98    0    0 320 -333  2
4218500 2850500  1 10  6   2.7  999 291  2.5 7  4.6  99    0    0 315 -335  2
4218500 2850500  1 10  7   2.7  999 288  2.5 8  4.6  99    0    0 314 -336  2
4218500 2850500  1 10  8   2.5 1000 298  3.2 7  4.6  99    0    0 313 -336  2
4218500 2850500  1 10  9   2.5 1001 306  2.9 7  4.6  99    2   11 305 -336  2
4218500 2850500  1 10 10   2.2 1002 318  3.6 8  4.5  99    2   40 311 -336  2
4218500 2850500  1 10 11   2.3 1004 304  3.1 8  4.5  99    0   40 315 -337  2
4218500 2850500  1 10 12   2.4 1004 314  2.9 7  4.5  99    0   39 309 -338  2
4218500 2850500  1 10 13   2.1 1005 340  2.6 7  4.5  99    0   44 300 -338  2
4218500 2850500  1 10 14   2.0 1005 321  2.2 6  4.4  99    0   24 292 -338  2
4218500 2850500  1 10 15   1.7 1006 317  2.6 8  4.3  98    0   16 296 -334  2
4218500 2850500  1 10 16   1.4 1007 344  2.4 8  4.2  98    0    7 308 -328  2
4218500 2850500  1 10 17   0.6 1007   3  2.6 8  4.0  99    0    0 305 -324  2
4218500 2850500  1 10 18   0.1 1008  17  1.9 8  3.9  99    0    0 303 -321  2
4218500 2850500  1 10 19   0.0 1009  11  1.9 8  3.7  96    0    0 302 -320  2
4218500 2850500  1 10 20  -0.1 1010  72  1.8 7  3.5  93    0    0 295 -319  2
4218500 2850500  1 10 21   0.0 1010  89  1.9 8  3.5  92    0    0 295 -320  2
4218500 2850500  1 10 22   0.0 1010 122  2.2 8  3.5  92    0    0 303 -321  2
4218500 2850500  1 10 23  -0.1 1011 141  2.1 8  3.5  92    0    0 303 -322  2
4218500 2850500  1 10 24  -0.2 1011 134  2.0 7  3.5  93    0    0 296 -324  2
4218500 2850500  1 11  1  -0.5 1011 123  2.6 8  3.6  96    0    0 296 -323  2
4218500 2850500  1 11  2  -0.4 1010 131  2.4 8  3.6  99    0    0 303 -319  2
4218500 2850500  1 11  3  -0.3 1011 139  3.0 8  3.7 100    0    0 304 -317  2
4218500 2850500  1 11  4  -0.3 1010 141  2.7 8  3.7 100    0    0 304 -316  2
4218500 2850500  1 11  5  -0.1 1010 143  2.9 8  3.7  99    0    0 304 -315  2
4218500 2850500  1 11  6  -0.4 1009 140  3.4 7  3.7 100    0    0 298 -315  2
4218500 2850500  1 11  7  -0.2 1008 148  4.1 7  3.7  99    0    0 294 -316  2
4218500 2850500  1 11  8  -0.2 1008 145  3.6 8  3.7  99    0    0 300 -317  2
4218500 2850500  1 11  9  -0.3 1007 152  3.9 8  3.7 100    0    6 307 -319  2
4218500 2850500  1 11 10   0.8 1007 144  4.2 8  3.9  99    7   52 310 -321  2
4218500 2850500  1 11 11   1.8 1005 151  4.0 7  4.1  99    3   71 308 -324  2
4218500 2850500  1 11 12   2.5 1004 150  4.9 8  4.4  98    1   82 312 -327  2
4218500 2850500  1 11 13   3.2 1002 153  5.2 7  4.5  96    2   91 313 -330  2
4218500 2850500  1 11 14   4.2 1001 162  5.5 7  4.8  95    3   87 308 -332  2
4218500 2850500  1 11 15   4.3  999 159  5.4 8  4.9  94    0   24 318 -335  2
4218500 2850500  1 11 16   4.5  997 160  5.7 8  5.1  96    0    6 328 -337  2
4218500 2850500  1 11 17   5.1  996 167  6.6 8  5.4  99    0    0 329 -339  2
4218500 2850500  1 11 18   5.9  995 179  6.8 8  5.7  99    0    0 332 -341  2
4218500 2850500  1 11 19   6.1  994 182  7.1 8  5.9  99    0    0 332 -343  2
4218500 2850500  1 11 20   6.4  993 201  6.6 8  6.0  99    0    0 332 -346  2
4218500 2850500  1 11 21   7.1  992 236  6.3 8  6.2  99    0    0 333 -348  2
4218500 2850500  1 11 22   7.1  993 241  5.4 7  6.4  99    0    0 327 -347  2
4218500 2850500  1 11 23   7.6  993 258  5.1 7  6.4  98    0    0 320 -345  2
4218500 2850500  1 11 24   7.6  993 259  5.1 7  6.2  93    0    0 318 -341  2
4218500 2850500  1 12  1   6.3  994 236  4.6 5  5.7  90    0    0 300 -337  2
4218500 2850500  1 12  2   5.0  994 225  3.9 5  5.3  92    0    0 283 -335  2
4218500 2850500  1 12  3   4.5  994 224  3.6 6  4.9  91    0    0 283 -334  2
4218500 2850500  1 12  4   4.1  994 230  3.5 8  4.7  90    0    0 297 -332  2
4218500 2850500  1 12  5   4.3  993 267  3.4 8  4.7  89    0    0 307 -331  2
4218500 2850500  1 12  6   2.5  994 272  5.3 8  4.6  92    0    0 305 -329  2
4218500 2850500  1 12  7   2.3  994 262  4.4 8  4.4  96    0    0 301 -329  2
4218500 2850500  1 12  8   2.5  995 250  5.5 6  4.4  96    0    0 291 -328  2
4218500 2850500  1 12  9   2.3  996 230  5.4 5  4.4  96    5   10 274 -327  2
4218500 2850500  1 12 10   2.8  997 222  4.4 3  4.4  94   62   44 260 -327  2
4218500 2850500  1 12 11   3.6  997 217  5.6 5  4.5  92   10   73 263 -329  2
4218500 2850500  1 12 12   5.0  997 218  5.9 4  4.6  87   48  106 273 -331  2
4218500 2850500  1 12 13   5.9  998 212  5.5 4  4.6  80   89  110 272 -331  2
4218500 2850500  1 12 14   6.5  997 220  5.5 3  4.5  75  157   76 268 -332  2
4218500 2850500  1 12 15   6.4  996 210  5.3 3  4.3  71   85   66 256 -333  2
4218500 2850500  1 12 16   5.3  995 210  4.4 4  4.1  70   16   35 254 -331  2
4218500 2850500  1 12 17   4.1  994 180  3.6 5  4.0  74    0    3 256 -327  2
4218500 2850500  1 12 18   3.1  993 160  3.0 6  4.0  81    0    0 263 -326  2
4218500 2850500  1 12 19   2.6  992 161  3.4 7  4.0  84    0    0 279 -325  2
4218500 2850500  1 12 20   1.8  991 125  2.9 8  4.0  87    0    0 295 -321  2
4218500 2850500  1 12 21   1.6  990 122  2.7 8  4.0  91    0    0 302 -318  2
4218500 2850500  1 12 22   1.8  990 127  2.6 7  4.0  92    0    0 298 -317  2
4218500 2850500  1 12 23   1.8  990 127  2.0 7  4.0  91    0    0 293 -319  2
4218500 2850500  1 12 24   1.8  990 176  1.5 8  4.0  91    0    0 299 -322  2
4218500 2850500  1 13  1   1.7  991 221  1.2 8  4.1  93    0    0 305 -323  2
4218500 2850500  1 13  2   1.4  992 204  1.2 7  4.2  97    0    0 299 -324  2
4218500 2850500  1 13  3   1.1  992 281  1.8 7  4.2  99    0    0 292 -323  2
4218500 2850500  1 13  4   2.1  992 253  2.5 7  4.3  98    0    0 292 -320  2
4218500 2850500  1 13  5   2.0  993 194  2.0 7  4.4  98    0    0 293 -317  2
4218500 2850500  1 13  6   1.7  992 193  2.7 7  4.3  98    0    0 291 -319  2
4218500 2850500  1 13  7   2.1  991 191  3.8 8  4.3  98    0    0 300 -321  2
4218500 2850500  1 13  8   2.4  991 190  3.3 8  4.4  97    0    0 310 -322  2
4218500 2850500  1 13  9   2.5  990 165  3.7 8  4.5  98    0    3 311 -322  2
4218500 2850500  1 13 10   2.7  989 159  3.9 8  4.6  99    0   22 311 -323  2
4218500 2850500  1 13 11   2.8  988 160  4.8 7  4.7  99    0   41 303 -324  2
4218500 2850500  1 13 12   3.0  987 159  5.0 7  4.7  98    0   51 294 -327  2
4218500 2850500  1 13 13   3.4  985 157  5.3 7  4.8  97    0   46 294 -328  2
4218500 2850500  1 13 14   3.8  983 171  5.9 8  5.0  98    0   31 305 -329  2
4218500 2850500  1 13 15   3.9  981 164  6.2 8  5.1  98    0   32 316 -329  2
4218500 2850500  1 13 16   4.2  979 171  5.8 8  5.2  98    0   14 319 -329  2
4218500 2850500  1 13 17   4.6  978 183  5.4 8  5.3  99    0    0 322 -331  2
4218500 2850500  1 13 18   4.5  977 217  4.7 7  5.4 100    0    0 317 -333  2
4218500 2850500  1 13 19   4.3  977 220  3.8 5  5.4 100    0    0 298 -333  2
4218500 2850500  1 13 20   4.7  976 214  4.7 6  5.4  98    0    0 280 -332  2
4218500 2850500  1 13 21   4.9  976 224  4.8 6  5.3  96    0    0 285 -332  2
4218500 2850500  1 13 22   5.3  976 231  5.3 7  5.3  94    0    0 311 -333  2
4218500 2850500  1 13 23   5.0  976 251  5.7 6  5.0  90    0    0 324 -333  2
4218500 2850500  1 13 24   4.3  976 266  6.1 6  4.6  86    0    0 317 -333  2
4218500 2850500  1 14  1   3.3 1010 282  6.5 4  4.2  83    0    0 232 -315  2
4218500 2850500  1 14  2   2.5 1010 289  7.0 2  3.7  80    0    0 236 -315  2
4218500 2850500  1 14  3   1.7 1010 300  7.0 1  3.4  78    0    0 229 -315  2
4218500 2850500  1 14  4   1.6 1011 301  6.9 1  3.4  78    0    0 223 -315  2
4218500 2850500  1 14  5   1.6 1011 302  6.7 2  3.4  79    0    0 222 -314  2
4218500 2850500  1 14  6   1.5 1011 302  6.6 2  3.3  80    0    0 227 -313  2
4218500 2850500  1 14  7   1.5 1012 302  6.1 4  3.3  78    0    0 240 -312  2
4218500 2850500  1 14  8   1.3 1012 299  6.3 5  3.2  76    0    0 252 -313  2
4218500 2850500  1 14  9   1.3 1013 292  6.0 5  3.1  75    4   11 256 -313  2
4218500 2850500  1 14 10   1.7 1013 299  5.8 4  3.1  73   40   42 251 -313  2
4218500 2850500  1 14 11   2.6 1014 302  5.7 4  3.2  71  104   63 249 -314  2
4218500 2850500  1 14 12   3.2 1014 322  6.2 3  3.1  66  143   76 246 -314  2
4218500 2850500  1 14 13   3.5 1014 322  7.4 4  2.9  61   76  115 246 -315  2
4218500 2850500  1 14 14   3.8 1014 333  6.8 4  2.8  57   65  105 250 -315  2
4218500 2850500  1 14 15   3.7 1014 319  6.1 3  2.7  55   41   78 244 -315  2
4218500 2850500  1 14 16   3.1 1014 313  5.9 2  2.7  56    7   33 234 -315  2
4218500 2850500  1 14 17   2.4 1015 318  5.4 2  2.7  59    0    0 229 -313  2
4218500 2850500  1 14 18   1.8 1015 312  4.6 3  2.8  64    0    0 231 -311  2
4218500 2850500  1 14 19   1.4 1015 306  5.0 3  2.9  69    0    0 234 -310  2
4218500 2850500  1 14 20   1.1 1015 313  4.7 3  3.0  74    0    0 232 -310  2
4218500 2850500  1 14 21   1.2 1016 315  4.6 5  3.1  75    0    0 240 -310  2
4218500 2850500  1 14 22   0.8 1016 313  3.8 5  3.1  76    0    0 247 -309  2
4218500 2850500  1 14 23   0.6 1016 324  3.9 3  3.2  81    0    0 238 -309  2
4218500 2850500  1 14 24  -0.2 1016 313  3.2 1  3.3  85    0    0 222 -308  2
4218500 2850500  1 15  1  -1.2 1016 313  3.1 1  3.1  87    0    0 212 -307  2
4218500 2850500  1 15  2  -1.5 1016 303  3.3 2  3.1  89    0    0 215 -305  2
4218500 2850500  1 15  3  -1.4 1017 311  3.9 2  3.1  91    0    0 219 -303  2
4218500 2850500  1 15  4  -1.5 1017 313  3.3 3  3.1  91    0    0 222 -302  2
4218500 2850500  1 15  5  -1.8 1017 303  3.5 3  3.0  91    0    0 225 -301  2
4218500 2850500  1 15  6  -2.2 1017 310  3.5 3  3.0  92    0    0 225 -300  2
4218500 2850500  1 15  7  -2.6 1017 309  3.6 2  3.0  94    0    0 221 -299  2
4218500 2850500  1 15  8  -2.1 1018 310  3.8 2  2.9  93    0    0 218 -299  2
4218500 2850500  1 15  9  -2.1 1018 331  3.8 2  3.0  92    8   13 220 -300  2
4218500 2850500  1 15 10  -1.1 1018 332  3.5 3  3.0  90   72   34 225 -302  2
4218500 2850500  1 15 11   0.2 1019 342  3.2 2  3.1  84  151   47 229 -305  2
4218500 2850500  1 15 12   0.5 1019 349  3.5 2  2.9  76  147   74 230 -310  2
4218500 2850500  1 15 13   0.8 1019 344  4.2 2  2.7  68   94  111 230 -313  2
4218500 2850500  1 15 14   1.3 1019 340  4.1 3  2.5  63  108   90 235 -315  2
4218500 2850500  1 15 15   1.5 1019 346  4.1 3  2.5  61   54   74 241 -315  2
4218500 2850500  1 15 16   0.8 1019   2  3.4 5  2.5  62    0   22 246 -315  2
4218500 2850500  1 15 17   0.1 1019  12  3.2 5  2.5  64    0    0 250 -315  2
4218500 2850500  1 15 18  -0.5 1020   3  2.2 4  2.5  67    0    0 245 -315  2
4218500 2850500  1 15 19  -1.0 1020  18  1.5 5  2.5  70    0    0 244 -314  2
4218500 2850500  1 15 20  -1.1 1020  17  1.4 5  2.5  72    0    0 247 -313  2
4218500 2850500  1 15 21  -2.2 1020 310  1.6 4  2.5  76    0    0 242 -312  2
4218500 2850500  1 15 22  -2.2 1020 307  2.1 3  2.5  79    0    0 235 -312  2
4218500 2850500  1 15 23  -2.1 1021 280  1.8 4  2.6  80    0    0 234 -312  2
4218500 2850500  1 15 24  -1.5 1021 284  1.8 5  2.7  81    0    0 242 -312  2
4218500 2850500  1 16  1  -1.0 1021 288  2.2 6  2.7  79    0    0 249 -311  2
4218500 2850500  1 16  2  -1.1 1021 279  1.9 7  2.8  79    0    0 256 -310  2
4218500 2850500  1 16  3  -0.7 1021 295  1.9 7  2.8  80    0    0 259 -309  2
4218500 2850500  1 16  4  -0.5 1021 263  1.9 7  2.9  80    0    0 260 -308  2
4218500 2850500  1 16  5  -0.4 1020 264  2.2 8  3.0  82    0    0 265 -307  2
4218500 2850500  1 16  6  -0.6 1020 261  2.2 8  3.1  84    0    0 270 -309  2
4218500 2850500  1 16  7  -0.4 1020 251  2.2 8  3.1  85    0    0 272 -311  2
4218500 2850500  1 16  8   0.0 1020 252  2.7 8  3.1  84    0    0 276 -312  2
4218500 2850500  1 16  9  -0.1 1020 261  3.3 8  3.2  86    2   10 279 -313  2
4218500 2850500  1 16 10   0.1 1020 265  3.4 8  3.4  91    9   44 283 -313  2
4218500 2850500  1 16 11   0.4 1020 283  3.8 7  3.6  94    0   60 282 -313  2
4218500 2850500  1 16 12   0.7 1020 292  3.9 7  3.7  95    0   64 281 -314  2
4218500 2850500  1 16 13   1.0 1020 291  3.8 7  3.9  96    0   51 283 -315  2
4218500 2850500  1 16 14   1.5 1019 302  4.2 7  4.0  97    0   47 286 -316  2
4218500 2850500  1 16 15   2.1 1019 300  4.2 6  4.1  96    1   55 283 -317  2
4218500 2850500  1 16 16   2.3 1019 294  4.5 8  4.3  96    0   11 287 -317  2
4218500 2850500  1 16 17   2.5 1019 301  4.1 8  4.3  96    0    0 295 -315  2
4218500 2850500  1 16 18   2.8 1019 300  4.1 8  4.3  94    0    0 293 -315  2
4218500 2850500  1 16 19   2.8 1019 300  4.4 8  4.3  94    0    0 293 -315  2
4218500 2850500  1 16 20   3.1 1019 304  5.3 7  4.3  93    0    0 289 -315  2
4218500 2850500  1 16 21   2.8 1019 305  4.5 7  4.3  93    0    0 285 -315  2
4218500 2850500  1 16 22   2.7 1019 303  4.7 7  4.3  93    0    0 284 -315  2
4218500 2850500  1 16 23   2.7 1019 295  4.5 8  4.3  93    0    0 287 -315  2
4218500 2850500  1 16 24   2.7 1019 302  4.7 8  4.3  93    0    0 291 -315  2
4218500 2850500  1 17  1   2.6 1019 301  5.1 8  4.3  93    0    0 290 -316  2
4218500 2850500  1 17  2   2.6 1019 303  4.9 8  4.3  93    0    0 290 -316  2
4218500 2850500  1 17  3   2.6 1019 302  4.9 8  4.2  93    0    0 290 -316  2
4218500 2850500  1 17  4   2.6 1019 303  5.3 8  4.3  93    0    0 290 -316  2
4218500 2850500  1 17  5   2.5 1019 305  4.9 7  4.3  94    0    0 286 -316  2
4218500 2850500  1 17  6   2.6 1019 304  5.1 7  4.2  93    0    0 283 -316  2
4218500 2850500  1 17  7   2.7 1019 303  4.9 8  4.2  93    0    0 286 -316  2
4218500 2850500  1 17  8   2.8 1019 300  4.2 8  4.3  92    0    0 291 -316  2
4218500 2850500  1 17  9   2.7 1019 293  4.3 8  4.3  92    3    9 292 -316  2
4218500 2850500  1 17 10   2.9 1020 302  4.6 7  4.3  93   12   36 289 -316  2
4218500 2850500  1 17 11   3.0 1020 301  5.1 7  4.3  93    0   47 286 -318  2
4218500 2850500  1 17 12   3.0 1020 293  4.9 8  4.3  92    0   46 289 -319  2
4218500 2850500  1 17 13   3.1 1020 302  4.7 7  4.2  90    0   46 289 -321  2
4218500 2850500  1 17 14   3.1 1020 293  4.4 7  4.2  89    0   43 284 -323  2
4218500 2850500  1 17 15   3.3 1020 293  4.4 7  4.2  89    0   48 284 -324  2
4218500 2850500  1 17 16   3.3 1020 293  4.2 7  4.3  90    3   28 285 -323  2
4218500 2850500  1 17 17   3.1 1020 287  4.3 8  4.3  90    0    0 289 -319  2
4218500 2850500  1 17 18   3.0 1021 289  4.0 8  4.2  90    0    0 293 -316  2
4218500 2850500  1 17 19   3.0 1021 293  4.2 8  4.2  90    0    0 295 -315  2
4218500 2850500  1 17 20   3.2 1021 296  3.7 8  4.2  90    0    0 295 -315  2
4218500 2850500  1 17 21   3.1 1021 285  3.7 8  4.2  90    0    0 294 -313  2
4218500 2850500  1 17 22   2.5 1022 282  3.4 8  4.0  86    0    0 291 -312  2
4218500 2850500  1 17 23   2.3 1022 282  3.7 8  3.7  83    0    0 287 -311  2
4218500 2850500  1 17 24   1.9 1022 281  2.9 7  3.4  78    0    0 280 -310  2
4218500 2850500  1 18  1   1.2 1022 273  2.9 6  3.2  77    0    0 270 -310  2
4218500 2850500  1 18  2   0.0 1022 269  3.1 4  3.1  79    0    0 255 -310  2
4218500 2850500  1 18  3  -0.6 1022 261  2.8 2  3.0  81    0    0 237 -309  2
4218500 2850500  1 18  4  -1.2 1022 260  2.5 1  2.9  82    0    0 225 -309  2
4218500 2850500  1 18  5  -1.8 1022 240  2.7 2  2.8  84    0    0 224 -308  2
4218500 2850500  1 18  6  -1.8 1022 250  2.3 4  2.9  87    0    0 231 -307  2
4218500 2850500  1 18  7  -1.9 1022 249  2.5 3  2.9  89    0    0 233 -305  2
4218500 2850500  1 18  8  -1.8 1021 258  2.7 2  2.9  87    0    0 225 -304  2
4218500 2850500  1 18  9  -1.7 1022 215  2.6 3  2.8  85    7   16 221 -303  2
4218500 2850500  1 18 10   0.0 1021 221  3.0 4  2.8  81   64   51 228 -304  2
4218500 2850500  1 18 11   2.1 1021 226  2.7 3  2.9  72  125   78 234 -307  2
4218500 2850500  1 18 12   3.9 1020 228  3.0 4  2.9  63  130  102 243 -311  2
4218500 2850500  1 18 13   5.2 1020 207  3.0 4  2.9  55  120  115 257 -314  2
4218500 2850500  1 18 14   4.7 1019 216  3.5 4  2.8  52   84  114 264 -316  2
4218500 2850500  1 18 15   4.2 1019 214  4.4 5  2.7  52   47   87 270 -318  2
4218500 2850500  1 18 16   3.7 1018 215  3.5 6  2.7  54    2   35 279 -318  2
4218500 2850500  1 18 17   2.9 1018 218  4.2 6  2.8  58    0    0 285 -318  2
4218500 2850500  1 18 18   2.5 1017 211  3.9 7  2.8  61    0    0 291 -318  2
4218500 2850500  1 18 19   2.5 1015 214  4.2 7  2.8  62    0    0 296 -318  2
4218500 2850500  1 18 20   2.7 1015 223  4.5 7  2.9  64    0    0 297 -318  2
4218500 2850500  1 18 21   3.2 1014 225  4.7 7  3.0  64    0    0 299 -319  2
4218500 2850500  1 18 22   2.1 1013 234  5.2 8  3.4  74    0    0 307 -320  2
4218500 2850500  1 18 23   1.8 1012 238  5.5 8  3.9  88    0    0 315 -322  2
4218500 2850500  1 18 24   2.2 1012 246  4.8 8  4.1  94    0    0 318 -323  2
4218500 2850500  1 19  1   3.0 1011 248  5.5 8  4.3  95    0    0 321 -325  2
4218500 2850500  1 19  2   3.3 1011 261  5.9 8  4.5  95    0    0 323 -326  2
4218500 2850500  1 19  3   3.4 1011 260  5.1 8  4.6  96    0    0 324 -328  2
4218500 2850500  1 19  4   3.8 1011 261  5.0 8  4.8  96    0    0 324 -329  2
4218500 2850500  1 19  5   4.1 1011 261  4.5 8  4.9  96    0    0 324 -330  2
4218500 2850500  1 19  6   4.3 1010 262  4.6 8  5.0  96    0    0 325 -330  2
4218500 2850500  1 19  7   4.4 1010 260  4.3 8  5.0  96    0    0 324 -330  2
4218500 2850500  1 19  8   4.5 1010 250  4.7 8  5.0  96    0    0 324 -330  2
4218500 2850500  1 19  9   4.5 1009 239  4.9 8  5.1  96    0    5 323 -330  2
4218500 2850500  1 19 10   5.0 1009 231  3.7 7  5.1  94    0   28 314 -330  2
4218500 2850500  1 19 11   4.7 1008 216  3.5 7  5.0  93    0   32 305 -331  2
4218500 2850500  1 19 12   4.3 1007 212  4.8 8  5.0  94    0   23 311 -332  2
4218500 2850500  1 19 13   4.2 1006 219  4.6 7  5.0  96    0   33 308 -334  2
4218500 2850500  1 19 14   4.3 1004 221  4.3 7  5.0  96    0   36 297 -335  2
4218500 2850500  1 19 15   4.1 1003 251  4.2 7  4.9  96    0   43 299 -334  2
4218500 2850500  1 19 16   4.1 1002 259  3.5 8  4.9  95    0   21 310 -333  2
4218500 2850500  1 19 17   4.1 1001 255  3.9 8  4.9  96    0    0 319 -331  2
4218500 2850500  1 19 18   4.2 1000 270  4.8 8  5.0  96    0    0 320 -328  2
4218500 2850500  1 19 19   4.4 1000 272  5.9 7  4.9  94    0    0 311 -325  2
4218500 2850500  1 19 20   4.7 1000 261  6.6 8  4.9  91    0    0 310 -323  2
4218500 2850500  1 19 21   4.4  999 289  9.1 7  4.7  88    0    0 309 -324  2
4218500 2850500  1 19 22   3.3 1000 280  8.0 6  4.3  86    0    0 292 -326  2
4218500 2850500  1 19 23   3.2 1001 268  6.3 4  4.1  85    0    0 267 -326  2
4218500 2850500  1 19 24   3.4 1002 279  8.0 4  4.0  83    0    0 248 -327  2
4218500 2850500  1 20  1   2.7 1002 263  5.7 4  4.0  83    0    0 247 -327  2
4218500 2850500  1 20  2   2.7 1002 262  6.1 3  3.9  84    0    0 244 -327  2
4218500 2850500  1 20  3   2.3 1001 255  5.3 2  3.8  84    0    0 232 -327  2
4218500 2850500  1 20  4   1.7 1001 231  3.9 2  3.8  85    0    0 225 -326  2
4218500 2850500  1 20  5   1.4 1000 205  3.8 4  3.7  86    0    0 236 -324  2
4218500 2850500  1 20  6   1.1  999 226  4.7 6  3.7  88    0    0 262 -324  2
4218500 2850500  1 20  7   0.9  998 243  5.1 8  3.8  92    0    0 287 -324  2
4218500 2850500  1 20  8   1.8  997 256  5.9 8  4.0  94    0    0 301 -322  2
4218500 2850500  1 20  9   2.1  997 260  6.4 8  4.0  91    1   14 301 -319  2
4218500 2850500  1 20 10   2.0  997 273  6.8 8  4.0  90    0   28 300 -320  2
4218500 2850500  1 20 11   1.7  997 301  6.5 6  4.0  91    5   95 287 -322  2
4218500 2850500  1 20 12   2.2  999 309  5.8 8  4.1  92    0   69 286 -323  2
4218500 2850500  1 20 13   2.2 1000 299  5.8 6  4.1  90   13  138 285 -325  2
4218500 2850500  1 20 14   2.7 1001 281  5.5 5  4.0  86    5  112 265 -327  2
4218500 2850500  1 20 15   2.4 1002 281  4.7 7  4.0  87    0   30 273 -327  2
4218500 2850500  1 20 16   2.2 1002 271  4.1 8  4.1  91    0   10 290 -326  2
4218500 2850500  1 20 17   2.5 1002 280  4.8 8  4.2  92    0    0 295 -324  2
4218500 2850500  1 20 18   2.7 1002 285  4.5 7  4.2  91    0    0 290 -323  2
4218500 2850500  1 20 19   2.7 1003 288  4.6 8  4.2  90    0    0 289 -322  2
4218500 2850500  1 20 20   2.8 1003 280  4.3 7  4.2  90    0    0 287 -322  2
4218500 2850500  1 20 21   2.6 1003 258  4.0 7  4.1  89    0    0 280 -321  2
4218500 2850500  1 20 22   2.4 1004 280  4.6 6  4.0  88    0    0 273 -320  2
4218500 2850500  1 20 23   2.1 1004 269  4.6 6  3.9  86    0    0 268 -320  2
4218500 2850500  1 20 24   1.8 1005 268  4.8 6  3.8  87    0    0 267 -320  2
4218500 2850500  1 21  1   2.0 1005 270  4.8 7  3.9  88    0    0 273 -318  2
4218500 2850500  1 21  2   1.9 1005 271  5.3 7  3.9  88    0    0 279 -316  2
4218500 2850500  1 21  3   1.8 1005 277  5.3 8  3.9  90    0    0 286 -316  2
4218500 2850500  1 21  4   2.2 1006 259  4.3 8  4.0  90    0    0 295 -317  2
4218500 2850500  1 21  5   2.4 1006 258  4.3 7  4.0  88    0    0 293 -317  2
4218500 2850500  1 21  6   2.5 1005 249  4.8 7  3.9  86    0    0 289 -317  2
4218500 2850500  1 21  7   2.7 1005 237  3.8 7  4.0  87    0    0 292 -317  2
4218500 2850500  1 21  8   2.6 1004 229  3.9 8  4.0  87    0    0 298 -316  2
4218500 2850500  1 21  9   2.7 1004 229  4.6 7  4.1  88    0    7 299 -315  2
4218500 2850500  1 21 10   2.8 1004 202  4.6 7  4.1  88    0   37 296 -316  2
4218500 2850500  1 21 11   3.0 1002 211  6.2 7  3.9  84    0   47 297 -316  2
4218500 2850500  1 21 12   3.1 1001 211  6.5 7  3.8  81    0   41 297 -316  2
4218500 2850500  1 21 13   1.9  999 194  6.5 7  3.9  84    0   44 295 -316  2
4218500 2850500  1 21 14   1.7  997 187  6.7 7  4.0  90    0   46 293 -319  2
4218500 2850500  1 21 15   1.6  995 193  7.4 7  4.0  91    0   33 291 -326  2
4218500 2850500  1 21 16   2.0  992 207  6.1 8  4.1  92    0   15 301 -332  2
4218500 2850500  1 21 17   2.6  991 223  5.6 8  4.3  93    0    0 313 -335  2
4218500 2850500  1 21 18   3.5  990 239  5.7 8  4.5  94    0    0 316 -333  2
4218500 2850500  1 21 19   4.3  990 261  5.4 7  4.8  94    0    0 308 -332  2
4218500 2850500  1 21 20   4.5  990 267  4.9 7  4.8  91    0    0 301 -330  2
4218500 2850500  1 21 21   4.3  990 255  4.6 7  4.7  89    0    0 303 -328  2
4218500 2850500  1 21 22   4.2  990 269  5.8 7  4.7  89    0    0 304 -327  2
4218500 2850500  1 21 23   4.0  990 288  6.4 7  4.6  88    0    0 303 -327  2
4218500 2850500  1 21 24   3.9  990 274  6.5 7  4.5  88    0    0 304 -327  2
4218500 2850500  1 22  1   3.4  991 273  5.4 7  4.5  89    0    0 303 -326  2
4218500 2850500  1 22  2   3.9  991 269  7.0 7  4.5  89    0    0 303 -326  2
4218500 2850500  1 22  3   3.8  991 261  7.2 8  4.5  89    0    0 310 -326  2
4218500 2850500  1 22  4   4.3  991 270  7.7 8  4.5  87    0    0 316 -326  2
4218500 2850500  1 22  5   4.3  992 260  7.0 8  4.5  85    0    0 316 -326  2
4218500 2850500  1 22  6   4.2  992 269  7.7 7  4.6  87    0    0 309 -326  2
4218500 2850500  1 22  7   4.4  992 261  7.6 7  4.7  88    0    0 303 -326  2
4218500 2850500  1 22  8   4.8  992 261  8.4 8  4.7  87    0    0 311 -326  2
4218500 2850500  1 22  9   5.1  992 262  8.7 7  4.6  84    2   12 312 -327  2
4218500 2850500  1 22 10   5.7  992 267  9.1 7  4.6  80    0   37 306 -328  2
4218500 2850500  1 22 11   5.9  992 267  9.1 7  4.4  75    0   51 305 -329  2
4218500 2850500  1 22 12   6.2  992 270  9.0 8  4.3  72    0   30 312 -328  2
4218500 2850500  1 22 13   6.3  993 264  8.5 7  4.2  69    0   67 311 -328  2
4218500 2850500  1 22 14   6.3  992 268  8.3 7  4.2  69    0   77 303 -329  2
4218500 2850500  1 22 15   5.5  992 268  7.5 7  4.5  76    0   41 303 -326  2
4218500 2850500  1 22 16   5.4  992 261  6.8 8  4.6  81    0   15 308 -323  2
4218500 2850500  1 22 17   4.6  992 251  6.2 8  4.6  83    0    0 312 -319  2
4218500 2850500  1 22 18   4.5  992 253  5.8 8  4.7  88    0    0 310 -316  2
4218500 2850500  1 22 19   3.9  992 249  5.2 8  4.8  91    0    0 308 -315  2
4218500 2850500  1 22 20   3.6  992 259  5.2 8  4.7  92    0    0 306 -313  2
4218500 2850500  1 22 21   3.2  991 283  4.6 7  4.5  92    0    0 297 -311  2
4218500 2850500  1 22 22   2.1  992 341  4.1 7  4.3  91    0    0 289 -310  2
4218500 2850500  1 22 23   1.8  993 313  4.3 7  4.0  90    0    0 286 -310  2
4218500 2850500  1 22 24   2.3  995 312  5.4 7  4.0  90    0    0 286 -310  2
4218500 2850500  1 23  1   2.2  997 302  5.4 7  4.0  88    0    0 286 -309  2
4218500 2850500  1 23  2   2.4  998 307  5.5 7  4.0  88    0    0 285 -308  2
4218500 2850500  1 23  3   1.8 1000 302  4.3 7  4.0  88    0    0 283 -308  2
4218500 2850500  1 23  4   1.6 1001 300  4.0 6  3.8  88    0    0 274 -307  2
4218500 2850500  1 23  5   1.4 1002 289  2.9 5  3.8  88    0    0 258 -306  2
4218500 2850500  1 23  6   1.5 1002 276  2.8 6  3.8  89    0    0 257 -306  2
4218500 2850500  1 23  7   1.6 1003 290  2.8 7  3.8  89    0    0 270 -305  2
4218500 2850500  1 23  8   1.7 1003 281  2.4 7  3.8  88    0    0 275 -303  2
4218500 2850500  1 23  9   1.5 1004 280  2.7 7  3.8  88    4   15 275 -302  2
4218500 2850500  1 23 10   1.8 1004 269  3.2 8  3.8  88    3   51 281 -303  2
4218500 2850500  1 23 11   2.0 1005 270  3.3 6  3.8  87   13   90 275 -306  2
4218500 2850500  1 23 12   2.6 1005 263  3.0 6  3.7  82    7  106 264 -310  2
4218500 2850500  1 23 13   2.5 1005 259  3.4 7  3.6  78    0   94 271 -313  2
4218500 2850500  1 23 14   2.8 1005 261  2.2 6  3.6  78   27  119 273 -314  2
4218500 2850500  1 23 15   2.0 1004 241  2.0 7  3.7  82    2   69 273 -315  2
4218500 2850500  1 23 16   1.2 1004 248  1.3 8  3.8  88    0   16 282 -315  2
4218500 2850500  1 23 17   0.7 1005 211  1.2 8  3.8  92    0    0 285 -315  2
4218500 2850500  1 23 18   0.3 1005 307  1.0 8  3.7  94    0    0 284 -315  2
4218500 2850500  1 23 19   0.3 1005 328  1.0 7  3.7  95    0    0 278 -315  2
4218500 2850500  1 23 20   0.5 1005 264  0.8 7  3.7  94    0    0 272 -315  2
4218500 2850500  1 23 21   0.2 1005 274  0.7 6  3.7  95    0    0 268 -315  2
4218500 2850500  1 23 22   1.1 1006 295  0.9 7  3.7  93    0    0 272 -315  2
4218500 2850500  1 23 23   0.7 1006 259  1.1 6  3.7  92    0    0 275 -316  2
4218500 2850500  1 23 24   0.4 1006 253  1.0 7  3.7  94    0    0 275 -316  2
4218500 2850500  1 24  1   0.6 1006 187  1.1 7  3.8  95    0    0 281 -316  2
4218500 2850500  1 24  2   0.3 1007 167  0.9 8  3.8  96    0    0 288 -316  2
4218500 2850500  1 24  3   0.4 1007 134  1.3 8  3.8  97    0    0 294 -316  2
4218500 2850500  1 24  4   0.5 1007  95  1.3 7  3.8  96    0    0 288 -316  2
4218500 2850500  1 24  5   0.5 1008 123  0.8 8  3.8  96    0    0 288 -316  2
4218500 2850500  1 24  6   0.4 1008  77  1.2 8  3.8  96    0    0 294 -316  2
4218500 2850500  1 24  7   0.5 1009  86  0.8 7  3.8  96    0    0 289 -316  2
4218500 2850500  1 24  8   0.5 1009 108  0.9 8  3.8  96    0    0 289 -316  2
4218500 2850500  1 24  9   0.6 1010 102  1.2 8  3.8  96    4   12 294 -317  2
4218500 2850500  1 24 10   0.8 1011  97  1.3 8  3.8  96   25   37 294 -316  2
4218500 2850500  1 24 11   1.1 1011 151  0.9 7  3.9  95   16   73 288 -316  2
4218500 2850500  1 24 12   1.4 1012 229  1.0 7  3.8  92    0   81 283 -318  2
4218500 2850500  1 24 13   1.5 1013 278  1.3 7  3.8  90    0   61 282 -320  2
4218500 2850500  1 24 14   1.6 1013 175  1.3 7  3.8  90    0   69 281 -321  2
4218500 2850500  1 24 15   1.6 1013 291  1.6 8  3.8  88    0   44 286 -320  2
4218500 2850500  1 24 16   1.4 1013 313  1.8 6  3.7  87    0   17 278 -318  2
4218500 2850500  1 24 17   1.0 1014 330  1.8 7  3.6  88    0    0 272 -315  2
4218500 2850500  1 24 18   0.1 1014   6  1.7 7  3.6  90    0    0 276 -315  2
4218500 2850500  1 24 19  -0.3 1015  77  1.4 7  3.4  91    0    0 275 -314  2
4218500 2850500  1 24 20  -0.3 1015  82  1.1 7  3.4  91    0    0 276 -314  2
4218500 2850500  1 24 21  -0.5 1016 329  1.3 7  3.4  93    0    0 277 -314  2
4218500 2850500  1 24 22  -0.7 1017 348  1.2 7  3.3  93    0    0 275 -314  2
4218500 2850500  1 24 23  -1.4 1017 342  1.2 7  3.3  93    0    0 272 -315  2
4218500 2850500  1 24 24  -1.8 1017 154  0.7 7  3.2  94    0    0 269 -315  2
4218500 2850500  1 25  1  -2.2 1017  23  1.4 5  3.1  95    0    0 258 -315  2
4218500 2850500  1 25  2  -2.6 1017 328  1.6 5  3.0  96    0    0 245 -315  2
4218500 2850500  1 25  3  -2.9 1017 336  1.9 4  3.0  96    0    0 239 -315  2
4218500 2850500  1 25  4  -2.8 1018 297  1.9 5  3.0  97    0    0 239 -315  2
4218500 2850500  1 25  5  -2.6 1018 312  1.4 6  3.0  97    0    0 251 -315  2
4218500 2850500  1 25  6  -2.5 1018 333  1.5 6  3.0  96    0    0 256 -315  2
4218500 2850500  1 25  7  -2.3 1019 345  1.0 7  3.0  95    0    0 262 -315  2
4218500 2850500  1 25  8  -2.2 1019 353  1.2 7  3.0  94    0    0 268 -315  2
4218500 2850500  1 25  9  -1.9 1019 316  1.4 7  3.0  92    1   18 268 -315  2
4218500 2850500  1 25 10  -1.4 1020 308  1.3 7  3.0  90    6   68 270 -315  2
4218500 2850500  1 25 11  -1.2 1020 275  0.8 7  2.9  85    5  100 272 -315  2
4218500 2850500  1 25 12  -0.8 1020  75  1.6 7  2.8  81    4  117 273 -315  2
4218500 2850500  1 25 13  -0.5 1020  93  1.9 7  2.7  75    2  113 273 -316  2
4218500 2850500  1 25 14  -0.2 1020 100  1.3 6  2.6  70    9  129 269 -319  2
4218500 2850500  1 25 15   0.0 1020 164  1.5 5  2.5  66   17  114 258 -320  2
4218500 2850500  1 25 16  -0.3 1020 167  0.6 4  2.5  67    6   58 247 -317  2
4218500 2850500  1 25 17  -1.5 1020 132  1.1 2  2.5  71    0    0 229 -315  2
4218500 2850500  1 25 18  -2.4 1020 180  1.3 1  2.5  76    0    0 211 -312  2
4218500 2850500  1 25 19  -3.1 1020 156  0.9 1  2.5  81    0    0 204 -309  2
4218500 2850500  1 25 20  -4.1 1020 129  1.2 1  2.5  87    0    0 202 -307  2
4218500 2850500  1 25 21  -4.5 1020  96  1.6 0  2.5  91    0    0 196 -306  2
4218500 2850500  1 25 22  -5.2 1020  91  1.6 0  2.4  92    0    0 188 -305  2
4218500 2850500  1 25 23  -5.0 1021  99  1.9 0  2.4  93    0    0 187 -303  2
4218500 2850500  1 25 24  -5.2 1021 108  1.7 0  2.4  94    0    0 188 -302  2
4218500 2850500  1 26  1  -5.4 1021 106  1.5 0  2.4  95    0    0 188 -299  2
4218500 2850500  1 26  2  -5.7 1021  99  1.3 0  2.4  95    0    0 187 -297  2
4218500 2850500  1 26  3  -6.1 1021  88  2.0 0  2.3  96    0    0 187 -296  2
4218500 2850500  1 26  4  -5.2 1021  92  2.9 0  2.4  96    0    0 188 -296  2
4218500 2850500  1 26  5  -4.8 1020  93  2.4 1  2.5  95    0    0 194 -295  2
4218500 2850500  1 26  6  -5.4 1021 108  1.8 0  2.4  94    0    0 194 -295  2
4218500 2850500  1 26  7  -5.9 1021  91  2.1 0  2.3  94    0    0 188 -294  2
4218500 2850500  1 26  8  -5.6 1021 119  2.8 0  2.3  95    0    0 187 -293  2
4218500 2850500  1 26  9  -4.8 1021 121  2.8 0  2.4  95   16   20 188 -292  2
4218500 2850500  1 26 10  -3.1 1021 128  3.5 1  2.6  93   88   48 195 -293  2
4218500 2850500  1 26 11  -1.7 1021 121  3.8 1  2.8  89  172   61 204 -297  2
4218500 2850500  1 26 12   0.2 1021 129  5.2 0  2.8  80  236   64 201 -300  2
4218500 2850500  1 26 13   0.6 1020 139  5.3 0  2.6  67  234   76 196 -304  2
4218500 2850500  1 26 14   0.9 1020 137  5.8 1  2.4  60  194   82 201 -306  2
4218500 2850500  1 26 15   0.6 1020 146  4.4 1  2.3  59   90   89 207 -305  2
4218500 2850500  1 26 16  -0.2 1020 130  5.1 3  2.4  62   10   53 218 -303  2
4218500 2850500  1 26 17  -0.9 1020 121  4.7 4  2.4  68    0    0 233 -299  2
4218500 2850500  1 26 18  -1.5 1020 119  4.8 3  2.4  70    0    0 231 -296  2
4218500 2850500  1 26 19  -1.9 1020 119  4.4 1  2.4  73    0    0 215 -293  2
4218500 2850500  1 26 20  -2.3 1020 127  4.5 0  2.5  76    0    0 200 -291  2
4218500 2850500  1 26 21  -2.5 1020 128  4.5 0  2.4  77    0    0 194 -289  2
4218500 2850500  1 26 22  -3.0 1020 127  4.5 0  2.4  80    0    0 193 -287  2
4218500 2850500  1 26 23  -3.4 1020 117  3.9 0  2.5  83    0    0 192 -286  2
4218500 2850500  1 26 24  -3.7 1020 119  4.8 0  2.5  86    0    0 190 -284  2
4218500 2850500  1 27  1  -3.7 1021 119  4.8 2  2.5  86    0    0 200 -283  2
4218500 2850500  1 27  2  -3.1 1021 127  5.2 5  2.5  84    0    0 226 -281  2
4218500 2850500  1 27  3  -2.7 1021 129  5.9 6  2.6  84    0    0 247 -279  2
4218500 2850500  1 27  4  -2.6 1020 129  5.0 6  2.6  83    0    0 252 -278  2
4218500 2850500  1 27  5  -2.6 1020 119  4.9 6  2.5  81    0    0 251 -277  2
4218500 2850500  1 27  6  -2.6 1020 119  5.3 6  2.5  81    0    0 250 -275  2
4218500 2850500  1 27  7  -2.7 1020 118  4.9 7  2.5  80    0    0 253 -274  2
4218500 2850500  1 27  8  -3.2 1020 118  4.8 7  2.4  80    0    0 258 -273  2
4218500 2850500  1 27  9  -3.2 1020 117  5.2 7  2.4  80    6   17 256 -273  2
4218500 2850500  1 27 10  -3.1 1021 126  5.4 7  2.3  79   14   62 254 -275  2
4218500 2850500  1 27 11  -2.7 1021 127  4.7 7  2.3  76    7   93 253 -279  2
4218500 2850500  1 27 12  -2.6 1021 120  5.2 7  2.3  74    0   93 253 -285  2
4218500 2850500  1 27 13  -2.8 1021 119  5.1 7  2.2  72    0   96 251 -290  2
4218500 2850500  1 27 14  -2.6 1021 118  4.1 6  2.2  70   17  122 245 -293  2
4218500 2850500  1 27 15  -2.6 1021 131  4.1 6  2.1  69   18   95 238 -294  2
4218500 2850500  1 27 16  -2.5 1021 121  3.2 7  2.1  69    2   45 242 -293  2
4218500 2850500  1 27 17  -2.7 1021 118  3.9 7  2.2  71    0    0 247 -291  2
4218500 2850500  1 27 18  -2.8 1022 118  3.6 8  2.2  72    0    0 252 -288  2
4218500 2850500  1 27 19  -2.9 1022 117  3.8 8  2.2  72    0    0 257 -286  2
4218500 2850500  1 27 20  -2.9 1022 116  3.8 8  2.2  73    0    0 258 -285  2
4218500 2850500  1 27 21  -3.1 1023 110  3.1 8  2.2  74    0    0 258 -284  2
4218500 2850500  1 27 22  -3.5 1023 116  2.9 8  2.2  74    0    0 256 -283  2
4218500 2850500  1 27 23  -3.8 1023 107  3.1 7  2.1  74    0    0 251 -282  2
4218500 2850500  1 27 24  -4.2 1024 101  3.4 6  2.0  73    0    0 239 -281  2
4218500 2850500  1 28  1  -4.6 1024  96  3.4 6  2.0  74    0    0 233 -280  2
4218500 2850500  1 28  2  -4.5 1024  94  3.4 6  2.0  75    0    0 233 -279  2
4218500 2850500  1 28  3  -4.5 1024 107  3.1 7  2.0  76    0    0 237 -279  2
4218500 2850500  1 28  4  -4.9 1024 100  3.1 7  2.0  77    0    0 242 -278  2
4218500 2850500  1 28  5  -5.3 1024 102  3.4 6  2.0  77    0    0 236 -278  2
4218500 2850500  1 28  6  -5.4 1024  95  3.0 5  1.9  76    0    0 227 -277  2
4218500 2850500  1 28  7  -5.5 1024  86  3.4 6  1.9  76    0    0 226 -276  2
4218500 2850500  1 28  8  -5.6 1025  88  3.5 7  1.9  76    0    0 234 -276  2
4218500 2850500  1 28  9  -5.6 1025  97  3.9 7  1.9  76    3   19 238 -276  2
4218500 2850500  1 28 10  -5.2 1025  97  3.4 7  1.9  76   12   73 237 -277  2
4218500 2850500  1 28 11  -4.5 1026  96  3.0 7  1.9  74   18  120 239 -281  2
4218500 2850500  1 28 12  -4.1 1026  68  2.9 7  2.0  72   16  145 238 -285  2
4218500 2850500  1 28 13  -3.8 1026  78  2.8 7  2.0  70   15  152 238 -289  2
4218500 2850500  1 28 14  -3.5 1026  85  2.6 7  2.0  68    5  119 239 -292  2
4218500 2850500  1 28 15  -3.3 1026  72  3.3 7  2.0  68    2   79 240 -292  2
4218500 2850500  1 28 16  -3.5 1026  71  3.4 7  2.0  68    0   34 240 -290  2
4218500 2850500  1 28 17  -3.8 1026  68  4.2 8  2.0  69    0    0 244 -287  2
4218500 2850500  1 28 18  -4.3 1026  69  4.2 8  2.0  72    0    0 246 -284  2
4218500 2850500  1 28 19  -4.9 1026  77  2.8 8  2.1  80    0    0 243 -282  2
4218500 2850500  1 28 20  -5.1 1027  85  3.2 8  2.2  85    0    0 243 -280  2
4218500 2850500  1 28 21  -5.1 1027  78  3.1 8  2.2  85    0    0 242 -279  2
4218500 2850500  1 28 22  -5.0 1027  70  3.0 8  2.1  83    0    0 240 -278  2
4218500 2850500  1 28 23  -4.9 1027  79  3.1 8  2.0  79    0    0 238 -277  2
4218500 2850500  1 28 24  -4.9 1027  75  2.8 8  2.0  77    0    0 235 -276  2
4218500 2850500  1 29  1  -5.0 1027  77  3.6 8  2.0  77    0    0 234 -275  2
4218500 2850500  1 29  2  -5.0 1027  77  3.6 8  2.0  78    0    0 233 -273  2
4218500 2850500  1 29  3  -5.1 1027  81  3.5 7  2.0  78    0    0 228 -271  2
4218500 2850500  1 29  4  -5.1 1027  78  3.7 7  2.0  79    0    0 224 -269  2
4218500 2850500  1 29  5  -5.0 1027  88  3.6 7  2.0  79    0    0 223 -268  2
4218500 2850500  1 29  6  -5.2 1027  88  4.1 8  2.0  79    0    0 226 -267  2
4218500 2850500  1 29  7  -5.7 1027  95  4.0 8  2.0  80    0    0 228 -266  2
4218500 2850500  1 29  8  -6.0 1027  86  4.1 7  1.9  81    0    0 224 -266  2
4218500 2850500  1 29  9  -6.0 1028  89  4.4 7  1.9  80    4   21 220 -265  2
4218500 2850500  1 29 10  -6.0 1028  87  4.5 6  1.9  80   27   81 216 -266  2
4218500 2850500  1 29 11  -5.5 1028  79  4.1 6  1.9  78   70  133 214 -270  2
4218500 2850500  1 29 12  -5.0 1028  77  5.0 4  1.9  75   96  166 208 -274  2
4218500 2850500  1 29 13  -4.6 1028  90  5.1 5  1.9  72   66  185 205 -278  2
4218500 2850500  1 29 14  -4.4 1028  79  4.7 5  1.8  69   56  170 208 -281  2
4218500 2850500  1 29 15  -4.2 1028  79  6.0 4  1.8  65   37  129 205 -282  2
4218500 2850500  1 29 16  -4.4 1028  81  4.8 6  1.7  62   11   63 208 -281  2
4218500 2850500  1 29 17  -4.7 1028  87  4.5 5  1.6  61    0    0 210 -278  2
4218500 2850500  1 29 18  -4.8 1028  95  5.2 5  1.6  61    0    0 205 -276  2
4218500 2850500  1 29 19  -4.8 1029  99  4.6 5  1.5  58    0    0 203 -274  2
4218500 2850500  1 29 20  -4.9 1029  99  4.6 5  1.4  55    0    0 203 -272  2
4218500 2850500  1 29 21  -4.9 1029  99  4.6 5  1.4  52    0    0 202 -271  2
4218500 2850500  1 29 22  -5.0 1029  98  4.6 5  1.3  52    0    0 202 -269  2
4218500 2850500  1 29 23  -5.4 1029  97  5.2 4  1.3  53    0    0 198 -268  2
4218500 2850500  1 29 24  -5.9 1029  87  5.1 3  1.3  54    0    0 190 -266  2
4218500 2850500  1 30  1  -6.0 1029  94  4.9 4  1.3  55    0    0 188 -265  2
4218500 2850500  1 30  2  -6.3 1029  95  4.6 4  1.3  56    0    0 190 -265  2
4218500 2850500  1 30  3  -6.5 1029  94  5.1 4  1.3  58    0    0 189 -264  2
4218500 2850500  1 30  4  -7.1 1029  95  4.7 4  1.3  60    0    0 188 -263  2
4218500 2850500  1 30  5  -7.4 1029  95  5.5 4  1.3  62    0    0 186 -263  2
4218500 2850500  1 30  6  -7.9 1029  94  5.4 4  1.3  62    0    0 185 -262  2
4218500 2850500  1 30  7  -8.5 1029  93  5.0 3  1.3  63    0    0 181 -262  2
4218500 2850500  1 30  8  -9.0 1029  84  4.6 4  1.2  64    0    0 179 -261  2
4218500 2850500  1 30  9  -9.0 1029  87  5.3 4  1.2  65   24   19 180 -261  2
4218500 2850500  1 30 10  -8.0 1029  85  5.4 4  1.3  64  100   51 181 -262  2
4218500 2850500  1 30 11  -6.8 1029  86  4.9 4  1.3  59  178   69 183 -266  2
4218500 2850500  1 30 12  -4.9 1029  95  6.0 3  1.3  54  222   80 183 -271  2
4218500 2850500  1 30 13  -3.4 1029  97  5.5 4  1.3  48  207   97 187 -276  2
4218500 2850500  1 30 14  -2.6 1028  87  5.9 3  1.3  44  180   96 190 -279  2
4218500 2850500  1 30 15  -2.1 1028  95  6.2 2  1.3  41  148   73 186 -280  2
4218500 2850500  1 30 16  -2.8 1028  88  6.4 1  1.2  40   52   53 182 -280  2
4218500 2850500  1 30 17  -4.1 1028  95  6.2 1  1.2  42    0    1 176 -277  2
4218500 2850500  1 30 18  -4.4 1028  97  5.9 1  1.3  46    0    0 176 -275  2
4218500 2850500  1 30 19  -5.1 1028  98  6.3 1  1.3  51    0    0 175 -273  2
4218500 2850500  1 30 20  -5.6 1028  97  6.0 0  1.4  56    0    0 172 -272  2
4218500 2850500  1 30 21  -6.2 1028  96  5.9 0  1.4  61    0    0 168 -270  2
4218500 2850500  1 30 22  -6.6 1028  95  5.9 0  1.5  64    0    0 169 -269  2
4218500 2850500  1 30 23  -6.3 1028  85  5.7 1  1.6  68    0    0 169 -268  2
4218500 2850500  1 30 24  -5.8 1028  80  5.4 3  1.8  72    0    0 168 -266  2
4218500 2850500  1 31  1  -5.5 1032  74  5.1 5  2.0  76    0    0 248 -280  2
4218500 2850500  1 31  2  -5.8 1032  76  4.7 6  2.0  78    0    0 249 -281  2
4218500 2850500  1 31  3  -6.7 1033  75  4.1 6  1.9  80    0    0 239 -282  2
4218500 2850500  1 31  4  -8.2 1034  84  3.5 4  1.7  79    0    0 216 -283  2
4218500 2850500  1 31  5  -8.3 1034  86  2.8 4  1.6  78    0    0 199 -284  2
4218500 2850500  1 31  6 -10.1 1035  97  1.3 1  1.3  76    0    0 193 -286  2
4218500 2850500  1 31  7 -10.5 1035 140  1.1 3  1.3  76    0    0 201 -288  2
4218500 2850500  1 31  8 -10.9 1035 234  1.7 4  1.3  77    0    0 215 -290  2
4218500 2850500  1 31  9  -9.9 1035 202  1.7 4  1.3  79   17   20 223 -292  2
4218500 2850500  1 31 10  -8.8 1035 238  2.1 4  1.3  74   87   54 226 -296  2
4218500 2850500  1 31 11  -7.6 1036 263  2.4 4  1.3  66  150   77 229 -301  2
4218500 2850500  1 31 12  -6.0 1036 244  2.4 3  1.4  62  212   85 229 -305  2
4218500 2850500  1 31 13  -4.8 1036 242  2.2 4  1.5  60  170  111 234 -309  2
4218500 2850500  1 31 14  -4.5 1035 243  2.5 6  1.5  59   41  137 252 -311  2
4218500 2850500  1 31 15  -4.2 1034 258  2.9 7  1.6  60    1   75 269 -312  2
4218500 2850500  1 31 16  -3.8 1034 242  2.6 8  1.7  61    1   48 280 -312  2
4218500 2850500  1 31 17  -3.8 1034 234  3.3 8  1.8  63    0   11 287 -311  2
4218500 2850500  1 31 18  -3.7 1033 238  3.1 8  1.8  64    0    0 288 -310  2
4218500 2850500  1 31 19  -3.4 1033 254  3.7 8  1.9  65    0    0 289 -310  2
4218500 2850500  1 31 20  -3.1 1032 254  3.9 8  2.0  68    0    0 291 -310  2
4218500 2850500  1 31 21  -3.4 1031 242  4.5 8  2.1  71    0    0 293 -311  2
4218500 2850500  1 31 22  -4.0 1031 232  4.0 8  2.2  78    0    0 294 -311  2
4218500 2850500  1 31 23  -4.4 1030 226  4.1 8  2.4  86    0    0 294 -311  2
4218500 2850500  1 31 24  -4.4 1029 221  4.0 7  2.4  89    0    0 289 -312  2
4218500 2850500  2  1  1  -4.4 1028 230  3.9 7  2.5  92    0    0 283 -312  2
4218500 2850500  2  1  2  -3.9 1028 237  3.4 8  2.5  93    0    0 289 -312  2
4218500 2850500  2  1  3  -3.6 1027 222  3.1 8  2.7  94    0    0 298 -313  2
4218500 2850500  2  1  4  -3.3 1027 233  3.0 7  2.8  98    0    0 293 -314  2
4218500 2850500  2  1  5  -2.7 1026 239  2.9 8  3.0  99    0    0 296 -314  2
4218500 2850500  2  1  6  -2.2 1025 233  2.7 7  3.1  98    0    0 298 -314  2
4218500 2850500  2  1  7  -1.7 1025 230  1.3 8  3.2  99    0    0 300 -315  2
4218500 2850500  2  1  8  -0.8 1024 268  1.4 8  3.3  98    0    0 311 -315  2
4218500 2850500  2  1  9  -0.4 1024 260  2.4 8  3.5  98    0   25 314 -315  2
4218500 2850500  2  1 10   0.2 1024 260  2.6 8  3.7  99    1   61 315 -315  2
4218500 2850500  2  1 11   0.5 1024 263  2.9 8  3.8  99    0   67 317 -315  2
4218500 2850500  2  1 12   1.5 1025 267  3.2 7  4.0  98    0   78 311 -315  2
4218500 2850500  2  1 13   1.9 1025 282  3.1 7  4.2  98    0   87 307 -316  2
4218500 2850500  2  1 14   2.2 1024 276  3.3 7  4.3  98    0   79 309 -316  2
4218500 2850500  2  1 15   2.5 1024 282  3.1 7  4.4  98    0   58 310 -319  2
4218500 2850500  2  1 16   2.8 1024 278  2.9 7  4.4  96    0   34 310 -320  2
4218500 2850500  2  1 17   2.7 1024 277  2.5 8  4.4  96    0    5 317 -319  2
4218500 2850500  2  1 18   2.8 1024 272  2.9 8  4.4  97    0    0 322 -317  2
4218500 2850500  2  1 19   2.7 1023 276  2.7 8  4.5  98    0    0 320 -317  2
4218500 2850500  2  1 20   2.7 1024 274  2.2 7  4.5  98    0    0 313 -317  2
4218500 2850500  2  1 21   2.7 1024 278  2.6 8  4.4  98    0    0 313 -317  2
4218500 2850500  2  1 22   2.6 1023 295  2.0 8  4.4  98    0    0 319 -317  2
4218500 2850500  2  1 23   2.6 1023 278  2.1 8  4.5  98    0    0 319 -317  2
4218500 2850500  2  1 24   2.5 1023 288  2.6 7  4.4  98    0    0 312 -316  2
4218500 2850500  2  2  1   2.4 1024 313  3.0 8  4.4  97    0    0 312 -316  2
4218500 2850500  2  2  2   1.9 1024 316  3.6 7  4.3  99    0    0 312 -316  2
4218500 2850500  2  2  3   1.6 1024 322  3.4 7  4.2  99    0    0 305 -316  2
4218500 2850500  2  2  4   1.1 1024 334  4.4 8  4.1  98    0    0 310 -317  2
4218500 2850500  2  2  5   0.6 1024 315  3.7 7  3.9  98    0    0 308 -317  2
4218500 2850500  2  2  6   0.5 1024 320  3.3 8  3.8  98    0    0 307 -317  2
4218500 2850500  2  2  7   0.2 1024 344  3.2 8  3.8  98    0    0 313 -317  2
4218500 2850500  2  2  8   0.3 1025 300  3.2 8  3.7  98    0    0 313 -317  2
4218500 2850500  2  2  9   0.4 1025 298  3.7 8  3.7  97    1   29 315 -317  2
4218500 2850500  2  2 10   0.4 1025 311  4.8 8  3.8  98    0   34 316 -318  2
4218500 2850500  2  2 11   0.5 1026 312  4.4 8  3.8  99    0   63 316 -320  2
4218500 2850500  2  2 12   0.5 1026 294  3.8 7  3.9 100    0   64 308 -322  2
4218500 2850500  2  2 13   0.9 1026 304  3.9 7  3.9  99    0   68 301 -324  2
4218500 2850500  2  2 14   1.0 1026 274  3.9 7  3.9  98    0   77 300 -326  2
4218500 2850500  2  2 15   1.2 1026 299  5.4 8  4.0  98    0   48 304 -326  2
4218500 2850500  2  2 16   0.9 1026 289  5.5 7  4.0  98    0   25 301 -326  2
4218500 2850500  2  2 17   0.9 1027 292  5.4 8  3.9  98    0    3 299 -324  2
4218500 2850500  2  2 18   0.8 1027 285  5.1 8  3.9  99    0    0 302 -322  2
4218500 2850500  2  2 19   1.0 1027 283  4.2 8  3.9  99    0    0 300 -321  2
4218500 2850500  2  2 20   0.9 1026 285  3.9 8  4.0  99    0    0 299 -319  2
4218500 2850500  2  2 21   1.4 1027 261  2.6 8  4.0  98    0    0 300 -317  2
4218500 2850500  2  2 22   2.2 1026 276  3.8 8  4.2  98    0    0 301 -315  2
4218500 2850500  2  2 23   2.6 1026 267  4.2 8  4.4  98    0    0 303 -315  2
4218500 2850500  2  2 24   2.8 1026 267  3.5 8  4.5  99    0    0 304 -315  2
4218500 2850500  2  3  1   3.4 1026 267  4.2 8  4.7  99    0    0 305 -314  2
4218500 2850500  2  3  2   3.3 1025 272  5.4 8  4.7  99    0    0 306 -314  2
4218500 2850500  2  3  3   3.6 1024 288  5.5 8  4.8  99    0    0 307 -313  2
4218500 2850500  2  3  4   3.4 1025 284  4.8 8  4.8  99    0    0 308 -313  2
4218500 2850500  2  3  5   3.7 1024 271  5.2 8  4.8  99    0    0 309 -313  2
4218500 2850500  2  3  6   3.8 1023 273  6.0 8  4.8  98    0    0 312 -314  2
4218500 2850500  2  3  7   4.2 1023 287  7.1 8  4.9  98    0    0 313 -314  2
4218500 2850500  2  3  8   4.4 1022 279  5.8 8  5.0  97    0    0 317 -315  2
4218500 2850500  2  3  9   4.4 1022 279  6.1 8  5.0  96    0   11 320 -315  2
4218500 2850500  2  3 10   4.5 1022 290  6.0 7  4.9  96    0   30 316 -317  2
4218500 2850500  2  3 11   4.8 1022 284  6.0 8  5.0  95    0   39 318 -320  2
4218500 2850500  2  3 12   4.9 1022 280  6.5 7  5.1  96    0   50 319 -322  2
4218500 2850500  2  3 13   5.3 1021 290  6.0 8  5.2  96    0   46 320 -325  2
4218500 2850500  2  3 14   5.5 1021 286  6.5 8  5.3  96    0   75 326 -327  2
4218500 2850500  2  3 15   5.7 1020 299  6.0 8  5.4  96    0   50 327 -329  2
4218500 2850500  2  3 16   5.8 1020 290  5.8 8  5.4  95    0   27 327 -330  2
4218500 2850500  2  3 17   5.8 1020 293  5.9 8  5.5  97    0    9 330 -329  2
4218500 2850500  2  3 18   5.7 1020 289  5.8 8  5.6  98    0    0 331 -328  2
4218500 2850500  2  3 19   5.5 1020 290  5.8 8  5.5  98    0    0 331 -326  2
4218500 2850500  2  3 20   5.6 1019 283  5.1 8  5.5  98    0    0 331 -326  2
4218500 2850500  2  3 21   5.6 1019 272  4.3 8  5.6  99    0    0 332 -326  2
4218500 2850500  2  3 22   5.7 1018 279  4.7 8  5.6  98    0    0 332 -326  2
4218500 2850500  2  3 23   5.8 1018 272  4.8 8  5.6  98    0    0 333 -326  2
4218500 2850500  2  3 24   5.7 1018 267  4.9 8  5.6  98    0    0 334 -326  2
4218500 2850500  2  4  1   5.6 1017 265  5.7 8  5.6  99    0    0 335 -328  2
4218500 2850500  2  4  2   5.8 1016 264  5.5 8  5.6  99    0    0 335 -331  2
4218500 2850500  2  4  3   6.1 1015 265  5.8 8  5.7  99    0    0 337 -332  2
4218500 2850500  2  4  4   6.4 1015 276  5.8 8  5.8  98    0    0 339 -333  2
4218500 2850500  2  4  5   6.5 1014 263  6.0 8  5.9  99    0    0 340 -334  2
4218500 2850500  2  4  6   6.7 1013 261  6.5 8  6.0  99    0    0 342 -334  2
4218500 2850500  2  4  7   6.9 1013 267  6.2 8  6.1  98    0    0 344 -335  2
4218500 2850500  2  4  8   7.3 1012 268  6.4 8  6.1  97    0    0 345 -335  2
4218500 2850500  2  4  9   7.6 1011 259  6.5 8  6.3  98    0   14 346 -336  2
4218500 2850500  2  4 10   7.7 1011 258  7.1 7  6.4  98    0   31 341 -336  2
4218500 2850500  2  4 11   8.0 1010 263  7.3 7  6.5  97    0   37 334 -337  2
4218500 2850500  2  4 12   8.2 1009 260  7.9 7  6.6  97    0   57 335 -338  2
4218500 2850500  2  4 13   8.6 1009 266  8.2 7  6.8  98    0   44 337 -338  2
4218500 2850500  2  4 14   8.4 1008 265  9.4 8  6.8  98    0   34 343 -340  2
4218500 2850500  2  4 15   8.9 1006 271  9.4 7  6.5  93    0   39 342 -341  2
4218500 2850500  2  4 16   9.0 1005 266 10.1 7  6.4  88    0   26 338 -342  2
4218500 2850500  2  4 17   8.2 1003 257 10.0 8  6.3  89    0    3 344 -342  2
4218500 2850500  2  4 18   7.9 1002 254 10.2 8  6.3  93    0    0 348 -341  2
4218500 2850500  2  4 19   8.2 1001 265  9.3 8  6.3  93    0    0 347 -342  2
4218500 2850500  2  4 20   8.5 1000 264 10.7 8  6.3  90    0    0 343 -344  2
4218500 2850500  2  4 21   8.6  999 272 10.4 8  6.1  87    0    0 341 -343  2
4218500 2850500  2  4 22   8.7  998 299 10.4 8  5.8  81    0    0 337 -340  2
4218500 2850500  2  4 23   6.6  997 275 10.7 8  5.0  75    0    0 330 -337  2
4218500 2850500  2  4 24   6.3  997 284  8.9 5  4.3  71    0    0 303 -335  2
4218500 2850500  2  5  1   6.3  996 286 10.7 2  4.1  68    0    0 264 -333  2
4218500 2850500  2  5  2   6.0  995 269 12.1 2  4.0  67    0    0 245 -331  2
4218500 2850500  2  5  3   6.2  993 273 11.2 2  3.9  66    0    0 245 -329  2
4218500 2850500  2  5  4   5.8  992 271 11.5 4  4.0  67    0    0 255 -327  2
4218500 2850500  2  5  5   5.6  991 268 12.2 6  4.0  70    0    0 279 -326  2
4218500 2850500  2  5  6   5.8  990 266 12.4 7  4.0  69    0    0 296 -324  2
4218500 2850500  2  5  7   1.4  988 280  9.2 8  4.0  79    0    0 302 -323  2
4218500 2850500  2  5  8   2.6  987 273 10.0 8  4.1  92    0    0 306 -322  2
4218500 2850500  2  5  9   2.8  987 273 10.1 7  4.2  88    4   26 300 -321  2
4218500 2850500  2  5 10   3.6  987 287 10.2 7  4.1  83    7   67 295 -320  2
4218500 2850500  2  5 11   4.0  987 279  9.4 7  4.1  79   23  111 294 -321  2
4218500 2850500  2  5 12   4.2  988 282 11.6 6  4.0  77    4  117 288 -322  2
4218500 2850500  2  5 13   3.5  988 283 10.0 7  4.2  82    0   68 287 -323  2
4218500 2850500  2  5 14   5.0  987 282 10.6 7  4.2  80   37  131 292 -325  2
4218500 2850500  2  5 15   5.6  987 289 10.2 5  4.0  71   48  105 282 -326  2
4218500 2850500  2  5 16   3.6  987 277 10.2 6  3.9  72    8   66 276 -325  2
4218500 2850500  2  5 17   3.8  987 275 11.8 6  3.9  76    1   25 278 -324  2
4218500 2850500  2  5 18   3.7  987 283 10.2 6  3.7  74    0    0 277 -323  2
4218500 2850500  2  5 19   3.8  987 287 10.0 4  3.6  71    0    0 264 -321  2
4218500 2850500  2  5 20   3.5  988 283  9.5 4  3.5  69    0    0 252 -320  2
4218500 2850500  2  5 21   3.3  988 280  9.1 6  3.5  71    0    0 261 -318  2
4218500 2850500  2  5 22   3.4  989 285  9.8 7  3.5  72    0    0 278 -318  2
4218500 2850500  2  5 23   3.4  988 273 10.2 7  3.6  72    0    0 284 -317  2
4218500 2850500  2  5 24   3.3  988 276 10.0 8  3.6  73    0    0 290 -317  2
4218500 2850500  2  6  1   2.6  988 287 10.5 6  3.6  76    0    0 283 -316  2
4218500 2850500  2  6  2   2.7  987 285  9.8 7  3.6  77    0    0 277 -316  2
4218500 2850500  2  6  3   2.7  987 283  8.9 7  3.6  76    0    0 283 -316  2
4218500 2850500  2  6  4   2.4  987 287  9.8 6  3.6  76    0    0 276 -316  2
4218500 2850500  2  6  5   2.4  987 278  9.7 7  3.7  80    0    0 276 -315  2
4218500 2850500  2  6  6   1.9  987 280  8.6 7  3.8  83    0    0 281 -313  2
4218500 2850500  2  6  7   0.7  988 300  8.1 8  3.8  88    0    0 284 -313  2
4218500 2850500  2  6  8   0.9  988 296  7.0 8  3.8  92    0    0 288 -312  2
4218500 2850500  2  6  9   1.4  989 285  6.5 8  4.0  94    1   28 288 -312  2
4218500 2850500  2  6 10   1.8  990 290  6.6 6  4.0  92    4   74 276 -313  2
4218500 2850500  2  6 11   2.4  991 283  6.0 7  4.1  90    1   95 271 -315  2
4218500 2850500  2  6 12   2.8  991 281  6.1 7  4.1  88    0   73 277 -317  2
4218500 2850500  2  6 13   2.9  991 287  6.8 6  4.2  87    0  111 272 -319  2
4218500 2850500  2  6 14   2.6  991 286  6.2 5  4.2  88   11  143 260 -320  2
4218500 2850500  2  6 15   2.8  991 298  6.3 6  4.1  87   12  121 258 -320  2
4218500 2850500  2  6 16   4.1  991 290  9.1 6  4.0  81   21   91 263 -319  2
4218500 2850500  2  6 17   1.3  991 283  5.4 6  3.9  83    0    3 259 -316  2
4218500 2850500  2  6 18   1.1  991 299  6.4 4  3.8  91    0    0 245 -314  2
4218500 2850500  2  6 19   1.4  992 268  5.2 4  3.8  91    0    0 235 -313  2
4218500 2850500  2  6 20   1.2  992 275  5.8 6  3.8  90    0    0 244 -313  2
4218500 2850500  2  6 21   1.1  992 271  6.2 7  3.8  90    0    0 257 -313  2
4218500 2850500  2  6 22   0.9  992 286  6.2 7  3.7  89    0    0 262 -312  2
4218500 2850500  2  6 23   1.2  993 265  5.6 7  3.7  88    0    0 262 -311  2
4218500 2850500  2  6 24   0.7  993 280  5.1 6  3.7  89    0    0 258 -310  2
4218500 2850500  2  7  1   0.9  993 280  4.0 6  3.7  90    0    0 252 -310  2
4218500 2850500  2  7  2   0.9  992 269  4.2 6  3.7  90    0    0 254 -310  2
4218500 2850500  2  7  3   0.5  992 264  3.2 7  3.8  92    0    0 259 -311  2
4218500 2850500  2  7  4   0.3  991 253  2.5 8  3.8  94    0    0 268 -311  2
4218500 2850500  2  7  5   0.4  991 233  1.9 7  3.8  96    0    0 267 -311  2
4218500 2850500  2  7  6   0.4  990 213  1.9 8  3.8  96    0    0 268 -312  2
4218500 2850500  2  7  7   0.2  989 184  2.5 8  3.8  96    0    0 272 -313  2
4218500 2850500  2  7  8   0.1  988 190  2.0 8  3.8  97    0    0 272 -313  2
4218500 2850500  2  7  9   0.0  988 135  1.7 8  3.8  98    3   27 272 -313  2
4218500 2850500  2  7 10   0.1  987 159  2.3 7  3.8  98    0   57 266 -313  2
4218500 2850500  2  7 11   0.4  987 148  1.6 8  3.8  96    0   62 266 -314  2
4218500 2850500  2  7 12   0.8  986 154  1.7 8  3.9  95    0   68 271 -315  2
4218500 2850500  2  7 13   0.9  986 169  1.8 8  3.9  94    0  100 271 -317  2
4218500 2850500  2  7 14   0.8  986 125  1.5 8  3.9  94    5  113 270 -317  2
4218500 2850500  2  7 15   1.1  986 179  1.3 8  3.9  93    5   92 269 -317  2
4218500 2850500  2  7 16   1.0  986 298  1.7 8  3.8  91    3   57 266 -316  2
4218500 2850500  2  7 17   0.5  986 317  0.9 7  3.8  92    0   17 258 -316  2
4218500 2850500  2  7 18   0.5  986 261  2.5 8  3.8  94    0    0 257 -315  2
4218500 2850500  2  7 19   0.6  987 265  2.8 8  3.8  94    0    0 262 -315  2
4218500 2850500  2  7 20   0.5  987 253  3.2 8  3.8  93    0    0 263 -314  2
4218500 2850500  2  7 21   0.3  987 264  3.8 8  3.7  93    0    0 262 -313  2
4218500 2850500  2  7 22   0.5  988 275  4.3 7  3.7  93    0    0 258 -311  2
4218500 2850500  2  7 23   0.3  988 262  5.1 8  3.6  91    0    0 258 -308  2
4218500 2850500  2  7 24   0.3  988 252  4.5 7  3.5  89    0    0 257 -307  2
4218500 2850500  2  8  1   0.2  989 252  5.3 8  3.5  89    0    0 257 -306  2
4218500 2850500  2  8  2   0.3  989 238  5.9 7  3.5  88    0    0 257 -306  2
4218500 2850500  2  8  3   0.3  988 243  6.0 7  3.4  87    0    0 252 -306  2
4218500 2850500  2  8  4   0.3  988 264  6.6 8  3.4  86    0    0 256 -307  2
4218500 2850500  2  8  5   0.3  988 258  6.6 8  3.4  86    0    0 260 -304  2
4218500 2850500  2  8  6   0.1  989 268  6.3 8  3.4  85    0    0 259 -301  2
4218500 2850500  2  8  7   0.2  989 278  5.8 7  3.3  85    0    0 254 -300  2
4218500 2850500  2  8  8  -0.1  990 265  5.3 7  3.3  85    0    0 249 -301  2
4218500 2850500  2  8  9  -0.2  990 282  5.3 7  3.2  84   15   31 247 -301  2
4218500 2850500  2  8 10  -0.1  991 279  6.5 6  3.2  84   27   79 242 -302  2
4218500 2850500  2  8 11   0.0  991 279  6.0 5  3.2  83   49  118 232 -307  2
4218500 2850500  2  8 12   0.6  992 251  5.9 6  3.0  77   31  146 232 -311  2
4218500 2850500  2  8 13   0.8  992 301  6.7 4  2.9  72   86  145 226 -314  2
4218500 2850500  2  8 14   1.9  992 285  7.0 4  2.8  66  229   74 219 -315  2
4218500 2850500  2  8 15   1.6  992 283  6.3 5  2.7  62  158   76 225 -315  2
4218500 2850500  2  8 16   1.3  992 278  4.4 4  2.6  61   80   61 225 -315  2
4218500 2850500  2  8 17   0.8  992 270  4.9 5  2.5  60    6   28 223 -313  2
4218500 2850500  2  8 18  -0.1  992 263  3.2 5  2.5  64    0    0 225 -310  2
4218500 2850500  2  8 19   0.2  992 239  3.6 8  2.7  70    0    0 237 -309  2
4218500 2850500  2  8 20  -0.4  992 222  4.8 8  3.0  78    0    0 252 -307  2
4218500 2850500  2  8 21  -0.5  992 231  4.4 7  3.2  87    0    0 250 -304  2
4218500 2850500  2  8 22  -0.4  992 261  5.5 6  3.3  88    0    0 241 -302  2
4218500 2850500  2  8 23  -0.4  992 232  4.7 7  3.3  87    0    0 242 -301  2
4218500 2850500  2  8 24  -0.5  992 262  5.0 8  3.3  88    0    0 252 -301  2
4218500 2850500  2  9  1  -0.8  992 275  4.0 7  3.3  89    0    0 250 -302  2
4218500 2850500  2  9  2  -0.7  992 259  4.4 7  3.3  90    0    0 245 -303  2
4218500 2850500  2  9  3  -0.9  991 255  4.7 6  3.3  89    0    0 240 -304  2
4218500 2850500  2  9  4  -1.2  991 284  3.5 6  3.2  88    0    0 235 -304  2
4218500 2850500  2  9  5  -1.7  991 267  3.4 8  3.1  89    0    0 241 -304  2
4218500 2850500  2  9  6  -1.7  991 278  3.1 7  3.1  90    0    0 245 -304  2
4218500 2850500  2  9  7  -1.9  991 301  2.0 8  3.1  92    0    0 246 -303  2
4218500 2850500  2  9  8  -2.0  991 294  1.9 7  3.0  91    0    1 246 -303  2
4218500 2850500  2  9  9  -1.7  992 274  1.5 7  3.0  90    6   30 243 -303  2
4218500 2850500  2  9 10  -1.7  992 324  2.0 7  3.1  91   28   76 245 -306  2
4218500 2850500  2  9 11  -1.3  992  18  1.8 6  3.0  86   43  113 241 -309  2
4218500 2850500  2  9 12  -0.7  993 344  1.0 8  2.8  78    0   81 248 -311  2
4218500 2850500  2  9 13  -0.4  993 280  1.9 8  2.6  71    0  108 259 -312  2
4218500 2850500  2  9 14  -0.5  993 155  1.5 6  2.7  72   37  136 250 -313  2
4218500 2850500  2  9 15  -0.5  993 341  1.1 8  3.0  80    4   97 252 -314  2
4218500 2850500  2  9 16  -0.2  993 217  1.2 8  3.0  79    9   69 260 -313  2
4218500 2850500  2  9 17  -0.6  994 169  1.6 4  2.8  76    1   25 241 -310  2
4218500 2850500  2  9 18  -1.6  994 351  0.8 3  2.8  79    0    0 216 -308  2
4218500 2850500  2  9 19  -2.2  995 358  1.6 1  2.6  77    0    0 200 -306  2
4218500 2850500  2  9 20  -3.1  995 334  1.3 1  2.3  74    0    0 189 -302  2
4218500 2850500  2  9 21  -4.3  996 236  1.3 0  2.3  79    0    0 183 -300  2
4218500 2850500  2  9 22  -4.7  997 301  1.5 2  2.3  85    0    0 186 -301  2
4218500 2850500  2  9 23  -4.7  997 121  0.8 2  2.4  87    0    0 197 -301  2
4218500 2850500  2  9 24  -5.8  998 149  0.6 2  2.3  87    0    0 196 -300  2
4218500 2850500  2 10  1  -8.0  998 251  1.1 2  2.0  89    0    0 194 -299  2
4218500 2850500  2 10  2  -9.7  998 348  0.6 1  1.9  95    0    0 183 -296  2
4218500 2850500  2 10  3 -10.1  999 193  1.0 2  1.8  98    0    0 181 -293  2
4218500 2850500  2 10  4  -7.7  999 224  1.6 4  1.9  97    0    0 196 -292  2
4218500 2850500  2 10  5  -8.2  999 177  1.1 3  2.0  97    0    0 203 -290  2
4218500 2850500  2 10  6  -7.7  999 169  1.0 1  2.0  94    0    0 188 -288  2
4218500 2850500  2 10  7  -7.1 1000 186  2.3 3  2.1  94    0    0 189 -287  2
4218500 2850500  2 10  8  -6.4 1000 195  1.7 5  2.2  96    0    2 209 -287  2
4218500 2850500  2 10  9  -6.1 1001 186  1.8 5  2.3  96   15   33 219 -289  2
4218500 2850500  2 10 10  -6.5 1001 185  2.4 6  2.3  96   20   81 222 -293  2
4218500 2850500  2 10 11  -5.7 1001 182  1.9 7  2.4  97   15  114 232 -298  2
4218500 2850500  2 10 12  -4.5 1002 161  2.3 7  2.6  98   15  139 240 -305  2
4218500 2850500  2 10 13  -3.6 1001 170  2.3 7  2.8  98   23  152 242 -310  2
4218500 2850500  2 10 14  -2.8 1002 163  3.1 6  2.8  92  117  125 238 -312  2
4218500 2850500  2 10 15  -1.5 1001 151  3.8 5  2.7  83   93  105 232 -313  2
4218500 2850500  2 10 16  -1.3 1001 162  4.2 5  2.7  77   76   65 230 -313  2
4218500 2850500  2 10 17  -1.1 1001 162  3.1 4  2.5  70   13   31 226 -311  2
4218500 2850500  2 10 18  -2.2 1002 146  2.9 3  2.4  70    0    0 216 -308  2
4218500 2850500  2 10 19  -2.8 1002 144  3.4 3  2.4  76    0    0 212 -305  2
4218500 2850500  2 10 20  -3.2 1003 152  2.8 3  2.4  78    0    0 212 -304  2
4218500 2850500  2 10 21  -3.7 1004 150  2.7 3  2.4  80    0    0 211 -305  2
4218500 2850500  2 10 22  -4.2 1004 149  2.6 4  2.4  83    0    0 213 -305  2
4218500 2850500  2 10 23  -3.5 1005 167  3.5 4  2.7  86    0    0 217 -300  2
4218500 2850500  2 10 24  -2.5 1005 196  4.7 5  3.1  90    0    0 211 -294  2
4218500 2850500  2 11  1  -1.1  984 230  5.9 6  3.6  93    0    0 305 -315  2
4218500 2850500  2 11  2  -0.0  985 267  6.9 7  3.8  95    0    0 299 -315  2
4218500 2850500  2 11  3   0.8  986 294  7.6 8  4.1  96    0    0 296 -315  2
4218500 2850500  2 11  4   0.6  987 297  7.7 8  3.9  96    0    0 296 -314  2
4218500 2850500  2 11  5   0.8  988 298  7.9 8  4.0  96    0    0 295 -314  2
4218500 2850500  2 11  6   0.6  989 301  8.3 8  3.9  95    0    0 295 -313  2
4218500 2850500  2 11  7   0.5  990 301  8.1 8  3.9  96    0    0 293 -312  2
4218500 2850500  2 11  8   0.4  992 301  8.5 8  3.9  96    2    7 292 -311  2
4218500 2850500  2 11  9   0.2  993 302  8.7 8  3.8  96   19   27 291 -310  2
4218500 2850500  2 11 10   0.1  994 301  7.9 7  3.8  96    8   73 285 -310  2
4218500 2850500  2 11 11   0.3  995 301  7.5 7  3.7  94    6  102 280 -311  2
4218500 2850500  2 11 12   0.5  996 301  8.1 7  3.6  90    4  120 279 -313  2
4218500 2850500  2 11 13   0.5  997 303  8.1 7  3.5  88    0   85 279 -314  2
4218500 2850500  2 11 14   0.3  998 300  7.3 8  3.5  89    0   52 284 -315  2
4218500 2850500  2 11 15   0.5  999 291  7.6 8  3.6  90    0   37 289 -315  2
4218500 2850500  2 11 16   0.6 1000 291  7.5 8  3.5  88    0   23 289 -315  2
4218500 2850500  2 11 17   0.4 1000 291  7.1 7  3.4  85    0   15 284 -314  2
4218500 2850500  2 11 18   0.4 1001 298  6.7 7  3.4  85    0    0 278 -313  2
4218500 2850500  2 11 19   0.4 1001 293  6.5 7  3.4  87    0    0 275 -312  2
4218500 2850500  2 11 20   0.3 1002 293  5.9 7  3.4  86    0    0 273 -310  2
4218500 2850500  2 11 21   0.4 1002 300  5.8 7  3.3  84    0    0 272 -309  2
4218500 2850500  2 11 22   0.0 1003 285  4.8 6  3.3  84    0    0 268 -308  2
4218500 2850500  2 11 23  -0.3 1003 284  5.0 5  3.2  86    0    0 262 -307  2
4218500 2850500  2 11 24  -0.6 1003 292  4.5 5  3.2  88    0    0 258 -305  2
4218500 2850500  2 12  1  -0.7 1004 294  4.6 5  3.2  88    0    0 256 -303  2
4218500 2850500  2 12  2  -0.9 1004 293  4.4 5  3.2  88    0    0 256 -302  2
4218500 2850500  2 12  3  -1.1 1004 286  4.3 6  3.2  89    0    0 257 -299  2
4218500 2850500  2 12  4  -1.3 1004 294  4.1 7  3.1  90    0    0 263 -297  2
4218500 2850500  2 12  5  -1.6 1004 293  4.3 5  3.1  90    0    0 258 -295  2
4218500 2850500  2 12  6  -1.9 1004 284  4.5 5  3.0  90    0    0 249 -293  2
4218500 2850500  2 12  7  -1.7 1004 287  4.5 6  3.0  90    0    0 251 -290  2
4218500 2850500  2 12  8  -1.5 1004 293  4.4 7  3.0  87    0    8 259 -288  2
4218500 2850500  2 12  9  -1.3 1005 285  4.9 7  3.0  86    4   42 262 -286  2
4218500 2850500  2 12 10  -1.1 1005 296  4.9 7  3.0  87    2   84 262 -286  2
4218500 2850500  2 12 11  -0.8 1006 303  5.1 8  3.1  86    0   68 268 -289  2
4218500 2850500  2 12 12  -0.5 1006 297  5.1 8  3.0  82    0   82 275 -295  2
4218500 2850500  2 12 13  -0.3 1007 297  5.1 7  2.9  78    0   76 273 -300  2
4218500 2850500  2 12 14  -0.5 1007 294  5.7 8  2.8  75    0   64 273 -303  2
4218500 2850500  2 12 15  -0.6 1007 302  6.2 7  2.6  72    0   62 271 -303  2
4218500 2850500  2 12 16  -1.0 1008 294  5.7 6  2.5  71    0   56 258 -301  2
4218500 2850500  2 12 17  -1.1 1008 295  5.6 7  2.5  70    0   25 257 -298  2
4218500 2850500  2 12 18  -1.1 1008 294  5.4 7  2.5  70    0    0 260 -294  2
4218500 2850500  2 12 19  -1.2 1009 287  4.4 7  2.5  70    0    0 258 -291  2
4218500 2850500  2 12 20  -1.1 1009 287  4.5 7  2.5  70    0    0 256 -291  2
4218500 2850500  2 12 21  -1.2 1009 295  4.5 6  2.5  71    0    0 251 -291  2
4218500 2850500  2 12 22  -1.6 1009 296  4.6 5  2.4  71    0    0 240 -292  2
4218500 2850500  2 12 23  -1.7 1009 295  4.4 5  2.4  72    0    0 234 -291  2
4218500 2850500  2 12 24  -1.6 1010 296  4.6 6  2.5  73    0    0 239 -290  2
4218500 2850500  2 13  1  -2.4 1010 285  3.6 5  2.5  75    0    0 238 -289  2
4218500 2850500  2 13  2  -2.7 1010 292  3.9 3  2.5  78    0    0 223 -289  2
4218500 2850500  2 13  3  -3.2 1010 294  3.8 4  2.5  80    0    0 217 -292  2
4218500 2850500  2 13  4  -2.6 1010 304  3.7 6  2.5  82    0    0 230 -293  2
4218500 2850500  2 13  5  -2.8 1010 300  3.8 7  2.6  85    0    0 244 -294  2
4218500 2850500  2 13  6  -3.1 1010 300  3.6 6  2.6  86    0    0 242 -291  2
4218500 2850500  2 13  7  -3.3 1010 304  3.2 8  2.6  87    0    0 246 -287  2
4218500 2850500  2 13  8  -3.4 1010 304  3.3 7  2.6  88    4    9 249 -287  2
4218500 2850500  2 13  9  -3.0 1010 302  3.5 6  2.7  89   46   39 241 -289  2
4218500 2850500  2 13 10  -2.1 1010 312  3.7 4  2.7  87  124   72 230 -291  2
4218500 2850500  2 13 11  -1.1 1011 306  4.3 4  2.8  83  168  106 224 -296  2
4218500 2850500  2 13 12  -0.9 1011 299  4.4 3  2.8  79  243  108 223 -301  2
4218500 2850500  2 13 13   0.2 1011 301  3.9 1  2.7  73  323   78 215 -304  2
4218500 2850500  2 13 14   1.2 1010 287  3.7 0  2.5  64  317   69 208 -306  2
4218500 2850500  2 13 15   1.6 1010 292  3.2 0  2.4  56  235   74 207 -306  2
4218500 2850500  2 13 16   1.4 1010 297  2.9 1  2.3  54  122   69 210 -305  2
4218500 2850500  2 13 17   0.3 1010 306  1.9 0  2.2  55   17   37 208 -302  2
4218500 2850500  2 13 18  -1.0 1010 310  2.2 1  2.3  61    0    0 204 -298  2
4218500 2850500  2 13 19  -2.1 1010 315  2.0 3  2.3  69    0    0 209 -294  2
4218500 2850500  2 13 20  -2.7 1010 318  2.2 2  2.4  75    0    0 209 -292  2
4218500 2850500  2 13 21  -3.0 1010 326  2.3 1  2.5  80    0    0 199 -289  2
4218500 2850500  2 13 22  -3.7 1011 337  2.5 1  2.5  86    0    0 193 -287  2
4218500 2850500  2 13 23  -4.4 1011 352  2.4 1  2.5  90    0    0 191 -284  2
4218500 2850500  2 13 24  -4.7 1011 347  2.8 1  2.5  93    0    0 189 -282  2
4218500 2850500  2 14  1  -4.1 1012 346  3.0 0  2.6  94    0    0 186 -281  2
4218500 2850500  2 14  2  -4.3 1012 334  3.1 0  2.6  93    0    0 181 -279  2
4218500 2850500  2 14  3  -4.5 1012 331  2.9 1  2.5  93    0    0 186 -278  2
4218500 2850500  2 14  4  -4.3 1012 325  2.9 2  2.5  92    0    0 194 -277  2
4218500 2850500  2 14  5  -3.9 1012 333  3.2 4  2.6  92    0    0 208 -276  2
4218500 2850500  2 14  6  -3.7 1012 305  2.9 6  2.7  93    0    0 227 -276  2
4218500 2850500  2 14  7  -3.3 1013 303  3.3 7  2.7  92    0    0 240 -276  2
4218500 2850500  2 14  8  -3.4 1013 316  3.5 7  2.7  92    3    9 246 -276  2
4218500 2850500  2 14  9  -3.0 1014 315  3.9 7  2.8  92   25   44 246 -277  2
4218500 2850500  2 14 10  -2.7 1014 315  3.9 7  2.8  92   35   97 247 -279  2
4218500 2850500  2 14 11  -2.1 1015 324  5.1 7  2.8  89   18  132 250 -284  2
4218500 2850500  2 14 12  -1.7 1015 330  5.3 8  2.8  86    2  125 259 -289  2
4218500 2850500  2 14 13  -1.0 1016 329  5.2 7  2.8  81   13  158 263 -295  2
4218500 2850500  2 14 14   0.2 1016 324  5.3 6  2.6  71   67  169 257 -299  2
4218500 2850500  2 14 15   0.3 1016 339  4.8 6  2.5  66   49  141 255 -303  2
4218500 2850500  2 14 16   0.2 1017 321  5.0 6  2.5  66   10   86 253 -304  2
4218500 2850500  2 14 17  -0.4 1017 319  4.4 5  2.5  67    9   36 245 -300  2
4218500 2850500  2 14 18  -1.4 1017 318  3.5 4  2.5  70    0    0 233 -292  2
4218500 2850500  2 14 19  -1.7 1018 326  4.2 3  2.5  74    0    0 222 -287  2
4218500 2850500  2 14 20  -2.6 1018 324  4.0 2  2.5  78    0    0 214 -284  2
4218500 2850500  2 14 21  -2.5 1019 297  3.6 2  2.5  81    0    0 209 -283  2
4218500 2850500  2 14 22  -2.7 1019 307  4.0 3  2.6  83    0    0 213 -282  2
4218500 2850500  2 14 23  -3.0 1020 293  3.5 4  2.6  86    0    0 220 -280  2
4218500 2850500  2 14 24  -3.1 1020 286  4.1 5  2.7  88    0    0 227 -280  2
4218500 2850500  2 15  1  -2.8 1020 291  4.5 5  2.7  91    0    0 232 -281  2
4218500 2850500  2 15  2  -3.0 1020 300  4.0 6  2.8  91    0    0 235 -283  2
4218500 2850500  2 15  3  -3.5 1020 281  3.8 6  2.7  91    0    0 239 -285  2
4218500 2850500  2 15  4  -4.1 1020 287  4.0 8  2.6  92    0    0 246 -285  2
4218500 2850500  2 15  5  -4.0 1020 278  3.8 8  2.6  94    0    0 255 -283  2
4218500 2850500  2 15  6  -3.6 1020 270  3.5 8  2.7  94    0    0 257 -279  2
4218500 2850500  2 15  7  -3.1 1020 244  3.1 8  2.7  93    0    0 259 -275  2
4218500 2850500  2 15  8  -2.8 1020 250  4.1 8  2.7  90    0    5 261 -274  2
4218500 2850500  2 15  9  -2.2 1020 251  3.8 7  2.7  87    1   41 259 -277  2
4218500 2850500  2 15 10  -1.1 1019 261  4.6 6  2.8  84    3   93 255 -283  2
4218500 2850500  2 15 11   0.0 1019 264  5.4 7  2.9  81    6  139 261 -289  2
4218500 2850500  2 15 12   0.6 1019 272  5.6 6  3.1  80   22  200 267 -295  2
4218500 2850500  2 15 13   1.2 1018 260  5.1 7  3.2  79   12  188 272 -301  2
4218500 2850500  2 15 14   0.7 1018 270  5.6 7  3.3  81   13  180 280 -304  2
4218500 2850500  2 15 15   0.2 1017 264  5.0 7  3.4  88    5  133 281 -306  2
4218500 2850500  2 15 16   0.0 1017 261  5.1 8  3.5  92    1   72 286 -306  2
4218500 2850500  2 15 17   0.0 1016 251  4.8 8  3.6  94    0   28 290 -305  2
4218500 2850500  2 15 18   0.0 1016 251  4.8 8  3.6  94    0    0 290 -303  2
4218500 2850500  2 15 19  -0.3 1016 250  5.0 8  3.5  95    0    0 289 -301  2
4218500 2850500  2 15 20  -0.2 1016 250  5.0 8  3.5  95    0    0 288 -300  2
4218500 2850500  2 15 21  -0.2 1015 250  4.0 8  3.5  95    0    0 289 -300  2
4218500 2850500  2 15 22  -0.2 1015 249  3.8 8  3.6  95    0    0 290 -301  2
4218500 2850500  2 15 23  -0.3 1015 233  3.8 8  3.5  95    0    0 289 -301  2
4218500 2850500  2 15 24  -0.4 1014 214  3.1 8  3.5  95    0    0 290 -301  2
4218500 2850500  2 16  1  -0.8 1014 214  3.1 8  3.5  96    0    0 288 -300  2
4218500 2850500  2 16  2  -0.9 1013 212  2.9 8  3.4  96    0    0 288 -299  2
4218500 2850500  2 16  3  -0.9 1012 213  2.7 8  3.4  97    0    0 287 -297  2
4218500 2850500  2 16  4  -0.9 1012 207  2.5 8  3.5  98    0    0 287 -293  2
4218500 2850500  2 16  5  -0.7 1011 214  2.1 8  3.5  97    0    0 286 -289  2
4218500 2850500  2 16  6  -0.7 1011 215  1.6 8  3.5  97    0    0 285 -285  2
4218500 2850500  2 16  7  -0.5 1011 200  1.4 8  3.6  98    0    0 285 -283  2
4218500 2850500  2 16  8  -0.4 1011 192  1.2 8  3.6  99    0    9 284 -282  2
4218500 2850500  2 16  9   0.0 1011 248  0.9 8  3.7  98    0   39 285 -281  2
4218500 2850500  2 16 10   0.3 1011 329  1.1 8  3.8  98    0   72 285 -283  2
4218500 2850500  2 16 11   0.7 1011 326  1.4 7  3.8  98    0  107 281 -287  2
4218500 2850500  2 16 12   0.8 1011 286  1.7 8  3.9  96    0   85 282 -291  2
4218500 2850500  2 16 13   1.2 1011  30  1.1 8  3.8  94    0   72 287 -296  2
4218500 2850500  2 16 14   1.3 1011 316  1.0 7  3.9  93    0   67 283 -299  2
4218500 2850500  2 16 15   1.0 1011 281  1.9 8  3.8  93    0   64 282 -300  2
4218500 2850500  2 16 16   0.9 1011 274  2.1 7  3.8  93    0   53 280 -298  2
4218500 2850500  2 16 17   0.6 1011 278  1.8 7  3.8  94    0   33 275 -295  2
4218500 2850500  2 16 18   0.3 1011 320  1.2 7  3.8  96    0    0 273 -291  2
4218500 2850500  2 16 19   0.1 1011  11  0.8 7  3.8  98    0    0 270 -288  2
4218500 2850500  2 16 20   0.1 1011 116  1.4 8  3.7  98    0    0 273 -285  2
4218500 2850500  2 16 21  -0.1 1010  96  2.0 7  3.7  99    0    0 271 -283  2
4218500 2850500  2 16 22  -0.3 1010  86  2.0 8  3.7  99    0    0 269 -281  2
4218500 2850500  2 16 23  -0.6 1010  72  2.2 7  3.6  99    0    0 269 -279  2
4218500 2850500  2 16 24  -0.7 1009  70  2.3 7  3.6  98    0    0 264 -278  2
4218500 2850500  2 17  1  -1.4 1009  70  3.4 8  3.5  98    0    0 268 -276  2
4218500 2850500  2 17  2  -1.8 1009  77  3.6 8  3.3  98    0    0 271 -275  2
4218500 2850500  2 17  3  -2.4 1010  68  3.2 7  3.1  96    0    0 265 -274  2
4218500 2850500  2 17  4  -3.0 1010  58  3.1 7  3.0  95    0    0 259 -273  2
4218500 2850500  2 17  5  -3.8 1010  48  3.2 5  2.8  96    0    0 247 -272  2
4218500 2850500  2 17  6  -4.9 1010  49  2.8 2  2.6  95    0    0 221 -271  2
4218500 2850500  2 17  7  -5.9 1011  45  2.5 1  2.4  94    0    0 200 -270  2
4218500 2850500  2 17  8  -5.9 1012  20  2.2 1  2.3  94    8    9 193 -269  2
4218500 2850500  2 17  9  -4.9 1013  11  2.4 0  2.4  93  105   21 189 -270  2
4218500 2850500  2 17 10  -3.6 1013 353  2.4 2  2.5  90  169   46 194 -272  2
4218500 2850500  2 17 11  -2.8 1014  30  3.1 3  2.6  86  203   85 209 -278  2
4218500 2850500  2 17 12  -1.7 1014  21  3.7 3  2.6  82  218  115 215 -284  2
4218500 2850500  2 17 13  -1.2 1015  14  4.2 2  2.7  78  240  116 211 -289  2
4218500 2850500  2 17 14  -0.3 1015  33  4.9 3  2.5  70  261   88 212 -292  2
4218500 2850500  2 17 15  -0.8 1016  11  4.8 4  2.4  67  255   52 221 -291  2
4218500 2850500  2 17 16  -0.8 1016 355  5.0 5  2.5  70  127   61 230 -288  2
4218500 2850500  2 17 17  -0.9 1017   8  5.2 4  2.6  72    4   41 229 -282  2
4218500 2850500  2 17 18  -1.4 1017 358  4.2 5  2.7  79    0    0 228 -276  2
4218500 2850500  2 17 19  -1.9 1018 351  4.1 4  2.8  85    0    0 227 -268  2
4218500 2850500  2 17 20  -2.4 1019   1  4.2 4  2.8  86    0    0 223 -260  2
4218500 2850500  2 17 21  -2.8 1019 353  3.8 4  2.7  86    0    0 224 -255  2
4218500 2850500  2 17 22  -3.4 1020 342  4.1 4  2.6  88    0    0 223 -253  2
4218500 2850500  2 17 23  -3.0 1020 336  4.0 5  2.7  89    0    0 228 -252  2
4218500 2850500  2 17 24  -3.0 1021 343  3.9 6  2.7  88    0    0 236 -251  2
4218500 2850500  2 18  1  -2.9 1021 327  4.0 6  2.7  88    0    0 239 -251  2
4218500 2850500  2 18  2  -2.9 1021 340  4.2 7  2.7  88    0    0 241 -251  2
4218500 2850500  2 18  3  -2.9 1021 337  3.8 8  2.7  87    0    0 246 -251  2
4218500 2850500  2 18  4  -3.3 1021 339  4.0 7  2.6  87    0    0 245 -252  2
4218500 2850500  2 18  5  -5.2 1021 300  3.3 6  2.4  89    0    0 237 -252  2
4218500 2850500  2 18  6  -5.5 1021 321  2.6 7  2.3  90    0    0 233 -252  2
4218500 2850500  2 18  7  -4.7 1021 293  2.1 7  2.4  92    0    0 237 -253  2
4218500 2850500  2 18  8  -4.4 1021 314  3.2 8  2.4  91    5   14 241 -255  2
4218500 2850500  2 18  9  -4.2 1022 328  3.2 8  2.5  90   35   59 244 -257  2
4218500 2850500  2 18 10  -3.2 1022 322  3.6 8  2.5  87   32  124 245 -262  2
4218500 2850500  2 18 11  -2.4 1022 324  3.4 8  2.5  83   14  155 250 -273  2
4218500 2850500  2 18 12  -1.7 1022 348  3.3 7  2.6  79   32  202 253 -285  2
4218500 2850500  2 18 13  -1.7 1022 333  3.8 7  2.5  75    0  123 252 -292  2
4218500 2850500  2 18 14  -1.6 1021 340  4.0 7  2.4  72    0   71 252 -295  2
4218500 2850500  2 18 15  -1.9 1021 341  4.2 8  2.3  71    0   67 254 -294  2
4218500 2850500  2 18 16  -2.1 1021 337  4.0 8  2.4  74    0   44 257 -290  2
4218500 2850500  2 18 17  -2.3 1021 329  3.5 8  2.4  75    0   20 254 -281  2
4218500 2850500  2 18 18  -2.8 1021 320  3.6 8  2.3  75    0    0 250 -269  2
4218500 2850500  2 18 19  -3.3 1021 352  4.1 7  2.3  77    0    0 244 -262  2
4218500 2850500  2 18 20  -3.5 1021 321  3.4 7  2.2  76    0    0 240 -259  2
4218500 2850500  2 18 21  -3.7 1021 336  3.7 7  2.2  76    0    0 239 -260  2
4218500 2850500  2 18 22  -3.8 1021 319  3.1 7  2.1  75    0    0 238 -262  2
4218500 2850500  2 18 23  -4.0 1021 343  2.5 7  2.1  73    0    0 237 -258  2
4218500 2850500  2 18 24  -4.1 1021 249  1.9 7  2.1  74    0    0 236 -253  2
4218500 2850500  2 19  1  -3.8 1020 244  2.9 8  2.1  74    0    0 240 -250  2
4218500 2850500  2 19  2  -4.0 1020 261  2.9 8  2.1  74    0    0 242 -248  2
4218500 2850500  2 19  3  -4.0 1019 262  2.8 8  2.1  75    0    0 243 -246  2
4218500 2850500  2 19  4  -4.0 1019 245  2.7 7  2.2  77    0    0 241 -245  2
4218500 2850500  2 19  5  -4.0 1019 261  3.1 7  2.2  80    0    0 238 -245  2
4218500 2850500  2 19  6  -4.2 1019 260  3.8 7  2.3  83    0    0 237 -247  2
4218500 2850500  2 19  7  -4.0 1018 256  3.8 8  2.4  86    0    0 241 -257  2
4218500 2850500  2 19  8  -3.6 1018 259  4.0 8  2.5  89    2   14 246 -266  2
4218500 2850500  2 19  9  -3.0 1018 255  4.0 7  2.7  92    9   66 245 -270  2
4218500 2850500  2 19 10  -2.4 1018 276  4.4 7  2.9  94    0   82 245 -275  2
4218500 2850500  2 19 11  -1.7 1018 275  5.0 7  3.1  95    0   83 249 -281  2
4218500 2850500  2 19 12  -1.2 1017 283  5.1 8  3.2  94    0   79 259 -286  2
4218500 2850500  2 19 13  -0.6 1017 296  5.3 7  3.2  90    0  104 263 -291  2
4218500 2850500  2 19 14  -0.3 1017 292  5.3 8  3.1  85    0   86 264 -295  2
4218500 2850500  2 19 15   0.0 1017 287  5.6 8  3.0  80    0   83 270 -296  2
4218500 2850500  2 19 16  -0.5 1017 280  4.6 8  3.0  80    0   61 269 -295  2
4218500 2850500  2 19 17  -0.8 1017 271  3.3 8  3.1  86    0   37 267 -293  2
4218500 2850500  2 19 18  -0.9 1017 270  4.1 8  3.2  92    0    0 264 -290  2
4218500 2850500  2 19 19  -1.2 1017 272  4.6 8  3.3  94    0    0 260 -287  2
4218500 2850500  2 19 20  -1.1 1017 264  4.5 8  3.3  95    0    0 258 -284  2
4218500 2850500  2 19 21  -0.9 1017 263  3.9 8  3.3  94    0    0 259 -283  2
4218500 2850500  2 19 22  -1.0 1017 264  4.0 7  3.3  93    0    0 255 -283  2
4218500 2850500  2 19 23  -0.9 1017 253  3.8 7  3.3  93    0    0 251 -282  2
4218500 2850500  2 19 24  -0.7 1017 253  3.4 7  3.3  93    0    0 251 -281  2
4218500 2850500  2 20  1  -0.8 1016 245  2.9 8  3.3  93    0    0 255 -279  2
4218500 2850500  2 20  2  -0.6 1016 261  3.0 7  3.4  94    0    0 256 -278  2
4218500 2850500  2 20  3  -0.4 1016 254  3.0 8  3.5  95    0    0 257 -277  2
4218500 2850500  2 20  4  -0.4 1016 233  2.3 8  3.6  97    0    0 261 -276  2
4218500 2850500  2 20  5  -0.4 1015 261  2.1 8  3.6  98    0    0 260 -275  2
4218500 2850500  2 20  6  -0.1 1015 265  1.7 8  3.6  98    0    0 261 -274  2
4218500 2850500  2 20  7   0.1 1015 271  1.6 8  3.7  98    0    0 263 -274  2
4218500 2850500  2 20  8   0.2 1015 272  1.9 8  3.7  97    0    9 263 -274  2
4218500 2850500  2 20  9   0.5 1015 299  1.8 7  3.8  98    2   51 261 -274  2
4218500 2850500  2 20 10   0.8 1015 286  2.4 8  3.9  98    0   68 262 -278  2
4218500 2850500  2 20 11   1.0 1016 314  2.2 7  3.9  98    0  107 265 -283  2
4218500 2850500  2 20 12   1.4 1016 315  1.9 8  4.0  97    0   86 268 -289  2
4218500 2850500  2 20 13   1.5 1016 333  1.8 7  4.1  97    0   76 271 -295  2
4218500 2850500  2 20 14   1.3 1016 345  1.4 8  4.1  98    0   94 272 -299  2
4218500 2850500  2 20 15   1.5 1016 328  1.3 8  4.1  98    0   96 277 -299  2
4218500 2850500  2 20 16   1.3 1017   3  2.0 8  4.0  96    0   55 276 -296  2
4218500 2850500  2 20 17   1.2 1017  32  2.1 8  4.0  96    0   13 275 -292  2
4218500 2850500  2 20 18   0.9 1018  66  2.5 8  3.9  96    0    0 273 -287  2
4218500 2850500  2 20 19   0.6 1018  77  2.3 8  3.8  96    0    0 270 -284  2
4218500 2850500  2 20 20   0.4 1019  78  2.3 8  3.7  95    0    0 269 -281  2
4218500 2850500  2 20 21   0.2 1019  89  2.0 8  3.6  95    0    0 268 -281  2
4218500 2850500  2 20 22  -0.2 1020  90  2.6 8  3.6  95    0    0 268 -282  2
4218500 2850500  2 20 23  -0.5 1020  82  2.7 8  3.5  95    0    0 267 -284  2
4218500 2850500  2 20 24  -0.8 1021  81  2.9 8  3.3  93    0    0 266 -286  2
4218500 2850500  2 21  1  -1.2 1021  74  2.8 8  3.3  93    0    0 266 -286  2
4218500 2850500  2 21  2  -1.4 1022  81  3.1 8  3.2  92    0    0 267 -286  2
4218500 2850500  2 21  3  -1.7 1022  97  2.8 8  3.1  92    0    0 268 -287  2
4218500 2850500  2 21  4  -2.1 1022  88  2.1 8  3.0  92    0    0 269 -287  2
4218500 2850500  2 21  5  -2.2 1022  81  2.8 8  2.9  92    0    0 270 -288  2
4218500 2850500  2 21  6  -2.6 1023  72  2.6 8  2.9  91    0    0 271 -289  2
4218500 2850500  2 21  7  -2.7 1023  84  2.1 8  2.8  91    0    0 271 -290  2
4218500 2850500  2 21  8  -2.9 1023  89  1.8 8  2.8  91    2   15 272 -290  2
4218500 2850500  2 21  9  -2.7 1024 101  2.2 8  2.8  92    3   58 271 -291  2
4218500 2850500  2 21 10  -2.2 1024  94  1.8 8  2.9  92    1   90 272 -295  2
4218500 2850500  2 21 11  -1.7 1024 140  1.6 8  2.9  90    0   95 272 -299  2
4218500 2850500  2 21 12  -1.1 1024 124  2.5 8  3.0  89    0   88 274 -304  2
4218500 2850500  2 21 13  -0.8 1024 121  2.2 7  3.1  88    0  117 273 -308  2
4218500 2850500  2 21 14  -0.6 1024 151  2.4 8  3.1  88    0  122 276 -310  2
4218500 2850500  2 21 15  -0.7 1024 152  2.3 8  3.1  88    0   95 281 -311  2
4218500 2850500  2 21 16  -0.9 1024 150  2.0 8  3.1  88    0   50 283 -311  2
4218500 2850500  2 21 17  -1.2 1024 166  2.6 8  3.1  90    0   27 284 -310  2
4218500 2850500  2 21 18  -1.4 1024 149  2.4 8  3.1  92    0    0 285 -307  2
4218500 2850500  2 21 19  -1.4 1023 159  2.4 8  3.2  93    0    0 284 -306  2
4218500 2850500  2 21 20  -1.4 1023 165  2.5 8  3.2  94    0    0 286 -305  2
4218500 2850500  2 21 21  -1.3 1022 175  2.4 8  3.2  95    0    0 289 -305  2
4218500 2850500  2 21 22  -1.4 1022 177  1.9 8  3.2  95    0    0 292 -306  2
4218500 2850500  2 21 23  -1.4 1022 166  2.7 8  3.3  96    0    0 294 -307  2
4218500 2850500  2 21 24  -1.3 1021 184  2.6 8  3.3  96    0    0 295 -308  2
4218500 2850500  2 22  1  -0.9 1020 180  3.2 7  3.4  97    0    0 293 -309  2
4218500 2850500  2 22  2  -0.5 1019 182  2.9 8  3.5  98    0    0 294 -310  2
4218500 2850500  2 22  3  -0.2 1018 191  3.3 8  3.6  99    0    0 301 -311  2
4218500 2850500  2 22  4   0.1 1017 198  3.3 8  3.7  98    0    0 303 -312  2
4218500 2850500  2 22  5   0.3 1016 203  3.7 7  3.8  98    0    0 299 -314  2
4218500 2850500  2 22  6   0.4 1014 213  3.8 8  3.8  99    0    0 300 -315  2
4218500 2850500  2 22  7   0.5 1014 211  4.1 8  3.9  99    0    0 308 -315  2
4218500 2850500  2 22  8   0.9 1013 214  4.1 8  3.9  98    0    6 309 -316  2
4218500 2850500  2 22  9   1.1 1012 213  3.8 7  4.0  98    0   30 303 -316  2
4218500 2850500  2 22 10   1.3 1011 224  4.1 8  4.1  99    0   49 305 -316  2
4218500 2850500  2 22 11   1.9 1011 233  3.8 8  4.3 100    0   72 315 -316  2
4218500 2850500  2 22 12   2.9 1010 242  4.0 8  4.5  99    0   84 319 -316  2
4218500 2850500  2 22 13   3.6 1009 254  4.9 7  4.7  98    0   65 316 -316  2
4218500 2850500  2 22 14   3.9 1008 263  4.7 8  4.9  98    0   63 319 -316  2
4218500 2850500  2 22 15   4.2 1008 263  4.5 7  5.0  98    0   73 321 -316  2
4218500 2850500  2 22 16   4.4 1007 272  5.1 7  5.1  98    0   60 314 -315  2
4218500 2850500  2 22 17   4.6 1006 281  5.1 8  5.1  97    0   25 323 -315  2
4218500 2850500  2 22 18   4.6 1006 278  4.9 7  5.1  96    0    0 323 -315  2
4218500 2850500  2 22 19   4.4 1006 276  4.3 8  5.1  96    0    0 323 -315  2
4218500 2850500  2 22 20   4.4 1006 266  5.0 8  5.0  96    0    0 330 -315  2
4218500 2850500  2 22 21   4.1 1005 272  5.2 8  4.8  93    0    0 328 -315  2
4218500 2850500  2 22 22   4.2 1005 280  5.2 7  4.6  90    0    0 319 -315  2
4218500 2850500  2 22 23   3.8 1005 272  5.4 8  4.6  90    0    0 318 -315  2
4218500 2850500  2 22 24   3.8 1004 279  5.1 8  4.5  89    0    0 325 -315  2
4218500 2850500  2 23  1   3.9 1004 273  5.3 8  4.5  88    0    0 324 -315  2
4218500 2850500  2 23  2   3.4 1003 272  5.5 8  4.5  90    0    0 323 -315  2
4218500 2850500  2 23  3   3.6 1003 279  6.5 8  4.6  93    0    0 323 -315  2
4218500 2850500  2 23  4   3.6 1002 280  5.6 8  4.6  94    0    0 322 -315  2
4218500 2850500  2 23  5   3.8 1002 280  6.4 8  4.7  93    0    0 322 -315  2
4218500 2850500  2 23  6   3.5 1001 289  5.4 8  4.7  94    0    0 321 -315  2
4218500 2850500  2 23  7   3.5 1001 284  5.5 8  4.7  96    0    0 318 -315  2
4218500 2850500  2 23  8   3.6 1001 282  5.0 8  4.8  96    8   23 319 -315  2
4218500 2850500  2 23  9   3.8 1001 285  5.7 8  4.8  96    4   67 319 -315  2
4218500 2850500  2 23 10   3.9 1001 292  5.8 7  4.8  96    1  102 312 -315  2
4218500 2850500  2 23 11   4.1 1001 296  5.8 7  4.8  94    0   92 306 -315  2
4218500 2850500  2 23 12   4.2 1002 304  5.4 7  4.8  92    0   87 306 -315  2
4218500 2850500  2 23 13   3.8 1002 324  6.4 7  4.7  91    0   73 306 -316  2
4218500 2850500  2 23 14   2.7 1002 333  6.2 8  4.4  90    0   52 309 -316  2
4218500 2850500  2 23 15   2.2 1003 334  5.6 8  4.1  88    0   42 313 -316  2
4218500 2850500  2 23 16   1.5 1003 326  5.6 8  3.9  89    0   24 311 -316  2
4218500 2850500  2 23 17   1.1 1004 324  5.6 8  3.8  91    0   24 309 -317  2
4218500 2850500  2 23 18   0.9 1004 332  4.9 7  3.8  93    0    0 302 -316  2
4218500 2850500  2 23 19   0.8 1005 331  4.8 8  3.8  93    0    0 302 -315  2
4218500 2850500  2 23 20   0.6 1006 322  5.1 8  3.8  93    0    0 308 -315  2
4218500 2850500  2 23 21   0.7 1007 323  4.8 8  3.8  94    0    0 308 -315  2
4218500 2850500  2 23 22   0.7 1007 322  5.1 8  3.7  93    0    0 308 -314  2
4218500 2850500  2 23 23   0.9 1008 324  5.0 7  3.7  92    0    0 302 -312  2
4218500 2850500  2 23 24   0.9 1009 327  4.7 8  3.7  91    0    0 303 -312  2
4218500 2850500  2 24  1   0.8 1009 324  4.9 8  3.7  90    0    0 309 -313  2
4218500 2850500  2 24  2   1.0 1010 332  4.5 8  3.7  90    0    0 310 -314  2
4218500 2850500  2 24  3   0.9 1010 331  4.9 8  3.7  91    0    0 310 -314  2
4218500 2850500  2 24  4   0.9 1011 334  5.0 8  3.8  93    0    0 309 -314  2
4218500 2850500  2 24  5   0.8 1011 342  4.7 8  3.8  94    0    0 309 -313  2
4218500 2850500  2 24  6   0.9 1012 344  4.4 7  3.9  95    0    0 302 -313  2
4218500 2850500  2 24  7   1.1 1013 352  3.9 8  3.9  95    0    0 303 -312  2
4218500 2850500  2 24  8   1.3 1014 345  3.6 8  3.9  95    3   17 308 -312  2
4218500 2850500  2 24  9   1.4 1015 343  4.1 8  4.0  96    1   55 308 -313  2
4218500 2850500  2 24 10   1.7 1016 352  4.4 7  4.1  97    0   74 302 -314  2
4218500 2850500  2 24 11   1.8 1017 359  3.5 7  4.1  96    0   67 294 -315  2
4218500 2850500  2 24 12   2.2 1017   3  3.9 7  4.1  95    0   81 293 -316  2
4218500 2850500  2 24 13   2.3 1018 351  3.1 7  4.1  93    0   72 292 -320  2
4218500 2850500  2 24 14   2.3 1018 359  2.9 8  4.1  92    0  100 298 -324  2
4218500 2850500  2 24 15   3.0 1019 334  2.5 6  4.0  88    4  149 291 -324  2
4218500 2850500  2 24 16   2.9 1019 312  2.6 6  3.9  83    0   64 279 -323  2
4218500 2850500  2 24 17   2.4 1020 305  2.7 8  3.7  82    0   27 290 -320  2
4218500 2850500  2 24 18   2.2 1020 301  2.5 8  3.7  83    0    1 301 -317  2
4218500 2850500  2 24 19   1.9 1021 304  2.5 7  3.7  85    0    0 295 -315  2
4218500 2850500  2 24 20   1.9 1021 273  2.0 7  3.7  85    0    0 289 -315  2
4218500 2850500  2 24 21   2.0 1021 266  1.7 8  3.6  83    0    0 296 -315  2
4218500 2850500  2 24 22   2.1 1021 247  2.0 8  3.6  83    0    0 304 -313  2
4218500 2850500  2 24 23   1.9 1022 242  2.6 7  3.6  84    0    0 298 -312  2
4218500 2850500  2 24 24   1.7 1022 242  3.0 7  3.5  82    0    0 293 -312  2
4218500 2850500  2 25  1   1.2 1022 232  3.4 6  3.4  82    0    0 285 -312  2
4218500 2850500  2 25  2   1.2 1022 233  3.6 6  3.4  83    0    0 280 -313  2
4218500 2850500  2 25  3   1.2 1022 250  3.6 6  3.4  82    0    0 281 -314  2
4218500 2850500  2 25  4   1.3 1022 261  3.1 6  3.4  83    0    0 282 -314  2
4218500 2850500  2 25  5   1.4 1021 259  3.9 7  3.5  83    0    0 287 -314  2
4218500 2850500  2 25  6   1.4 1021 241  4.3 8  3.5  83    0    0 297 -314  2
4218500 2850500  2 25  7   1.6 1021 243  4.0 8  3.5  84    0    0 303 -315  2
4218500 2850500  2 25  8   2.1 1021 250  4.1 8  3.6  84   11   29 304 -315  2
4218500 2850500  2 25  9   2.3 1021 256  5.1 7  3.8  85   22   85 299 -315  2
4218500 2850500  2 25 10   3.0 1021 255  4.6 7  4.0  88    4  119 296 -315  2
4218500 2850500  2 25 11   3.5 1021 269  4.3 7  4.1  86    0  115 298 -318  2
4218500 2850500  2 25 12   4.0 1021 272  4.6 7  4.1  84    0  116 300 -321  2
4218500 2850500  2 25 13   4.6 1020 263  4.6 7  4.2  82    0  147 303 -325  2
4218500 2850500  2 25 14   5.1 1020 263  5.0 7  4.2  80    1  147 307 -328  2
4218500 2850500  2 25 15   5.4 1019 260  4.6 7  4.2  77    0  123 310 -333  2
4218500 2850500  2 25 16   5.3 1019 237  5.2 7  4.2  75    1   98 311 -337  2
4218500 2850500  2 25 17   4.8 1018 235  5.1 8  4.0  74    1   53 316 -337  2
4218500 2850500  2 25 18   4.6 1018 223  3.5 8  3.9  74    0    0 320 -334  2
4218500 2850500  2 25 19   4.7 1017 231  3.8 8  3.9  74    0    0 321 -331  2
4218500 2850500  2 25 20   4.9 1017 230  4.3 8  4.0  74    0    0 323 -329  2
4218500 2850500  2 25 21   4.9 1016 259  4.6 8  4.0  76    0    0 324 -328  2
4218500 2850500  2 25 22   5.3 1016 250  5.3 8  4.1  75    0    0 326 -327  2
4218500 2850500  2 25 23   5.3 1016 258  5.5 8  4.1  74    0    0 327 -326  2
4218500 2850500  2 25 24   4.9 1015 252  4.8 8  4.2  78    0    0 328 -326  2
4218500 2850500  2 26  1   5.0 1014 252  5.8 7  4.4  82    0    0 324 -325  2
4218500 2850500  2 26  2   5.0 1014 239  5.0 7  4.5  84    0    0 319 -325  2
4218500 2850500  2 26  3   4.7 1013 232  5.6 7  4.6  86    0    0 318 -325  2
4218500 2850500  2 26  4   5.0 1012 239  5.4 8  4.7  88    0    0 323 -325  2
4218500 2850500  2 26  5   5.0 1011 246  5.3 8  4.8  88    0    0 329 -325  2
4218500 2850500  2 26  6   5.2 1011 247  5.7 8  4.8  88    0    0 328 -325  2
4218500 2850500  2 26  7   4.6 1010 246  5.2 8  4.9  91    0    0 327 -325  2
4218500 2850500  2 26  8   4.5 1010 230  5.6 8  5.0  94   16   18 325 -327  2
4218500 2850500  2 26  9   4.8 1009 251  5.9 7  5.1  95   23   68 318 -329  2
4218500 2850500  2 26 10   5.4 1009 257  6.2 8  5.2  94   16  125 320 -333  2
4218500 2850500  2 26 11   6.4 1008 260  5.9 8  5.2  89    9  152 327 -338  2
4218500 2850500  2 26 12   6.9 1008 263  6.4 7  5.1  84    0  140 321 -340  2
4218500 2850500  2 26 13   7.5 1007 274  7.5 6  4.9  77    0   85 309 -339  2
4218500 2850500  2 26 14   7.4 1007 266  7.8 6  4.5  70    0  100 300 -341  2
4218500 2850500  2 26 15   7.1 1006 267  7.1 6  4.3  67    0   86 296 -343  2
4218500 2850500  2 26 16   6.7 1005 262  6.7 7  4.2  67    0   53 301 -341  2
4218500 2850500  2 26 17   6.8 1005 260  7.3 8  4.1  67    0   31 313 -338  2
4218500 2850500  2 26 18   6.0 1004 255  6.1 7  4.1  69    0    1 313 -335  2
4218500 2850500  2 26 19   6.4 1004 251  6.9 8  4.1  70    0    0 314 -332  2
4218500 2850500  2 26 20   5.0 1004 254  6.2 8  4.5  78    0    0 322 -330  2
4218500 2850500  2 26 21   5.0 1003 265  7.2 8  4.9  90    0    0 321 -328  2
4218500 2850500  2 26 22   4.9 1003 270  6.7 8  5.0  92    0    0 322 -327  2
4218500 2850500  2 26 23   4.8 1002 280  7.4 8  5.0  92    0    0 323 -325  2
4218500 2850500  2 26 24   4.7 1002 281  7.5 7  4.9  90    0    0 315 -323  2
4218500 2850500  2 27  1   4.6 1002 281  6.7 7  4.8  89    0    0 306 -322  2
4218500 2850500  2 27  2   4.4 1002 281  5.8 7  4.7  89    0    0 303 -322  2
4218500 2850500  2 27  3   4.4 1002 282  6.6 7  4.7  89    0    0 302 -321  2
4218500 2850500  2 27  4   4.0 1002 283  6.6 7  4.7  90    0    0 302 -321  2
4218500 2850500  2 27  5   3.8 1003 290  6.4 7  4.6  90    0    0 301 -320  2
4218500 2850500  2 27  6   3.7 1003 289  5.9 7  4.5  89    0    0 300 -319  2
4218500 2850500  2 27  7   3.7 1004 281  5.2 7  4.5  89    0    0 299 -318  2
4218500 2850500  2 27  8   3.9 1005 282  5.0 7  4.5  89   25   19 298 -318  2
4218500 2850500  2 27  9   4.4 1006 289  5.8 7  4.5  88   63   58 298 -319  2
4218500 2850500  2 27 10   4.5 1006 281  5.1 7  4.6  88    9  115 300 -322  2
4218500 2850500  2 27 11   4.9 1006 280  5.9 6  4.7  89   17  162 294 -327  2
4218500 2850500  2 27 12   5.5 1007 280  5.8 7  4.7  85   12  179 295 -333  2
4218500 2850500  2 27 13   5.8 1007 281  7.0 7  4.4  78    0  124 303 -338  2
4218500 2850500  2 27 14   6.3 1007 281  6.5 8  4.1  70    2  147 310 -341  2
4218500 2850500  2 27 15   6.8 1007 287  7.0 7  3.8  62   36  175 312 -341  2
4218500 2850500  2 27 16   6.7 1006 279  5.8 6  3.6  59   50  129 299 -340  2
4218500 2850500  2 27 17   6.6 1006 290  4.6 5  3.6  59   49   60 284 -337  2
4218500 2850500  2 27 18   5.9 1007 287  5.1 6  3.6  61    0    2 282 -333  2
4218500 2850500  2 27 19   5.1 1007 277  3.9 5  3.7  66    0    0 279 -329  2
4218500 2850500  2 27 20   4.7 1007 289  4.7 4  4.0  74    0    0 260 -328  2
4218500 2850500  2 27 21   4.2 1008 288  4.2 4  4.4  83    0    0 254 -327  2
4218500 2850500  2 27 22   4.0 1008 279  3.5 5  4.5  88    0    0 265 -326  2
4218500 2850500  2 27 23   3.6 1008 276  3.1 6  4.5  90    0    0 282 -325  2
4218500 2850500  2 27 24   3.6 1008 280  3.7 6  4.5  92    0    0 290 -324  2
4218500 2850500  2 28  1   3.8 1008 292  3.5 6  4.6  92    0    0 291 -322  2
4218500 2850500  2 28  2   3.8 1008 296  3.3 7  4.6  92    0    0 298 -321  2
4218500 2850500  2 28  3   3.9 1009 287  3.1 7  4.5  90    0    0 305 -319  2
4218500 2850500  2 28  4   3.5 1009 323  3.1 7  4.4  89    0    0 305 -317  2
4218500 2850500  2 28  5   3.2 1009 325  2.8 8  4.4  90    0    0 309 -316  2
4218500 2850500  2 28  6   3.1 1009 304  2.5 8  4.4  91    0    0 316 -315  2
4218500 2850500  2 28  7   3.1 1009 291  1.8 8  4.3  91    0    0 315 -315  2
4218500 2850500  2 28  8   3.2 1010 285  1.8 7  4.3  90   15   27 308 -315  2
4218500 2850500  2 28  9   3.4 1010 311  1.2 6  4.4  91   77   94 293 -315  2
4218500 2850500  2 28 10   4.9 1010  56  0.8 4  4.5  88  158  159 275 -318  2
4218500 2850500  2 28 11   6.8 1011 141  2.3 5  4.1  72  161  195 270 -325  2
4218500 2850500  2 28 12   6.4 1011 173  2.2 7  3.6  60   21  214 289 -331  2
4218500 2850500  2 28 13   6.8 1011 174  2.8 8  3.6  59   21  217 308 -335  2
4218500 2850500  2 28 14   6.9 1010 184  2.4 7  3.7  60    2  152 309 -338  2
4218500 2850500  2 28 15   6.8 1010 187  2.9 7  3.7  59    0  108 303 -338  2
4218500 2850500  2 28 16   6.3 1010 176  2.8 7  3.8  63    0   79 302 -335  2
4218500 2850500  2 28 17   6.0 1009 160  3.0 6  4.1  70   13   68 296 -330  2
4218500 2850500  2 28 18   5.6 1009 153  2.6 8  4.4  76    0    2 302 -327  2
4218500 2850500  2 28 19   5.0 1009 143  2.6 8  4.7  84    0    0 312 -324  2
4218500 2850500  2 28 20   4.9 1009 143  2.4 8  4.9  89    0    0 312 -323  2
4218500 2850500  2 28 21   4.7 1009 142  2.4 8  5.0  93    0    0 312 -322  2
4218500 2850500  2 28 22   4.7 1009 142  2.2 8  5.1  95    0    0 313 -322  2
4218500 2850500  2 28 23   4.0 1009 135  2.3 8  4.8  93    0    0 314 -321  2
4218500 2850500  2 28 24   3.1 1008 126  2.4 8  4.3  89    0    0 315 -320  2
4218500 2850500  3  1  1   1.9 1018 113  2.6 8  3.8  85    0    0 296 -309  2
4218500 2850500  3  1  2   0.9 1018 102  2.9 8  3.4  82    0    0 296 -310  2
4218500 2850500  3  1  3   0.1 1018  94  3.1 8  3.1  81    0    0 291 -309  2
4218500 2850500  3  1  4  -0.0 1017  96  3.1 8  3.1  83    0    0 292 -309  2
4218500 2850500  3  1  5   0.0 1017  98  3.0 8  3.1  83    0    0 300 -309  2
4218500 2850500  3  1  6  -0.1 1017 109  3.0 7  3.2  85    0    0 295 -310  2
4218500 2850500  3  1  7  -0.1 1016  94  3.5 8  3.2  85    0    0 295 -310  2
4218500 2850500  3  1  8  -0.1 1016  99  3.3 8  3.3  87    0   21 300 -310  2
4218500 2850500  3  1  9   0.5 1016 100  3.7 7  3.3  86    3   79 296 -311  2
4218500 2850500  3  1 10   1.2 1017 122  3.7 7  3.3  83    7  137 293 -312  2
4218500 2850500  3  1 11   2.0 1017 117  4.3 7  3.4  80    7  173 296 -314  2
4218500 2850500  3  1 12   3.2 1017 110  2.8 6  3.5  77    9  200 292 -316  2
4218500 2850500  3  1 13   4.3 1016 103  3.4 6  3.5  71   58  257 289 -321  2
4218500 2850500  3  1 14   5.1 1016 101  2.8 6  3.6  67   35  231 291 -325  2
4218500 2850500  3  1 15   5.8 1016 104  3.1 6  3.6  65   24  200 293 -325  2
4218500 2850500  3  1 16   5.4 1015  99  2.8 7  3.7  65    7  133 299 -324  2
4218500 2850500  3  1 17   5.3 1015 100  3.0 5  3.6  66    0   55 292 -322  2
4218500 2850500  3  1 18   4.3 1015 109  3.5 7  3.6  67    0   13 291 -320  2
4218500 2850500  3  1 19   3.9 1015  94  2.7 7  3.5  69    0    0 302 -318  2
4218500 2850500  3  1 20   3.2 1015  98  3.3 7  3.5  71    0    0 301 -317  2
4218500 2850500  3  1 21   2.6 1015 102  3.1 7  3.4  74    0    0 299 -317  2
4218500 2850500  3  1 22   2.3 1015  98  3.1 7  3.4  75    0    0 298 -317  2
4218500 2850500  3  1 23   1.5 1015  98  3.5 7  3.3  76    0    0 296 -317  2
4218500 2850500  3  1 24   1.1 1015  98  3.8 7  3.2  78    0    0 294 -316  2
4218500 2850500  3  2  1   0.7 1014 101  3.4 8  3.2  79    0    0 300 -317  2
4218500 2850500  3  2  2   0.5 1014 108  3.4 7  3.2  82    0    0 299 -317  2
4218500 2850500  3  2  3   0.4 1014 107  3.4 7  3.3  83    0    0 293 -317  2
4218500 2850500  3  2  4   0.3 1013  97  3.6 7  3.2  84    0    0 293 -317  2
4218500 2850500  3  2  5   0.2 1013 117  3.0 7  3.2  84    0    0 293 -317  2
4218500 2850500  3  2  6   0.3 1012  97  4.0 7  3.2  84    0    0 293 -316  2
4218500 2850500  3  2  7  -0.1 1012  95  3.8 7  3.2  84    0    0 292 -316  2
4218500 2850500  3  2  8   0.0 1012  93  4.6 7  3.2  85    5   32 291 -316  2
4218500 2850500  3  2  9   0.6 1011 104  4.0 6  3.2  84   15   87 285 -317  2
4218500 2850500  3  2 10   1.5 1011 107  4.3 5  3.3  80   68  168 273 -319  2
4218500 2850500  3  2 11   3.6 1011  91  5.0 4  3.4  74  146  212 263 -323  2
4218500 2850500  3  2 12   4.4 1010  95  4.6 5  3.5  69   52  234 268 -328  2
4218500 2850500  3  2 13   5.3 1010  99  4.5 6  3.6  66   15  211 284 -332  2
4218500 2850500  3  2 14   5.8 1009 100  4.7 7  3.6  64    1  152 299 -334  2
4218500 2850500  3  2 15   5.6 1008  95  4.9 8  3.6  63    0   39 314 -333  2
4218500 2850500  3  2 16   5.1 1008 105  4.9 8  3.5  63    0   27 319 -331  2
4218500 2850500  3  2 17   4.4 1008  96  5.2 8  3.4  64    0   12 316 -330  2
4218500 2850500  3  2 18   3.9 1008  96  5.1 8  3.3  65    0    2 314 -327  2
4218500 2850500  3  2 19   3.4 1008 105  4.9 8  3.2  66    0    0 313 -325  2
4218500 2850500  3  2 20   2.1 1008  98  5.3 8  3.3  70    0    0 312 -323  2
4218500 2850500  3  2 21   1.2 1009 107  4.8 8  3.4  79    0    0 310 -322  2
4218500 2850500  3  2 22   0.6 1009  99  5.1 8  3.4  84    0    0 308 -321  2
4218500 2850500  3  2 23   0.2 1009  96  5.3 8  3.4  87    0    0 306 -319  2
4218500 2850500  3  2 24  -0.1 1009  99  4.4 8  3.4  89    0    0 306 -319  2
4218500 2850500  3  3  1  -0.5 1009  89  5.0 8  3.4  90    0    0 305 -318  2
4218500 2850500  3  3  2  -0.7 1009  89  4.6 8  3.3  92    0    0 304 -318  2
4218500 2850500  3  3  3  -0.9 1010  95  3.8 8  3.3  91    0    0 303 -317  2
4218500 2850500  3  3  4  -1.1 1010  82  3.5 8  3.2  90    0    0 303 -317  2
4218500 2850500  3  3  5  -1.5 1010  80  4.0 8  3.1  89    0    0 303 -317  2
4218500 2850500  3  3  6  -1.8 1011  75  3.6 8  3.0  88    0    0 303 -317  2
4218500 2850500  3  3  7  -1.9 1011  68  3.9 8  2.9  88    0    0 302 -317  2
4218500 2850500  3  3  8  -2.2 1011  77  3.9 8  2.9  89    0   19 302 -317  2
4218500 2850500  3  3  9  -2.4 1012  74  4.1 8  2.9  90    0   57 301 -317  2
4218500 2850500  3  3 10  -2.1 1012  87  4.0 8  2.9  90    0   90 300 -318  2
4218500 2850500  3  3 11  -1.6 1013  80  3.2 8  2.9  89    0  102 301 -320  2
4218500 2850500  3  3 12  -1.1 1013  79  3.6 8  3.0  87    0  139 303 -322  2
4218500 2850500  3  3 13  -0.7 1013  86  3.0 8  3.0  85    0  123 304 -323  2
4218500 2850500  3  3 14  -0.2 1014  79  2.9 7  3.0  82    0   99 300 -323  2
4218500 2850500  3  3 15   0.7 1014  86  2.6 7  3.1  79    0  126 297 -324  2
4218500 2850500  3  3 16   1.1 1015  94  1.9 8  3.1  76    1  111 304 -325  2
4218500 2850500  3  3 17   1.3 1015  95  2.2 6  3.1  74    2   72 298 -323  2
4218500 2850500  3  3 18   1.0 1015 139  2.0 8  3.1  75    0   15 297 -321  2
4218500 2850500  3  3 19   0.5 1016 127  2.3 8  3.2  79    0    0 305 -319  2
4218500 2850500  3  3 20   0.4 1016 144  2.3 8  3.2  81    0    0 303 -317  2
4218500 2850500  3  3 21  -0.5 1017 122  2.9 8  3.0  80    0    0 300 -316  2
4218500 2850500  3  3 22  -0.6 1017 120  3.3 7  2.9  79    0    0 292 -316  2
4218500 2850500  3  3 23  -1.2 1018 122  3.0 7  2.8  78    0    0 286 -316  2
4218500 2850500  3  3 24  -1.1 1018 126  3.1 7  2.7  77    0    0 284 -315  2
4218500 2850500  3  4  1  -1.4 1018 117  2.3 8  2.6  77    0    0 288 -315  2
4218500 2850500  3  4  2  -1.4 1018 111  2.0 8  2.6  78    0    0 291 -315  2
4218500 2850500  3  4  3  -1.7 1019 103  1.7 8  2.6  79    0    0 291 -315  2
4218500 2850500  3  4  4  -1.8 1018  95  2.7 8  2.6  80    0    0 290 -315  2
4218500 2850500  3  4  5  -1.9 1019  97  2.8 8  2.6  80    0    0 290 -315  2
4218500 2850500  3  4  6  -2.0 1019  99  2.7 8  2.6  80    0    0 290 -315  2
4218500 2850500  3  4  7  -2.0 1019 117  2.4 8  2.6  80    0    0 290 -315  2
4218500 2850500  3  4  8  -1.7 1020 102  2.1 7  2.6  79    0   18 284 -315  2
4218500 2850500  3  4  9  -1.4 1020 111  2.5 8  2.6  78    0   57 284 -315  2
4218500 2850500  3  4 10  -0.9 1021 118  3.0 8  2.7  77    2  115 289 -318  2
4218500 2850500  3  4 11  -0.3 1021 122  3.0 8  2.7  75    2  149 290 -323  2
4218500 2850500  3  4 12   0.3 1021 148  2.7 7  2.7  73    6  179 286 -326  2
4218500 2850500  3  4 13   0.7 1021 174  2.5 7  2.8  71   25  206 280 -331  2
4218500 2850500  3  4 14   1.1 1021 204  2.9 6  2.8  70   43  202 277 -338  2
4218500 2850500  3  4 15   1.9 1021 213  2.3 5  2.8  68  105  178 267 -339  2
4218500 2850500  3  4 16   2.3 1021 162  2.4 3  2.9  66  194   82 251 -336  2
4218500 2850500  3  4 17   1.7 1020 165  2.4 1  2.9  67  104   60 226 -332  2
4218500 2850500  3  4 18   0.5 1021 181  2.0 4  2.9  70    6   24 227 -326  2
4218500 2850500  3  4 19  -0.5 1021 139  1.9 4  2.8  75    0    0 241 -319  2
4218500 2850500  3  4 20  -1.5 1021 146  2.0 3  2.8  80    0    0 233 -315  2
4218500 2850500  3  4 21  -1.8 1021 118  2.3 2  2.8  83    0    0 220 -314  2
4218500 2850500  3  4 22  -2.2 1021 123  3.1 2  2.8  86    0    0 214 -312  2
4218500 2850500  3  4 23  -1.9 1021 114  3.3 2  2.8  88    0    0 214 -311  2
4218500 2850500  3  4 24  -1.8 1021 120  3.4 1  2.8  85    0    0 209 -311  2
4218500 2850500  3  5  1  -2.3 1020 129  3.3 1  2.7  83    0    0 202 -310  2
4218500 2850500  3  5  2  -2.8 1020 129  3.3 1  2.6  85    0    0 201 -310  2
4218500 2850500  3  5  3  -3.2 1020 120  3.5 1  2.6  87    0    0 198 -310  2
4218500 2850500  3  5  4  -3.1 1020 123  3.6 1  2.6  87    0    0 196 -310  2
4218500 2850500  3  5  5  -3.6 1019 131  3.1 0  2.6  87    0    0 186 -311  2
4218500 2850500  3  5  6  -3.5 1019 121  3.2 1  2.5  88    0    0 183 -311  2
4218500 2850500  3  5  7  -3.5 1019 121  3.9 3  2.5  88    0    0 201 -312  2
4218500 2850500  3  5  8  -3.1 1019 112  4.3 6  2.6  88    0    8 239 -313  2
4218500 2850500  3  5  9  -2.1 1019 111  3.4 6  2.7  86   54   98 266 -314  2
4218500 2850500  3  5 10  -0.2 1019 111  3.9 3  2.9  82  131  159 248 -316  2
4218500 2850500  3  5 11   2.0 1019 127  3.9 4  3.1  76  179  202 240 -320  2
4218500 2850500  3  5 12   3.3 1019 119  3.9 6  3.2  71  148  241 268 -324  2
4218500 2850500  3  5 13   4.7 1018 100  3.7 6  3.3  65  165  247 287 -325  2
4218500 2850500  3  5 14   5.8 1018 107  4.2 6  3.4  62  105  247 292 -325  2
4218500 2850500  3  5 15   6.5 1017 108  4.0 5  3.4  58   89  214 288 -328  2
4218500 2850500  3  5 16   6.1 1017 101  3.9 4  3.2  55   75  156 278 -330  2
4218500 2850500  3  5 17   5.1 1016  93  4.1 5  3.0  53   26   90 277 -332  2
4218500 2850500  3  5 18   3.6 1017 103  4.3 6  2.7  53    0   20 284 -332  2
4218500 2850500  3  5 19   2.5 1017 103  4.9 6  2.6  56    0    0 283 -330  2
4218500 2850500  3  5 20   2.0 1017 104  5.3 5  2.7  60    0    0 275 -328  2
4218500 2850500  3  5 21   0.8 1017 113  5.7 3  2.6  62    0    0 258 -327  2
4218500 2850500  3  5 22   0.1 1018 121  6.1 4  2.5  63    0    0 249 -326  2
4218500 2850500  3  5 23  -0.7 1018 116  5.8 3  2.5  67    0    0 245 -326  2
4218500 2850500  3  5 24  -1.0 1018 125  5.5 2  2.5  70    0    0 234 -327  2
4218500 2850500  3  6  1  -1.3 1018 125  5.5 2  2.5  71    0    0 226 -328  2
4218500 2850500  3  6  2  -1.7 1018 123  4.9 2  2.4  71    0    0 222 -326  2
4218500 2850500  3  6  3  -2.0 1017 125  5.1 1  2.4  72    0    0 212 -327  2
4218500 2850500  3  6  4  -2.1 1017 125  4.9 1  2.4  75    0    0 206 -328  2
4218500 2850500  3  6  5  -2.2 1017 128  5.2 1  2.5  78    0    0 206 -327  2
4218500 2850500  3  6  6  -2.4 1016 123  5.5 2  2.6  80    0    0 210 -324  2
4218500 2850500  3  6  7  -2.4 1016 129  6.9 3  2.6  81    0    0 217 -320  2
4218500 2850500  3  6  8  -1.9 1015 124  7.8 5  2.6  80    0   20 231 -318  2
4218500 2850500  3  6  9  -0.9 1015 123  7.2 6  2.7  78   18   80 250 -320  2
4218500 2850500  3  6 10   0.6 1015 126  6.6 6  2.7  72   93  135 260 -326  2
4218500 2850500  3  6 11   1.7 1015 132  7.2 6  2.6  64  162  163 263 -334  2
4218500 2850500  3  6 12   3.3 1014 135  7.6 6  2.5  56  236  162 267 -344  2
4218500 2850500  3  6 13   4.4 1014 141  7.5 7  2.4  49  236  171 277 -352  2
4218500 2850500  3  6 14   5.1 1013 138  8.1 7  2.4  45  129  205 287 -355  2
4218500 2850500  3  6 15   5.3 1012 137  6.9 7  2.3  42   68  184 290 -356  2
4218500 2850500  3  6 16   5.1 1011 129  6.8 7  2.3  42   18  134 292 -356  2
4218500 2850500  3  6 17   4.3 1011 121  6.1 7  2.4  45    5   70 294 -354  2
4218500 2850500  3  6 18   3.7 1011 124  6.0 7  2.4  48    0   15 295 -350  2
4218500 2850500  3  6 19   2.8 1011 122  5.3 8  2.4  50    0    0 299 -345  2
4218500 2850500  3  6 20   2.1 1011 132  4.8 8  2.4  54    0    0 304 -340  2
4218500 2850500  3  6 21   1.8 1011 139  5.1 7  2.5  58    0    0 300 -338  2
4218500 2850500  3  6 22   1.6 1012 132  4.8 8  2.6  61    0    0 301 -336  2
4218500 2850500  3  6 23   1.4 1012 139  4.7 8  2.7  63    0    0 305 -332  2
4218500 2850500  3  6 24   1.4 1012 150  4.2 8  2.7  65    0    0 304 -328  2
4218500 2850500  3  7  1   1.0 1012 142  3.3 8  2.8  67    0    0 304 -327  2
4218500 2850500  3  7  2   1.1 1013 140  2.5 8  2.8  70    0    0 304 -328  2
4218500 2850500  3  7  3   0.5 1013 183  1.9 8  3.0  75    0    0 304 -328  2
4218500 2850500  3  7  4   0.0 1013   1  0.3 8  3.3  85    0    0 303 -328  2
4218500 2850500  3  7  5  -0.1 1013 300  0.6 8  3.6  94    0    0 301 -327  2
4218500 2850500  3  7  6   0.0 1014 302  0.8 8  3.6  96    0    0 298 -326  2
4218500 2850500  3  7  7   0.3 1015 276  1.7 7  3.7  96    0    0 293 -325  2
4218500 2850500  3  7  8   0.6 1015 288  2.2 8  3.8  97    0   23 293 -324  2
4218500 2850500  3  7  9   1.1 1016 302  2.4 7  4.0  98   22  103 292 -324  2
4218500 2850500  3  7 10   1.5 1017 293  2.6 6  4.1  98    4  140 283 -327  2
4218500 2850500  3  7 11   2.5 1017 298  3.3 7  4.3  99    0   90 283 -330  2
4218500 2850500  3  7 12   3.5 1017 298  3.5 7  4.6  99    0  101 290 -334  2
4218500 2850500  3  7 13   4.7 1018 298  3.2 7  4.9  96    0  148 292 -340  2
4218500 2850500  3  7 14   5.8 1018 292  2.9 7  4.8  88    0  131 293 -347  2
4218500 2850500  3  7 15   6.0 1018 288  3.0 8  4.4  77    0   98 295 -352  2
4218500 2850500  3  7 16   5.8 1018 263  2.5 8  4.0  70    0   53 295 -352  2
4218500 2850500  3  7 17   5.6 1018 262  2.3 6  3.9  69    0   66 283 -347  2
4218500 2850500  3  7 18   5.2 1017 251  2.2 7  3.7  67    1   26 277 -339  2
4218500 2850500  3  7 19   3.5 1017 225  1.3 6  3.6  70    0    0 270 -331  2
4218500 2850500  3  7 20   1.8 1017 163  1.8 5  3.6  79    0    0 256 -327  2
4218500 2850500  3  7 21   1.7 1017 148  2.7 5  3.7  87    0    0 249 -324  2
4218500 2850500  3  7 22   2.4 1017 144  3.2 7  4.1  94    0    0 258 -321  2
4218500 2850500  3  7 23   2.4 1017 145  3.2 6  4.4  98    0    0 263 -319  2
4218500 2850500  3  7 24   2.4 1016 157  3.3 8  4.4  98    0    0 268 -317  2
4218500 2850500  3  8  1   2.0 1016 167  2.9 8  4.4  99    0    0 276 -317  2
4218500 2850500  3  8  2   1.7 1016 151  3.7 7  4.3 100    0    0 272 -316  2
4218500 2850500  3  8  3   1.2 1015 154  3.7 7  4.2 100    0    0 270 -315  2
4218500 2850500  3  8  4   0.5 1015 156  3.6 4  4.0 100    0    0 257 -315  2
4218500 2850500  3  8  5   0.1 1014 158  3.9 2  3.8  99    0    0 233 -315  2
4218500 2850500  3  8  6   0.0 1013 162  4.6 1  3.7  99    0    0 219 -314  2
4218500 2850500  3  8  7   0.0 1012 166  4.2 3  3.7  98    0    0 225 -313  2
4218500 2850500  3  8  8   0.8 1012 175  4.0 3  3.7  96   34   38 239 -313  2
4218500 2850500  3  8  9   2.7 1012 204  4.0 4  3.9  89   29   87 249 -314  2
4218500 2850500  3  8 10   3.1 1012 198  4.3 8  3.9  84    0   78 279 -319  2
4218500 2850500  3  8 11   5.6 1012 206  4.6 5  4.1  79   86  206 291 -331  2
4218500 2850500  3  8 12   9.0 1012 219  5.0 3  4.2  66  469   91 276 -342  2
4218500 2850500  3  8 13   9.4 1012 232  4.6 5  4.3  59  159  234 285 -347  2
4218500 2850500  3  8 14   9.8 1012 234  5.7 6  4.1  56    0  130 299 -347  2
4218500 2850500  3  8 15   9.6 1012 224  5.6 5  4.0  53    0  127 301 -346  2
4218500 2850500  3  8 16   9.4 1012 244  4.4 7  3.9  53    0   45 302 -345  2
4218500 2850500  3  8 17   9.0 1012 252  5.9 7  3.8  53    0   39 307 -342  2
4218500 2850500  3  8 18   8.8 1012 251  5.7 8  3.8  54    0   22 308 -337  2
4218500 2850500  3  8 19   8.3 1012 241  4.8 7  3.8  55    0    0 306 -330  2
4218500 2850500  3  8 20   7.0 1013 207  3.7 7  3.9  59    0    0 300 -324  2
4218500 2850500  3  8 21   7.3 1013 245  5.3 7  4.0  64    0    0 302 -322  2
4218500 2850500  3  8 22   6.7 1013 221  3.2 8  4.3  68    0    0 310 -323  2
4218500 2850500  3  8 23   6.1 1013 181  4.0 8  4.4  74    0    0 313 -325  2
4218500 2850500  3  8 24   6.0 1012 200  5.1 8  4.5  77    0    0 313 -326  2
4218500 2850500  3  9  1   5.7 1012 202  5.1 8  4.7  81    0    0 313 -327  2
4218500 2850500  3  9  2   6.3 1011 201  5.1 8  4.7  81    0    0 312 -328  2
4218500 2850500  3  9  3   6.3 1011 212  4.8 8  4.6  77    0    0 315 -329  2
4218500 2850500  3  9  4   5.9 1010 214  5.1 8  4.6  78    0    0 315 -330  2
4218500 2850500  3  9  5   5.5 1010 213  5.2 8  4.9  86    0    0 317 -331  2
4218500 2850500  3  9  6   5.6 1010 219  4.9 8  5.1  91    0    0 319 -332  2
4218500 2850500  3  9  7   5.6 1010 219  5.5 8  5.2  92    0    0 320 -332  2
4218500 2850500  3  9  8   5.7 1009 228  5.4 8  5.4  94    0   11 321 -333  2
4218500 2850500  3  9  9   6.1 1009 232  5.2 7  5.6  96    0   44 319 -335  2
4218500 2850500  3  9 10   6.7 1010 237  5.4 8  5.9  98    0   68 321 -339  2
4218500 2850500  3  9 11   7.3 1010 248  5.9 7  6.1  97    0   89 322 -343  2
4218500 2850500  3  9 12   7.8 1010 260  6.1 8  6.3  97    0   77 323 -348  2
4218500 2850500  3  9 13   8.1 1010 261  5.5 8  6.4  96    0   66 328 -353  2
4218500 2850500  3  9 14   8.1 1011 260  5.8 8  6.4  95    0   61 328 -357  2
4218500 2850500  3  9 15   8.6 1011 262  5.3 8  6.3  92    0   58 329 -357  2
4218500 2850500  3  9 16   8.6 1011 272  5.4 7  6.1  88    0   56 323 -357  2
4218500 2850500  3  9 17   8.3 1011 265  4.0 7  6.0  88    0   66 315 -356  2
4218500 2850500  3  9 18   8.2 1012 262  3.7 8  6.1  89    0   17 318 -355  2
4218500 2850500  3  9 19   8.0 1012 256  3.9 8  6.1  90    0    0 317 -351  2
4218500 2850500  3  9 20   7.9 1013 246  3.3 8  6.1  91    0    0 314 -347  2
4218500 2850500  3  9 21   7.7 1013 234  4.0 8  6.1  92    0    0 313 -343  2
4218500 2850500  3  9 22   7.9 1014 250  3.9 8  6.0  92    0    0 312 -339  2
4218500 2850500  3  9 23   7.7 1014 249  3.3 8  5.9  89    0    0 313 -336  2
4218500 2850500  3  9 24   7.9 1014 256  3.7 7  5.6  86    0    0 310 -333  2
4218500 2850500  3 10  1   7.2 1015 232  3.4 7  5.5  86    0    0 308 -330  2
4218500 2850500  3 10  2   6.6 1014 217  3.7 4  5.4  87    0    0 293 -328  2
4218500 2850500  3 10  3   5.4 1015 223  3.8 1  5.1  88    0    0 262 -326  2
4218500 2850500  3 10  4   4.8 1014 227  3.8 0  4.9  89    0    0 240 -325  2
4218500 2850500  3 10  5   4.5 1014 225  3.2 3  4.7  89    0    0 251 -324  2
4218500 2850500  3 10  6   5.0 1014 212  3.6 6  4.7  89    0    0 283 -322  2
4218500 2850500  3 10  7   5.7 1015 222  4.0 7  4.7  85    0    0 303 -320  2
4218500 2850500  3 10  8   6.2 1015 225  3.8 7  4.6  80   21   39 308 -320  2
4218500 2850500  3 10  9   7.3 1015 231  3.8 7  4.7  76   12   87 310 -324  2
4218500 2850500  3 10 10   8.7 1016 201  3.4 7  4.8  72   15  147 313 -333  2
4218500 2850500  3 10 11  10.8 1015 250  4.7 7  5.0  67   37  198 317 -345  2
4218500 2850500  3 10 12  11.6 1016 267  4.6 6  5.4  65   26  215 314 -356  2
4218500 2850500  3 10 13  12.1 1017 265  4.9 7  5.6  66    0  111 311 -364  2
4218500 2850500  3 10 14  12.8 1016 252  4.5 6  5.8  64    3  160 311 -370  2
4218500 2850500  3 10 15  13.3 1016 270  5.1 6  5.8  62   10  166 310 -372  2
4218500 2850500  3 10 16  13.6 1016 265  4.9 5  5.5  58   54  152 306 -371  2
4218500 2850500  3 10 17  12.8 1017 259  2.9 5  5.2  56   67   86 300 -368  2
4218500 2850500  3 10 18  12.0 1016 234  2.7 7  5.4  61    0   23 305 -363  2
4218500 2850500  3 10 19  10.2 1016 236  3.0 7  5.6  68    0    0 309 -357  2
4218500 2850500  3 10 20  10.4 1016 250  3.6 7  5.5  70    0    0 305 -352  2
4218500 2850500  3 10 21  10.6 1016 261  4.0 7  5.3  67    0    0 305 -347  2
4218500 2850500  3 10 22   9.9 1015 232  3.5 7  5.1  66    0    0 305 -345  2
4218500 2850500  3 10 23   9.4 1015 249  3.9 7  5.0  68    0    0 304 -343  2
4218500 2850500  3 10 24   9.2 1016 251  3.4 8  5.0  69    0    0 308 -342  2
4218500 2850500  3 11  1   8.2 1015 223  3.2 7  5.0  72    0    0 307 -342  2
4218500 2850500  3 11  2   7.5 1015 228  3.5 6  5.1  77    0    0 299 -342  2
4218500 2850500  3 11  3   7.2 1015 242  3.8 5  5.2  82    0    0 291 -341  2
4218500 2850500  3 11  4   7.0 1014 232  3.3 6  5.2  84    0    0 291 -340  2
4218500 2850500  3 11  5   6.6 1014 203  3.1 8  5.3  86    0    0 304 -339  2
4218500 2850500  3 11  6   7.1 1014 220  3.8 7  5.3  86    0    0 309 -339  2
4218500 2850500  3 11  7   7.6 1014 221  3.7 8  5.3  83    0    1 312 -338  2
4218500 2850500  3 11  8   8.1 1013 210  4.1 8  5.3  80    0   22 319 -339  2
4218500 2850500  3 11  9   8.7 1013 209  4.1 8  5.4  78    0   74 320 -344  2
4218500 2850500  3 11 10  10.1 1013 205  4.2 7  5.4  73    7  141 318 -351  2
4218500 2850500  3 11 11  11.7 1013 225  4.5 7  5.3  65   55  220 317 -359  2
4218500 2850500  3 11 12  12.3 1013 226  5.3 7  5.2  60   14  208 321 -367  2
4218500 2850500  3 11 13  11.2 1012 228  4.7 8  5.4  64    0  101 328 -373  2
4218500 2850500  3 11 14  10.4 1011 216  4.6 8  5.8  72    0   68 334 -375  2
4218500 2850500  3 11 15   9.9 1009 185  4.0 7  6.1  79    0   78 329 -375  2
4218500 2850500  3 11 16   9.9 1008 191  4.7 7  6.5  85    0   62 326 -371  2
4218500 2850500  3 11 17   9.8 1008 191  3.9 8  6.7  88    0   33 335 -367  2
4218500 2850500  3 11 18  10.3 1006 216  4.9 8  6.8  89    0   15 344 -362  2
4218500 2850500  3 11 19  10.7 1005 230  5.3 8  6.9  86    0    0 348 -359  2
4218500 2850500  3 11 20  10.2 1005 235  5.7 8  7.0  88    0    0 350 -358  2
4218500 2850500  3 11 21  10.1 1005 243  6.1 8  7.1  92    0    0 351 -358  2
4218500 2850500  3 11 22   9.0 1005 292  5.3 8  7.1  94    0    0 350 -358  2
4218500 2850500  3 11 23   8.1 1005 282  4.4 8  6.6  94    0    0 347 -359  2
4218500 2850500  3 11 24   7.7 1005 275  4.1 8  6.3  94    0    0 345 -360  2
4218500 2850500  3 12  1   7.4 1006 276  4.5 8  6.3  96    0    0 344 -361  2
4218500 2850500  3 12  2   7.2 1005 261  4.1 8  6.2  97    0    0 343 -357  2
4218500 2850500  3 12  3   7.2 1005 261  4.2 8  6.3  98    0    0 343 -351  2
4218500 2850500  3 12  4   7.4 1005 259  4.1 8  6.3  98    0    0 343 -348  2
4218500 2850500  3 12  5   7.4 1006 255  4.8 8  6.3  97    0    0 343 -348  2
4218500 2850500  3 12  6   7.3 1006 250  5.1 8  6.2  97    0    0 343 -347  2
4218500 2850500  3 12  7   7.4 1006 256  4.4 8  6.2  96    0    1 341 -347  2
4218500 2850500  3 12  8   7.7 1006 252  5.4 8  6.2  94   30   25 341 -347  2
4218500 2850500  3 12  9   8.1 1007 250  5.7 7  6.2  93   27   78 335 -348  2
4218500 2850500  3 12 10   8.1 1007 270  5.7 8  6.3  93    0   76 335 -348  2
4218500 2850500  3 12 11   7.7 1007 293  5.3 8  6.1  92    0   81 340 -349  2
4218500 2850500  3 12 12   8.9 1008 309  4.8 7  6.2  90   90  165 333 -352  2
4218500 2850500  3 12 13   8.2 1009 303  3.5 6  6.1  88    2  158 322 -352  2
4218500 2850500  3 12 14   8.9 1009 310  5.7 7  5.8  84    0   86 320 -351  2
4218500 2850500  3 12 15   8.8 1010 320  5.3 7  5.9  83    0  102 325 -352  2
4218500 2850500  3 12 16   8.2 1010 332  6.4 6  5.8  83    0   91 318 -353  2
4218500 2850500  3 12 17   7.5 1011 344  5.7 7  5.6  84    0   45 315 -351  2
4218500 2850500  3 12 18   7.0 1013 351  5.1 7  5.5  86    0   24 318 -345  2
4218500 2850500  3 12 19   6.3 1014 332  4.4 7  5.4  88    0    0 316 -340  2
4218500 2850500  3 12 20   6.4 1016 330  4.5 7  5.3  89    0    0 314 -336  2
4218500 2850500  3 12 21   5.9 1018 347  5.3 7  5.1  87    0    0 313 -334  2
4218500 2850500  3 12 22   5.0 1019  16  5.0 8  4.7  84    0    0 315 -333  2
4218500 2850500  3 12 23   4.3 1020  19  4.2 8  4.3  81    0    0 316 -331  2
4218500 2850500  3 12 24   3.7 1022 354  2.8 7  4.0  79    0    0 308 -330  2
4218500 2850500  3 13  1   3.2 1023 345  3.3 7  3.7  76    0    0 298 -327  2
4218500 2850500  3 13  2   2.5 1023 327  3.3 6  3.5  77    0    0 290 -325  2
4218500 2850500  3 13  3   1.7 1024 319  3.5 3  3.6  83    0    0 266 -322  2
4218500 2850500  3 13  4   1.2 1024 323  3.7 1  3.7  88    0    0 237 -319  2
4218500 2850500  3 13  5   0.6 1025 332  3.7 1  3.6  90    0    0 225 -316  2
4218500 2850500  3 13  6   0.3 1025 333  4.1 0  3.4  88    0    0 217 -315  2
4218500 2850500  3 13  7  -0.2 1026 332  4.2 1  3.2  86    0    5 214 -312  2
4218500 2850500  3 13  8   1.1 1026 344  4.8 1  3.2  82   68   36 219 -310  2
4218500 2850500  3 13  9   2.2 1026 345  4.8 0  3.2  76  174   59 218 -311  2
4218500 2850500  3 13 10   3.6 1027 343  4.8 0  3.2  70  339   57 215 -314  2
4218500 2850500  3 13 11   4.9 1027 337  5.5 1  3.1  61  411   94 222 -320  2
4218500 2850500  3 13 12   5.6 1027   9  7.4 2  2.8  52  261  176 234 -328  2
4218500 2850500  3 13 13   6.0 1027   9  7.9 2  2.5  45  358  143 240 -333  2
4218500 2850500  3 13 14   5.8 1027  10  6.8 1  2.2  39  384  115 235 -335  2
4218500 2850500  3 13 15   6.2 1027   7  6.6 1  2.0  35  397   52 229 -334  2
4218500 2850500  3 13 16   5.9 1027 355  7.3 1  1.7  30  268   69 229 -331  2
4218500 2850500  3 13 17   5.0 1027  19  7.4 1  1.6  30  134   62 228 -326  2
4218500 2850500  3 13 18   4.1 1028  11  6.4 1  1.6  32   21   31 225 -319  2
4218500 2850500  3 13 19   2.8 1028   2  4.7 1  1.6  33    0    0 223 -315  2
4218500 2850500  3 13 20   2.1 1029 351  4.1 0  1.6  36    0    0 216 -312  2
4218500 2850500  3 13 21   1.6 1029 338  3.5 0  1.7  40    0    0 210 -309  2
4218500 2850500  3 13 22   1.2 1029 333  4.1 0  1.8  43    0    0 209 -308  2
4218500 2850500  3 13 23   1.5 1029 344  4.4 0  2.0  50    0    0 210 -308  2
4218500 2850500  3 13 24   1.1 1029 350  4.6 0  2.4  60    0    0 213 -308  2
4218500 2850500  3 14  1   0.0 1029 356  3.8 0  2.7  69    0    0 214 -308  2
4218500 2850500  3 14  2  -0.1 1029 357  4.7 0  2.8  75    0    0 214 -308  2
4218500 2850500  3 14  3  -0.2 1028   0  4.0 1  2.7  74    0    0 220 -308  2
4218500 2850500  3 14  4   0.1 1027   3  4.1 4  2.8  75    0    0 240 -307  2
4218500 2850500  3 14  5   0.2 1028  20  5.0 6  2.9  78    0    0 265 -306  2
4218500 2850500  3 14  6   0.3 1028  21  4.3 6  3.0  80    0    0 276 -306  2
4218500 2850500  3 14  7   0.4 1029  35  3.9 7  3.1  81    0    2 282 -306  2
4218500 2850500  3 14  8   0.8 1029  45  4.2 7  3.2  82    8   47 287 -308  2
4218500 2850500  3 14  9   1.4 1030  25  4.0 7  3.3  81    7   99 290 -311  2
4218500 2850500  3 14 10   2.0 1030  23  4.3 7  3.3  79   13  159 293 -314  2
4218500 2850500  3 14 11   2.8 1031  43  4.2 7  3.4  77   19  198 296 -315  2
4218500 2850500  3 14 12   4.3 1031  36  3.5 6  3.5  73   61  250 294 -318  2
4218500 2850500  3 14 13   5.6 1031  50  3.9 3  3.6  67  270  243 278 -322  2
4218500 2850500  3 14 14   6.3 1031  64  4.5 2  3.5  61  178  259 260 -323  2
4218500 2850500  3 14 15   6.6 1031  68  4.4 6  3.4  58   12  176 277 -324  2
4218500 2850500  3 14 16   7.1 1031  45  4.6 7  3.3  55    6  122 303 -325  2
4218500 2850500  3 14 17   6.4 1031  65  3.7 4  3.2  53   27  100 291 -325  2
4218500 2850500  3 14 18   6.1 1031  27  3.0 5  3.2  55    2   36 280 -323  2
4218500 2850500  3 14 19   5.6 1031  27  3.8 6  3.4  61    0    0 288 -320  2
4218500 2850500  3 14 20   4.3 1032  16  4.3 7  3.7  70    0    0 295 -318  2
4218500 2850500  3 14 21   1.8 1032  19  3.7 4  3.7  79    0    0 278 -317  2
4218500 2850500  3 14 22   1.2 1033  20  3.4 2  3.6  87    0    0 250 -316  2
4218500 2850500  3 14 23   0.6 1033  25  3.1 2  3.6  91    0    0 239 -316  2
4218500 2850500  3 14 24  -0.3 1033  17  3.2 1  3.5  94    0    0 233 -315  2
4218500 2850500  3 15  1   0.5 1033  10  3.1 0  3.5  93    0    0 223 -316  2
4218500 2850500  3 15  2  -0.6 1033  38  2.7 0  3.4  93    0    0 218 -316  2
4218500 2850500  3 15  3  -0.8 1033  35  2.8 0  3.4  96    0    0 216 -316  2
4218500 2850500  3 15  4  -1.1 1034  32  2.8 2  3.4  98    0    0 225 -315  2
4218500 2850500  3 15  5  -0.1 1034  21  2.6 5  3.5  98    0    0 250 -315  2
4218500 2850500  3 15  6   0.2 1034  41  2.3 6  3.5  95    0    0 270 -315  2
4218500 2850500  3 15  7  -0.2 1035  61  2.3 6  3.5  95    1    7 275 -315  2
4218500 2850500  3 15  8   1.4 1036  60  2.3 4  3.6  92   52   52 268 -315  2
4218500 2850500  3 15  9   3.2 1037  73  2.4 3  3.6  83  131  100 257 -318  2
4218500 2850500  3 15 10   4.8 1037 118  2.3 0  3.6  72  291  106 240 -322  2
4218500 2850500  3 15 11   5.8 1038 101  2.3 0  3.2  60  387  117 225 -327  2
4218500 2850500  3 15 12   7.0 1038  99  2.1 1  2.9  50  439  127 232 -331  2
4218500 2850500  3 15 13   7.8 1038  22  1.4 1  2.9  47  444  137 242 -334  2
4218500 2850500  3 15 14   8.1 1038  21  1.5 1  2.9  45  398  145 244 -336  2
4218500 2850500  3 15 15   8.7 1037  59  1.7 1  2.9  43  335  129 246 -339  2
4218500 2850500  3 15 16   8.8 1037  31  1.9 1  2.9  42  229  116 248 -339  2
4218500 2850500  3 15 17   8.4 1037  33  1.0 1  2.9  43  110   91 247 -337  2
4218500 2850500  3 15 18   7.2 1037 338  2.2 3  2.9  45   19   38 255 -332  2
4218500 2850500  3 15 19   6.2 1037 350  2.4 5  3.0  50    0    0 270 -325  2
4218500 2850500  3 15 20   3.9 1038  46  2.5 4  3.0  56    0    0 269 -319  2
4218500 2850500  3 15 21   3.1 1038  43  2.7 3  3.1  66    0    0 256 -316  2
4218500 2850500  3 15 22   2.6 1039  21  1.7 2  3.3  73    0    0 246 -315  2
4218500 2850500  3 15 23   3.0 1039  25  2.5 2  3.4  75    0    0 242 -315  2
4218500 2850500  3 15 24   1.4 1038 350  1.5 2  3.4  78    0    0 239 -313  2
4218500 2850500  3 16  1   0.3 1038   8  1.2 1  3.3  85    0    0 231 -312  2
4218500 2850500  3 16  2  -0.4 1038 327  2.4 0  3.3  91    0    0 218 -311  2
4218500 2850500  3 16  3  -1.0 1038 343  1.9 0  3.3  94    0    0 212 -312  2
4218500 2850500  3 16  4  -1.2 1038 326  1.8 0  3.3  96    0    0 210 -311  2
4218500 2850500  3 16  5  -1.5 1038 327  1.7 0  3.3  97    0    0 208 -310  2
4218500 2850500  3 16  6  -2.0 1038 326  1.6 2  3.2  98    0    0 215 -309  2
4218500 2850500  3 16  7  -1.9 1038 330  2.4 2  3.2  98    1    8 222 -309  2
4218500 2850500  3 16  8   0.2 1038 331  1.7 2  3.4  96   56   51 225 -309  2
4218500 2850500  3 16  9   2.8 1038 315  1.7 3  3.7  89  136   96 235 -312  2
4218500 2850500  3 16 10   4.3 1038 342  2.5 5  3.8  80  178  159 255 -318  2
4218500 2850500  3 16 11   5.6 1038 323  1.9 5  3.6  68  266  179 267 -326  2
4218500 2850500  3 16 12   8.1 1038 327  2.3 4  3.3  56  447  118 266 -333  2
4218500 2850500  3 16 13   9.4 1037 288  1.9 3  3.4  50  452  127 262 -342  2
4218500 2850500  3 16 14  10.7 1037 287  2.5 2  3.6  49  405  137 255 -348  2
4218500 2850500  3 16 15  11.5 1036 276  3.0 1  3.8  48  346  118 247 -350  2
4218500 2850500  3 16 16  11.8 1035 274  3.4 1  4.0  48  242  106 245 -349  2
4218500 2850500  3 16 17  11.3 1034 289  3.6 2  4.1  50  119   86 247 -345  2
4218500 2850500  3 16 18  10.2 1034 287  3.8 3  4.1  52   22   38 251 -337  2
4218500 2850500  3 16 19   8.6 1034 285  3.7 3  4.0  56    0    0 248 -328  2
4218500 2850500  3 16 20   7.3 1034 283  3.7 2  3.8  59    0    0 239 -321  2
4218500 2850500  3 16 21   6.1 1033 284  3.5 2  3.8  64    0    0 233 -317  2
4218500 2850500  3 16 22   5.6 1033 271  3.8 1  3.9  70    0    0 229 -315  2
4218500 2850500  3 16 23   4.8 1032 272  2.8 2  3.9  73    0    0 228 -315  2
4218500 2850500  3 16 24   3.8 1032 292  3.4 1  3.8  76    0    0 226 -314  2
4218500 2850500  3 17  1   3.5 1031 274  3.4 1  3.8  79    0    0 224 -312  2
4218500 2850500  3 17  2   2.9 1031 265  3.4 0  3.8  81    0    0 222 -310  2
4218500 2850500  3 17  3   2.4 1030 274  3.7 1  3.8  83    0    0 223 -310  2
4218500 2850500  3 17  4   2.3 1029 286  3.6 3  3.8  85    0    0 224 -309  2
4218500 2850500  3 17  5   2.0 1028 266  3.9 4  3.7  85    0    0 226 -309  2
4218500 2850500  3 17  6   1.8 1027 277  3.4 7  3.7  85    0    0 231 -308  2
4218500 2850500  3 17  7   1.9 1027 274  3.0 7  3.7  86    0    1 239 -307  2
4218500 2850500  3 17  8   2.4 1026 291  4.9 7  3.7  85    6   54 242 -308  2
4218500 2850500  3 17  9   3.1 1026 306  4.7 6  3.8  82   17  131 243 -311  2
4218500 2850500  3 17 10   3.1 1025 320  5.9 6  3.8  82   47  217 240 -317  2
4218500 2850500  3 17 11   2.6 1026 322  5.2 7  3.8  83   18  223 238 -327  2
4218500 2850500  3 17 12   3.0 1026 332  5.0 8  3.8  83    0  132 237 -338  2
4218500 2850500  3 17 13   3.9 1026 334  4.4 8  3.8  80    0   94 242 -348  2
4218500 2850500  3 17 14   4.5 1026 317  4.0 7  3.8  75    0   84 247 -355  2
4218500 2850500  3 17 15   5.3 1026 337  3.5 7  3.8  72    0   93 251 -356  2
4218500 2850500  3 17 16   6.3 1025 333  3.5 7  3.8  67   15  129 254 -354  2
4218500 2850500  3 17 17   6.5 1025 327  2.6 4  3.8  64   40  123 250 -348  2
4218500 2850500  3 17 18   6.3 1025 299  2.3 4  3.7  64   13   45 246 -340  2
4218500 2850500  3 17 19   4.5 1025 298  2.8 3  3.7  67    0    0 243 -330  2
4218500 2850500  3 17 20   3.5 1026 302  2.7 2  3.7  75    0    0 235 -323  2
4218500 2850500  3 17 21   2.8 1026 337  3.1 1  3.8  82    0    0 230 -319  2
4218500 2850500  3 17 22   2.2 1026  15  2.6 1  3.9  86    0    0 228 -316  2
4218500 2850500  3 17 23   2.0 1027   7  2.8 1  3.9  89    0    0 226 -315  2
4218500 2850500  3 17 24   1.4 1027 358  2.2 2  3.9  91    0    0 226 -315  2
4218500 2850500  3 18  1   0.4 1027 353  2.0 3  3.8  94    0    0 225 -314  2
4218500 2850500  3 18  2   0.0 1027 330  2.7 1  3.6  96    0    0 224 -313  2
4218500 2850500  3 18  3  -0.2 1027 310  2.4 0  3.6  96    0    0 220 -311  2
4218500 2850500  3 18  4  -1.4 1027 284  2.4 0  3.4  96    0    0 216 -310  2
4218500 2850500  3 18  5  -1.3 1027 285  2.6 1  3.3  97    0    0 217 -310  2
4218500 2850500  3 18  6  -1.1 1027 296  2.9 2  3.3  96    0    0 225 -310  2
4218500 2850500  3 18  7   0.1 1027 285  2.8 5  3.5  96    2    8 246 -309  2
4218500 2850500  3 18  8   1.0 1027 289  2.7 6  3.8  97   53   42 269 -310  2
4218500 2850500  3 18  9   3.4 1027 306  2.8 5  4.0  92  152   83 277 -312  2
4218500 2850500  3 18 10   5.5 1027 309  2.6 4  4.1  80  345   62 275 -319  2
4218500 2850500  3 18 11   8.3 1027 311  3.2 3  4.1  67  442   64 273 -329  2
4218500 2850500  3 18 12  10.6 1027 306  3.4 2  4.1  56  505   67 269 -340  2
4218500 2850500  3 18 13  11.6 1026 319  4.0 3  4.0  49  494   83 274 -351  2
4218500 2850500  3 18 14  12.4 1026 344  4.2 3  3.8  44  383  133 282 -357  2
4218500 2850500  3 18 15  12.7 1025 336  4.7 4  3.6  41   85  209 289 -359  2
4218500 2850500  3 18 16  12.9 1024 340  4.6 5  3.5  39    0   96 300 -358  2
4218500 2850500  3 18 17  12.8 1024 318  4.3 2  3.4  38   78   94 289 -355  2
4218500 2850500  3 18 18  11.4 1023 327  3.9 1  3.3  38   28   38 264 -349  2
4218500 2850500  3 18 19  10.6 1023 335  3.5 1  3.1  39    0    0 254 -340  2
4218500 2850500  3 18 20   7.9 1023 323  3.1 1  3.1  45    0    0 248 -331  2
4218500 2850500  3 18 21   6.2 1024 310  2.9 1  3.1  51    0    0 240 -327  2
4218500 2850500  3 18 22   4.9 1023 295  2.9 0  3.2  58    0    0 232 -324  2
4218500 2850500  3 18 23   5.2 1023 275  3.0 0  3.7  65    0    0 225 -320  2
4218500 2850500  3 18 24   6.1 1023 257  3.1 0  4.3  71    0    0 226 -318  2
4218500 2850500  3 19  1   7.3 1019 249  3.1 0  5.1  77    0    0 269 -348  2
4218500 2850500  3 19  2   8.3 1019 254  3.1 0  5.6  81    0    0 268 -346  2
4218500 2850500  3 19  3   8.8 1019 266  2.9 0  6.0  85    0    0 264 -344  2
4218500 2850500  3 19  4   8.4 1019 284  2.9 0  6.0  86    0    0 260 -344  2
4218500 2850500  3 19  5   8.2 1019 289  2.8 0  6.0  87    0    0 256 -344  2
4218500 2850500  3 19  6   7.5 1019 309  2.8 1  5.9  91    0    0 254 -344  2
4218500 2850500  3 19  7   8.2 1019 316  2.6 1  6.0  92    1   14 256 -344  2
4218500 2850500  3 19  8   9.0 1020 316  1.6 2  6.4  92   30   79 259 -345  2
4218500 2850500  3 19  9  11.0 1020 335  2.0 3  6.8  89   87  159 271 -352  2
4218500 2850500  3 19 10  12.4 1021 335  2.0 3  6.8  79  172  227 280 -363  2
4218500 2850500  3 19 11  13.9 1021 318  1.3 3  6.5  69  186  287 285 -375  2
4218500 2850500  3 19 12  15.1 1021  42  1.4 4  6.3  61  179  331 295 -385  2
4218500 2850500  3 19 13  16.1 1020 357  0.8 5  6.1  55  204  335 308 -394  2
4218500 2850500  3 19 14  17.1 1020 198  2.1 5  6.0  51  190  322 317 -401  2
4218500 2850500  3 19 15  17.1 1019 168  1.8 5  6.0  50  102  283 319 -402  2
4218500 2850500  3 19 16  16.6 1018 153  2.1 6  5.7  48   56  209 323 -398  2
4218500 2850500  3 19 17  16.1 1017 141  2.2 7  5.8  51    5  100 331 -391  2
4218500 2850500  3 19 18  14.6 1017  96  2.2 8  6.0  56    2   44 339 -382  2
4218500 2850500  3 19 19  13.7 1016 110  3.0 8  6.0  60    0    2 341 -375  2
4218500 2850500  3 19 20  14.6 1016 130  3.5 8  6.2  62    0    0 342 -371  2
4218500 2850500  3 19 21  13.3 1015 151  2.7 8  6.4  65    0    0 344 -369  2
4218500 2850500  3 19 22  12.6 1015 111  3.5 8  6.3  68    0    0 343 -367  2
4218500 2850500  3 19 23  12.2 1014 130  3.4 8  6.4  71    0    0 343 -365  2
4218500 2850500  3 19 24  11.7 1013 143  3.4 8  6.4  73    0    0 345 -364  2
4218500 2850500  3 20  1  11.6 1012 189  3.1 8  6.4  75    0    0 346 -363  2
4218500 2850500  3 20  2  11.4 1011 221  3.3 7  6.6  78    0    0 341 -362  2
4218500 2850500  3 20  3  10.9 1011 272  3.4 7  6.6  80    0    0 334 -362  2
4218500 2850500  3 20  4  12.9 1011 288  3.9 8  6.9  79    0    0 345 -361  2
4218500 2850500  3 20  5  12.2 1012 276  3.5 8  7.3  80    0    0 356 -360  2
4218500 2850500  3 20  6  11.6 1012 267  4.3 8  7.4  85    0    0 355 -360  2
4218500 2850500  3 20  7  11.7 1012 266  5.1 8  7.1  82    0   11 355 -361  2
4218500 2850500  3 20  8  11.6 1013 272  5.3 7  6.1  71    0   33 346 -362  2
4218500 2850500  3 20  9  11.9 1013 278  6.0 6  5.4  63   11  128 330 -365  2
4218500 2850500  3 20 10  12.3 1014 273  6.3 6  5.3  60   42  208 325 -369  2
4218500 2850500  3 20 11  12.7 1014 261  5.7 7  5.3  58   15  218 331 -373  2
4218500 2850500  3 20 12  14.3 1013 245  7.2 6  5.2  54  189  299 335 -375  2
4218500 2850500  3 20 13  14.8 1013 241  6.9 6  5.1  49   77  305 335 -382  2
4218500 2850500  3 20 14  14.3 1012 254  5.9 6  5.2  51   14  227 336 -390  2
4218500 2850500  3 20 15  14.4 1011 223  5.1 6  5.5  54    0  149 335 -390  2
4218500 2850500  3 20 16  14.4 1010 223  4.4 7  5.7  55    0   77 339 -387  2
4218500 2850500  3 20 17  14.7 1008 212  5.1 7  5.8  56    0   78 341 -382  2
4218500 2850500  3 20 18  14.7 1007 214  6.5 8  5.6  54    0   22 343 -373  2
4218500 2850500  3 20 19  14.5 1006 220  7.1 8  5.5  52    0    1 348 -365  2
4218500 2850500  3 20 20  13.2 1005 221  8.6 8  5.7  57    0    0 346 -361  2
4218500 2850500  3 20 21  11.8 1005 221  6.6 8  6.2  68    0    0 344 -360  2
4218500 2850500  3 20 22  10.4 1005 196  6.1 8  7.0  84    0    0 346 -360  2
4218500 2850500  3 20 23  10.7 1004 202  7.6 8  7.2  90    0    0 347 -358  2
4218500 2850500  3 20 24  11.2 1002 211  7.7 8  7.0  84    0    0 347 -355  2
4218500 2850500  3 21  1  12.1 1001 221  9.1 8  6.5  76    0    0 348 -355  2
4218500 2850500  3 21  2   7.3 1001 282  7.1 8  5.9  78    0    0 341 -353  2
4218500 2850500  3 21  3   7.4 1003 254  6.1 8  5.5  84    0    0 333 -347  2
4218500 2850500  3 21  4   7.8 1003 259  5.8 8  5.3  81    0    0 333 -339  2
4218500 2850500  3 21  5   7.6 1003 260  5.8 8  5.1  78    0    0 332 -333  2
4218500 2850500  3 21  6   7.3 1003 241  5.1 6  5.0  77    0    0 317 -329  2
4218500 2850500  3 21  7   7.5 1004 249  6.4 5  5.0  77    2   14 298 -329  2
4218500 2850500  3 21  8   8.1 1004 253  6.9 5  4.8  73   70   73 289 -331  2
4218500 2850500  3 21  9   9.5 1004 240  7.8 4  4.7  67  186  117 283 -333  2
4218500 2850500  3 21 10   9.4 1004 250  8.3 5  4.7  63   38  201 282 -337  2
4218500 2850500  3 21 11   8.9 1004 233  6.6 7  4.7  65    0  122 297 -345  2
4218500 2850500  3 21 12  10.1 1003 218  6.0 8  5.1  68    0  146 317 -354  2
4218500 2850500  3 21 13   8.9 1002 237  6.8 7  5.6  75    0  147 318 -354  2
4218500 2850500  3 21 14   8.5 1001 211  5.6 8  6.3  89    0   98 318 -351  2
4218500 2850500  3 21 15   9.5 1000 225  7.9 8  6.7  93    0   72 330 -353  2
4218500 2850500  3 21 16  11.4  999 240  7.1 6  7.0  88   12  155 326 -352  2
4218500 2850500  3 21 17  12.8  998 232  5.9 5  7.1  80   29  120 315 -350  2
4218500 2850500  3 21 18  12.6  997 209  6.6 7  7.1  76    0   33 324 -350  2
4218500 2850500  3 21 19  13.0  995 221  8.1 7  7.3  77    0    1 339 -350  2
4218500 2850500  3 21 20  12.1  994 218  9.3 8  7.8  84    0    0 349 -352  2
4218500 2850500  3 21 21  12.1  992 217 10.0 8  8.3  93    0    0 359 -354  2
4218500 2850500  3 21 22  12.8  991 221 10.8 8  8.4  91    0    0 362 -356  2
4218500 2850500  3 21 23  12.6  990 220 10.7 7  8.1  87    0    0 358 -359  2
4218500 2850500  3 21 24  13.7  989 227  9.3 6  7.8  81    0    0 344 -359  2
4218500 2850500  3 22  1  12.1  988 268 10.4 7  7.7  81    0    0 341 -355  2
4218500 2850500  3 22  2   9.6  988 271 11.4 8  7.0  84    0    0 345 -351  2
4218500 2850500  3 22  3  10.0  990 260 10.1 8  5.6  72    0    0 343 -348  2
4218500 2850500  3 22  4  10.0  990 262  9.3 8  5.0  64    0    0 340 -346  2
4218500 2850500  3 22  5  10.1  990 263 10.5 7  5.1  64    0    0 333 -345  2
4218500 2850500  3 22  6   9.9  990 264 10.1 6  4.7  60    0    0 318 -341  2
4218500 2850500  3 22  7   9.7  991 251  9.8 6  4.4  57   15   12 309 -337  2
4218500 2850500  3 22  8   9.8  991 264 10.3 5  4.2  55   94   47 302 -336  2
4218500 2850500  3 22  9   9.9  991 274  9.7 5  4.1  53  125  104 295 -339  2
4218500 2850500  3 22 10   9.9  992 269  8.9 5  4.0  52   85  186 292 -342  2
4218500 2850500  3 22 11  11.2  992 261 11.6 4  4.0  50  206  201 287 -344  2
4218500 2850500  3 22 12  11.3  993 248 11.7 2  4.0  48  214  231 276 -349  2
4218500 2850500  3 22 13  11.6  993 262 13.4 4  3.8  45  171  253 281 -355  2
4218500 2850500  3 22 14  12.0  993 263 12.0 3  3.6  41  182  235 286 -356  2
4218500 2850500  3 22 15  12.2  994 260 10.7 5  3.6  40  151  202 289 -355  2
4218500 2850500  3 22 16  12.2  994 256  9.5 5  3.6  40   75  164 295 -353  2
4218500 2850500  3 22 17  12.1  994 264  9.2 3  3.6  40   57  109 284 -351  2
4218500 2850500  3 22 18  10.9  994 260  8.5 2  3.7  43   35   46 268 -348  2
4218500 2850500  3 22 19  10.2  995 252  6.9 2  3.7  46    0    8 259 -343  2
4218500 2850500  3 22 20   9.7  995 248  9.0 4  3.8  50    0    0 266 -340  2
4218500 2850500  3 22 21   8.4  996 241  6.8 5  4.1  57    0    0 277 -340  2
4218500 2850500  3 22 22   7.9  996 251  8.5 5  4.3  63    0    0 280 -340  2
4218500 2850500  3 22 23   6.8  997 246  6.9 5  4.3  67    0    0 278 -339  2
4218500 2850500  3 22 24   7.0  997 247  5.8 6  4.4  70    0    0 281 -338  2
4218500 2850500  3 23  1   6.6  998 251  5.6 4  4.5  72    0    0 277 -337  2
4218500 2850500  3 23  2   6.2  998 224  5.7 3  4.5  75    0    0 260 -336  2
4218500 2850500  3 23  3   6.1  998 228  5.4 5  4.7  78    0    0 265 -334  2
4218500 2850500  3 23  4   6.0  998 211  4.9 6  4.8  80    0    0 283 -332  2
4218500 2850500  3 23  5   5.8  998 210  4.8 6  4.8  81    0    0 291 -332  2
4218500 2850500  3 23  6   5.7  998 221  4.4 6  4.9  84    0    0 294 -333  2
4218500 2850500  3 23  7   6.5  998 228  5.8 5  4.9  82    0    5 292 -334  2
4218500 2850500  3 23  8   7.3  998 230  6.1 4  4.8  76   75   58 285 -335  2
4218500 2850500  3 23  9   7.9  998 229  7.4 5  4.6  69  158   98 286 -338  2
4218500 2850500  3 23 10   7.6  999 239  7.1 7  4.5  68    5  162 301 -342  2
4218500 2850500  3 23 11   6.1  999 275  7.4 8  4.7  76    0  101 314 -350  2
4218500 2850500  3 23 12   8.4 1000 231  5.5 5  5.3  82  176  259 308 -355  2
4218500 2850500  3 23 13   9.8 1000 253  6.7 3  5.2  72  180  268 294 -357  2
4218500 2850500  3 23 14  11.4  999 231  7.0 5  4.6  57   53  250 295 -359  2
4218500 2850500  3 23 15   9.9  999 277  6.0 5  4.4  55    5  170 297 -359  2
4218500 2850500  3 23 16   8.5  999 263  6.0 7  5.0  68    0   98 298 -359  2
4218500 2850500  3 23 17   8.2 1000 258  6.1 6  5.4  77   10  106 295 -358  2
4218500 2850500  3 23 18   7.5 1001 272  4.7 7  5.1  77    8   51 291 -350  2
4218500 2850500  3 23 19   6.7 1002 244  4.2 6  5.0  79    0    1 287 -343  2
4218500 2850500  3 23 20   5.7 1002 248  4.5 5  4.9  82    0    0 276 -340  2
4218500 2850500  3 23 21   5.1 1002 237  4.1 4  4.9  88    0    0 266 -338  2
4218500 2850500  3 23 22   5.3 1003 256  4.5 3  4.9  88    0    0 256 -337  2
4218500 2850500  3 23 23   4.6 1004 248  4.1 2  4.7  86    0    0 246 -336  2
4218500 2850500  3 23 24   3.9 1004 242  3.4 0  4.6  89    0    0 228 -334  2
4218500 2850500  3 24  1   3.4 1005 246  3.3 0  4.6  92    0    0 210 -333  2
4218500 2850500  3 24  2   2.8 1005 243  2.7 0  4.5  94    0    0 205 -332  2
4218500 2850500  3 24  3   2.4 1005 262  3.1 0  4.3  94    0    0 206 -331  2
4218500 2850500  3 24  4   1.9 1006 209  2.7 0  4.2  94    0    0 205 -332  2
4218500 2850500  3 24  5   1.1 1006 200  2.6 0  4.1  96    0    0 200 -332  2
4218500 2850500  3 24  6   0.8 1007 212  2.1 1  4.0  97    0    0 202 -332  2
4218500 2850500  3 24  7   0.6 1007 216  2.2 1  3.9  98   15   16 205 -331  2
4218500 2850500  3 24  8   2.2 1007 231  2.1 1  4.1  98  118   59 205 -332  2
4218500 2850500  3 24  9   5.5 1007 286  2.1 2  4.6  91  255   79 219 -337  2
4218500 2850500  3 24 10   7.2 1007 246  2.1 3  4.7  79  360   99 242 -346  2
4218500 2850500  3 24 11   7.6 1008 206  2.8 4  4.5  70  259  206 259 -356  2
4218500 2850500  3 24 12   8.3 1008 271  1.9 5  4.2  63  129  277 275 -361  2
4218500 2850500  3 24 13   9.1 1009 261  2.5 5  4.1  58  140  284 290 -358  2
4218500 2850500  3 24 14  10.4 1009 249  2.8 4  3.9  52  178  264 292 -363  2
4218500 2850500  3 24 15  10.3 1008 260  1.0 5  3.6  46  120  231 290 -369  2
4218500 2850500  3 24 16   9.9 1008 315  1.6 6  3.4  44   43  177 292 -367  2
4218500 2850500  3 24 17   9.6 1008  58  0.6 7  3.3  44    3   94 293 -362  2
4218500 2850500  3 24 18   9.0 1008  41  1.5 6  3.4  47    1   40 288 -354  2
4218500 2850500  3 24 19   8.7 1008  35  2.4 8  3.6  51    0    4 288 -345  2
4218500 2850500  3 24 20   7.7 1008   6  3.4 8  3.8  56    0    0 293 -337  2
4218500 2850500  3 24 21   7.5 1008  18  3.5 8  4.0  61    0    0 294 -333  2
4218500 2850500  3 24 22   6.9 1008  27  4.2 8  4.1  65    0    0 296 -329  2
4218500 2850500  3 24 23   6.4 1008  28  4.1 8  4.3  70    0    0 297 -326  2
4218500 2850500  3 24 24   6.0 1008  37  4.6 7  4.2  71    0    0 292 -324  2
4218500 2850500  3 25  1   5.6 1008  34  4.4 8  4.1  72    0    0 292 -322  2
4218500 2850500  3 25  2   5.4 1008  28  3.7 8  4.1  73    0    0 296 -321  2
4218500 2850500  3 25  3   4.8 1007  22  3.7 8  4.1  75    0    0 297 -320  2
4218500 2850500  3 25  4   3.4 1007  19  3.6 7  4.1  79    0    0 292 -320  2
4218500 2850500  3 25  5   4.2 1007  13  4.1 7  4.0  80    0    0 289 -319  2
4218500 2850500  3 25  6   3.6 1007  12  4.2 7  4.0  79    0    0 291 -320  2
4218500 2850500  3 25  7   3.4 1007  18  4.1 7  4.0  81    0    5 291 -321  2
4218500 2850500  3 25  8   4.4 1007   1  4.4 7  4.0  80    0   37 293 -324  2
4218500 2850500  3 25  9   5.7 1007   7  4.7 7  4.2  76    2  119 295 -330  2
4218500 2850500  3 25 10   6.9 1007   8  4.8 7  4.2  71   32  224 298 -337  2
4218500 2850500  3 25 11   8.0 1007  20  6.0 7  4.2  64   34  264 301 -346  2
4218500 2850500  3 25 12   8.7 1008  10  5.9 7  4.1  60   47  305 304 -351  2
4218500 2850500  3 25 13   9.1 1008  19  6.6 7  4.1  58   58  323 306 -353  2
4218500 2850500  3 25 14   9.0 1008   6  6.5 8  4.0  56   32  280 313 -354  2
4218500 2850500  3 25 15   8.8 1007  10  7.5 8  3.9  55   14  218 318 -354  2
4218500 2850500  3 25 16   8.4 1007  18  8.1 7  3.9  56   26  195 313 -351  2
4218500 2850500  3 25 17   7.1 1006  13  8.2 7  3.8  58   17  133 306 -346  2
4218500 2850500  3 25 18   5.6 1007  11  7.6 6  3.8  63    4   59 298 -342  2
4218500 2850500  3 25 19   4.3 1007   2  7.3 7  3.7  69    0    6 292 -338  2
4218500 2850500  3 25 20   3.2 1008   2  7.1 7  3.8  75    0    0 292 -335  2
4218500 2850500  3 25 21   3.1 1008   1  7.8 7  3.8  79    0    0 291 -332  2
4218500 2850500  3 25 22   3.1 1008   3  7.0 7  3.8  80    0    0 291 -331  2
4218500 2850500  3 25 23   3.0 1008   2  6.8 7  3.8  80    0    0 290 -330  2
4218500 2850500  3 25 24   2.8 1008   2  6.3 7  3.8  81    0    0 290 -329  2
4218500 2850500  3 26  1   2.6 1008  10  6.1 7  3.8  82    0    0 290 -329  2
4218500 2850500  3 26  2   2.6 1008   8  5.9 8  3.7  80    0    0 295 -329  2
4218500 2850500  3 26  3   2.3 1008  15  6.0 8  3.5  77    0    0 302 -328  2
4218500 2850500  3 26  4   2.0 1008   0  5.1 8  3.4  77    0    0 303 -327  2
4218500 2850500  3 26  5   1.8 1008   8  5.6 8  3.4  79    0    0 305 -327  2
4218500 2850500  3 26  6   1.4 1008 360  6.3 8  3.4  80    0    0 306 -326  2
4218500 2850500  3 26  7   1.5 1008   8  5.5 8  3.3  79    1   17 307 -326  2
4218500 2850500  3 26  8   1.6 1008 359  6.3 7  3.3  77    2   71 302 -326  2
4218500 2850500  3 26  9   1.8 1009   0  5.7 8  3.3  77    0  107 302 -327  2
4218500 2850500  3 26 10   2.3 1009 353  6.0 8  3.2  73    0  128 309 -329  2
4218500 2850500  3 26 11   2.6 1009 356  5.8 8  3.1  68    0  130 309 -331  2
4218500 2850500  3 26 12   3.2 1010 341  6.0 7  3.0  64    0  167 305 -333  2
4218500 2850500  3 26 13   3.6 1010 349  5.1 7  3.0  61    2  206 301 -335  2
4218500 2850500  3 26 14   3.8 1010 349  5.3 7  3.0  61    0  124 301 -336  2
4218500 2850500  3 26 15   3.6 1010 341  5.3 7  3.0  62    0  102 302 -337  2
4218500 2850500  3 26 16   3.3 1010 335  5.3 7  3.1  63    0   83 299 -338  2
4218500 2850500  3 26 17   2.6 1010 340  5.3 7  3.2  68    0   63 297 -337  2
4218500 2850500  3 26 18   2.4 1010 333  5.4 8  3.3  72    0   31 300 -335  2
4218500 2850500  3 26 19   2.4 1011 351  4.2 8  3.2  72    0    4 304 -333  2
4218500 2850500  3 26 20   2.4 1011 337  4.0 7  3.1  70    0    0 297 -331  2
4218500 2850500  3 26 21   2.1 1012 336  4.0 7  3.2  71    0    0 290 -330  2
4218500 2850500  3 26 22   1.6 1012 323  3.8 7  3.1  72    0    0 289 -329  2
4218500 2850500  3 26 23   1.2 1012 331  3.8 7  3.0  71    0    0 287 -328  2
4218500 2850500  3 26 24   1.0 1012 322  3.7 6  2.9  70    0    0 280 -327  2
4218500 2850500  3 27  1   0.3 1012 314  3.8 6  2.9  72    0    0 275 -326  2
4218500 2850500  3 27  2   0.1 1012 314  3.9 6  3.0  77    0    0 274 -324  2
4218500 2850500  3 27  3  -0.2 1012 312  3.7 6  3.0  80    0    0 275 -322  2
4218500 2850500  3 27  4  -0.4 1012 311  3.8 6  3.1  83    0    0 275 -320  2
4218500 2850500  3 27  5  -0.9 1011 320  3.7 6  3.1  84    0    0 274 -318  2
4218500 2850500  3 27  6  -0.9 1011 321  3.6 7  3.1  86    0    0 277 -316  2
4218500 2850500  3 27  7  -0.9 1011 321  3.5 7  3.1  88   17   17 281 -316  2
4218500 2850500  3 27  8  -0.1 1011 322  3.5 6  3.2  88   72   66 278 -316  2
4218500 2850500  3 27  9   0.8 1012 337  4.4 7  3.3  84   86  137 280 -318  2
4218500 2850500  3 27 10   0.8 1012 332  3.9 7  3.4  85   56  200 286 -321  2
4218500 2850500  3 27 11   1.9 1012 327  3.9 7  3.5  85   14  211 288 -325  2
4218500 2850500  3 27 12   2.5 1012 328  4.4 7  3.4  77    0  183 291 -330  2
4218500 2850500  3 27 13   2.8 1012 327  4.0 7  3.3  71    0  150 292 -336  2
4218500 2850500  3 27 14   2.9 1012 336  3.9 7  3.2  69    0  120 292 -340  2
4218500 2850500  3 27 15   2.9 1012 344  3.0 7  3.2  68    0   84 291 -344  2
4218500 2850500  3 27 16   2.0 1012 342  3.2 5  3.2  71    4  142 280 -345  2
4218500 2850500  3 27 17   1.7 1012 322  2.9 6  3.4  79   34  119 273 -343  2
4218500 2850500  3 27 18   2.0 1012 348  3.4 6  3.7  85   20   58 278 -338  2
4218500 2850500  3 27 19   0.9 1012 347  3.1 5  3.6  85    1   10 272 -331  2
4218500 2850500  3 27 20   0.4 1012 357  2.6 2  3.3  84    0    0 250 -326  2
4218500 2850500  3 27 21   0.1 1012 351  2.2 2  3.3  85    0    0 235 -322  2
4218500 2850500  3 27 22   0.3 1013  18  2.3 4  3.4  88    0    0 244 -318  2
4218500 2850500  3 27 23   0.1 1013  15  2.1 4  3.3  85    0    0 253 -316  2
4218500 2850500  3 27 24  -0.2 1013  11  1.5 2  3.1  82    0    0 242 -315  2
4218500 2850500  3 28  1  -1.6 1013 347  1.0 2  3.0  85    0    0 232 -314  2
4218500 2850500  3 28  2  -2.0 1013 300  1.5 1  2.9  88    0    0 225 -311  2
4218500 2850500  3 28  3  -2.8 1013 312  1.7 0  2.9  90    0    0 216 -309  2
4218500 2850500  3 28  4  -3.5 1013 297  1.3 0  2.9  95    0    0 210 -308  2
4218500 2850500  3 28  5  -3.8 1012 280  1.2 0  2.8  97    0    0 207 -308  2
4218500 2850500  3 28  6  -3.9 1012 292  2.4 0  2.8  98    0    0 207 -307  2
4218500 2850500  3 28  7  -3.2 1013 280  2.1 1  2.8  97   24   19 212 -307  2
4218500 2850500  3 28  8  -0.3 1013 286  2.0 0  3.1  93  151   53 216 -309  2
4218500 2850500  3 28  9   1.6 1013 273  2.3 0  3.4  85  320   52 218 -313  2
4218500 2850500  3 28 10   2.8 1013 276  2.8 3  3.3  74  324  115 237 -319  2
4218500 2850500  3 28 11   3.3 1013 267  2.3 5  3.1  65  147  240 263 -329  2
4218500 2850500  3 28 12   4.4 1013 272  2.0 4  3.0  60  407  173 271 -339  2
4218500 2850500  3 28 13   5.6 1012 280  2.0 2  2.9  54  529  116 261 -349  2
4218500 2850500  3 28 14   6.2 1012 241  3.3 2  2.8  49  412  136 254 -354  2
4218500 2850500  3 28 15   5.6 1011 260  3.2 4  2.7  47  197  217 263 -356  2
4218500 2850500  3 28 16   5.8 1011 265  3.6 4  2.6  46   88  177 271 -355  2
4218500 2850500  3 28 17   5.8 1011 348  3.5 4  2.6  45   71  119 270 -352  2
4218500 2850500  3 28 18   4.9 1010 278  2.9 5  2.5  45   37   57 272 -347  2
4218500 2850500  3 28 19   3.8 1010 270  2.6 6  2.5  48    2   11 279 -343  2
4218500 2850500  3 28 20   2.3 1010 278  2.7 5  2.6  54    0    0 276 -339  2
4218500 2850500  3 28 21   1.7 1011 255  2.9 5  2.7  60    0    0 269 -338  2
4218500 2850500  3 28 22   1.2 1011 241  2.6 6  2.7  65    0    0 273 -336  2
4218500 2850500  3 28 23   0.6 1011 229  2.8 6  2.8  68    0    0 277 -336  2
4218500 2850500  3 28 24   0.2 1011 228  2.5 6  2.8  71    0    0 277 -336  2
4218500 2850500  3 29  1   0.8 1011 226  2.6 5  2.8  71    0    0 272 -336  2
4218500 2850500  3 29  2   0.9 1011 233  2.9 6  2.8  69    0    0 273 -335  2
4218500 2850500  3 29  3   1.1 1011 236  2.7 7  2.8  68    0    0 285 -336  2
4218500 2850500  3 29  4   1.7 1011 239  2.2 6  2.8  68    0    0 286 -336  2
4218500 2850500  3 29  5   1.9 1011 243  2.7 8  2.9  67    0    0 293 -337  2
4218500 2850500  3 29  6   2.3 1011 231  3.2 8  3.0  67    0    0 305 -338  2
4218500 2850500  3 29  7   2.3 1011 234  3.3 8  3.0  67    0   14 307 -338  2
4218500 2850500  3 29  8   3.1 1011 246  2.7 8  3.1  68    1   64 308 -341  2
4218500 2850500  3 29  9   4.1 1011 246  2.9 8  3.3  68    0  100 311 -347  2
4218500 2850500  3 29 10   4.6 1012 272  4.0 8  3.5  67    0  122 314 -354  2
4218500 2850500  3 29 11   5.2 1012 258  3.8 8  3.6  67    0  117 316 -358  2
4218500 2850500  3 29 12   6.2 1012 269  4.0 8  3.9  68    0  147 318 -365  2
4218500 2850500  3 29 13   7.2 1012 250  3.7 7  4.1  67    2  207 315 -371  2
4218500 2850500  3 29 14   7.9 1013 268  4.4 7  4.3  67    1  193 313 -372  2
4218500 2850500  3 29 15   7.6 1013 256  3.9 8  4.6  70    0  118 320 -370  2
4218500 2850500  3 29 16   7.6 1013 271  3.2 8  4.8  74    0   93 324 -366  2
4218500 2850500  3 29 17   7.6 1013 265  3.0 8  4.9  76    0   92 322 -363  2
4218500 2850500  3 29 18   7.4 1013 269  2.3 7  5.0  77    1   52 316 -360  2
4218500 2850500  3 29 19   7.3 1013 280  2.1 8  5.0  78    0    6 314 -356  2
4218500 2850500  3 29 20   7.1 1014 266  1.5 8  5.0  79    0    0 315 -352  2
4218500 2850500  3 29 21   6.9 1014 273  1.5 7  4.9  80    0    0 310 -349  2
4218500 2850500  3 29 22   6.2 1015 196  1.8 7  4.9  81    0    0 303 -348  2
4218500 2850500  3 29 23   6.2 1015 211  2.4 7  4.9  83    0    0 302 -347  2
4218500 2850500  3 29 24   5.5 1015 232  2.1 7  4.9  85    0    0 302 -344  2
4218500 2850500  3 30  1   5.4 1015 239  1.8 7  4.7  85    0    0 302 -344  2
4218500 2850500  3 30  2   5.4 1015 207  2.4 7  4.8  87    0    0 303 -342  2
4218500 2850500  3 30  3   5.3 1015 271  2.3 8  4.9  88    0    0 308 -341  2
4218500 2850500  3 30  4   5.4 1015 246  2.2 7  4.7  85    0    0 308 -341  2
4218500 2850500  3 30  5   5.2 1015 215  2.6 7  4.6  84    0    0 305 -341  2
4218500 2850500  3 30  6   5.2 1015 209  2.7 8  4.5  81    0    0 308 -341  2
4218500 2850500  3 30  7   5.4 1015 204  2.4 8  4.3  77    5   18 312 -340  2
4218500 2850500  3 30  8   6.0 1015 257  2.0 7  4.3  75   13   78 308 -343  2
4218500 2850500  3 30  9   7.1 1016 251  2.4 7  4.3  71   18  143 305 -351  2
4218500 2850500  3 30 10   8.8 1016 261  2.6 7  4.3  66   69  214 308 -362  2
4218500 2850500  3 30 11  10.8 1016 291  3.3 4  4.4  59  268  221 302 -371  2
4218500 2850500  3 30 12  12.0 1017 331  3.6 2  4.5  54  418  192 288 -376  2
4218500 2850500  3 30 13  11.3 1017 297  4.3 2  4.5  53  131  296 281 -378  2
4218500 2850500  3 30 14  11.8 1017 299  4.7 2  4.2  50  114  276 280 -378  2
4218500 2850500  3 30 15  12.5 1017 289  3.6 5  4.1  47   31  220 294 -376  2
4218500 2850500  3 30 16  11.9 1017 271  2.8 4  4.1  46   53  185 303 -372  2
4218500 2850500  3 30 17  11.8 1017 283  2.7 5  4.0  47   19  122 301 -369  2
4218500 2850500  3 30 18  11.4 1017 291  2.0 4  3.9  47   17   61 300 -365  2
4218500 2850500  3 30 19   9.4 1016 278  1.9 3  3.9  50    1   11 288 -358  2
4218500 2850500  3 30 20   7.8 1017 284  1.8 4  4.0  57    0    0 282 -351  2
4218500 2850500  3 30 21   7.4 1017 255  1.6 6  4.1  63    0    0 290 -348  2
4218500 2850500  3 30 22   6.2 1018 209  1.9 4  4.1  66    0    0 285 -346  2
4218500 2850500  3 30 23   5.1 1018 292  1.5 3  4.0  72    0    0 271 -344  2
4218500 2850500  3 30 24   4.4 1018 238  1.3 1  4.1  77    0    0 259 -342  2
4218500 2850500  3 31  1   3.3 1019 170  1.2 1  3.9  79    0    0 249 -339  2
4218500 2850500  3 31  2   2.6 1019 222  1.2 0  3.9  84    0    0 243 -336  2
4218500 2850500  3 31  3   2.2 1019  57  1.7 0  4.1  90    0    0 237 -335  2
4218500 2850500  3 31  4   3.3 1019  89  1.8 1  4.1  90    0    0 241 -333  2
4218500 2850500  3 31  5   2.1 1019  76  1.6 1  4.0  88    0    0 244 -331  2
4218500 2850500  3 31  6   1.6 1019 104  1.7 0  3.9  91    0    0 237 -329  2
4218500 2850500  3 31  7   1.9 1019  84  1.9 1  4.0  93   22   24 236 -328  2
4218500 2850500  3 31  8   5.5 1019  93  1.5 1  4.4  90  123   80 244 -331  2
4218500 2850500  3 31  9   9.0 1019  72  2.0 1  4.8  76  255  111 253 -339  2
4218500 2850500  3 31 10  11.7 1019  93  3.1 0  4.7  60  384  131 255 -351  2
4218500 2850500  3 31 11  12.8 1021 102  3.9 0  4.5  51  472  148 255 -361  2
4218500 2850500  3 31 12  13.8 1020 124  4.0 1  4.3  45  524  158 261 -370  2
4218500 2850500  3 31 13  14.5 1020 144  4.3 1  3.9  39  509  175 268 -376  2
4218500 2850500  3 31 14  15.1 1019 130  4.2 1  3.8  37  167  274 270 -378  2
4218500 2850500  3 31 15  15.1 1018 122  4.4 1  4.0  38  384  169 272 -378  2
4218500 2850500  3 31 16  14.8 1018 133  4.9 1  3.9  37  287  146 272 -377  2
4218500 2850500  3 31 17  14.5 1017 127  4.7 1  3.9  38  172  112 271 -371  2
4218500 2850500  3 31 18  13.3 1017 119  4.2 1  4.0  40   59   65 269 -363  2
4218500 2850500  3 31 19  11.7 1017 107  3.3 1  3.9  44    2   12 265 -355  2
4218500 2850500  3 31 20  10.8 1017  98  3.5 0  3.9  47    0    0 257 -349  2
4218500 2850500  3 31 21  10.0 1016 106  3.6 0  3.8  49    0    0 251 -345  2
4218500 2850500  3 31 22   9.5 1016 107  4.3 0  3.9  52    0    0 250 -342  2
4218500 2850500  3 31 23   8.7 1016  97  3.9 1  3.9  55    0    0 252 -341  2
4218500 2850500  3 31 24   7.7 1016 115  3.9 0  4.0  59    0    0 250 -339  2
4218500 2850500  4  1  1   6.5 1016 116  3.5 0  3.9  63    0    0 245 -337  2
4218500 2850500  4  1  2   5.3 1016 103  3.1 0  4.0  69    0    0 242 -335  2
4218500 2850500  4  1  3   4.1 1015 103  3.2 0  4.0  75    0    0 239 -333  2
4218500 2850500  4  1  4   3.5 1015 100  3.3 0  4.0  80    0    0 236 -331  2
4218500 2850500  4  1  5   3.4 1015  98  3.3 0  4.0  82    0    0 235 -329  2
4218500 2850500  4  1  6   2.4 1015  95  4.0 0  3.9  84    0    0 234 -327  2
4218500 2850500  4  1  7   4.2 1015 104  3.5 0  4.0  83   29   24 235 -327  2
4218500 2850500  4  1  8   7.1 1015 104  4.2 0  4.1  72  158   70 240 -331  2
4218500 2850500  4  1  9   9.9 1015 115  5.1 0  4.0  58  299   90 247 -340  2
4218500 2850500  4  1 10  11.7 1015 113  4.4 0  3.9  49  428  102 255 -348  2
4218500 2850500  4  1 11  12.8 1015 116  5.1 0  3.9  44  519  114 260 -358  2
4218500 2850500  4  1 12  13.6 1014  99  5.5 0  3.9  41  578  118 265 -368  2
4218500 2850500  4  1 13  14.2 1014  97  5.3 0  3.9  40  581  122 269 -372  2
4218500 2850500  4  1 14  15.1 1013 107  5.5 0  4.0  39  533  129 274 -369  2
4218500 2850500  4  1 15  15.6 1012 107  5.7 0  4.0  37  448  128 279 -368  2
4218500 2850500  4  1 16  15.8 1012 114  5.4 0  4.0  36  334  116 280 -368  2
4218500 2850500  4  1 17  14.8 1011 101  5.5 0  3.9  36  203   94 278 -366  2
4218500 2850500  4  1 18  13.7 1011 114  5.1 0  3.8  38   73   60 274 -363  2
4218500 2850500  4  1 19  12.4 1011  96  4.6 0  3.8  40    4   13 269 -360  2
4218500 2850500  4  1 20  10.9 1012  78  4.0 0  3.8  44    0    0 261 -358  2
4218500 2850500  4  1 21  10.1 1012  81  5.0 0  3.9  49    0    0 255 -357  2
4218500 2850500  4  1 22   9.6 1012  93  4.9 1  4.0  54    0    0 256 -356  2
4218500 2850500  4  1 23   9.1 1012  94  4.8 1  4.1  56    0    0 258 -356  2
4218500 2850500  4  1 24   8.3 1012  93  5.0 0  4.1  59    0    0 250 -356  2
4218500 2850500  4  2  1   7.0 1012  85  3.8 0  4.1  66    0    0 242 -356  2
4218500 2850500  4  2  2   6.5 1012  83  4.8 0  4.1  67    0    0 234 -356  2
4218500 2850500  4  2  3   5.8 1012  84  4.8 0  4.1  70    0    0 231 -356  2
4218500 2850500  4  2  4   5.1 1012  84  4.5 0  4.2  75    0    0 227 -355  2
4218500 2850500  4  2  5   4.6 1012  79  4.7 2  4.2  79    0    0 237 -353  2
4218500 2850500  4  2  6   4.5 1013  80  4.7 3  4.3  82    0    0 251 -352  2
4218500 2850500  4  2  7   4.6 1013  86  4.9 2  4.3  83   15   45 248 -350  2
4218500 2850500  4  2  8   6.2 1013  95  5.2 1  4.4  79   92  104 238 -349  2
4218500 2850500  4  2  9   8.7 1013  90  5.6 1  4.5  71  209  144 236 -349  2
4218500 2850500  4  2 10  10.8 1014  95  5.6 0  4.7  62  327  165 234 -349  2
4218500 2850500  4  2 11  13.0 1015  97  6.4 0  4.8  55  416  179 236 -350  2
4218500 2850500  4  2 12  13.8 1015 104  6.1 0  4.7  49  465  191 241 -354  2
4218500 2850500  4  2 13  14.7 1014  81  7.2 0  4.5  45  466  201 247 -357  2
4218500 2850500  4  2 14  15.0 1014  79  6.1 0  4.5  43  425  204 250 -361  2
4218500 2850500  4  2 15  14.8 1013  94  6.0 1  4.5  42  325  212 253 -366  2
4218500 2850500  4  2 16  14.6 1013  79  6.2 1  4.2  41  228  189 256 -368  2
4218500 2850500  4  2 17  14.0 1013 103  6.9 1  4.1  40  131  144 253 -367  2
4218500 2850500  4  2 18  13.2 1013 105  6.0 2  4.1  42   37   84 252 -362  2
4218500 2850500  4  2 19  11.8 1013  85  6.0 4  4.2  47    0   16 264 -355  2
4218500 2850500  4  2 20  10.8 1014  86  5.6 4  4.5  54    0    0 270 -349  2
4218500 2850500  4  2 21  10.1 1014  86  6.0 4  4.5  57    0    0 266 -343  2
4218500 2850500  4  2 22   9.9 1014  88  7.0 5  4.2  56    0    0 269 -338  2
4218500 2850500  4  2 23   9.0 1014  98  6.6 6  3.8  52    0    0 277 -334  2
4218500 2850500  4  2 24   7.9 1014  91  6.5 6  3.4  49    0    0 278 -331  2
4218500 2850500  4  3  1   7.7 1014  87  6.7 5  3.1  47    0    0 270 -328  2
4218500 2850500  4  3  2   6.4 1014  87  6.1 4  3.0  49    0    0 255 -324  2
4218500 2850500  4  3  3   5.8 1014  86  6.0 3  3.0  51    0    0 243 -321  2
4218500 2850500  4  3  4   5.3 1014  88  6.6 2  2.9  52    0    0 231 -318  2
4218500 2850500  4  3  5   4.5 1014  90  6.3 2  2.9  54    0    0 224 -316  2
4218500 2850500  4  3  6   4.8 1014  87  7.1 4  3.0  56    0    0 235 -315  2
4218500 2850500  4  3  7   4.8 1014  95  6.3 5  3.0  57    6   39 250 -315  2
4218500 2850500  4  3  8   5.6 1015  97  6.0 4  3.1  56   47  109 251 -315  2
4218500 2850500  4  3  9   8.2 1015 100  7.6 3  3.3  53  222  132 245 -317  2
4218500 2850500  4  3 10   9.8 1015 108  7.8 0  3.4  47  372  136 234 -324  2
4218500 2850500  4  3 11  11.2 1015  94  8.0 0  3.3  42  471  141 229 -332  2
4218500 2850500  4  3 12  12.9 1015  99  7.8 0  3.4  39  524  148 235 -341  2
4218500 2850500  4  3 13  13.9 1015 100  7.5 0  3.3  35  526  156 241 -351  2
4218500 2850500  4  3 14  14.6 1015  98  8.4 0  3.3  32  473  166 243 -357  2
4218500 2850500  4  3 15  14.6 1014 108  8.3 0  3.1  30  385  168 243 -360  2
4218500 2850500  4  3 16  13.7 1013 101  7.8 0  2.6  26  274  157 240 -358  2
4218500 2850500  4  3 17  13.4 1013 108  8.3 3  2.5  26  114  145 245 -352  2
4218500 2850500  4  3 18  12.3 1013  98  7.4 4  2.6  28   32   82 256 -343  2
4218500 2850500  4  3 19  11.1 1014  98  7.2 4  2.6  30    1   17 256 -335  2
4218500 2850500  4  3 20  10.1 1014  99  6.5 4  2.5  32    0    0 252 -329  2
4218500 2850500  4  3 21   9.2 1013  99  6.4 3  2.6  35    0    0 245 -324  2
4218500 2850500  4  3 22   8.2 1014  99  6.2 2  2.6  37    0    0 231 -321  2
4218500 2850500  4  3 23   7.9 1014 108  5.6 2  2.5  38    0    0 223 -317  2
4218500 2850500  4  3 24   7.5 1014 107  5.7 3  2.6  39    0    0 229 -315  2
4218500 2850500  4  4  1   6.4 1014  99  5.2 2  2.5  41    0    0 227 -314  2
4218500 2850500  4  4  2   5.8 1014  97  5.2 1  2.5  43    0    0 214 -312  2
4218500 2850500  4  4  3   4.9 1014  94  5.2 1  2.5  46    0    0 206 -310  2
4218500 2850500  4  4  4   4.7 1013  94  4.8 1  2.6  48    0    0 203 -309  2
4218500 2850500  4  4  5   4.1 1013  93  4.9 2  2.6  50    0    0 209 -309  2
4218500 2850500  4  4  6   3.7 1013  98  4.2 3  2.6  52    0    0 221 -309  2
4218500 2850500  4  4  7   4.0 1014 113  3.1 4  2.7  53    0   33 233 -310  2
4218500 2850500  4  4  8   5.0 1014 116  5.3 5  2.8  53   15  107 247 -313  2
4218500 2850500  4  4  9   7.0 1014 118  4.9 5  3.0  52   88  188 258 -317  2
4218500 2850500  4  4 10   9.9 1014 132  4.7 6  3.3  49  198  234 272 -324  2
4218500 2850500  4  4 11  11.8 1015 141  4.8 6  3.7  46  156  296 287 -334  2
4218500 2850500  4  4 12  13.5 1015 134  4.3 7  3.9  43  152  317 300 -345  2
4218500 2850500  4  4 13  15.0 1015 150  3.4 6  4.2  42  267  310 306 -352  2
4218500 2850500  4  4 14  15.9 1015 161  3.5 6  4.4  41  298  280 306 -357  2
4218500 2850500  4  4 15  16.6 1015 191  3.1 5  4.7  41  194  263 304 -358  2
4218500 2850500  4  4 16  16.9 1015 216  2.5 5  4.9  42  106  215 301 -357  2
4218500 2850500  4  4 17  16.2 1014 252  3.2 7  5.2  45    5  118 313 -356  2
4218500 2850500  4  4 18  13.4 1015 277  2.2 6  6.2  59    0   37 316 -352  2
4218500 2850500  4  4 19  12.7 1015  36  1.5 7  7.2  77    0   14 313 -350  2
4218500 2850500  4  4 20  12.7 1016 152  1.2 7  7.4  81    0    0 318 -349  2
4218500 2850500  4  4 21  11.3 1016 168  1.7 5  7.4  85    0    0 307 -348  2
4218500 2850500  4  4 22  10.7 1016 179  2.5 2  7.3  89    0    0 282 -347  2
4218500 2850500  4  4 23  10.0 1016 174  1.4 2  7.0  90    0    0 266 -346  2
4218500 2850500  4  4 24   9.5 1015 221  3.1 0  6.6  88    0    0 252 -346  2
4218500 2850500  4  5  1   9.4 1015 224  3.5 5  6.2  84    0    0 264 -346  2
4218500 2850500  4  5  2   9.2 1015 224  3.5 4  5.8  79    0    0 283 -346  2
4218500 2850500  4  5  3   8.6 1015 213  3.5 2  5.4  77    0    0 261 -345  2
4218500 2850500  4  5  4   8.0 1014 185  2.9 2  5.2  76    0    0 244 -341  2
4218500 2850500  4  5  5   7.1 1014 182  3.0 3  5.0  78    0    0 242 -337  2
4218500 2850500  4  5  6   6.8 1013 184  3.4 3  4.9  80    0    1 248 -335  2
4218500 2850500  4  5  7   7.5 1013 192  4.0 4  5.0  80   24   38 259 -335  2
4218500 2850500  4  5  8   9.5 1013 193  4.9 5  5.2  75   43  100 277 -339  2
4218500 2850500  4  5  9  11.3 1013 196  5.1 6  5.4  69   35  165 297 -349  2
4218500 2850500  4  5 10  12.9 1013 202  5.2 7  5.5  63   61  219 316 -361  2
4218500 2850500  4  5 11  14.1 1012 188  5.6 7  5.7  59   46  246 327 -370  2
4218500 2850500  4  5 12  14.3 1011 200  6.1 7  5.6  56    0  180 329 -379  2
4218500 2850500  4  5 13  15.0 1011 208  6.8 7  5.6  54   21  244 330 -386  2
4218500 2850500  4  5 14  15.0 1011 222  7.8 7  5.6  53   36  242 331 -381  2
4218500 2850500  4  5 15  14.8 1010 230  7.4 7  5.5  52   18  206 330 -374  2
4218500 2850500  4  5 16  13.6 1010 221  7.2 7  5.5  55    0   75 328 -371  2
4218500 2850500  4  5 17  12.4 1010 210  4.4 7  6.0  64    0   73 326 -371  2
4218500 2850500  4  5 18   8.9 1010 272  4.1 6  6.4  80    0   35 316 -370  2
4218500 2850500  4  5 19   8.7 1011 227  3.1 5  6.6  93    0    7 303 -365  2
4218500 2850500  4  5 20   8.4 1010 204  3.0 3  6.5  94    0    0 288 -356  2
4218500 2850500  4  5 21   7.9 1010 205  2.9 3  6.4  94    0    0 275 -350  2
4218500 2850500  4  5 22   7.8 1011 207  2.9 3  6.3  95    0    0 273 -345  2
4218500 2850500  4  5 23   7.5 1011 254  1.9 3  6.2  95    0    0 270 -341  2
4218500 2850500  4  5 24   7.6 1010 267  2.3 6  6.2  96    0    0 282 -339  2
4218500 2850500  4  6  1   7.3 1010 238  2.1 7  6.2  96    0    0 301 -339  2
4218500 2850500  4  6  2   7.2 1010 214  2.3 7  6.0  95    0    0 305 -340  2
4218500 2850500  4  6  3   6.6 1010 191  2.3 6  5.9  95    0    0 299 -341  2
4218500 2850500  4  6  4   5.6 1009 203  2.4 5  5.6  96    0    0 285 -341  2
4218500 2850500  4  6  5   4.7 1008 181  2.6 5  5.3  97    0    0 276 -340  2
4218500 2850500  4  6  6   4.7 1008 171  2.7 5  5.2  97    0    2 277 -341  2
4218500 2850500  4  6  7   5.4 1007 179  3.1 6  5.3  96   39   47 287 -342  2
4218500 2850500  4  6  8   7.3 1006 190  3.0 3  5.4  91  181   76 283 -345  2
4218500 2850500  4  6  9  10.1 1007 187  3.9 3  5.4  77  324   89 275 -350  2
4218500 2850500  4  6 10  13.0 1006 191  5.4 3  5.3  62  461   92 285 -354  2
4218500 2850500  4  6 11  13.5 1005 202  6.3 5  4.8  51  228  259 301 -359  2
4218500 2850500  4  6 12   9.4 1005 271  5.7 6  5.1  60   13  241 313 -364  2
4218500 2850500  4  6 13   8.3 1005 223  6.5 7  5.6  79    1  195 314 -367  2
4218500 2850500  4  6 14   8.8 1005 231  4.8 7  5.6  79   18  237 313 -366  2
4218500 2850500  4  6 15  10.6 1004 269  4.7 4  5.4  71  203  238 297 -367  2
4218500 2850500  4  6 16  11.6 1004 275  3.8 3  5.0  60  226  175 273 -368  2
4218500 2850500  4  6 17  11.3 1003 272  6.0 5  4.6  55   49  141 273 -363  2
4218500 2850500  4  6 18  10.2 1003 271  5.2 4  4.4  54   20   79 273 -358  2
4218500 2850500  4  6 19   8.9 1003 265  3.9 3  4.4  58    5   21 258 -354  2
4218500 2850500  4  6 20   8.4 1003 229  3.6 4  4.4  63    0    0 258 -348  2
4218500 2850500  4  6 21   6.3 1003 306  2.8 4  4.5  70    0    0 262 -345  2
4218500 2850500  4  6 22   5.7 1002 255  2.6 5  4.6  78    0    0 267 -343  2
4218500 2850500  4  6 23   5.1 1001 215  3.4 4  4.6  82    0    0 265 -341  2
4218500 2850500  4  6 24   4.7 1001 195  3.7 4  4.7  86    0    0 257 -339  2
4218500 2850500  4  7  1   4.1 1000 185  4.1 4  4.7  89    0    0 256 -337  2
4218500 2850500  4  7  2   3.8  999 182  3.5 3  4.7  92    0    0 250 -336  2
4218500 2850500  4  7  3   3.7  998 172  3.7 3  4.7  93    0    0 244 -335  2
4218500 2850500  4  7  4   3.6  997 174  3.6 5  4.7  94    0    0 256 -334  2
4218500 2850500  4  7  5   4.0  996 177  3.9 7  4.7  94    0    0 282 -333  2
4218500 2850500  4  7  6   4.3  995 182  4.0 7  4.8  92    0    2 297 -333  2
4218500 2850500  4  7  7   5.6  996 181  4.5 8  5.0  90    0   27 307 -333  2
4218500 2850500  4  7  8   6.1  995 190  5.0 7  5.2  89    0   47 311 -335  2
4218500 2850500  4  7  9   5.9  994 209  5.3 8  5.5  93    0   59 312 -337  2
4218500 2850500  4  7 10   5.6  994 271  4.0 8  5.5  94    0  147 317 -339  2
4218500 2850500  4  7 11   6.6  995 243  4.4 7  5.5  91   14  220 313 -346  2
4218500 2850500  4  7 12   7.5  995 237  4.4 6  5.3  83   68  248 306 -351  2
4218500 2850500  4  7 13   9.0  995 193  5.1 5  4.9  70   93  248 298 -354  2
4218500 2850500  4  7 14   9.6  994 216  7.2 6  4.6  62   51  235 297 -360  2
4218500 2850500  4  7 15   7.1  994  15  4.7 4  4.6  66  174  185 286 -359  2
4218500 2850500  4  7 16   9.1  994 257  4.9 3  4.7  69  236  114 270 -358  2
4218500 2850500  4  7 17   5.8  994 159  5.0 4  4.7  72   79  116 265 -359  2
4218500 2850500  4  7 18   5.6  995 199  3.2 4  4.8  83   58   59 261 -353  2
4218500 2850500  4  7 19   5.4  995 229  3.6 6  5.0  87    3   18 268 -347  2
4218500 2850500  4  7 20   5.0  996 212  2.9 6  5.1  91    0    0 277 -340  2
4218500 2850500  4  7 21   4.8  996 226  2.9 5  5.1  94    0    0 272 -337  2
4218500 2850500  4  7 22   3.9  995 212  3.6 3  5.0  96    0    0 256 -335  2
4218500 2850500  4  7 23   3.9  995 225  3.6 3  5.0  97    0    0 245 -332  2
4218500 2850500  4  7 24   4.1  995 217  3.4 7  5.0  97    0    0 266 -334  2
4218500 2850500  4  8  1   4.4  996 241  3.0 8  5.1  97    0    0 295 -333  2
4218500 2850500  4  8  2   4.3  996 229  3.1 7  5.1  96    0    0 297 -333  2
4218500 2850500  4  8  3   4.0  996 227  3.0 7  5.0  96    0    0 291 -333  2
4218500 2850500  4  8  4   4.1  996 215  2.6 8  5.0  97    0    0 299 -332  2
4218500 2850500  4  8  5   4.1  996 215  2.7 7  5.0  97    0    0 299 -332  2
4218500 2850500  4  8  6   4.3  996 194  2.6 6  5.0  96    0    2 287 -332  2
4218500 2850500  4  8  7   4.5  996 196  3.2 7  5.0  95   18   43 288 -333  2
4218500 2850500  4  8  8   5.3  997 214  3.2 7  5.1  93   31  108 296 -336  2
4218500 2850500  4  8  9   6.6  998 231  3.2 7  5.1  87   70  173 301 -341  2
4218500 2850500  4  8 10   7.4  998 235  3.6 6  5.0  79   83  231 299 -346  2
4218500 2850500  4  8 11   9.2  999 207  3.7 5  4.5  66  157  262 295 -352  2
4218500 2850500  4  8 12   9.1  999 215  3.5 6  4.2  58   76  278 304 -360  2
4218500 2850500  4  8 13   8.4  999 290  2.4 5  4.3  60  146  282 303 -364  2
4218500 2850500  4  8 14   9.5  999 201  3.6 5  4.3  60  100  266 296 -366  2
4218500 2850500  4  8 15   9.5  999 234  4.9 6  4.3  58    9  196 295 -370  2
4218500 2850500  4  8 16  10.2  999 245  3.3 5  4.3  56   76  192 291 -369  2
4218500 2850500  4  8 17   9.6 1000 258  4.0 5  4.0  52   57  137 283 -364  2
4218500 2850500  4  8 18   8.2 1000 202  3.3 3  4.1  57   75   71 271 -357  2
4218500 2850500  4  8 19   7.8 1000 240  2.9 5  4.5  66    8   22 267 -350  2
4218500 2850500  4  8 20   6.5 1000 183  2.3 5  4.5  71    0    0 273 -344  2
4218500 2850500  4  8 21   5.4 1000 194  2.8 4  4.6  78    0    0 265 -340  2
4218500 2850500  4  8 22   5.4 1000 197  2.9 2  4.5  80    0    0 250 -338  2
4218500 2850500  4  8 23   4.5 1000 183  3.0 2  4.4  81    0    0 238 -335  2
4218500 2850500  4  8 24   3.6 1000 180  2.7 1  4.4  86    0    0 232 -331  2
4218500 2850500  4  9  1   1.9 1001 176  2.2 2  4.3  91    0    0 229 -328  2
4218500 2850500  4  9  2   1.9 1001 173  2.4 2  4.2  94    0    0 235 -326  2
4218500 2850500  4  9  3   1.5 1001 177  1.6 3  4.1  95    0    0 243 -324  2
4218500 2850500  4  9  4   2.1 1001 164  1.7 6  4.2  97    0    0 266 -322  2
4218500 2850500  4  9  5   2.1 1001 178  1.9 8  4.4  98    0    0 295 -320  2
4218500 2850500  4  9  6   3.0 1001 190  1.8 7  4.5  97    0    0 302 -319  2
4218500 2850500  4  9  7   3.8 1001 167  1.5 7  4.7  96    5   42 301 -319  2
4218500 2850500  4  9  8   4.6 1001 182  1.5 7  4.9  94   10  100 304 -324  2
4218500 2850500  4  9  9   5.5 1002 195  2.3 7  5.0  90   57  174 307 -334  2
4218500 2850500  4  9 10   5.9 1002 225  2.4 6  4.8  84   88  228 303 -345  2
4218500 2850500  4  9 11   6.6 1002 244  2.1 7  4.5  76    0  169 307 -352  2
4218500 2850500  4  9 12   7.0 1003 206  1.8 7  4.3  69    0  146 312 -356  2
4218500 2850500  4  9 13   7.1 1003 217  2.5 7  4.3  68    0  150 310 -358  2
4218500 2850500  4  9 14   8.5 1004 243  2.1 6  4.3  65   99  264 305 -359  2
4218500 2850500  4  9 15   8.9 1004 282  2.0 3  4.1  59  295  186 293 -361  2
4218500 2850500  4  9 16   9.1 1004 286  2.2 3  4.1  57  111  186 280 -362  2
4218500 2850500  4  9 17   9.1 1004 282  3.0 5  4.1  57   19  131 284 -359  2
4218500 2850500  4  9 18   6.8 1004 355  2.8 8  4.5  68    0   27 299 -354  2
4218500 2850500  4  9 19   7.0 1004 346  2.5 6  4.7  75    0    8 300 -349  2
4218500 2850500  4  9 20   5.6 1004 354  3.1 6  4.7  79    0    0 291 -345  2
4218500 2850500  4  9 21   5.0 1005 297  2.8 6  4.9  88    0    0 290 -342  2
4218500 2850500  4  9 22   4.7 1005 303  3.1 6  4.9  90    0    0 289 -341  2
4218500 2850500  4  9 23   4.1 1005 286  3.2 5  4.8  91    0    0 283 -340  2
4218500 2850500  4  9 24   3.3 1006 277  3.7 4  4.6  93    0    0 270 -340  2
4218500 2850500  4 10  1   3.6 1006 277  3.7 4  4.6  93    0    0 263 -339  2
4218500 2850500  4 10  2   3.7 1006 270  3.7 6  4.6  92    0    0 272 -336  2
4218500 2850500  4 10  3   3.8 1006 272  3.8 7  4.6  93    0    0 287 -334  2
4218500 2850500  4 10  4   3.8 1006 283  4.3 8  4.7  94    0    0 297 -333  2
4218500 2850500  4 10  5   3.6 1005 291  4.1 8  4.8  96    0    0 303 -332  2
4218500 2850500  4 10  6   3.8 1006 263  3.7 8  4.9  97    0    2 304 -333  2
4218500 2850500  4 10  7   4.1 1006 258  3.0 7  5.0  98    0   19 300 -336  2
4218500 2850500  4 10  8   4.5 1006 270  3.5 8  5.1  98    0   52 300 -341  2
4218500 2850500  4 10  9   4.9 1006 289  2.9 8  5.3  99    0   77 305 -348  2
4218500 2850500  4 10 10   5.7 1006 299  2.9 8  5.5  99    0  104 306 -354  2
4218500 2850500  4 10 11   6.9 1007 304  3.0 8  5.9  99    0  178 310 -359  2
4218500 2850500  4 10 12   8.3 1007 287  2.8 7  6.1  93   14  270 310 -365  2
4218500 2850500  4 10 13   9.3 1008 286  4.1 6  5.9  83   15  271 303 -369  2
4218500 2850500  4 10 14   9.6 1008 295  4.3 5  5.5  74   64  314 294 -372  2
4218500 2850500  4 10 15   9.7 1008 306  4.5 5  5.2  70   88  292 288 -375  2
4218500 2850500  4 10 16   9.3 1007 304  4.4 5  5.1  69   61  234 287 -374  2
4218500 2850500  4 10 17   8.5 1007 288  4.4 6  5.1  72   33  161 288 -370  2
4218500 2850500  4 10 18   8.5 1007 261  2.3 5  5.1  73   11   88 286 -365  2
4218500 2850500  4 10 19   7.5 1007 250  2.0 2  5.0  74    3   26 269 -357  2
4218500 2850500  4 10 20   6.2 1006 219  2.3 1  5.1  82    0    0 251 -348  2
4218500 2850500  4 10 21   5.8 1006 226  2.8 1  5.1  87    0    0 247 -343  2
4218500 2850500  4 10 22   5.0 1006 233  2.9 1  5.2  92    0    0 247 -340  2
4218500 2850500  4 10 23   4.4 1006 261  3.0 1  5.2  97    0    0 246 -337  2
4218500 2850500  4 10 24   4.1 1006 229  2.8 1  5.1  99    0    0 245 -335  2
4218500 2850500  4 11  1   3.8 1006 231  3.1 3  5.0  99    0    0 252 -333  2
4218500 2850500  4 11  2   4.8 1006 265  2.6 6  5.2  99    0    0 275 -331  2
4218500 2850500  4 11  3   4.4 1006 284  3.2 7  5.3  99    0    0 295 -329  2
4218500 2850500  4 11  4   3.4 1006 281  3.8 4  5.0  99    0    0 284 -328  2
4218500 2850500  4 11  5   2.8 1005 270  3.1 2  4.7  98    0    0 258 -326  2
4218500 2850500  4 11  6   2.6 1005 278  3.3 1  4.5  96    3    7 242 -325  2
4218500 2850500  4 11  7   3.0 1005 270  3.3 2  4.5  96   66   45 241 -326  2
4218500 2850500  4 11  8   4.8 1005 263  3.3 1  4.7  92  191   78 242 -333  2
4218500 2850500  4 11  9   6.7 1005 255  4.0 1  4.7  82  337   96 241 -340  2
4218500 2850500  4 11 10   8.8 1006 276  4.5 2  4.7  71  448   93 253 -344  2
4218500 2850500  4 11 11   7.9 1006 286  5.6 5  5.0  72   38  245 276 -346  2
4218500 2850500  4 11 12   7.5 1006 280  4.6 7  5.4  82    0  150 301 -348  2
4218500 2850500  4 11 13   6.8 1005 291  4.7 7  5.6  89    0  136 311 -353  2
4218500 2850500  4 11 14   6.5 1005 290  3.9 8  5.7  92    0  101 315 -363  2
4218500 2850500  4 11 15   7.4 1005 288  3.3 7  5.7  91    0  138 316 -370  2
4218500 2850500  4 11 16   7.9 1006 289  3.5 7  5.6  84    3  150 312 -367  2
4218500 2850500  4 11 17   8.5 1007 343  2.6 7  5.2  76    3  112 310 -361  2
4218500 2850500  4 11 18   9.3 1007   9  1.8 5  4.4  62   59   67 299 -355  2
4218500 2850500  4 11 19   7.8 1007 312  2.4 3  3.9  56    4   23 277 -345  2
4218500 2850500  4 11 20   5.8 1006 224  2.3 2  4.1  69    0    0 257 -336  2
4218500 2850500  4 11 21   4.4 1007 211  2.4 1  4.1  76    0    0 244 -330  2
4218500 2850500  4 11 22   3.4 1008 184  2.2 1  4.1  82    0    0 237 -326  2
4218500 2850500  4 11 23   3.2 1008 167  2.4 2  4.0  83    0    0 229 -322  2
4218500 2850500  4 11 24   3.2 1009 170  2.6 3  3.9  80    0    0 223 -319  2
4218500 2850500  4 12  1   3.6 1009 198  2.9 5  3.7  74    0    0 292 -328  2
4218500 2850500  4 12  2   3.9 1008 214  3.0 6  3.5  69    0    0 295 -329  2
4218500 2850500  4 12  3   4.1 1008 182  3.1 8  3.4  66    0    0 293 -329  2
4218500 2850500  4 12  4   3.9 1007 178  3.0 7  3.4  66    0    0 289 -329  2
4218500 2850500  4 12  5   3.9 1006 184  3.0 8  3.4  67    0    0 295 -329  2
4218500 2850500  4 12  6   3.6 1005 188  3.3 7  3.4  68    0    1 296 -329  2
4218500 2850500  4 12  7   3.7 1005 192  2.7 8  3.4  69    0   20 296 -330  2
4218500 2850500  4 12  8   4.3 1005 180  3.1 8  3.5  69    0   82 302 -333  2
4218500 2850500  4 12  9   5.4 1005 199  3.2 8  3.7  69    2  137 304 -338  2
4218500 2850500  4 12 10   5.6 1005 193  4.1 8  4.1  73    2  168 308 -342  2
4218500 2850500  4 12 11   5.6 1005 197  4.1 8  4.5  79    0  151 311 -344  2
4218500 2850500  4 12 12   5.8 1005 206  4.2 8  4.6  81    0  190 316 -346  2
4218500 2850500  4 12 13   6.0 1005 205  4.1 8  4.8  82    0  197 320 -353  2
4218500 2850500  4 12 14   6.3 1005 215  3.8 7  4.8  82    0  161 316 -357  2
4218500 2850500  4 12 15   6.4 1004 220  3.4 7  4.9  82    2  175 311 -355  2
4218500 2850500  4 12 16   6.8 1004 213  2.6 6  5.0  82   20  165 307 -354  2
4218500 2850500  4 12 17   6.7 1004 208  2.6 7  5.1  82    2  108 306 -356  2
4218500 2850500  4 12 18   6.5 1004 202  2.1 8  5.0  82    0   63 311 -357  2
4218500 2850500  4 12 19   6.4 1004 183  2.1 8  5.1  84    0    3 311 -352  2
4218500 2850500  4 12 20   6.4 1005 185  1.8 8  5.3  87    0    0 311 -346  2
4218500 2850500  4 12 21   6.4 1005 209  1.7 8  5.3  88    0    0 310 -344  2
4218500 2850500  4 12 22   6.5 1005 261  2.4 8  5.3  88    0    0 311 -342  2
4218500 2850500  4 12 23   6.1 1005 258  2.3 7  5.2  87    0    0 306 -339  2
4218500 2850500  4 12 24   6.2 1006 241  2.2 8  5.1  86    0    0 308 -335  2
4218500 2850500  4 13  1   6.0 1006 204  2.2 6  5.2  89    0    0 305 -332  2
4218500 2850500  4 13  2   4.9 1005 225  2.8 4  5.3  93    0    0 285 -329  2
4218500 2850500  4 13  3   5.0 1005 237  2.8 3  5.2  96    0    0 270 -327  2
4218500 2850500  4 13  4   4.6 1005 257  2.9 4  5.2  97    0    0 271 -326  2
4218500 2850500  4 13  5   4.8 1005 239  2.4 6  5.1  96    0    0 287 -324  2
4218500 2850500  4 13  6   4.8 1005 211  2.6 7  5.2  96    0   12 304 -323  2
4218500 2850500  4 13  7   5.3 1005 205  3.1 7  5.3  97    7   52 312 -324  2
4218500 2850500  4 13  8   6.5 1005 213  3.9 6  5.5  95   81  140 311 -330  2
4218500 2850500  4 13  9   8.1 1005 204  5.3 6  5.5  85  174  207 311 -339  2
4218500 2850500  4 13 10   9.5 1005 211  6.0 6  5.2  73  166  283 315 -344  2
4218500 2850500  4 13 11  10.5 1004 211  6.9 7  5.0  64   70  320 322 -345  2
4218500 2850500  4 13 12  10.8 1003 227  6.4 6  4.9  61   25  298 324 -346  2
4218500 2850500  4 13 13  10.2 1002 231  6.0 6  5.1  64    4  239 319 -348  2
4218500 2850500  4 13 14   9.1 1002 233  6.9 7  5.4  72    0  168 322 -349  2
4218500 2850500  4 13 15   8.4 1002 210  5.6 8  5.7  81    0   88 333 -350  2
4218500 2850500  4 13 16   9.0 1002 218  5.6 8  5.9  83    0   87 340 -353  2
4218500 2850500  4 13 17   9.5 1001 236  5.3 8  5.8  78    0   83 341 -357  2
4218500 2850500  4 13 18   9.1 1001 209  4.0 8  5.8  78    0   44 341 -359  2
4218500 2850500  4 13 19   8.4 1000 210  3.5 7  6.0  85    0    9 334 -356  2
4218500 2850500  4 13 20   8.4 1000 202  3.4 7  6.3  91    0    0 328 -352  2
4218500 2850500  4 13 21   8.2 1000 201  4.6 7  6.2  89    0    0 326 -347  2
4218500 2850500  4 13 22   8.5  999 219  4.8 7  6.0  87    0    0 325 -345  2
4218500 2850500  4 13 23   7.8  999 231  5.7 8  6.2  91    0    0 330 -343  2
4218500 2850500  4 13 24   7.8  998 211  5.4 8  6.5  97    0    0 334 -341  2
4218500 2850500  4 14  1   7.9  998 258  5.3 5  6.5  97    0    0 316 -337  2
4218500 2850500  4 14  2   7.4  998 259  5.5 5  6.4  97    0    0 299 -334  2
4218500 2850500  4 14  3   6.1  998 261  4.5 5  6.0  96    0    0 294 -333  2
4218500 2850500  4 14  4   5.6  998 259  4.7 2  5.6  95    0    0 274 -333  2
4218500 2850500  4 14  5   5.7  999 257  4.5 1  5.5  95    0    0 250 -335  2
4218500 2850500  4 14  6   5.9  999 263  4.8 2  5.6  96    4   12 252 -336  2
4218500 2850500  4 14  7   6.6  999 262  5.0 5  5.7  95   11   51 275 -337  2
4218500 2850500  4 14  8   7.2 1000 278  5.9 7  5.7  91    5  101 305 -339  2
4218500 2850500  4 14  9   7.7 1000 278  5.9 7  5.6  86   10  160 316 -342  2
4218500 2850500  4 14 10   8.6 1001 278  7.4 6  5.4  80   32  227 309 -350  2
4218500 2850500  4 14 11   9.0 1001 288  7.4 6  5.3  74   26  252 302 -360  2
4218500 2850500  4 14 12   8.6 1002 291  8.3 6  5.2  73   61  282 301 -365  2
4218500 2850500  4 14 13  10.1 1002 286  7.0 6  5.3  72  162  277 304 -364  2
4218500 2850500  4 14 14   8.9 1002 327  6.4 7  5.2  70   49  263 309 -364  2
4218500 2850500  4 14 15  10.8 1003 290  6.1 5  5.2  68  116  237 304 -367  2
4218500 2850500  4 14 16   9.0 1003 292  6.3 3  5.2  68  146  181 285 -367  2
4218500 2850500  4 14 17   8.2 1003 293  5.5 4  5.4  77  161  111 280 -367  2
4218500 2850500  4 14 18   8.8 1004 294  5.6 7  5.4  78    1   68 299 -360  2
4218500 2850500  4 14 19   8.0 1004 272  3.3 6  5.1  73    0    6 308 -352  2
4218500 2850500  4 14 20   6.2 1004 271  3.4 6  5.1  80    0    0 299 -345  2
4218500 2850500  4 14 21   5.6 1005 254  3.6 3  5.2  89    0    0 284 -341  2
4218500 2850500  4 14 22   5.6 1005 261  3.8 2  5.2  91    0    0 267 -337  2
4218500 2850500  4 14 23   5.5 1006 273  3.8 2  5.2  91    0    0 261 -335  2
4218500 2850500  4 14 24   4.7 1007 261  3.5 2  5.1  93    0    0 259 -333  2
4218500 2850500  4 15  1   4.3 1007 260  3.4 1  5.1  97    0    0 250 -330  2
4218500 2850500  4 15  2   4.1 1008 261  3.4 1  5.0  97    0    0 243 -328  2
4218500 2850500  4 15  3   3.9 1009 271  3.5 1  4.8  94    0    0 239 -326  2
4218500 2850500  4 15  4   4.3 1009 282  3.9 2  4.7  92    0    0 241 -324  2
4218500 2850500  4 15  5   4.0 1009 277  2.9 4  4.7  92    0    0 253 -322  2
4218500 2850500  4 15  6   4.1 1010 252  2.9 5  4.7  92   11   17 267 -320  2
4218500 2850500  4 15  7   4.8 1010 268  3.0 2  4.9  93   87   62 255 -321  2
4218500 2850500  4 15  8   6.2 1011 269  3.2 3  5.0  88  221   91 247 -327  2
4218500 2850500  4 15  9   7.4 1011 294  3.5 3  4.8  77  349  116 253 -339  2
4218500 2850500  4 15 10   9.1 1012 268  2.9 3  4.7  69  434  150 258 -352  2
4218500 2850500  4 15 11  10.0 1012 256  2.4 2  4.8  64  563  138 259 -367  2
4218500 2850500  4 15 12  11.1 1012 290  1.6 2  4.7  59  626  134 261 -381  2
4218500 2850500  4 15 13  11.9 1012 269  2.9 2  4.5  54  610  148 268 -392  2
4218500 2850500  4 15 14  13.8 1011 180  2.0 3  4.3  47  479  202 278 -399  2
4218500 2850500  4 15 15  13.1 1011 211  3.3 4  4.1  42  323  236 287 -403  2
4218500 2850500  4 15 16  13.3 1011 201  2.7 5  3.7  40  190  222 291 -401  2
4218500 2850500  4 15 17  13.1 1009 148  2.6 7  3.7  39   37  162 300 -393  2
4218500 2850500  4 15 18  12.6 1008 120  3.1 7  3.8  41    2   71 308 -382  2
4218500 2850500  4 15 19  11.9 1007 139  2.3 8  4.0  45    0   12 314 -370  2
4218500 2850500  4 15 20  11.1 1008 110  2.5 8  4.1  48    0    0 320 -360  2
4218500 2850500  4 15 21  10.8 1008 118  2.9 8  4.1  51    0    0 322 -355  2
4218500 2850500  4 15 22  10.7 1008 115  3.6 7  4.2  52    0    0 321 -352  2
4218500 2850500  4 15 23  11.1 1007 118  4.2 7  4.1  50    0    0 319 -350  2
4218500 2850500  4 15 24  10.6 1006 113  3.8 8  4.0  50    0    0 327 -349  2
4218500 2850500  4 16  1  10.2 1005 116  3.5 8  4.2  53    0    0 335 -349  2
4218500 2850500  4 16  2   9.4 1004 139  3.8 8  4.6  61    0    0 335 -348  2
4218500 2850500  4 16  3   8.7 1003 150  3.6 8  5.3  73    0    0 336 -348  2
4218500 2850500  4 16  4   7.7 1003 143  3.6 8  6.0  88    0    0 334 -348  2
4218500 2850500  4 16  5   7.7 1002 129  3.3 8  6.4  97    0    0 334 -348  2
4218500 2850500  4 16  6   7.8 1001 140  3.4 8  6.6  99    2   11 334 -348  2
4218500 2850500  4 16  7   8.2 1001 150  3.6 6  6.7  99    0   34 323 -349  2
4218500 2850500  4 16  8   8.8 1000 150  3.7 8  6.9  99    0   65 324 -351  2
4218500 2850500  4 16  9   9.8 1000 178  3.7 8  7.4  99    0   93 340 -353  2
4218500 2850500  4 16 10  11.9  999 189  3.8 6  8.1  99  110  196 333 -355  2
4218500 2850500  4 16 11  15.3  999 220  5.3 6  8.5  86   91  231 331 -356  2
4218500 2850500  4 16 12  14.5  998 231  6.7 6  7.8  73   26  239 336 -356  2
4218500 2850500  4 16 13  13.7  998 222  5.7 6  7.6  74   24  230 335 -355  2
4218500 2850500  4 16 14  13.8  998 226  4.1 6  7.9  79    2  191 336 -356  2
4218500 2850500  4 16 15  12.2  998 257  3.1 7  8.2  86    0   75 341 -356  2
4218500 2850500  4 16 16  11.8  998 251  4.3 7  8.4  94    0   68 343 -358  2
4218500 2850500  4 16 17  11.7  999 251  3.9 7  8.4  96    0   49 341 -360  2
4218500 2850500  4 16 18  11.8  999 251  3.6 7  8.6  98    0   49 342 -360  2
4218500 2850500  4 16 19  11.8  999 258  4.1 8  8.6  98    0   12 346 -360  2
4218500 2850500  4 16 20  11.4 1000 309  5.7 8  8.5  98    0    0 349 -359  2
4218500 2850500  4 16 21  10.6 1001 303  5.2 8  8.2  99    0    0 347 -358  2
4218500 2850500  4 16 22   9.9 1002 302  4.4 7  7.7  98    0    0 339 -356  2
4218500 2850500  4 16 23   9.8 1003 272  3.2 7  7.4  97    0    0 332 -352  2
4218500 2850500  4 16 24   9.9 1003 282  4.1 7  7.5  97    0    0 332 -347  2
4218500 2850500  4 17  1   9.2 1004 281  4.2 4  7.3  97    0    0 316 -344  2
4218500 2850500  4 17  2   8.5 1005 274  3.9 3  6.8  95    0    0 292 -343  2
4218500 2850500  4 17  3   8.0 1005 281  3.9 5  6.4  93    0    0 294 -343  2
4218500 2850500  4 17  4   7.9 1005 273  3.2 7  6.2  92    0    0 313 -342  2
4218500 2850500  4 17  5   7.9 1005 262  3.5 8  6.3  93    0    0 328 -341  2
4218500 2850500  4 17  6   8.0 1005 269  3.1 7  6.3  94    0    4 327 -341  2
4218500 2850500  4 17  7   8.0 1006 253  3.1 7  6.3  93    0   24 321 -343  2
4218500 2850500  4 17  8   8.6 1006 263  3.5 5  6.2  90   52  164 312 -349  2
4218500 2850500  4 17  9  10.6 1007 273  3.7 3  5.8  77  211  228 296 -357  2
4218500 2850500  4 17 10  11.5 1006 259  4.3 3  5.4  65  199  309 288 -364  2
4218500 2850500  4 17 11  11.7 1006 270  3.6 5  5.5  64   13  267 299 -373  2
4218500 2850500  4 17 12  11.6 1006 220  3.2 7  5.7  66    0  124 318 -383  2
4218500 2850500  4 17 13  11.2 1006 193  3.9 7  6.2  73    0  195 327 -390  2
4218500 2850500  4 17 14  12.1 1005 192  4.0 6  6.7  78   14  256 325 -390  2
4218500 2850500  4 17 15  12.6 1005 215  5.2 8  6.8  75    0  150 331 -393  2
4218500 2850500  4 17 16  13.1 1004 203  4.2 7  6.9  74    0  105 335 -392  2
4218500 2850500  4 17 17  10.2 1004 261  3.5 5  7.0  81   15  164 319 -382  2
4218500 2850500  4 17 18  11.2 1004 256  4.0 4  6.8  84   49  124 303 -375  2
4218500 2850500  4 17 19  10.6 1004 221  2.8 3  6.8  83    4   35 295 -370  2
4218500 2850500  4 17 20   8.9 1004 230  3.0 4  6.9  90    0    0 290 -365  2
4218500 2850500  4 17 21   9.1 1004 228  3.4 4  7.0  96    0    0 291 -362  2
4218500 2850500  4 17 22   8.4 1005 233  3.5 3  6.9  97    0    0 284 -360  2
4218500 2850500  4 17 23   8.0 1005 245  3.4 2  6.4  94    0    0 270 -359  2
4218500 2850500  4 17 24   6.9 1005 240  3.4 3  6.0  93    0    0 266 -358  2
4218500 2850500  4 18  1   7.0 1005 249  3.3 2  5.8  93    0    0 263 -356  2
4218500 2850500  4 18  2   7.1 1005 253  3.6 0  5.6  89    0    0 245 -354  2
4218500 2850500  4 18  3   6.1 1005 232  3.7 1  5.4  88    0    0 236 -351  2
4218500 2850500  4 18  4   6.0 1005 234  3.9 4  5.3  90    0    0 256 -348  2
4218500 2850500  4 18  5   5.6 1005 237  2.8 7  5.2  90    0    0 288 -344  2
4218500 2850500  4 18  6   5.6 1006 245  2.4 7  5.2  92    3   15 304 -340  2
4218500 2850500  4 18  7   6.9 1006 242  2.7 4  5.4  91   95   46 290 -341  2
4218500 2850500  4 18  8   9.0 1007 254  3.8 2  5.5  82  279   58 266 -347  2
4218500 2850500  4 18  9  10.4 1007 264  4.8 5  5.4  72  265  133 274 -355  2
4218500 2850500  4 18 10  11.7 1007 246  5.7 6  5.5  66  166  243 299 -366  2
4218500 2850500  4 18 11  12.5 1008 264  6.5 4  5.3  60  267  259 298 -378  2
4218500 2850500  4 18 12  13.3 1008 284  6.5 5  5.0  54   49  294 298 -388  2
4218500 2850500  4 18 13  13.8 1007 262  6.5 6  4.8  49   17  252 312 -396  2
4218500 2850500  4 18 14  13.5 1007 260  6.1 6  4.6  47   33  258 317 -397  2
4218500 2850500  4 18 15  14.3 1008 279  5.1 5  4.7  48  225  248 314 -394  2
4218500 2850500  4 18 16  13.9 1008 269  5.0 5  4.8  47  108  217 309 -390  2
4218500 2850500  4 18 17  13.8 1008 263  4.3 7  4.6  47   11  139 315 -383  2
4218500 2850500  4 18 18  13.3 1007 242  3.0 7  4.7  48    1   70 322 -376  2
4218500 2850500  4 18 19   9.9 1007 281  4.9 7  5.5  64    0   17 318 -367  2
4218500 2850500  4 18 20   9.8 1008 225  2.7 7  6.4  84    0    0 315 -360  2
4218500 2850500  4 18 21   9.8 1009 287  3.4 8  6.4  84    0    0 318 -355  2
4218500 2850500  4 18 22   8.9 1009 261  2.7 7  6.3  86    0    0 316 -351  2
4218500 2850500  4 18 23   8.8 1009 283  3.1 7  6.2  88    0    0 310 -350  2
4218500 2850500  4 18 24   8.5 1010 253  2.5 8  6.1  88    0    0 312 -349  2
4218500 2850500  4 19  1   8.6 1010 240  2.5 7  6.1  88    0    0 311 -348  2
4218500 2850500  4 19  2   8.0 1009 246  2.0 8  6.1  89    0    0 309 -346  2
4218500 2850500  4 19  3   7.6 1009 258  2.1 7  6.0  90    0    0 306 -345  2
4218500 2850500  4 19  4   7.1 1009 266  2.1 6  5.9  92    0    0 297 -344  2
4218500 2850500  4 19  5   6.3 1009 258  1.8 4  5.7  93    0    0 283 -342  2
4218500 2850500  4 19  6   6.1 1010 274  1.8 3  5.5  94   12   20 268 -340  2
4218500 2850500  4 19  7   7.1 1010 220  1.3 1  5.8  95  108   62 256 -338  2
4218500 2850500  4 19  8   9.4 1010 248  1.5 1  6.0  88  265   81 253 -343  2
4218500 2850500  4 19  9  10.8 1012 256  2.3 1  5.8  75  459   78 255 -354  2
4218500 2850500  4 19 10  11.9 1012 254  3.0 2  5.6  67  507  113 263 -368  2
4218500 2850500  4 19 11  13.0 1012 243  3.5 4  5.3  59  271  289 277 -383  2
4218500 2850500  4 19 12  14.0 1012 132  1.7 5  5.2  54  250  331 292 -396  2
4218500 2850500  4 19 13  14.1 1012 189  2.1 5  5.1  51  158  350 300 -404  2
4218500 2850500  4 19 14  14.6 1011 205  3.2 5  4.9  48   79  312 301 -406  2
4218500 2850500  4 19 15  14.7 1011 224  2.9 6  4.8  46    7  206 306 -408  2
4218500 2850500  4 19 16  14.4 1011 199  3.6 7  4.8  46   13  186 313 -410  2
4218500 2850500  4 19 17  14.4 1010 208  2.4 6  4.8  47   18  156 311 -404  2
4218500 2850500  4 19 18  14.3 1010 169  2.4 6  4.9  48   12   95 306 -394  2
4218500 2850500  4 19 19  13.5 1010 186  2.0 7  5.0  51    0   26 308 -382  2
4218500 2850500  4 19 20  11.4 1010 151  2.4 7  5.1  56    0    0 308 -372  2
4218500 2850500  4 19 21  10.3 1010 136  2.7 6  5.1  64    0    0 301 -366  2
4218500 2850500  4 19 22   9.1 1010 145  2.7 6  5.3  70    0    0 296 -363  2
4218500 2850500  4 19 23   8.8 1010 150  2.7 6  5.3  74    0    0 295 -360  2
4218500 2850500  4 19 24   9.1 1010 151  2.8 5  5.3  74    0    0 293 -358  2
4218500 2850500  4 20  1   8.7 1010 160  2.8 6  5.3  74    0    0 294 -356  2
4218500 2850500  4 20  2   8.2 1009 169  2.7 7  5.2  76    0    0 300 -355  2
4218500 2850500  4 20  3   7.1 1008 181  2.5 7  5.2  80    0    0 304 -354  2
4218500 2850500  4 20  4   6.5 1008 214  2.1 7  5.3  85    0    0 303 -353  2
4218500 2850500  4 20  5   6.0 1008 253  1.8 6  5.3  89    0    0 298 -354  2
4218500 2850500  4 20  6   6.0 1008 254  1.8 5  5.3  91   17   22 290 -353  2
4218500 2850500  4 20  7   8.2 1009 252  1.1 3  5.7  91   85   67 282 -355  2
4218500 2850500  4 20  8  11.6 1010 314  2.0 2  6.0  79  217   97 277 -362  2
4218500 2850500  4 20  9  13.8 1010 289  2.7 2  5.8  63  381  106 280 -373  2
4218500 2850500  4 20 10  15.0 1011 280  4.3 2  5.8  56  511  113 286 -389  2
4218500 2850500  4 20 11  16.1 1011 254  4.3 2  5.9  54  455  200 291 -406  2
4218500 2850500  4 20 12  17.0 1011 269  4.2 3  5.9  50  262  328 298 -420  2
4218500 2850500  4 20 13  16.9 1011 280  5.1 5  5.6  47  164  354 309 -426  2
4218500 2850500  4 20 14  18.0 1011 284  5.0 5  5.4  44  177  333 317 -429  2
4218500 2850500  4 20 15  18.2 1011 275  4.5 3  5.4  42  224  281 314 -430  2
4218500 2850500  4 20 16  17.8 1011 270  4.0 4  5.4  42  125  245 310 -426  2
4218500 2850500  4 20 17  17.2 1011 292  3.2 3  5.3  42   92  180 305 -419  2
4218500 2850500  4 20 18  16.7 1011 316  2.5 4  5.3  44   40  110 301 -408  2
4218500 2850500  4 20 19  15.5 1011 319  1.8 6  5.3  46    1   29 308 -394  2
4218500 2850500  4 20 20  13.2 1011  18  1.7 6  5.4  53    0    0 307 -379  2
4218500 2850500  4 20 21  12.1 1012  56  2.3 4  5.6  61    0    0 293 -368  2
4218500 2850500  4 20 22  11.8 1012  89  3.0 3  5.9  67    0    0 281 -363  2
4218500 2850500  4 20 23  11.3 1013  92  2.7 4  6.0  71    0    0 280 -359  2
4218500 2850500  4 20 24  10.4 1013  91  3.2 4  6.0  74    0    0 282 -357  2
4218500 2850500  4 21  1  10.0 1013  88  2.7 5  6.2  79    0    0 285 -353  2
4218500 2850500  4 21  2   9.3 1013 111  2.3 5  6.3  84    0    0 286 -351  2
4218500 2850500  4 21  3   8.3 1012  92  2.6 5  6.2  88    0    0 285 -350  2
4218500 2850500  4 21  4   8.4 1012 103  2.6 5  6.2  91    0    0 283 -348  2
4218500 2850500  4 21  5   7.8 1012 108  2.8 6  6.2  92    0    0 286 -346  2
4218500 2850500  4 21  6   8.7 1012  83  2.5 8  6.4  94    0    3 295 -346  2
4218500 2850500  4 21  7   9.9 1013 103  2.8 6  6.7  91    3   62 298 -349  2
4218500 2850500  4 21  8  10.6 1013 114  2.7 7  6.6  84    7  128 298 -357  2
4218500 2850500  4 21  9  12.6 1013 119  3.1 6  6.5  77  120  233 302 -371  2
4218500 2850500  4 21 10  15.6 1013 118  3.1 5  6.6  66  271  263 305 -387  2
4218500 2850500  4 21 11  17.8 1013 127  3.4 6  6.5  55  228  333 315 -404  2
4218500 2850500  4 21 12  19.0 1013 122  3.5 6  6.3  48  217  369 324 -419  2
4218500 2850500  4 21 13  19.7 1012 145  3.6 6  6.1  43  151  379 329 -431  2
4218500 2850500  4 21 14  20.0 1012 166  2.9 6  5.7  40  134  360 330 -436  2
4218500 2850500  4 21 15  19.8 1011 117  2.1 6  5.6  38   88  315 330 -436  2
4218500 2850500  4 21 16  20.1 1011 219  1.6 7  5.6  39   35  232 333 -433  2
4218500 2850500  4 21 17  19.9 1011 190  2.1 7  5.5  38    0   93 334 -427  2
4218500 2850500  4 21 18  18.0 1011 310  1.1 7  5.7  42    0   59 331 -416  2
4218500 2850500  4 21 19  16.0 1010 337  2.9 7  6.4  53    0    9 326 -403  2
4218500 2850500  4 21 20  13.6 1011  84  3.1 8  7.5  71    0    0 327 -389  2
4218500 2850500  4 21 21  12.5 1011  77  2.8 7  8.1  86    0    0 325 -379  2
4218500 2850500  4 21 22  12.3 1011  93  2.9 6  7.6  84    0    0 317 -374  2
4218500 2850500  4 21 23  13.2 1011 170  3.3 6  7.2  78    0    0 314 -369  2
4218500 2850500  4 21 24  12.8 1011 160  2.7 7  7.1  76    0    0 319 -365  2
4218500 2850500  4 22  1  11.0 1011  31  2.0 6  7.2  82    0    0 317 -362  2
4218500 2850500  4 22  2  10.0 1010  15  2.2 5  7.0  89    0    0 305 -360  2
4218500 2850500  4 22  3   9.5 1010  40  2.9 5  6.9  92    0    0 300 -360  2
4218500 2850500  4 22  4  10.2 1010  68  3.1 5  7.1  94    0    0 302 -359  2
4218500 2850500  4 22  5  10.2 1010  92  2.7 7  7.3  94    0    0 312 -358  2
4218500 2850500  4 22  6   9.8 1010  94  1.8 7  7.3  95    3   18 320 -358  2
4218500 2850500  4 22  7  10.3 1010  50  2.9 7  7.4  96    4   61 321 -360  2
4218500 2850500  4 22  8  11.3 1011 354  2.6 6  7.9  97    8  124 319 -366  2
4218500 2850500  4 22  9  12.4 1011  37  3.1 6  8.2  94   32  203 318 -376  2
4218500 2850500  4 22 10  12.7 1011 254  1.9 7  8.0  88    0  171 324 -391  2
4218500 2850500  4 22 11  12.9 1011 331  2.8 7  7.9  86    0  188 329 -407  2
4218500 2850500  4 22 12  12.7 1011 268  2.1 8  8.4  90    0  125 335 -420  2
4218500 2850500  4 22 13  12.1 1011 299  2.5 7  8.5  94    0  119 336 -432  2
4218500 2850500  4 22 14  11.7 1011 341  1.8 6  8.4  97    2  208 329 -438  2
4218500 2850500  4 22 15  13.4 1011   6  0.9 7  8.6  94   67  271 331 -440  2
4218500 2850500  4 22 16  14.5 1011 259  1.4 8  8.4  85   28  209 339 -436  2
4218500 2850500  4 22 17  14.5 1010 307  0.8 5  7.8  76   78  173 333 -429  2
4218500 2850500  4 22 18  14.1 1010 333  1.1 3  7.5  74  120   86 315 -421  2
4218500 2850500  4 22 19  13.1 1010   4  2.1 6  7.6  78   14   39 316 -409  2
4218500 2850500  4 22 20  12.5 1010  22  2.2 7  7.7  83    0    0 328 -397  2
4218500 2850500  4 22 21  11.6 1010  37  2.0 7  8.0  91    0    0 333 -387  2
4218500 2850500  4 22 22  11.5 1011 319  1.0 7  8.3  97    0    0 332 -381  2
4218500 2850500  4 22 23  10.9 1011  19  1.5 7  8.2  98    0    0 332 -378  2
4218500 2850500  4 22 24  10.4 1010 305  1.2 6  7.9  99    0    0 325 -376  2
4218500 2850500  4 23  1  10.0 1010 350  1.3 6  7.7  98    0    0 321 -374  2
4218500 2850500  4 23  2   9.1 1010 275  1.7 5  7.4  99    0    0 314 -371  2
4218500 2850500  4 23  3   9.7 1010 287  2.4 7  7.3  99    0    0 318 -369  2
4218500 2850500  4 23  4   9.6 1010 293  2.2 6  7.3  98    0    0 323 -370  2
4218500 2850500  4 23  5   9.1 1010 308  1.7 7  7.2  97    0    0 323 -371  2
4218500 2850500  4 23  6   9.4 1010  38  1.6 6  7.1  98    0    5 323 -372  2
4218500 2850500  4 23  7  10.1 1010  85  1.9 8  7.3  97    0   22 329 -374  2
4218500 2850500  4 23  8  10.4 1010 109  1.5 7  7.5  96    0   68 335 -378  2
4218500 2850500  4 23  9  11.1 1010 136  1.7 8  7.8  96    0  137 337 -387  2
4218500 2850500  4 23 10  12.8 1010 179  1.6 7  7.9  90   34  258 341 -397  2
4218500 2850500  4 23 11  13.5 1010 213  2.6 6  7.5  79  172  302 336 -406  2
4218500 2850500  4 23 12  13.8 1011 242  2.0 6  7.2  74   71  324 334 -415  2
4218500 2850500  4 23 13  13.8 1011 271  2.4 6  7.1  72   63  319 336 -422  2
4218500 2850500  4 23 14  14.3 1011 285  2.8 6  7.2  72  239  304 338 -420  2
4218500 2850500  4 23 15  15.3 1010 308  2.3 6  7.1  68  116  289 340 -411  2
4218500 2850500  4 23 16  15.7 1010 234  2.3 7  6.9  62    9  187 343 -405  2
4218500 2850500  4 23 17  15.2 1010 263  2.2 5  6.6  60  109  172 336 -406  2
4218500 2850500  4 23 18  14.6 1010 285  3.6 3  6.8  64   50  108 319 -404  2
4218500 2850500  4 23 19  13.2 1010 292  3.5 4  6.7  68    4   37 312 -397  2
4218500 2850500  4 23 20  11.8 1011 300  3.7 4  6.4  71    0    0 311 -390  2
4218500 2850500  4 23 21  10.6 1011 294  3.1 5  6.3  76    0    0 310 -386  2
4218500 2850500  4 23 22   9.8 1012 291  2.7 4  6.1  79    0    0 307 -384  2
4218500 2850500  4 23 23   9.4 1012 288  2.7 5  6.2  83    0    0 307 -383  2
4218500 2850500  4 23 24   9.1 1012 272  2.2 6  6.3  87    0    0 315 -383  2
4218500 2850500  4 24  1   8.6 1012 267  2.2 5  6.4  90    0    0 314 -381  2
4218500 2850500  4 24  2   8.6 1012 259  2.4 6  6.5  93    0    0 314 -379  2
4218500 2850500  4 24  3   8.4 1012 286  3.2 7  6.6  96    0    0 322 -375  2
4218500 2850500  4 24  4   8.3 1012 277  3.0 8  6.7  98    0    0 329 -371  2
4218500 2850500  4 24  5   8.4 1013 301  3.1 8  6.7  98    0    0 333 -371  2
4218500 2850500  4 24  6   8.7 1013 269  1.9 8  6.8  98    0    5 334 -373  2
4218500 2850500  4 24  7   9.4 1013 263  2.7 7  7.1  98    0   40 332 -377  2
4218500 2850500  4 24  8  10.0 1015 280  2.7 7  7.1  95    2  110 330 -382  2
4218500 2850500  4 24  9  10.2 1015 298  2.1 7  7.0  91    1  148 331 -385  2
4218500 2850500  4 24 10  10.9 1015 296  2.5 7  6.8  86    7  226 332 -389  2
4218500 2850500  4 24 11  11.6 1016 284  2.3 7  6.8  82   11  265 334 -403  2
4218500 2850500  4 24 12  12.2 1016 305  3.4 7  6.9  79    3  242 337 -418  2
4218500 2850500  4 24 13  13.1 1016 349  2.4 8  6.8  74    0  193 343 -428  2
4218500 2850500  4 24 14  13.4 1016 294  2.7 8  6.6  70    9  251 348 -431  2
4218500 2850500  4 24 15  14.1 1016 259  2.0 5  6.3  65   70  296 334 -436  2
4218500 2850500  4 24 16  14.0 1016 209  1.6 6  6.1  61   51  244 325 -439  2
4218500 2850500  4 24 17  14.2 1016 321  0.0 5  6.1  61  100  186 322 -433  2
4218500 2850500  4 24 18  14.3 1016  84  0.9 5  6.2  61   66  114 316 -423  2
4218500 2850500  4 24 19  13.4 1015  96  0.9 5  6.2  63   14   42 312 -411  2
4218500 2850500  4 24 20  11.3 1016 278  0.9 3  6.3  70    0    0 299 -399  2
4218500 2850500  4 24 21   9.9 1016  73  1.5 1  6.3  79    0    0 277 -388  2
4218500 2850500  4 24 22   8.3 1015  72  2.1 1  6.3  88    0    0 264 -381  2
4218500 2850500  4 24 23   8.6 1015  92  2.4 1  6.4  92    0    0 262 -377  2
4218500 2850500  4 24 24   8.7 1015 102  2.7 0  6.4  91    0    0 260 -373  2
4218500 2850500  4 25  1   7.1 1015  87  2.6 1  6.2  94    0    0 260 -370  2
4218500 2850500  4 25  2   7.2 1015  97  3.0 1  6.0  96    0    0 263 -368  2
4218500 2850500  4 25  3   6.9 1015 115  2.6 1  6.0  95    0    0 262 -366  2
4218500 2850500  4 25  4   6.4 1015 124  2.5 1  5.9  97    0    0 262 -364  2
4218500 2850500  4 25  5   6.1 1015 117  2.8 0  5.8  99    0    0 257 -364  2
4218500 2850500  4 25  6   6.1 1014 114  2.4 1  5.8  99   25   29 253 -363  2
4218500 2850500  4 25  7   8.5 1014 115  2.0 0  6.2  98  127   71 252 -366  2
4218500 2850500  4 25  8  11.7 1016 135  2.3 0  6.6  86  262   98 253 -377  2
4218500 2850500  4 25  9  14.0 1016 124  2.7 0  6.6  72  413  112 262 -393  2
4218500 2850500  4 25 10  16.1 1015 112  3.1 0  6.6  62  544  116 276 -411  2
4218500 2850500  4 25 11  17.3 1015 150  2.6 1  6.4  54  612  136 290 -431  2
4218500 2850500  4 25 12  18.4 1015 129  2.8 1  6.2  48  660  144 301 -448  2
4218500 2850500  4 25 13  19.3 1014 140  2.2 1  5.9  44  657  152 308 -461  2
4218500 2850500  4 25 14  20.2 1014 156  2.3 1  5.7  40  628  144 315 -469  2
4218500 2850500  4 25 15  20.5 1014 240  2.2 1  5.7  39  529  150 319 -471  2
4218500 2850500  4 25 16  21.2 1013 271  2.2 1  5.9  38  390  154 320 -468  2
4218500 2850500  4 25 17  21.4 1013 347  0.7 1  6.1  38  235  145 318 -459  2
4218500 2850500  4 25 18  20.8 1013 236  1.5 1  6.1  39  107  108 313 -447  2
4218500 2850500  4 25 19  19.3 1013 171  1.7 2  6.0  41   13   45 309 -433  2
4218500 2850500  4 25 20  16.4 1013 141  1.8 3  6.1  48    0    0 310 -420  2
4218500 2850500  4 25 21  14.4 1013  83  2.9 2  6.5  60    0    0 306 -409  2
4218500 2850500  4 25 22  13.6 1014  95  2.6 2  6.7  67    0    0 299 -399  2
4218500 2850500  4 25 23  13.3 1013  81  2.6 1  6.4  67    0    0 292 -392  2
4218500 2850500  4 25 24  11.1 1013 102  2.4 1  6.2  70    0    0 283 -386  2
4218500 2850500  4 26  1  11.1 1014 114  3.0 1  6.3  77    0    0 282 -381  2
4218500 2850500  4 26  2  11.2 1013 113  2.8 3  6.6  80    0    0 291 -379  2
4218500 2850500  4 26  3  11.0 1013 110  2.6 5  6.6  81    0    0 306 -377  2
4218500 2850500  4 26  4  10.0 1013 105  2.6 5  6.6  84    0    0 311 -376  2
4218500 2850500  4 26  5  10.9 1013 112  2.6 5  6.9  87    0    0 311 -375  2
4218500 2850500  4 26  6  11.1 1013 108  2.4 7  7.1  87    0   10 322 -373  2
4218500 2850500  4 26  7  12.8 1013 116  2.6 7  7.1  82    0   30 334 -376  2
4218500 2850500  4 26  8  13.8 1013 120  2.8 6  7.2  76    0   83 331 -385  2
4218500 2850500  4 26  9  15.4 1013 127  2.6 6  7.4  71   10  211 330 -402  2
4218500 2850500  4 26 10  16.6 1013 153  2.5 7  7.6  67   18  273 341 -421  2
4218500 2850500  4 26 11  19.5 1013 179  2.9 8  7.8  60   35  335 358 -439  2
4218500 2850500  4 26 12  20.1 1012 156  3.4 8  7.8  54    5  266 370 -455  2
4218500 2850500  4 26 13  20.4 1012 127  2.5 5  7.8  52   38  350 360 -466  2
4218500 2850500  4 26 14  21.4 1012 121  2.7 5  7.8  51  132  401 350 -473  2
4218500 2850500  4 26 15  22.5 1011  65  3.7 3  7.6  46  279  346 346 -466  2
4218500 2850500  4 26 16  22.4 1010  70  3.3 3  7.4  44  251  282 337 -443  2
4218500 2850500  4 26 17  22.1 1010  79  2.2 4  7.4  44  113  224 337 -430  2
4218500 2850500  4 26 18  20.5 1010  72  2.1 5  7.4  47   23  127 341 -428  2
4218500 2850500  4 26 19  19.7 1010  49  2.8 7  7.5  51    5   44 352 -418  2
4218500 2850500  4 26 20  19.1 1010 319  1.9 7  7.4  52    0    0 359 -408  2
4218500 2850500  4 26 21  18.1 1011 326  2.7 8  7.5  56    0    0 363 -401  2
4218500 2850500  4 26 22  17.5 1011 346  2.6 8  7.9  62    0    0 367 -394  2
4218500 2850500  4 26 23  16.5 1012 280  2.7 8  8.3  68    0    0 365 -389  2
4218500 2850500  4 26 24  15.6 1012 282  2.8 7  8.7  76    0    0 356 -386  2
4218500 2850500  4 27  1  14.9 1012 283  2.4 8  9.2  84    0    0 355 -383  2
4218500 2850500  4 27  2  14.1 1012 322  2.6 8  9.5  91    0    0 360 -383  2
4218500 2850500  4 27  3  13.6 1012 317  2.3 8  9.5  96    0    0 357 -382  2
4218500 2850500  4 27  4  13.5 1012 340  2.4 8  9.5  97    0    0 356 -382  2
4218500 2850500  4 27  5  13.4 1012 336  1.6 8  9.4  97    0    0 355 -381  2
4218500 2850500  4 27  6  13.5 1012 339  1.9 8  9.4  97    0   18 354 -380  2
4218500 2850500  4 27  7  13.6 1012 244  1.6 7  9.4  97    2   69 348 -380  2
4218500 2850500  4 27  8  13.8 1012  20  1.1 8  9.5  97    0   80 347 -382  2
4218500 2850500  4 27  9  14.1 1012  12  1.6 8  9.7  97    0   87 354 -384  2
4218500 2850500  4 27 10  14.5 1013 355  1.9 8  9.8  96    0  123 356 -384  2
4218500 2850500  4 27 11  14.7 1013 330  2.3 8 10.0  96    0  116 357 -385  2
4218500 2850500  4 27 12  14.9 1013 334  2.5 7 10.0  94    0  140 352 -388  2
4218500 2850500  4 27 13  14.8 1013 329  2.4 8  9.9  93    0  140 354 -389  2
4218500 2850500  4 27 14  15.4 1013 345  3.3 8  9.9  92    0  175 360 -388  2
4218500 2850500  4 27 15  15.5 1012 338  4.2 7  9.6  88    0  186 356 -388  2
4218500 2850500  4 27 16  14.8 1012 331  5.1 7  9.5  88    0  128 350 -388  2
4218500 2850500  4 27 17  14.4 1012 344  4.5 7  9.3  89    0  113 349 -387  2
4218500 2850500  4 27 18  13.9 1012 355  4.9 7  9.0  89    0   68 348 -385  2
4218500 2850500  4 27 19  13.5 1012 349  4.7 8  8.7  89    0   22 351 -382  2
4218500 2850500  4 27 20  12.9 1013 350  4.1 8  8.6  90    0    0 354 -379  2
4218500 2850500  4 27 21  12.0 1013 358  5.3 8  8.2  91    0    0 351 -371  2
4218500 2850500  4 27 22  11.1 1014   1  4.2 8  7.8  92    0    0 347 -361  2
4218500 2850500  4 27 23  10.5 1014 351  4.2 8  7.4  92    0    0 344 -353  2
4218500 2850500  4 27 24   9.8 1014 351  3.6 8  7.0  90    0    0 341 -348  2
4218500 2850500  4 28  1   9.2 1014 360  4.0 6  6.7  90    0    0 329 -344  2
4218500 2850500  4 28  2   8.9 1013 354  4.0 6  6.4  89    0    0 317 -341  2
4218500 2850500  4 28  3   8.6 1013 344  4.0 7  6.2  88    0    0 321 -337  2
4218500 2850500  4 28  4   7.4 1013 344  4.3 7  5.9  88    0    0 322 -333  2
4218500 2850500  4 28  5   6.7 1012 338  4.2 7  5.6  90    0    0 317 -331  2
4218500 2850500  4 28  6   7.2 1012 351  3.3 7  5.7  92    0   18 314 -330  2
4218500 2850500  4 28  7   7.9 1012 343  3.9 7  5.7  87   23   81 312 -333  2
4218500 2850500  4 28  8   8.7 1012 359  3.6 7  5.3  78   34  153 309 -341  2
4218500 2850500  4 28  9  10.0 1012   6  3.9 5  5.0  68  306  147 300 -352  2
4218500 2850500  4 28 10  12.3 1013 341  3.8 3  4.7  57  606   63 285 -367  2
4218500 2850500  4 28 11  13.5 1013   1  4.6 2  4.4  47  653   91 276 -382  2
4218500 2850500  4 28 12  13.0 1012 318  4.1 3  4.3  46  320  307 277 -394  2
4218500 2850500  4 28 13  13.7 1011 295  4.5 4  4.3  45  170  352 288 -402  2
4218500 2850500  4 28 14  14.6 1011 310  3.9 6  4.3  43   56  311 304 -404  2
4218500 2850500  4 28 15  13.6 1010 290  4.3 4  4.1  40  124  296 303 -402  2
4218500 2850500  4 28 16  14.6 1010 336  4.7 4  3.9  39  109  245 293 -399  2
4218500 2850500  4 28 17  13.4 1009 285  4.5 5  3.8  38   75  183 296 -390  2
4218500 2850500  4 28 18  13.4 1009 293  3.6 6  3.7  39   42  115 302 -379  2
4218500 2850500  4 28 19  12.1 1009 305  4.3 6  3.8  42   16   43 303 -370  2
4218500 2850500  4 28 20  10.3 1009 319  3.1 6  3.8  46    0    0 298 -360  2
4218500 2850500  4 28 21   9.1 1009 329  2.6 6  3.8  51    0    0 291 -354  2
4218500 2850500  4 28 22   8.4 1009 323  2.0 5  3.9  56    0    0 283 -352  2
4218500 2850500  4 28 23   8.7 1008   6  2.4 5  4.1  59    0    0 279 -351  2
4218500 2850500  4 28 24   7.9 1008 354  1.8 6  4.2  62    0    0 283 -349  2
4218500 2850500  4 29  1   8.4 1007  33  2.3 6  4.3  64    0    0 289 -348  2
4218500 2850500  4 29  2   7.9 1007  69  2.7 6  4.5  66    0    0 290 -346  2
4218500 2850500  4 29  3   7.8 1006  79  2.3 7  4.6  70    0    0 295 -344  2
4218500 2850500  4 29  4   7.5 1006 268  2.1 8  4.8  73    0    0 304 -343  2
4218500 2850500  4 29  5   6.9 1005 280  3.5 8  5.1  80    0    0 307 -343  2
4218500 2850500  4 29  6   6.5 1005 292  3.4 8  5.4  88    0    7 307 -342  2
4218500 2850500  4 29  7   6.8 1005 306  3.4 7  5.6  91    0   42 301 -342  2
4218500 2850500  4 29  8   7.1 1005 313  2.5 7  5.5  88    7  147 296 -344  2
4218500 2850500  4 29  9   7.7 1005 285  2.0 7  5.5  85    5  193 298 -349  2
4218500 2850500  4 29 10   8.2 1006 280  2.1 7  5.5  81    0  192 300 -358  2
4218500 2850500  4 29 11   8.3 1007 298  2.4 8  5.6  82    0  193 308 -364  2
4218500 2850500  4 29 12   7.8 1006 271  3.1 8  5.7  85    0  120 312 -369  2
4218500 2850500  4 29 13   7.2 1006 271  3.2 8  5.7  88    0  121 311 -376  2
4218500 2850500  4 29 14   6.6 1005 264  2.8 7  5.7  91    0  151 304 -382  2
4218500 2850500  4 29 15   6.6 1005 272  3.0 8  5.6  92    0  129 302 -386  2
4218500 2850500  4 29 16   6.6 1006 305  2.1 7  5.5  90    0  135 302 -387  2
4218500 2850500  4 29 17   6.7 1006 297  2.2 8  5.4  89    0   82 303 -383  2
4218500 2850500  4 29 18   6.6 1006 238  1.7 8  5.5  90    0   41 308 -375  2
4218500 2850500  4 29 19   6.4 1006 270  1.2 8  5.5  91    0   15 308 -369  2
4218500 2850500  4 29 20   6.1 1006 169  2.3 7  5.5  93    0    0 303 -364  2
4218500 2850500  4 29 21   6.1 1006 144  2.6 8  5.6  94    0    0 302 -356  2
4218500 2850500  4 29 22   6.1 1007 184  2.7 6  5.6  95    0    0 298 -350  2
4218500 2850500  4 29 23   5.1 1007 216  2.9 5  5.4  96    0    0 281 -348  2
4218500 2850500  4 29 24   4.5 1007 190  2.4 4  5.2  96    0    0 270 -348  2
4218500 2850500  4 30  1   4.1 1007 179  2.6 5  5.0  97    0    0 269 -348  2
4218500 2850500  4 30  2   3.7 1007 186  2.5 5  5.0  99    0    0 274 -347  2
4218500 2850500  4 30  3   3.6 1007 141  2.6 5  4.9  99    0    0 275 -346  2
4218500 2850500  4 30  4   3.4 1007 151  2.9 5  4.8  98    0    0 276 -345  2
4218500 2850500  4 30  5   3.3 1007 174  2.0 7  4.8  98    0    1 286 -343  2
4218500 2850500  4 30  6   3.7 1007 186  2.5 7  4.8  98    0    9 297 -343  2
4218500 2850500  4 30  7   4.5 1007 186  2.8 7  5.1  99    0   53 300 -348  2
4218500 2850500  4 30  8   5.5 1008 172  2.3 7  5.3  97   13  137 303 -356  2
4218500 2850500  4 30  9   7.0 1008 172  2.0 6  5.5  92    9  186 303 -366  2
4218500 2850500  4 30 10   7.4 1008 160  2.5 7  5.4  85    2  201 306 -374  2
4218500 2850500  4 30 11   8.0 1009 163  3.4 7  5.2  80   32  290 314 -381  2
4218500 2850500  4 30 12   8.8 1009 180  4.2 7  5.1  74   86  329 317 -388  2
4218500 2850500  4 30 13  10.3 1010 168  3.5 6  4.9  66  138  337 315 -390  2
4218500 2850500  4 30 14  10.9 1009 163  3.9 5  4.7  59  295  280 313 -391  2
4218500 2850500  4 30 15  11.7 1010 180  3.8 4  4.4  53  313  227 309 -394  2
4218500 2850500  4 30 16  12.1 1009 163  3.9 4  4.2  48  299  169 308 -391  2
4218500 2850500  4 30 17  12.6 1009 146  3.3 3  4.1  46  359   73 305 -385  2
4218500 2850500  4 30 18  11.8 1009 115  3.0 3  3.9  44  167   71 299 -378  2
4218500 2850500  4 30 19  10.7 1009 139  2.7 4  3.8  46   32   41 298 -373  2
4218500 2850500  4 30 20   8.9 1009 265  3.3 5  3.9  52    0    0 300 -369  2
4218500 2850500  4 30 21   8.8 1010 235  1.8 5  4.2  60    0    0 301 -366  2
4218500 2850500  4 30 22   7.4 1009  19  1.9 4  4.6  68    0    0 295 -364  2
4218500 2850500  4 30 23   5.9 1009  92  2.4 4  4.8  78    0    0 286 -362  2
4218500 2850500  4 30 24   6.1 1009 118  2.9 4  5.0  86    0    0 284 -360  2
4218500 2850500  5  1  1   5.5 1009 123  3.1 6  5.1  90    0    0 304 -359  2
4218500 2850500  5  1  2   5.8 1009 124  3.2 6  5.1  90    0    0 303 -359  2
4218500 2850500  5  1  3   5.3 1008 118  2.7 7  5.2  91    0    0 308 -358  2
4218500 2850500  5  1  4   5.1 1008 135  2.6 7  5.1  93    0    0 312 -357  2
4218500 2850500  5  1  5   4.9 1008 113  2.2 8  5.1  93    0    3 316 -357  2
4218500 2850500  5  1  6   4.5 1008 120  2.5 8  5.1  95   15   40 321 -357  2
4218500 2850500  5  1  7   6.2 1008 118  3.1 4  5.3  94  132   86 303 -356  2
4218500 2850500  5  1  8   8.1 1008 122  2.7 3  5.5  87  287  105 283 -357  2
4218500 2850500  5  1  9  10.4 1009 107  3.6 2  5.4  74  428  117 279 -362  2
4218500 2850500  5  1 10  12.0 1009 114  2.9 2  5.2  62  550  127 278 -372  2
4218500 2850500  5  1 11  12.5 1009 187  2.4 2  4.9  56  630  140 280 -379  2
4218500 2850500  5  1 12  14.4 1008 126  2.7 2  4.7  49  454  274 285 -383  2
4218500 2850500  5  1 13  15.0 1008 114  2.5 3  4.5  43  309  344 295 -388  2
4218500 2850500  5  1 14  15.9 1007 114  2.6 5  4.3  39  158  353 313 -393  2
4218500 2850500  5  1 15  14.3 1007 163  2.1 6  4.2  39   19  244 322 -394  2
4218500 2850500  5  1 16  15.6 1007 172  3.2 3  4.1  39  250  235 310 -388  2
4218500 2850500  5  1 17  15.7 1007 142  3.2 2  4.3  39  250  155 290 -382  2
4218500 2850500  5  1 18  14.7 1007 143  3.3 1  4.3  40  122  120 274 -380  2
4218500 2850500  5  1 19  12.4 1007 115  3.4 3  4.4  45   25   61 268 -374  2
4218500 2850500  5  1 20  11.3 1007 118  3.7 5  4.7  54    0    0 281 -368  2
4218500 2850500  5  1 21  10.7 1007 109  3.8 7  5.0  60    0    0 303 -362  2
4218500 2850500  5  1 22   9.7 1007 117  4.5 7  5.1  66    0    0 314 -360  2
4218500 2850500  5  1 23   9.6 1007 133  3.8 7  5.2  69    0    0 314 -359  2
4218500 2850500  5  1 24   9.6 1007 129  3.1 8  5.3  70    0    0 321 -357  2
4218500 2850500  5  2  1   9.4 1007 172  2.7 8  5.3  71    0    0 324 -354  2
4218500 2850500  5  2  2   9.2 1007 153  2.2 8  5.3  72    0    0 323 -350  2
4218500 2850500  5  2  3   9.3 1007 163  2.4 8  5.3  72    0    0 322 -346  2
4218500 2850500  5  2  4   9.2 1008 169  2.8 8  5.3  72    0    0 323 -343  2
4218500 2850500  5  2  5   8.9 1008 190  3.0 8  5.6  78    0    3 324 -340  2
4218500 2850500  5  2  6   8.8 1008 182  2.9 7  6.1  86   11   35 321 -339  2
4218500 2850500  5  2  7  10.0 1009 193  3.2 4  6.7  90  140   64 303 -343  2
4218500 2850500  5  2  8  11.6 1009 230  3.3 6  6.9  85   75  160 302 -353  2
4218500 2850500  5  2  9  12.5 1010 224  3.4 7  6.9  78   25  212 321 -366  2
4218500 2850500  5  2 10  14.3 1010 239  3.5 5  6.8  71  322  211 318 -379  2
4218500 2850500  5  2 11  14.1 1011 217  3.0 6  6.8  68   95  312 316 -392  2
4218500 2850500  5  2 12  15.0 1011 210  3.5 6  6.7  65   33  294 321 -403  2
4218500 2850500  5  2 13  15.8 1011 239  2.8 4  6.5  60  144  338 317 -412  2
4218500 2850500  5  2 14  16.8 1011 206  3.4 5  6.4  55  116  316 317 -417  2
4218500 2850500  5  2 15  17.5 1012 233  2.3 5  6.2  51  100  273 320 -420  2
4218500 2850500  5  2 16  17.4 1012 245  2.5 4  5.9  47  161  225 315 -418  2
4218500 2850500  5  2 17  17.4 1012 202  2.1 3  5.7  46  230  137 308 -411  2
4218500 2850500  5  2 18  17.5 1013 169  1.9 2  5.6  45  139   96 301 -400  2
4218500 2850500  5  2 19  16.2 1013 169  1.6 1  5.4  46   30   55 293 -388  2
4218500 2850500  5  2 20  13.7 1013 149  2.0 1  5.5  55    0    0 285 -377  2
4218500 2850500  5  2 21  12.1 1014 138  2.2 1  5.6  61    0    0 277 -369  2
4218500 2850500  5  2 22  10.5 1014 127  2.4 1  5.6  68    0    0 271 -364  2
4218500 2850500  5  2 23  10.2 1014 118  2.8 1  5.6  70    0    0 270 -360  2
4218500 2850500  5  2 24  10.6 1014 111  3.1 0  5.5  69    0    0 264 -357  2
4218500 2850500  5  3  1  11.4 1010 104  3.4 0  5.4  64    0    0 277 -395  2
4218500 2850500  5  3  2  12.0 1009 101  3.7 0  5.3  60    0    0 277 -391  2
4218500 2850500  5  3  3  12.5 1009  99  3.8 1  5.2  58    0    0 278 -390  2
4218500 2850500  5  3  4  12.3 1008  98  4.0 1  5.3  59    0    0 281 -388  2
4218500 2850500  5  3  5  12.5 1007 102  4.0 1  5.4  61    0    0 279 -384  2
4218500 2850500  5  3  6  12.1 1007 100  4.6 1  5.6  64   23   40 278 -382  2
4218500 2850500  5  3  7  13.3 1006 118  4.1 0  5.7  62  123   85 275 -384  2
4218500 2850500  5  3  8  15.2 1005 105  4.1 0  5.9  58  275  103 275 -393  2
4218500 2850500  5  3  9  17.6 1004 107  4.5 0  6.5  56  427  110 283 -408  2
4218500 2850500  5  3 10  20.1 1004 109  4.4 0  7.1  52  552  116 294 -426  2
4218500 2850500  5  3 11  22.5 1003  93  5.1 0  7.6  48  646  120 305 -443  2
4218500 2850500  5  3 12  24.3 1002 107  5.4 0  8.0  44  696  124 315 -458  2
4218500 2850500  5  3 13  25.8 1001 126  5.5 0  8.0  40  684  135 325 -468  2
4218500 2850500  5  3 14  26.7 1000 119  5.6 0  7.9  36  635  140 332 -475  2
4218500 2850500  5  3 15  27.4  999 135  5.5 0  7.7  34  543  145 335 -476  2
4218500 2850500  5  3 16  27.8  998 168  5.6 0  7.0  30  414  147 335 -471  2
4218500 2850500  5  3 17  27.7  997 146  5.0 1  6.6  28  262  143 336 -464  2
4218500 2850500  5  3 18  26.8  996 135  5.1 0  6.9  30  110  121 334 -453  2
4218500 2850500  5  3 19  25.9  996 167  2.9 0  7.5  34   23   61 329 -437  2
4218500 2850500  5  3 20  24.4  995 126  2.4 1  7.9  39    0    9 329 -422  2
4218500 2850500  5  3 21  23.5  995 120  2.4 0  7.5  40    0    0 324 -413  2
4218500 2850500  5  3 22  22.0  995 139  4.2 4  7.1  40    0    0 326 -408  2
4218500 2850500  5  3 23  21.0  995 177  3.6 5  7.2  44    0    0 335 -405  2
4218500 2850500  5  3 24  18.8  995 257  3.8 7  8.6  58    0    0 342 -403  2
4218500 2850500  5  4  1  18.4  996 324  4.7 8 10.1  74    0    0 350 -398  2
4218500 2850500  5  4  2  17.9  996 214  3.0 8 10.2  77    0    0 354 -391  2
4218500 2850500  5  4  3  16.6  997 199  2.1 7 10.5  84    0    0 350 -385  2
4218500 2850500  5  4  4  16.0  997 276  4.1 6 10.4  88    0    0 338 -379  2
4218500 2850500  5  4  5  15.1  997 284  4.4 6  9.7  86    0    0 329 -375  2
4218500 2850500  5  4  6  14.6  998 279  4.7 5  9.2  86   19   41 321 -374  2
4218500 2850500  5  4  7  15.6  999 288  4.9 5  9.2  84   37  105 315 -377  2
4218500 2850500  5  4  8  16.4  999 258  4.7 5  9.4  82   73  180 317 -386  2
4218500 2850500  5  4  9  17.7 1000 280  5.5 3  9.4  76  331  175 311 -398  2
4218500 2850500  5  4 10  17.8 1000 281  5.3 6  8.9  69   93  318 318 -413  2
4218500 2850500  5  4 11  18.0 1001 268  6.2 6  8.4  64  109  362 330 -427  2
4218500 2850500  5  4 12  18.7 1001 264  5.1 5  8.4  63  246  372 330 -440  2
4218500 2850500  5  4 13  19.7 1001 267  3.9 5  8.2  59  262  377 331 -448  2
4218500 2850500  5  4 14  19.2 1001 296  3.7 6  8.2  58   90  375 337 -447  2
4218500 2850500  5  4 15  18.7 1002 339  4.3 5  8.5  62   96  338 337 -444  2
4218500 2850500  5  4 16  17.8 1002 354  4.4 5  8.4  63  173  276 331 -445  2
4218500 2850500  5  4 17  17.6 1002 328  3.8 4  8.3  65  152  161 325 -442  2
4218500 2850500  5  4 18  17.4 1002 333  4.1 7  8.1  64    3  109 329 -433  2
4218500 2850500  5  4 19  16.4 1002 360  3.8 6  7.9  65    0   39 334 -423  2
4218500 2850500  5  4 20  14.9 1003 292  3.7 6  7.9  70    0    6 325 -409  2
4218500 2850500  5  4 21  13.7 1003  17  4.1 5  7.7  75    0    0 317 -396  2
4218500 2850500  5  4 22  12.3 1004  42  4.0 2  7.5  79    0    0 296 -388  2
4218500 2850500  5  4 23  11.3 1004  43  3.7 2  7.2  83    0    0 276 -382  2
4218500 2850500  5  4 24  11.6 1005  30  3.8 6  7.1  83    0    0 289 -378  2
4218500 2850500  5  5  1  10.6 1005  25  4.7 6  7.1  85    0    0 308 -376  2
4218500 2850500  5  5  2  10.4 1005  24  3.6 6  6.9  86    0    0 306 -374  2
4218500 2850500  5  5  3  10.1 1005  32  3.3 7  6.8  86    0    0 310 -370  2
4218500 2850500  5  5  4   9.6 1005  32  4.5 7  6.6  86    0    0 315 -367  2
4218500 2850500  5  5  5   9.6 1005  10  3.8 7  6.4  85    0    1 314 -365  2
4218500 2850500  5  5  6   9.6 1005   6  3.7 7  6.2  83    0    9 314 -366  2
4218500 2850500  5  5  7   9.2 1006   9  5.2 6  6.2  84    0   50 303 -371  2
4218500 2850500  5  5  8   9.2 1006  18  4.1 6  6.3  86   15  116 293 -384  2
4218500 2850500  5  5  9   9.4 1007   3  4.6 7  6.4  87    0  146 303 -402  2
4218500 2850500  5  5 10   9.0 1007   8  5.0 7  6.5  88    0  123 314 -423  2
4218500 2850500  5  5 11   9.0 1007 345  4.0 8  6.6  91    0  100 325 -443  2
4218500 2850500  5  5 12   9.3 1008 337  3.9 7  6.8  94    0   87 327 -460  2
4218500 2850500  5  5 13   9.4 1008   9  5.2 7  7.0  95    0   90 321 -473  2
4218500 2850500  5  5 14   9.3 1008   3  4.9 7  7.0  94    0   87 322 -477  2
4218500 2850500  5  5 15   9.1 1008 298  3.9 8  6.9  94    0   68 327 -467  2
4218500 2850500  5  5 16   9.2 1008 358  4.5 7  6.9  94    0   83 326 -464  2
4218500 2850500  5  5 17   9.1 1008   4  4.8 7  7.0  96    0   84 318 -465  2
4218500 2850500  5  5 18   8.4 1008   8  5.3 7  6.8  97    0   52 316 -453  2
4218500 2850500  5  5 19   8.3 1008  17  5.5 6  6.6  95    0   40 308 -439  2
4218500 2850500  5  5 20   7.7 1008  13  4.9 8  6.4  95    0    7 312 -424  2
4218500 2850500  5  5 21   7.7 1008   7  4.9 8  6.2  94    0    0 319 -411  2
4218500 2850500  5  5 22   7.5 1009   7  5.4 8  6.2  95    0    0 319 -401  2
4218500 2850500  5  5 23   7.2 1009   3  4.5 8  6.2  96    0    0 320 -393  2
4218500 2850500  5  5 24   7.2 1009   9  5.1 8  6.1  96    0    0 322 -387  2
4218500 2850500  5  6  1   7.1 1009   7  4.8 8  6.1  96    0    0 324 -382  2
4218500 2850500  5  6  2   7.0 1008   2  5.0 8  6.0  96    0    0 325 -379  2
4218500 2850500  5  6  3   7.1 1008  12  4.9 8  6.0  95    0    0 329 -377  2
4218500 2850500  5  6  4   7.1 1009  18  4.8 8  5.8  92    0    0 333 -377  2
4218500 2850500  5  6  5   7.4 1009  14  4.4 8  5.8  91    0    0 337 -377  2
4218500 2850500  5  6  6   7.3 1009   6  3.7 8  5.9  92    0    8 340 -378  2
4218500 2850500  5  6  7   7.3 1009  17  4.9 7  5.9  92    0   33 332 -380  2
4218500 2850500  5  6  8   7.7 1010  14  4.7 7  5.9  90    0   69 324 -384  2
4218500 2850500  5  6  9   7.8 1010  15  4.8 7  5.9  89    0  104 328 -391  2
4218500 2850500  5  6 10   7.9 1010  15  4.3 7  5.9  88    0  115 330 -398  2
4218500 2850500  5  6 11   8.2 1011  11  4.8 7  6.1  91    0  102 331 -402  2
4218500 2850500  5  6 12   8.0 1011  10  5.0 8  6.2  92    0   74 340 -406  2
4218500 2850500  5  6 13   8.1 1012  21  5.4 8  6.2  92    0   91 345 -408  2
4218500 2850500  5  6 14   7.6 1012  16  4.2 7  6.1  92    0   96 337 -402  2
4218500 2850500  5  6 15   7.5 1012   6  4.5 8  6.0  92    0   88 335 -393  2
4218500 2850500  5  6 16   7.8 1012  17  5.2 8  6.0  92    0   90 340 -387  2
4218500 2850500  5  6 17   7.8 1012  16  5.3 7  6.0  91    0   86 333 -387  2
4218500 2850500  5  6 18   7.6 1012  29  5.4 7  6.0  92    0   62 326 -389  2
4218500 2850500  5  6 19   7.1 1013  24  5.6 8  5.8  91    0   16 332 -385  2
4218500 2850500  5  6 20   7.0 1013  26  5.4 7  5.7  91    0    1 331 -378  2
4218500 2850500  5  6 21   6.8 1014  18  5.5 7  5.6  91    0    0 323 -371  2
4218500 2850500  5  6 22   6.2 1015  26  4.8 8  5.4  90    0    0 330 -367  2
4218500 2850500  5  6 23   6.1 1015  21  4.6 8  5.3  90    0    0 338 -365  2
4218500 2850500  5  6 24   6.0 1015  25  4.8 8  5.2  89    0    0 339 -363  2
4218500 2850500  5  7  1   6.1 1015  27  4.4 8  5.1  87    0    0 339 -362  2
4218500 2850500  5  7  2   5.7 1016  21  4.3 7  5.0  86    0    0 331 -362  2
4218500 2850500  5  7  3   5.9 1015  18  4.1 8  4.9  86    0    0 331 -361  2
4218500 2850500  5  7  4   5.7 1015  29  4.0 8  4.8  84    0    0 340 -361  2
4218500 2850500  5  7  5   5.6 1016   7  4.0 8  4.7  82    0    1 340 -361  2
4218500 2850500  5  7  6   6.0 1016  15  4.1 8  4.7  82    0   30 341 -361  2
4218500 2850500  5  7  7   6.4 1016  25  4.0 5  4.9  83   14   96 318 -362  2
4218500 2850500  5  7  8   6.6 1017   6  4.1 7  5.0  83    0  115 313 -365  2
4218500 2850500  5  7  9   7.1 1017  12  4.1 8  5.0  81    0  156 337 -371  2
4218500 2850500  5  7 10   7.8 1017   4  4.0 7  5.2  81    4  235 339 -379  2
4218500 2850500  5  7 11   9.6 1017  14  4.0 7  5.4  77   26  321 336 -389  2
4218500 2850500  5  7 12  11.2 1017 343  4.1 7  5.6  72   36  355 342 -404  2
4218500 2850500  5  7 13  12.5 1018   8  4.1 6  5.8  68  128  401 342 -421  2
4218500 2850500  5  7 14  12.9 1018   9  4.3 5  5.9  65  212  376 334 -428  2
4218500 2850500  5  7 15  13.3 1018  11  4.1 4  6.0  64  350  287 326 -430  2
4218500 2850500  5  7 16  13.6 1018   1  3.8 5  6.2  65  121  288 326 -436  2
4218500 2850500  5  7 17  13.8 1018   0  3.5 5  6.3  64   64  207 330 -435  2
4218500 2850500  5  7 18  13.2 1018   7  3.5 6  6.3  66    0   96 334 -428  2
4218500 2850500  5  7 19  12.5 1018   8  3.9 7  6.4  69    0   42 341 -415  2
4218500 2850500  5  7 20  12.2 1018  11  3.3 7  6.3  71    0    5 343 -400  2
4218500 2850500  5  7 21  11.5 1019  23  3.4 7  6.3  73    0    0 342 -386  2
4218500 2850500  5  7 22  10.8 1019   9  2.3 7  6.2  76    0    0 341 -376  2
4218500 2850500  5  7 23   9.8 1019   9  3.1 6  6.2  80    0    0 332 -370  2
4218500 2850500  5  7 24   9.6 1019  14  3.1 6  6.3  85    0    0 326 -367  2
4218500 2850500  5  8  1   9.4 1019 355  2.9 7  6.4  88    0    0 332 -366  2
4218500 2850500  5  8  2   8.8 1019  14  3.0 7  6.4  90    0    0 338 -364  2
4218500 2850500  5  8  3   8.3 1019  18  2.3 7  6.4  93    0    0 336 -363  2
4218500 2850500  5  8  4   7.9 1019  13  2.4 8  6.4  95    0    0 343 -362  2
4218500 2850500  5  8  5   7.6 1019 355  2.4 8  6.3  96    0    0 350 -360  2
4218500 2850500  5  8  6   7.6 1019 346  2.7 8  6.3  98    0   16 350 -358  2
4218500 2850500  5  8  7   7.8 1019 353  2.2 7  6.3  97    0   55 343 -359  2
4218500 2850500  5  8  8   8.4 1019 353  2.1 8  6.3  95    0  107 344 -367  2
4218500 2850500  5  8  9  10.0 1019 345  2.1 8  6.4  89   16  222 353 -381  2
4218500 2850500  5  8 10  12.1 1019 329  2.1 3  6.7  82  164  307 327 -398  2
4218500 2850500  5  8 11  14.9 1020 309  2.3 2  7.0  73  489  230 298 -414  2
4218500 2850500  5  8 12  18.1 1020  35  2.1 1  7.6  65  617  190 298 -428  2
4218500 2850500  5  8 13  19.3 1020  14  2.6 2  8.1  61  582  221 306 -438  2
4218500 2850500  5  8 14  20.6 1019  57  2.1 2  8.6  59  497  248 317 -441  2
4218500 2850500  5  8 15  20.6 1019  30  2.2 3  9.0  60  217  322 324 -435  2
4218500 2850500  5  8 16  20.9 1019  40  3.1 4  9.1  60  149  276 336 -425  2
4218500 2850500  5  8 17  20.8 1018  45  3.1 3  8.8  58  130  209 335 -416  2
4218500 2850500  5  8 18  19.6 1018  36  3.5 2  8.5  58  101  134 319 -410  2
4218500 2850500  5  8 19  18.8 1018  32  3.9 2  8.2  59   37   68 309 -405  2
4218500 2850500  5  8 20  16.8 1018  21  3.9 2  7.7  61    1   14 304 -398  2
4218500 2850500  5  8 21  15.0 1019  20  3.3 2  7.2  64    0    0 297 -389  2
4218500 2850500  5  8 22  13.4 1019  26  3.0 1  6.7  66    0    0 286 -381  2
4218500 2850500  5  8 23  11.7 1019  17  2.9 1  6.2  69    0    0 274 -374  2
4218500 2850500  5  8 24  10.7 1019  29  3.1 1  5.9  72    0    0 270 -369  2
4218500 2850500  5  9  1   9.2 1019  36  3.2 1  5.7  76    0    0 267 -364  2
4218500 2850500  5  9  2   7.9 1019  48  2.3 2  5.6  81    0    0 270 -359  2
4218500 2850500  5  9  3   9.2 1019  65  2.8 1  5.6  81    0    0 271 -355  2
4218500 2850500  5  9  4   9.4 1019  74  3.7 1  5.6  77    0    0 269 -351  2
4218500 2850500  5  9  5   8.8 1019  68  2.6 2  5.5  76    1    7 274 -348  2
4218500 2850500  5  9  6  10.5 1019  68  2.6 1  5.4  73   57   44 275 -347  2
4218500 2850500  5  9  7  11.7 1019  77  3.7 0  5.6  69  179   72 267 -351  2
4218500 2850500  5  9  8  13.8 1021  75  2.0 0  5.9  65  329   84 266 -362  2
4218500 2850500  5  9  9  15.9 1020  49  1.8 0  6.2  60  474   87 273 -377  2
4218500 2850500  5  9 10  17.3 1020  62  2.7 0  6.5  56  599   91 280 -395  2
4218500 2850500  5  9 11  18.6 1020  59  3.6 0  6.8  53  694   92 285 -412  2
4218500 2850500  5  9 12  20.0 1020  72  3.4 0  6.7  48  731  102 291 -425  2
4218500 2850500  5  9 13  20.4 1020  75  3.9 0  6.4  44  723  113 295 -435  2
4218500 2850500  5  9 14  21.0 1020  89  3.8 1  6.3  41  663  127 303 -441  2
4218500 2850500  5  9 15  20.9 1019  47  4.1 1  6.6  43  559  140 310 -443  2
4218500 2850500  5  9 16  21.4 1019  62  4.4 1  6.8  44  404  160 312 -441  2
4218500 2850500  5  9 17  20.9 1018  57  4.1 2  6.6  42  291  134 314 -434  2
4218500 2850500  5  9 18  20.8 1018  91  3.8 1  6.0  39  170  102 311 -425  2
4218500 2850500  5  9 19  20.0 1018  85  3.5 0  5.5  37   55   65 299 -414  2
4218500 2850500  5  9 20  17.8 1018  72  2.3 1  5.6  41    2   15 294 -401  2
4218500 2850500  5  9 21  16.5 1018  53  2.3 1  5.8  48    0    0 293 -389  2
4218500 2850500  5  9 22  13.9 1019  38  2.8 0  6.2  58    0    0 282 -379  2
4218500 2850500  5  9 23  13.2 1019  34  2.6 0  6.6  69    0    0 274 -372  2
4218500 2850500  5  9 24  12.8 1019  41  2.6 0  6.8  73    0    0 272 -366  2
4218500 2850500  5 10  1  12.4 1019  58  2.3 0  6.8  76    0    0 270 -362  2
4218500 2850500  5 10  2  11.7 1019  26  0.8 0  6.7  76    0    0 267 -358  2
4218500 2850500  5 10  3  10.4 1019  45  1.4 0  6.5  79    0    0 264 -354  2
4218500 2850500  5 10  4  11.2 1018  65  2.2 0  6.4  79    0    0 262 -351  2
4218500 2850500  5 10  5  10.4 1018  73  2.0 0  6.3  78    2    8 261 -349  2
4218500 2850500  5 10  6  11.9 1019  78  1.9 0  6.4  78   59   46 261 -348  2
4218500 2850500  5 10  7  14.0 1019 104  1.9 0  6.7  73  183   72 264 -352  2
4218500 2850500  5 10  8  16.3 1019 100  1.9 0  6.8  64  339   79 268 -364  2
4218500 2850500  5 10  9  18.6 1019  94  2.0 0  7.2  58  482   85 276 -380  2
4218500 2850500  5 10 10  19.6 1019  49  3.5 0  7.1  52  611   86 283 -398  2
4218500 2850500  5 10 11  18.9 1019  63  3.9 0  6.8  49  697   91 285 -415  2
4218500 2850500  5 10 12  21.1 1018  43  4.2 0  7.1  49  740   97 291 -429  2
4218500 2850500  5 10 13  21.3 1018  55  3.8 0  7.5  48  743  100 297 -439  2
4218500 2850500  5 10 14  22.5 1017  58  3.9 0  7.6  47  684  113 300 -445  2
4218500 2850500  5 10 15  22.6 1017  81  3.6 0  7.4  44  587  122 303 -445  2
4218500 2850500  5 10 16  22.3 1016  58  3.7 0  7.0  41  456  128 302 -443  2
4218500 2850500  5 10 17  22.4 1016  44  3.8 1  6.7  40  318  118 305 -438  2
4218500 2850500  5 10 18  21.7 1015  33  3.9 1  7.0  42  175  101 308 -427  2
4218500 2850500  5 10 19  20.2 1015  47  4.4 2  7.2  46   58   65 308 -412  2
4218500 2850500  5 10 20  18.8 1015  26  2.8 3  6.9  49    3   16 307 -397  2
4218500 2850500  5 10 21  18.2 1015  24  2.5 4  6.5  49    0    0 308 -384  2
4218500 2850500  5 10 22  16.5 1016  25  2.7 4  6.3  51    0    0 306 -375  2
4218500 2850500  5 10 23  16.4 1015  18  2.3 4  6.1  53    0    0 301 -368  2
4218500 2850500  5 10 24  15.1 1016  15  1.8 5  6.1  55    0    0 301 -362  2
4218500 2850500  5 11  1  14.0 1015  15  2.0 4  6.1  59    0    0 297 -357  2
4218500 2850500  5 11  2  12.5 1015 328  1.3 4  6.2  66    0    0 290 -352  2
4218500 2850500  5 11  3  13.2 1015 347  1.6 6  6.5  70    0    0 296 -347  2
4218500 2850500  5 11  4  12.6 1015 353  2.0 5  6.5  70    0    0 299 -342  2
4218500 2850500  5 11  5  12.0 1015   1  2.0 3  6.5  73    0    5 288 -339  2
4218500 2850500  5 11  6  13.2 1015  27  2.8 1  6.7  74   56   44 277 -338  2
4218500 2850500  5 11  7  14.5 1015  31  2.2 0  6.9  70  187   69 270 -343  2
4218500 2850500  5 11  8  15.1 1015  57  3.1 0  6.7  64  343   77 268 -356  2
4218500 2850500  5 11  9  16.4 1015  48  3.9 0  6.6  59  497   76 273 -373  2
4218500 2850500  5 11 10  16.4 1015  64  4.7 0  6.6  57  634   69 277 -391  2
4218500 2850500  5 11 11  17.7 1016  55  4.7 0  6.3  52  709   85 280 -408  2
4218500 2850500  5 11 12  18.8 1016  40  4.6 0  5.9  46  769   76 286 -421  2
4218500 2850500  5 11 13  19.1 1016  49  4.7 0  5.9  43  757   86 289 -429  2
4218500 2850500  5 11 14  19.7 1015  41  3.8 1  6.1  44  695  102 295 -433  2
4218500 2850500  5 11 15  19.5 1015  61  4.8 1  6.1  43  589  117 299 -434  2
4218500 2850500  5 11 16  19.2 1015  23  5.8 1  6.0  43  472  115 299 -428  2
4218500 2850500  5 11 17  18.8 1015  28  5.7 1  5.7  42  337  106 298 -419  2
4218500 2850500  5 11 18  17.4 1015  25  6.7 1  5.4  42  187   94 295 -411  2
4218500 2850500  5 11 19  16.1 1015  44  5.6 2  5.2  44   68   62 295 -401  2
4218500 2850500  5 11 20  14.6 1016  31  5.1 3  5.1  47    4   17 298 -388  2
4218500 2850500  5 11 21  13.2 1016  28  4.3 2  5.1  52    0    0 293 -378  2
4218500 2850500  5 11 22  12.2 1017  36  4.1 1  5.2  57    0    0 282 -370  2
4218500 2850500  5 11 23  11.1 1017  23  2.9 0  5.1  60    0    0 272 -364  2
4218500 2850500  5 11 24  10.0 1016  30  2.4 0  5.0  64    0    0 265 -359  2
4218500 2850500  5 12  1  10.0 1017  47  3.5 0  4.9  65    0    0 263 -355  2
4218500 2850500  5 12  2   8.1 1017  41  2.0 0  4.9  69    0    0 259 -352  2
4218500 2850500  5 12  3   8.4 1017  44  2.6 0  4.9  72    0    0 256 -350  2
4218500 2850500  5 12  4   8.1 1017  77  2.0 0  4.9  72    0    0 256 -350  2
4218500 2850500  5 12  5   8.1 1017  61  1.5 1  4.9  73    3    9 258 -353  2
4218500 2850500  5 12  6  10.0 1018  65  1.7 1  5.0  70   63   51 265 -356  2
4218500 2850500  5 12  7  12.0 1018 100  1.8 0  5.0  61  190   79 265 -360  2
4218500 2850500  5 12  8  13.5 1019 111  1.3 0  4.9  54  340   92 264 -366  2
4218500 2850500  5 12  9  15.0 1019   8  1.6 0  5.1  50  481  102 270 -375  2
4218500 2850500  5 12 10  16.4 1019  79  2.9 0  5.3  48  606  104 276 -386  2
4218500 2850500  5 12 11  17.4 1019  43  2.9 0  5.6  47  686  114 283 -400  2
4218500 2850500  5 12 12  18.1 1018  53  2.8 0  5.7  45  724  123 288 -420  2
4218500 2850500  5 12 13  19.3 1018  58  3.9 1  5.7  43  718  129 297 -432  2
4218500 2850500  5 12 14  19.6 1017  57  3.4 1  5.8  42  614  171 305 -434  2
4218500 2850500  5 12 15  19.5 1017  51  3.1 2  5.7  41  485  198 309 -435  2
4218500 2850500  5 12 16  19.7 1016  42  2.8 2  5.6  40  387  180 313 -431  2
4218500 2850500  5 12 17  20.1 1016  53  2.7 1  6.0  41  294  140 310 -425  2
4218500 2850500  5 12 18  19.9 1015  47  2.4 1  6.3  43  179  105 307 -419  2
4218500 2850500  5 12 19  18.5 1015  77  1.5 0  6.5  47   65   67 300 -411  2
4218500 2850500  5 12 20  17.0 1015  90  1.6 1  6.5  51    5   18 295 -400  2
4218500 2850500  5 12 21  16.5 1015 109  1.2 1  6.3  53    0    0 292 -387  2
4218500 2850500  5 12 22  15.0 1015 177  1.8 0  6.5  58    0    0 286 -376  2
4218500 2850500  5 12 23  13.1 1015 140  0.7 0  6.4  64    0    0 275 -370  2
4218500 2850500  5 12 24  11.6 1014 114  0.6 0  6.3  71    0    0 267 -364  2
4218500 2850500  5 13  1  12.6 1014 211  2.5 0  6.5  73    0    0 264 -359  2
4218500 2850500  5 13  2  10.5 1014 345  0.3 0  6.3  75    0    0 260 -355  2
4218500 2850500  5 13  3  10.9 1013 358  0.6 0  6.2  77    0    0 255 -352  2
4218500 2850500  5 13  4   9.7 1013 249  2.1 0  6.2  79    0    0 251 -350  2
4218500 2850500  5 13  5  10.0 1013 144  0.9 0  6.3  83    2   11 248 -349  2
4218500 2850500  5 13  6  11.5 1013 180  0.9 0  6.6  81   61   54 248 -350  2
4218500 2850500  5 13  7  14.5 1013 264  2.2 0  6.6  71  179   88 250 -357  2
4218500 2850500  5 13  8  17.0 1012 266  3.5 0  6.6  59  329  104 254 -372  2
4218500 2850500  5 13  9  18.5 1012 258  3.7 0  6.7  53  461  120 259 -390  2
4218500 2850500  5 13 10  19.6 1012 256  2.7 1  6.8  50  580  128 271 -409  2
4218500 2850500  5 13 11  20.7 1011 263  2.4 2  6.9  46  651  143 287 -426  2
4218500 2850500  5 13 12  21.7 1011 250  3.1 2  6.7  43  676  159 298 -440  2
4218500 2850500  5 13 13  22.4 1010 230  2.3 2  6.4  38  558  240 301 -450  2
4218500 2850500  5 13 14  22.5 1010 175  3.5 4  5.8  34  371  317 309 -455  2
4218500 2850500  5 13 15  22.8 1009 172  2.6 5  5.6  32  290  305 320 -457  2
4218500 2850500  5 13 16  22.3 1009 223  3.1 5  5.7  33  255  252 323 -456  2
4218500 2850500  5 13 17  22.7 1008 159  3.4 4  5.8  34  181  200 318 -451  2
4218500 2850500  5 13 18  21.5 1008 202  3.1 5  5.9  35   78  146 316 -441  2
4218500 2850500  5 13 19  20.9 1007 232  2.2 6  5.8  37    1   60 320 -427  2
4218500 2850500  5 13 20  19.7 1007 204  1.5 4  6.0  40    0   15 314 -413  2
4218500 2850500  5 13 21  18.5 1007 178  1.3 3  6.3  46    0    0 298 -402  2
4218500 2850500  5 13 22  15.7 1007 165  2.2 4  6.6  54    0    0 291 -395  2
4218500 2850500  5 13 23  15.7 1006 139  1.7 4  6.8  61    0    0 292 -391  2
4218500 2850500  5 13 24  15.4 1006 167  2.2 4  6.7  60    0    0 292 -386  2
4218500 2850500  5 14  1  14.9 1006 186  2.9 6  6.4  59    0    0 304 -382  2
4218500 2850500  5 14  2  14.3 1006 172  2.5 6  6.4  61    0    0 314 -378  2
4218500 2850500  5 14  3  13.8 1005 168  2.6 6  6.2  61    0    0 312 -374  2
4218500 2850500  5 14  4  13.4 1005 173  3.5 5  6.0  61    0    0 305 -372  2
4218500 2850500  5 14  5  12.5 1005 154  2.6 5  6.0  64    0    1 297 -370  2
4218500 2850500  5 14  6  13.4 1004 159  2.8 5  6.1  65   33   45 296 -371  2
4218500 2850500  5 14  7  14.9 1004 186  3.4 4  6.3  62  164   83 293 -378  2
4218500 2850500  5 14  8  16.9 1004 182  3.7 4  6.4  56  265  119 292 -391  2
4218500 2850500  5 14  9  18.5 1004 188  3.2 3  6.4  50  415  128 293 -406  2
4218500 2850500  5 14 10  20.7 1003 185  3.2 2  6.5  45  598  107 292 -423  2
4218500 2850500  5 14 11  22.5 1003 194  3.3 2  6.8  42  676  118 297 -441  2
4218500 2850500  5 14 12  23.5 1002 197  4.5 2  6.0  34  722  123 303 -457  2
4218500 2850500  5 14 13  24.3 1002 178  4.3 2  5.2  28  721  127 308 -470  2
4218500 2850500  5 14 14  24.8 1001 216  4.2 3  5.1  26  640  154 319 -476  2
4218500 2850500  5 14 15  24.8 1001 225  4.2 3  5.0  26  500  190 325 -480  2
4218500 2850500  5 14 16  25.1 1001 263  2.0 4  5.1  26  376  188 331 -474  2
4218500 2850500  5 14 17  24.6 1000 274  1.9 4  5.3  27  196  192 334 -463  2
4218500 2850500  5 14 18  24.3 1000 317  1.6 5  5.3  28   78  145 338 -456  2
4218500 2850500  5 14 19  23.7 1000 271  1.5 6  5.3  28    6   66 345 -444  2
4218500 2850500  5 14 20  22.2 1000 247  1.4 5  5.4  31    0   15 345 -429  2
4218500 2850500  5 14 21  20.2 1000 173  1.0 5  6.1  38    0    0 339 -415  2
4218500 2850500  5 14 22  17.9 1000 359  0.8 4  6.7  48    0    0 328 -405  2
4218500 2850500  5 14 23  16.5 1000  37  1.0 4  6.9  55    0    0 317 -398  2
4218500 2850500  5 14 24  15.7 1000 172  1.1 4  7.1  62    0    0 314 -393  2
4218500 2850500  5 15  1  14.8 1000 209  2.5 4  7.4  67    0    0 312 -389  2
4218500 2850500  5 15  2  14.8 1000 148  0.6 5  7.6  72    0    0 315 -385  2
4218500 2850500  5 15  3  14.8 1000 159  1.1 6  7.7  72    0    0 324 -382  2
4218500 2850500  5 15  4  14.6  999 173  2.6 7  7.6  72    0    0 333 -379  2
4218500 2850500  5 15  5  14.8  999 192  2.0 7  7.8  73    0    9 337 -376  2
4218500 2850500  5 15  6  15.4 1000 247  2.4 7  8.0  74    0   20 339 -376  2
4218500 2850500  5 15  7  15.8 1000 265  2.8 6  8.6  76    0   53 335 -382  2
4218500 2850500  5 15  8  17.2 1000 250  2.4 7  9.0  75    0   58 338 -396  2
4218500 2850500  5 15  9  17.1 1000 193  2.5 6  9.2  74    0  158 341 -414  2
4218500 2850500  5 15 10  17.9 1001 215  2.5 5  9.7  76  193  322 334 -428  2
4218500 2850500  5 15 11  21.1 1001 259  3.0 6  9.7  68  293  346 343 -426  2
4218500 2850500  5 15 12  21.8 1001 110  2.2 6  9.4  58  170  393 356 -419  2
4218500 2850500  5 15 13  21.5 1000 237  2.9 6  9.2  56   75  361 358 -423  2
4218500 2850500  5 15 14  20.8 1000 259  4.1 6  9.5  60    9  265 359 -433  2
4218500 2850500  5 15 15  19.4 1000 240  3.0 6 10.1  67   18  262 357 -440  2
4218500 2850500  5 15 16  20.4 1000 220  3.0 6 10.3  70   68  271 357 -441  2
4218500 2850500  5 15 17  20.9 1000 259  4.1 6 10.0  65   55  220 357 -429  2
4218500 2850500  5 15 18  20.2 1000 219  3.6 4  9.3  60   56  154 346 -414  2
4218500 2850500  5 15 19  19.4 1000 232  3.0 5  8.8  60   42   80 338 -410  2
4218500 2850500  5 15 20  16.9 1000 344  2.8 7  8.9  67    1   19 344 -405  2
4218500 2850500  5 15 21  15.2 1001 358  2.2 7  8.8  76    0    0 347 -399  2
4218500 2850500  5 15 22  14.8 1002  31  1.8 7  8.9  82    0    0 346 -396  2
4218500 2850500  5 15 23  14.7 1002 104  1.5 7  9.2  86    0    0 348 -395  2
4218500 2850500  5 15 24  14.6 1002 105  1.5 6  9.3  88    0    0 344 -394  2
4218500 2850500  5 16  1  14.4 1002  77  1.8 7  9.3  89    0    0 344 -391  2
4218500 2850500  5 16  2  14.1 1002  85  1.6 7  9.3  91    0    0 351 -390  2
4218500 2850500  5 16  3  14.4 1002 258  0.7 7  9.4  91    0    0 353 -390  2
4218500 2850500  5 16  4  14.1 1002 341  1.9 8  9.4  91    0    0 360 -388  2
4218500 2850500  5 16  5  14.4 1002 217  2.6 8  9.3  90    3   10 365 -386  2
4218500 2850500  5 16  6  14.5 1002 202  2.4 8  9.3  90    0   26 367 -386  2
4218500 2850500  5 16  7  14.8 1003 217  2.7 6  9.1  86    9  100 357 -389  2
4218500 2850500  5 16  8  16.0 1003 205  3.8 2  8.9  80  291  107 330 -396  2
4218500 2850500  5 16  9  17.9 1003 212  4.0 2  8.8  72  438  115 315 -407  2
4218500 2850500  5 16 10  19.3 1003 207  4.3 2  8.5  63  599  101 321 -417  2
4218500 2850500  5 16 11  20.4 1003 232  5.5 3  8.3  56  381  288 331 -421  2
4218500 2850500  5 16 12  21.2 1003 227  5.9 5  7.6  49  111  366 348 -426  2
4218500 2850500  5 16 13  22.0 1003 219  6.9 5  7.2  44  255  366 359 -429  2
4218500 2850500  5 16 14  22.2 1003 211  7.7 4  7.1  42  419  284 356 -423  2
4218500 2850500  5 16 15  22.3 1003 223  8.6 4  6.9  41  225  316 352 -422  2
4218500 2850500  5 16 16  22.7 1003 197  5.8 4  6.6  38  247  251 349 -426  2
4218500 2850500  5 16 17  22.2 1002 237  6.4 4  6.2  36  277  155 344 -426  2
4218500 2850500  5 16 18  21.7 1002 225  6.6 5  6.0  36  134  132 343 -419  2
4218500 2850500  5 16 19  20.9 1002 198  3.4 6  6.2  39   32   78 346 -412  2
4218500 2850500  5 16 20  20.1 1002 160  2.0 7  6.6  44    0    6 352 -404  2
4218500 2850500  5 16 21  16.8 1002 282  5.5 8  7.4  56    0    0 355 -395  2
4218500 2850500  5 16 22  15.6 1004 256  4.7 8  8.2  71    0    0 354 -390  2
4218500 2850500  5 16 23  14.7 1004 228  2.1 8  8.4  78    0    0 351 -388  2
4218500 2850500  5 16 24  14.1 1004 186  3.2 8  8.7  84    0    0 352 -386  2
4218500 2850500  5 17  1  13.8 1004 210  3.7 4  8.8  87    0    0 334 -385  2
4218500 2850500  5 17  2  13.6 1004 206  4.1 1  8.6  87    0    0 296 -382  2
4218500 2850500  5 17  3  13.2 1004 213  3.5 2  8.5  87    0    0 283 -379  2
4218500 2850500  5 17  4  13.3 1004 212  3.5 5  8.6  89    0    0 307 -379  2
4218500 2850500  5 17  5  13.2 1004 202  2.7 6  8.6  89    0    1 330 -379  2
4218500 2850500  5 17  6  13.6 1004 212  3.2 7  8.6  89    0   20 341 -379  2
4218500 2850500  5 17  7  14.3 1004 228  2.8 7  8.7  87    0   31 347 -379  2
4218500 2850500  5 17  8  14.7 1005 221  3.0 7  8.8  84    0   58 349 -382  2
4218500 2850500  5 17  9  14.7 1005 222  3.1 7  8.8  84    0   82 353 -389  2
4218500 2850500  5 17 10  14.7 1005 210  2.5 8  9.2  87    0  115 360 -404  2
4218500 2850500  5 17 11  14.7 1005 198  3.4 7  9.6  91    0  145 361 -422  2
4218500 2850500  5 17 12  15.1 1006 191  3.7 7  9.7  91    0  194 357 -433  2
4218500 2850500  5 17 13  14.6 1006 174  4.1 7  9.6  90    5  257 357 -438  2
4218500 2850500  5 17 14  15.5 1006 184  3.5 7  9.6  89   28  288 356 -444  2
4218500 2850500  5 17 15  16.7 1005 162  4.0 6  9.7  84  121  291 354 -448  2
4218500 2850500  5 17 16  17.4 1005 207  5.2 5  9.5  78  181  243 347 -450  2
4218500 2850500  5 17 17  17.9 1004 188  5.0 5  9.2  72  223  158 344 -448  2
4218500 2850500  5 17 18  18.3 1004 195  5.3 3  9.2  70  237   65 337 -440  2
4218500 2850500  5 17 19  17.4 1004 174  3.5 1  9.5  74  102   53 320 -430  2
4218500 2850500  5 17 20  16.7 1004 154  2.9 2  9.8  79   10   21 313 -417  2
4218500 2850500  5 17 21  15.5 1004 183  3.0 3  9.8  84    0    0 316 -405  2
4218500 2850500  5 17 22  14.5 1004 325  3.2 5  8.7  81    0    0 322 -397  2
4218500 2850500  5 17 23  14.0 1005 354  2.1 6  7.8  76    0    0 331 -391  2
4218500 2850500  5 17 24  12.9 1005   7  1.3 5  7.8  81    0    0 329 -388  2
4218500 2850500  5 18  1  12.1 1005 148  1.2 2  7.8  86    0    0 306 -386  2
4218500 2850500  5 18  2  11.3 1005 152  0.5 1  7.8  90    0    0 282 -381  2
4218500 2850500  5 18  3  11.8 1005 166  0.8 4  7.8  90    0    0 291 -375  2
4218500 2850500  5 18  4  11.9 1004 192  2.6 6  7.8  90    0    0 317 -371  2
4218500 2850500  5 18  5  12.0 1004 212  2.8 6  7.8  88    0    1 328 -365  2
4218500 2850500  5 18  6  12.2 1004 253  3.1 6  7.6  85   29   54 329 -361  2
4218500 2850500  5 18  7  13.5 1005 272  4.5 3  7.0  75  127  108 315 -364  2
4218500 2850500  5 18  8  14.7 1005 258  5.3 5  6.1  60  108  195 311 -373  2
4218500 2850500  5 18  9  15.1 1005 260  5.7 5  5.2  49  251  235 323 -383  2
4218500 2850500  5 18 10  16.4 1005 275  6.2 3  4.7  42  557  156 312 -394  2
4218500 2850500  5 18 11  16.0 1005 250  6.9 4  5.0  43  311  335 308 -401  2
4218500 2850500  5 18 12  17.0 1006 261  5.7 4  5.7  48  417  321 316 -401  2
4218500 2850500  5 18 13  16.2 1006 278  6.2 6  5.8  49  108  377 328 -403  2
4218500 2850500  5 18 14  16.2 1006 276  6.7 6  5.9  51   68  338 337 -405  2
4218500 2850500  5 18 15  15.6 1006 284  5.9 6  6.0  53   11  246 333 -404  2
4218500 2850500  5 18 16  15.5 1007 268  5.2 8  5.9  53    0   96 340 -405  2
4218500 2850500  5 18 17  15.2 1007 269  4.9 7  6.0  55    0   70 343 -402  2
4218500 2850500  5 18 18  13.8 1008 296  5.0 8  6.5  62    0   42 343 -398  2
4218500 2850500  5 18 19  13.6 1008 277  4.0 8  7.0  71    0   20 348 -393  2
4218500 2850500  5 18 20  13.1 1008 282  5.0 7  7.1  74    0    3 344 -386  2
4218500 2850500  5 18 21  12.7 1009 272  4.3 7  7.1  76    0    0 338 -379  2
4218500 2850500  5 18 22  12.5 1010 285  4.6 7  7.1  78    0    0 338 -375  2
4218500 2850500  5 18 23  11.4 1010 264  4.4 6  7.2  82    0    0 331 -371  2
4218500 2850500  5 18 24  11.4 1010 261  4.1 4  7.2  86    0    0 315 -366  2
4218500 2850500  5 19  1  11.0 1011 285  5.6 6  7.0  84    0    0 316 -363  2
4218500 2850500  5 19  2   9.5 1011 287  6.9 5  6.0  77    0    0 317 -360  2
4218500 2850500  5 19  3   8.5 1011 280  5.4 4  5.3  74    0    0 304 -358  2
4218500 2850500  5 19  4   7.9 1011 284  5.9 3  5.4  80    0    0 293 -357  2
4218500 2850500  5 19  5   7.6 1012 280  3.8 2  5.6  84    5   12 282 -357  2
4218500 2850500  5 19  6   8.6 1012 277  4.8 1  5.7  84   76   56 272 -357  2
4218500 2850500  5 19  7   9.7 1013 279  5.7 2  5.8  81  179   88 275 -359  2
4218500 2850500  5 19  8  11.2 1014 261  6.3 2  5.7  73  354   96 283 -361  2
4218500 2850500  5 19  9  12.6 1014 274  6.3 3  5.6  64  460  118 294 -363  2
4218500 2850500  5 19 10  13.5 1014 261  5.8 2  5.5  59  627  106 298 -368  2
4218500 2850500  5 19 11  14.3 1014 268  7.1 2  5.3  54  285  332 298 -376  2
4218500 2850500  5 19 12  14.6 1014 254  8.4 5  5.5  54   56  343 315 -380  2
4218500 2850500  5 19 13  15.8 1014 271  8.0 5  5.7  53  281  367 329 -388  2
4218500 2850500  5 19 14  14.6 1014 268  6.1 6  5.9  55   22  295 334 -404  2
4218500 2850500  5 19 15  14.9 1014 281  5.8 7  6.4  62    6  230 342 -412  2
4218500 2850500  5 19 16  16.2 1014 299  6.4 5  6.5  59  168  276 340 -411  2
4218500 2850500  5 19 17  15.6 1014 294  7.1 3  6.0  53  240  180 321 -408  2
4218500 2850500  5 19 18  15.6 1014 308  7.0 2  5.4  49  140  135 305 -401  2
4218500 2850500  5 19 19  14.1 1014 312  5.6 1  5.1  48   68   78 291 -392  2
4218500 2850500  5 19 20  12.6 1015 296  5.2 1  4.9  51    8   23 281 -380  2
4218500 2850500  5 19 21  11.4 1016 300  4.3 1  4.7  54    0    0 275 -370  2
4218500 2850500  5 19 22  10.7 1017 297  3.6 0  4.8  59    0    0 267 -363  2
4218500 2850500  5 19 23   9.6 1016 287  3.2 0  4.9  64    0    0 260 -358  2
4218500 2850500  5 19 24   8.5 1017 276  2.9 0  4.9  69    0    0 256 -353  2
4218500 2850500  5 20  1   6.8 1017 288  3.7 0  4.8  74    0    0 252 -349  2
4218500 2850500  5 20  2   4.8 1017 276  3.1 0  4.7  82    0    0 247 -344  2
4218500 2850500  5 20  3   5.3 1018 274  3.1 0  4.7  86    0    0 244 -341  2
4218500 2850500  5 20  4   4.7 1018 285  3.4 1  4.8  88    0    0 247 -338  2
4218500 2850500  5 20  5   5.4 1018 275  2.7 1  4.8  89    4   11 251 -337  2
4218500 2850500  5 20  6   6.9 1018 274  3.1 2  5.1  87   76   54 258 -337  2
4218500 2850500  5 20  7   9.3 1019 302  3.9 3  5.5  82  159   92 271 -343  2
4218500 2850500  5 20  8  10.8 1019 301  4.0 4  5.6  74  295  113 284 -355  2
4218500 2850500  5 20  9  11.6 1019 295  4.8 4  5.6  68  320  188 293 -371  2
4218500 2850500  5 20 10  12.5 1020 281  4.9 4  5.5  63  310  265 296 -387  2
4218500 2850500  5 20 11  13.5 1020 275  4.6 4  5.5  59  386  284 297 -401  2
4218500 2850500  5 20 12  14.6 1020 270  4.6 3  5.5  56  579  214 297 -413  2
4218500 2850500  5 20 13  15.4 1020 280  4.3 2  5.5  52  695  149 294 -422  2
4218500 2850500  5 20 14  16.5 1020 315  4.7 2  5.6  50  687  130 294 -428  2
4218500 2850500  5 20 15  17.6 1019 272  4.3 1  5.7  47  600  133 295 -429  2
4218500 2850500  5 20 16  17.4 1019 314  5.1 1  5.5  45  482  131 292 -427  2
4218500 2850500  5 20 17  16.8 1019 306  5.0 1  5.5  46  344  122 289 -422  2
4218500 2850500  5 20 18  16.5 1018 314  5.0 1  5.6  48  197  108 287 -414  2
4218500 2850500  5 20 19  15.2 1018 350  4.3 2  5.6  50   76   74 288 -405  2
4218500 2850500  5 20 20  14.0 1019 334  3.4 3  5.5  54   10   24 290 -396  2
4218500 2850500  5 20 21  13.1 1019 329  2.9 5  5.4  56    0    0 293 -387  2
4218500 2850500  5 20 22  11.3 1019 311  2.6 2  5.3  61    0    0 284 -378  2
4218500 2850500  5 20 23  10.1 1018 288  2.4 2  5.4  68    0    0 270 -370  2
4218500 2850500  5 20 24   9.4 1018 266  2.3 2  5.6  74    0    0 267 -364  2
4218500 2850500  5 21  1   8.6 1019 293  2.8 1  5.6  78    0    0 262 -361  2
4218500 2850500  5 21  2   6.9 1019 276  2.3 1  5.5  84    0    0 254 -357  2
4218500 2850500  5 21  3   8.0 1019 285  2.2 1  5.5  85    0    0 252 -354  2
4218500 2850500  5 21  4   6.9 1018 301  3.2 3  5.6  87    0    0 258 -353  2
4218500 2850500  5 21  5   7.5 1018 300  2.3 4  5.6  90    0    5 267 -351  2
4218500 2850500  5 21  6   8.4 1018 312  3.0 6  6.0  90    3   46 280 -353  2
4218500 2850500  5 21  7   9.8 1018 319  2.5 7  6.4  89   25  120 295 -360  2
4218500 2850500  5 21  8  11.2 1018 327  3.0 6  6.3  80  144  189 298 -371  2
4218500 2850500  5 21  9  12.2 1019 331  3.3 5  6.0  71  234  251 294 -385  2
4218500 2850500  5 21 10  13.2 1019 295  3.5 5  5.9  65  341  281 294 -399  2
4218500 2850500  5 21 11  13.7 1019 330  2.9 5  5.9  62  469  278 298 -413  2
4218500 2850500  5 21 12  15.0 1019 289  3.5 5  5.7  56  340  367 303 -424  2
4218500 2850500  5 21 13  15.6 1019 291  2.7 5  5.4  50  285  387 307 -430  2
4218500 2850500  5 21 14  16.4 1018 299  4.1 5  5.5  49  333  353 312 -435  2
4218500 2850500  5 21 15  17.0 1018 291  3.9 4  5.8  49  365  297 313 -435  2
4218500 2850500  5 21 16  16.9 1017 348  4.3 4  5.7  47  325  245 310 -431  2
4218500 2850500  5 21 17  16.2 1017  15  3.9 5  5.4  46  175  222 312 -425  2
4218500 2850500  5 21 18  16.2 1016  13  3.6 5  5.2  46   97  159 314 -415  2
4218500 2850500  5 21 19  15.5 1016  17  3.1 6  5.2  46   20   86 315 -404  2
4218500 2850500  5 21 20  14.7 1016 360  2.6 6  5.3  50    0   16 313 -392  2
4218500 2850500  5 21 21  12.9 1016  29  2.0 5  5.5  56    0    0 302 -382  2
4218500 2850500  5 21 22  12.2 1017  30  2.0 5  5.7  63    0    0 293 -373  2
4218500 2850500  5 21 23  12.1 1017  31  1.6 5  5.9  67    0    0 292 -366  2
4218500 2850500  5 21 24  11.2 1017   1  2.1 5  5.8  68    0    0 289 -360  2
4218500 2850500  5 22  1  10.3 1017  26  2.2 6  5.9  74    0    0 290 -356  2
4218500 2850500  5 22  2   9.9 1016  30  1.7 7  6.0  79    0    0 293 -353  2
4218500 2850500  5 22  3  10.1 1016  27  1.1 8  6.0  79    0    0 298 -350  2
4218500 2850500  5 22  4   9.8 1016  54  1.8 8  6.0  79    0    0 300 -348  2
4218500 2850500  5 22  5   9.6 1016  41  1.4 7  6.0  80    0    2 298 -348  2
4218500 2850500  5 22  6  10.9 1016   6  1.3 7  6.2  80    0   23 296 -349  2
4218500 2850500  5 22  7  11.6 1017  38  2.2 7  6.2  75   50  107 298 -357  2
4218500 2850500  5 22  8  13.4 1017  43  2.8 5  6.2  69  109  170 294 -370  2
4218500 2850500  5 22  9  13.8 1018  34  2.5 5  6.2  64   48  229 292 -387  2
4218500 2850500  5 22 10  14.5 1018  58  2.4 6  6.0  60   93  283 298 -405  2
4218500 2850500  5 22 11  15.7 1018   2  2.3 6  5.9  56  152  316 306 -421  2
4218500 2850500  5 22 12  15.8 1018 315  2.3 5  5.6  51   83  328 308 -434  2
4218500 2850500  5 22 13  16.5 1018  77  2.7 4  5.3  47  236  318 306 -438  2
4218500 2850500  5 22 14  17.6 1018 333  2.6 3  5.0  42  369  255 305 -438  2
4218500 2850500  5 22 15  18.0 1018  80  2.1 3  4.8  38  348  228 304 -438  2
4218500 2850500  5 22 16  18.5 1018 316  2.6 3  5.0  38  440  114 308 -439  2
4218500 2850500  5 22 17  18.5 1017  52  2.9 2  4.9  37  355   83 308 -437  2
4218500 2850500  5 22 18  17.7 1017  35  2.1 1  4.7  37  253   58 300 -427  2
4218500 2850500  5 22 19  17.0 1017  72  2.5 0  4.9  40  114   47 290 -417  2
4218500 2850500  5 22 20  15.8 1018  74  2.1 1  5.0  44   12   23 289 -409  2
4218500 2850500  5 22 21  14.6 1018  70  1.8 1  5.0  47    0    0 290 -396  2
4218500 2850500  5 22 22  12.7 1019  83  2.2 0  5.0  52    0    0 281 -386  2
4218500 2850500  5 22 23  11.1 1019  58  3.2 0  5.1  59    0    0 271 -379  2
4218500 2850500  5 22 24  10.6 1019  62  2.5 0  5.1  64    0    0 269 -373  2
4218500 2850500  5 23  1   9.6 1019  76  2.4 0  5.1  67    0    0 267 -368  2
4218500 2850500  5 23  2   8.6 1019  50  1.6 0  5.1  71    0    0 263 -364  2
4218500 2850500  5 23  3   8.3 1019  72  1.4 0  5.1  74    0    0 260 -361  2
4218500 2850500  5 23  4   8.4 1019  81  2.3 0  5.1  75    0    0 259 -358  2
4218500 2850500  5 23  5   8.2 1019  84  1.5 1  5.2  77    9   15 263 -357  2
4218500 2850500  5 23  6  10.7 1019  82  1.2 1  5.6  77   99   50 270 -360  2
4218500 2850500  5 23  7  12.9 1021 145  1.5 0  6.0  70   94  101 270 -368  2
4218500 2850500  5 23  8  15.2 1021 200  1.5 0  5.9  60  232  128 269 -384  2
4218500 2850500  5 23  9  17.3 1021 248  1.8 0  5.6  49  541   66 275 -405  2
4218500 2850500  5 23 10  18.9 1021 262  2.2 1  5.4  42  672   63 286 -425  2
4218500 2850500  5 23 11  19.7 1021 221  2.1 1  5.2  38  754   69 296 -443  2
4218500 2850500  5 23 12  20.3 1021 158  2.4 1  5.1  35  794   75 300 -457  2
4218500 2850500  5 23 13  21.4 1021 341  1.9 1  5.2  34  806   73 305 -468  2
4218500 2850500  5 23 14  21.6 1020 193  1.6 1  5.2  33  749   86 308 -475  2
4218500 2850500  5 23 15  22.1 1020 297  1.8 0  5.1  32  648   98 305 -477  2
4218500 2850500  5 23 16  22.4 1019 222  2.4 0  5.0  30  521  104 303 -474  2
4218500 2850500  5 23 17  22.5 1019 272  1.1 0  4.9  29  366  107 304 -468  2
4218500 2850500  5 23 18  21.9 1019 185  1.8 0  4.9  30  221   96 302 -458  2
4218500 2850500  5 23 19  21.6 1018 236  1.1 0  4.9  30   95   70 299 -445  2
4218500 2850500  5 23 20  20.4 1018 335  0.9 1  4.9  32   11   26 300 -430  2
4218500 2850500  5 23 21  16.5 1018  34  2.1 1  5.5  42    0    0 296 -415  2
4218500 2850500  5 23 22  15.0 1018  75  2.4 1  6.1  55    0    0 288 -403  2
4218500 2850500  5 23 23  14.2 1018  58  2.0 0  6.2  60    0    0 282 -395  2
4218500 2850500  5 23 24  13.4 1019  68  2.1 0  6.2  63    0    0 276 -390  2
4218500 2850500  5 24  1  12.0 1018  79  2.4 0  5.9  65    0    0 272 -385  2
4218500 2850500  5 24  2  11.7 1018  63  1.6 0  5.8  67    0    0 269 -382  2
4218500 2850500  5 24  3  11.8 1018  53  1.2 0  5.8  67    0    0 269 -378  2
4218500 2850500  5 24  4  10.7 1018  55  1.9 0  5.7  69    0    0 269 -375  2
4218500 2850500  5 24  5  11.6 1017  24  0.8 1  5.8  70   10   15 270 -372  2
4218500 2850500  5 24  6  13.9 1017  68  1.0 1  6.1  67   88   55 278 -374  2
4218500 2850500  5 24  7  15.6 1017  81  2.2 0  6.5  62  208   83 279 -382  2
4218500 2850500  5 24  8  18.0 1017  75  1.7 0  6.5  55  361   91 281 -398  2
4218500 2850500  5 24  9  19.7 1017  48  2.0 0  6.3  47  503   99 288 -418  2
4218500 2850500  5 24 10  21.2 1017  15  2.0 0  5.9  39  629  101 294 -439  2
4218500 2850500  5 24 11  22.3 1016  32  2.4 0  5.7  35  712  110 301 -458  2
4218500 2850500  5 24 12  23.0 1016 354  2.5 0  5.8  34  762  112 307 -474  2
4218500 2850500  5 24 13  24.1 1015 331  3.0 0  5.9  33  765  115 313 -487  2
4218500 2850500  5 24 14  24.1 1015 316  4.0 0  6.0  32  698  133 318 -495  2
4218500 2850500  5 24 15  24.1 1014 319  3.5 0  6.1  33  609  136 321 -499  2
4218500 2850500  5 24 16  24.2 1014 256  3.9 0  6.1  32  497  131 321 -496  2
4218500 2850500  5 24 17  23.8 1013 311  3.7 0  5.7  31  352  126 320 -489  2
4218500 2850500  5 24 18  23.3 1013 311  3.7 0  5.7  32  207  110 317 -477  2
4218500 2850500  5 24 19  22.7 1013 352  3.3 0  6.1  35   83   79 316 -462  2
4218500 2850500  5 24 20  19.9 1013  12  3.6 1  6.5  41    9   27 314 -443  2
4218500 2850500  5 24 21  18.8 1013 355  3.6 1  6.7  48    0    0 310 -425  2
4218500 2850500  5 24 22  16.7 1013  24  3.6 0  6.6  52    0    0 302 -415  2
4218500 2850500  5 24 23  15.4 1014  18  2.4 0  6.6  58    0    0 294 -411  2
4218500 2850500  5 24 24  13.9 1014   9  1.9 0  6.5  62    0    0 289 -405  2
4218500 2850500  5 25  1  12.3 1014 356  2.2 1  6.5  69    0    0 287 -399  2
4218500 2850500  5 25  2  11.3 1014 346  1.9 1  6.8  79    0    0 287 -393  2
4218500 2850500  5 25  3  10.6 1014 341  1.9 1  7.0  85    0    0 283 -389  2
4218500 2850500  5 25  4   9.6 1014 344  2.3 2  6.8  89    0    0 283 -385  2
4218500 2850500  5 25  5   9.3 1013 307  1.5 1  6.7  91    9   15 279 -382  2
4218500 2850500  5 25  6  11.4 1014 307  2.2 1  6.9  88   82   59 277 -382  2
4218500 2850500  5 25  7  12.9 1014 328  2.6 0  7.1  81  208   87 276 -388  2
4218500 2850500  5 25  8  14.5 1014 331  2.3 0  7.2  74  359   96 276 -401  2
4218500 2850500  5 25  9  16.3 1014 345  2.4 1  7.2  66  413  148 284 -417  2
4218500 2850500  5 25 10  17.6 1014 343  2.8 2  7.1  59  584  127 297 -432  2
4218500 2850500  5 25 11  19.1 1014  11  2.8 2  6.8  52  680  130 306 -448  2
4218500 2850500  5 25 12  20.2 1014 350  3.0 2  6.2  43  718  140 310 -461  2
4218500 2850500  5 25 13  20.9 1014 344  3.0 2  5.3  35  756  124 312 -468  2
4218500 2850500  5 25 14  21.9 1014 340  3.4 1  4.5  29  701  134 310 -471  2
4218500 2850500  5 25 15  21.9 1014 357  3.5 2  3.9  24  617  134 309 -471  2
4218500 2850500  5 25 16  22.1 1014 328  3.3 2  3.7  23  497  134 312 -466  2
4218500 2850500  5 25 17  21.9 1014   7  3.5 2  3.8  23  357  127 311 -454  2
4218500 2850500  5 25 18  21.3 1014 356  3.7 1  3.9  24  216  109 305 -439  2
4218500 2850500  5 25 19  19.2 1014  49  3.7 1  4.5  31   93   78 299 -423  2
4218500 2850500  5 25 20  17.2 1014  56  3.9 3  5.0  39   12   29 302 -407  2
4218500 2850500  5 25 21  15.7 1015  52  3.0 5  4.9  42    0    0 315 -394  2
4218500 2850500  5 25 22  14.5 1016  48  3.9 3  5.0  47    0    0 311 -384  2
4218500 2850500  5 25 23  13.8 1016  56  3.0 3  5.3  53    0    0 299 -376  2
4218500 2850500  5 25 24  12.3 1016  78  2.6 3  5.2  56    0    0 293 -371  2
4218500 2850500  5 26  1  10.9 1017  84  2.7 2  5.1  60    0    0 283 -366  2
4218500 2850500  5 26  2   9.9 1016  78  2.2 1  5.0  64    0    0 269 -362  2
4218500 2850500  5 26  3   9.8 1016  94  2.3 2  4.9  65    0    0 266 -357  2
4218500 2850500  5 26  4   9.0 1016 114  2.5 2  4.9  67    0    0 268 -352  2
4218500 2850500  5 26  5  10.2 1016 104  2.7 3  4.9  66   10   15 271 -349  2
4218500 2850500  5 26  6  11.2 1017 110  3.2 6  4.8  60   53   61 288 -349  2
4218500 2850500  5 26  7  12.5 1017 135  4.0 5  4.5  52  153  106 296 -356  2
4218500 2850500  5 26  8  14.4 1017 129  3.4 4  4.5  48  262  137 291 -369  2
4218500 2850500  5 26  9  15.7 1017 118  2.1 4  5.0  47  279  226 291 -385  2
4218500 2850500  5 26 10  17.7 1017 145  2.0 5  5.2  44  472  201 298 -401  2
4218500 2850500  5 26 11  19.5 1016 133  1.7 5  5.4  41  532  227 308 -417  2
4218500 2850500  5 26 12  20.6 1016 156  2.4 5  5.3  37  611  215 312 -431  2
4218500 2850500  5 26 13  22.4 1015 254  2.5 5  5.2  33  600  228 317 -441  2
4218500 2850500  5 26 14  22.4 1015  33  3.0 6  5.2  31  417  305 322 -445  2
4218500 2850500  5 26 15  23.3 1014 184  2.9 6  5.3  30  246  330 325 -447  2
4218500 2850500  5 26 16  23.2 1013 217  1.9 6  5.1  29  175  287 324 -446  2
4218500 2850500  5 26 17  23.5 1013 246  2.9 7  5.0  28   68  226 325 -440  2
4218500 2850500  5 26 18  23.3 1013 257  2.7 8  5.0  28   16  144 330 -432  2
4218500 2850500  5 26 19  22.6 1012 348  1.0 7  5.0  28   10   84 328 -421  2
4218500 2850500  5 26 20  22.4 1012 214  1.5 7  5.1  30    0   10 325 -407  2
4218500 2850500  5 26 21  20.8 1012 195  2.0 6  5.5  34    0    0 321 -393  2
4218500 2850500  5 26 22  19.9 1012 244  2.7 6  5.9  40    0    0 318 -383  2
4218500 2850500  5 26 23  18.8 1012 261  2.1 6  6.0  42    0    0 316 -377  2
4218500 2850500  5 26 24  18.5 1012 268  2.8 4  5.9  44    0    0 309 -373  2
4218500 2850500  5 27  1  16.8 1012 276  2.5 3  5.9  47    0    0 301 -370  2
4218500 2850500  5 27  2  15.3 1012 241  1.1 2  6.0  53    0    0 300 -368  2
4218500 2850500  5 27  3  14.0 1012 227  1.4 2  6.3  60    0    0 305 -367  2
4218500 2850500  5 27  4  12.5 1012 216  2.5 2  6.4  67    0    0 309 -367  2
4218500 2850500  5 27  5  13.3 1012 242  2.0 2  6.4  69    1   12 314 -368  2
4218500 2850500  5 27  6  14.6 1012 272  4.3 5  6.6  66   20   61 321 -371  2
4218500 2850500  5 27  7  15.5 1013 294  4.7 6  6.8  64   26  125 326 -379  2
4218500 2850500  5 27  8  16.2 1013 280  4.8 7  7.0  62   14  181 331 -393  2
4218500 2850500  5 27  9  17.6 1013 282  5.9 7  7.0  58  123  282 337 -407  2
4218500 2850500  5 27 10  19.9 1014 287  5.6 4  7.0  52  512  190 340 -415  2
4218500 2850500  5 27 11  21.3 1013 279  5.5 3  7.3  48  627  187 337 -427  2
4218500 2850500  5 27 12  22.3 1013 283  6.5 4  7.7  47  608  232 341 -440  2
4218500 2850500  5 27 13  22.7 1013 280  6.5 5  8.0  47  429  337 351 -441  2
4218500 2850500  5 27 14  22.8 1013 276  6.4 5  8.1  47  175  392 356 -436  2
4218500 2850500  5 27 15  23.3 1013 292  6.8 7  7.9  45  108  348 367 -432  2
4218500 2850500  5 27 16  23.3 1012 300  5.6 7  7.9  44  137  300 380 -434  2
4218500 2850500  5 27 17  22.5 1012 284  6.2 7  8.1  46   57  228 382 -433  2
4218500 2850500  5 27 18  21.8 1012 295  5.5 7  8.0  48    0   82 382 -429  2
4218500 2850500  5 27 19  21.0 1012 303  4.7 8  8.0  50    0   40 385 -425  2
4218500 2850500  5 27 20  19.9 1012 286  4.7 8  8.5  57    0   11 385 -420  2
4218500 2850500  5 27 21  18.8 1013 278  4.6 8  9.0  65    0    0 384 -414  2
4218500 2850500  5 27 22  17.9 1013 268  4.5 8  9.5  73    0    0 387 -410  2
4218500 2850500  5 27 23  17.0 1013 258  4.1 7 10.1  81    0    0 386 -406  2
4218500 2850500  5 27 24  16.3 1013 248  3.5 6 10.4  88    0    0 385 -404  2
4218500 2850500  5 28  1  15.6  992 244  2.9 5 10.5  93    0    0 346 -403  2
4218500 2850500  5 28  2  15.0  992 250  2.4 5 10.5  96    0    0 334 -401  2
4218500 2850500  5 28  3  14.5  992 267  2.0 4 10.5  98    0    0 325 -395  2
4218500 2850500  5 28  4  14.5  991 239  2.0 5 10.4  98    0    0 330 -389  2
4218500 2850500  5 28  5  14.9  991 176  2.1 5 10.6  98    0   14 346 -385  2
4218500 2850500  5 28  6  15.3  992   6  2.2 7 10.7  98    0   29 357 -381  2
4218500 2850500  5 28  7  15.6  992   0  2.3 6 10.8  96    4   97 357 -382  2
4218500 2850500  5 28  8  16.1  992   9  2.3 6 10.7  93    9  167 353 -388  2
4218500 2850500  5 28  9  16.3  992 359  2.2 6 10.6  90   11  226 354 -396  2
4218500 2850500  5 28 10  17.0  992  19  2.8 7 10.8  89   23  290 361 -406  2
4218500 2850500  5 28 11  17.8  992 353  2.9 7 11.0  86   41  338 369 -417  2
4218500 2850500  5 28 12  19.4  991 353  3.1 6 11.0  80  125  391 370 -429  2
4218500 2850500  5 28 13  20.5  991  11  2.2 6 11.4  76   15  303 371 -442  2
4218500 2850500  5 28 14  20.5  991 314  3.0 5 11.7  75   46  334 368 -450  2
4218500 2850500  5 28 15  23.1  990 284  2.0 4 11.9  71  191  336 365 -454  2
4218500 2850500  5 28 16  23.6  990 324  1.5 6 12.1  65   34  246 373 -455  2
4218500 2850500  5 28 17  23.7  989 309  2.5 4 12.1  64  162  221 372 -448  2
4218500 2850500  5 28 18  23.3  989 300  2.4 5 12.2  65   26  146 367 -437  2
4218500 2850500  5 28 19  21.5  989 303  3.1 5 12.3  70   31   92 365 -425  2
4218500 2850500  5 28 20  20.3  990 314  3.3 6 12.6  79    0   14 365 -413  2
4218500 2850500  5 28 21  19.5  990 324  3.3 6 13.0  87    0    0 368 -404  2
4218500 2850500  5 28 22  18.9  990 314  3.1 8 13.2  92    0    0 378 -397  2
4218500 2850500  5 28 23  18.4  990 316  3.6 8 13.3  96    0    0 389 -394  2
4218500 2850500  5 28 24  18.2  990 347  3.9 8 13.2  97    0    0 388 -391  2
4218500 2850500  5 29  1  18.0  989 313  2.3 8 13.0  97    0    0 386 -388  2
4218500 2850500  5 29  2  17.2  990  14  2.8 8 12.7  98    0    0 384 -386  2
4218500 2850500  5 29  3  16.6  990 318  3.1 8 12.2  98    0    0 381 -385  2
4218500 2850500  5 29  4  16.5  988  22  4.0 7 11.8  98    0    0 374 -385  2
4218500 2850500  5 29  5  16.3  989  22  3.2 7 11.7  98    0    4 370 -385  2
4218500 2850500  5 29  6  17.0  989  37  3.6 7 12.1  99    2   45 371 -388  2
4218500 2850500  5 29  7  18.7  989  38  3.1 5 12.8  97   68  129 365 -394  2
4218500 2850500  5 29  8  19.7  989  57  3.2 5 12.9  90  200  175 358 -406  2
4218500 2850500  5 29  9  20.9  990  57  3.2 4 12.5  82  340  198 355 -422  2
4218500 2850500  5 29 10  22.6  990  56  2.4 2 12.2  73  576  146 346 -443  2
4218500 2850500  5 29 11  23.8  990  75  2.4 2 12.2  66  408  296 343 -464  2
4218500 2850500  5 29 12  24.0  990  96  1.7 3 12.3  64  294  373 350 -479  2
4218500 2850500  5 29 13  25.1  990  59  2.0 4 12.3  62  194  394 362 -476  2
4218500 2850500  5 29 14  25.3  989  46  1.8 5 12.1  59   37  323 373 -468  2
4218500 2850500  5 29 15  21.7  989 125  4.9 7 12.2  65    0   68 380 -479  2
4218500 2850500  5 29 16  18.7  990 202  6.3 6 12.7  83   96  274 374 -487  2
4218500 2850500  5 29 17  19.8  991 199  6.2 4 12.5  87  310  159 358 -465  2
4218500 2850500  5 29 18  19.7  992 212  5.2 3 11.6  79  138  148 344 -440  2
4218500 2850500  5 29 19  18.8  993 228  4.7 3 11.4  79   63   89 337 -429  2
4218500 2850500  5 29 20  16.9  994 240  4.5 5 11.1  85    8   29 341 -413  2
4218500 2850500  5 29 21  14.8  995 248  5.4 7 10.4  90    0    0 349 -396  2
4218500 2850500  5 29 22  13.9  996 261  5.6 8  9.6  92    0    0 356 -385  2
4218500 2850500  5 29 23  13.3  997 269  5.4 8  9.2  93    0    0 358 -380  2
4218500 2850500  5 29 24  12.6  998 282  6.8 8  8.9  93    0    0 357 -378  2
4218500 2850500  5 30  1  11.6  999 281  7.1 8  8.3  93    0    0 353 -375  2
4218500 2850500  5 30  2  11.2 1000 282  6.4 8  7.9  92    0    0 349 -372  2
4218500 2850500  5 30  3  10.9 1001 283  6.0 7  7.7  92    0    0 343 -370  2
4218500 2850500  5 30  4  10.4 1002 272  5.7 7  7.6  94    0    0 337 -369  2
4218500 2850500  5 30  5  10.1 1003 280  6.0 7  7.5  96    0   10 334 -367  2
4218500 2850500  5 30  6  10.0 1004 273  5.3 8  7.4  96    0   15 339 -366  2
4218500 2850500  5 30  7  10.3 1005 274  5.3 8  7.3  94    0   53 343 -366  2
4218500 2850500  5 30  8  10.6 1006 272  5.6 8  7.1  89    0  112 344 -370  2
4218500 2850500  5 30  9  11.0 1006 280  6.2 8  6.9  85    0  164 347 -380  2
4218500 2850500  5 30 10  12.0 1007 277  5.5 7  6.8  80   10  248 344 -392  2
4218500 2850500  5 30 11  13.4 1008 284  5.1 6  6.9  75  146  319 335 -406  2
4218500 2850500  5 30 12  14.2 1008 309  3.8 5  6.7  67  253  314 328 -419  2
4218500 2850500  5 30 13  15.2 1008 302  4.3 4  6.3  60  302  298 321 -424  2
4218500 2850500  5 30 14  16.5 1008 242  3.7 4  6.1  54  369  248 318 -422  2
4218500 2850500  5 30 15  17.0 1008 317  3.9 5  6.1  51  227  262 325 -428  2
4218500 2850500  5 30 16  17.1 1009 347  2.5 5  6.1  50  189  220 331 -435  2
4218500 2850500  5 30 17  16.1 1009 295  3.0 7  6.0  50   77  188 339 -434  2
4218500 2850500  5 30 18  16.3 1009 295  2.4 5  5.8  51  173   99 337 -429  2
4218500 2850500  5 30 19  16.5 1009 292  1.5 3  5.8  50  137   42 317 -419  2
4218500 2850500  5 30 20  15.3 1009 282  1.2 4  6.0  53   10   24 310 -407  2
4218500 2850500  5 30 21  13.1 1009  17  0.4 5  6.3  62    0    0 315 -392  2
4218500 2850500  5 30 22  11.6 1010  62  1.4 4  6.4  72    0    0 308 -380  2
4218500 2850500  5 30 23  11.1 1010 158  2.0 3  6.7  79    0    0 294 -372  2
4218500 2850500  5 30 24  11.2 1010 121  1.9 2  6.8  83    0    0 284 -367  2
4218500 2850500  5 31  1  10.7 1010 110  1.9 2  6.9  84    0    0 277 -364  2
4218500 2850500  5 31  2   9.5 1010 138  1.7 2  6.9  89    0    0 273 -363  2
4218500 2850500  5 31  3   9.1 1010 118  2.0 1  6.8  93    0    0 262 -362  2
4218500 2850500  5 31  4   8.9 1010 123  1.9 1  6.8  94    0    0 253 -360  2
4218500 2850500  5 31  5   8.7 1010 140  1.3 1  6.8  96   12   20 251 -358  2
4218500 2850500  5 31  6  10.9 1010 155  1.2 1  7.1  94  108   57 252 -360  2
4218500 2850500  5 31  7  13.1 1010 151  1.0 0  7.2  82  262   71 249 -369  2
4218500 2850500  5 31  8  15.4 1010 138  1.6 0  6.5  64  437   67 245 -385  2
4218500 2850500  5 31  9  17.1 1010 185  2.0 0  6.1  53  575   78 255 -403  2
4218500 2850500  5 31 10  17.8 1010 133  2.5 2  6.2  50  384  247 277 -421  2
4218500 2850500  5 31 11  17.9 1010 130  2.5 5  6.2  48  114  366 311 -437  2
4218500 2850500  5 31 12  18.1 1010 119  2.3 7  6.0  46   19  308 339 -451  2
4218500 2850500  5 31 13  17.9 1010 178  3.1 6  6.2  48   47  347 346 -463  2
4218500 2850500  5 31 14  18.7 1010 107  2.3 6  6.4  49  166  366 343 -469  2
4218500 2850500  5 31 15  18.8 1010 133  3.2 6  6.5  48   96  319 345 -469  2
4218500 2850500  5 31 16  19.2 1010 127  2.9 6  6.6  48   68  263 345 -467  2
4218500 2850500  5 31 17  19.0 1010 136  2.4 6  6.7  48   29  197 345 -462  2
4218500 2850500  5 31 18  18.3 1010  87  4.2 7  6.6  49   27  146 347 -454  2
4218500 2850500  5 31 19  17.5 1010  99  3.6 5  6.9  54   36   90 341 -441  2
4218500 2850500  5 31 20  16.2 1010  97  3.0 4  7.2  60   10   28 328 -426  2
4218500 2850500  5 31 21  14.4 1010  88  2.9 2  7.4  68    0    0 313 -413  2
4218500 2850500  5 31 22  13.7 1010  79  2.6 2  7.7  76    0    0 303 -404  2
4218500 2850500  5 31 23  13.2 1011  86  2.6 2  7.9  82    0    0 301 -397  2
4218500 2850500  5 31 24  12.0 1011  97  2.7 2  7.9  87    0    0 297 -393  2
4218500 2850500  6  1  1  11.4 1011  86  2.6 1  7.8  93    0    0 284 -388  2
4218500 2850500  6  1  2  11.2 1011  91  2.6 0  7.7  92    0    0 278 -386  2
4218500 2850500  6  1  3  10.6 1011  75  2.2 0  7.5  92    0    0 270 -384  2
4218500 2850500  6  1  4  10.5 1011  72  2.7 0  7.5  94    0    0 267 -381  2
4218500 2850500  6  1  5  11.5 1011  77  2.6 0  7.8  95    4   21 268 -378  2
4218500 2850500  6  1  6  13.2 1011  78  2.5 0  8.1  90   72   71 269 -379  2
4218500 2850500  6  1  7  15.0 1011  84  3.4 0  8.3  82  196  103 269 -387  2
4218500 2850500  6  1  8  17.0 1011  92  3.4 0  8.4  73  336  122 270 -402  2
4218500 2850500  6  1  9  18.7 1011  82  4.0 0  8.3  65  410  165 274 -420  2
4218500 2850500  6  1 10  18.9 1011  80  3.6 3  8.6  63  206  330 292 -439  2
4218500 2850500  6  1 11  20.1 1012  74  4.5 4  8.7  62  190  381 314 -455  2
4218500 2850500  6  1 12  21.0 1012  97  4.1 4  8.4  56  235  398 323 -467  2
4218500 2850500  6  1 13  21.4 1012  65  4.5 3  8.0  51  475  307 320 -475  2
4218500 2850500  6  1 14  21.9 1012  74  3.5 4  8.0  50  448  300 325 -476  2
4218500 2850500  6  1 15  21.8 1012  68  4.1 4  8.1  50  375  290 333 -473  2
4218500 2850500  6  1 16  21.5 1012  43  5.3 6  8.2  51  134  295 344 -468  2
4218500 2850500  6  1 17  20.5 1012  49  5.1 7  8.2  52   59  232 358 -458  2
4218500 2850500  6  1 18  20.1 1012  48  4.9 6  8.1  54   69  170 358 -444  2
4218500 2850500  6  1 19  19.9 1012  28  4.4 5  7.8  53   41  104 348 -428  2
4218500 2850500  6  1 20  18.8 1012  39  5.1 6  7.6  54    2   31 348 -415  2
4218500 2850500  6  1 21  17.9 1013  24  4.3 6  7.8  59    0    0 353 -406  2
4218500 2850500  6  1 22  17.3 1014  30  3.4 7  7.8  62    0    0 356 -398  2
4218500 2850500  6  1 23  16.2 1014  30  3.4 7  8.0  67    0    0 360 -393  2
4218500 2850500  6  1 24  15.6 1014  31  3.5 6  8.5  75    0    0 355 -390  2
4218500 2850500  6  2  1  14.7 1014  32  3.2 5  8.9  82    0    0 344 -387  2
4218500 2850500  6  2  2  14.7 1014  21  3.0 4  9.1  87    0    0 333 -386  2
4218500 2850500  6  2  3  14.2 1015  29  3.2 6  9.2  89    0    0 338 -385  2
4218500 2850500  6  2  4  14.5 1015  28  3.6 6  9.1  89    0    0 349 -383  2
4218500 2850500  6  2  5  14.6 1015  22  3.5 7  9.1  88    0    6 355 -381  2
4218500 2850500  6  2  6  14.9 1015  23  3.5 7  9.1  87    0   20 361 -378  2
4218500 2850500  6  2  7  15.4 1016  24  3.4 7  9.2  86    0   70 362 -376  2
4218500 2850500  6  2  8  16.3 1016  20  3.4 6  9.4  83  105  120 361 -376  2
4218500 2850500  6  2  9  16.9 1016  21  3.1 5  9.4  80  113  255 354 -375  2
4218500 2850500  6  2 10  17.9 1016 348  2.7 6  9.4  76   78  322 358 -375  2
4218500 2850500  6  2 11  17.9 1016 352  3.4 6  9.4  74   47  347 364 -376  2
4218500 2850500  6  2 12  18.5 1016 334  3.3 6  9.6  73   91  382 367 -376  2
4218500 2850500  6  2 13  19.2 1016 345  3.3 7  9.7  72   43  356 374 -375  2
4218500 2850500  6  2 14  19.8 1016 315  2.5 7  9.7  69   51  347 381 -375  2
4218500 2850500  6  2 15  20.2 1016 313  3.0 6  9.5  65  103  328 378 -375  2
4218500 2850500  6  2 16  19.8 1016   5  3.6 6  9.5  65   35  264 373 -374  2
4218500 2850500  6  2 17  18.8 1016   6  3.7 6  9.8  70   19  204 371 -374  2
4218500 2850500  6  2 18  17.6 1016   9  4.3 6 10.1  77   12  144 366 -374  2
4218500 2850500  6  2 19  16.9 1016   9  4.2 6 10.1  82    0   49 362 -375  2
4218500 2850500  6  2 20  16.2 1016   1  4.3 8 10.1  85    0    7 371 -375  2
4218500 2850500  6  2 21  15.5 1017   1  3.6 8 10.2  90    0    0 379 -375  2
4218500 2850500  6  2 22  15.7 1017   1  3.5 8 10.3  93    0    0 379 -375  2
4218500 2850500  6  2 23  15.3 1017 359  3.3 8 10.5  95    0    0 379 -376  2
4218500 2850500  6  2 24  14.9 1017  11  3.7 8 10.3  96    0    0 377 -376  2
4218500 2850500  6  3  1  14.5 1017  10  3.4 8  9.7  92    0    0 374 -376  2
4218500 2850500  6  3  2  14.1 1017 358  3.2 8  9.1  90    0    0 371 -376  2
4218500 2850500  6  3  3  14.0 1017   9  2.7 8  9.1  91    0    0 370 -376  2
4218500 2850500  6  3  4  13.8 1017   9  2.8 8  9.2  92    0    0 369 -376  2
4218500 2850500  6  3  5  13.8 1017  25  3.1 8  9.2  93    0    4 368 -374  2
4218500 2850500  6  3  6  13.9 1017  29  2.7 8  9.1  92    0   16 368 -376  2
4218500 2850500  6  3  7  14.0 1017  41  2.9 8  9.1  91    0   44 369 -381  2
4218500 2850500  6  3  8  14.5 1017  38  3.0 8  9.2  91    0   90 372 -389  2
4218500 2850500  6  3  9  15.1 1017  31  2.5 8  9.3  89    0  131 373 -399  2
4218500 2850500  6  3 10  15.7 1017  39  2.6 8  9.3  86    0  186 376 -406  2
4218500 2850500  6  3 11  16.2 1017   2  2.1 7  9.3  83    0  203 373 -410  2
4218500 2850500  6  3 12  16.4 1017  12  2.2 7  9.5  82    0  174 369 -415  2
4218500 2850500  6  3 13  17.0 1017  57  2.0 7  9.7  81    1  251 371 -418  2
4218500 2850500  6  3 14  17.1 1017  24  2.2 7  9.6  79    0  187 371 -421  2
4218500 2850500  6  3 15  17.3 1017  16  2.0 7  9.6  78    0  190 370 -424  2
4218500 2850500  6  3 16  17.8 1017  35  2.1 6  9.6  77    0  176 365 -425  2
4218500 2850500  6  3 17  17.1 1017  55  3.3 7  9.7  78    0  100 363 -423  2
4218500 2850500  6  3 18  16.9 1017  66  2.5 7  9.7  80    0   53 366 -419  2
4218500 2850500  6  3 19  16.7 1017  75  2.1 7  9.9  82    0   36 365 -414  2
4218500 2850500  6  3 20  16.4 1017  76  2.1 8 10.0  85    0    9 370 -407  2
4218500 2850500  6  3 21  16.1 1017  83  1.8 8 10.0  87    0    0 374 -401  2
4218500 2850500  6  3 22  15.7 1017 105  1.4 8 10.2  90    0    0 373 -398  2
4218500 2850500  6  3 23  15.5 1017  78  2.1 8 10.3  93    0    0 375 -397  2
4218500 2850500  6  3 24  15.2 1017  67  1.8 8 10.4  95    0    0 374 -396  2
4218500 2850500  6  4  1  15.2 1017  96  1.2 8 10.4  96    0    0 371 -395  2
4218500 2850500  6  4  2  15.1 1017  94  1.4 8 10.4  97    0    0 370 -394  2
4218500 2850500  6  4  3  15.0 1017  75  1.7 7 10.3  96    0    0 364 -393  2
4218500 2850500  6  4  4  15.1 1017  61  2.1 8 10.1  95    0    0 365 -393  2
4218500 2850500  6  4  5  15.2 1017  65  2.0 8 10.0  93    0    4 371 -392  2
4218500 2850500  6  4  6  15.3 1017  69  2.1 8  9.9  92    0   15 370 -394  2
4218500 2850500  6  4  7  15.6 1017  84  2.0 8 10.0  92    0   46 371 -397  2
4218500 2850500  6  4  8  15.9 1017  75  1.8 7 10.1  90    0  101 366 -404  2
4218500 2850500  6  4  9  16.6 1017  78  2.0 7 10.1  88    0  163 363 -411  2
4218500 2850500  6  4 10  16.5 1017  78  2.1 7 10.0  85    0  199 365 -419  2
4218500 2850500  6  4 11  16.5 1018  48  2.6 7 10.0  86    0  192 366 -427  2
4218500 2850500  6  4 12  17.5 1018  35  2.1 8 10.0  83    0  164 373 -440  2
4218500 2850500  6  4 13  17.0 1018  84  2.2 8  9.8  80    0  161 377 -455  2
4218500 2850500  6  4 14  17.4 1018  85  2.5 8  9.6  79    0  148 376 -465  2
4218500 2850500  6  4 15  18.1 1017  84  1.9 8  9.6  76    0  147 376 -471  2
4218500 2850500  6  4 16  18.0 1017  62  2.2 7  9.6  74    3  221 373 -470  2
4218500 2850500  6  4 17  17.9 1017  43  2.5 7  9.6  75    5  194 368 -464  2
4218500 2850500  6  4 18  18.4 1017  47  2.0 7  9.6  74    6  149 369 -455  2
4218500 2850500  6  4 19  17.8 1017   8  2.4 5  9.6  74    1   81 360 -443  2
4218500 2850500  6  4 20  17.5 1017  41  2.5 8  9.8  77    0   18 362 -428  2
4218500 2850500  6  4 21  16.4 1017  18  2.3 7 10.1  84    0    0 369 -418  2
4218500 2850500  6  4 22  15.9 1017  11  1.9 8 10.5  91    0    0 367 -411  2
4218500 2850500  6  4 23  16.1 1017   2  2.2 8 10.6  93    0    0 369 -406  2
4218500 2850500  6  4 24  15.8 1017  20  2.1 8 10.6  94    0    0 369 -402  2
4218500 2850500  6  5  1  15.8 1017   9  1.7 8 10.7  95    0    0 370 -399  2
4218500 2850500  6  5  2  15.2 1016  10  1.9 8 10.6  96    0    0 370 -397  2
4218500 2850500  6  5  3  15.3 1016 341  1.2 8 10.5  97    0    0 370 -395  2
4218500 2850500  6  5  4  15.5 1016  21  1.9 7 10.6  97    0    0 367 -393  2
4218500 2850500  6  5  5  15.3 1016   1  1.4 8 10.6  97    0    3 368 -392  2
4218500 2850500  6  5  6  15.4 1016 340  1.7 8 10.5  96    0   16 373 -394  2
4218500 2850500  6  5  7  15.7 1016 358  1.5 8 10.6  96    0   42 373 -402  2
4218500 2850500  6  5  8  15.9 1015 342  1.9 8 10.8  96    0   55 374 -412  2
4218500 2850500  6  5  9  15.9 1015 331  1.5 8 10.8  95    0  101 372 -424  2
4218500 2850500  6  5 10  16.2 1015 325  1.6 7 10.8  94    0  205 369 -436  2
4218500 2850500  6  5 11  16.4 1015 320  1.6 7 10.9  94    5  287 365 -450  2
4218500 2850500  6  5 12  17.4 1015 355  2.1 7 11.2  93   15  343 366 -461  2
4218500 2850500  6  5 13  19.1 1015 306  1.8 8 11.2  85    1  263 372 -467  2
4218500 2850500  6  5 14  19.4 1015 264  1.3 7 11.1  80    0  230 374 -469  2
4218500 2850500  6  5 15  19.3 1015 281  1.4 7 10.9  78   10  276 369 -470  2
4218500 2850500  6  5 16  19.9 1014 301  1.2 8 10.8  75    3  218 370 -468  2
4218500 2850500  6  5 17  20.2 1014 350  0.5 6 11.0  75   41  244 368 -461  2
4218500 2850500  6  5 18  20.4 1014 324  1.3 4 11.2  75   85  193 357 -455  2
4218500 2850500  6  5 19  20.0 1014   1  1.5 4 11.2  75   35  115 350 -448  2
4218500 2850500  6  5 20  18.7 1013 338  1.9 4 11.3  80    5   39 346 -436  2
4218500 2850500  6  5 21  17.1 1014   7  1.7 4 11.4  88    0    0 341 -425  2
4218500 2850500  6  5 22  16.4 1014   1  1.9 3 11.2  93    0    0 333 -416  2
4218500 2850500  6  5 23  15.5 1014  29  1.8 3 10.8  95    0    0 327 -411  2
4218500 2850500  6  5 24  15.4 1014   6  1.0 3 10.6  96    0    0 325 -408  2
4218500 2850500  6  6  1  15.1 1014  16  2.1 2 10.6  98    0    0 321 -405  2
4218500 2850500  6  6  2  14.6 1013 355  1.8 2 10.4  98    0    0 316 -401  2
4218500 2850500  6  6  3  14.3 1013  22  1.9 1 10.1  98    0    0 311 -398  2
4218500 2850500  6  6  4  13.9 1013  46  2.1 2  9.8  97    0    0 309 -395  2
4218500 2850500  6  6  5  14.3 1013  59  2.2 2  9.8  97    0   15 312 -393  2
4218500 2850500  6  6  6  16.0 1013  79  2.6 1 10.6  98   12   66 312 -394  2
4218500 2850500  6  6  7  17.1 1013  88  2.3 4 11.6  98   76  137 324 -400  2
4218500 2850500  6  6  8  19.1 1013 126  1.5 5 12.0  92  191  169 345 -412  2
4218500 2850500  6  6  9  21.1 1013  63  1.5 4 12.2  82  356  194 352 -429  2
4218500 2850500  6  6 10  22.1 1013  82  2.6 5 12.0  74  214  326 357 -449  2
4218500 2850500  6  6 11  22.6 1013  87  2.8 6 11.5  68   88  377 368 -467  2
4218500 2850500  6  6 12  23.3 1013  70  2.7 6 11.2  64  131  405 376 -479  2
4218500 2850500  6  6 13  23.9 1013  74  2.0 5 11.1  61  105  401 377 -489  2
4218500 2850500  6  6 14  24.4 1012  60  1.9 5 11.1  59  130  385 377 -497  2
4218500 2850500  6  6 15  24.3 1012  56  3.5 3 11.0  57  378  286 370 -495  2
4218500 2850500  6  6 16  25.2 1012  60  3.1 2 10.9  55  455  178 363 -492  2
4218500 2850500  6  6 17  25.0 1012  76  3.7 1 10.6  53  312  172 357 -489  2
4218500 2850500  6  6 18  24.8 1011  64  3.5 1 10.5  53  164  152 353 -479  2
4218500 2850500  6  6 19  24.2 1011  76  3.1 1 10.7  55   61  103 350 -466  2
4218500 2850500  6  6 20  22.6 1012  55  2.9 2 10.9  61    6   36 350 -453  2
4218500 2850500  6  6 21  21.4 1012  47  2.8 2 11.1  67    0    0 349 -438  2
4218500 2850500  6  6 22  20.2 1012  40  2.6 2 11.3  74    0    0 344 -426  2
4218500 2850500  6  6 23  18.9 1012  44  3.1 2 11.4  81    0    0 338 -419  2
4218500 2850500  6  6 24  17.9 1012  56  3.9 4 11.3  86    0    0 331 -415  2
4218500 2850500  6  7  1  17.0  999  70  4.7 5 11.1  90    0    0 376 -393  2
4218500 2850500  6  7  2  16.3  999  83  5.4 7 10.9  92    0    0 376 -393  2
4218500 2850500  6  7  3  15.9  998  90  5.8 8 10.6  92    0    0 376 -394  2
4218500 2850500  6  7  4  15.8  998  87  5.8 8 10.6  92    0    0 370 -390  2
4218500 2850500  6  7  5  15.6  998  84  5.7 8 10.5  93    0    2 369 -385  2
4218500 2850500  6  7  6  15.3  997  79  5.9 8 10.4  92    0   13 374 -383  2
4218500 2850500  6  7  7  14.8  997  75  6.2 7 10.4  95    0   29 365 -383  2
4218500 2850500  6  7  8  14.9  997  77  5.8 7 10.4  96    0   66 355 -385  2
4218500 2850500  6  7  9  15.3  998  75  5.5 8 10.4  95    0   95 361 -395  2
4218500 2850500  6  7 10  15.2  998  75  5.6 8 10.0  91    0  121 367 -404  2
4218500 2850500  6  7 11  15.8  998  76  6.1 8  9.7  86    0  157 366 -404  2
4218500 2850500  6  7 12  15.6  998  64  6.2 7  9.3  82    0  144 359 -409  2
4218500 2850500  6  7 13  15.8  998  74  6.2 8  9.0  80    0  132 358 -430  2
4218500 2850500  6  7 14  15.1  999  81  4.8 8  9.4  84    0  102 367 -447  2
4218500 2850500  6  7 15  14.8  999  64  5.5 8  9.9  92    0  110 368 -436  2
4218500 2850500  6  7 16  14.7  999  70  4.5 7 10.0  93    0  131 361 -420  2
4218500 2850500  6  7 17  14.7  999  73  5.3 8  9.9  93    0   99 361 -414  2
4218500 2850500  6  7 18  14.7  999  64  4.0 7  9.9  93    0   69 362 -410  2
4218500 2850500  6  7 19  14.6  999  76  4.1 8  9.9  94    0   35 363 -405  2
4218500 2850500  6  7 20  14.8 1000  83  3.8 8 10.1  95    0    8 370 -400  2
4218500 2850500  6  7 21  14.4 1000  75  4.0 8 10.1  96    0    0 371 -395  2
4218500 2850500  6  7 22  14.4 1000  83  4.5 8 10.0  96    0    0 370 -393  2
4218500 2850500  6  7 23  14.4 1000  84  4.2 8  9.8  94    0    0 370 -391  2
4218500 2850500  6  7 24  14.2 1001  83  4.1 8  9.6  92    0    0 370 -389  2
4218500 2850500  6  8  1  13.9 1001  76  4.2 8  9.4  92    0    0 369 -388  2
4218500 2850500  6  8  2  13.7 1001  78  4.2 8  9.2  92    0    0 369 -388  2
4218500 2850500  6  8  3  13.6 1001  82  3.0 8  9.2  92    0    0 369 -388  2
4218500 2850500  6  8  4  13.3 1001  77  3.4 8  9.1  93    0    0 369 -388  2
4218500 2850500  6  8  5  13.3 1001  80  2.6 8  9.0  93    0    4 369 -387  2
4218500 2850500  6  8  6  13.1 1001  85  3.7 8  8.8  92    0   14 368 -389  2
4218500 2850500  6  8  7  13.6 1001  88  3.1 8  8.6  89    0   50 369 -392  2
4218500 2850500  6  8  8  13.9 1001  82  2.9 7  8.7  87    0  106 365 -395  2
4218500 2850500  6  8  9  14.3 1002  72  2.9 7  8.9  88    7  198 360 -396  2
4218500 2850500  6  8 10  15.4 1002  72  2.3 7  8.9  84   24  267 362 -397  2
4218500 2850500  6  8 11  15.7 1002  50  2.6 7  9.1  81   15  283 364 -400  2
4218500 2850500  6  8 12  15.7 1002  72  2.2 7  9.1  80    0  218 364 -406  2
4218500 2850500  6  8 13  15.9 1003  80  2.4 7  9.0  79    0  244 364 -425  2
4218500 2850500  6  8 14  16.3 1003  76  2.5 7  9.1  79   38  305 363 -439  2
4218500 2850500  6  8 15  16.7 1003  83  2.2 7  9.1  77   35  277 363 -440  2
4218500 2850500  6  8 16  16.4 1003  71  2.7 7  9.0  76   15  224 362 -440  2
4218500 2850500  6  8 17  16.1 1003  82  2.9 7  8.8  75    3  160 359 -435  2
4218500 2850500  6  8 18  15.9 1003  94  2.1 8  8.8  77    0  106 362 -431  2
4218500 2850500  6  8 19  16.0 1004  83  1.2 7  8.7  76    0   69 361 -424  2
4218500 2850500  6  8 20  15.6 1004  99  1.7 7  8.6  76    0   31 354 -415  2
4218500 2850500  6  8 21  15.2 1004  96  1.7 6  8.9  80    0    0 347 -407  2
4218500 2850500  6  8 22  14.3 1004  95  1.6 7  9.1  86    0    0 347 -401  2
4218500 2850500  6  8 23  14.2 1005  20  0.7 6  9.2  90    0    0 345 -398  2
4218500 2850500  6  8 24  13.7 1005 136  0.7 4  9.1  90    0    0 329 -397  2
4218500 2850500  6  9  1  12.1 1004 301  1.6 3  8.6  92    0    0 310 -396  2
4218500 2850500  6  9  2  12.3 1005  56  1.4 3  8.5  94    0    0 303 -395  2
4218500 2850500  6  9  3  11.8 1005  55  1.5 3  8.5  96    0    0 303 -396  2
4218500 2850500  6  9  4  11.4 1005 100  1.4 3  8.3  97    0    0 303 -396  2
4218500 2850500  6  9  5  12.0 1005  69  1.4 5  8.4  97   11   21 313 -396  2
4218500 2850500  6  9  6  12.5 1005 184  1.3 5  8.7  97   90   61 325 -396  2
4218500 2850500  6  9  7  15.5 1005 104  0.6 3  9.2  91  164  104 320 -396  2
4218500 2850500  6  9  8  16.9 1005  91  1.4 5  9.5  82  128  192 327 -397  2
4218500 2850500  6  9  9  17.3 1005  84  1.4 6  9.4  76  104  271 346 -399  2
4218500 2850500  6  9 10  17.4 1005  99  2.2 6  9.0  72   81  327 351 -400  2
4218500 2850500  6  9 11  18.4 1005  85  2.0 6  9.0  69   81  359 353 -405  2
4218500 2850500  6  9 12  18.9 1005 112  2.6 6  9.2  68   15  309 357 -409  2
4218500 2850500  6  9 13  19.2 1005  67  2.4 6  9.3  67   24  332 360 -406  2
4218500 2850500  6  9 14  18.7 1005  87  2.3 5  9.2  66   46  345 355 -404  2
4218500 2850500  6  9 15  18.8 1004  91  2.3 5  9.3  68   14  276 351 -405  2
4218500 2850500  6  9 16  19.5 1004  69  1.9 5  9.5  68   69  283 349 -408  2
4218500 2850500  6  9 17  20.0 1004  98  2.1 6  9.3  64  149  223 353 -413  2
4218500 2850500  6  9 18  19.2 1003 106  2.2 6  9.1  63   19  156 355 -415  2
4218500 2850500  6  9 19  18.9 1003 137  1.9 5  9.3  67    5   85 347 -412  2
4218500 2850500  6  9 20  17.6 1003 121  1.9 6  9.4  71    0   33 340 -406  2
4218500 2850500  6  9 21  16.3 1003  91  2.0 5  9.5  78    0    0 333 -400  2
4218500 2850500  6  9 22  15.7 1003  94  1.3 6  9.6  84    0    0 337 -393  2
4218500 2850500  6  9 23  15.3 1003  92  2.2 6  9.8  88    0    0 345 -391  2
4218500 2850500  6  9 24  14.1 1003 105  1.2 5  9.7  91    0    0 337 -389  2
4218500 2850500  6 10  1  14.5 1003 103  1.6 6  9.7  94    0    0 336 -387  2
4218500 2850500  6 10  2  14.5 1003  74  1.3 7  9.7  93    0    0 348 -384  2
4218500 2850500  6 10  3  13.5 1003  87  1.5 6  9.4  93    0    0 346 -382  2
4218500 2850500  6 10  4  12.7 1002  75  1.4 5  9.0  94    0    0 332 -381  2
4218500 2850500  6 10  5  13.3 1002 115  1.2 6  9.1  96    1   19 333 -381  2
4218500 2850500  6 10  6  14.6 1002 104  1.4 6  9.8  97    2   51 342 -385  2
4218500 2850500  6 10  7  16.2 1002 104  1.2 5 10.3  93   17  134 342 -392  2
4218500 2850500  6 10  8  17.5 1002 198  1.0 5 10.2  84   53  232 341 -401  2
4218500 2850500  6 10  9  18.8 1003 122  1.5 6 10.1  76  135  326 352 -412  2
4218500 2850500  6 10 10  19.8 1003  64  1.2 4  9.8  69  207  387 352 -423  2
4218500 2850500  6 10 11  19.7 1002 310  3.0 5  9.4  65   81  413 351 -424  2
4218500 2850500  6 10 12  17.8 1002 267  2.9 7  9.6  70    0  179 364 -416  2
4218500 2850500  6 10 13  17.9 1002 275  2.6 6 10.2  79    3  286 368 -412  2
4218500 2850500  6 10 14  19.3 1003 295  3.7 6 10.8  79   71  411 367 -411  2
4218500 2850500  6 10 15  20.0 1003 300  4.1 6 10.4  72   65  377 369 -409  2
4218500 2850500  6 10 16  18.9 1003 287  3.6 5 10.3  72   17  274 363 -405  2
4218500 2850500  6 10 17  16.3 1004 303  4.3 6 10.5  83    4  188 355 -399  2
4218500 2850500  6 10 18  16.9 1004 298  3.8 6 10.8  90    1  129 355 -393  2
4218500 2850500  6 10 19  16.5 1004 285  3.7 6 10.9  91    1   81 355 -390  2
4218500 2850500  6 10 20  15.8 1005 314  3.5 7 10.3  89    0   19 355 -388  2
4218500 2850500  6 10 21  15.2 1006 261  3.4 7  9.8  88    0    0 357 -384  2
4218500 2850500  6 10 22  14.8 1007 288  3.3 8  9.4  87    0    0 360 -381  2
4218500 2850500  6 10 23  14.5 1007 284  3.3 7  8.9  85    0    0 358 -378  2
4218500 2850500  6 10 24  13.4 1007 252  3.4 5  8.7  87    0    0 342 -374  2
4218500 2850500  6 11  1  13.0 1007 254  3.2 3  8.6  90    0    0 321 -370  2
4218500 2850500  6 11  2  12.7 1008 275  3.6 3  8.3  89    0    0 311 -367  2
4218500 2850500  6 11  3  12.7 1008 273  3.2 4  8.1  88    0    0 315 -365  2
4218500 2850500  6 11  4  12.6 1008 272  3.2 5  8.0  87    0    0 323 -363  2
4218500 2850500  6 11  5  12.9 1008 270  3.2 6  7.8  85    0   14 332 -362  2
4218500 2850500  6 11  6  13.3 1008 263  3.6 6  7.9  83    0   19 338 -364  2
4218500 2850500  6 11  7  14.0 1009 275  4.4 5  7.8  80   70  119 333 -369  2
4218500 2850500  6 11  8  13.8 1009 265  4.5 7  7.5  76   54  192 338 -379  2
4218500 2850500  6 11  9  15.2 1010 260  5.1 5  7.2  70  296  193 341 -393  2
4218500 2850500  6 11 10  15.9 1010 276  4.8 4  6.8  62  351  234 329 -408  2
4218500 2850500  6 11 11  17.0 1010 266  4.9 5  6.4  54  143  344 335 -421  2
4218500 2850500  6 11 12  17.1 1010 246  3.9 5  6.3  52  160  360 342 -423  2
4218500 2850500  6 11 13  18.0 1010 263  4.5 6  6.3  51  113  366 346 -425  2
4218500 2850500  6 11 14  18.5 1010 275  5.0 6  6.3  48  197  342 347 -437  2
4218500 2850500  6 11 15  19.1 1010 248  4.0 4  6.3  47  366  251 339 -440  2
4218500 2850500  6 11 16  19.7 1010 256  5.1 4  6.5  46  335  209 332 -432  2
4218500 2850500  6 11 17  19.6 1010 244  3.5 5  6.6  46  132  214 335 -426  2
4218500 2850500  6 11 18  18.7 1011 196  4.4 4  6.8  49   54  162 334 -420  2
4218500 2850500  6 11 19  18.0 1011 211  3.9 4  7.1  54   10   93 330 -413  2
4218500 2850500  6 11 20  17.3 1011 217  2.8 5  7.2  57    1   36 332 -404  2
4218500 2850500  6 11 21  15.7 1011 239  2.6 3  7.5  64    0    2 326 -394  2
4218500 2850500  6 11 22  14.2 1012 202  2.6 2  7.9  74    0    0 311 -388  2
4218500 2850500  6 11 23  13.7 1012 208  2.9 3  8.0  80    0    0 309 -386  2
4218500 2850500  6 11 24  13.4 1012 190  2.3 4  8.0  83    0    0 316 -383  2
4218500 2850500  6 12  1  13.7 1012 211  3.5 7  8.1  83    0    0 332 -381  2
4218500 2850500  6 12  2  13.9 1012 213  3.5 6  8.0  81    0    0 341 -379  2
4218500 2850500  6 12  3  13.5 1012 219  3.4 3  7.9  81    0    0 324 -376  2
4218500 2850500  6 12  4  13.2 1012 232  3.3 4  8.0  84    0    0 313 -375  2
4218500 2850500  6 12  5  13.1 1012 221  2.4 5  8.1  85    0    8 322 -376  2
4218500 2850500  6 12  6  13.5 1012 226  3.1 6  8.2  86    0   25 333 -379  2
4218500 2850500  6 12  7  14.2 1012 222  3.3 7  8.5  85   21  126 346 -384  2
4218500 2850500  6 12  8  16.2 1013 214  3.3 5  8.4  77   86  213 346 -390  2
4218500 2850500  6 12  9  16.3 1013 234  3.2 6  8.0  70   16  238 345 -398  2
4218500 2850500  6 12 10  16.6 1013 193  2.0 7  8.0  69   11  273 356 -407  2
4218500 2850500  6 12 11  17.1 1012 169  3.5 8  8.4  70    0  212 368 -413  2
4218500 2850500  6 12 12  17.4 1012 186  4.1 8  8.8  71    0  158 375 -410  2
4218500 2850500  6 12 13  18.3 1012 200  5.0 7  8.8  69    9  303 372 -407  2
4218500 2850500  6 12 14  20.3 1011 237  5.5 7  9.2  66   25  332 372 -411  2
4218500 2850500  6 12 15  18.8 1011 224  4.0 8  9.5  66    0  163 375 -417  2
4218500 2850500  6 12 16  19.3 1011 239  5.2 7  9.2  66    3  213 371 -423  2
4218500 2850500  6 12 17  19.7 1011 224  5.1 7  9.0  63   10  198 366 -426  2
4218500 2850500  6 12 18  19.7 1011 218  4.0 7  8.9  62    8  145 365 -425  2
4218500 2850500  6 12 19  16.3 1010 258  3.6 5  9.6  74   16  104 352 -420  2
4218500 2850500  6 12 20  15.7 1011 200  2.2 8 10.6  93    0   14 350 -411  2
4218500 2850500  6 12 21  15.5 1010 195  3.6 7 10.8  96    0    0 357 -402  2
4218500 2850500  6 12 22  14.9 1011 196  3.0 7 10.5  96    0    0 352 -395  2
4218500 2850500  6 12 23  14.9 1010 183  2.2 7 10.2  96    0    0 352 -392  2
4218500 2850500  6 12 24  14.6 1010 194  2.0 6 10.1  95    0    0 348 -387  2
4218500 2850500  6 13  1  14.4 1010 206  3.3 5 10.0  96    0    0 338 -382  2
4218500 2850500  6 13  2  14.8 1010 305  2.5 5 10.1  96    0    0 335 -377  2
4218500 2850500  6 13  3  14.6 1009 242  1.8 7 10.1  96    0    0 343 -375  2
4218500 2850500  6 13  4  14.1 1009 315  1.2 8  9.9  96    0    0 357 -375  2
4218500 2850500  6 13  5  13.8 1009 131  0.9 8  9.5  95    0    3 361 -378  2
4218500 2850500  6 13  6  14.2 1009 164  2.8 7  9.6  95    0   26 354 -382  2
4218500 2850500  6 13  7  14.3 1008 197  3.1 8  9.8  96    0   42 353 -388  2
4218500 2850500  6 13  8  15.3 1008 206  4.1 8 10.1  96    0   62 359 -397  2
4218500 2850500  6 13  9  15.8 1008 219  5.3 8 10.0  90    0  128 362 -403  2
4218500 2850500  6 13 10  14.9 1008 225  5.9 8  9.4  85    0  136 362 -408  2
4218500 2850500  6 13 11  14.9 1008 206  4.7 8  9.4  88    0  137 363 -415  2
4218500 2850500  6 13 12  16.1 1008 223  5.4 7  9.8  89    0  222 362 -416  2
4218500 2850500  6 13 13  14.9 1008 268  7.9 7  9.3  84    0  245 360 -406  2
4218500 2850500  6 13 14  14.6 1008 272  6.5 7  8.6  82    0  210 357 -398  2
4218500 2850500  6 13 15  14.5 1008 272  6.0 7  8.6  83    0  212 355 -402  2
4218500 2850500  6 13 16  15.3 1009 281  6.2 7  8.1  76    2  215 356 -409  2
4218500 2850500  6 13 17  15.0 1009 260  6.0 7  7.7  71    0  157 356 -409  2
4218500 2850500  6 13 18  15.4 1009 275  5.4 7  7.6  70    0  106 355 -400  2
4218500 2850500  6 13 19  15.1 1009 257  4.7 5  7.5  69   14  113 347 -392  2
4218500 2850500  6 13 20  14.7 1009 272  4.5 7  7.5  71    1   39 346 -389  2
4218500 2850500  6 13 21  14.2 1009 248  3.6 7  7.7  75    0    0 352 -386  2
4218500 2850500  6 13 22  13.3 1010 249  3.4 7  7.8  79    0    0 350 -383  2
4218500 2850500  6 13 23  12.9 1010 247  3.7 7  7.9  83    0    0 347 -382  2
4218500 2850500  6 13 24  12.7 1010 256  3.8 7  8.0  87    0    0 345 -382  2
4218500 2850500  6 14  1  12.9 1010 258  3.5 7  8.1  87    0    0 344 -381  2
4218500 2850500  6 14  2  12.8 1010 256  3.8 7  8.1  87    0    0 344 -380  2
4218500 2850500  6 14  3  13.0 1010 274  3.8 7  8.2  88    0    0 344 -379  2
4218500 2850500  6 14  4  13.0 1010 268  4.0 7  8.3  88    0    0 344 -378  2
4218500 2850500  6 14  5  13.0 1010 273  3.7 7  8.3  88    0    8 342 -377  2
4218500 2850500  6 14  6  13.3 1010 276  4.0 8  8.2  86    0   20 343 -379  2
4218500 2850500  6 14  7  14.0 1011 277  4.3 7  8.0  82    4  107 344 -383  2
4218500 2850500  6 14  8  14.6 1011 278  4.7 8  7.7  76   14  192 345 -388  2
4218500 2850500  6 14  9  15.1 1011 282  5.1 7  7.5  70   19  259 346 -393  2
4218500 2850500  6 14 10  15.7 1012 274  4.8 7  7.3  66   56  349 344 -401  2
4218500 2850500  6 14 11  16.6 1012 274  5.0 7  6.9  60   60  387 347 -412  2
4218500 2850500  6 14 12  16.3 1012 265  3.9 8  6.7  58    1  262 351 -425  2
4218500 2850500  6 14 13  16.2 1012 254  5.2 8  7.0  61    0  205 353 -435  2
4218500 2850500  6 14 14  16.4 1013 270  4.3 7  7.4  64    4  278 348 -442  2
4218500 2850500  6 14 15  16.9 1013 258  5.2 7  7.7  65    1  231 345 -446  2
4218500 2850500  6 14 16  16.9 1013 267  5.0 7  8.0  67    9  244 345 -446  2
4218500 2850500  6 14 17  17.7 1013 251  4.5 6  8.3  67   96  274 343 -440  2
4218500 2850500  6 14 18  17.9 1013 269  4.1 4  8.5  67  109  205 337 -432  2
4218500 2850500  6 14 19  17.7 1012 273  3.8 2  8.5  67   70  127 327 -424  2
4218500 2850500  6 14 20  16.9 1013 277  2.5 3  8.6  70   14   53 324 -413  2
4218500 2850500  6 14 21  15.6 1012 229  2.0 3  8.7  75    0    3 323 -403  2
4218500 2850500  6 14 22  14.4 1013 240  1.8 2  8.7  82    0    0 318 -396  2
4218500 2850500  6 14 23  13.5 1013 201  2.4 2  8.7  88    0    0 315 -394  2
4218500 2850500  6 14 24  12.7 1013 192  2.1 2  8.6  92    0    0 316 -393  2
4218500 2850500  6 15  1  12.7 1012 173  2.1 2  8.5  93    0    0 318 -393  2
4218500 2850500  6 15  2  12.0 1011 191  2.1 3  8.5  94    0    0 320 -393  2
4218500 2850500  6 15  3  12.4 1011 182  2.6 5  8.6  96    0    0 329 -392  2
4218500 2850500  6 15  4  13.3 1011 185  2.4 7  9.0  96    0    0 343 -392  2
4218500 2850500  6 15  5  13.7 1011 140  2.2 7  9.2  95    0    3 353 -392  2
4218500 2850500  6 15  6  14.7 1010 162  4.0 7  9.3  91    0   14 357 -393  2
4218500 2850500  6 15  7  16.8 1009 176  4.4 6  9.4  83    4   98 359 -398  2
4218500 2850500  6 15  8  17.7 1009 193  4.1 6  9.6  78    6  157 361 -407  2
4218500 2850500  6 15  9  19.9 1008 251  3.3 6 10.4  76  170  257 368 -422  2
4218500 2850500  6 15 10  19.4 1008 266  3.3 6 11.0  76    7  250 374 -444  2
4218500 2850500  6 15 11  20.8 1009 193  4.6 6 11.1  75   61  343 377 -466  2
4218500 2850500  6 15 12  24.2 1008 208  3.7 5 11.0  64  592  211 383 -479  2
4218500 2850500  6 15 13  22.7 1008 302  3.0 6 11.6  64   70  367 386 -487  2
4218500 2850500  6 15 14  24.0 1008 238  5.1 7 12.0  66    0  223 392 -489  2
4218500 2850500  6 15 15  23.6 1008 209  5.3 7 11.8  63    0  174 397 -483  2
4218500 2850500  6 15 16  24.0 1008 246  6.1 7 12.0  64   24  252 398 -475  2
4218500 2850500  6 15 17  24.8 1008 267  5.2 6 11.9  62  106  223 395 -467  2
4218500 2850500  6 15 18  24.4 1008 276  6.0 6 11.6  60   66  165 389 -457  2
4218500 2850500  6 15 19  22.8 1008 292  5.4 7 11.6  63   15   97 388 -443  2
4218500 2850500  6 15 20  21.5 1008 294  4.6 6 10.3  62    1   35 380 -429  2
4218500 2850500  6 15 21  19.6 1009 302  3.7 7  8.6  57    0    1 371 -419  2
4218500 2850500  6 15 22  17.9 1010 300  3.5 5  8.3  61    0    0 359 -411  2
4218500 2850500  6 15 23  16.5 1010 290  3.1 5  8.4  68    0    0 345 -404  2
4218500 2850500  6 15 24  15.9 1011 292  3.8 7  8.5  73    0    0 352 -396  2
4218500 2850500  6 16  1  16.3 1011 333  2.9 7  8.6  75    0    0 362 -390  2
4218500 2850500  6 16  2  15.9 1012 339  2.4 8  8.4  74    0    0 366 -385  2
4218500 2850500  6 16  3  15.0 1012 323  1.7 6  8.3  76    0    0 359 -382  2
4218500 2850500  6 16  4  14.4 1012 280  1.9 6  8.4  81    0    0 347 -379  2
4218500 2850500  6 16  5  14.6 1013 223  1.8 7  8.7  84    0    3 350 -377  2
4218500 2850500  6 16  6  15.3 1013 218  2.1 7  8.8  82    0   31 356 -378  2
4218500 2850500  6 16  7  17.0 1013 209  2.7 8  8.9  77    0   82 363 -384  2
4218500 2850500  6 16  8  17.8 1013 202  3.5 6  9.0  72   62  199 360 -396  2
4218500 2850500  6 16  9  19.4 1013 267  3.7 6  8.9  66  337  191 352 -411  2
4218500 2850500  6 16 10  20.5 1013 278  4.1 6  8.7  60  316  272 354 -427  2
4218500 2850500  6 16 11  21.3 1013 273  5.1 6  8.5  55  322  320 356 -441  2
4218500 2850500  6 16 12  21.6 1013 254  4.2 6  8.2  52  182  380 359 -453  2
4218500 2850500  6 16 13  21.5 1013 244  4.9 7  8.2  51   69  372 364 -463  2
4218500 2850500  6 16 14  21.4 1013 276  5.3 7  8.2  51    6  277 370 -467  2
4218500 2850500  6 16 15  21.2 1013 262  5.1 7  8.2  52    0  186 371 -467  2
4218500 2850500  6 16 16  22.3 1013 257  5.7 6  8.3  51   74  281 371 -466  2
4218500 2850500  6 16 17  22.1 1013 277  5.8 3  8.2  49  348  147 360 -462  2
4218500 2850500  6 16 18  21.6 1013 280  5.0 3  8.3  51  182  142 350 -454  2
4218500 2850500  6 16 19  21.1 1013 263  4.2 6  8.8  55   17   99 358 -444  2
4218500 2850500  6 16 20  20.2 1014 262  3.8 6  9.0  59    6   42 366 -431  2
4218500 2850500  6 16 21  19.2 1014 256  3.4 5  9.2  64    0    4 358 -418  2
4218500 2850500  6 16 22  17.8 1014 234  2.6 4  9.6  72    0    0 348 -408  2
4218500 2850500  6 16 23  16.2 1014 238  2.7 4  9.8  80    0    0 340 -405  2
4218500 2850500  6 16 24  16.1 1014 210  2.8 5  9.8  85    0    0 341 -404  2
4218500 2850500  6 17  1  14.9 1014 226  2.6 5  9.8  89    0    0 342 -403  2
4218500 2850500  6 17  2  15.5 1015 217  2.4 5  9.9  91    0    0 343 -400  2
4218500 2850500  6 17  3  15.7 1014 232  2.8 5 10.1  91    0    0 343 -395  2
4218500 2850500  6 17  4  15.5 1014 233  2.6 7 10.1  91    0    0 346 -391  2
4218500 2850500  6 17  5  16.0 1014 219  2.7 7 10.1  90    0   13 350 -389  2
4218500 2850500  6 17  6  16.8 1014 214  2.5 4 10.2  88   20   65 346 -392  2
4218500 2850500  6 17  7  18.8 1015 249  2.4 5 10.6  83   78  134 345 -400  2
4218500 2850500  6 17  8  20.5 1015 256  2.4 5 10.8  75   73  206 351 -415  2
4218500 2850500  6 17  9  22.2 1015 272  2.8 6 11.0  69  165  268 358 -434  2
4218500 2850500  6 17 10  23.4 1015 255  3.1 6 11.4  66  371  263 365 -455  2
4218500 2850500  6 17 11  24.4 1015 246  3.9 6 11.6  62  460  273 370 -475  2
4218500 2850500  6 17 12  24.9 1015 302  4.4 6 11.1  57  346  357 373 -491  2
4218500 2850500  6 17 13  26.2 1015 293  4.4 4 10.5  51  429  326 373 -498  2
4218500 2850500  6 17 14  26.9 1015 311  4.1 3 10.6  49  591  224 373 -505  2
4218500 2850500  6 17 15  27.6 1015 330  4.0 4 10.9  48  453  251 377 -510  2
4218500 2850500  6 17 16  27.8 1014 306  4.1 4 11.3  48  355  234 380 -506  2
4218500 2850500  6 17 17  27.9 1014 284  3.1 4 11.5  49  197  225 379 -500  2
4218500 2850500  6 17 18  27.7 1014 253  2.2 3 11.1  47  140  167 374 -490  2
4218500 2850500  6 17 19  27.1 1014 249  1.9 2 10.9  48   88  104 368 -479  2
4218500 2850500  6 17 20  25.4 1014 288  1.0 1 11.2  52   20   48 362 -464  2
4218500 2850500  6 17 21  22.7 1015  22  0.3 1 11.5  61    0    4 354 -448  2
4218500 2850500  6 17 22  21.0 1015  92  1.9 1 11.9  72    0    0 346 -435  2
4218500 2850500  6 17 23  19.4 1015 123  2.5 0 11.8  80    0    0 340 -426  2
4218500 2850500  6 17 24  19.2 1015 107  1.4 0 11.7  83    0    0 334 -420  2
4218500 2850500  6 18  1  18.7 1015 141  2.4 1 11.8  86    0    0 335 -415  2
4218500 2850500  6 18  2  18.2 1015 104  2.5 1 11.8  89    0    0 336 -411  2
4218500 2850500  6 18  3  17.2 1015 125  2.7 1 11.5  90    0    0 333 -407  2
4218500 2850500  6 18  4  16.8 1015 124  2.7 2 11.2  92    0    0 331 -405  2
4218500 2850500  6 18  5  17.4 1015 127  2.3 2 11.4  93   11   22 333 -403  2
4218500 2850500  6 18  6  19.3 1016 126  1.7 2 12.1  91   73   69 336 -404  2
4218500 2850500  6 18  7  22.3 1016 153  2.1 2 12.4  80  174  108 342 -413  2
4218500 2850500  6 18  8  25.3 1016 150  3.4 2 12.5  67  311  129 352 -429  2
4218500 2850500  6 18  9  27.2 1015 153  4.5 3 12.3  58  474  127 361 -448  2
4218500 2850500  6 18 10  28.1 1015 152  5.0 3 11.8  51  588  137 368 -467  2
4218500 2850500  6 18 11  29.4 1015 159  4.4 2 11.6  47  682  141 373 -485  2
4218500 2850500  6 18 12  30.7 1014 151  4.6 2 11.6  43  735  145 380 -500  2
4218500 2850500  6 18 13  31.5 1014 184  4.3 1 11.1  39  692  180 385 -512  2
4218500 2850500  6 18 14  32.5 1013 169  4.7 1 10.9  36  674  171 389 -520  2
4218500 2850500  6 18 15  32.9 1013 163  4.4 1 11.1  36  575  183 394 -522  2
4218500 2850500  6 18 16  33.0 1012 166  4.0 2 10.8  34  487  165 396 -521  2
4218500 2850500  6 18 17  33.0 1012 156  4.7 3 10.6  33  343  162 398 -516  2
4218500 2850500  6 18 18  32.0 1011 167  4.2 4 10.7  35  212  138 398 -507  2
4218500 2850500  6 18 19  30.2 1011 166  3.5 5 11.0  39  103   98 396 -494  2
4218500 2850500  6 18 20  28.5 1010 158  4.0 6 11.2  44   20   47 392 -479  2
4218500 2850500  6 18 21  26.0 1010 159  3.6 5 11.2  49    0    6 386 -464  2
4218500 2850500  6 18 22  25.6 1011 158  4.2 3 11.4  54    0    0 378 -454  2
4218500 2850500  6 18 23  25.0 1011 161  4.1 3 11.5  56    0    0 374 -446  2
4218500 2850500  6 18 24  24.1 1010 173  3.1 2 11.6  60    0    0 371 -440  2
4218500 2850500  6 19  1  23.4 1011 171  3.9 1 12.1  65    0    0 367 -434  2
4218500 2850500  6 19  2  22.5 1011 203  3.0 1 12.4  70    0    0 365 -430  2
4218500 2850500  6 19  3  22.3 1011 208  3.2 1 12.6  74    0    0 363 -427  2
4218500 2850500  6 19  4  22.1 1011 267  4.0 2 13.1  78    0    0 363 -424  2
4218500 2850500  6 19  5  21.6 1012 307  6.2 5 13.4  81    0   17 365 -423  2
4218500 2850500  6 19  6  21.1 1013 317  5.6 6 13.4  84    2   50 368 -426  2
4218500 2850500  6 19  7  21.0 1014 322  5.2 7 13.4  85    8  111 370 -435  2
4218500 2850500  6 19  8  21.1 1015 338  4.5 7 13.2  84   14  177 372 -451  2
4218500 2850500  6 19  9  21.8 1016 334  4.5 8 12.7  79   16  236 378 -469  2
4218500 2850500  6 19 10  22.2 1016 338  3.8 7 12.2  73   82  326 380 -487  2
4218500 2850500  6 19 11  23.7 1017 331  3.5 6 12.0  68  247  368 381 -504  2
4218500 2850500  6 19 12  24.9 1017 325  3.2 5 12.2  64  385  353 384 -517  2
4218500 2850500  6 19 13  25.8 1017 325  2.8 4 12.4  61  406  349 386 -528  2
4218500 2850500  6 19 14  25.7 1017 329  3.4 4 12.5  60  308  367 387 -533  2
4218500 2850500  6 19 15  26.4 1017 331  3.7 4 12.5  59  251  341 389 -531  2
4218500 2850500  6 19 16  26.7 1017 333  3.2 4 12.4  57  337  256 391 -523  2
4218500 2850500  6 19 17  26.2 1017 335  2.7 4 12.2  56  203  232 391 -513  2
4218500 2850500  6 19 18  26.0 1017  30  2.6 3 11.9  56  140  173 387 -501  2
4218500 2850500  6 19 19  24.7 1017  64  3.9 3 11.8  58   44  113 383 -485  2
4218500 2850500  6 19 20  23.9 1017  87  3.5 5 11.8  62    5   44 382 -470  2
4218500 2850500  6 19 21  22.4 1017  69  3.5 6 12.1  68    0    3 382 -456  2
4218500 2850500  6 19 22  21.3 1017  13  3.4 6 11.5  70    0    0 379 -446  2
4218500 2850500  6 19 23  20.2 1018  42  4.2 6  8.8  58    0    0 372 -439  2
4218500 2850500  6 19 24  19.4 1018  44  3.8 7  6.9  48    0    0 367 -433  2
4218500 2850500  6 20  1  18.8 1018  53  4.5 7  6.7  49    0    0 367 -428  2
4218500 2850500  6 20  2  18.4 1018  72  4.4 7  6.9  52    0    0 366 -425  2
4218500 2850500  6 20  3  18.1 1018  73  4.3 7  6.7  52    0    0 364 -421  2
4218500 2850500  6 20  4  16.6 1017  66  4.3 7  6.9  56    0    0 362 -418  2
4218500 2850500  6 20  5  16.6 1017  63  4.3 8  7.6  65    0   16 362 -417  2
4218500 2850500  6 20  6  15.7 1017 349  3.6 8  8.2  72    0   22 363 -419  2
4218500 2850500  6 20  7  15.9 1018  52  4.9 8  8.5  76    0   39 361 -427  2
4218500 2850500  6 20  8  16.4 1018  59  5.7 8  8.4  73    0   69 361 -440  2
4218500 2850500  6 20  9  18.1 1017  85  5.9 8  8.4  68    0  147 364 -457  2
4218500 2850500  6 20 10  20.8 1016 100  6.3 6  8.8  63  124  337 367 -480  2
4218500 2850500  6 20 11  22.1 1015 105  6.1 6  9.4  59  254  374 372 -502  2
4218500 2850500  6 20 12  24.7 1014 116  6.2 4 10.1  56  527  295 378 -517  2
4218500 2850500  6 20 13  26.2 1013 108  5.7 3 10.9  54  636  244 382 -528  2
4218500 2850500  6 20 14  27.4 1012 111  5.7 2 11.6  52  584  253 387 -536  2
4218500 2850500  6 20 15  28.6 1011 103  4.8 2 12.0  50  542  228 391 -534  2
4218500 2850500  6 20 16  29.1 1011 140  4.0 2 12.2  49  274  265 392 -526  2
4218500 2850500  6 20 17  27.8 1010 131  3.8 6 12.2  50    0  101 400 -519  2
4218500 2850500  6 20 18  27.1 1009 140  3.7 6 12.1  52    0   31 409 -512  2
4218500 2850500  6 20 19  26.9 1009 147  4.0 7 12.3  55    0   18 413 -497  2
4218500 2850500  6 20 20  25.0 1009 194  3.6 7 13.1  62    0    6 414 -475  2
4218500 2850500  6 20 21  20.8 1009 273  4.7 8 13.7  77    0    0 409 -454  2
4218500 2850500  6 20 22  20.3 1012 274  3.1 6 13.7  90    0    0 396 -443  2
4218500 2850500  6 20 23  20.7 1011 275  4.3 6 13.7  90    0    0 385 -436  2
4218500 2850500  6 20 24  20.3 1012 265  4.5 5 13.5  89    0    0 381 -427  2
4218500 2850500  6 21  1  19.3 1013 277  6.5 5 12.9  88    0    0 374 -416  2
4218500 2850500  6 21  2  17.7 1014 279  6.9 4 11.5  86    0    0 363 -409  2
4218500 2850500  6 21  3  17.1 1014 267  5.3 4 10.3  83    0    0 353 -405  2
4218500 2850500  6 21  4  16.8 1014 277  5.8 5  9.8  81    0    0 355 -401  2
4218500 2850500  6 21  5  16.2 1015 286  5.5 6  9.6  81    9   21 361 -397  2
4218500 2850500  6 21  6  16.6 1016 290  5.9 5  9.4  81   61   68 361 -395  2
4218500 2850500  6 21  7  16.7 1016 304  5.2 5  9.5  80   75  132 355 -394  2
4218500 2850500  6 21  8  17.1 1017 307  4.0 7  9.4  78   52  201 361 -396  2
4218500 2850500  6 21  9  18.1 1017 333  2.2 5  9.2  73  279  223 360 -405  2
4218500 2850500  6 21 10  19.4 1017 340  2.0 5  9.3  69  294  289 354 -417  2
4218500 2850500  6 21 11  20.3 1017 269  2.8 7  9.4  65  122  365 364 -429  2
4218500 2850500  6 21 12  20.5 1017 291  2.6 5  9.3  62  317  359 363 -439  2
4218500 2850500  6 21 13  21.3 1017 245  1.8 6  9.2  59  181  392 359 -448  2
4218500 2850500  6 21 14  21.1 1017 282  2.0 7  9.0  58   44  342 364 -453  2
4218500 2850500  6 21 15  20.9 1017 300  1.9 7  8.9  57    3  239 367 -454  2
4218500 2850500  6 21 16  20.8 1016 327  2.0 7  8.9  58    5  209 365 -455  2
4218500 2850500  6 21 17  20.9 1016 351  0.0 8  9.0  58    0  116 369 -454  2
4218500 2850500  6 21 18  21.1 1015 283  1.2 8  8.9  58    0  105 374 -449  2
4218500 2850500  6 21 19  20.0 1014 325  1.1 8  9.1  60    0   43 372 -441  2
4218500 2850500  6 21 20  19.9 1014 206  2.9 7  9.4  64    0    7 368 -431  2
4218500 2850500  6 21 21  18.8 1014 200  2.3 6  9.8  70    0    0 359 -422  2
4218500 2850500  6 21 22  17.6 1015 221  2.3 5 10.2  78    0    0 350 -416  2
4218500 2850500  6 21 23  16.9 1015 218  2.5 5 10.3  84    0    0 345 -411  2
4218500 2850500  6 21 24  16.4 1015 257  2.3 3 10.5  88    0    0 337 -408  2
4218500 2850500  6 22  1  15.7 1015 256  2.3 2 10.5  92    0    0 323 -406  2
4218500 2850500  6 22  2  15.3 1015 251  2.3 2 10.4  94    0    0 316 -402  2
4218500 2850500  6 22  3  14.7 1015 233  2.0 0 10.2  95    0    0 305 -400  2
4218500 2850500  6 22  4  14.4 1015 237  2.1 0  9.9  95    0    0 296 -398  2
4218500 2850500  6 22  5  14.7 1015 241  1.8 4 10.0  96    0    3 313 -398  2
4218500 2850500  6 22  6  15.8 1016 267  1.8 6 10.4  96    2   51 343 -399  2
4218500 2850500  6 22  7  17.6 1016 288  1.9 3 10.6  89  103  131 344 -399  2
4218500 2850500  6 22  8  19.6 1016 264  2.6 2 10.2  76  272  150 333 -402  2
4218500 2850500  6 22  9  20.6 1016 256  4.0 2  9.4  64  383  179 335 -406  2
4218500 2850500  6 22 10  21.3 1016 250  3.6 3  9.3  60  376  259 346 -415  2
4218500 2850500  6 22 11  21.7 1016 276  4.3 4  9.4  58  419  293 361 -422  2
4218500 2850500  6 22 12  22.6 1016 287  4.3 3  8.9  53  576  244 364 -429  2
4218500 2850500  6 22 13  24.1 1016 278  4.2 1  8.3  47  677  193 357 -441  2
4218500 2850500  6 22 14  24.4 1016 273  4.4 1  7.8  42  679  171 351 -447  2
4218500 2850500  6 22 15  24.8 1015 294  2.4 1  7.4  38  522  217 348 -452  2
4218500 2850500  6 22 16  25.4 1015 264  2.4 3  7.7  39  314  236 353 -455  2
4218500 2850500  6 22 17  24.7 1015 281  3.3 7  8.1  41   45  224 368 -453  2
4218500 2850500  6 22 18  24.1 1014 292  2.3 6  8.4  44   13  145 377 -447  2
4218500 2850500  6 22 19  23.8 1014 314  1.2 5  8.8  47   34  108 371 -438  2
4218500 2850500  6 22 20  23.2 1014 312  0.0 4  9.3  51    7   46 364 -428  2
4218500 2850500  6 22 21  21.3 1014 177  1.9 3  9.7  57    0    4 354 -416  2
4218500 2850500  6 22 22  20.1 1014 158  2.1 3 10.0  66    0    0 345 -407  2
4218500 2850500  6 22 23  19.7 1013 154  2.5 4 10.4  72    0    0 346 -400  2
4218500 2850500  6 22 24  20.0 1012 150  2.1 6 10.7  74    0    0 358 -397  2
4218500 2850500  6 23  1  20.3 1012 166  3.5 7 10.7  72    0    0 372 -397  2
4218500 2850500  6 23  2  20.5 1011 175  4.0 7 10.7  71    0    0 378 -395  2
4218500 2850500  6 23  3  20.9 1010 181  4.6 7 10.8  70    0    0 380 -395  2
4218500 2850500  6 23  4  20.8 1009 282  5.7 7 11.1  71    0    0 382 -394  2
4218500 2850500  6 23  5  19.7 1010 301  5.4 7 11.7  78    0    3 381 -391  2
4218500 2850500  6 23  6  18.7 1010 298  4.7 7 11.6  83   13   64 377 -389  2
4218500 2850500  6 23  7  18.4 1011 287  5.4 6 10.9  81    4  102 370 -392  2
4218500 2850500  6 23  8  19.0 1011 296  6.1 6  9.4  70   38  194 364 -399  2
4218500 2850500  6 23  9  18.9 1012 288  5.8 6  8.4  61   37  257 364 -404  2
4218500 2850500  6 23 10  17.6 1012 280  6.0 7  8.7  66    0  217 366 -411  2
4218500 2850500  6 23 11  17.8 1013 289  6.7 7  8.8  69    0  207 367 -421  2
4218500 2850500  6 23 12  17.3 1013 297  6.9 7  9.0  71    0  185 363 -431  2
4218500 2850500  6 23 13  20.1 1014 296  4.5 5  9.0  67  173  381 356 -439  2
4218500 2850500  6 23 14  21.9 1014 273  6.4 3  8.7  56  548  247 346 -444  2
4218500 2850500  6 23 15  22.3 1013 281  7.6 3  8.3  50  436  260 341 -444  2
4218500 2850500  6 23 16  22.9 1013 271  6.3 3  7.8  46  423  194 340 -444  2
4218500 2850500  6 23 17  22.3 1013 309  5.8 3  7.8  46  251  206 339 -440  2
4218500 2850500  6 23 18  21.9 1013 295  6.3 2  7.9  48  175  156 333 -434  2
4218500 2850500  6 23 19  21.2 1013 307  5.4 1  7.9  49   69  108 324 -427  2
4218500 2850500  6 23 20  20.2 1014 305  2.8 2  7.9  52   21   49 320 -418  2
4218500 2850500  6 23 21  17.9 1014 309  2.4 2  7.9  57    0    4 318 -408  2
4218500 2850500  6 23 22  16.5 1015 302  2.7 3  8.0  65    0    0 314 -400  2
4218500 2850500  6 23 23  15.4 1015 284  2.1 2  8.0  70    0    0 309 -393  2
4218500 2850500  6 23 24  14.1 1015 335  2.1 2  7.9  75    0    0 298 -388  2
4218500 2850500  6 24  1  13.6 1015  12  2.2 2  7.9  80    0    0 292 -382  2
4218500 2850500  6 24  2  12.7 1015  14  2.3 1  7.8  83    0    0 288 -379  2
4218500 2850500  6 24  3  11.9 1015 359  2.2 2  7.5  84    0    0 288 -376  2
4218500 2850500  6 24  4  12.7 1015 353  2.3 4  7.2  80    0    0 303 -373  2
4218500 2850500  6 24  5  13.0 1015  12  1.9 4  7.0  76    0    6 314 -371  2
4218500 2850500  6 24  6  14.6 1015 340  1.8 5  7.3  74    5   53 322 -373  2
4218500 2850500  6 24  7  15.2 1015 324  2.6 6  7.4  70   25  122 335 -380  2
4218500 2850500  6 24  8  15.8 1016 315  3.6 6  7.4  68   45  191 343 -392  2
4218500 2850500  6 24  9  16.8 1016 321  3.2 7  7.5  65   41  252 352 -406  2
4218500 2850500  6 24 10  17.2 1016 298  4.2 5  7.6  63  262  287 349 -419  2
4218500 2850500  6 24 11  18.7 1016 298  4.3 5  7.2  56  485  239 340 -431  2
4218500 2850500  6 24 12  19.7 1017 293  5.6 3  6.7  48  583  219 333 -439  2
4218500 2850500  6 24 13  19.4 1017 318  6.5 3  6.5  46  305  349 326 -445  2
4218500 2850500  6 24 14  20.1 1016 316  5.9 2  6.5  45  323  326 322 -449  2
4218500 2850500  6 24 15  20.8 1017 318  5.0 4  6.4  43  159  317 326 -452  2
4218500 2850500  6 24 16  19.8 1017 302  5.7 4  6.5  44  145  256 332 -453  2
4218500 2850500  6 24 17  20.5 1017 309  6.1 3  6.5  44  191  213 329 -448  2
4218500 2850500  6 24 18  20.0 1017 291  6.5 2  6.3  43  196  139 320 -441  2
4218500 2850500  6 24 19  19.3 1018 294  6.1 1  6.1  43   95   98 309 -431  2
4218500 2850500  6 24 20  18.3 1018 310  4.4 1  5.9  44   29   47 302 -419  2
4218500 2850500  6 24 21  16.5 1018 281  3.1 0  6.1  49    0    5 293 -406  2
4218500 2850500  6 24 22  15.5 1019 281  3.5 0  6.3  56    0    0 285 -395  2
4218500 2850500  6 24 23  15.0 1020 292  3.7 0  6.6  62    0    0 283 -387  2
4218500 2850500  6 24 24  14.4 1020 312  3.7 1  6.8  66    0    0 283 -381  2
4218500 2850500  6 25  1  13.4 1020 281  3.5 2  6.9  70    0    0 287 -377  2
4218500 2850500  6 25  2  12.7 1021 297  3.1 3  7.0  75    0    0 291 -373  2
4218500 2850500  6 25  3  11.7 1021 289  2.7 3  6.9  78    0    0 293 -370  2
4218500 2850500  6 25  4  10.8 1020 286  2.8 2  6.8  82    0    0 289 -369  2
4218500 2850500  6 25  5  12.1 1021 301  3.0 2  7.0  84    7   17 288 -369  2
4218500 2850500  6 25  6  13.3 1021 301  2.7 2  7.3  80   72   62 291 -371  2
4218500 2850500  6 25  7  14.9 1021 301  3.9 2  7.4  74  185   95 295 -380  2
4218500 2850500  6 25  8  15.9 1021 291  4.6 1  7.4  68  361   95 295 -397  2
4218500 2850500  6 25  9  17.2 1021 279  5.9 1  7.1  60  401  156 295 -417  2
4218500 2850500  6 25 10  16.9 1021 296  5.5 4  6.8  56  311  255 310 -436  2
4218500 2850500  6 25 11  18.3 1021 316  5.0 5  6.7  54  295  306 330 -454  2
4218500 2850500  6 25 12  19.5 1021 298  5.2 4  6.9  51  344  317 337 -465  2
4218500 2850500  6 25 13  19.8 1021 317  5.4 4  6.8  48  268  337 337 -472  2
4218500 2850500  6 25 14  20.2 1021 302  5.0 4  6.7  46  291  316 339 -473  2
4218500 2850500  6 25 15  20.2 1020 294  5.1 5  6.8  46  109  291 343 -472  2
4218500 2850500  6 25 16  20.6 1020 316  4.5 6  7.0  47  125  244 352 -470  2
4218500 2850500  6 25 17  20.8 1020 293  4.5 4  7.1  47  297  171 350 -466  2
4218500 2850500  6 25 18  20.4 1020 306  4.1 3  7.1  47  170  143 338 -459  2
4218500 2850500  6 25 19  20.2 1019 312  3.3 2  7.0  47   76   98 328 -447  2
4218500 2850500  6 25 20  19.4 1019 315  2.2 6  7.1  49   13   41 338 -433  2
4218500 2850500  6 25 21  18.6 1019 274  2.6 7  7.4  54    0    1 355 -417  2
4218500 2850500  6 25 22  18.4 1020 264  2.2 7  7.7  58    0    0 357 -405  2
4218500 2850500  6 25 23  17.7 1020 260  3.0 6  7.8  61    0    0 352 -397  2
4218500 2850500  6 25 24  16.1 1020 287  3.1 5  7.9  66    0    0 341 -392  2
4218500 2850500  6 26  1  14.9 1020 281  2.9 5  8.1  74    0    0 336 -388  2
4218500 2850500  6 26  2  13.6 1020 306  2.9 4  8.3  82    0    0 329 -383  2
4218500 2850500  6 26  3  13.0 1020 285  2.6 4  8.3  87    0    0 323 -378  2
4218500 2850500  6 26  4  12.3 1019 254  2.2 4  8.2  90    0    0 321 -374  2
4218500 2850500  6 26  5  12.7 1019 275  2.3 4  8.2  91    2   16 321 -372  2
4218500 2850500  6 26  6  13.9 1019 294  1.7 3  8.1  85   37   71 321 -375  2
4218500 2850500  6 26  7  16.3 1019 292  2.2 2  7.8  74  133  135 315 -388  2
4218500 2850500  6 26  8  17.2 1019 302  2.9 2  7.2  61  213  193 315 -407  2
4218500 2850500  6 26  9  17.9 1020 278  2.8 3  7.1  57  220  263 322 -428  2
4218500 2850500  6 26 10  19.4 1019 231  3.5 2  7.5  56  491  236 327 -449  2
4218500 2850500  6 26 11  21.0 1018 238  4.6 3  7.8  53  389  332 335 -468  2
4218500 2850500  6 26 12  21.2 1018 268  6.0 6  7.9  51  218  392 357 -484  2
4218500 2850500  6 26 13  22.4 1017 239  3.9 6  7.9  49  269  393 372 -485  2
4218500 2850500  6 26 14  22.8 1017 245  1.8 5  7.9  46  229  375 370 -472  2
4218500 2850500  6 26 15  23.5 1016 276  4.1 5  7.8  44  173  338 367 -475  2
4218500 2850500  6 26 16  23.5 1015 256  4.2 5  7.6  42  162  284 366 -484  2
4218500 2850500  6 26 17  23.4 1014 333  3.3 5  7.4  41  151  239 364 -479  2
4218500 2850500  6 26 18  23.9 1014 265  3.2 4  7.3  40   86  176 360 -469  2
4218500 2850500  6 26 19  23.1 1013 256  2.7 4  7.1  40   35  102 355 -457  2
4218500 2850500  6 26 20  21.6 1013 207  2.4 2  7.3  43    8   41 346 -445  2
4218500 2850500  6 26 21  19.1 1012 207  2.4 2  7.6  51    0    4 333 -434  2
4218500 2850500  6 26 22  18.2 1012 198  3.1 1  7.9  58    0    0 324 -425  2
4218500 2850500  6 26 23  16.8 1011 197  2.9 1  7.9  64    0    0 316 -419  2
4218500 2850500  6 26 24  15.8 1011 198  2.9 1  8.0  69    0    0 314 -415  2
4218500 2850500  6 27  1  15.2 1010 206  2.8 0  7.8  71    0    0 307 -410  2
4218500 2850500  6 27  2  14.9 1010 214  2.8 1  7.6  71    0    0 306 -407  2
4218500 2850500  6 27  3  14.4 1009 230  2.3 2  7.6  73    0    0 312 -405  2
4218500 2850500  6 27  4  14.2 1008 229  2.0 4  7.8  76    0    0 322 -403  2
4218500 2850500  6 27  5  14.6 1008 245  2.0 6  8.0  78    0    6 337 -400  2
4218500 2850500  6 27  6  15.2 1007 154  1.8 6  8.4  79   29   61 345 -398  2
4218500 2850500  6 27  7  17.1 1007 215  1.9 4  8.7  76   50  119 341 -404  2
4218500 2850500  6 27  8  18.4 1006 203  2.2 5  9.0  70   95  187 342 -415  2
4218500 2850500  6 27  9  20.0 1006 238  2.8 4  9.3  66  188  249 348 -425  2
4218500 2850500  6 27 10  21.3 1005 284  4.8 6  9.4  61  173  313 360 -436  2
4218500 2850500  6 27 11  20.6 1005 292  6.1 7  9.4  60   31  304 375 -455  2
4218500 2850500  6 27 12  20.5 1005 265  7.5 5  8.7  57  197  358 370 -474  2
4218500 2850500  6 27 13  19.9 1006 304  8.7 3  8.3  55  436  334 357 -473  2
4218500 2850500  6 27 14  20.0 1006 289  6.4 5  8.3  57  207  357 356 -455  2
4218500 2850500  6 27 15  19.0 1006 294  7.3 7  7.7  54   37  273 363 -429  2
4218500 2850500  6 27 16  19.6 1006 283  6.7 5  7.3  52  230  256 360 -418  2
4218500 2850500  6 27 17  19.8 1006 286  6.9 4  7.1  49  162  225 351 -433  2
4218500 2850500  6 27 18  19.1 1005 286  6.1 4  7.0  49  166  160 346 -441  2
4218500 2850500  6 27 19  18.9 1005 264  3.8 5  6.9  50   57  106 347 -434  2
4218500 2850500  6 27 20  18.3 1005 280  3.7 4  6.8  50    0   25 345 -424  2
4218500 2850500  6 27 21  17.3 1005 238  2.8 4  6.8  53    0    1 338 -414  2
4218500 2850500  6 27 22  16.1 1006 270  3.1 4  7.1  59    0    0 333 -407  2
4218500 2850500  6 27 23  14.0 1006 319  3.1 4  7.3  68    0    0 327 -398  2
4218500 2850500  6 27 24  13.3 1006 310  2.1 5  7.1  72    0    0 326 -387  2
4218500 2850500  6 28  1  12.7 1006 248  3.5 6  7.4  78    0    0 330 -381  2
4218500 2850500  6 28  2  12.2 1006 262  2.6 5  7.9  87    0    0 330 -377  2
4218500 2850500  6 28  3  11.4 1006 266  3.2 3  7.6  87    0    0 314 -376  2
4218500 2850500  6 28  4  10.6 1006 269  3.6 3  7.1  86    0    0 303 -375  2
4218500 2850500  6 28  5  11.5 1006 281  3.8 2  7.0  85   26   12 298 -370  2
4218500 2850500  6 28  6  11.8 1006 270  4.8 1  6.9  80  116   56 287 -370  2
4218500 2850500  6 28  7  12.9 1006 259  5.7 0  6.9  77  277   57 277 -376  2
4218500 2850500  6 28  8  14.0 1006 261  6.7 2  7.0  72  382   77 284 -386  2
4218500 2850500  6 28  9  15.3 1006 258  6.4 3  7.0  67  412  141 300 -397  2
4218500 2850500  6 28 10  16.0 1006 252  7.0 3  6.7  60  424  204 306 -406  2
4218500 2850500  6 28 11  16.6 1005 263  7.0 4  6.3  54  219  315 313 -415  2
4218500 2850500  6 28 12  16.2 1005 244  8.9 5  6.2  53   60  308 323 -420  2
4218500 2850500  6 28 13  18.4 1005 247  7.9 5  6.1  49  228  326 330 -430  2
4218500 2850500  6 28 14  17.7 1005 213  7.3 5  6.0  46  204  315 329 -436  2
4218500 2850500  6 28 15  17.2 1005 273  7.4 7  6.0  48   30  255 331 -431  2
4218500 2850500  6 28 16  17.4 1005 268  7.9 8  6.1  49    3  165 341 -430  2
4218500 2850500  6 28 17  18.3 1005 263  8.1 6  6.2  48  147  205 339 -429  2
4218500 2850500  6 28 18  13.2 1005 261  6.7 6  7.3  65   48  143 329 -422  2
4218500 2850500  6 28 19  14.0 1006 247  5.5 5  8.6  88   37   89 323 -413  2
4218500 2850500  6 28 20  13.9 1005 231  4.6 3  8.4  84   40   44 313 -403  2
4218500 2850500  6 28 21  13.8 1006 251  6.1 3  8.0  80    0    7 305 -393  2
4218500 2850500  6 28 22  13.6 1006 275  6.7 3  7.6  77    0    0 305 -386  2
4218500 2850500  6 28 23  13.5 1006 264  7.0 4  7.7  79    0    0 310 -383  2
4218500 2850500  6 28 24  13.2 1007 264  7.0 7  7.9  82    0    0 326 -382  2
4218500 2850500  6 29  1  13.2 1007 287  8.0 8  7.8  82    0    0 345 -381  2
4218500 2850500  6 29  2  12.4 1008 278  7.3 8  7.9  85    0    0 349 -380  2
4218500 2850500  6 29  3  12.5 1008 278  6.7 7  7.8  86    0    0 342 -380  2
4218500 2850500  6 29  4  12.1 1008 278  7.0 7  7.4  82    0    0 338 -379  2
4218500 2850500  6 29  5  12.3 1008 280  7.2 7  7.2  81    0    3 338 -378  2
4218500 2850500  6 29  6  12.2 1008 278  7.2 7  7.1  80    0   17 338 -378  2
4218500 2850500  6 29  7  12.4 1009 278  6.2 8  7.1  79    0   70 343 -382  2
4218500 2850500  6 29  8  13.0 1009 292  6.4 7  7.0  76   12  153 344 -389  2
4218500 2850500  6 29  9  14.3 1010 286  6.8 6  6.8  69   99  242 337 -398  2
4218500 2850500  6 29 10  15.0 1010 284  7.5 6  6.6  63  180  293 336 -402  2
4218500 2850500  6 29 11  15.6 1010 286  7.8 7  6.4  59  115  328 343 -412  2
4218500 2850500  6 29 12  16.7 1010 274  8.6 7  5.9  51   57  312 350 -420  2
4218500 2850500  6 29 13  17.5 1011 265  8.0 5  5.7  47  160  341 344 -417  2
4218500 2850500  6 29 14  17.7 1011 286  7.4 3  5.9  47  409  290 328 -425  2
4218500 2850500  6 29 15  18.0 1011 295  9.1 4  5.9  46  184  302 325 -431  2
4218500 2850500  6 29 16  17.8 1011 248  8.5 3  5.9  46  369  197 325 -431  2
4218500 2850500  6 29 17  15.4 1011 302  4.9 5  6.2  52  128  215 325 -421  2
4218500 2850500  6 29 18  14.2 1012 266  6.1 7  6.9  66   25  136 336 -410  2
4218500 2850500  6 29 19  14.8 1012 272  5.5 6  7.2  70   29   91 340 -407  2
4218500 2850500  6 29 20  14.3 1012 268  5.3 4  7.1  69   20   44 327 -399  2
4218500 2850500  6 29 21  13.5 1012 262  4.9 2  7.0  71    0    5 307 -390  2
4218500 2850500  6 29 22  12.8 1013 269  4.7 2  6.9  73    0    0 295 -385  2
4218500 2850500  6 29 23  12.0 1013 274  3.7 2  7.0  78    0    0 292 -380  2
4218500 2850500  6 29 24  11.4 1013 259  2.8 2  7.1  83    0    0 290 -375  2
4218500 2850500  6 30  1  11.0 1013 231  2.6 3  7.1  86    0    0 294 -369  2
4218500 2850500  6 30  2  10.1 1012 211  2.9 3  7.0  88    0    0 296 -364  2
4218500 2850500  6 30  3   9.9 1012 207  3.1 4  6.9  90    0    0 301 -361  2
4218500 2850500  6 30  4  10.6 1012 209  3.5 6  7.0  90    0    0 316 -359  2
4218500 2850500  6 30  5  11.3 1011 200  4.0 8  6.9  85   12   28 338 -357  2
4218500 2850500  6 30  6  11.5 1011 211  3.8 8  7.0  83    0   21 349 -358  2
4218500 2850500  6 30  7  12.1 1011 217  3.4 8  7.1  82    0   43 349 -365  2
4218500 2850500  6 30  8  13.9 1011 218  3.9 8  7.2  77    9  174 352 -379  2
4218500 2850500  6 30  9  16.0 1011 247  5.1 7  7.4  70   60  309 351 -395  2
4218500 2850500  6 30 10  16.7 1010 266  7.5 7  7.2  62   45  353 350 -407  2
4218500 2850500  6 30 11  15.5 1010 268  5.9 8  7.2  63   13  309 355 -407  2
4218500 2850500  6 30 12  16.2 1010 243  4.8 8  7.7  68    9  287 361 -401  2
4218500 2850500  6 30 13  16.0 1010 255  3.7 8  8.1  70   18  313 363 -394  2
4218500 2850500  6 30 14  17.9 1010 229  3.7 8  7.9  66   25  334 366 -391  2
4218500 2850500  6 30 15  18.0 1009 258  4.3 8  7.6  59    7  250 367 -400  2
4218500 2850500  6 30 16  18.5 1009 271  3.7 8  7.1  54   25  246 366 -412  2
4218500 2850500  6 30 17  19.1 1008 259  3.5 7  6.8  50   77  297 362 -418  2
4218500 2850500  6 30 18  19.3 1008 263  2.5 7  7.0  50   82  237 359 -418  2
4218500 2850500  6 30 19  18.7 1007 261  0.9 7  7.3  53    8   94 358 -410  2
4218500 2850500  6 30 20  18.4 1007 248  2.3 7  7.4  55    0   36 357 -399  2
4218500 2850500  6 30 21  18.0 1006 242  2.5 7  7.5  57    0    0 357 -392  2
4218500 2850500  6 30 22  17.6 1006 240  2.9 7  7.5  58    0    0 355 -385  2
4218500 2850500  6 30 23  17.8 1006 244  2.7 6  8.4  64    0    0 353 -379  2
4218500 2850500  6 30 24  17.9 1006 230  2.3 5  9.5  71    0    0 352 -377  2
4218500 2850500  7  1  1  18.3 1015 201  1.8 3 10.8  79    0    0 347 -400  2
4218500 2850500  7  1  2  18.3 1015 165  1.4 3 11.8  87    0    0 345 -400  2
4218500 2850500  7  1  3  18.4 1015 135  1.2 2 12.5  92    0    0 344 -398  2
4218500 2850500  7  1  4  18.1 1015 110  1.4 3 12.4  94    0    0 349 -396  2
4218500 2850500  7  1  5  18.7 1015 139  1.6 3 12.6  94   11   24 356 -394  2
4218500 2850500  7  1  6  18.6 1015 112  1.8 3 12.7  96   33   72 354 -396  2
4218500 2850500  7  1  7  19.8 1016 141  1.9 4 13.0  93   95  138 354 -404  2
4218500 2850500  7  1  8  20.7 1016 152  1.3 4 13.1  88  257  166 360 -418  2
4218500 2850500  7  1  9  22.0 1016 176  0.9 4 13.0  82  359  207 363 -437  2
4218500 2850500  7  1 10  24.3 1016 330  1.7 4 12.4  70  479  225 369 -457  2
4218500 2850500  7  1 11  25.3 1016  15  2.0 4 12.3  62  557  242 377 -475  2
4218500 2850500  7  1 12  26.0 1016 356  2.3 4 12.6  61  437  343 381 -489  2
4218500 2850500  7  1 13  26.5 1016  33  2.2 4 12.7  59  261  405 385 -499  2
4218500 2850500  7  1 14  27.3 1015 326  2.8 4 13.1  59  199  390 388 -503  2
4218500 2850500  7  1 15  26.2 1015 341  3.3 8 13.0  59    0  178 396 -501  2
4218500 2850500  7  1 16  25.5 1014 217  3.5 7 12.6  60    0   99 397 -497  2
4218500 2850500  7  1 17  25.3 1015 191  2.2 8 12.7  62    0   55 395 -494  2
4218500 2850500  7  1 18  23.2 1015 194  1.8 8 13.4  70    0   31 393 -486  2
4218500 2850500  7  1 19  24.1 1014 166  1.9 7 13.7  74    0   25 389 -473  2
4218500 2850500  7  1 20  23.8 1015 213  1.1 6 13.3  71    0    7 384 -459  2
4218500 2850500  7  1 21  21.8 1015 150  1.6 6 13.5  77    0    0 378 -445  2
4218500 2850500  7  1 22  20.8 1015 147  1.2 5 13.4  84    0    0 370 -433  2
4218500 2850500  7  1 23  20.0 1015 245  1.5 4 12.9  85    0    0 361 -423  2
4218500 2850500  7  1 24  19.5 1015 317  1.1 2 12.9  89    0    0 351 -414  2
4218500 2850500  7  2  1  19.5 1015  43  2.0 2 12.7  89    0    0 344 -407  2
4218500 2850500  7  2  2  18.7 1015  17  1.9 3 12.5  90    0    0 344 -401  2
4218500 2850500  7  2  3  18.5 1015  37  1.9 3 12.5  93    0    0 345 -397  2
4218500 2850500  7  2  4  18.1 1014  25  1.9 4 12.3  93    0    0 346 -395  2
4218500 2850500  7  2  5  18.8 1015  34  1.5 6 12.5  94    0    4 356 -393  2
4218500 2850500  7  2  6  19.2 1015  29  1.1 5 12.9  94   38   57 360 -396  2
4218500 2850500  7  2  7  21.0 1015  24  1.9 1 13.1  88  200   60 346 -405  2
4218500 2850500  7  2  8  22.5 1014  38  1.4 1 13.2  81  390   56 338 -420  2
4218500 2850500  7  2  9  24.1 1014  38  1.3 1 13.1  73  540   62 344 -440  2
4218500 2850500  7  2 10  24.8 1014 356  1.4 2 12.9  67  572   82 353 -462  2
4218500 2850500  7  2 11  26.2 1014  23  1.9 3 13.0  63  411  182 364 -482  2
4218500 2850500  7  2 12  26.3 1014  28  2.1 4 12.8  60  203  322 374 -497  2
4218500 2850500  7  2 13  26.6 1013  52  2.3 4 12.5  58  152  320 378 -506  2
4218500 2850500  7  2 14  27.9 1013  35  3.0 5 12.3  54   82  303 384 -506  2
4218500 2850500  7  2 15  27.9 1012  26  2.5 4 12.5  53  128  279 387 -503  2
4218500 2850500  7  2 16  27.2 1011  59  3.7 4 12.6  54  101  241 383 -502  2
4218500 2850500  7  2 17  25.3 1012 139  5.3 7 12.3  57    0  125 384 -497  2
4218500 2850500  7  2 18  24.3 1011 197  2.8 7 12.2  62    0   57 386 -489  2
4218500 2850500  7  2 19  24.0 1011 198  2.3 6 12.3  65    0   42 379 -477  2
4218500 2850500  7  2 20  22.7 1011 258  0.7 5 12.4  68    0   15 369 -462  2
4218500 2850500  7  2 21  21.5 1011 348  0.6 4 12.6  75    0    0 359 -448  2
4218500 2850500  7  2 22  20.3 1011 323  1.5 3 12.9  82    0    0 348 -436  2
4218500 2850500  7  2 23  20.2 1011  41  2.1 2 12.7  85    0    0 340 -427  2
4218500 2850500  7  2 24  19.6 1012  57  1.9 2 12.6  86    0    0 337 -420  2
4218500 2850500  7  3  1  18.8 1011  30  2.0 2 12.2  87    0    0 333 -413  2
4218500 2850500  7  3  2  18.5 1011  67  0.5 1 11.9  88    0    0 329 -408  2
4218500 2850500  7  3  3  18.2 1011  40  0.6 1 11.9  89    0    0 327 -403  2
4218500 2850500  7  3  4  17.6 1011  53  0.7 1 11.6  90    0    0 324 -399  2
4218500 2850500  7  3  5  18.1 1010  69  0.7 1 11.7  91    7   21 323 -396  2
4218500 2850500  7  3  6  19.8 1010  86  0.7 0 12.1  88   74   68 323 -398  2
4218500 2850500  7  3  7  20.9 1010  65  0.8 1 12.6  83  154  115 325 -406  2
4218500 2850500  7  3  8  22.2 1010 135  1.0 2 13.0  80  111  203 333 -423  2
4218500 2850500  7  3  9  23.6 1011 154  1.2 3 13.5  76  209  258 343 -443  2
4218500 2850500  7  3 10  24.6 1010 200  1.2 2 13.8  73  454  223 349 -465  2
4218500 2850500  7  3 11  25.7 1010 147  1.4 2 13.7  68  688  153 353 -486  2
4218500 2850500  7  3 12  26.9 1010 131  2.0 1 13.4  62  730  164 358 -503  2
4218500 2850500  7  3 13  27.4 1009 146  1.7 2 12.9  57  684  198 362 -514  2
4218500 2850500  7  3 14  27.7 1008 150  1.8 2 12.2  53  613  221 367 -520  2
4218500 2850500  7  3 15  28.6 1008 109  1.1 2 11.7  49  528  224 369 -521  2
4218500 2850500  7  3 16  25.2 1007  61  2.0 2 11.9  53  326  262 364 -520  2
4218500 2850500  7  3 17  25.9 1007 359  0.9 2 12.3  59  189  235 360 -517  2
4218500 2850500  7  3 18  26.2 1006  92  2.1 3 12.5  59  104  180 362 -507  2
4218500 2850500  7  3 19  26.1 1006 119  2.1 5 12.8  59   28   90 368 -492  2
4218500 2850500  7  3 20  25.2 1006 119  2.2 4 12.2  58    0   17 370 -478  2
4218500 2850500  7  3 21  23.1 1006 134  1.9 6 11.5  61    0    0 366 -463  2
4218500 2850500  7  3 22  22.1 1006 114  2.2 5 11.5  66    0    0 365 -450  2
4218500 2850500  7  3 23  20.8 1006 123  1.7 3 11.4  70    0    0 353 -439  2
4218500 2850500  7  3 24  19.9 1006 117  2.0 3 11.3  75    0    0 344 -431  2
4218500 2850500  7  4  1  21.1 1006 121  1.7 3 11.2  74    0    0 345 -425  2
4218500 2850500  7  4  2  19.5 1006 142  1.6 1 11.2  74    0    0 337 -420  2
4218500 2850500  7  4  3  19.2 1006 165  1.6 3 11.5  81    0    0 333 -416  2
4218500 2850500  7  4  4  19.1 1005 184  1.7 4 11.7  83    0    0 343 -412  2
4218500 2850500  7  4  5  19.6 1005 208  2.0 3 11.7  82    1   16 343 -409  2
4218500 2850500  7  4  6  20.7 1005 246  1.9 2 12.0  80   52   70 340 -410  2
4218500 2850500  7  4  7  22.6 1005 276  3.7 1 12.6  76  157  115 337 -420  2
4218500 2850500  7  4  8  23.4 1005 280  3.7 2 12.9  72  124  202 342 -438  2
4218500 2850500  7  4  9  24.5 1005 290  4.1 5 13.1  69   95  274 362 -459  2
4218500 2850500  7  4 10  25.2 1005 258  4.2 4 13.4  67  143  337 375 -480  2
4218500 2850500  7  4 11  25.1 1005 200  4.0 3 13.8  68  490  267 373 -500  2
4218500 2850500  7  4 12  26.1 1005 196  4.9 4 13.8  66  424  334 378 -520  2
4218500 2850500  7  4 13  26.6 1004 269  4.8 5 13.8  63  391  355 389 -524  2
4218500 2850500  7  4 14  27.1 1004 267  5.9 3 13.8  61  578  244 389 -521  2
4218500 2850500  7  4 15  26.6 1003 291  5.7 2 13.5  60  400  293 380 -520  2
4218500 2850500  7  4 16  26.7 1003 303  5.5 4 12.9  58   94  282 380 -505  2
4218500 2850500  7  4 17  22.6 1004 333  4.0 6 12.2  62    0  112 383 -492  2
4218500 2850500  7  4 18  20.4 1004  68  4.3 7 12.3  76    0   49 382 -484  2
4218500 2850500  7  4 19  20.1 1004 118  2.3 6 13.0  86    0   39 379 -473  2
4218500 2850500  7  4 20  20.8 1004 340  2.2 8 13.3  87    0   15 385 -463  2
4218500 2850500  7  4 21  20.5 1004 257  2.2 7 13.3  86    0    0 391 -455  2
4218500 2850500  7  4 22  20.1 1005 226  1.7 7 13.0  86    0    0 385 -447  2
4218500 2850500  7  4 23  20.0 1005 279  2.9 6 12.7  85    0    0 381 -440  2
4218500 2850500  7  4 24  19.8 1005 299  3.2 4 12.3  84    0    0 368 -436  2
4218500 2850500  7  5  1  19.3 1005 309  3.4 2 11.9  83    0    0 349 -435  2
4218500 2850500  7  5  2  18.5 1005 317  3.3 2 11.7  85    0    0 340 -432  2
4218500 2850500  7  5  3  17.4 1005 281  2.8 3 11.4  88    0    0 342 -429  2
4218500 2850500  7  5  4  17.8 1005 296  3.1 4 11.2  88    0    0 350 -424  2
4218500 2850500  7  5  5  17.1 1005 290  3.4 2 11.2  89    9   20 346 -419  2
4218500 2850500  7  5  6  17.5 1005 292  3.7 2 11.2  90   47   64 336 -415  2
4218500 2850500  7  5  7  18.2 1005 298  3.4 4 11.2  87  112  116 346 -418  2
4218500 2850500  7  5  8  18.7 1005 285  3.7 4 11.2  84  213  158 356 -425  2
4218500 2850500  7  5  9  20.1 1006 282  3.5 5 11.3  79  277  211 364 -433  2
4218500 2850500  7  5 10  20.8 1005 274  4.1 6 11.1  73  170  313 376 -441  2
4218500 2850500  7  5 11  21.0 1005 277  4.0 6 10.9  70  173  301 383 -452  2
4218500 2850500  7  5 12  21.9 1005 281  3.9 6 10.9  67  163  361 385 -460  2
4218500 2850500  7  5 13  23.0 1005 281  3.4 6 10.7  62  203  358 389 -466  2
4218500 2850500  7  5 14  22.8 1005 280  4.3 6 10.5  60  140  336 390 -469  2
4218500 2850500  7  5 15  24.6 1004 302  5.0 7 10.4  56  101  302 394 -468  2
4218500 2850500  7  5 16  23.2 1004 299  3.9 6 10.2  55   88  261 393 -470  2
4218500 2850500  7  5 17  23.7 1003 308  4.7 5 10.1  55   60  214 384 -466  2
4218500 2850500  7  5 18  23.5 1003 304  4.2 4 10.1  55  157  154 376 -454  2
4218500 2850500  7  5 19  22.3 1003 297  4.0 3 10.3  58   69   91 366 -445  2
4218500 2850500  7  5 20  21.3 1003 309  2.5 7 10.7  65   12   38 374 -440  2
4218500 2850500  7  5 21  20.9 1003 323  2.1 8 11.0  70    0    0 392 -433  2
4218500 2850500  7  5 22  20.2 1003 349  1.2 8 11.2  73    0    0 394 -428  2
4218500 2850500  7  5 23  20.1 1003 360  1.0 8 11.4  76    0    0 393 -424  2
4218500 2850500  7  5 24  18.7 1003 350  0.9 7 11.6  81    0    0 385 -420  2
4218500 2850500  7  6  1  18.4 1003 351  0.5 4 11.5  85    0    0 366 -416  2
4218500 2850500  7  6  2  17.2 1003   7  0.5 1 11.2  86    0    0 336 -411  2
4218500 2850500  7  6  3  16.2 1003 287  1.7 1 11.0  91    0    0 317 -405  2
4218500 2850500  7  6  4  15.8 1003 287  1.5 2 10.7  93    0    0 317 -401  2
4218500 2850500  7  6  5  15.4 1003 281  1.1 2 10.5  94    0   15 318 -398  2
4218500 2850500  7  6  6  17.6 1003 299  0.5 4 11.0  92   39   69 328 -400  2
4218500 2850500  7  6  7  19.4 1002 216  1.0 4 11.3  84  165  109 343 -407  2
4218500 2850500  7  6  8  22.0 1002 222  2.2 3 10.7  69  383   99 343 -419  2
4218500 2850500  7  6  9  23.3 1002 218  2.6 3 10.3  59  543  102 344 -433  2
4218500 2850500  7  6 10  24.7 1002 271  3.9 3 10.1  53  642  118 351 -443  2
4218500 2850500  7  6 11  25.4 1002 291  3.7 4  9.4  47  483  263 362 -449  2
4218500 2850500  7  6 12  25.6 1002 288  3.7 6  8.6  42  207  385 378 -458  2
4218500 2850500  7  6 13  25.2 1002 306  3.1 6  8.2  40   66  343 386 -466  2
4218500 2850500  7  6 14  23.8 1001 297  3.2 7  8.2  42    6  251 387 -468  2
4218500 2850500  7  6 15  24.0 1002 279  3.9 7  8.6  46   14  250 387 -470  2
4218500 2850500  7  6 16  22.9 1002 299  3.1 7  9.1  50    3  195 386 -463  2
4218500 2850500  7  6 17  22.0 1002 292  3.1 8  9.4  54    0  124 386 -448  2
4218500 2850500  7  6 18  21.7 1002 234  2.8 8  9.2  56    0   53 388 -440  2
4218500 2850500  7  6 19  21.4 1002 257  1.0 6  9.3  57    0   50 381 -435  2
4218500 2850500  7  6 20  21.2 1001 250  2.5 5  9.4  59    0   30 370 -426  2
4218500 2850500  7  6 21  19.4 1001 209  1.4 5  9.7  64    0    0 363 -417  2
4218500 2850500  7  6 22  18.7 1002 226  2.3 4  9.9  71    0    0 356 -412  2
4218500 2850500  7  6 23  17.3 1002 205  1.5 4  9.8  75    0    0 347 -406  2
4218500 2850500  7  6 24  16.5 1002 226  1.4 6  9.9  81    0    0 350 -401  2
4218500 2850500  7  7  1  16.6 1002 211  1.7 6 10.1  85    0    0 355 -398  2
4218500 2850500  7  7  2  15.8 1002 204  2.0 5 10.2  87    0    0 350 -397  2
4218500 2850500  7  7  3  15.3 1001 213  2.0 4 10.1  90    0    0 340 -396  2
4218500 2850500  7  7  4  15.4 1001 245  1.8 3 10.0  91    0    0 332 -396  2
4218500 2850500  7  7  5  15.3 1001 231  2.1 2 10.0  90   16   23 323 -396  2
4218500 2850500  7  7  6  16.4 1001 241  2.9 2 10.1  88   91   65 320 -398  2
4218500 2850500  7  7  7  18.3 1001 252  3.7 2 10.1  81  222   88 324 -405  2
4218500 2850500  7  7  8  19.9 1002 276  3.7 3  9.8  70  308  127 331 -416  2
4218500 2850500  7  7  9  20.9 1001 282  3.9 4  9.5  62  371  180 342 -431  2
4218500 2850500  7  7 10  21.8 1001 247  3.6 3  9.2  57  593  136 347 -448  2
4218500 2850500  7  7 11  23.2 1001 248  3.3 3  8.8  51  513  242 349 -460  2
4218500 2850500  7  7 12  23.1 1001 265  2.9 5  8.5  47  189  381 362 -467  2
4218500 2850500  7  7 13  23.9 1001 205  2.7 4  8.2  45  294  372 368 -471  2
4218500 2850500  7  7 14  25.6 1000 231  1.6 4  7.9  40  273  360 367 -473  2
4218500 2850500  7  7 15  24.1 1000 235  3.3 6  7.6  38   99  316 368 -474  2
4218500 2850500  7  7 16  23.7  999 236  4.9 6  7.5  40    0  176 368 -473  2
4218500 2850500  7  7 17  22.6  999 192  4.1 6  8.1  45    8  177 367 -470  2
4218500 2850500  7  7 18  21.2  999 216  3.9 7  8.7  52    0   50 367 -463  2
4218500 2850500  7  7 19  20.2  999 212  4.6 6  9.1  59    0   58 364 -454  2
4218500 2850500  7  7 20  19.0  999 208  3.6 6  9.4  65    0   13 358 -446  2
4218500 2850500  7  7 21  18.1  999 203  2.7 6  9.5  70    0    0 354 -438  2
4218500 2850500  7  7 22  16.8 1000 218  2.9 6 10.0  79    0    0 353 -431  2
4218500 2850500  7  7 23  16.3 1000 226  2.1 5 10.3  86    0    0 346 -426  2
4218500 2850500  7  7 24  15.7 1000 218  2.5 5 10.4  90    0    0 342 -423  2
4218500 2850500  7  8  1  15.5 1000 224  2.3 6 10.3  91    0    0 345 -419  2
4218500 2850500  7  8  2  15.1 1000 242  2.2 6 10.0  91    0    0 348 -415  2
4218500 2850500  7  8  3  14.9  999 263  1.8 6  9.8  91    0    0 346 -408  2
4218500 2850500  7  8  4  15.1  999 243  2.7 7  9.6  88    0    0 349 -402  2
4218500 2850500  7  8  5  14.9  999 256  2.8 8  9.4  86    1   13 359 -398  2
4218500 2850500  7  8  6  15.8  999 270  3.0 7  9.1  82    5   50 358 -399  2
4218500 2850500  7  8  7  16.3  999 269  3.4 5  8.7  75   78  113 344 -406  2
4218500 2850500  7  8  8  17.1  999 259  4.0 6  8.6  71  197  150 342 -414  2
4218500 2850500  7  8  9  19.0  999 241  3.7 5  8.4  64  270  197 347 -421  2
4218500 2850500  7  8 10  19.1  999 256  4.0 4  8.3  59  208  289 344 -432  2
4218500 2850500  7  8 11  17.1  999 254  3.4 7  8.9  67    1  225 355 -445  2
4218500 2850500  7  8 12  20.3  999 205  1.6 8  9.6  70   26  298 374 -446  2
4218500 2850500  7  8 13  19.6  998 269  3.4 5  9.1  62  206  338 369 -452  2
4218500 2850500  7  8 14  20.3  998 212  4.1 6  8.5  58   65  311 358 -459  2
4218500 2850500  7  8 15  19.8  998 250  5.0 2  8.4  56  341  261 348 -460  2
4218500 2850500  7  8 16  19.3  997 266  4.5 4  8.7  60  112  257 341 -464  2
4218500 2850500  7  8 17  17.3  998 283  4.3 4  9.2  69  108  210 342 -460  2
4218500 2850500  7  8 18  18.4  998 275  4.3 4  9.4  72   97  156 340 -449  2
4218500 2850500  7  8 19  16.8  998 262  4.1 5  9.2  72   58   81 342 -435  2
4218500 2850500  7  8 20  16.5  999 244  3.8 6  9.5  79   14   36 345 -420  2
4218500 2850500  7  8 21  15.7  999 253  4.3 5  9.7  83    0    0 344 -407  2
4218500 2850500  7  8 22  15.2 1000 242  4.2 4  9.2  83    0    0 334 -400  2
4218500 2850500  7  8 23  15.2 1001 252  4.6 5  9.3  85    0    0 333 -398  2
4218500 2850500  7  8 24  15.8 1001 251  4.7 6  9.6  86    0    0 343 -397  2
4218500 2850500  7  9  1  15.5 1001 267  5.1 7  9.7  86    0    0 351 -396  2
4218500 2850500  7  9  2  15.2 1001 266  5.2 7  9.7  87    0    0 355 -396  2
4218500 2850500  7  9  3  15.0 1002 263  5.3 7  9.5  87    0    0 354 -395  2
4218500 2850500  7  9  4  14.6 1002 260  5.5 7  9.1  86    0    0 354 -393  2
4218500 2850500  7  9  5  13.4 1003 275  5.8 7  8.9  88    0    3 352 -393  2
4218500 2850500  7  9  6  13.9 1003 240  5.0 7  9.0  91    0   19 351 -396  2
4218500 2850500  7  9  7  14.2 1004 281  5.4 7  9.0  88    0   79 352 -399  2
4218500 2850500  7  9  8  14.7 1004 261  5.9 7  8.7  84   12  165 352 -403  2
4218500 2850500  7  9  9  15.7 1005 257  6.3 7  8.4  77   67  254 353 -412  2
4218500 2850500  7  9 10  16.2 1005 258  5.6 6  8.3  73  114  316 351 -424  2
4218500 2850500  7  9 11  17.6 1005 262  6.9 6  7.9  65  195  297 349 -436  2
4218500 2850500  7  9 12  18.6 1005 264  6.3 5  7.6  58  258  351 349 -443  2
4218500 2850500  7  9 13  18.9 1005 270  6.7 5  7.4  55  183  358 346 -452  2
4218500 2850500  7  9 14  17.8 1005 272  6.3 4  7.1  53  275  336 339 -454  2
4218500 2850500  7  9 15  18.5 1005 264  4.8 5  7.5  57  209  312 338 -452  2
4218500 2850500  7  9 16  19.5 1005 261  6.7 4  7.3  53  201  269 339 -454  2
4218500 2850500  7  9 17  19.6 1005 257  5.8 6  6.7  46   96  221 342 -448  2
4218500 2850500  7  9 18  17.5 1005 291  6.2 8  6.7  50    6  126 352 -440  2
4218500 2850500  7  9 19  16.4 1005 261  5.9 6  6.9  56   10   81 348 -432  2
4218500 2850500  7  9 20  15.5 1006 283  3.5 6  7.2  63    6   35 340 -426  2
4218500 2850500  7  9 21  14.7 1006 247  2.5 5  7.5  70    0    1 335 -419  2
4218500 2850500  7  9 22  15.0 1006 238  2.8 5  7.5  71    0    0 330 -413  2
4218500 2850500  7  9 23  14.4 1006 250  2.8 4  7.1  67    0    0 326 -408  2
4218500 2850500  7  9 24  13.6 1006 237  2.5 3  6.9  68    0    0 315 -403  2
4218500 2850500  7 10  1  13.4 1006 241  2.7 4  6.9  71    0    0 313 -400  2
4218500 2850500  7 10  2  13.3 1006 261  3.9 6  7.1  73    0    0 324 -397  2
4218500 2850500  7 10  3  11.8 1006 222  3.4 8  7.5  82    0    0 339 -393  2
4218500 2850500  7 10  4  11.5 1006 210  2.2 6  8.0  93    0    0 337 -391  2
4218500 2850500  7 10  5  11.0 1005 226  2.9 4  8.0  95    8   18 320 -390  2
4218500 2850500  7 10  6  11.6 1005 238  3.2 2  8.0  94   77   60 303 -391  2
4218500 2850500  7 10  7  13.4 1005 223  3.3 1  8.0  88  236   78 294 -396  2
4218500 2850500  7 10  8  14.6 1005 225  4.7 1  8.0  79  390   85 294 -403  2
4218500 2850500  7 10  9  16.0 1005 213  4.7 2  7.6  69  508  102 302 -413  2
4218500 2850500  7 10 10  17.2 1005 201  5.3 3  7.1  60  483  185 314 -424  2
4218500 2850500  7 10 11  17.8 1005 217  5.6 4  7.1  56  203  302 327 -434  2
4218500 2850500  7 10 12  16.6 1005 203  6.4 5  7.3  59  159  370 335 -440  2
4218500 2850500  7 10 13  13.9 1004 213  8.0 7  7.9  72   13  286 340 -446  2
4218500 2850500  7 10 14  17.0 1004 228  6.4 5  8.5  77  150  348 342 -445  2
4218500 2850500  7 10 15  15.3 1004 219  6.4 5  8.9  77   68  300 337 -444  2
4218500 2850500  7 10 16  15.8 1004 194  5.4 5  8.9  80   86  269 334 -448  2
4218500 2850500  7 10 17  15.5 1004 218  6.4 5  8.6  77    9  176 333 -445  2
4218500 2850500  7 10 18  15.8 1004 223  3.7 6  8.2  73   15  144 336 -432  2
4218500 2850500  7 10 19  13.1 1004 265  6.0 7  8.3  80   20   84 340 -420  2
4218500 2850500  7 10 20  13.2 1004 237  2.3 8  8.7  91    0   21 346 -412  2
4218500 2850500  7 10 21  13.5 1004 229  3.2 8  8.7  90    0    0 351 -401  2
4218500 2850500  7 10 22  12.8 1004 233  4.0 8  8.6  90    0    0 351 -395  2
4218500 2850500  7 10 23  12.8 1005 224  3.7 8  8.7  93    0    0 349 -391  2
4218500 2850500  7 10 24  13.0 1005 276  5.0 8  8.9  95    0    0 350 -389  2
4218500 2850500  7 11  1  12.8 1005 272  5.1 8  9.0  96    0    0 350 -391  2
4218500 2850500  7 11  2  12.5 1006 268  4.8 7  8.7  94    0    0 346 -391  2
4218500 2850500  7 11  3  12.1 1006 267  4.3 7  8.3  93    0    0 340 -389  2
4218500 2850500  7 11  4  12.0 1007 257  4.8 7  8.2  93    0    0 340 -388  2
4218500 2850500  7 11  5  11.7 1007 262  4.2 6  8.0  91    3   16 335 -388  2
4218500 2850500  7 11  6  12.0 1007 264  4.5 2  7.8  90   24   62 314 -390  2
4218500 2850500  7 11  7  12.8 1007 262  5.0 5  7.8  86   45  130 310 -394  2
4218500 2850500  7 11  8  13.8 1008 260  4.9 7  7.7  80   38  195 336 -402  2
4218500 2850500  7 11  9  14.7 1008 258  4.5 6  7.6  75  145  280 344 -412  2
4218500 2850500  7 11 10  16.1 1008 250  5.1 6  7.5  68  158  345 344 -419  2
4218500 2850500  7 11 11  16.9 1008 231  3.4 5  7.0  59  208  337 342 -417  2
4218500 2850500  7 11 12  17.7 1008 241  3.9 6  6.6  53   96  382 344 -422  2
4218500 2850500  7 11 13  17.5 1008 243  4.1 6  6.6  52   98  380 347 -440  2
4218500 2850500  7 11 14  18.5 1008 243  5.3 6  6.6  51   73  350 345 -454  2
4218500 2850500  7 11 15  19.3 1008 245  5.5 5  6.6  48  213  360 343 -455  2
4218500 2850500  7 11 16  18.2 1008 257  4.2 5  6.2  46  160  285 337 -449  2
4218500 2850500  7 11 17  18.8 1008 254  4.1 6  6.1  46   24  209 339 -448  2
4218500 2850500  7 11 18  17.9 1008 231  4.3 6  6.4  48    6  134 343 -446  2
4218500 2850500  7 11 19  17.3 1008 222  4.0 6  6.6  52   20   89 342 -439  2
4218500 2850500  7 11 20  16.1 1008 228  3.5 7  6.7  56    0   16 343 -430  2
4218500 2850500  7 11 21  15.5 1009 256  3.3 7  7.0  62    0    0 346 -419  2
4218500 2850500  7 11 22  14.3 1009 256  2.7 6  7.4  70    0    0 341 -407  2
4218500 2850500  7 11 23  12.9 1009 243  1.9 4  7.7  79    0    0 329 -398  2
4218500 2850500  7 11 24  12.2 1009 223  2.0 2  7.8  86    0    0 311 -392  2
4218500 2850500  7 12  1  11.6 1009 223  1.8 0  8.0  91    0    0 293 -387  2
4218500 2850500  7 12  2  10.5 1009 216  1.2 0  7.9  95    0    0 282 -382  2
4218500 2850500  7 12  3  10.6 1009 236  1.8 0  7.7  96    0    0 279 -377  2
4218500 2850500  7 12  4  10.4 1009 228  2.1 1  7.7  96    0    0 282 -373  2
4218500 2850500  7 12  5  10.5 1009 216  1.3 4  7.6  96    0    2 297 -370  2
4218500 2850500  7 12  6  11.0 1009 204  1.5 6  7.6  94    0   20 318 -369  2
4218500 2850500  7 12  7  11.6 1009 155  1.7 4  7.9  94   69  125 318 -376  2
4218500 2850500  7 12  8  13.9 1009 190  2.5 4  8.2  89  237  157 312 -390  2
4218500 2850500  7 12  9  15.5 1009 181  2.5 3  8.2  78  425  154 313 -407  2
4218500 2850500  7 12 10  17.7 1009 171  3.3 4  7.8  66  492  192 319 -425  2
4218500 2850500  7 12 11  19.1 1008 216  2.8 4  7.4  56  524  237 328 -443  2
4218500 2850500  7 12 12  20.4 1008 204  3.8 5  7.2  50  314  366 336 -460  2
4218500 2850500  7 12 13  21.3 1008 213  3.2 6  7.1  46  226  385 347 -472  2
4218500 2850500  7 12 14  21.6 1007 203  2.5 6  7.4  46  205  370 355 -479  2
4218500 2850500  7 12 15  21.8 1007 187  2.9 5  7.9  48  188  338 354 -481  2
4218500 2850500  7 12 16  22.1 1007 281  2.7 5  8.2  49   91  271 352 -484  2
4218500 2850500  7 12 17  22.4 1006 167  1.3 6  8.7  51   71  230 359 -481  2
4218500 2850500  7 12 18  21.7 1006 194  3.8 7  8.9  53   14  145 367 -469  2
4218500 2850500  7 12 19  21.5 1006 199  2.4 6  9.0  56    5   76 367 -457  2
4218500 2850500  7 12 20  20.6 1005 188  1.6 8  9.4  59    0   28 370 -442  2
4218500 2850500  7 12 21  18.0 1005 162  1.4 8 10.1  71    0    0 376 -427  2
4218500 2850500  7 12 22  18.3 1005 160  1.6 8 10.5  80    0    0 375 -420  2
4218500 2850500  7 12 23  17.5 1005 203  2.3 8 10.6  82    0    0 377 -417  2
4218500 2850500  7 12 24  16.8 1005 202  1.4 8 10.9  88    0    0 377 -415  2
4218500 2850500  7 13  1  16.7 1005 142  1.8 8 11.1  92    0    0 378 -412  2
4218500 2850500  7 13  2  16.1 1005 167  1.1 7 10.8  91    0    0 374 -410  2
4218500 2850500  7 13  3  16.0 1005 185  1.7 7 10.7  93    0    0 369 -407  2
4218500 2850500  7 13  4  16.0 1005 230  1.7 6 10.8  94    0    0 366 -404  2
4218500 2850500  7 13  5  16.3 1005 265  3.2 6 10.8  93    0    9 364 -403  2
4218500 2850500  7 13  6  16.3 1006 280  3.9 7 11.0  94    0   25 368 -403  2
4218500 2850500  7 13  7  17.0 1006 283  3.6 7 11.1  93    2   88 371 -406  2
4218500 2850500  7 13  8  17.7 1007 285  4.7 6 10.8  86  107  193 368 -410  2
4218500 2850500  7 13  9  19.0 1008 285  3.1 4 10.1  76  378  168 359 -422  2
4218500 2850500  7 13 10  20.6 1008 256  3.5 3  9.4  65  535  157 351 -438  2
4218500 2850500  7 13 11  21.6 1008 281  2.8 2  8.9  57  589  189 349 -448  2
4218500 2850500  7 13 12  22.7 1008 218  1.5 3  8.6  51  613  213 352 -457  2
4218500 2850500  7 13 13  23.4 1008 258  2.6 4  8.2  46  528  271 357 -468  2
4218500 2850500  7 13 14  23.9 1008 203  2.2 4  7.5  41  265  358 358 -476  2
4218500 2850500  7 13 15  23.7 1008 214  4.1 6  7.3  40   62  305 363 -480  2
4218500 2850500  7 13 16  24.4 1008 214  2.5 7  7.4  39   65  265 371 -476  2
4218500 2850500  7 13 17  24.2 1008 206  2.3 6  7.4  39  129  233 370 -471  2
4218500 2850500  7 13 18  23.8 1008 181  2.5 6  7.8  42   70  169 366 -467  2
4218500 2850500  7 13 19  23.9 1008 188  2.0 6  8.2  44    0   64 365 -457  2
4218500 2850500  7 13 20  21.9 1008 159  1.7 5  8.5  48    1   33 360 -445  2
4218500 2850500  7 13 21  20.0 1008 153  1.3 3  8.8  57    0    0 346 -430  2
4218500 2850500  7 13 22  18.6 1008 144  1.7 2  9.1  65    0    0 332 -419  2
4218500 2850500  7 13 23  18.0 1008 161  1.8 2  9.1  69    0    0 326 -411  2
4218500 2850500  7 13 24  18.0 1008 168  1.3 2  9.1  70    0    0 326 -404  2
4218500 2850500  7 14  1  15.7 1008  52  1.2 2  9.1  76    0    0 323 -399  2
4218500 2850500  7 14  2  14.1 1008  41  1.0 2  9.3  87    0    0 320 -394  2
4218500 2850500  7 14  3  14.7 1007 127  1.2 4  9.2  90    0    0 327 -391  2
4218500 2850500  7 14  4  14.4 1007 114  1.5 6  9.3  89    0    0 345 -394  2
4218500 2850500  7 14  5  15.4 1007 113  1.5 7  9.5  89    0    5 357 -398  2
4218500 2850500  7 14  6  17.0 1007 112  1.8 7  9.6  82    0   16 363 -401  2
4218500 2850500  7 14  7  17.1 1007 145  1.7 6  9.7  79    0   62 360 -404  2
4218500 2850500  7 14  8  17.8 1007 151  1.6 7  9.9  79    0   91 361 -412  2
4218500 2850500  7 14  9  19.6 1007 149  1.8 7 10.1  74    0  168 369 -424  2
4218500 2850500  7 14 10  21.3 1007 199  1.4 7 10.4  69    0  159 377 -438  2
4218500 2850500  7 14 11  22.5 1007 194  2.3 7 10.9  66    7  262 386 -453  2
4218500 2850500  7 14 12  23.6 1007 223  2.9 7 11.4  64   36  330 391 -462  2
4218500 2850500  7 14 13  25.3 1007 215  3.6 5 11.9  61  212  374 392 -476  2
4218500 2850500  7 14 14  26.2 1007 238  3.9 5 12.0  57  203  360 392 -491  2
4218500 2850500  7 14 15  26.9 1007 238  4.1 5 11.5  52  177  330 394 -498  2
4218500 2850500  7 14 16  26.8 1007 223  3.1 3 11.2  50  350  234 386 -498  2
4218500 2850500  7 14 17  26.7 1007 201  2.7 3 11.2  50  333  166 377 -493  2
4218500 2850500  7 14 18  26.9 1007 264  1.5 4 11.2  50  114  165 380 -485  2
4218500 2850500  7 14 19  26.2 1008 193  2.5 4 11.2  51   57   89 382 -475  2
4218500 2850500  7 14 20  24.2 1008 207  1.7 5 11.4  56   11   36 382 -463  2
4218500 2850500  7 14 21  22.5 1008 178  1.6 5 11.8  65    0    0 381 -452  2
4218500 2850500  7 14 22  22.2 1009 162  1.8 5 11.8  69    0    0 377 -444  2
4218500 2850500  7 14 23  20.9 1009 187  2.0 5 12.0  74    0    0 373 -440  2
4218500 2850500  7 14 24  19.8 1009 126  0.9 5 11.9  79    0    0 367 -437  2
4218500 2850500  7 15  1  21.0 1009 186  1.3 4 12.0  79    0    0 362 -434  2
4218500 2850500  7 15  2  20.5 1009 183  1.7 3 12.1  78    0    0 356 -432  2
4218500 2850500  7 15  3  19.9 1010 133  1.2 2 12.1  81    0    0 347 -430  2
4218500 2850500  7 15  4  19.4 1010 198  1.4 2 12.0  83    0    0 341 -426  2
4218500 2850500  7 15  5  19.6 1010 185  1.8 5 12.0  84    0    3 352 -423  2
4218500 2850500  7 15  6  20.3 1011 189  2.5 6 12.2  83    0   12 371 -422  2
4218500 2850500  7 15  7  20.5 1011 207  2.5 7 12.3  82    0   68 382 -427  2
4218500 2850500  7 15  8  21.7 1011 208  2.8 7 12.5  79   24  173 389 -437  2
4218500 2850500  7 15  9  23.3 1011 211  3.8 5 12.7  74  139  262 383 -450  2
4218500 2850500  7 15 10  24.5 1011 198  3.8 5 12.7  68  353  260 380 -465  2
4218500 2850500  7 15 11  25.9 1011 196  3.2 5 12.9  64  423  284 387 -477  2
4218500 2850500  7 15 12  27.1 1011 228  2.8 5 12.6  58  272  373 392 -490  2
4218500 2850500  7 15 13  27.5 1011 195  4.8 6 12.0  52  170  379 398 -502  2
4218500 2850500  7 15 14  28.2 1011 204  3.0 6 11.8  50  177  363 402 -508  2
4218500 2850500  7 15 15  28.4 1011 215  4.2 6 11.6  48   97  321 403 -512  2
4218500 2850500  7 15 16  28.4 1011 236  5.5 5 11.2  46  185  262 401 -513  2
4218500 2850500  7 15 17  27.5 1011 211  4.9 6 11.2  47   18  196 399 -509  2
4218500 2850500  7 15 18  27.4 1011 259  5.0 5 11.3  49   42  160 398 -498  2
4218500 2850500  7 15 19  26.6 1011 202  3.4 3 11.3  50   63  103 386 -485  2
4218500 2850500  7 15 20  25.5 1011 230  3.2 1 11.3  53   11   39 369 -469  2
4218500 2850500  7 15 21  24.4 1012 208  2.7 1 11.4  58    0    0 356 -454  2
4218500 2850500  7 15 22  23.5 1013 236  2.3 1 11.5  62    0    0 351 -442  2
4218500 2850500  7 15 23  22.5 1013 228  2.1 1 11.5  65    0    0 347 -434  2
4218500 2850500  7 15 24  21.6 1013 253  2.3 1 11.4  68    0    0 343 -426  2
4218500 2850500  7 16  1  20.9 1013 295  3.0 3 11.6  73    0    0 349 -421  2
4218500 2850500  7 16  2  20.9 1014 299  2.3 5 11.7  75    0    0 366 -416  2
4218500 2850500  7 16  3  19.8 1014 286  2.1 3 11.3  75    0    0 362 -411  2
4218500 2850500  7 16  4  18.8 1015 322  2.0 2 11.2  79    0    0 345 -407  2
4218500 2850500  7 16  5  18.6 1015 294  2.2 2 11.2  83    3   13 338 -403  2
4218500 2850500  7 16  6  19.8 1015 286  1.9 2 11.4  82   47   54 340 -403  2
4218500 2850500  7 16  7  21.1 1016 312  2.2 1 11.5  76  187   81 339 -410  2
4218500 2850500  7 16  8  22.5 1016 304  1.8 4 11.4  69  102  183 347 -424  2
4218500 2850500  7 16  9  22.6 1017 280  2.6 6 11.2  65  108  251 362 -442  2
4218500 2850500  7 16 10  24.3 1017 279  3.2 5 10.5  58  260  279 366 -460  2
4218500 2850500  7 16 11  25.7 1017 281  3.1 4  9.3  47  522  210 366 -476  2
4218500 2850500  7 16 12  26.3 1017 276  3.3 4  8.3  39  454  281 366 -491  2
4218500 2850500  7 16 13  26.0 1017 314  3.5 4  7.8  37  360  331 368 -503  2
4218500 2850500  7 16 14  27.5 1016  49  1.5 5  8.1  37  227  334 372 -509  2
4218500 2850500  7 16 15  27.1 1016 262  3.2 5  8.0  35  211  300 375 -510  2
4218500 2850500  7 16 16  27.5 1016 267  2.8 3  7.4  33  108  262 370 -504  2
4218500 2850500  7 16 17  27.3 1015 276  2.0 2  7.1  31  244  193 362 -492  2
4218500 2850500  7 16 18  27.0 1015 309  2.6 2  7.3  32  186  136 359 -483  2
4218500 2850500  7 16 19  26.0 1015 283  1.6 3  7.5  35   74   95 357 -475  2
4218500 2850500  7 16 20  23.2 1015   7  1.4 3  7.9  41    8   35 351 -463  2
4218500 2850500  7 16 21  20.9 1015  32  1.1 3  8.6  52    0    0 344 -451  2
4218500 2850500  7 16 22  19.7 1015  88  0.8 1  9.1  61    0    0 336 -441  2
4218500 2850500  7 16 23  17.7 1014 348  0.7 1  9.1  67    0    0 327 -436  2
4218500 2850500  7 16 24  17.0 1014  90  0.8 1  9.1  74    0    0 324 -431  2
4218500 2850500  7 17  1  16.3 1014  97  1.0 0  9.1  77    0    0 321 -425  2
4218500 2850500  7 17  2  16.2 1013  88  1.0 0  9.1  79    0    0 319 -421  2
4218500 2850500  7 17  3  15.5 1013  84  1.7 1  9.2  81    0    0 318 -417  2
4218500 2850500  7 17  4  15.1 1012  98  1.7 1  9.2  84    0    0 317 -412  2
4218500 2850500  7 17  5  15.9 1012  95  1.9 2  9.2  83    1   12 319 -409  2
4218500 2850500  7 17  6  17.9 1011 104  2.0 3  9.6  80   23   55 328 -409  2
4218500 2850500  7 17  7  20.5 1011  97  3.0 3 10.3  74  155  102 340 -416  2
4218500 2850500  7 17  8  23.2 1010 105  4.5 2 10.6  64  323  121 347 -430  2
4218500 2850500  7 17  9  25.2 1009 117  5.2 3 10.7  56  386  166 356 -448  2
4218500 2850500  7 17 10  27.0 1008 112  5.3 4 10.7  50  524  170 371 -468  2
4218500 2850500  7 17 11  27.2 1008 118  4.6 5 10.9  48  258  347 382 -488  2
4218500 2850500  7 17 12  28.6 1007 117  5.9 5 11.3  48  267  374 389 -506  2
4218500 2850500  7 17 13  30.0 1006 124  6.0 6 11.9  46  132  380 400 -519  2
4218500 2850500  7 17 14  29.6 1005 123  5.6 6 12.2  46    8  266 408 -526  2
4218500 2850500  7 17 15  29.1 1004 143  4.9 7 12.1  47    0   88 411 -526  2
4218500 2850500  7 17 16  20.7 1003 158  3.6 8 13.2  66    0   69 404 -522  2
4218500 2850500  7 17 17  21.5 1004  59  1.2 7 14.8  93    0   76 394 -517  2
4218500 2850500  7 17 18  22.5 1003 247  1.6 7 15.3  91    0   73 393 -508  2
4218500 2850500  7 17 19  22.3 1003 142  1.6 7 15.4  89    0   22 392 -497  2
4218500 2850500  7 17 20  21.7 1003 144  0.1 7 15.6  93    0    6 391 -485  2
4218500 2850500  7 17 21  20.8 1003 352  0.9 7 15.3  95    0    0 390 -462  2
4218500 2850500  7 17 22  20.6 1003 356  1.2 7 14.8  95    0    0 389 -439  2
4218500 2850500  7 17 23  20.2 1002  65  1.9 7 14.7  96    0    0 391 -428  2
4218500 2850500  7 17 24  19.8 1002  42  1.8 7 14.3  96    0    0 390 -423  2
4218500 2850500  7 18  1  19.6 1001  82  2.4 7 14.0  95    0    0 391 -420  2
4218500 2850500  7 18  2  19.6 1000  94  2.9 7 13.8  95    0    0 390 -419  2
4218500 2850500  7 18  3  19.2  999  23  2.4 7 13.6  95    0    0 389 -418  2
4218500 2850500  7 18  4  19.1  998 104  1.5 7 13.6  96    0    0 388 -415  2
4218500 2850500  7 18  5  19.2  998 126  2.6 8 13.5  95    0    2 391 -409  2
4218500 2850500  7 18  6  15.6  998 247  5.6 6 11.9  94    2   38 376 -407  2
4218500 2850500  7 18  7  15.1  999 255  5.9 6 10.4  94    0   56 358 -411  2
4218500 2850500  7 18  8  15.2 1000 270  5.6 8 10.3  94    0   66 367 -414  2
4218500 2850500  7 18  9  15.6 1000 255  5.2 8 10.2  92    0   81 377 -414  2
4218500 2850500  7 18 10  15.7 1001 266  5.0 8 10.2  90    0  127 378 -413  2
4218500 2850500  7 18 11  16.6 1002 242  4.8 7 10.2  88    0  179 375 -413  2
4218500 2850500  7 18 12  17.7 1002 270  4.9 7 10.2  82   12  268 372 -420  2
4218500 2850500  7 18 13  18.8 1002 252  4.3 7  9.9  74   39  308 375 -433  2
4218500 2850500  7 18 14  19.1 1003 250  3.3 7  9.6  70   11  253 377 -444  2
4218500 2850500  7 18 15  19.4 1003 251  4.3 7  9.4  66    4  220 377 -452  2
4218500 2850500  7 18 16  18.5 1003 240  3.1 7  9.2  66    0  150 376 -453  2
4218500 2850500  7 18 17  18.3 1004 231  4.0 7  9.5  71    0  127 375 -446  2
4218500 2850500  7 18 18  17.9 1003 199  4.7 7  9.9  76    0   64 375 -435  2
4218500 2850500  7 18 19  17.6 1003 187  2.0 7 10.3  80    0   30 374 -424  2
4218500 2850500  7 18 20  17.1 1004 184  2.5 8 10.5  84    0    6 378 -415  2
4218500 2850500  7 18 21  16.7 1004 168  1.8 7 10.7  87    0    0 377 -411  2
4218500 2850500  7 18 22  16.6 1004 189  2.3 7 10.8  90    0    0 372 -409  2
4218500 2850500  7 18 23  16.7 1004 234  2.3 7 10.8  90    0    0 372 -406  2
4218500 2850500  7 18 24  17.0 1005 272  4.0 7  9.8  81    0    0 373 -402  2
4218500 2850500  7 19  1  16.6 1005 279  3.8 8  9.0  75    0    0 375 -399  2
4218500 2850500  7 19  2  16.5 1005 280  4.1 7  9.1  77    0    0 374 -397  2
4218500 2850500  7 19  3  16.1 1006 276  3.6 7  9.2  78    0    0 369 -397  2
4218500 2850500  7 19  4  15.4 1006 279  3.5 8  9.3  82    0    0 372 -396  2
4218500 2850500  7 19  5  15.0 1006 276  3.0 8  9.3  85    6   15 375 -393  2
4218500 2850500  7 19  6  15.1 1006 277  2.6 8  9.2  86   13   49 376 -391  2
4218500 2850500  7 19  7  15.7 1007 266  3.0 7  9.3  84    5   87 372 -392  2
4218500 2850500  7 19  8  16.9 1007 269  3.3 6  9.4  80   81  183 364 -393  2
4218500 2850500  7 19  9  18.4 1007 256  2.8 4  9.1  72  386  154 354 -397  2
4218500 2850500  7 19 10  20.2 1007 260  4.5 3  8.6  61  390  228 345 -408  2
4218500 2850500  7 19 11  21.0 1007 262  4.1 4  8.0  53  351  299 350 -421  2
4218500 2850500  7 19 12  20.8 1007 265  4.9 6  7.6  49   63  337 364 -431  2
4218500 2850500  7 19 13  20.2 1007 263  4.1 6  8.1  53   54  335 368 -435  2
4218500 2850500  7 19 14  20.8 1007 272  4.7 7  8.3  54   73  327 371 -438  2
4218500 2850500  7 19 15  20.2 1007 244  4.8 7  7.9  52   63  295 371 -441  2
4218500 2850500  7 19 16  21.1 1007 254  3.9 5  8.2  53  154  259 365 -440  2
4218500 2850500  7 19 17  21.1 1007 229  3.9 4  8.5  54  127  224 358 -438  2
4218500 2850500  7 19 18  21.5 1007 236  3.8 4  8.6  54  135  155 355 -435  2
4218500 2850500  7 19 19  17.1 1007 262  7.0 8  8.7  62    8   81 360 -427  2
4218500 2850500  7 19 20  15.2 1008 275  3.2 7  9.0  78    0    7 361 -414  2
4218500 2850500  7 19 21  14.8 1008 243  2.4 5  9.3  87    0    0 348 -404  2
4218500 2850500  7 19 22  14.4 1009 222  2.9 5  9.3  89    0    0 340 -402  2
4218500 2850500  7 19 23  14.5 1009 232  2.8 5  9.4  90    0    0 339 -400  2
4218500 2850500  7 19 24  14.5 1009 248  3.3 3  9.3  90    0    0 330 -398  2
4218500 2850500  7 20  1  14.3 1010 250  3.1 0  9.1  88    0    0 308 -396  2
4218500 2850500  7 20  2  14.0 1010 238  2.5 0  8.9  88    0    0 295 -393  2
4218500 2850500  7 20  3  13.4 1010 238  2.5 0  8.7  88    0    0 293 -390  2
4218500 2850500  7 20  4  13.0 1010 217  2.4 1  8.4  88    0    0 294 -389  2
4218500 2850500  7 20  5  12.9 1010 205  1.9 2  8.3  88    0    4 300 -390  2
4218500 2850500  7 20  6  13.8 1010 204  2.0 5  8.3  86    0   12 318 -392  2
4218500 2850500  7 20  7  14.6 1010 205  3.2 7  8.5  83   17   99 343 -396  2
4218500 2850500  7 20  8  16.4 1010 203  3.5 7  8.7  79   93  176 356 -402  2
4218500 2850500  7 20  9  18.5 1010 214  4.6 4  9.1  73  325  174 349 -409  2
4218500 2850500  7 20 10  19.5 1010 227  6.1 6  9.1  66  163  287 350 -418  2
4218500 2850500  7 20 11  19.1 1010 237  6.6 7  9.1  64  188  327 363 -430  2
4218500 2850500  7 20 12  20.4 1009 228  4.5 6  8.7  60  311  329 365 -438  2
4218500 2850500  7 20 13  21.2 1009 253  8.4 5  8.2  53  361  318 360 -443  2
4218500 2850500  7 20 14  21.9 1009 245  6.2 4  8.1  50  369  259 356 -445  2
4218500 2850500  7 20 15  18.4 1008 263  5.5 6  8.9  60   24  259 358 -445  2
4218500 2850500  7 20 16  20.3 1009 249  4.6 4  9.5  67  208  236 356 -446  2
4218500 2850500  7 20 17  19.0 1008 254  6.2 3  9.0  63  149  210 348 -446  2
4218500 2850500  7 20 18  19.6 1008 268  5.0 2  8.6  61  210  124 338 -440  2
4218500 2850500  7 20 19  18.3 1009 254  4.3 3  7.9  58   44   93 333 -431  2
4218500 2850500  7 20 20  17.5 1010 270  3.5 5  7.6  59    1   27 337 -422  2
4218500 2850500  7 20 21  17.2 1010 262  3.1 5  7.8  63    0    0 342 -416  2
4218500 2850500  7 20 22  16.6 1010 264  3.2 6  8.2  68    0    0 345 -412  2
4218500 2850500  7 20 23  16.5 1011 255  1.9 6  8.4  71    0    0 348 -410  2
4218500 2850500  7 20 24  16.3 1011 261  2.5 6  8.4  72    0    0 348 -408  2
4218500 2850500  7 21  1  15.1 1011 257  2.7 6  8.2  73    0    0 345 -404  2
4218500 2850500  7 21  2  13.5 1011 232  1.7 5  8.0  79    0    0 336 -402  2
4218500 2850500  7 21  3  13.5 1011 232  1.4 5  8.1  83    0    0 329 -402  2
4218500 2850500  7 21  4  12.5 1011 245  1.8 6  8.0  85    0    0 333 -399  2
4218500 2850500  7 21  5  12.4 1011 257  1.7 6  7.9  88    0    5 336 -395  2
4218500 2850500  7 21  6  13.6 1011 238  1.7 5  8.1  87    5   41 334 -394  2
4218500 2850500  7 21  7  15.2 1011 240  2.4 7  8.4  82   14   97 345 -397  2
4218500 2850500  7 21  8  16.5 1011 217  2.3 4  8.4  74  275  113 344 -403  2
4218500 2850500  7 21  9  19.0 1011 242  1.9 3  8.4  66  470  103 331 -411  2
4218500 2850500  7 21 10  20.5 1011 214  3.4 4  8.4  58  467  177 341 -423  2
4218500 2850500  7 21 11  21.6 1011 229  3.2 4  8.5  54  342  295 352 -436  2
4218500 2850500  7 21 12  22.2 1010 242  3.5 5  8.1  49  199  352 360 -445  2
4218500 2850500  7 21 13  22.2 1010 242  2.6 8  7.9  47    0   86 377 -449  2
4218500 2850500  7 21 14  23.3 1009 227  3.3 5  8.0  46  447  229 379 -447  2
4218500 2850500  7 21 15  24.6 1009 229  3.0 4  8.0  43  260  279 369 -442  2
4218500 2850500  7 21 16  25.0 1008 210  4.0 3  7.7  39  404  189 367 -441  2
4218500 2850500  7 21 17  25.5 1008 238  4.2 2  7.3  36  307  164 362 -441  2
4218500 2850500  7 21 18  24.9 1007 229  3.7 3  7.4  37  146  146 360 -441  2
4218500 2850500  7 21 19  24.7 1007 212  2.5 5  7.8  40   37   93 368 -438  2
4218500 2850500  7 21 20  22.6 1006 235  1.7 6  8.5  46    5   31 372 -428  2
4218500 2850500  7 21 21  21.3 1006 224  1.4 7  9.0  54    0    0 373 -416  2
4218500 2850500  7 21 22  20.5 1006 186  1.7 6  9.2  59    0    0 370 -407  2
4218500 2850500  7 21 23  18.9 1006 156  1.4 4  9.5  66    0    0 355 -403  2
4218500 2850500  7 21 24  19.0 1006 152  1.2 5  9.8  71    0    0 348 -400  2
4218500 2850500  7 22  1  17.9 1005 166  2.1 7 10.1  75    0    0 360 -398  2
4218500 2850500  7 22  2  18.1 1005 146  1.7 7 10.4  80    0    0 369 -398  2
4218500 2850500  7 22  3  19.0 1004 212  2.7 8 10.6  78    0    0 376 -398  2
4218500 2850500  7 22  4  17.5 1004 249  2.5 8 11.1  84    0    0 380 -398  2
4218500 2850500  7 22  5  17.1 1003 226  1.6 7 11.6  93    0    1 374 -397  2
4218500 2850500  7 22  6  18.0 1003 208  1.8 7 12.0  94    0   28 370 -399  2
4218500 2850500  7 22  7  19.1 1003 204  3.1 6 12.2  90   33  115 368 -402  2
4218500 2850500  7 22  8  20.8 1003 201  4.0 6 12.0  81   43  185 368 -405  2
4218500 2850500  7 22  9  22.6 1004 187  3.7 7 12.0  72   40  239 379 -412  2
4218500 2850500  7 22 10  24.1 1004 192  2.7 8 11.9  65   16  253 394 -420  2
4218500 2850500  7 22 11  24.7 1003 199  3.3 7 11.9  62   75  337 400 -429  2
4218500 2850500  7 22 12  25.1 1003 236  5.3 6 12.0  60  273  382 396 -446  2
4218500 2850500  7 22 13  26.4 1003 262  5.3 7 11.7  55   95  359 401 -467  2
4218500 2850500  7 22 14  24.9 1004 230  3.8 8 11.4  55    0  120 408 -483  2
4218500 2850500  7 22 15  23.6 1004 241  4.1 7 11.8  61    0  169 404 -492  2
4218500 2850500  7 22 16  24.4 1004 226  3.6 5 11.9  63   90  282 394 -495  2
4218500 2850500  7 22 17  24.5 1004 237  3.5 4 11.5  59  162  236 387 -490  2
4218500 2850500  7 22 18  24.6 1004 244  2.6 4 11.3  58  161  158 382 -484  2
4218500 2850500  7 22 19  24.1 1003 240  2.1 5 11.2  58   42  100 382 -477  2
4218500 2850500  7 22 20  22.5 1003 199  0.9 5 11.5  64    2   29 379 -466  2
4218500 2850500  7 22 21  21.4 1003 156  1.5 4 11.8  70    0    0 369 -453  2
4218500 2850500  7 22 22  19.4 1004 129  0.8 3 11.8  78    0    0 353 -443  2
4218500 2850500  7 22 23  19.3 1003 116  2.0 2 11.9  83    0    0 337 -438  2
4218500 2850500  7 22 24  18.9 1003 160  4.2 2 12.0  86    0    0 325 -435  2
4218500 2850500  7 23  1  18.7 1003 135  3.6 1 12.4  90    0    0 310 -433  2
4218500 2850500  7 23  2  18.7 1002 142  2.2 1 12.7  92    0    0 308 -428  2
4218500 2850500  7 23  3  18.3 1002 146  2.6 1 12.7  94    0    0 316 -423  2
4218500 2850500  7 23  4  18.3 1001 144  3.1 3 12.5  94    0    0 332 -420  2
4218500 2850500  7 23  5  18.9 1001 151  3.8 6 12.4  91    0    3 360 -421  2
4218500 2850500  7 23  6  19.5  999 160  3.0 7 12.3  86    0   23 378 -426  2
4218500 2850500  7 23  7  20.3  999 174  2.8 8 12.1  82    0   67 387 -433  2
4218500 2850500  7 23  8  22.0  999 193  2.9 6 11.9  74  104  184 386 -441  2
4218500 2850500  7 23  9  25.2  999 192  3.3 4 11.7  63  262  219 377 -449  2
4218500 2850500  7 23 10  27.2  999 205  3.4 4 11.6  54  286  282 379 -459  2
4218500 2850500  7 23 11  27.7  999 211  3.6 6 11.6  50   83  333 395 -469  2
4218500 2850500  7 23 12  26.7  999 186  1.9 7 11.5  50    0  120 408 -479  2
4218500 2850500  7 23 13  25.9  999 234  4.4 6 12.0  55  107  357 408 -487  2
4218500 2850500  7 23 14  28.3  999 195  3.9 5 12.2  53  502  234 407 -479  2
4218500 2850500  7 23 15  29.5  999 176  4.2 2 11.8  46  469  226 404 -467  2
4218500 2850500  7 23 16  29.1  998 211  6.7 2 11.3  44  222  280 396 -472  2
4218500 2850500  7 23 17  27.8  998 205  7.4 5 11.1  45   37  197 398 -477  2
4218500 2850500  7 23 18  26.0  998 208  6.1 7 11.3  50   23  142 404 -469  2
4218500 2850500  7 23 19  25.5  997 227  4.9 4 11.8  56   29   95 395 -457  2
4218500 2850500  7 23 20  24.0  997 283  5.2 5 11.7  58    0   19 384 -444  2
4218500 2850500  7 23 21  22.0  999 274  4.4 6 11.1  62    0    0 383 -431  2
4218500 2850500  7 23 22  19.8 1001 286  6.1 7 11.0  70    0    0 381 -422  2
4218500 2850500  7 23 23  18.6 1002 301  3.6 5 10.7  76    0    0 371 -416  2
4218500 2850500  7 23 24  17.7 1003 297  2.5 3 10.6  80    0    0 354 -413  2
4218500 2850500  7 24  1  17.9 1003 274  2.6 5 11.0  85    0    0 353 -412  2
4218500 2850500  7 24  2  18.1 1004 277  3.6 6 11.1  84    0    0 365 -412  2
4218500 2850500  7 24  3  17.4 1005 283  2.9 7 10.9  85    0    0 371 -411  2
4218500 2850500  7 24  4  17.3 1005 259  2.6 7 10.8  86    0    0 373 -410  2
4218500 2850500  7 24  5  17.4 1005 258  2.3 7 10.8  86    3   11 371 -410  2
4218500 2850500  7 24  6  17.6 1005 255  2.4 6 10.8  85   43   41 366 -411  2
4218500 2850500  7 24  7  18.3 1006 254  1.7 4 10.9  83  166   60 357 -415  2
4218500 2850500  7 24  8  19.5 1006 259  3.3 4 10.7  78  163  143 353 -418  2
4218500 2850500  7 24  9  19.7 1006 232  2.4 6 10.4  72   12  191 361 -418  2
4218500 2850500  7 24 10  19.3 1007 219  2.9 7 10.4  73    0  176 371 -425  2
4218500 2850500  7 24 11  19.0 1007 256  2.8 7 10.8  77    0  134 376 -441  2
4218500 2850500  7 24 12  17.7 1007 286  1.6 7 11.5  86    0  163 375 -446  2
4218500 2850500  7 24 13  18.8 1007 219  1.2 7 12.0  91   12  256 374 -445  2
4218500 2850500  7 24 14  20.1 1007 236  3.1 5 11.7  82  361  250 371 -450  2
4218500 2850500  7 24 15  21.4 1007 231  3.3 3 11.1  72  668   59 361 -457  2
4218500 2850500  7 24 16  22.1 1007 199  3.9 4 10.6  65  329  196 360 -460  2
4218500 2850500  7 24 17  22.0 1007 208  4.7 6 10.3  62   34  176 368 -457  2
4218500 2850500  7 24 18  21.3 1007 199  2.4 4  9.6  59  162  121 365 -450  2
4218500 2850500  7 24 19  20.5 1006 217  3.2 3  9.1  58  105   73 349 -440  2
4218500 2850500  7 24 20  18.6 1007 236  3.1 4  9.6  69   12   30 346 -428  2
4218500 2850500  7 24 21  17.2 1007 248  3.0 3  9.6  75    0    0 343 -420  2
4218500 2850500  7 24 22  15.9 1008 256  2.7 2  9.6  82    0    0 330 -414  2
4218500 2850500  7 24 23  15.5 1008 249  2.5 2  9.7  84    0    0 315 -409  2
4218500 2850500  7 24 24  15.8 1009 232  2.4 3  9.7  85    0    0 305 -406  2
4218500 2850500  7 25  1  16.3 1016 213  2.2 5  9.8  83    0    0 367 -412  2
4218500 2850500  7 25  2  16.9 1016 204  2.2 6  9.9  82    0    0 367 -407  2
4218500 2850500  7 25  3  17.3 1015 189  2.2 8 10.1  81    0    0 360 -402  2
4218500 2850500  7 25  4  17.2 1015 192  2.1 7 10.1  82    0    0 358 -399  2
4218500 2850500  7 25  5  17.3 1015 198  2.0 7 10.2  82    0    0 363 -396  2
4218500 2850500  7 25  6  17.0 1015 208  1.8 6 10.2  84    3   35 363 -396  2
4218500 2850500  7 25  7  17.6 1015 254  2.0 5 10.4  84   43  105 357 -403  2
4218500 2850500  7 25  8  19.5 1016 318  2.0 1 10.8  81  226  126 347 -419  2
4218500 2850500  7 25  9  21.6 1016 205  1.6 1 11.2  74  426  103 342 -438  2
4218500 2850500  7 25 10  23.5 1016 264  2.7 1 11.2  65  553  109 350 -456  2
4218500 2850500  7 25 11  25.0 1015 214  3.3 1 10.7  56  616  133 357 -474  2
4218500 2850500  7 25 12  26.6 1015 232  3.6 1 10.1  48  585  194 363 -491  2
4218500 2850500  7 25 13  27.4 1015 271  3.1 1  9.6  43  577  210 367 -502  2
4218500 2850500  7 25 14  27.3 1014 252  3.6 2  9.1  40  453  264 372 -492  2
4218500 2850500  7 25 15  27.6 1014 294  2.3 2  8.9  39  345  276 377 -481  2
4218500 2850500  7 25 16  27.5 1013 340  2.9 4  8.8  38  161  276 385 -488  2
4218500 2850500  7 25 17  28.2 1013 319  2.6 6  8.7  37   43  221 397 -492  2
4218500 2850500  7 25 18  27.5 1013 352  2.5 4  8.7  37   87  160 395 -487  2
4218500 2850500  7 25 19  27.1 1013 358  2.0 3  8.5  37   54   91 382 -478  2
4218500 2850500  7 25 20  25.9 1012   1  1.4 3  8.5  39    6   31 376 -466  2
4218500 2850500  7 25 21  23.9 1012 359  0.7 5  8.9  45    0    0 377 -455  2
4218500 2850500  7 25 22  23.6 1013 167  1.9 5  9.5  51    0    0 380 -447  2
4218500 2850500  7 25 23  22.8 1013 199  1.8 5  9.9  56    0    0 379 -441  2
4218500 2850500  7 25 24  21.4 1013 259  1.3 3 10.1  60    0    0 369 -437  2
4218500 2850500  7 26  1  19.5 1013 356  2.8 2  9.9  66    0    0 354 -432  2
4218500 2850500  7 26  2  19.8 1013  19  3.1 3 10.3  72    0    0 353 -425  2
4218500 2850500  7 26  3  19.8 1012  19  3.0 6 11.0  76    0    0 368 -420  2
4218500 2850500  7 26  4  19.4 1012  28  4.2 7 11.2  78    0    0 382 -416  2
4218500 2850500  7 26  5  18.5 1013  18  4.0 7 11.1  80    0    0 381 -412  2
4218500 2850500  7 26  6  18.7 1013  16  3.8 7 10.4  78    0   15 378 -411  2
4218500 2850500  7 26  7  18.7 1013 357  3.8 5  9.8  72   17  100 369 -419  2
4218500 2850500  7 26  8  18.8 1014  22  3.9 6  9.8  72   20  168 364 -432  2
4218500 2850500  7 26  9  17.6 1014  26  4.5 7 10.3  79    2  186 369 -447  2
4218500 2850500  7 26 10  16.9 1014  14  3.3 8 10.8  88    0  129 371 -461  2
4218500 2850500  7 26 11  16.9 1015  12  3.8 8 10.8  90    0  142 369 -472  2
4218500 2850500  7 26 12  17.6 1015  11  4.4 7 10.6  86    2  250 366 -481  2
4218500 2850500  7 26 13  19.2 1015  26  4.4 6 10.4  79  125  367 365 -488  2
4218500 2850500  7 26 14  20.0 1015   3  3.4 7 10.3  72   40  323 369 -491  2
4218500 2850500  7 26 15  20.7 1015 360  2.7 7  9.8  66   20  278 374 -490  2
4218500 2850500  7 26 16  21.7 1015 349  2.7 7  9.4  60  135  278 374 -485  2
4218500 2850500  7 26 17  21.9 1015   8  2.7 5  9.3  57  127  221 370 -476  2
4218500 2850500  7 26 18  22.2 1015   2  2.8 6  8.9  54   12  148 368 -465  2
4218500 2850500  7 26 19  22.2 1014 356  3.7 5  8.2  49    7   86 367 -452  2
4218500 2850500  7 26 20  20.9 1015   4  3.2 4  7.3  46    0   27 358 -438  2
4218500 2850500  7 26 21  19.0 1015  26  4.9 3  7.2  50    0    0 347 -427  2
4218500 2850500  7 26 22  17.2 1016  28  4.3 1  7.6  58    0    0 333 -417  2
4218500 2850500  7 26 23  15.6 1017  27  3.5 1  7.4  64    0    0 322 -411  2
4218500 2850500  7 26 24  14.9 1017  41  2.5 1  7.3  68    0    0 318 -405  2
4218500 2850500  7 27  1  14.5 1018  51  2.6 3  7.4  71    0    0 322 -401  2
4218500 2850500  7 27  2  13.2 1018  20  1.8 3  7.4  75    0    0 324 -399  2
4218500 2850500  7 27  3  13.0 1018   5  1.6 4  7.4  79    0    0 325 -398  2
4218500 2850500  7 27  4  12.6 1018  13  1.9 5  7.3  80    0    0 331 -395  2
4218500 2850500  7 27  5  11.7 1018  16  1.5 4  7.2  82    0    3 329 -393  2
4218500 2850500  7 27  6  12.4 1018  11  1.6 4  7.3  83   39   44 323 -392  2
4218500 2850500  7 27  7  14.9 1018  29  1.9 1  7.3  75  159   73 317 -395  2
4218500 2850500  7 27  8  16.7 1019  44  2.6 1  6.9  62  309   89 313 -405  2
4218500 2850500  7 27  9  17.3 1018  19  2.7 1  6.4  54  467   80 316 -420  2
4218500 2850500  7 27 10  18.6 1018 357  2.8 2  6.3  49  598   74 321 -438  2
4218500 2850500  7 27 11  19.6 1018  11  2.8 1  6.2  46  707   68 327 -454  2
4218500 2850500  7 27 12  20.3 1018   8  2.8 1  6.1  42  730   89 327 -468  2
4218500 2850500  7 27 13  21.1 1017   2  2.6 1  6.2  41  650  152 331 -480  2
4218500 2850500  7 27 14  21.4 1017  26  2.7 1  6.2  39  607  161 332 -488  2
4218500 2850500  7 27 15  22.0 1017  32  4.2 2  6.3  39  527  166 336 -490  2
4218500 2850500  7 27 16  21.9 1017  18  4.2 2  6.4  39  387  182 339 -487  2
4218500 2850500  7 27 17  22.2 1017  24  3.2 2  6.3  38  294  151 338 -480  2
4218500 2850500  7 27 18  21.5 1016  44  3.9 1  6.2  38  191  115 335 -471  2
4218500 2850500  7 27 19  21.5 1016  30  2.6 1  6.2  39   85   79 331 -460  2
4218500 2850500  7 27 20  20.0 1016  16  2.1 1  6.4  42    8   31 328 -448  2
4218500 2850500  7 27 21  18.4 1016  21  1.7 1  6.4  46    0    0 322 -435  2
4218500 2850500  7 27 22  17.5 1017  54  3.1 1  6.9  54    0    0 319 -425  2
4218500 2850500  7 27 23  17.0 1017  36  2.8 1  7.6  62    0    0 318 -418  2
4218500 2850500  7 27 24  15.9 1017  34  2.8 1  7.8  67    0    0 316 -413  2
4218500 2850500  7 28  1  15.3 1017  27  3.3 0  8.2  74    0    0 312 -409  2
4218500 2850500  7 28  2  14.3 1017  25  2.9 0  8.5  81    0    0 307 -406  2
4218500 2850500  7 28  3  13.2 1017  21  1.8 0  8.5  87    0    0 304 -402  2
4218500 2850500  7 28  4  12.3 1017  23  2.1 0  8.4  92    0    0 301 -398  2
4218500 2850500  7 28  5  12.4 1017  17  2.0 0  8.3  93    0    6 298 -394  2
4218500 2850500  7 28  6  13.2 1017 358  1.7 1  8.5  92   51   44 301 -393  2
4218500 2850500  7 28  7  14.6 1018  37  2.0 0  8.8  89  175   72 304 -397  2
4218500 2850500  7 28  8  16.4 1018  37  2.1 0  9.0  82  341   63 304 -407  2
4218500 2850500  7 28  9  18.3 1018  31  3.0 0  8.9  72  505   53 311 -422  2
4218500 2850500  7 28 10  20.6 1018  57  3.7 0  8.8  62  611   73 317 -439  2
4218500 2850500  7 28 11  21.8 1018  53  4.1 2  8.3  53  554  158 329 -456  2
4218500 2850500  7 28 12  22.1 1017  46  3.5 3  7.7  47  375  292 338 -470  2
4218500 2850500  7 28 13  24.0 1017  23  4.3 3  7.2  41  455  262 343 -480  2
4218500 2850500  7 28 14  24.8 1017  37  4.1 1  6.4  34  678  108 341 -486  2
4218500 2850500  7 28 15  24.9 1016  57  4.2 1  5.8  30  646   85 339 -488  2
4218500 2850500  7 28 16  25.2 1016  58  3.7 1  5.7  29  507  105 338 -485  2
4218500 2850500  7 28 17  25.4 1016  65  4.2 1  5.5  27  374  102 338 -477  2
4218500 2850500  7 28 18  25.0 1016  62  4.2 1  5.6  28  240   90 336 -466  2
4218500 2850500  7 28 19  24.3 1015  49  3.7 1  6.1  32   73   80 335 -456  2
4218500 2850500  7 28 20  22.8 1015  38  4.1 1  6.5  36   10   30 333 -444  2
4218500 2850500  7 28 21  20.9 1016  32  4.5 1  7.3  45    0    0 328 -431  2
4218500 2850500  7 28 22  19.7 1016  43  5.1 0  8.1  54    0    0 323 -422  2
4218500 2850500  7 28 23  18.7 1017  39  4.0 0  8.2  59    0    0 317 -415  2
4218500 2850500  7 28 24  18.0 1017  40  3.8 0  8.0  61    0    0 314 -410  2
4218500 2850500  7 29  1  17.0 1017  55  3.4 0  7.9  64    0    0 311 -405  2
4218500 2850500  7 29  2  15.8 1017  56  2.7 0  7.7  67    0    0 308 -400  2
4218500 2850500  7 29  3  15.2 1018  54  2.0 0  7.6  70    0    0 304 -396  2
4218500 2850500  7 29  4  14.7 1017  71  3.1 0  7.6  72    0    0 301 -392  2
4218500 2850500  7 29  5  13.9 1017  52  2.3 0  7.5  74    0    6 299 -388  2
4218500 2850500  7 29  6  15.5 1018  52  2.8 1  7.5  72   49   48 302 -387  2
4218500 2850500  7 29  7  17.8 1018  82  3.3 0  7.4  62  168   79 306 -391  2
4218500 2850500  7 29  8  19.0 1018  64  2.8 0  7.3  56  320   85 308 -401  2
4218500 2850500  7 29  9  20.7 1018  52  2.4 0  7.5  52  466   90 315 -417  2
4218500 2850500  7 29 10  22.6 1018  72  3.4 0  7.0  43  594   91 321 -434  2
4218500 2850500  7 29 11  23.3 1018  42  3.6 0  6.3  36  695   89 325 -451  2
4218500 2850500  7 29 12  24.1 1018  81  3.0 1  6.0  33  739   97 330 -466  2
4218500 2850500  7 29 13  24.9 1017  66  3.8 1  6.0  32  725  115 335 -478  2
4218500 2850500  7 29 14  25.6 1017  85  3.3 1  6.3  31  647  145 340 -485  2
4218500 2850500  7 29 15  27.0 1016  71  2.7 2  6.0  28  515  182 346 -487  2
4218500 2850500  7 29 16  26.7 1016  92  3.1 2  5.9  27  364  202 348 -484  2
4218500 2850500  7 29 17  26.9 1015  46  2.6 2  6.1  28  230  187 348 -477  2
4218500 2850500  7 29 18  26.1 1015  56  3.9 1  6.0  28  127  147 342 -466  2
4218500 2850500  7 29 19  25.5 1015  80  3.5 1  5.8  28   66   86 335 -453  2
4218500 2850500  7 29 20  24.0 1014  77  2.3 1  5.9  30    7   30 330 -437  2
4218500 2850500  7 29 21  22.1 1015  51  2.1 1  5.9  34    0    0 322 -423  2
4218500 2850500  7 29 22  21.1 1015  54  4.7 1  6.6  41    0    0 317 -414  2
4218500 2850500  7 29 23  20.5 1015  53  3.5 1  7.6  49    0    0 316 -407  2
4218500 2850500  7 29 24  19.1 1016  64  2.9 0  7.8  54    0    0 309 -401  2
4218500 2850500  7 30  1  18.3 1016  75  3.2 1  7.7  57    0    0 305 -396  2
4218500 2850500  7 30  2  17.5 1016  76  2.9 1  7.7  60    0    0 303 -392  2
4218500 2850500  7 30  3  16.0 1016  81  2.9 1  7.7  65    0    0 298 -389  2
4218500 2850500  7 30  4  15.6 1015  86  2.5 1  7.6  68    0    0 294 -386  2
4218500 2850500  7 30  5  14.8 1015  84  2.3 1  7.7  71    0    5 292 -384  2
4218500 2850500  7 30  6  15.6 1015  85  2.2 1  7.8  73   49   43 289 -383  2
4218500 2850500  7 30  7  18.0 1015 123  2.3 1  7.9  66  168   72 292 -388  2
4218500 2850500  7 30  8  20.4 1015 128  2.5 1  7.9  57  320   76 298 -398  2
4218500 2850500  7 30  9  22.3 1015 113  2.7 2  8.0  50  464   82 308 -412  2
4218500 2850500  7 30 10  24.4 1015 113  2.5 3  8.0  44  576   89 323 -428  2
4218500 2850500  7 30 11  25.6 1015  51  2.7 3  7.5  38  612  117 333 -443  2
4218500 2850500  7 30 12  26.2 1015  57  2.4 4  6.9  33  371  292 340 -455  2
4218500 2850500  7 30 13  26.9 1014  64  3.6 3  6.5  30  501  235 343 -464  2
4218500 2850500  7 30 14  26.4 1014  66  4.6 3  6.0  28  565  180 340 -471  2
4218500 2850500  7 30 15  27.7 1014  94  3.9 3  5.9  26  427  217 341 -471  2
4218500 2850500  7 30 16  27.1 1013  63  4.7 4  6.0  26  264  235 345 -469  2
4218500 2850500  7 30 17  27.3 1013  61  3.7 3  5.8  26  254  166 344 -464  2
4218500 2850500  7 30 18  27.8 1012  63  2.8 2  5.3  23  157  129 336 -453  2
4218500 2850500  7 30 19  26.9 1012  73  3.4 1  5.1  22   78   78 328 -440  2
4218500 2850500  7 30 20  24.8 1012  67  2.1 2  5.4  26    6   30 323 -427  2
4218500 2850500  7 30 21  22.7 1012  47  2.4 1  5.9  32    0    0 316 -414  2
4218500 2850500  7 30 22  22.2 1013  54  4.1 1  6.5  38    0    0 309 -406  2
4218500 2850500  7 30 23  20.5 1013  51  3.4 1  7.3  46    0    0 306 -401  2
4218500 2850500  7 30 24  19.7 1013  59  2.6 1  7.8  53    0    0 303 -396  2
4218500 2850500  7 31  1  18.8 1014  76  3.3 1  8.2  59    0    0 301 -392  2
4218500 2850500  7 31  2  17.9 1013  79  2.4 1  8.5  65    0    0 299 -389  2
4218500 2850500  7 31  3  17.4 1013  78  3.0 1  8.6  68    0    0 297 -385  2
4218500 2850500  7 31  4  17.0 1013  86  2.6 1  8.5  69    0    0 295 -381  2
4218500 2850500  7 31  5  16.3 1013  78  1.9 1  8.3  70    0    2 292 -378  2
4218500 2850500  7 31  6  16.9 1013  83  2.0 1  8.2  70   43   40 292 -377  2
4218500 2850500  7 31  7  19.0 1014 120  2.7 1  8.2  64  179   56 294 -381  2
4218500 2850500  7 31  8  21.4 1014 112  2.1 0  8.3  56  328   67 299 -393  2
4218500 2850500  7 31  9  23.0 1014  89  2.5 0  8.3  50  453   92 304 -409  2
4218500 2850500  7 31 10  25.2 1014  71  3.4 1  8.1  43  617   54 315 -425  2
4218500 2850500  7 31 11  26.5 1014  81  4.2 3  7.5  36  488  183 330 -441  2
4218500 2850500  7 31 12  27.6 1013  83  4.5 4  6.9  31  291  311 342 -454  2
4218500 2850500  7 31 13  26.9 1013 129  3.6 5  6.4  28  146  345 347 -464  2
4218500 2850500  7 31 14  28.0 1013 110  3.0 3  6.0  26  207  326 345 -470  2
4218500 2850500  7 31 15  28.2 1012 111  4.2 3  5.9  25  319  258 343 -472  2
4218500 2850500  7 31 16  28.1 1012  96  3.8 3  5.6  24  325  197 342 -469  2
4218500 2850500  7 31 17  27.7 1012  69  4.0 4  5.4  23  189  184 342 -460  2
4218500 2850500  7 31 18  27.2 1011  74  4.4 3  5.8  26  116  139 341 -451  2
4218500 2850500  7 31 19  27.0 1011 102  4.5 2  6.2  28   68   79 335 -440  2
4218500 2850500  7 31 20  25.8 1012  82  2.6 3  6.1  29    1   27 332 -428  2
4218500 2850500  7 31 21  23.2 1012  73  1.9 2  6.1  32    0    0 325 -417  2
4218500 2850500  7 31 22  22.4 1013  66  4.1 2  6.6  38    0    0 316 -409  2
4218500 2850500  7 31 23  21.6 1013  54  2.6 1  7.6  46    0    0 312 -403  2
4218500 2850500  7 31 24  20.3 1013  54  2.2 0  8.6  55    0    0 306 -399  2
4218500 2850500  8  1  1  19.4 1014  77  3.1 0  8.7  61    0    0 299 -393  2
4218500 2850500  8  1  2  19.1 1014  86  2.6 0  8.2  59    0    0 296 -390  2
4218500 2850500  8  1  3  18.0 1014  80  2.4 0  7.6  57    0    0 293 -386  2
4218500 2850500  8  1  4  17.5 1014  92  3.1 1  7.4  59    0    0 293 -381  2
4218500 2850500  8  1  5  16.5 1014  79  2.9 1  7.5  62    0    0 293 -378  2
4218500 2850500  8  1  6  16.7 1014  79  2.2 2  7.6  64   48   37 293 -377  2
4218500 2850500  8  1  7  18.5 1015  94  2.7 1  7.8  62  162   71 294 -382  2
4218500 2850500  8  1  8  21.0 1015 104  2.5 1  8.3  58  304   86 298 -393  2
4218500 2850500  8  1  9  23.1 1015  93  3.2 1  8.4  51  461   86 306 -410  2
4218500 2850500  8  1 10  25.4 1015 104  4.5 2  8.0  42  579   93 318 -428  2
4218500 2850500  8  1 11  26.7 1015  79  4.8 2  7.0  33  678   94 327 -444  2
4218500 2850500  8  1 12  27.7 1015  65  5.1 2  5.9  26  643  147 330 -459  2
4218500 2850500  8  1 13  28.3 1014  65  5.7 3  5.3  23  658  151 337 -470  2
4218500 2850500  8  1 14  28.7 1014  87  4.4 2  5.1  21  590  176 339 -476  2
4218500 2850500  8  1 15  28.9 1014  84  4.0 2  5.2  21  532  165 337 -476  2
4218500 2850500  8  1 16  29.2 1013  77  4.1 2  5.2  21  420  162 338 -474  2
4218500 2850500  8  1 17  28.7 1013  70  4.6 2  5.1  21  252  166 338 -469  2
4218500 2850500  8  1 18  28.4 1012  70  4.0 2  5.2  21  175  114 335 -456  2
4218500 2850500  8  1 19  28.0 1012  68  3.8 2  5.4  23   72   74 335 -443  2
4218500 2850500  8  1 20  26.2 1012  61  2.9 2  5.7  26    5   18 332 -430  2
4218500 2850500  8  1 21  23.8 1012  31  2.6 2  6.3  32    0    0 327 -418  2
4218500 2850500  8  1 22  23.0 1013  47  4.2 1  7.5  42    0    0 319 -410  2
4218500 2850500  8  1 23  21.4 1013  43  3.4 1  8.3  50    0    0 314 -405  2
4218500 2850500  8  1 24  19.9 1014  53  2.9 2  8.2  54    0    0 312 -400  2
4218500 2850500  8  2  1  19.8 1014  86  3.4 2  7.6  53    0    0 312 -394  2
4218500 2850500  8  2  2  18.8 1014  85  2.5 1  6.9  50    0    0 306 -390  2
4218500 2850500  8  2  3  17.6 1014  80  2.4 1  6.6  51    0    0 299 -387  2
4218500 2850500  8  2  4  17.0 1014  86  3.2 1  6.5  53    0    0 296 -383  2
4218500 2850500  8  2  5  16.2 1014  80  2.6 1  6.5  55    0    1 294 -379  2
4218500 2850500  8  2  6  16.7 1014  78  3.0 1  6.6  56   41   39 294 -376  2
4218500 2850500  8  2  7  18.2 1015  87  3.4 0  7.0  57  148   79 293 -380  2
4218500 2850500  8  2  8  20.3 1015  94  3.4 0  7.6  54  290   98 297 -392  2
4218500 2850500  8  2  9  22.3 1015  75  2.7 0  7.6  48  444  103 305 -409  2
4218500 2850500  8  2 10  24.5 1015  84  3.2 0  7.2  40  579  104 313 -428  2
4218500 2850500  8  2 11  25.5 1014  81  3.7 1  6.7  34  684  103 320 -445  2
4218500 2850500  8  2 12  26.8 1014  72  3.4 0  6.1  29  660  148 324 -458  2
4218500 2850500  8  2 13  27.1 1014 107  4.4 0  5.6  25  720  125 324 -468  2
4218500 2850500  8  2 14  27.8 1013  86  3.0 1  5.4  24  735   98 328 -475  2
4218500 2850500  8  2 15  28.0 1013  41  3.9 1  5.2  22  636  111 330 -476  2
4218500 2850500  8  2 16  28.1 1013  58  3.4 1  4.9  21  232  200 329 -472  2
4218500 2850500  8  2 17  27.7 1012  65  3.1 1  4.8  20  321  139 326 -462  2
4218500 2850500  8  2 18  27.4 1012  79  3.7 1  4.8  21  181  116 324 -451  2
4218500 2850500  8  2 19  26.7 1012  72  3.5 0  5.0  22   69   77 319 -439  2
4218500 2850500  8  2 20  24.8 1012  69  2.0 1  5.2  25    4   18 315 -426  2
4218500 2850500  8  2 21  23.4 1012  75  1.9 0  5.6  30    0    0 310 -414  2
4218500 2850500  8  2 22  22.4 1012  88  2.3 0  5.9  34    0    0 304 -406  2
4218500 2850500  8  2 23  21.3 1012  72  2.0 0  6.1  38    0    0 300 -399  2
4218500 2850500  8  2 24  19.3 1012  47  1.7 0  6.4  43    0    0 295 -394  2
4218500 2850500  8  3  1  18.5 1012  51  1.6 0  6.7  49    0    0 290 -389  2
4218500 2850500  8  3  2  17.1 1012  67  1.5 1  7.0  55    0    0 288 -384  2
4218500 2850500  8  3  3  17.0 1012  81  2.5 0  7.1  59    0    0 285 -379  2
4218500 2850500  8  3  4  16.3 1012  88  3.1 0  7.2  61    0    0 281 -376  2
4218500 2850500  8  3  5  14.9 1012  86  1.8 0  7.0  63    0    0 277 -374  2
4218500 2850500  8  3  6  15.5 1012  89  1.1 0  7.0  65   20   39 274 -373  2
4218500 2850500  8  3  7  18.2 1012 117  2.1 0  7.3  61  101   92 276 -379  2
4218500 2850500  8  3  8  20.8 1012 134  1.8 0  7.3  52  237  119 281 -392  2
4218500 2850500  8  3  9  23.4 1012 126  1.3 0  7.1  43  392  128 289 -410  2
4218500 2850500  8  3 10  25.9 1012 187  2.1 0  6.6  34  527  132 299 -429  2
4218500 2850500  8  3 11  27.5 1012  93  2.2 0  5.7  26  635  130 306 -447  2
4218500 2850500  8  3 12  27.1 1011 151  1.5 0  5.0  22  602  182 308 -463  2
4218500 2850500  8  3 13  28.5 1011 126  4.2 1  4.8  20  674  154 313 -472  2
4218500 2850500  8  3 14  29.0 1011  93  3.5 1  5.0  20  285  275 321 -475  2
4218500 2850500  8  3 15  28.4 1010  74  3.4 1  5.0  20  541  169 321 -476  2
4218500 2850500  8  3 16  28.7 1010  78  3.2 1  4.7  20  436  161 321 -473  2
4218500 2850500  8  3 17  28.5 1010  59  2.7 1  4.6  19  287  156 321 -466  2
4218500 2850500  8  3 18  28.5 1010  90  3.0 1  4.7  20  166  122 322 -455  2
4218500 2850500  8  3 19  27.4 1010  84  2.7 0  4.8  20   63   78 318 -442  2
4218500 2850500  8  3 20  25.1 1010  71  2.2 1  4.9  23    2   18 313 -428  2
4218500 2850500  8  3 21  24.1 1010  66  1.6 0  5.2  27    0    0 308 -418  2
4218500 2850500  8  3 22  21.8 1010  75  3.0 0  5.4  31    0    0 301 -409  2
4218500 2850500  8  3 23  20.5 1010  73  2.4 0  5.7  37    0    0 295 -402  2
4218500 2850500  8  3 24  19.8 1011  72  2.1 0  6.5  44    0    0 294 -396  2
4218500 2850500  8  4  1  19.1 1011  94  2.4 0  7.3  51    0    0 293 -391  2
4218500 2850500  8  4  2  17.0 1011  85  1.5 0  7.3  56    0    0 288 -386  2
4218500 2850500  8  4  3  16.2 1010  84  2.2 0  7.2  61    0    0 283 -383  2
4218500 2850500  8  4  4  16.0 1010 113  2.1 1  7.1  62    0    0 283 -381  2
4218500 2850500  8  4  5  15.2 1010  34  0.5 1  7.1  64    0    0 284 -379  2
4218500 2850500  8  4  6  15.4 1011  71  1.3 0  7.2  66   16   40 279 -379  2
4218500 2850500  8  4  7  18.5 1011 106  1.6 0  7.4  61   84  101 280 -384  2
4218500 2850500  8  4  8  20.8 1011 105  1.1 0  7.1  50  206  141 288 -397  2
4218500 2850500  8  4  9  23.8 1011 104  1.9 0  6.8  40  348  163 298 -415  2
4218500 2850500  8  4 10  26.4 1010 122  2.9 0  6.3  32  478  176 309 -435  2
4218500 2850500  8  4 11  28.0 1010 122  3.4 1  5.4  24  577  184 319 -452  2
4218500 2850500  8  4 12  28.3 1010 187  3.2 1  4.6  19  529  243 325 -468  2
4218500 2850500  8  4 13  29.0 1010 116  3.2 2  4.5  19  567  236 329 -477  2
4218500 2850500  8  4 14  29.3 1009 157  2.9 2  4.6  18  550  229 333 -481  2
4218500 2850500  8  4 15  29.7 1009 156  3.5 3  4.5  18  452  237 337 -486  2
4218500 2850500  8  4 16  29.6 1008 162  3.3 3  4.5  17  336  226 340 -488  2
4218500 2850500  8  4 17  29.1 1008 107  2.3 3  4.5  18  206  201 338 -484  2
4218500 2850500  8  4 18  29.1 1008 116  2.9 4  4.6  18   65  145 339 -472  2
4218500 2850500  8  4 19  28.5 1008 115  2.8 2  4.6  19   49   82 334 -457  2
4218500 2850500  8  4 20  26.6 1007  87  1.9 3  4.8  21    1   17 328 -442  2
4218500 2850500  8  4 21  24.5 1008  90  2.1 2  5.3  26    0    0 322 -428  2
4218500 2850500  8  4 22  23.3 1008  97  3.1 1  5.8  31    0    0 312 -418  2
4218500 2850500  8  4 23  22.4 1008 105  2.1 1  6.1  35    0    0 306 -411  2
4218500 2850500  8  4 24  21.4 1009 109  1.6 3  6.3  38    0    0 309 -405  2
4218500 2850500  8  5  1  20.3 1008 131  2.4 1  6.3  41    0    0 306 -400  2
4218500 2850500  8  5  2  19.5 1008  97  1.4 1  6.5  45    0    0 298 -396  2
4218500 2850500  8  5  3  18.2 1008  75  1.0 1  6.7  49    0    0 297 -392  2
4218500 2850500  8  5  4  17.0 1008 111  2.3 1  6.9  55    0    0 294 -389  2
4218500 2850500  8  5  5  16.8 1008 106  1.7 2  7.2  59    0    0 295 -387  2
4218500 2850500  8  5  6  17.3 1008  97  1.9 2  7.3  60   12   41 297 -386  2
4218500 2850500  8  5  7  18.8 1008 131  2.5 1  7.4  57   71  109 293 -391  2
4218500 2850500  8  5  8  21.3 1008 131  2.8 3  7.6  52  146  169 304 -405  2
4218500 2850500  8  5  9  23.7 1008 123  3.2 4  7.5  44  177  239 329 -423  2
4218500 2850500  8  5 10  26.4 1008 137  4.1 6  7.2  36  175  306 352 -441  2
4218500 2850500  8  5 11  27.9 1007 158  5.8 6  6.4  28  219  349 369 -458  2
4218500 2850500  8  5 12  28.9 1007 164  5.0 7  5.6  23   77  361 378 -473  2
4218500 2850500  8  5 13  28.2 1007 229  5.8 7  5.8  24   12  292 385 -486  2
4218500 2850500  8  5 14  27.1 1007 168  4.1 7  6.3  27   33  313 384 -490  2
4218500 2850500  8  5 15  26.7 1007 220  6.1 8  6.2  28   13  254 385 -487  2
4218500 2850500  8  5 16  26.6 1007 247  5.0 7  6.4  29   42  248 386 -477  2
4218500 2850500  8  5 17  26.5 1007 222  4.5 6  6.9  32   82  188 380 -466  2
4218500 2850500  8  5 18  25.9 1007 222  5.6 6  7.4  35   57  150 376 -461  2
4218500 2850500  8  5 19  24.6 1007 199  3.8 6  7.2  36   19   77 372 -456  2
4218500 2850500  8  5 20  23.1 1006 183  2.0 7  6.9  37    0    3 371 -449  2
4218500 2850500  8  5 21  21.9 1006 180  1.2 7  7.7  45    0    0 373 -442  2
4218500 2850500  8  5 22  21.3 1006 176  1.6 3  8.1  50    0    0 357 -437  2
4218500 2850500  8  5 23  18.6 1006 144  0.7 2  8.3  57    0    0 335 -431  2
4218500 2850500  8  5 24  19.0 1006 158  1.6 3  8.6  63    0    0 334 -427  2
4218500 2850500  8  6  1  18.3 1007 228  2.0 2  9.1  67    0    0 336 -426  2
4218500 2850500  8  6  2  17.7 1006 256  1.3 1  9.4  73    0    0 328 -423  2
4218500 2850500  8  6  3  16.8 1006 262  0.6 1  9.4  75    0    0 320 -417  2
4218500 2850500  8  6  4  16.2 1006 249  1.7 1  9.4  79    0    0 318 -413  2
4218500 2850500  8  6  5  16.2 1006 238  2.1 1  9.6  83    0    0 317 -410  2
4218500 2850500  8  6  6  16.9 1006 266  2.0 2 10.2  86    2   25 322 -408  2
4218500 2850500  8  6  7  18.0 1006 287  3.0 2 11.0  87   69   89 329 -412  2
4218500 2850500  8  6  8  19.4 1006 286  4.0 3 11.5  85  218  117 339 -422  2
4218500 2850500  8  6  9  20.2 1007 290  4.8 4 11.7  80  145  217 350 -437  2
4218500 2850500  8  6 10  19.4 1007 295  3.7 7 11.6  79   30  260 366 -453  2
4218500 2850500  8  6 11  20.2 1007 282  4.7 7 11.5  79   36  292 378 -468  2
4218500 2850500  8  6 12  21.7 1007 278  3.6 5 11.5  73  154  345 376 -478  2
4218500 2850500  8  6 13  24.3 1007 292  4.9 2 11.2  63  541  212 367 -482  2
4218500 2850500  8  6 14  24.8 1006 304  4.2 2 10.7  55  511  215 364 -483  2
4218500 2850500  8  6 15  26.4 1006 276  4.1 3 10.1  49  413  225 368 -485  2
4218500 2850500  8  6 16  27.1 1005 301  5.0 3  9.4  42  426  155 373 -488  2
4218500 2850500  8  6 17  27.5 1005 244  4.6 2  8.4  37  269  156 371 -486  2
4218500 2850500  8  6 18  27.0 1004 265  4.3 3  8.1  35  144  124 368 -478  2
4218500 2850500  8  6 19  26.5 1004 306  2.9 3  8.4  38   69   73 369 -467  2
4218500 2850500  8  6 20  24.0 1004  12  1.7 4  9.0  44    3   17 368 -455  2
4218500 2850500  8  6 21  22.2 1004  23  0.7 4  9.8  54    0    0 365 -442  2
4218500 2850500  8  6 22  21.3 1004 355  1.4 2 10.0  61    0    0 353 -432  2
4218500 2850500  8  6 23  19.6 1004  31  0.7 2 10.2  67    0    0 342 -425  2
4218500 2850500  8  6 24  19.6 1004  55  1.0 2 10.5  72    0    0 339 -420  2
4218500 2850500  8  7  1  18.8 1004  97  1.6 1 10.5  74    0    0 334 -416  2
4218500 2850500  8  7  2  17.7 1004   3  0.6 1 10.6  80    0    0 326 -413  2
4218500 2850500  8  7  3  16.6 1004  19  0.5 1 10.5  85    0    0 323 -410  2
4218500 2850500  8  7  4  16.7 1004 122  2.0 1 10.3  86    0    0 322 -408  2
4218500 2850500  8  7  5  14.9 1003   6  0.9 1 10.1  89    0    0 319 -405  2
4218500 2850500  8  7  6  17.4 1003  86  1.1 1 10.4  89   20   38 319 -403  2
4218500 2850500  8  7  7  19.9 1002 100  1.0 2 10.9  80   85   97 331 -407  2
4218500 2850500  8  7  8  22.5 1002 118  1.9 4 10.8  68  163  146 352 -420  2
4218500 2850500  8  7  9  24.9 1002 104  2.4 3 10.7  57  334  156 365 -439  2
4218500 2850500  8  7 10  26.5 1002 134  2.9 3  9.9  47  474  161 368 -458  2
4218500 2850500  8  7 11  27.4 1002 156  3.0 4  9.0  40  308  295 376 -475  2
4218500 2850500  8  7 12  27.6 1001 181  3.0 7  8.8  38    3  253 392 -491  2
4218500 2850500  8  7 13  26.4 1001 218  4.5 8  9.2  41    0  130 405 -501  2
4218500 2850500  8  7 14  23.8 1001 173  3.0 8 10.2  50    0  127 403 -500  2
4218500 2850500  8  7 15  24.3 1001 219  3.6 8 10.5  55    0  107 398 -490  2
4218500 2850500  8  7 16  24.0 1001 204  3.7 7 10.6  55    0  134 395 -484  2
4218500 2850500  8  7 17  24.3 1001 197  2.4 6 11.1  58   60  182 390 -485  2
4218500 2850500  8  7 18  24.4 1000 168  2.0 5 11.3  58   33  136 383 -480  2
4218500 2850500  8  7 19  23.7 1000 199  1.5 4 11.3  59   14   71 373 -472  2
4218500 2850500  8  7 20  21.8 1000 123  1.3 7 12.4  70    0    5 376 -462  2
4218500 2850500  8  7 21  21.0 1000 159  1.1 7 13.3  82    0    0 383 -452  2
4218500 2850500  8  7 22  20.4 1000 184  2.0 6 13.1  84    0    0 378 -447  2
4218500 2850500  8  7 23  20.5 1000 195  2.4 6 13.2  86    0    0 375 -442  2
4218500 2850500  8  7 24  20.5 1000 216  1.2 6 13.3  86    0    0 376 -437  2
4218500 2850500  8  8  1  20.2 1000 240  2.3 5 13.3  87    0    0 372 -430  2
4218500 2850500  8  8  2  20.0  999 240  1.8 6 13.2  88    0    0 371 -423  2
4218500 2850500  8  8  3  19.9  999 249  1.8 4 13.1  88    0    0 366 -420  2
4218500 2850500  8  8  4  17.7  998 197  2.2 1 12.6  91    0    0 345 -419  2
4218500 2850500  8  8  5  18.0  998 170  0.8 0 12.1  93    0    0 329 -417  2
4218500 2850500  8  8  6  17.6  998 138  0.7 1 12.1  93   13   37 328 -415  2
4218500 2850500  8  8  7  19.1  997 190  1.9 1 12.2  90  103   92 330 -418  2
4218500 2850500  8  8  8  20.9  997 183  2.2 1 12.4  83  235  123 334 -428  2
4218500 2850500  8  8  9  23.3  997 191  3.6 1 12.1  71  396  132 343 -442  2
4218500 2850500  8  8 10  24.8  997 203  3.5 2 11.8  62  509  150 355 -457  2
4218500 2850500  8  8 11  26.2  997 197  4.8 4 11.3  54  338  284 371 -474  2
4218500 2850500  8  8 12  27.6  996 215  5.1 4 10.2  45  288  340 382 -488  2
4218500 2850500  8  8 13  28.5  996 265  4.2 5  9.3  38  403  290 390 -498  2
4218500 2850500  8  8 14  29.3  996 249  5.0 6  9.2  36  390  249 400 -496  2
4218500 2850500  8  8 15  29.6  995 230  3.7 6  9.0  34  182  314 406 -489  2
4218500 2850500  8  8 16  28.9  995 253  4.9 6  8.6  33   43  243 405 -476  2
4218500 2850500  8  8 17  27.9  995   6  6.6 8  8.7  35    0   57 409 -455  2
4218500 2850500  8  8 18  24.0  996 250  3.5 7 10.2  48    0   58 406 -442  2
4218500 2850500  8  8 19  22.5  997 302  2.5 6 12.1  66    0   36 394 -441  2
4218500 2850500  8  8 20  21.2  997 359  0.9 7 12.5  74    0    8 391 -437  2
4218500 2850500  8  8 21  22.0  997 152  1.4 7 12.6  76    0    0 394 -433  2
4218500 2850500  8  8 22  21.5  997 179  2.0 3 12.5  75    0    0 383 -430  2
4218500 2850500  8  8 23  20.6  997 215  2.3 2 12.3  77    0    0 366 -427  2
4218500 2850500  8  8 24  20.1  998 171  2.1 1 12.3  80    0    0 357 -425  2
4218500 2850500  8  9  1  19.7  997 195  2.3 1 12.1  82    0    0 354 -423  2
4218500 2850500  8  9  2  19.2  997 183  2.5 0 11.9  82    0    0 349 -422  2
4218500 2850500  8  9  3  19.0  997 226  2.4 0 11.6  82    0    0 343 -422  2
4218500 2850500  8  9  4  18.3  998 252  3.4 1 11.4  83    0    0 345 -421  2
4218500 2850500  8  9  5  18.1  998 251  2.0 2 10.9  82    0    0 348 -420  2
4218500 2850500  8  9  6  17.6  998 193  1.7 3 10.7  82    4   26 352 -418  2
4218500 2850500  8  9  7  18.4  999 227  2.0 4 10.7  82   99   76 358 -418  2
4218500 2850500  8  9  8  20.3  999 230  3.2 3 10.8  76  288   69 360 -423  2
4218500 2850500  8  9  9  23.0 1000 238  3.1 4 11.0  66  218  180 367 -431  2
4218500 2850500  8  9 10  25.5 1000 235  3.2 5 10.4  54  459  130 381 -440  2
4218500 2850500  8  9 11  26.6 1000 231  3.4 5  9.8  46  361  238 389 -450  2
4218500 2850500  8  9 12  27.3 1000 212  4.2 3  9.9  44  254  315 384 -459  2
4218500 2850500  8  9 13  28.3  999 215  5.5 3  9.7  41  348  250 380 -468  2
4218500 2850500  8  9 14  27.3  999 210  6.5 5  9.2  39   69  313 386 -476  2
4218500 2850500  8  9 15  26.0 1000 211  5.0 5  9.8  44   76  283 390 -479  2
4218500 2850500  8  9 16  27.3  999 195  4.8 5 10.6  48  115  235 391 -482  2
4218500 2850500  8  9 17  28.3  999 231  6.0 2 10.3  43   63  174 382 -480  2
4218500 2850500  8  9 18  27.3  999 251  4.5 3  9.9  42  121  119 373 -472  2
4218500 2850500  8  9 19  24.6  999 272  2.7 4 10.1  48   42   67 374 -460  2
4218500 2850500  8  9 20  24.4  999 261  2.1 4 10.0  51    3   16 372 -444  2
4218500 2850500  8  9 21  23.3 1000 158  1.0 4 10.0  53    0    0 367 -431  2
4218500 2850500  8  9 22  21.2 1000 244  2.2 5 10.4  61    0    0 364 -422  2
4218500 2850500  8  9 23  21.3 1000  29  1.1 5 10.5  66    0    0 365 -415  2
4218500 2850500  8  9 24  19.7 1001 211  1.8 4 11.0  72    0    0 358 -411  2
4218500 2850500  8 10  1  18.3 1000 284  2.9 2 11.2  80    0    0 341 -408  2
4218500 2850500  8 10  2  18.3 1000 256  1.3 1 11.5  86    0    0 327 -406  2
4218500 2850500  8 10  3  17.6 1001 336  1.0 2 11.7  90    0    0 326 -405  2
4218500 2850500  8 10  4  16.7 1001 265  2.3 4 11.3  91    0    0 336 -405  2
4218500 2850500  8 10  5  17.3 1001 236  1.9 5 11.4  92    0    0 348 -407  2
4218500 2850500  8 10  6  17.1 1001 270  1.6 4 11.4  92    9   35 350 -409  2
4218500 2850500  8 10  7  18.5 1002 283  2.2 3 11.3  87   62  108 344 -413  2
4218500 2850500  8 10  8  19.7 1002 243  2.0 3 11.3  81  161  172 344 -422  2
4218500 2850500  8 10  9  20.7 1002 216  3.0 3 11.4  76  220  237 347 -433  2
4218500 2850500  8 10 10  22.1 1002 237  3.2 5 11.3  70  208  314 361 -444  2
4218500 2850500  8 10 11  23.5 1002 234  3.9 5 11.1  63  299  349 374 -458  2
4218500 2850500  8 10 12  25.5 1002 247  4.3 5 11.0  56  261  395 382 -464  2
4218500 2850500  8 10 13  26.4 1002 276  4.5 6 10.6  50  250  379 391 -474  2
4218500 2850500  8 10 14  26.2 1002 265  4.4 7 10.2  47   59  343 401 -490  2
4218500 2850500  8 10 15  25.9 1002 266  4.0 7  9.8  46   64  316 402 -495  2
4218500 2850500  8 10 16  26.4 1002 259  4.2 6  9.5  44  146  285 398 -493  2
4218500 2850500  8 10 17  26.0 1001 221  3.4 5  9.3  43  105  218 390 -488  2
4218500 2850500  8 10 18  23.8 1001 276  1.9 6 10.1  50   45  148 385 -481  2
4218500 2850500  8 10 19  23.9 1002 288  2.4 4 10.7  57   43   85 379 -471  2
4218500 2850500  8 10 20  19.1 1002 271  3.9 6 11.0  67    0   16 371 -458  2
4218500 2850500  8 10 21  19.7 1003 328  3.0 7 11.9  83    0    0 375 -446  2
4218500 2850500  8 10 22  18.7 1004 261  2.1 6 12.2  86    0    0 374 -438  2
4218500 2850500  8 10 23  18.1 1004 249  2.8 5 11.9  88    0    0 363 -434  2
4218500 2850500  8 10 24  17.4 1004 234  2.8 2 11.5  90    0    0 344 -430  2
4218500 2850500  8 11  1  17.0 1004 267  2.9 4 11.4  92    0    0 337 -423  2
4218500 2850500  8 11  2  17.1 1005 278  3.0 6 11.5  93    0    0 354 -416  2
4218500 2850500  8 11  3  16.8 1005 273  3.5 6 11.4  93    0    0 362 -413  2
4218500 2850500  8 11  4  16.8 1005 294  3.8 7 11.3  94    0    0 367 -412  2
4218500 2850500  8 11  5  17.1 1005 305  3.8 8 11.4  94    0    0 377 -412  2
4218500 2850500  8 11  6  16.9 1006 298  4.6 8 11.4  93    0   18 380 -412  2
4218500 2850500  8 11  7  16.4 1006 297  5.6 7 10.8  90    2   66 374 -413  2
4218500 2850500  8 11  8  15.7 1007 306  5.3 6 10.0  86   10  140 362 -415  2
4218500 2850500  8 11  9  17.0 1008 300  6.8 7  9.2  78   24  218 363 -421  2
4218500 2850500  8 11 10  17.6 1008 319  6.7 7  8.5  69   33  276 371 -428  2
4218500 2850500  8 11 11  18.1 1009 313  6.7 5  8.2  64  228  343 365 -427  2
4218500 2850500  8 11 12  18.2 1009 299  6.3 5  7.8  60  463  285 358 -426  2
4218500 2850500  8 11 13  19.3 1009 294  7.1 4  7.7  57  398  323 356 -425  2
4218500 2850500  8 11 14  19.4 1010 293  6.7 5  7.5  53   41  317 358 -427  2
4218500 2850500  8 11 15  19.4 1010 308  5.4 6  7.2  51   14  250 364 -431  2
4218500 2850500  8 11 16  19.9 1010 328  5.1 7  7.2  50    0  149 369 -434  2
4218500 2850500  8 11 17  18.8 1010 305  6.0 8  7.2  51    0   72 374 -440  2
4218500 2850500  8 11 18  18.5 1010 298  4.9 6  7.2  54   13  126 365 -444  2
4218500 2850500  8 11 19  18.1 1011 309  5.5 5  7.2  55   10   67 351 -442  2
4218500 2850500  8 11 20  17.4 1011 277  5.4 7  7.3  58    0   11 352 -435  2
4218500 2850500  8 11 21  17.0 1011 267  4.9 6  7.5  61    0    0 353 -429  2
4218500 2850500  8 11 22  16.0 1011 277  4.6 3  7.6  65    0    0 336 -424  2
4218500 2850500  8 11 23  15.2 1012 276  4.9 2  7.7  69    0    0 317 -420  2
4218500 2850500  8 11 24  14.8 1012 278  4.6 5  7.7  72    0    0 323 -415  2
4218500 2850500  8 12  1  14.8 1012 290  4.8 6  7.7  73    0    0 338 -408  2
4218500 2850500  8 12  2  14.3 1012 282  4.3 6  7.6  74    0    0 342 -402  2
4218500 2850500  8 12  3  14.2 1012 286  4.8 6  7.5  74    0    0 339 -397  2
4218500 2850500  8 12  4  13.5 1012 293  4.8 4  7.4  75    0    0 328 -393  2
4218500 2850500  8 12  5  13.1 1012 284  4.8 4  7.3  77    0    0 316 -388  2
4218500 2850500  8 12  6  12.8 1012 286  4.7 3  7.4  79   20   35 310 -385  2
4218500 2850500  8 12  7  13.7 1012 296  3.9 2  7.3  77  108   91 302 -385  2
4218500 2850500  8 12  8  15.3 1013 297  5.5 3  7.2  70  242  128 306 -393  2
4218500 2850500  8 12  9  17.1 1013 295  6.5 3  6.8  59  377  150 314 -405  2
4218500 2850500  8 12 10  18.2 1013 308  5.9 3  6.2  50  464  181 318 -419  2
4218500 2850500  8 12 11  18.5 1012 293  5.8 3  5.9  45  284  315 319 -433  2
4218500 2850500  8 12 12  19.1 1012 276  5.7 4  5.9  44  170  367 324 -445  2
4218500 2850500  8 12 13  18.5 1012 303  5.0 7  6.2  46   24  282 335 -454  2
4218500 2850500  8 12 14  18.7 1012 310  5.9 7  6.2  46    0  191 343 -459  2
4218500 2850500  8 12 15  19.1 1012 286  4.5 7  6.2  45   13  246 344 -458  2
4218500 2850500  8 12 16  18.7 1012 263  5.0 6  6.4  47    9  205 341 -456  2
4218500 2850500  8 12 17  18.4 1012 273  4.5 5  6.6  50   25  185 335 -452  2
4218500 2850500  8 12 18  17.9 1011 310  3.1 7  6.7  52    1   95 338 -444  2
4218500 2850500  8 12 19  17.8 1011 315  2.7 7  6.9  54    0   44 347 -432  2
4218500 2850500  8 12 20  16.6 1011 331  2.8 7  6.8  56    0    7 347 -420  2
4218500 2850500  8 12 21  16.5 1011 317  2.1 7  6.7  57    0    0 346 -410  2
4218500 2850500  8 12 22  16.1 1011 290  2.9 5  6.8  58    0    0 338 -402  2
4218500 2850500  8 12 23  15.8 1011 279  3.5 5  7.0  61    0    0 328 -397  2
4218500 2850500  8 12 24  15.4 1011 282  3.2 8  7.1  64    0    0 339 -393  2
4218500 2850500  8 13  1  14.5 1011 291  3.5 7  7.3  68    0    0 346 -391  2
4218500 2850500  8 13  2  14.2 1011 288  3.2 7  7.4  73    0    0 341 -389  2
4218500 2850500  8 13  3  14.0 1011 289  4.2 7  7.6  76    0    0 340 -386  2
4218500 2850500  8 13  4  13.4 1011 319  3.0 8  7.9  81    0    0 344 -385  2
4218500 2850500  8 13  5  13.0 1011 299  2.6 7  8.1  86    0    0 341 -382  2
4218500 2850500  8 13  6  12.7 1011 281  2.7 7  8.3  89    6   23 335 -378  2
4218500 2850500  8 13  7  12.4 1011 296  3.5 3  8.3  91  106   69 316 -379  2
4218500 2850500  8 13  8  14.1 1011 293  4.1 2  8.1  84  306   72 296 -387  2
4218500 2850500  8 13  9  15.9 1011 287  4.0 2  7.7  72  386   98 297 -399  2
4218500 2850500  8 13 10  17.4 1011 297  4.8 3  7.2  61  528   98 307 -412  2
4218500 2850500  8 13 11  18.4 1011 279  5.6 3  6.6  51  634   97 317 -425  2
4218500 2850500  8 13 12  19.5 1010 281  5.7 5  6.1  44  116  333 329 -436  2
4218500 2850500  8 13 13  19.3 1010 321  6.0 5  5.9  42   47  288 339 -444  2
4218500 2850500  8 13 14  19.2 1010 294  5.7 5  5.9  43  131  314 337 -449  2
4218500 2850500  8 13 15  19.9 1010 285  4.8 5  6.2  43  155  281 339 -446  2
4218500 2850500  8 13 16  19.6 1010 300  4.4 5  6.1  42  106  232 338 -444  2
4218500 2850500  8 13 17  19.8 1009 269  5.2 5  6.2  43  166  166 337 -444  2
4218500 2850500  8 13 18  19.8 1009 271  4.9 5  6.2  43   95  118 337 -437  2
4218500 2850500  8 13 19  19.1 1009 302  3.7 3  6.0  42   33   63 324 -429  2
4218500 2850500  8 13 20  18.3 1009 276  2.8 2  5.8  43    0    9 307 -419  2
4218500 2850500  8 13 21  16.5 1009 314  2.3 2  5.7  46    0    0 297 -410  2
4218500 2850500  8 13 22  15.3 1009 309  1.4 0  6.1  54    0    0 282 -402  2
4218500 2850500  8 13 23  13.9 1009 356  0.2 0  6.6  63    0    0 270 -397  2
4218500 2850500  8 13 24  12.7 1009 356  0.0 0  6.6  69    0    0 269 -392  2
4218500 2850500  8 14  1  12.0 1009 327  0.8 0  6.8  75    0    0 268 -388  2
4218500 2850500  8 14  2  11.7 1009 179  0.9 0  6.9  79    0    0 270 -384  2
4218500 2850500  8 14  3  11.0 1008   2  0.4 0  6.7  80    0    0 272 -382  2
4218500 2850500  8 14  4  10.3 1008 194  2.2 0  6.6  82    0    0 273 -382  2
4218500 2850500  8 14  5   9.9 1008 151  0.9 0  6.4  82    0    0 274 -381  2
4218500 2850500  8 14  6  10.1 1007 147  1.0 2  6.2  81   15   33 283 -380  2
4218500 2850500  8 14  7  11.5 1007 157  1.8 2  6.3  78   76   91 295 -385  2
4218500 2850500  8 14  8  13.7 1007 159  2.6 3  6.4  70  127  157 303 -395  2
4218500 2850500  8 14  9  16.8 1006 166  3.2 5  6.5  60   71  234 324 -410  2
4218500 2850500  8 14 10  18.5 1006 163  3.2 6  6.7  53  102  299 344 -428  2
4218500 2850500  8 14 11  20.8 1005 174  3.7 6  6.9  48  460  256 355 -444  2
4218500 2850500  8 14 12  21.9 1005 180  5.1 6  6.7  42  138  373 361 -454  2
4218500 2850500  8 14 13  22.3 1004 188  4.6 6  6.2  37  121  324 363 -456  2
4218500 2850500  8 14 14  22.7 1003 188  4.2 6  5.9  34  100  342 364 -450  2
4218500 2850500  8 14 15  22.8 1002 185  4.8 6  5.8  33   64  295 365 -440  2
4218500 2850500  8 14 16  23.2 1002 220  4.1 6  5.8  33   39  238 367 -425  2
4218500 2850500  8 14 17  22.9 1001 195  5.5 6  5.6  32    0  109 366 -414  2
4218500 2850500  8 14 18  21.6 1000 196  3.6 7  5.7  34    0   59 368 -413  2
4218500 2850500  8 14 19  20.4 1000 151  2.1 8  6.6  42    0   29 375 -413  2
4218500 2850500  8 14 20  19.2  999 153  2.5 8  7.7  53    0    1 380 -409  2
4218500 2850500  8 14 21  19.8  999 192  4.1 8  8.2  57    0    0 382 -404  2
4218500 2850500  8 14 22  19.4  999 202  4.0 7  8.3  58    0    0 380 -401  2
4218500 2850500  8 14 23  19.7  998 230  4.2 7  8.7  60    0    0 378 -399  2
4218500 2850500  8 14 24  16.7  998 216  4.4 8  9.5  72    0    0 380 -400  2
4218500 2850500  8 15  1  15.7  997 188  4.4 8 10.5  89    0    0 380 -399  2
4218500 2850500  8 15  2  15.6  997 166  3.7 8 11.0  97    0    0 380 -396  2
4218500 2850500  8 15  3  15.7  995 184  3.7 8 11.2  98    0    0 381 -395  2
4218500 2850500  8 15  4  15.5  995 175  4.4 8 11.1  98    0    0 380 -393  2
4218500 2850500  8 15  5  15.4  993 194  3.6 8 10.9  97    0    0 379 -392  2
4218500 2850500  8 15  6  15.3  993 208  4.1 7 10.8  96   18   23 372 -390  2
4218500 2850500  8 15  7  15.8  993 235  4.5 3 10.8  95   80   61 350 -390  2
4218500 2850500  8 15  8  16.0  993 257  6.9 6 10.5  91   70  134 343 -394  2
4218500 2850500  8 15  9  16.4  994 250  9.2 7 10.0  85   89  201 359 -400  2
4218500 2850500  8 15 10  17.1  995 257  8.8 5  9.2  75  102  255 356 -406  2
4218500 2850500  8 15 11  17.0  996 276  9.9 6  8.3  67   12  240 351 -403  2
4218500 2850500  8 15 12  18.6  997 262  9.7 6  8.2  63   50  294 355 -412  2
4218500 2850500  8 15 13  18.7  998 260  9.8 5  8.1  60  105  274 353 -432  2
4218500 2850500  8 15 14  19.2  998 251 10.0 5  7.9  57  186  285 347 -442  2
4218500 2850500  8 15 15  20.7  999 267  8.0 4  7.8  53  475  134 344 -443  2
4218500 2850500  8 15 16  21.0  999 258  7.3 4  7.5  48  371  130 340 -442  2
4218500 2850500  8 15 17  21.7  999 271  7.5 4  7.3  46  180  144 339 -439  2
4218500 2850500  8 15 18  17.1  999 280  4.9 4  7.2  50   97  103 333 -431  2
4218500 2850500  8 15 19  17.6 1000 284  6.6 5  7.2  57   20   56 330 -422  2
4218500 2850500  8 15 20  16.6 1001 264  5.5 5  7.4  60    0    6 333 -413  2
4218500 2850500  8 15 21  15.5 1001 249  3.4 5  7.3  64    0    0 329 -406  2
4218500 2850500  8 15 22  14.8 1002 237  3.6 4  7.4  68    0    0 324 -401  2
4218500 2850500  8 15 23  14.6 1002 251  3.6 4  7.8  74    0    0 320 -396  2
4218500 2850500  8 15 24  14.0 1002 255  3.5 4  8.0  78    0    0 319 -391  2
4218500 2850500  8 16  1  14.2 1002 252  3.7 3  8.1  80    0    0 315 -387  2
4218500 2850500  8 16  2  13.5 1002 242  3.8 2  8.0  80    0    0 307 -382  2
4218500 2850500  8 16  3  13.2 1002 254  3.7 2  8.0  82    0    0 301 -379  2
4218500 2850500  8 16  4  13.3 1002 257  3.7 2  8.1  84    0    0 302 -377  2
4218500 2850500  8 16  5  12.4 1002 232  3.2 2  8.1  86    0    0 301 -374  2
4218500 2850500  8 16  6  12.4 1002 235  3.9 3  8.0  88   18   27 304 -372  2
4218500 2850500  8 16  7  13.4 1002 255  4.3 3  8.1  86   84   69 310 -374  2
4218500 2850500  8 16  8  15.2 1003 264  4.6 2  8.3  80  238   88 310 -383  2
4218500 2850500  8 16  9  16.7 1003 263  5.8 1  8.3  72  427   81 305 -398  2
4218500 2850500  8 16 10  18.5 1003 277  6.1 2  8.0  63  418  161 311 -412  2
4218500 2850500  8 16 11  19.3 1003 290  6.0 3  7.5  54  322  266 323 -425  2
4218500 2850500  8 16 12  20.1 1003 249  4.3 4  7.1  49  170  335 334 -434  2
4218500 2850500  8 16 13  21.5 1002 249  3.9 4  6.9  45  301  268 342 -437  2
4218500 2850500  8 16 14  22.0 1002 267  5.1 4  6.7  41  251  302 345 -439  2
4218500 2850500  8 16 15  21.6 1002 285  4.4 7  6.6  40   30  256 354 -443  2
4218500 2850500  8 16 16  22.0 1002 297  4.5 5  6.8  41  166  231 357 -446  2
4218500 2850500  8 16 17  21.8 1002 259  4.3 6  6.9  42   24  176 355 -443  2
4218500 2850500  8 16 18  21.1 1002 261  3.9 4  7.0  44   57  121 350 -436  2
4218500 2850500  8 16 19  20.5 1001 239  3.0 3  7.3  47   18   59 339 -427  2
4218500 2850500  8 16 20  19.2 1001 242  1.8 3  7.3  50    0    8 333 -416  2
4218500 2850500  8 16 21  17.3 1001 344  0.5 3  7.5  57    0    0 328 -409  2
4218500 2850500  8 16 22  17.0 1001 120  1.2 5  7.8  63    0    0 333 -405  2
4218500 2850500  8 16 23  16.0 1001 164  1.9 5  8.0  67    0    0 339 -402  2
4218500 2850500  8 16 24  14.8 1001 239  1.6 4  8.0  73    0    0 332 -396  2
4218500 2850500  8 17  1  14.7 1001 225  1.4 6  8.1  76    0    0 333 -392  2
4218500 2850500  8 17  2  14.3 1001 228  0.8 6  8.2  78    0    0 341 -390  2
4218500 2850500  8 17  3  14.2 1000 189  1.1 7  8.3  80    0    0 345 -390  2
4218500 2850500  8 17  4  14.1 1000 245  1.6 7  8.4  82    0    0 350 -390  2
4218500 2850500  8 17  5  14.0 1000 209  0.8 7  8.6  84    0    0 350 -389  2
4218500 2850500  8 17  6  13.6  999 148  1.4 7  8.7  87    0   16 349 -389  2
4218500 2850500  8 17  7  14.0 1000 199  2.4 7  8.8  88    0   37 348 -391  2
4218500 2850500  8 17  8  14.8 1000 222  2.0 7  9.1  87    0   78 349 -395  2
4218500 2850500  8 17  9  14.8 1000 223  2.8 8  9.3  88    0   97 352 -402  2
4218500 2850500  8 17 10  14.7 1000 265  3.1 8  9.5  90    0  121 354 -413  2
4218500 2850500  8 17 11  14.5 1001 291  3.3 8  9.7  92    0  177 352 -418  2
4218500 2850500  8 17 12  15.0 1001 253  3.5 7  9.8  92    0  202 348 -425  2
4218500 2850500  8 17 13  16.2 1002 287  3.9 6  9.8  88   28  283 345 -438  2
4218500 2850500  8 17 14  16.4 1002 265  3.6 5  9.5  81   94  325 339 -439  2
4218500 2850500  8 17 15  17.5 1002 298  3.0 3  9.3  76  194  301 332 -439  2
4218500 2850500  8 17 16  18.7 1002 290  2.9 6  9.1  69  120  251 337 -436  2
4218500 2850500  8 17 17  18.2 1002 281  3.2 7  8.6  64   22  178 350 -430  2
4218500 2850500  8 17 18  18.0 1001 256  3.3 4  8.4  64   83  127 342 -427  2
4218500 2850500  8 17 19  17.8 1002 268  2.2 6  8.5  65    8   55 338 -421  2
4218500 2850500  8 17 20  17.1 1002 276  3.0 7  8.5  67    0    1 346 -412  2
4218500 2850500  8 17 21  16.1 1002 284  3.3 7  8.0  67    0    0 343 -404  2
4218500 2850500  8 17 22  15.2 1003 239  2.4 5  7.5  67    0    0 331 -398  2
4218500 2850500  8 17 23  14.4 1003 279  2.4 4  7.5  70    0    0 319 -391  2
4218500 2850500  8 17 24  13.3 1003 243  2.0 3  7.5  75    0    0 309 -386  2
4218500 2850500  8 18  1  12.4 1004 217  2.5 0  7.4  80    0    0 294 -383  2
4218500 2850500  8 18  2  11.6 1004 162  1.5 0  7.5  84    0    0 282 -382  2
4218500 2850500  8 18  3  10.7 1004 239  1.1 0  7.3  88    0    0 277 -383  2
4218500 2850500  8 18  4  10.6 1004 192  1.6 0  7.2  89    0    0 272 -382  2
4218500 2850500  8 18  5   9.6 1004 178  1.1 0  7.0  90    0    0 268 -379  2
4218500 2850500  8 18  6  10.0 1004 139  1.1 1  7.1  93   14   25 268 -376  2
4218500 2850500  8 18  7  12.1 1004 154  1.8 2  7.6  91   73   77 279 -377  2
4218500 2850500  8 18  8  14.0 1004 160  2.2 4  8.0  85   95  145 296 -386  2
4218500 2850500  8 18  9  15.5 1004 154  3.1 4  8.3  78  267  169 309 -403  2
4218500 2850500  8 18 10  18.2 1004 179  3.9 2  8.3  68  506  132 310 -423  2
4218500 2850500  8 18 11  20.6 1003 184  5.2 3  7.9  56  377  259 316 -442  2
4218500 2850500  8 18 12  21.4 1003 174  5.7 3  7.4  47  436  259 325 -458  2
4218500 2850500  8 18 13  22.4 1002 197  4.6 2  7.0  42  543  214 326 -469  2
4218500 2850500  8 18 14  22.7 1002 195  5.2 4  7.0  41  327  301 334 -473  2
4218500 2850500  8 18 15  23.9 1001 186  4.9 5  7.1  39  184  294 348 -472  2
4218500 2850500  8 18 16  23.8 1001 150  4.8 6  6.9  37   14  202 358 -470  2
4218500 2850500  8 18 17  23.0 1000 170  3.9 7  7.3  40    0   83 364 -467  2
4218500 2850500  8 18 18  19.2 1000 184  3.6 7  8.7  55    0   30 365 -458  2
4218500 2850500  8 18 19  18.5  999 173  2.4 5  9.7  70    0   30 356 -447  2
4218500 2850500  8 18 20  18.1  999 153  2.9 6  9.6  71    0    0 356 -436  2
4218500 2850500  8 18 21  17.9  999 156  3.0 6  9.8  75    0    0 359 -427  2
4218500 2850500  8 18 22  17.6  998 167  3.6 6  9.9  77    0    0 356 -420  2
4218500 2850500  8 18 23  17.1  998 174  3.7 6  9.9  80    0    0 359 -416  2
4218500 2850500  8 18 24  16.4  998 172  3.6 4  9.8  83    0    0 366 -414  2
4218500 2850500  8 19  1  15.7 1018 161  3.1 3  9.7  86    0    0 318 -412  2
4218500 2850500  8 19  2  14.9 1018 149  2.7 2  9.6  90    0    0 311 -410  2
4218500 2850500  8 19  3  14.3 1017 138  2.2 1  9.4  92    0    0 309 -406  2
4218500 2850500  8 19  4  14.0 1018 138  2.3 2  9.3  93    0    0 313 -403  2
4218500 2850500  8 19  5  14.4 1018 138  2.2 2  9.4  93    0    0 316 -401  2
4218500 2850500  8 19  6  13.8 1018 134  2.5 3  9.2  96    5   26 317 -398  2
4218500 2850500  8 19  7  16.0 1018 146  1.9 3  9.8  93   67   77 321 -399  2
4218500 2850500  8 19  8  18.5 1018 154  2.0 4 10.2  83  219  100 328 -409  2
4218500 2850500  8 19  9  21.7 1018 165  2.4 5  9.8  67  327  129 340 -426  2
4218500 2850500  8 19 10  23.7 1018 198  2.7 5  9.3  54  437  148 351 -445  2
4218500 2850500  8 19 11  24.6 1018 168  2.1 5  8.7  47  539  153 357 -465  2
4218500 2850500  8 19 12  25.7 1018 168  2.1 5  8.5  43  570  172 361 -483  2
4218500 2850500  8 19 13  26.4 1018 133  2.3 6  8.5  41  544  197 366 -497  2
4218500 2850500  8 19 14  27.1 1017 151  2.4 7  8.5  39  464  224 373 -506  2
4218500 2850500  8 19 15  27.1 1017 159  2.3 7  8.4  38  357  235 376 -510  2
4218500 2850500  8 19 16  27.2 1017 164  1.8 7  8.2  37  220  230 376 -509  2
4218500 2850500  8 19 17  26.9 1017 136  2.2 7  8.3  37   89  190 376 -502  2
4218500 2850500  8 19 18  25.6 1016 128  2.4 7  8.6  40   13  109 373 -489  2
4218500 2850500  8 19 19  24.1 1016 119  2.5 6  8.9  45    3   41 366 -473  2
4218500 2850500  8 19 20  22.9 1016 119  2.5 5  9.0  50    0    0 358 -457  2
4218500 2850500  8 19 21  20.5 1016 126  3.0 4  9.1  56    0    0 348 -445  2
4218500 2850500  8 19 22  19.1 1016 129  3.0 2  9.2  64    0    0 338 -437  2
4218500 2850500  8 19 23  18.9 1017 128  3.2 1  9.3  68    0    0 333 -431  2
4218500 2850500  8 19 24  17.3 1016 138  3.0 0  9.3  72    0    0 329 -426  2
4218500 2850500  8 20  1  16.9 1016 141  3.3 0  9.3  76    0    0 326 -422  2
4218500 2850500  8 20  2  16.5 1016 142  3.3 0  9.1  77    0    0 325 -418  2
4218500 2850500  8 20  3  16.6 1015 139  2.6 0  9.0  76    0    0 324 -416  2
4218500 2850500  8 20  4  15.8 1015 140  2.4 0  8.9  78    0    0 323 -413  2
4218500 2850500  8 20  5  15.3 1015 142  2.7 1  8.9  81    0    0 322 -411  2
4218500 2850500  8 20  6  16.1 1015 157  2.7 2  8.9  80    7   26 325 -410  2
4218500 2850500  8 20  7  18.5 1015 171  2.5 1  9.0  73   78   76 328 -413  2
4218500 2850500  8 20  8  20.3 1015 202  2.3 1  9.0  64  247   85 332 -423  2
4218500 2850500  8 20  9  24.2 1015 196  2.1 0  9.3  56  385   98 339 -442  2
4218500 2850500  8 20 10  27.0 1015 211  3.0 0 10.1  49  508  108 352 -463  2
4218500 2850500  8 20 11  29.4 1015 210  3.1 0 10.8  45  619  104 364 -486  2
4218500 2850500  8 20 12  31.7 1014 201  3.2 0 11.1  41  666  110 375 -507  2
4218500 2850500  8 20 13  32.7 1014 209  3.9 0 11.0  37  654  123 383 -525  2
4218500 2850500  8 20 14  34.1 1014 195  3.5 2 10.8  34  607  131 391 -537  2
4218500 2850500  8 20 15  35.0 1013 219  3.8 2 10.9  32  484  158 398 -545  2
4218500 2850500  8 20 16  35.0 1012 183  3.6 0 10.7  30  369  154 397 -545  2
4218500 2850500  8 20 17  34.7 1012 198  3.4 0 10.0  29  232  140 393 -539  2
4218500 2850500  8 20 18  33.8 1011 200  2.7 0  9.8  29  104  105 389 -527  2
4218500 2850500  8 20 19  30.5 1011 160  2.5 0 10.1  34   17   46 382 -508  2
4218500 2850500  8 20 20  26.2 1011 171  3.1 1 10.7  44    0    0 369 -489  2
4218500 2850500  8 20 21  26.8 1011 177  2.8 1 10.5  48    0    0 363 -474  2
4218500 2850500  8 20 22  23.6 1011 173  2.5 2 10.3  51    0    0 359 -464  2
4218500 2850500  8 20 23  23.3 1011 183  2.3 1 10.8  60    0    0 355 -456  2
4218500 2850500  8 20 24  22.6 1011 192  2.8 1 10.9  62    0    0 351 -450  2
4218500 2850500  8 21  1  20.1 1011 203  2.9 0 10.9  68    0    0 344 -446  2
4218500 2850500  8 21  2  19.7 1010 246  2.6 0 10.9  75    0    0 338 -442  2
4218500 2850500  8 21  3  19.9 1011 211  2.6 1 10.9  75    0    0 340 -440  2
4218500 2850500  8 21  4  19.7 1011 229  2.8 1 10.8  74    0    0 341 -440  2
4218500 2850500  8 21  5  19.4 1010 198  3.0 2 10.9  76    0    0 342 -441  2
4218500 2850500  8 21  6  20.5 1011 220  3.0 4 11.0  75    0   18 349 -441  2
4218500 2850500  8 21  7  21.4 1011 211  2.4 5 11.2  72   28   73 354 -442  2
4218500 2850500  8 21  8  24.3 1011 207  2.3 4 11.5  66  131  136 358 -450  2
4218500 2850500  8 21  9  28.1 1011 210  1.3 3 11.9  55  273  165 365 -465  2
4218500 2850500  8 21 10  30.7 1011 198  2.5 5 12.5  48  267  246 381 -480  2
4218500 2850500  8 21 11  32.1 1011  71  1.9 6 13.0  45  373  257 398 -499  2
4218500 2850500  8 21 12  30.6 1011  35  4.8 5 13.5  47  503  225 400 -523  2
4218500 2850500  8 21 13  31.8 1011  83  4.4 3 13.9  48  500  239 394 -542  2
4218500 2850500  8 21 14  33.1 1010  77  2.9 4 13.9  45  325  304 398 -548  2
4218500 2850500  8 21 15  33.4 1010 244  1.4 6 13.9  43  175  302 412 -549  2
4218500 2850500  8 21 16  32.5 1009   7  2.8 7 14.7  46   63  235 421 -541  2
4218500 2850500  8 21 17  29.1 1010 335  3.7 8 15.6  55    1  121 420 -529  2
4218500 2850500  8 21 18  27.8 1010 328  2.8 6 15.2  62   13  105 407 -518  2
4218500 2850500  8 21 19  26.8 1011 329  3.5 5 14.8  64    4   39 393 -503  2
4218500 2850500  8 21 20  25.4 1011 303  2.1 5 14.7  69    0    0 385 -488  2
4218500 2850500  8 21 21  25.5 1012 317  2.9 6 14.7  71    0    0 385 -476  2
4218500 2850500  8 21 22  25.0 1013 344  2.7 7 14.0  69    0    0 391 -465  2
4218500 2850500  8 21 23  24.3 1013   8  3.1 8 13.2  68    0    0 396 -455  2
4218500 2850500  8 21 24  23.9 1013   1  3.2 7 12.9  68    0    0 394 -447  2
4218500 2850500  8 22  1  22.4 1013 323  3.2 5 12.5  70    0    0 379 -442  2
4218500 2850500  8 22  2  21.6 1014 314  3.3 4 12.1  73    0    0 361 -436  2
4218500 2850500  8 22  3  20.7 1014 315  3.3 5 11.8  74    0    0 359 -431  2
4218500 2850500  8 22  4  19.9 1014 305  3.1 4 11.5  77    0    0 357 -425  2
4218500 2850500  8 22  5  19.2 1014 321  3.6 3 11.5  81    0    0 347 -417  2
4218500 2850500  8 22  6  18.5 1014 324  3.9 4 11.8  86    0    9 344 -411  2
4218500 2850500  8 22  7  18.5 1015 326  3.4 5 11.8  88   12   69 351 -409  2
4218500 2850500  8 22  8  19.5 1015 327  2.5 5 11.7  85  135  142 356 -414  2
4218500 2850500  8 22  9  20.9 1015 343  1.5 2 11.4  77  266  183 344 -423  2
4218500 2850500  8 22 10  22.4 1015 325  1.7 0 11.1  68  369  219 328 -437  2
4218500 2850500  8 22 11  23.7 1015 315  1.6 2 10.9  62  412  255 336 -451  2
4218500 2850500  8 22 12  23.9 1014 333  2.2 5 11.0  59  290  346 358 -464  2
4218500 2850500  8 22 13  25.0 1014 321  1.4 6 11.3  59  333  341 373 -474  2
4218500 2850500  8 22 14  25.6 1013 336  1.3 6 11.4  56  341  319 378 -480  2
4218500 2850500  8 22 15  25.9 1012  21  0.9 6 11.4  54  196  317 379 -480  2
4218500 2850500  8 22 16  25.7 1012 224  1.2 7 11.5  55   72  244 380 -478  2
4218500 2850500  8 22 17  25.4 1011  65  1.6 8 11.7  57   12  152 384 -472  2
4218500 2850500  8 22 18  24.6 1011  81  2.8 8 11.7  58    4   89 385 -464  2
4218500 2850500  8 22 19  23.8 1010  75  2.9 7 11.6  61    0   27 383 -453  2
4218500 2850500  8 22 20  23.2 1010  75  3.0 7 11.9  65    0    0 379 -439  2
4218500 2850500  8 22 21  22.8 1009  99  4.3 7 12.5  70    0    0 379 -428  2
4218500 2850500  8 22 22  22.3 1008  59  5.1 6 12.9  74    0    0 376 -422  2
4218500 2850500  8 22 23  19.6 1008 336  4.7 7 13.2  84    0    0 373 -419  2
4218500 2850500  8 22 24  19.6 1009  87  4.1 6 13.6  94    0    0 373 -418  2
4218500 2850500  8 23  1  19.3 1008  91  2.7 5 13.4  94    0    0 368 -418  2
4218500 2850500  8 23  2  18.8 1007 103  2.6 2 13.0  93    0    0 353 -419  2
4218500 2850500  8 23  3  18.3 1006 139  2.5 1 12.6  93    0    0 336 -420  2
4218500 2850500  8 23  4  18.1 1005 165  2.1 3 12.2  92    0    0 333 -419  2
4218500 2850500  8 23  5  17.9 1005 193  2.3 6 12.1  92    0    0 354 -416  2
4218500 2850500  8 23  6  18.2 1005 229  3.0 6 12.2  93    1   17 368 -414  2
4218500 2850500  8 23  7  18.6 1005 261  3.1 4 12.6  94   54   68 359 -415  2
4218500 2850500  8 23  8  20.2 1006 260  4.6 2 13.2  92  174  105 343 -421  2
4218500 2850500  8 23  9  21.5 1006 286  5.5 4 12.9  83  194  179 348 -434  2
4218500 2850500  8 23 10  21.1 1007 278  6.2 5 11.0  69  273  220 363 -448  2
4218500 2850500  8 23 11  21.9 1008 274  5.6 4 10.0  62  358  240 363 -458  2
4218500 2850500  8 23 12  22.5 1008 270  6.5 2  9.7  58  507  198 354 -467  2
4218500 2850500  8 23 13  23.9 1008 268  7.7 3  9.5  53  472  227 355 -474  2
4218500 2850500  8 23 14  23.9 1009 256  6.4 3  9.2  50  403  242 361 -477  2
4218500 2850500  8 23 15  24.4 1009 231  6.4 4  8.5  45  324  236 360 -479  2
4218500 2850500  8 23 16  24.4 1009 263  4.5 4  8.0  42  271  194 358 -480  2
4218500 2850500  8 23 17  23.8 1009 277  5.8 5  7.8  41  198  145 355 -475  2
4218500 2850500  8 23 18  23.0 1009 274  5.0 5  7.5  42   83  102 353 -467  2
4218500 2850500  8 23 19  22.4 1009 276  3.1 4  7.8  45   13   41 348 -455  2
4218500 2850500  8 23 20  20.7 1009 263  2.5 5  8.3  51    0    0 345 -443  2
4218500 2850500  8 23 21  18.8 1010 275  2.7 5  8.4  58    0    0 341 -432  2
4218500 2850500  8 23 22  17.1 1010 277  2.5 5  8.7  67    0    0 337 -425  2
4218500 2850500  8 23 23  16.6 1010 247  2.3 5  9.0  74    0    0 336 -419  2
4218500 2850500  8 23 24  16.0 1010 272  2.0 5  9.1  78    0    0 337 -413  2
4218500 2850500  8 24  1  15.8 1010 268  2.3 5  9.1  80    0    0 337 -407  2
4218500 2850500  8 24  2  15.4 1010 213  2.2 4  9.0  81    0    0 334 -402  2
4218500 2850500  8 24  3  13.6 1011 236  2.7 4  9.0  86    0    0 327 -398  2
4218500 2850500  8 24  4  14.2 1011 252  2.5 4  8.8  88    0    0 323 -394  2
4218500 2850500  8 24  5  13.4 1011 236  2.7 3  8.7  88    0    0 317 -390  2
4218500 2850500  8 24  6  13.3 1011 243  2.8 3  8.6  90    4   22 311 -387  2
4218500 2850500  8 24  7  15.3 1011 271  3.3 2  8.6  84   74   68 307 -388  2
4218500 2850500  8 24  8  17.2 1011 278  3.9 3  8.6  74  239   77 311 -396  2
4218500 2850500  8 24  9  18.7 1011 286  4.2 2  8.6  67  377   89 314 -411  2
4218500 2850500  8 24 10  19.8 1011 260  4.4 2  8.2  59  526   84 313 -427  2
4218500 2850500  8 24 11  20.8 1011 260  4.7 2  7.8  52  576  113 317 -442  2
4218500 2850500  8 24 12  21.9 1011 280  4.3 3  7.6  48  455  216 326 -456  2
4218500 2850500  8 24 13  21.9 1011 288  4.8 4  7.3  45  387  256 335 -466  2
4218500 2850500  8 24 14  22.5 1010 300  3.9 4  7.1  43  323  266 340 -473  2
4218500 2850500  8 24 15  23.1 1010 305  4.1 4  7.1  41  236  259 342 -476  2
4218500 2850500  8 24 16  23.2 1009 252  3.0 5  6.9  39  272  186 345 -475  2
4218500 2850500  8 24 17  23.1 1009 281  4.0 4  6.8  38  184  145 344 -467  2
4218500 2850500  8 24 18  22.3 1009 285  2.8 2  6.7  39  104   96 331 -457  2
4218500 2850500  8 24 19  20.5 1009 290  1.8 0  6.8  42   13   40 313 -443  2
4218500 2850500  8 24 20  19.7 1008 292  1.6 0  7.1  48    0    0 301 -429  2
4218500 2850500  8 24 21  17.2 1008 254  1.4 0  7.4  56    0    0 293 -416  2
4218500 2850500  8 24 22  14.3 1008 159  1.1 0  7.6  68    0    0 282 -408  2
4218500 2850500  8 24 23  14.5 1008 178  1.1 0  7.7  75    0    0 277 -404  2
4218500 2850500  8 24 24  14.3 1008 150  1.9 0  7.9  77    0    0 278 -401  2
4218500 2850500  8 25  1  13.4 1007 131  2.7 0  8.1  82    0    0 276 -399  2
4218500 2850500  8 25  2  12.9 1007 103  2.0 1  8.1  85    0    0 278 -397  2
4218500 2850500  8 25  3  11.9 1007  98  2.1 3  7.9  87    0    0 288 -396  2
4218500 2850500  8 25  4  11.8 1006  84  2.2 5  7.8  90    0    0 305 -396  2
4218500 2850500  8 25  5  12.0 1006  85  2.3 6  7.8  89    0    0 317 -398  2
4218500 2850500  8 25  6  12.8 1005  91  1.9 7  7.9  87    0    4 327 -399  2
4218500 2850500  8 25  7  13.8 1005 145  2.5 7  8.4  87    0   34 335 -403  2
4218500 2850500  8 25  8  14.1 1004 112  2.8 8  9.0  90    0   60 342 -411  2
4218500 2850500  8 25  9  14.8 1003  72  2.9 7  9.5  91   24  156 345 -420  2
4218500 2850500  8 25 10  15.3 1003  38  1.4 7  9.9  92    3  166 347 -432  2
4218500 2850500  8 25 11  16.3 1003  66  2.7 8 10.2  89    1  185 355 -448  2
4218500 2850500  8 25 12  16.7 1003  70  3.0 7 10.3  87    0  155 359 -450  2
4218500 2850500  8 25 13  17.4 1002  58  2.8 8 10.4  85    0  181 363 -445  2
4218500 2850500  8 25 14  17.5 1002 128  1.8 8 10.6  84    0  127 370 -459  2
4218500 2850500  8 25 15  17.6 1003  81  1.9 8 10.8  85    0  148 371 -476  2
4218500 2850500  8 25 16  19.2 1003 165  1.7 8 10.9  81    0  137 377 -480  2
4218500 2850500  8 25 17  18.7 1002 300  1.4 7 11.0  79    0  103 378 -477  2
4218500 2850500  8 25 18  18.8 1002 297  1.4 7 11.2  82    0   43 376 -469  2
4218500 2850500  8 25 19  18.2 1002 344  1.5 7 11.4  84    0    9 376 -459  2
4218500 2850500  8 25 20  16.9 1002   9  1.6 7 11.1  88    0    0 374 -449  2
4218500 2850500  8 25 21  16.3 1002  87  1.6 7 10.9  91    0    0 369 -443  2
4218500 2850500  8 25 22  16.1 1002  66  1.9 6 10.9  93    0    0 363 -439  2
4218500 2850500  8 25 23  15.7 1003 111  1.8 7 10.8  94    0    0 361 -433  2
4218500 2850500  8 25 24  15.5 1003 122  1.2 7 10.7  95    0    0 365 -423  2
4218500 2850500  8 26  1  15.6 1002  95  1.3 7 10.8  96    0    0 366 -418  2
4218500 2850500  8 26  2  15.9 1002 138  1.7 8 11.0  97    0    0 371 -418  2
4218500 2850500  8 26  3  16.1 1002 158  1.3 8 11.2  97    0    0 376 -418  2
4218500 2850500  8 26  4  15.9 1002 161  0.9 6 11.1  96    0    0 368 -417  2
4218500 2850500  8 26  5  16.0 1002 133  0.7 8 11.0  96    0    0 367 -416  2
4218500 2850500  8 26  6  15.7 1002 148  0.7 8 11.0  96    2   17 374 -414  2
4218500 2850500  8 26  7  16.5 1002 158  1.8 5 11.1  96    3   51 363 -415  2
4218500 2850500  8 26  8  16.6 1002 190  2.4 7 11.2  94   23  121 360 -420  2
4218500 2850500  8 26  9  18.7 1002 188  2.5 6 11.1  86  140  187 366 -429  2
4218500 2850500  8 26 10  19.7 1002 217  3.3 6 11.0  78  163  244 367 -440  2
4218500 2850500  8 26 11  22.2 1002 237  3.5 5 10.9  69  244  274 371 -449  2
4218500 2850500  8 26 12  23.1 1003 270  4.6 4 10.4  60  324  273 369 -462  2
4218500 2850500  8 26 13  23.3 1003 220  5.2 5  9.5  53  106  311 370 -469  2
4218500 2850500  8 26 14  23.3 1003 227  4.7 5  9.4  52   77  291 375 -474  2
4218500 2850500  8 26 15  24.3 1003 203  4.5 5  9.9  53  317  225 378 -479  2
4218500 2850500  8 26 16  24.1 1002 220  4.8 5  9.9  52  253  189 377 -478  2
4218500 2850500  8 26 17  23.9 1002 123  4.1 6  9.6  51   77  166 378 -474  2
4218500 2850500  8 26 18  23.4 1002 237  3.1 7  9.6  52   12   92 382 -467  2
4218500 2850500  8 26 19  22.3 1001 207  3.5 5  9.9  56    7   35 376 -456  2
4218500 2850500  8 26 20  20.0 1002 207  2.6 5 10.2  64    0    0 364 -441  2
4218500 2850500  8 26 21  18.8 1002 216  2.6 5 10.7  75    0    0 357 -430  2
4218500 2850500  8 26 22  17.9 1002 240  2.6 5 10.9  81    0    0 353 -421  2
4218500 2850500  8 26 23  17.5 1002 258  2.8 4 10.7  83    0    0 348 -415  2
4218500 2850500  8 26 24  17.3 1003 182  2.3 5 10.6  84    0    0 349 -412  2
4218500 2850500  8 27  1  17.2 1002 188  2.6 5 10.8  87    0    0 352 -413  2
4218500 2850500  8 27  2  17.8 1002 229  2.9 5 11.0  86    0    0 353 -412  2
4218500 2850500  8 27  3  16.9 1003 232  2.6 5 10.9  86    0    0 353 -411  2
4218500 2850500  8 27  4  16.2 1003 232  2.6 5 10.6  89    0    0 348 -412  2
4218500 2850500  8 27  5  16.4 1003 210  2.7 5 10.4  89    0    0 345 -412  2
4218500 2850500  8 27  6  15.9 1003 221  3.3 6 10.1  87   11   16 347 -411  2
4218500 2850500  8 27  7  16.8 1003 218  3.9 4  9.6  81   69   62 341 -412  2
4218500 2850500  8 27  8  18.6 1003 221  4.7 3  9.4  73  243   70 331 -415  2
4218500 2850500  8 27  9  20.8 1003 223  5.4 2  9.3  64  405   66 330 -422  2
4218500 2850500  8 27 10  21.8 1003 234  5.4 2  8.9  56  507   88 332 -431  2
4218500 2850500  8 27 11  21.6 1003 233  5.8 3  8.3  51  269  262 339 -443  2
4218500 2850500  8 27 12  21.6 1003 231  7.7 4  7.7  47  232  303 349 -451  2
4218500 2850500  8 27 13  22.9 1003 242  5.7 5  7.5  44  262  301 361 -452  2
4218500 2850500  8 27 14  22.0 1003 219  7.2 6  7.8  46   70  290 369 -455  2
4218500 2850500  8 27 15  20.5 1003 255  5.7 6  8.3  52    0  168 370 -458  2
4218500 2850500  8 27 16  19.9 1003 242  7.6 6  8.9  59   33  205 368 -458  2
4218500 2850500  8 27 17  18.0 1003 255  4.8 7  9.4  68   34  157 368 -454  2
4218500 2850500  8 27 18  17.0 1004 257  5.5 7  9.9  78   19   94 369 -446  2
4218500 2850500  8 27 19  17.2 1004 253  5.3 6  9.8  80    6   33 363 -435  2
4218500 2850500  8 27 20  17.3 1005 269  5.3 7  9.6  77    0    0 362 -426  2
4218500 2850500  8 27 21  17.1 1006 273  4.7 8  9.6  77    0    0 372 -420  2
4218500 2850500  8 27 22  16.9 1006 270  5.7 8  9.7  79    0    0 377 -417  2
4218500 2850500  8 27 23  16.3 1007 282  6.0 8  9.7  82    0    0 378 -414  2
4218500 2850500  8 27 24  15.9 1008 282  5.8 7  9.7  84    0    0 372 -411  2
4218500 2850500  8 28  1  15.2 1009 289  5.5 3  9.5  86    0    0 348 -410  2
4218500 2850500  8 28  2  14.4 1010 291  5.0 2  8.9  84    0    0 322 -410  2
4218500 2850500  8 28  3  13.7 1010 291  4.6 0  8.4  84    0    0 305 -409  2
4218500 2850500  8 28  4  13.2 1011 289  4.8 1  8.1  84    0    0 299 -408  2
4218500 2850500  8 28  5  12.8 1012 289  4.2 2  7.9  85    0    0 306 -405  2
4218500 2850500  8 28  6  13.2 1013 283  4.2 3  8.2  87    0   10 316 -403  2
4218500 2850500  8 28  7  14.3 1013 294  4.0 4  8.6  87   24   55 328 -404  2
4218500 2850500  8 28  8  15.1 1014 294  5.3 4  8.5  81  149   97 335 -407  2
4218500 2850500  8 28  9  16.0 1015 302  5.2 4  7.8  70  182  162 336 -413  2
4218500 2850500  8 28 10  16.8 1015 300  5.3 5  7.2  62   73  239 343 -422  2
4218500 2850500  8 28 11  17.2 1015 289  5.2 6  6.9  57  125  278 355 -433  2
4218500 2850500  8 28 12  17.7 1016 301  4.4 5  6.6  53  181  300 354 -443  2
4218500 2850500  8 28 13  18.5 1016 280  4.9 5  6.6  51  350  252 352 -451  2
4218500 2850500  8 28 14  19.2 1016 288  4.8 4  6.6  49  458  177 351 -457  2
4218500 2850500  8 28 15  20.0 1016 310  4.4 3  6.4  45  374  179 345 -459  2
4218500 2850500  8 28 16  20.2 1016 293  4.1 3  6.3  43  365  117 339 -458  2
4218500 2850500  8 28 17  20.1 1016 284  3.7 3  6.1  42  240  104 332 -453  2
4218500 2850500  8 28 18  19.2 1015 281  2.1 3  6.0  42   94   87 323 -442  2
4218500 2850500  8 28 19  17.5 1015 290  1.9 3  6.3  48    8   32 316 -430  2
4218500 2850500  8 28 20  13.8 1015 284  1.0 4  6.6  59    0    0 309 -417  2
4218500 2850500  8 28 21  13.1 1016 173  0.4 3  6.7  69    0    0 301 -408  2
4218500 2850500  8 28 22  13.0 1016 134  1.7 3  6.9  74    0    0 298 -401  2
4218500 2850500  8 28 23  11.0 1016 132  2.1 3  7.2  82    0    0 295 -396  2
4218500 2850500  8 28 24  11.1 1016 142  2.2 3  7.2  88    0    0 293 -392  2
4218500 2850500  8 29  1  11.2 1016 147  2.6 2  7.1  86    0    0 292 -388  2
4218500 2850500  8 29  2  10.2 1016 148  2.8 2  6.9  86    0    0 289 -385  2
4218500 2850500  8 29  3   9.9 1015 139  2.8 2  6.8  89    0    0 287 -382  2
4218500 2850500  8 29  4  10.1 1015 129  2.7 1  6.7  88    0    0 283 -379  2
4218500 2850500  8 29  5   9.9 1015 138  2.3 1  6.7  88    0    0 280 -377  2
4218500 2850500  8 29  6   9.9 1014 128  2.7 1  6.8  90    4   16 280 -376  2
4218500 2850500  8 29  7  12.1 1014 156  2.8 3  7.2  88   62   62 290 -377  2
4218500 2850500  8 29  8  15.0 1014 158  3.0 4  7.4  76  224   79 306 -387  2
4218500 2850500  8 29  9  18.0 1014 160  3.2 4  7.4  63  363   91 318 -403  2
4218500 2850500  8 29 10  20.4 1013 174  3.4 5  7.8  56  202  235 332 -423  2
4218500 2850500  8 29 11  21.6 1013 162  3.2 6  8.1  52  281  262 343 -443  2
4218500 2850500  8 29 12  22.2 1013 165  3.4 6  7.8  48  207  314 349 -458  2
4218500 2850500  8 29 13  22.0 1012 174  3.3 7  7.6  46   13  254 354 -470  2
4218500 2850500  8 29 14  23.2 1012 151  3.0 7  7.7  45    5  218 359 -478  2
4218500 2850500  8 29 15  21.4 1012 180  4.0 7  8.0  47    0  118 360 -480  2
4218500 2850500  8 29 16  20.4 1012 121  2.0 7  8.8  56    1  142 357 -479  2
4218500 2850500  8 29 17  21.9 1012  91  2.2 7  9.0  57   55  164 359 -473  2
4218500 2850500  8 29 18  21.4 1012 100  2.6 7  8.5  52   70   98 361 -464  2
4218500 2850500  8 29 19  19.9 1011  94  2.2 6  8.4  55    2   28 355 -452  2
4218500 2850500  8 29 20  18.2 1012 102  3.6 6  8.6  62    0    0 349 -442  2
4218500 2850500  8 29 21  17.6 1012 107  2.5 4  8.5  66    0    0 338 -433  2
4218500 2850500  8 29 22  16.5 1012 101  2.3 4  8.3  68    0    0 329 -427  2
4218500 2850500  8 29 23  15.4 1012 118  2.2 4  8.3  73    0    0 325 -422  2
4218500 2850500  8 29 24  14.7 1012 147  1.9 3  8.5  80    0    0 320 -419  2
4218500 2850500  8 30  1  13.7 1012 189  1.6 2  8.5  84    0    0 311 -416  2
4218500 2850500  8 30  2  12.3 1013 272  1.7 2  8.2  88    0    0 304 -411  2
4218500 2850500  8 30  3  11.6 1013 260  2.6 2  8.0  92    0    0 300 -406  2
4218500 2850500  8 30  4  11.9 1013 294  2.6 2  8.1  94    0    0 300 -402  2
4218500 2850500  8 30  5  12.6 1013 268  2.7 2  8.4  94    0    0 302 -398  2
4218500 2850500  8 30  6  13.1 1014 271  2.2 4  8.8  95    1   13 311 -394  2
4218500 2850500  8 30  7  14.8 1014 287  2.0 4  9.3  93   39   61 322 -394  2
4218500 2850500  8 30  8  17.1 1014 293  1.6 5  9.8  86   82  130 332 -402  2
4218500 2850500  8 30  9  19.8 1015 321  1.0 6 10.0  75  158  186 348 -419  2
4218500 2850500  8 30 10  21.7 1015 233  1.3 5 10.1  66  346  179 357 -440  2
4218500 2850500  8 30 11  23.3 1015 265  1.8 4  9.8  58  516  151 357 -461  2
4218500 2850500  8 30 12  23.9 1014 237  2.5 3  9.3  51  523  181 356 -480  2
4218500 2850500  8 30 13  24.8 1014 232  2.8 3  8.7  46  388  262 355 -494  2
4218500 2850500  8 30 14  24.8 1014 207  1.6 3  8.2  42  322  272 357 -503  2
4218500 2850500  8 30 15  25.7 1013 200  2.0 4  8.3  42  222  268 361 -506  2
4218500 2850500  8 30 16  26.2 1013 134  2.2 4  8.7  42  200  214 365 -502  2
4218500 2850500  8 30 17  25.6 1012 147  1.3 4  8.8  42  162  153 363 -492  2
4218500 2850500  8 30 18  24.3 1012 104  2.2 4  8.9  45   57  102 358 -480  2
4218500 2850500  8 30 19  22.1 1012 110  2.5 2  9.1  51    2   27 346 -465  2
4218500 2850500  8 30 20  20.7 1012 100  3.1 3  9.4  59    0    0 338 -449  2
4218500 2850500  8 30 21  18.8 1012 124  3.0 3  9.4  65    0    0 334 -440  2
4218500 2850500  8 30 22  19.6 1012 126  3.1 3  9.5  68    0    0 335 -437  2
4218500 2850500  8 30 23  18.3 1012 124  3.2 4  9.5  69    0    0 337 -433  2
4218500 2850500  8 30 24  19.0 1012 113  3.0 5  9.5  70    0    0 343 -425  2
4218500 2850500  8 31  1  18.0 1012 115  2.9 4  9.5  72    0    0 343 -415  2
4218500 2850500  8 31  2  17.2 1011  67  2.7 3  9.6  76    0    0 333 -409  2
4218500 2850500  8 31  3  16.7 1010 124  2.9 4  9.8  81    0    0 330 -405  2
4218500 2850500  8 31  4  17.0 1010 136  3.1 3 10.0  83    0    0 330 -404  2
4218500 2850500  8 31  5  16.2 1010 142  3.0 4 10.1  85    0    0 330 -404  2
4218500 2850500  8 31  6  16.8 1010 138  3.1 6 10.2  86    0    9 343 -402  2
4218500 2850500  8 31  7  18.2 1010 152  3.1 6 10.6  84   49   46 355 -406  2
4218500 2850500  8 31  8  20.2 1010 179  3.5 6 10.6  76   23  111 360 -416  2
4218500 2850500  8 31  9  20.3 1010 172  1.6 6 10.7  72    1  124 364 -424  2
4218500 2850500  8 31 10  21.7 1010 199  2.2 7 10.9  70    0  130 372 -435  2
4218500 2850500  8 31 11  21.2 1010 209  4.6 8 11.0  68    0  107 384 -443  2
4218500 2850500  8 31 12  20.8 1011 199  2.8 7 11.3  72   16  244 383 -443  2
4218500 2850500  8 31 13  22.7 1010 219  2.2 8 11.6  71  101  283 384 -447  2
4218500 2850500  8 31 14  22.7 1010 205  1.9 7 11.7  67    8  223 386 -459  2
4218500 2850500  8 31 15  22.9 1010 189  2.4 8 11.6  66    4  190 385 -470  2
4218500 2850500  8 31 16  21.7 1010 188  2.6 8 12.0  71    0   67 386 -470  2
4218500 2850500  8 31 17  20.5 1010 116  1.9 8 13.0  82    0   61 383 -463  2
4218500 2850500  8 31 18  20.2 1010 200  1.6 7 13.4  89    0   49 378 -456  2
4218500 2850500  8 31 19  19.9 1010 180  1.3 8 13.4  90    0   13 378 -446  2
4218500 2850500  8 31 20  19.6 1010 196  1.5 8 13.3  92    0    0 381 -434  2
4218500 2850500  8 31 21  19.3 1010 242  1.7 8 13.3  93    0    0 381 -423  2
4218500 2850500  8 31 22  19.0 1010 293  3.3 8 13.0  92    0    0 379 -418  2
4218500 2850500  8 31 23  18.7 1010 286  2.2 8 12.4  90    0    0 376 -413  2
4218500 2850500  8 31 24  18.2 1010 265  2.9 8 12.0  89    0    0 374 -408  2
4218500 2850500  9  1  1  17.8 1010 273  1.8 7 11.7  90    0    0 367 -406  2
4218500 2850500  9  1  2  17.4 1010 290  2.0 7 11.7  92    0    0 362 -404  2
4218500 2850500  9  1  3  17.1 1009 303  2.1 7 11.7  94    0    0 361 -403  2
4218500 2850500  9  1  4  17.2 1009 266  1.9 7 11.7  95    0    0 360 -402  2
4218500 2850500  9  1  5  17.0 1009 304  2.7 7 11.7  95    0    0 360 -400  2
4218500 2850500  9  1  6  16.2 1009 303  2.9 7 11.2  94    8   31 358 -398  2
4218500 2850500  9  1  7  16.0 1009 349  2.2 8 10.9  94    9   67 360 -396  2
4218500 2850500  9  1  8  15.9 1009 315  2.8 8 11.0  96    0   34 362 -397  2
4218500 2850500  9  1  9  15.9 1009 320  3.0 8 11.0  97    0   56 361 -402  2
4218500 2850500  9  1 10  16.7 1010 320  3.2 8 11.0  94    0  110 361 -411  2
4218500 2850500  9  1 11  16.8 1010 295  2.3 8 10.8  90    0  134 363 -421  2
4218500 2850500  9  1 12  17.2 1010 296  3.1 8 10.6  87    0  151 364 -430  2
4218500 2850500  9  1 13  17.8 1010 275  3.0 8 10.5  83    0  170 367 -436  2
4218500 2850500  9  1 14  18.1 1011 272  3.5 8 10.1  78    0  177 368 -440  2
4218500 2850500  9  1 15  18.7 1011 284  2.9 8  9.8  74    4  212 369 -441  2
4218500 2850500  9  1 16  18.3 1011 259  2.9 8  9.4  70    0  137 367 -440  2
4218500 2850500  9  1 17  18.1 1011 313  3.4 8  9.0  69    0   75 366 -435  2
4218500 2850500  9  1 18  17.5 1012 290  2.5 8  9.1  71    0   28 364 -426  2
4218500 2850500  9  1 19  16.7 1012 317  2.0 8  9.3  76    0    2 363 -416  2
4218500 2850500  9  1 20  16.4 1013 292  1.9 7  9.3  79    0    0 357 -409  2
4218500 2850500  9  1 21  15.8 1013 319  2.8 7  9.5  83    0    0 353 -404  2
4218500 2850500  9  1 22  15.5 1013 358  2.7 6  9.6  86    0    0 347 -400  2
4218500 2850500  9  1 23  14.7 1014  14  2.6 6  9.5  89    0    0 342 -399  2
4218500 2850500  9  1 24  14.3 1015 313  2.3 6  9.4  91    0    0 340 -398  2
4218500 2850500  9  2  1  13.9 1015 307  2.3 8  9.2  93    0    0 348 -390  2
4218500 2850500  9  2  2  13.8 1015 325  2.5 8  9.2  93    0    0 349 -389  2
4218500 2850500  9  2  3  13.4 1016 314  2.5 7  9.0  92    0    0 346 -387  2
4218500 2850500  9  2  4  13.0 1016 306  2.7 7  8.7  92    0    0 342 -385  2
4218500 2850500  9  2  5  12.6 1017 315  3.0 7  8.5  93    0    0 340 -382  2
4218500 2850500  9  2  6  12.0 1017 312  3.5 6  8.3  94    9   11 335 -379  2
4218500 2850500  9  2  7  12.6 1017 304  3.1 4  8.2  92   75   53 324 -380  2
4218500 2850500  9  2  8  13.9 1018 314  2.9 2  8.3  88  199   85 311 -384  2
4218500 2850500  9  2  9  15.3 1018 305  3.2 1  8.4  81  335  105 302 -392  2
4218500 2850500  9  2 10  16.6 1018 287  3.5 1  8.1  72  446  121 302 -403  2
4218500 2850500  9  2 11  17.6 1019 299  3.7 2  7.7  63  547  124 310 -415  2
4218500 2850500  9  2 12  18.6 1019 292  3.8 1  7.6  59  593  131 313 -425  2
4218500 2850500  9  2 13  18.7 1019 301  3.8 2  7.5  56  562  147 313 -433  2
4218500 2850500  9  2 14  19.2 1019 291  4.2 2  7.5  55  483  166 318 -437  2
4218500 2850500  9  2 15  18.7 1019 357  4.1 3  7.4  54  365  179 322 -438  2
4218500 2850500  9  2 16  18.8 1019 287  3.9 3  7.0  52  282  152 324 -438  2
4218500 2850500  9  2 17  18.5 1019 308  3.5 3  7.0  53  127  136 322 -434  2
4218500 2850500  9  2 18  18.2 1020 295  3.2 3  7.6  58   60   74 322 -427  2
4218500 2850500  9  2 19  16.7 1020 281  2.8 1  7.7  63    0    2 312 -419  2
4218500 2850500  9  2 20  14.9 1020 309  3.0 1  7.8  70    0    0 298 -411  2
4218500 2850500  9  2 21  14.4 1020 336  3.2 1  7.9  76    0    0 294 -404  2
4218500 2850500  9  2 22  13.4 1020 324  2.1 0  7.7  78    0    0 286 -399  2
4218500 2850500  9  2 23  11.8 1021 319  1.5 0  7.5  83    0    0 276 -393  2
4218500 2850500  9  2 24  11.1 1021 322  1.6 0  7.4  88    0    0 272 -390  2
4218500 2850500  9  3  1  10.7 1021 323  1.0 0  7.2  90    0    0 270 -387  2
4218500 2850500  9  3  2  10.3 1021  22  1.3 0  7.2  91    0    0 269 -384  2
4218500 2850500  9  3  3   9.2 1021  83  1.4 1  6.9  93    0    0 271 -382  2
4218500 2850500  9  3  4   9.4 1020  75  0.9 2  6.8  94    0    0 278 -379  2
4218500 2850500  9  3  5   8.5 1020 163  1.5 2  6.7  95    0    0 281 -378  2
4218500 2850500  9  3  6   8.8 1020 163  1.3 4  6.6  95    5   11 290 -377  2
4218500 2850500  9  3  7  10.6 1020 165  0.9 6  7.1  95   49   55 315 -380  2
4218500 2850500  9  3  8  13.5 1022 155  1.0 4  8.0  92  140  104 325 -388  2
4218500 2850500  9  3  9  16.6 1022 297  1.1 4  8.1  76  262  145 324 -401  2
4218500 2850500  9  3 10  18.2 1022 317  1.1 4  7.2  58  362  174 331 -418  2
4218500 2850500  9  3 11  18.9 1022 235  1.2 3  6.7  51  422  199 330 -433  2
4218500 2850500  9  3 12  19.7 1021 241  0.8 3  6.8  49  471  209 330 -447  2
4218500 2850500  9  3 13  18.8 1021 338  1.9 3  6.9  50  503  201 333 -458  2
4218500 2850500  9  3 14  18.8 1020 303  2.3 3  7.1  53  477  194 333 -465  2
4218500 2850500  9  3 15  19.3 1020  19  1.5 3  7.8  57  369  194 334 -469  2
4218500 2850500  9  3 16  19.8 1019 328  1.5 4  7.9  56  191  204 339 -464  2
4218500 2850500  9  3 17  19.8 1019 331  1.8 4  7.9  55  100  152 343 -455  2
4218500 2850500  9  3 18  19.0 1019 319  1.4 5  8.0  58   41   80 345 -444  2
4218500 2850500  9  3 19  16.8 1019 310  1.5 6  8.0  63    0    1 350 -435  2
4218500 2850500  9  3 20  15.1 1019 129  2.0 7  8.0  72    0    0 353 -427  2
4218500 2850500  9  3 21  14.6 1019 113  1.8 6  8.1  77    0    0 349 -423  2
4218500 2850500  9  3 22  14.7 1019 142  2.1 5  8.3  80    0    0 340 -419  2
4218500 2850500  9  3 23  14.5 1019 149  1.7 5  8.4  81    0    0 337 -417  2
4218500 2850500  9  3 24  14.6 1019 175  1.9 5  8.4  81    0    0 339 -414  2
4218500 2850500  9  4  1  13.6 1019 201  2.0 5  8.4  84    0    0 339 -412  2
4218500 2850500  9  4  2  13.5 1019 234  1.8 6  8.4  87    0    0 341 -410  2
4218500 2850500  9  4  3  13.1 1019 246  1.5 6  8.3  88    0    0 345 -408  2
4218500 2850500  9  4  4  13.0 1019 283  1.7 6  8.3  89    0    0 344 -406  2
4218500 2850500  9  4  5  12.6 1019 314  1.2 6  8.2  89    0    0 343 -403  2
4218500 2850500  9  4  6  11.8 1019 299  0.9 6  8.0  91    5   10 341 -398  2
4218500 2850500  9  4  7  13.6 1019 211  0.8 4  8.4  92   39   49 332 -395  2
4218500 2850500  9  4  8  15.3 1019 295  1.2 3  9.0  88  152   99 323 -399  2
4218500 2850500  9  4  9  18.3 1019 299  1.5 2  9.0  76  301  126 319 -408  2
4218500 2850500  9  4 10  20.1 1019 292  2.4 1  8.5  61  421  144 318 -418  2
4218500 2850500  9  4 11  21.2 1019 291  2.8 1  8.0  53  503  158 320 -426  2
4218500 2850500  9  4 12  22.4 1018 278  3.3 2  8.0  49  530  171 332 -430  2
4218500 2850500  9  4 13  22.0 1018 299  3.7 4  7.8  47  524  180 349 -431  2
4218500 2850500  9  4 14  22.8 1018 265  2.5 5  7.7  46  317  262 363 -445  2
4218500 2850500  9  4 15  22.1 1018 297  2.7 6  7.8  46  122  276 370 -459  2
4218500 2850500  9  4 16  21.4 1018 301  2.9 6  8.0  49   23  194 371 -458  2
4218500 2850500  9  4 17  21.1 1017 332  2.9 7  8.0  51    1  102 373 -450  2
4218500 2850500  9  4 18  20.1 1017 340  3.6 6  8.5  56   11   72 369 -441  2
4218500 2850500  9  4 19  18.4 1017 333  2.5 5  8.7  62    0    1 357 -433  2
4218500 2850500  9  4 20  16.6 1018 333  1.2 3  8.6  69    0    0 339 -425  2
4218500 2850500  9  4 21  15.4 1018 334  2.6 2  9.0  79    0    0 323 -417  2
4218500 2850500  9  4 22  14.6 1018 344  2.1 2  9.2  87    0    0 316 -408  2
4218500 2850500  9  4 23  14.2 1018 334  1.8 3  9.1  89    0    0 317 -401  2
4218500 2850500  9  4 24  14.0 1018   9  1.4 3  8.8  88    0    0 319 -395  2
4218500 2850500  9  5  1  12.8 1019 357  1.5 3  8.7  91    0    0 315 -390  2
4218500 2850500  9  5  2  12.7 1019  10  1.3 2  8.6  94    0    0 309 -386  2
4218500 2850500  9  5  3  11.8 1018   7  0.6 2  8.4  95    0    0 303 -383  2
4218500 2850500  9  5  4  11.6 1018  38  1.2 1  8.2  96    0    0 297 -380  2
4218500 2850500  9  5  5  11.3 1018  36  1.2 2  8.1  96    0    0 295 -377  2
4218500 2850500  9  5  6  11.5 1018  88  1.0 2  8.1  97    4    9 297 -375  2
4218500 2850500  9  5  7  12.5 1018 302  1.1 4  8.5  97   71   44 304 -376  2
4218500 2850500  9  5  8  15.8 1018 199  1.0 2  9.3  92  205   69 311 -384  2
4218500 2850500  9  5  9  18.3 1018 204  1.3 1  9.8  81  354   77 313 -400  2
4218500 2850500  9  5 10  20.2 1018 208  1.7 1  9.3  67  487   78 319 -420  2
4218500 2850500  9  5 11  20.4 1018 260  2.4 2  8.8  60  300  229 325 -439  2
4218500 2850500  9  5 12  21.6 1017 260  1.8 3  8.6  56  205  298 335 -455  2
4218500 2850500  9  5 13  22.7 1017 297  2.9 4  8.5  51  340  248 347 -467  2
4218500 2850500  9  5 14  22.9 1017 275  3.4 4  8.3  48  359  216 353 -474  2
4218500 2850500  9  5 15  23.1 1016 295  3.1 4  8.2  47  258  221 355 -476  2
4218500 2850500  9  5 16  23.0 1015 277  2.7 3  8.5  48  284  135 353 -473  2
4218500 2850500  9  5 17  22.8 1015 269  3.1 2  9.1  52  176  109 347 -466  2
4218500 2850500  9  5 18  21.8 1015 267  2.5 2  9.1  54   57   70 341 -454  2
4218500 2850500  9  5 19  19.4 1014 273  2.1 2  9.0  60    0    2 334 -439  2
4218500 2850500  9  5 20  17.7 1014 224  1.8 1  9.1  68    0    0 325 -424  2
4218500 2850500  9  5 21  16.7 1014 227  2.2 1  9.2  75    0    0 318 -413  2
4218500 2850500  9  5 22  15.8 1014 219  2.6 0  9.4  81    0    0 311 -404  2
4218500 2850500  9  5 23  14.8 1014 240  2.6 1  9.4  87    0    0 306 -398  2
4218500 2850500  9  5 24  14.1 1014 246  2.4 1  9.2  89    0    0 305 -396  2
4218500 2850500  9  6  1  13.9 1014 247  2.2 0  9.0  90    0    0 299 -397  2
4218500 2850500  9  6  2  12.6 1014 267  2.1 1  8.9  94    0    0 296 -399  2
4218500 2850500  9  6  3  13.7 1014 226  2.3 2  9.0  95    0    0 301 -400  2
4218500 2850500  9  6  4  13.1 1014 269  2.4 3  9.0  94    0    0 306 -398  2
4218500 2850500  9  6  5  13.1 1013 297  2.4 5  8.9  94    0    0 312 -395  2
4218500 2850500  9  6  6  13.9 1013 326  2.6 7  9.1  94    0    2 328 -393  2
4218500 2850500  9  6  7  14.9 1014 321  2.8 7  9.4  92    0   29 337 -394  2
4218500 2850500  9  6  8  16.0 1014 341  2.2 7  9.8  89    3   87 341 -402  2
4218500 2850500  9  6  9  16.1 1014 316  2.1 8 10.0  88    0   97 347 -414  2
4218500 2850500  9  6 10  15.7 1014 314  2.3 7 10.3  91    0  103 349 -429  2
4218500 2850500  9  6 11  16.6 1015 311  2.4 8 10.5  91    0  128 353 -442  2
4218500 2850500  9  6 12  17.3 1015 312  3.4 7 10.2  85    1  193 356 -454  2
4218500 2850500  9  6 13  18.9 1015 289  4.4 7  9.5  73   30  243 355 -463  2
4218500 2850500  9  6 14  19.1 1015 301  4.1 7  8.6  62   55  241 357 -464  2
4218500 2850500  9  6 15  19.3 1015 286  3.6 7  7.8  56   75  210 357 -458  2
4218500 2850500  9  6 16  19.4 1014 294  4.0 7  7.5  54  142  142 356 -450  2
4218500 2850500  9  6 17  19.3 1014 319  4.9 7  7.2  52   28  121 356 -441  2
4218500 2850500  9  6 18  18.5 1014 309  4.2 7  7.0  52    3   55 353 -432  2
4218500 2850500  9  6 19  16.5 1014 298  3.2 5  7.0  56    0    2 340 -424  2
4218500 2850500  9  6 20  15.4 1014 294  3.4 5  6.9  61    0    0 321 -416  2
4218500 2850500  9  6 21  14.8 1015 293  3.2 5  6.9  65    0    0 317 -408  2
4218500 2850500  9  6 22  14.7 1015 295  3.3 6  6.9  66    0    0 328 -401  2
4218500 2850500  9  6 23  15.1 1016 282  3.4 6  7.1  66    0    0 337 -393  2
4218500 2850500  9  6 24  15.7 1016 263  3.6 7  7.3  66    0    0 343 -387  2
4218500 2850500  9  7  1  15.9 1005 235  3.9 8  7.5  66    0    0 347 -379  2
4218500 2850500  9  7  2  15.8 1004 212  4.2 8  7.9  69    0    0 348 -377  2
4218500 2850500  9  7  3  15.4 1003 195  4.7 8  8.3  74    0    0 347 -378  2
4218500 2850500  9  7  4  14.9 1002 195  5.0 8  8.7  80    0    0 347 -380  2
4218500 2850500  9  7  5  14.9 1001 200  5.3 8  8.8  82    0    0 351 -383  2
4218500 2850500  9  7  6  14.2 1000 204  5.4 8  9.3  90    0    4 354 -384  2
4218500 2850500  9  7  7  14.4 1000 212  6.4 7  9.6  93    0   20 351 -384  2
4218500 2850500  9  7  8  14.9 1000 258  6.8 7  9.5  90   12  100 349 -385  2
4218500 2850500  9  7  9  15.7 1000 270  5.7 5  8.9  80  306   99 341 -386  2
4218500 2850500  9  7 10  16.6 1001 270  7.9 4  7.8  68  285  181 327 -390  2
4218500 2850500  9  7 11  17.7 1002 260  7.3 4  7.0  57  207  263 322 -397  2
4218500 2850500  9  7 12  17.3 1002 265  6.4 6  6.7  53   46  279 333 -406  2
4218500 2850500  9  7 13  16.8 1002 254  7.4 6  6.5  53    0  191 342 -419  2
4218500 2850500  9  7 14  16.7 1002 258  5.6 6  6.5  54    9  219 340 -426  2
4218500 2850500  9  7 15  17.0 1003 259  6.9 7  6.7  55    1  162 345 -425  2
4218500 2850500  9  7 16  16.8 1003 255  6.3 8  7.1  58    0  101 357 -421  2
4218500 2850500  9  7 17  17.0 1003 260  5.3 7  7.3  60   10  120 355 -417  2
4218500 2850500  9  7 18  16.5 1003 262  5.3 5  7.2  60   23   69 340 -412  2
4218500 2850500  9  7 19  15.7 1004 263  4.4 7  7.0  61    0    6 337 -405  2
4218500 2850500  9  7 20  14.8 1004 244  3.2 7  6.8  63    0    0 342 -398  2
4218500 2850500  9  7 21  14.3 1004 234  3.6 7  6.9  66    0    0 340 -394  2
4218500 2850500  9  7 22  14.7 1004 263  5.2 6  7.0  68    0    0 337 -391  2
4218500 2850500  9  7 23  14.4 1004 257  5.0 7  7.1  68    0    0 338 -388  2
4218500 2850500  9  7 24  14.4 1004 244  4.4 7  7.2  70    0    0 344 -387  2
4218500 2850500  9  8  1  14.2 1003 222  3.4 7  7.2  70    0    0 345 -385  2
4218500 2850500  9  8  2  13.8 1003 228  4.0 8  7.2  71    0    0 350 -384  2
4218500 2850500  9  8  3  13.6 1002 228  4.3 8  7.0  71    0    0 357 -383  2
4218500 2850500  9  8  4  13.3 1002 237  4.5 8  7.2  74    0    0 357 -383  2
4218500 2850500  9  8  5  12.7 1001 230  4.8 8  7.5  79    0    0 357 -381  2
4218500 2850500  9  8  6  12.2 1001 245  4.0 8  7.9  87    0    2 358 -377  2
4218500 2850500  9  8  7  12.2 1001 225  3.9 8  8.2  92    0   15 358 -375  2
4218500 2850500  9  8  8  12.3 1000 232  5.2 8  8.3  92    0   65 360 -375  2
4218500 2850500  9  8  9  12.8 1000 241  5.3 7  8.4  91    9  150 356 -378  2
4218500 2850500  9  8 10  13.6 1000 254  6.4 6  8.3  86   46  227 348 -385  2
4218500 2850500  9  8 11  14.9 1000 259  6.0 6  8.1  79   25  239 345 -394  2
4218500 2850500  9  8 12  14.6 1000 250  6.4 7  7.9  74   13  239 351 -396  2
4218500 2850500  9  8 13  15.0 1000 261  6.1 7  7.7  73    3  203 354 -395  2
4218500 2850500  9  8 14  14.2 1000 248  5.7 7  8.0  76    1  185 353 -399  2
4218500 2850500  9  8 15  13.8 1000 254  4.6 6  8.7  85    8  191 347 -397  2
4218500 2850500  9  8 16  14.6 1000 244  5.3 6  8.8  86    9  154 342 -394  2
4218500 2850500  9  8 17  14.4  999 247  5.5 8  8.5  81    0   78 350 -393  2
4218500 2850500  9  8 18  13.2  999 264  4.1 8  8.5  85    0   27 355 -390  2
4218500 2850500  9  8 19  13.0  999 263  4.9 8  8.8  92    0    2 353 -383  2
4218500 2850500  9  8 20  13.0 1000 281  3.8 8  8.8  92    0    0 352 -377  2
4218500 2850500  9  8 21  12.8 1001 275  3.5 8  8.7  92    0    0 351 -370  2
4218500 2850500  9  8 22  12.6 1001 275  4.2 6  8.6  92    0    0 342 -365  2
4218500 2850500  9  8 23  12.4 1002 278  4.5 6  8.5  92    0    0 332 -362  2
4218500 2850500  9  8 24  11.9 1002 276  4.3 6  8.3  92    0    0 331 -362  2
4218500 2850500  9  9  1  11.8 1003 285  4.5 6  8.1  93    0    0 330 -362  2
4218500 2850500  9  9  2  12.0 1003 277  3.8 7  8.1  92    0    0 334 -362  2
4218500 2850500  9  9  3  11.9 1003 283  3.8 7  8.1  92    0    0 339 -362  2
4218500 2850500  9  9  4  12.0 1004 274  2.5 7  8.1  91    0    0 339 -362  2
4218500 2850500  9  9  5  11.9 1004 279  3.0 8  8.1  91    0    0 344 -364  2
4218500 2850500  9  9  6  11.9 1004 251  2.3 7  8.1  92    0    4 345 -367  2
4218500 2850500  9  9  7  12.1 1005 223  2.4 7  8.1  92    3   42 343 -368  2
4218500 2850500  9  9  8  12.8 1005 246  2.0 8  8.3  92    1   81 350 -372  2
4218500 2850500  9  9  9  13.3 1005 222  2.6 8  8.6  90    0   88 359 -379  2
4218500 2850500  9  9 10  13.4 1006 204  2.2 8  8.7  90    0   75 361 -387  2
4218500 2850500  9  9 11  13.4 1006 227  1.3 8  8.9  92    0   79 362 -393  2
4218500 2850500  9  9 12  14.1 1006 247  0.7 8  9.1  92    0  184 366 -395  2
4218500 2850500  9  9 13  15.4 1006 279  2.2 7  9.3  88   15  281 367 -394  2
4218500 2850500  9  9 14  16.1 1007 279  2.1 7  9.4  84    1  189 367 -391  2
4218500 2850500  9  9 15  16.5 1007 255  2.4 7  9.5  81    0  133 370 -389  2
4218500 2850500  9  9 16  16.5 1007 259  2.5 8  9.6  81    0   68 376 -388  2
4218500 2850500  9  9 17  16.0 1007 257  2.1 7  9.8  84    0   73 375 -389  2
4218500 2850500  9  9 18  15.5 1007 280  2.0 8  9.9  88    0   36 373 -389  2
4218500 2850500  9  9 19  15.1 1007 197  1.1 8 10.0  91    0    2 377 -388  2
4218500 2850500  9  9 20  15.1 1007  54  1.1 8  9.9  91    0    0 375 -386  2
4218500 2850500  9  9 21  14.7 1007 350  1.5 7  9.8  92    0    0 370 -384  2
4218500 2850500  9  9 22  14.2 1008  26  1.2 8  9.7  94    0    0 369 -384  2
4218500 2850500  9  9 23  14.1 1008  70  0.9 8  9.6  94    0    0 372 -384  2
4218500 2850500  9  9 24  14.0 1008 124  1.4 7  9.5  94    0    0 367 -384  2
4218500 2850500  9 10  1  14.0 1008 159  1.4 8  9.5  94    0    0 366 -384  2
4218500 2850500  9 10  2  13.9 1008 144  1.2 8  9.5  95    0    0 368 -385  2
4218500 2850500  9 10  3  14.2 1008 154  1.7 8  9.6  95    0    0 368 -386  2
4218500 2850500  9 10  4  14.6 1008 184  1.5 8  9.8  95    0    0 370 -386  2
4218500 2850500  9 10  5  14.6 1008 180  1.7 8 10.0  95    0    0 371 -383  2
4218500 2850500  9 10  6  14.7 1008 180  2.1 7 10.1  96    0    3 369 -382  2
4218500 2850500  9 10  7  15.3 1008 191  2.1 7 10.3  96    6   37 368 -382  2
4218500 2850500  9 10  8  16.5 1008 237  2.1 7 10.8  95    7   95 369 -387  2
4218500 2850500  9 10  9  17.6 1009 235  1.8 7 11.2  92   40  175 371 -399  2
4218500 2850500  9 10 10  19.1 1009 198  1.5 6 11.5  87   94  229 371 -414  2
4218500 2850500  9 10 11  20.2 1009 214  2.5 7 11.7  81   34  249 375 -431  2
4218500 2850500  9 10 12  20.8 1009 220  2.8 7 11.8  77   31  264 378 -447  2
4218500 2850500  9 10 13  21.4 1009 178  2.6 7 11.6  73   23  255 378 -458  2
4218500 2850500  9 10 14  21.6 1008 173  2.2 8 11.5  71    0  153 380 -465  2
4218500 2850500  9 10 15  21.5 1008 155  1.8 8 12.0  74    0   82 382 -467  2
4218500 2850500  9 10 16  21.8 1008 149  1.9 7 12.5  76   18  169 378 -464  2
4218500 2850500  9 10 17  22.3 1008 126  2.5 5 12.6  75   80  131 373 -458  2
4218500 2850500  9 10 18  21.2 1007 122  2.9 4 12.5  76   33   65 366 -447  2
4218500 2850500  9 10 19  19.9 1007 121  2.8 4 12.4  81    0    5 358 -434  2
4218500 2850500  9 10 20  18.3 1007 121  2.9 4 12.2  87    0    0 352 -425  2
4218500 2850500  9 10 21  17.9 1007 129  3.0 5 12.0  92    0    0 349 -420  2
4218500 2850500  9 10 22  18.0 1007 129  3.1 5 12.0  92    0    0 349 -415  2
4218500 2850500  9 10 23  17.6 1007 133  3.3 5 11.9  92    0    0 349 -411  2
4218500 2850500  9 10 24  17.5 1007 141  3.2 5 11.8  93    0    0 348 -407  2
4218500 2850500  9 11  1  17.6 1006 142  3.0 6 11.8  93    0    0 349 -404  2
4218500 2850500  9 11  2  16.7 1006 149  3.3 6 11.7  94    0    0 347 -403  2
4218500 2850500  9 11  3  17.2 1006 158  3.1 5 11.6  95    0    0 345 -403  2
4218500 2850500  9 11  4  16.8 1006 159  3.2 5 11.6  94    0    0 343 -401  2
4218500 2850500  9 11  5  16.8 1006 148  3.1 5 11.5  95    0    0 341 -399  2
4218500 2850500  9 11  6  16.8 1005 160  3.1 6 11.4  94    0    7 343 -397  2
4218500 2850500  9 11  7  18.0 1005 174  3.5 4 11.6  92   41   46 342 -397  2
4218500 2850500  9 11  8  19.7 1005 190  3.1 3 12.0  87  130   89 339 -402  2
4218500 2850500  9 11  9  22.2 1005 212  3.3 3 12.4  79  216  136 342 -416  2
4218500 2850500  9 11 10  24.5 1005 222  3.6 4 12.8  70  285  181 352 -434  2
4218500 2850500  9 11 11  25.5 1006 262  4.3 3 13.1  65  421  175 357 -452  2
4218500 2850500  9 11 12  26.1 1006 274  3.0 3 12.9  61  492  173 356 -466  2
4218500 2850500  9 11 13  26.9 1005 277  3.0 3 12.8  58  458  193 362 -474  2
4218500 2850500  9 11 14  27.5 1005 239  3.2 4 12.6  55  317  240 370 -478  2
4218500 2850500  9 11 15  26.9 1005 266  2.3 5 12.6  55  215  237 377 -478  2
4218500 2850500  9 11 16  27.2 1005 298  2.0 6 12.8  56   93  198 386 -473  2
4218500 2850500  9 11 17  25.2 1004 334  1.6 6 13.0  60   37  134 388 -463  2
4218500 2850500  9 11 18  24.3 1004 326  3.5 8 13.2  67    0   35 393 -452  2
4218500 2850500  9 11 19  20.1 1004 328  6.4 8 12.8  75    0    0 394 -441  2
4218500 2850500  9 11 20  18.0 1005  44  5.7 8 11.9  85    0    0 383 -433  2
4218500 2850500  9 11 21  18.0 1004  72  4.1 8 11.8  90    0    0 379 -426  2
4218500 2850500  9 11 22  17.7 1004 246  4.6 8 11.9  92    0    0 380 -416  2
4218500 2850500  9 11 23  17.2 1006 163  1.8 8 11.8  94    0    0 379 -408  2
4218500 2850500  9 11 24  17.0 1004 267  3.2 7 11.7  94    0    0 375 -406  2
4218500 2850500  9 12  1  16.9 1004 195  3.3 8 11.6  95    0    0 373 -405  2
4218500 2850500  9 12  2  16.6 1004 224  3.4 7 11.4  94    0    0 372 -403  2
4218500 2850500  9 12  3  16.3 1004 241  4.3 5 11.1  94    0    0 356 -403  2
4218500 2850500  9 12  4  15.9 1004 232  3.4 2 10.9  94    0    0 335 -403  2
4218500 2850500  9 12  5  15.4 1005 243  3.4 3 10.7  95    0    0 330 -400  2
4218500 2850500  9 12  6  15.5 1005 228  3.2 6 10.5  95    0    1 343 -399  2
4218500 2850500  9 12  7  15.5 1006 250  4.4 6 10.2  92   26   41 351 -400  2
4218500 2850500  9 12  8  16.0 1007 263  4.1 5 10.0  88   76  104 346 -402  2
4218500 2850500  9 12  9  16.9 1007 251  4.6 5  9.7  82   57  181 343 -407  2
4218500 2850500  9 12 10  17.8 1007 248  5.2 6  9.2  74   60  236 348 -416  2
4218500 2850500  9 12 11  18.0 1008 230  5.2 7  8.6  67   43  260 357 -427  2
4218500 2850500  9 12 12  18.4 1008 212  5.3 7  8.5  65  100  307 362 -436  2
4218500 2850500  9 12 13  19.5 1008 208  5.3 5  8.5  62  396  230 357 -444  2
4218500 2850500  9 12 14  20.3 1007 211  6.4 5  8.1  56  427  195 354 -449  2
4218500 2850500  9 12 15  21.2 1006 222  7.0 3  8.0  52  361  177 353 -447  2
4218500 2850500  9 12 16  21.5 1006 209  6.7 3  7.9  49  213  170 349 -438  2
4218500 2850500  9 12 17  21.1 1005 206  7.0 3  7.8  49  118  125 352 -429  2
4218500 2850500  9 12 18  20.3 1004 203  4.9 2  7.7  50   17   61 347 -424  2
4218500 2850500  9 12 19  19.2 1004 200  4.9 2  7.7  53    0    2 340 -421  2
4218500 2850500  9 12 20  18.6 1004 201  4.5 2  7.9  57    0    0 337 -418  2
4218500 2850500  9 12 21  18.3 1004 202  5.0 1  8.2  61    0    0 331 -417  2
4218500 2850500  9 12 22  18.3 1004 213  5.0 3  8.5  64    0    0 336 -418  2
4218500 2850500  9 12 23  19.0 1004 214  5.4 6  8.7  64    0    0 358 -419  2
4218500 2850500  9 12 24  19.6 1004 216  5.9 7  8.9  63    0    0 379 -419  2
4218500 2850500  9 13  1  19.7 1004 225  5.2 7  9.1  63    0    0 385 -418  2
4218500 2850500  9 13  2  19.0 1003 226  4.3 6  9.2  65    0    0 379 -416  2
4218500 2850500  9 13  3  18.4 1003 219  5.4 4  9.3  68    0    0 364 -413  2
4218500 2850500  9 13  4  17.9 1003 223  4.3 3  9.5  72    0    0 348 -408  2
4218500 2850500  9 13  5  17.7 1004 232  5.4 3  9.4  72    0    0 342 -404  2
4218500 2850500  9 13  6  17.2 1004 236  4.3 3  9.2  73    0    5 339 -398  2
4218500 2850500  9 13  7  17.2 1004 236  3.5 3  9.2  74   47   40 338 -393  2
4218500 2850500  9 13  8  18.2 1005 256  3.4 2  9.5  74  131   78 335 -394  2
4218500 2850500  9 13  9  18.6 1005 260  5.3 3  9.3  70  153  148 336 -401  2
4218500 2850500  9 13 10  19.5 1005 254  5.4 4  9.0  64  170  213 347 -410  2
4218500 2850500  9 13 11  20.8 1005 237  7.8 4  9.1  61  178  263 356 -419  2
4218500 2850500  9 13 12  21.6 1005 258  6.4 3  9.1  57  335  231 354 -427  2
4218500 2850500  9 13 13  22.0 1005 255  6.6 3  8.8  53  302  249 352 -434  2
4218500 2850500  9 13 14  21.9 1004 264  6.3 4  8.8  53  206  264 355 -437  2
4218500 2850500  9 13 15  22.2 1004 262  5.4 4  8.9  53  161  235 357 -435  2
4218500 2850500  9 13 16  21.8 1004 276  5.7 4  8.6  51   99  184 355 -430  2
4218500 2850500  9 13 17  20.4 1004 287  5.8 3  8.2  52  112  112 347 -423  2
4218500 2850500  9 13 18  19.2 1004 288  4.2 4  7.8  54    3   49 343 -416  2
4218500 2850500  9 13 19  18.2 1005 267  4.0 5  7.6  56    0    0 345 -405  2
4218500 2850500  9 13 20  17.9 1005 281  3.7 5  7.3  56    0    0 346 -395  2
4218500 2850500  9 13 21  16.7 1005 280  4.4 5  7.1  57    0    0 343 -389  2
4218500 2850500  9 13 22  15.6 1006 259  3.8 3  6.8  59    0    0 331 -386  2
4218500 2850500  9 13 23  15.1 1006 248  3.2 0  6.8  62    0    0 307 -383  2
4218500 2850500  9 13 24  14.1 1006 216  2.8 0  7.0  67    0    0 291 -383  2
4218500 2850500  9 14  1  13.3 1006 248  3.7 0  7.1  72    0    0 287 -384  2
4218500 2850500  9 14  2  13.1 1007 216  3.3 0  7.1  74    0    0 284 -385  2
4218500 2850500  9 14  3  13.3 1006 233  3.9 1  7.0  74    0    0 289 -385  2
4218500 2850500  9 14  4  13.4 1006 226  4.4 2  7.0  73    0    0 298 -384  2
4218500 2850500  9 14  5  13.3 1006 248  4.5 2  7.0  73    0    0 302 -378  2
4218500 2850500  9 14  6  13.7 1006 221  4.6 3  7.1  73    0    1 306 -374  2
4218500 2850500  9 14  7  13.8 1006 243  4.7 5  7.1  72   13   35 321 -372  2
4218500 2850500  9 14  8  14.5 1007 238  5.1 5  7.2  71   34  103 332 -375  2
4218500 2850500  9 14  9  15.4 1008 254  6.8 4  7.1  67  163  146 330 -384  2
4218500 2850500  9 14 10  16.2 1008 260  7.8 4  6.7  60  180  214 326 -395  2
4218500 2850500  9 14 11  16.6 1009 269  6.8 4  6.3  54  319  210 328 -405  2
4218500 2850500  9 14 12  17.7 1009 268  7.5 3  5.8  48  484  159 323 -413  2
4218500 2850500  9 14 13  18.4 1009 263  7.2 2  5.6  43  496  159 316 -419  2
4218500 2850500  9 14 14  18.5 1009 266  8.1 2  5.6  42  252  256 314 -423  2
4218500 2850500  9 14 15  17.3 1010 266  6.9 5  5.6  44   13  198 326 -424  2
4218500 2850500  9 14 16  17.1 1010 260  6.7 6  5.7  47    9  148 342 -421  2
4218500 2850500  9 14 17  16.5 1010 264  5.6 6  5.8  48   24  120 345 -415  2
4218500 2850500  9 14 18  16.2 1010 248  4.8 7  5.8  50    0   43 349 -406  2
4218500 2850500  9 14 19  15.9 1011 253  4.8 7  5.9  52    0    0 354 -395  2
4218500 2850500  9 14 20  15.3 1011 260  4.2 7  6.0  54    0    0 353 -385  2
4218500 2850500  9 14 21  15.3 1011 253  4.0 7  6.0  55    0    0 352 -379  2
4218500 2850500  9 14 22  14.9 1011 260  3.6 8  6.1  57    0    0 356 -376  2
4218500 2850500  9 14 23  14.7 1011 249  3.5 7  6.2  59    0    0 354 -373  2
4218500 2850500  9 14 24  14.4 1012 259  3.7 8  6.3  61    0    0 353 -372  2
4218500 2850500  9 15  1  14.2 1011 250  3.8 8  6.4  63    0    0 356 -371  2
4218500 2850500  9 15  2  13.4 1011 234  3.7 6  6.4  65    0    0 346 -372  2
4218500 2850500  9 15  3  12.9 1011 232  3.9 5  6.5  68    0    0 329 -374  2
4218500 2850500  9 15  4  12.6 1011 230  4.0 6  6.5  71    0    0 329 -374  2
4218500 2850500  9 15  5  12.5 1011 233  4.1 7  6.5  72    0    0 338 -370  2
4218500 2850500  9 15  6  12.5 1011 241  4.6 5  6.5  72    0    6 334 -368  2
4218500 2850500  9 15  7  12.3 1011 250  4.8 3  6.5  72   43   37 315 -366  2
4218500 2850500  9 15  8  13.4 1011 258  6.3 2  6.8  73  179   66 302 -369  2
4218500 2850500  9 15  9  14.6 1011 268  6.7 1  7.0  70  307   83 295 -376  2
4218500 2850500  9 15 10  15.3 1012 278  7.2 3  6.9  65  215  192 302 -385  2
4218500 2850500  9 15 11  16.3 1012 270  6.3 4  6.9  61  136  262 321 -394  2
4218500 2850500  9 15 12  16.5 1013 273  7.3 5  6.8  59   58  274 332 -404  2
4218500 2850500  9 15 13  16.6 1013 260  6.4 5  6.7  57   25  244 337 -412  2
4218500 2850500  9 15 14  16.8 1013 272  6.5 6  6.8  58   23  230 341 -411  2
4218500 2850500  9 15 15  16.6 1013 272  5.2 7  6.7  57   25  207 348 -410  2
4218500 2850500  9 15 16  16.4 1014 258  4.7 6  6.7  58   37  169 348 -411  2
4218500 2850500  9 15 17  16.5 1014 278  5.2 6  6.9  59   24  114 345 -407  2
4218500 2850500  9 15 18  15.3 1014 271  3.8 5  6.9  61   20   53 340 -401  2
4218500 2850500  9 15 19  14.9 1014 264  3.0 4  6.9  65    0    0 328 -392  2
4218500 2850500  9 15 20  14.5 1014 271  3.1 4  7.1  68    0    0 321 -383  2
4218500 2850500  9 15 21  14.2 1015 291  3.6 4  7.2  70    0    0 317 -376  2
4218500 2850500  9 15 22  13.3 1015 284  2.9 3  7.2  74    0    0 310 -371  2
4218500 2850500  9 15 23  12.3 1015 282  2.7 2  7.2  78    0    0 298 -367  2
4218500 2850500  9 15 24  10.9 1016 283  2.3 1  7.1  83    0    0 287 -363  2
4218500 2850500  9 16  1  10.8 1016 278  2.6 2  7.1  88    0    0 283 -359  2
4218500 2850500  9 16  2  10.5 1016 291  2.5 4  7.0  88    0    0 290 -356  2
4218500 2850500  9 16  3  10.0 1016 291  2.4 5  6.8  87    0    0 296 -353  2
4218500 2850500  9 16  4  10.4 1016 279  2.5 5  6.8  88    0    0 297 -350  2
4218500 2850500  9 16  5   9.3 1015 273  2.9 5  6.8  90    0    0 296 -348  2
4218500 2850500  9 16  6   9.2 1015 275  2.7 5  6.6  91    0    3 295 -346  2
4218500 2850500  9 16  7  10.0 1015 261  2.1 5  6.7  90   24   34 296 -346  2
4218500 2850500  9 16  8  11.3 1016 281  2.6 4  7.0  88  110   85 297 -349  2
4218500 2850500  9 16  9  12.6 1016 292  1.8 5  7.0  81  110  162 301 -360  2
4218500 2850500  9 16 10  13.8 1016 287  2.3 5  6.7  71  152  219 309 -376  2
4218500 2850500  9 16 11  15.0 1016 285  2.8 6  5.7  56  133  269 315 -393  2
4218500 2850500  9 16 12  15.1 1016 309  2.8 5  5.0  47  219  279 316 -408  2
4218500 2850500  9 16 13  15.8 1016 267  2.1 4  5.0  46  269  266 311 -419  2
4218500 2850500  9 16 14  15.6 1016 298  2.4 3  4.9  44  366  196 305 -426  2
4218500 2850500  9 16 15  16.3 1015 268  1.6 3  4.9  44  329  165 302 -427  2
4218500 2850500  9 16 16  15.8 1015  44  2.0 3  5.0  44  230  142 302 -423  2
4218500 2850500  9 16 17  15.3 1014 276  1.5 4  5.0  45   92  113 303 -414  2
4218500 2850500  9 16 18  14.1 1014 229  1.2 5  5.1  50   10   48 307 -401  2
4218500 2850500  9 16 19  11.1 1014  51  1.1 4  5.6  62    0    0 302 -388  2
4218500 2850500  9 16 20  11.0 1014  81  2.4 3  5.9  72    0    0 292 -378  2
4218500 2850500  9 16 21   9.7 1014  89  2.4 2  6.0  76    0    0 286 -373  2
4218500 2850500  9 16 22   9.5 1014 109  2.7 2  6.0  81    0    0 283 -370  2
4218500 2850500  9 16 23   8.8 1012 108  3.5 3  6.0  83    0    0 286 -369  2
4218500 2850500  9 16 24   9.2 1012 125  3.4 4  5.9  82    0    0 292 -369  2
4218500 2850500  9 17  1   8.7 1012 119  3.4 5  5.8  81    0    0 300 -371  2
4218500 2850500  9 17  2  10.1 1012 119  3.4 7  5.7  78    0    0 312 -373  2
4218500 2850500  9 17  3  10.8 1012 131  3.8 7  5.6  70    0    0 323 -372  2
4218500 2850500  9 17  4  10.3 1011 126  3.7 6  5.5  69    0    0 320 -369  2
4218500 2850500  9 17  5   9.9 1010 121  3.5 6  5.7  73    0    0 315 -367  2
4218500 2850500  9 17  6   9.7 1010 121  3.5 5  5.8  77    0    4 311 -366  2
4218500 2850500  9 17  7  10.4 1009 131  3.9 4  6.0  78   27   36 303 -367  2
4218500 2850500  9 17  8  12.0 1008 146  3.6 4  6.4  77   39   99 298 -371  2
4218500 2850500  9 17  9  13.6 1008 159  3.1 6  6.9  74   40  168 312 -383  2
4218500 2850500  9 17 10  16.0 1008 168  3.0 4  7.4  70  221  203 316 -399  2
4218500 2850500  9 17 11  19.3 1007 200  2.3 2  8.0  63  339  204 298 -416  2
4218500 2850500  9 17 12  21.2 1007 211  2.8 1  8.6  58  358  232 287 -430  2
4218500 2850500  9 17 13  22.5 1007 210  2.7 3  9.3  56  240  285 301 -439  2
4218500 2850500  9 17 14  22.2 1006 198  3.0 4  9.9  58   83  268 324 -444  2
4218500 2850500  9 17 15  22.1 1006 193  3.1 6 10.2  60  102  239 345 -444  2
4218500 2850500  9 17 16  22.6 1005 216  5.5 4  9.9  58   96  185 347 -441  2
4218500 2850500  9 17 17  21.5 1005 237  2.3 7  9.4  56   18  110 352 -433  2
4218500 2850500  9 17 18  19.7 1005 200  1.6 6  9.5  62    0   29 361 -420  2
4218500 2850500  9 17 19  17.4 1005 164  2.0 6  9.8  73    0    0 348 -407  2
4218500 2850500  9 17 20  16.5 1005 162  2.2 5  9.9  81    0    0 336 -400  2
4218500 2850500  9 17 21  15.9 1004 172  2.4 5 10.1  87    0    0 326 -398  2
4218500 2850500  9 17 22  15.9 1004 179  2.3 6 10.4  91    0    0 332 -396  2
4218500 2850500  9 17 23  15.8 1004 176  2.2 7 10.4  91    0    0 348 -394  2
4218500 2850500  9 17 24  16.3 1003 206  3.2 8 10.7  93    0    0 362 -392  2
4218500 2850500  9 18  1  15.9 1003 136  2.3 8 11.0  94    0    0 369 -391  2
4218500 2850500  9 18  2  16.0 1003 158  2.5 8 11.0  95    0    0 369 -389  2
4218500 2850500  9 18  3  16.2 1002 148  2.9 8 11.1  95    0    0 372 -388  2
4218500 2850500  9 18  4  15.9 1001 169  3.5 7 11.0  95    0    0 368 -388  2
4218500 2850500  9 18  5  15.7 1000 178  3.3 8 10.8  95    0    0 368 -388  2
4218500 2850500  9 18  6  15.5 1000 150  3.4 8 10.8  96    0    0 373 -387  2
4218500 2850500  9 18  7  15.7  999 171  2.8 8 10.9  96    0    7 371 -385  2
4218500 2850500  9 18  8  15.9  999 159  3.1 7 11.0  96    0   25 364 -388  2
4218500 2850500  9 18  9  15.8 1000 139  3.8 8 11.0  96    0   37 363 -397  2
4218500 2850500  9 18 10  16.0  999 169  3.3 7 11.0  96    0  116 364 -408  2
4218500 2850500  9 18 11  16.6  999 181  3.2 7 11.2  95    9  173 361 -414  2
4218500 2850500  9 18 12  16.9  999 187  2.4 7 11.2  92    0  110 363 -412  2
4218500 2850500  9 18 13  16.9  999 226  2.5 7 10.7  88    0  114 364 -412  2
4218500 2850500  9 18 14  16.8  999 244  2.2 7 10.5  86    0  101 364 -419  2
4218500 2850500  9 18 15  16.3  999 195  1.9 7 10.6  88    0   61 361 -422  2
4218500 2850500  9 18 16  15.2  999 266  2.6 7 10.1  88    0   45 356 -418  2
4218500 2850500  9 18 17  14.5  999 256  2.6 8  9.6  90    0   29 355 -414  2
4218500 2850500  9 18 18  13.7 1000 249  2.4 8  9.5  93    0   10 355 -408  2
4218500 2850500  9 18 19  13.2 1000 260  2.4 8  9.1  93    0    0 352 -399  2
4218500 2850500  9 18 20  13.1 1001 221  2.8 8  9.0  94    0    0 351 -391  2
4218500 2850500  9 18 21  12.9 1001 219  2.9 7  9.0  95    0    0 346 -385  2
4218500 2850500  9 18 22  12.6 1002 209  2.9 7  8.9  95    0    0 340 -380  2
4218500 2850500  9 18 23  12.5 1002 228  2.6 7  8.7  94    0    0 339 -376  2
4218500 2850500  9 18 24  12.2 1002 208  2.8 7  8.6  94    0    0 338 -373  2
4218500 2850500  9 19  1  12.2 1003 232  2.9 8  8.4  94    0    0 343 -369  2
4218500 2850500  9 19  2  11.7 1003 232  2.5 8  8.2  92    0    0 346 -366  2
4218500 2850500  9 19  3  11.1 1004 212  2.5 7  8.0  94    0    0 339 -364  2
4218500 2850500  9 19  4  10.9 1004 215  1.9 7  7.8  94    0    0 333 -362  2
4218500 2850500  9 19  5  10.6 1004 209  2.2 7  7.6  93    0    0 332 -360  2
4218500 2850500  9 19  6  10.1 1004 203  2.1 6  7.4  94    0    0 326 -358  2
4218500 2850500  9 19  7  10.2 1005 188  2.1 6  7.4  95    2   26 322 -357  2
4218500 2850500  9 19  8  11.2 1005 194  1.9 6  7.5  93   11   86 324 -360  2
4218500 2850500  9 19  9  12.5 1006 204  2.3 6  7.7  88   97  163 326 -371  2
4218500 2850500  9 19 10  13.4 1007 194  2.0 5  7.9  84  159  218 326 -388  2
4218500 2850500  9 19 11  15.5 1007 175  2.4 4  7.7  75  345  196 322 -405  2
4218500 2850500  9 19 12  16.3 1007 189  2.9 4  7.5  66  284  262 323 -419  2
4218500 2850500  9 19 13  16.6 1008 171  3.0 6  7.5  64   65  279 334 -428  2
4218500 2850500  9 19 14  16.2 1008 192  3.3 6  7.3  63   21  225 341 -433  2
4218500 2850500  9 19 15  16.4 1008 180  3.5 7  7.4  63   68  229 343 -432  2
4218500 2850500  9 19 16  17.0 1008 209  3.4 5  7.3  61  112  181 340 -427  2
4218500 2850500  9 19 17  16.8 1009 208  3.0 5  7.2  60   56  114 335 -420  2
4218500 2850500  9 19 18  16.3 1009 207  2.8 5  7.5  64    0   25 334 -409  2
4218500 2850500  9 19 19  14.4 1010 181  2.3 5  7.9  72    0    0 330 -396  2
4218500 2850500  9 19 20  13.6 1011 201  2.3 6  8.0  80    0    0 328 -387  2
4218500 2850500  9 19 21  13.4 1012 224  2.3 6  8.0  83    0    0 329 -381  2
4218500 2850500  9 19 22  12.7 1012 272  2.5 5  8.0  85    0    0 323 -375  2
4218500 2850500  9 19 23  12.8 1013 274  1.9 6  7.9  86    0    0 321 -371  2
4218500 2850500  9 19 24  11.7 1013 265  2.6 4  7.6  86    0    0 314 -368  2
4218500 2850500  9 20  1  10.8 1014 259  1.7 2  7.4  89    0    0 296 -364  2
4218500 2850500  9 20  2   9.8 1014 260  2.0 0  7.1  91    0    0 279 -361  2
4218500 2850500  9 20  3   9.2 1014 259  1.9 0  6.8  92    0    0 267 -359  2
4218500 2850500  9 20  4   8.6 1014 283  2.4 0  6.7  94    0    0 266 -357  2
4218500 2850500  9 20  5   8.7 1015 268  2.2 0  6.6  95    0    0 265 -356  2
4218500 2850500  9 20  6   8.2 1015 249  1.8 1  6.5  95    0    1 268 -355  2
4218500 2850500  9 20  7   8.0 1016 209  1.9 1  6.4  95   28   32 272 -354  2
4218500 2850500  9 20  8  11.2 1016 216  1.6 1  6.8  92  132   72 276 -358  2
4218500 2850500  9 20  9  13.7 1018 255  1.9 1  7.5  83  248   99 286 -368  2
4218500 2850500  9 20 10  16.3 1018 243  2.6 2  7.6  72  351  118 300 -384  2
4218500 2850500  9 20 11  17.3 1018 246  3.2 3  7.4  62  331  177 316 -401  2
4218500 2850500  9 20 12  18.0 1018 234  3.1 4  7.2  57  244  254 329 -417  2
4218500 2850500  9 20 13  18.3 1018 230  3.4 4  7.0  54  236  261 336 -428  2
4218500 2850500  9 20 14  19.0 1018 220  3.6 4  7.1  53  278  222 338 -434  2
4218500 2850500  9 20 15  19.1 1018 220  3.9 5  7.1  52  241  188 345 -435  2
4218500 2850500  9 20 16  18.8 1018 231  3.3 5  7.1  52  184  136 349 -431  2
4218500 2850500  9 20 17  18.4 1017 203  3.0 5  6.9  52   70  101 349 -422  2
4218500 2850500  9 20 18  17.1 1017 207  2.5 6  7.1  56    8   36 350 -409  2
4218500 2850500  9 20 19  14.5 1018 175  2.4 4  7.5  68    0    0 340 -396  2
4218500 2850500  9 20 20  13.1 1018 183  2.3 3  7.7  79    0    0 320 -386  2
4218500 2850500  9 20 21  12.3 1018 184  2.3 2  7.7  84    0    0 307 -381  2
4218500 2850500  9 20 22  12.0 1018 193  2.2 2  7.6  87    0    0 301 -377  2
4218500 2850500  9 20 23  12.1 1019 179  2.4 2  7.5  86    0    0 301 -374  2
4218500 2850500  9 20 24  11.2 1018 189  2.3 2  7.3  86    0    0 298 -371  2
4218500 2850500  9 21  1  10.4 1018 193  2.6 1  7.2  90    0    0 291 -369  2
4218500 2850500  9 21  2   9.5 1017 187  1.9 1  7.0  92    0    0 283 -367  2
4218500 2850500  9 21  3   9.1 1017 195  2.4 1  6.8  93    0    0 279 -365  2
4218500 2850500  9 21  4   8.9 1016 191  2.4 1  6.7  93    0    0 277 -363  2
4218500 2850500  9 21  5   8.4 1016 190  2.3 1  6.6  94    0    0 275 -362  2
4218500 2850500  9 21  6   8.8 1016 193  2.2 1  6.6  94    0    1 274 -361  2
4218500 2850500  9 21  7   9.0 1016 200  2.4 1  6.7  95   34   27 274 -360  2
4218500 2850500  9 21  8  11.4 1016 202  2.4 0  7.1  92  154   56 274 -363  2
4218500 2850500  9 21  9  14.5 1017 211  2.3 1  7.5  81  297   63 281 -374  2
4218500 2850500  9 21 10  16.9 1017 212  3.1 1  7.6  69  426   63 293 -391  2
4218500 2850500  9 21 11  19.4 1016 225  3.5 1  7.5  58  526   60 305 -409  2
4218500 2850500  9 21 12  19.3 1016 219  4.2 2  7.3  52  433  122 313 -424  2
4218500 2850500  9 21 13  19.5 1016 243  3.8 4  7.3  52  168  252 320 -434  2
4218500 2850500  9 21 14  19.9 1015 234  4.4 3  7.2  50  223  216 325 -439  2
4218500 2850500  9 21 15  19.2 1014 235  3.9 3  6.9  49  291  134 325 -441  2
4218500 2850500  9 21 16  19.3 1014 213  3.8 4  7.0  50  148  136 327 -437  2
4218500 2850500  9 21 17  18.7 1013 203  3.5 4  7.2  52   85   85 330 -431  2
4218500 2850500  9 21 18  17.2 1013 201  2.6 5  7.6  59   17   37 331 -419  2
4218500 2850500  9 21 19  15.9 1013 204  2.5 7  8.1  68    0    0 335 -407  2
4218500 2850500  9 21 20  15.3 1013 275  2.2 6  8.2  74    0    0 334 -397  2
4218500 2850500  9 21 21  13.3 1013 286  1.6 3  7.9  78    0    0 321 -392  2
4218500 2850500  9 21 22  12.0 1013 248  1.6 3  7.8  85    0    0 309 -387  2
4218500 2850500  9 21 23  12.8 1013 185  2.1 5  8.0  89    0    0 315 -384  2
4218500 2850500  9 21 24  13.3 1013 185  2.0 6  8.4  89    0    0 326 -381  2
4218500 2850500  9 22  1  13.6 1012 193  2.4 7  8.3  86    0    0 333 -377  2
4218500 2850500  9 22  2  13.5 1012 193  2.2 8  8.1  84    0    0 339 -374  2
4218500 2850500  9 22  3  14.1 1011 194  2.8 8  8.1  82    0    0 343 -372  2
4218500 2850500  9 22  4  13.8 1011 209  3.0 8  7.9  80    0    0 341 -370  2
4218500 2850500  9 22  5  14.2 1011 223  3.0 8  7.9  79    0    0 340 -370  2
4218500 2850500  9 22  6  13.7 1011 224  2.8 8  7.8  79    0    0 340 -372  2
4218500 2850500  9 22  7  14.1 1011 223  3.0 8  7.9  79    2   21 339 -376  2
4218500 2850500  9 22  8  14.7 1011 234  3.1 5  8.1  79   90   61 331 -381  2
4218500 2850500  9 22  9  16.5 1011 246  4.4 4  8.2  74  262   61 321 -390  2
4218500 2850500  9 22 10  16.9 1011 257  6.0 6  8.1  68   52  192 326 -402  2
4218500 2850500  9 22 11  17.6 1011 255  6.1 4  7.6  62  177  206 326 -415  2
4218500 2850500  9 22 12  17.5 1011 269  5.7 5  6.9  55   76  245 323 -425  2
4218500 2850500  9 22 13  17.4 1011 255  5.5 7  6.5  52    0  133 328 -431  2
4218500 2850500  9 22 14  18.1 1011 275  5.1 6  6.6  52    9  191 331 -430  2
4218500 2850500  9 22 15  17.6 1011 250  4.8 5  6.6  52   91  197 327 -429  2
4218500 2850500  9 22 16  17.5 1011 267  4.3 6  6.6  52    9  128 325 -429  2
4218500 2850500  9 22 17  17.3 1011 262  4.3 5  6.6  53   40   94 323 -421  2
4218500 2850500  9 22 18  16.2 1011 267  3.7 5  6.7  56   11   33 317 -412  2
4218500 2850500  9 22 19  14.3 1012 272  2.8 5  6.8  63    0    0 311 -400  2
4218500 2850500  9 22 20  14.6 1012 280  3.3 5  6.6  64    0    0 307 -389  2
4218500 2850500  9 22 21  13.2 1013 285  2.9 4  6.4  65    0    0 301 -382  2
4218500 2850500  9 22 22  11.5 1013 278  3.0 2  6.6  73    0    0 289 -376  2
4218500 2850500  9 22 23  11.9 1013 281  3.2 2  6.6  77    0    0 281 -371  2
4218500 2850500  9 22 24  10.9 1014 275  3.0 2  6.5  77    0    0 280 -366  2
4218500 2850500  9 23  1   9.7 1014 266  3.1 1  6.3  81    0    0 273 -363  2
4218500 2850500  9 23  2   9.5 1014 245  2.9 1  6.3  85    0    0 268 -359  2
4218500 2850500  9 23  3   9.9 1014 255  2.8 3  6.5  87    0    0 274 -356  2
4218500 2850500  9 23  4  10.2 1014 263  3.1 4  6.6  86    0    0 281 -353  2
4218500 2850500  9 23  5   9.9 1014 271  3.2 4  6.4  83    0    0 283 -351  2
4218500 2850500  9 23  6   9.3 1013 262  3.0 3  6.2  83    0    0 278 -348  2
4218500 2850500  9 23  7   9.1 1012 253  2.6 1  6.2  85   29   26 271 -347  2
4218500 2850500  9 23  8  11.4 1014 264  2.6 1  6.3  81  135   61 270 -351  2
4218500 2850500  9 23  9  12.9 1014 274  3.1 3  6.4  73  192   98 281 -361  2
4218500 2850500  9 23 10  14.6 1014 283  4.0 2  6.2  64  367   89 290 -376  2
4218500 2850500  9 23 11  15.6 1014 282  4.8 3  6.0  56  398  116 297 -391  2
4218500 2850500  9 23 12  16.8 1014 260  4.8 3  5.9  52  281  213 304 -403  2
4218500 2850500  9 23 13  16.4 1013 263  4.0 2  5.9  50  190  251 304 -412  2
4218500 2850500  9 23 14  16.2 1013 268  3.9 4  5.9  51   54  229 306 -417  2
4218500 2850500  9 23 15  17.0 1013 291  4.3 4  5.7  48  118  206 311 -418  2
4218500 2850500  9 23 16  16.5 1013 291  4.1 2  5.4  45  225  106 307 -414  2
4218500 2850500  9 23 17  15.9 1013 276  3.1 3  5.4  47   86   88 302 -406  2
4218500 2850500  9 23 18  14.0 1013 291  2.0 3  5.7  54    7   30 301 -395  2
4218500 2850500  9 23 19  12.8 1013 246  1.9 3  6.1  63    0    0 298 -383  2
4218500 2850500  9 23 20  11.5 1013 239  2.0 3  6.4  72    0    0 295 -373  2
4218500 2850500  9 23 21  11.1 1013 255  1.7 4  6.4  77    0    0 294 -367  2
4218500 2850500  9 23 22   9.9 1013 234  2.2 2  6.4  81    0    0 289 -362  2
4218500 2850500  9 23 23   8.2 1013 234  2.1 1  6.3  88    0    0 278 -357  2
4218500 2850500  9 23 24   8.2 1013 251  2.0 1  6.1  91    0    0 272 -355  2
4218500 2850500  9 24  1   8.3 1013 260  1.7 1  6.1  90    0    0 272 -353  2
4218500 2850500  9 24  2   7.0 1013 261  2.0 0  6.1  93    0    0 268 -351  2
4218500 2850500  9 24  3   6.5 1013 268  1.5 0  5.8  94    0    0 263 -347  2
4218500 2850500  9 24  4   6.5 1013 248  1.5 0  5.7  94    0    0 262 -344  2
4218500 2850500  9 24  5   6.3 1013 210  1.1 0  5.6  94    0    0 262 -344  2
4218500 2850500  9 24  6   6.1 1013 203  1.5 0  5.5  94    0    0 261 -346  2
4218500 2850500  9 24  7   6.4 1013 208  1.7 1  5.6  94   23   27 262 -345  2
4218500 2850500  9 24  8   8.8 1013 194  1.0 0  6.2  95  120   69 265 -349  2
4218500 2850500  9 24  9  13.2 1015 194  1.1 0  6.9  84  236   95 273 -360  2
4218500 2850500  9 24 10  16.3 1015 203  1.8 0  7.0  67  344  112 285 -378  2
4218500 2850500  9 24 11  17.4 1015 195  2.6 1  6.7  56  425  123 294 -396  2
4218500 2850500  9 24 12  18.9 1015 224  2.5 1  6.5  50  464  129 301 -411  2
4218500 2850500  9 24 13  19.3 1015 222  2.2 1  6.4  47  435  141 305 -422  2
4218500 2850500  9 24 14  19.6 1014 187  2.4 1  6.5  46  384  141 306 -427  2
4218500 2850500  9 24 15  19.3 1014 181  2.5 0  6.6  47  319  128 304 -429  2
4218500 2850500  9 24 16  19.2 1014 180  2.4 1  6.6  47  183  124 301 -425  2
4218500 2850500  9 24 17  17.0 1013 164  2.0 1  6.5  51   80   90 298 -417  2
4218500 2850500  9 24 18  15.6 1013 137  1.5 2  6.9  59    6   28 295 -406  2
4218500 2850500  9 24 19  13.6 1013 117  1.5 2  7.3  70    0    0 292 -394  2
4218500 2850500  9 24 20  12.5 1014 119  2.2 1  7.3  78    0    0 285 -386  2
4218500 2850500  9 24 21  11.9 1014 125  2.3 1  7.3  82    0    0 280 -380  2
4218500 2850500  9 24 22  10.5 1014 126  2.3 2  7.3  88    0    0 280 -377  2
4218500 2850500  9 24 23  10.9 1015 117  2.5 1  7.2  90    0    0 278 -373  2
4218500 2850500  9 24 24  10.3 1015 115  2.3 1  7.1  89    0    0 276 -371  2
4218500 2850500  9 25  1   9.7 1015 117  2.4 1  6.9  90    0    0 274 -368  2
4218500 2850500  9 25  2   9.5 1014 119  2.2 1  6.8  92    0    0 272 -366  2
4218500 2850500  9 25  3   8.9 1014 123  2.4 0  6.7  92    0    0 268 -363  2
4218500 2850500  9 25  4   8.3 1014 119  2.3 1  6.5  94    0    0 266 -360  2
4218500 2850500  9 25  5   8.2 1014 127  2.5 1  6.4  94    0    0 265 -358  2
4218500 2850500  9 25  6   7.8 1014 117  2.3 2  6.3  94    0    0 266 -356  2
4218500 2850500  9 25  7   8.1 1014 117  2.3 1  6.3  94   23   25 265 -355  2
4218500 2850500  9 25  8  10.6 1014 127  2.3 0  6.7  91  116   64 265 -358  2
4218500 2850500  9 25  9  13.9 1015 146  2.0 1  7.1  80  232   88 274 -368  2
4218500 2850500  9 25 10  16.5 1016 150  2.4 1  7.2  67  339  103 286 -385  2
4218500 2850500  9 25 11  18.2 1015 148  2.4 1  7.2  58  422  110 294 -402  2
4218500 2850500  9 25 12  20.0 1015 158  2.6 1  7.4  54  465  115 301 -418  2
4218500 2850500  9 25 13  21.4 1015 159  2.8 1  7.6  50  455  123 309 -430  2
4218500 2850500  9 25 14  21.9 1015 199  2.7 1  7.8  48  410  119 313 -438  2
4218500 2850500  9 25 15  22.2 1015 220  1.8 1  7.9  48  318  117 315 -441  2
4218500 2850500  9 25 16  21.4 1015 195  2.0 0  7.7  47  194  112 313 -438  2
4218500 2850500  9 25 17  20.4 1015 174  1.9 0  7.6  49   69   88 308 -430  2
4218500 2850500  9 25 18  18.7 1015 164  1.7 1  8.0  56    2   22 307 -417  2
4218500 2850500  9 25 19  15.6 1015 158  1.8 1  8.2  68    0    0 302 -404  2
4218500 2850500  9 25 20  13.8 1016 150  2.0 1  8.2  78    0    0 295 -395  2
4218500 2850500  9 25 21  12.6 1016 156  1.8 0  8.0  84    0    0 288 -389  2
4218500 2850500  9 25 22  12.4 1016 168  2.0 0  7.8  86    0    0 285 -383  2
4218500 2850500  9 25 23  11.9 1017 187  2.2 0  7.7  88    0    0 285 -379  2
4218500 2850500  9 25 24  10.6 1017 182  2.2 0  7.6  92    0    0 282 -375  2
4218500 2850500  9 26  1  10.3 1017 195  2.1 0  7.4  94    0    0 280 -371  2
4218500 2850500  9 26  2  10.0 1016 201  2.1 0  7.3  94    0    0 279 -368  2
4218500 2850500  9 26  3   9.8 1016 190  2.3 0  7.2  95    0    0 279 -364  2
4218500 2850500  9 26  4   9.7 1016 174  2.0 0  7.1  95    0    0 278 -361  2
4218500 2850500  9 26  5   9.9 1017 166  2.3 1  7.2  95    0    0 281 -359  2
4218500 2850500  9 26  6   9.8 1017 178  2.5 2  7.2  95    0    0 283 -359  2
4218500 2850500  9 26  7  10.2 1017 179  2.2 4  7.2  94   10   25 286 -359  2
4218500 2850500  9 26  8  12.5 1018 174  2.0 3  7.8  93   65   74 292 -363  2
4218500 2850500  9 26  9  15.1 1018 199  1.6 4  8.5  86  179  111 300 -375  2
4218500 2850500  9 26 10  18.4 1019 196  1.7 3  8.8  74  291  131 310 -393  2
4218500 2850500  9 26 11  20.8 1019 188  1.5 3  9.0  63  354  151 319 -411  2
4218500 2850500  9 26 12  22.9 1019 207  2.0 3  9.2  56  386  164 329 -428  2
4218500 2850500  9 26 13  23.6 1019 198  2.5 2  9.2  52  390  166 335 -440  2
4218500 2850500  9 26 14  24.1 1019 201  3.1 2  8.8  48  359  156 337 -447  2
4218500 2850500  9 26 15  24.3 1018 210  2.7 2  8.6  46  267  152 340 -448  2
4218500 2850500  9 26 16  23.9 1018 213  2.7 3  8.5  45  142  141 341 -443  2
4218500 2850500  9 26 17  22.6 1018 199  2.3 4  8.5  48   46   94 342 -434  2
4218500 2850500  9 26 18  19.8 1018 182  2.3 5  9.0  57    0   19 340 -421  2
4218500 2850500  9 26 19  19.3 1019 186  2.6 5  9.5  67    0    0 339 -407  2
4218500 2850500  9 26 20  15.8 1019 187  2.5 5  9.5  76    0    0 333 -396  2
4218500 2850500  9 26 21  16.4 1019 184  2.5 5  9.5  84    0    0 330 -390  2
4218500 2850500  9 26 22  15.3 1019 196  2.8 4  9.5  85    0    0 328 -386  2
4218500 2850500  9 26 23  14.9 1020 211  3.0 4  9.3  87    0    0 324 -381  2
4218500 2850500  9 26 24  14.4 1020 223  3.0 4  9.2  89    0    0 323 -377  2
4218500 2850500  9 27  1  15.1 1020 250  2.3 4  9.1  87    0    0 323 -373  2
4218500 2850500  9 27  2  13.9 1020 255  2.8 5  9.1  88    0    0 324 -370  2
4218500 2850500  9 27  3  15.0 1020 296  2.5 7  9.4  92    0    0 332 -367  2
4218500 2850500  9 27  4  15.6 1021 300  2.5 7  9.7  90    0    0 341 -367  2
4218500 2850500  9 27  5  16.1 1021 305  2.4 8  9.7  86    0    0 346 -366  2
4218500 2850500  9 27  6  15.8 1021 330  2.3 8  9.7  86    0    0 352 -363  2
4218500 2850500  9 27  7  15.6 1022 319  1.5 7  9.8  89   11   20 349 -365  2
4218500 2850500  9 27  8  16.4 1022 344  2.4 5 10.1  89   22   73 340 -372  2
4218500 2850500  9 27  9  16.5 1023 348  1.9 6 10.3  88    9  122 338 -383  2
4218500 2850500  9 27 10  16.3 1023 275  2.1 8 10.3  89    0   81 349 -394  2
4218500 2850500  9 27 11  17.2 1024 297  2.0 6 10.7  90   63  212 352 -409  2
4218500 2850500  9 27 12  18.1 1024 315  2.2 5 10.7  86   88  232 346 -422  2
4218500 2850500  9 27 13  18.8 1025 279  3.0 6 10.4  79    0  160 348 -433  2
4218500 2850500  9 27 14  18.7 1025 312  3.2 6 10.3  77   36  205 351 -439  2
4218500 2850500  9 27 15  18.8 1025 288  2.9 7 10.0  74   43  179 351 -439  2
4218500 2850500  9 27 16  19.0 1025 298  3.0 5  9.5  70  147  119 347 -437  2
4218500 2850500  9 27 17  18.8 1025 303  2.7 5  9.1  68   75   73 339 -428  2
4218500 2850500  9 27 18  16.4 1025 328  2.2 4  9.1  73    2   20 331 -417  2
4218500 2850500  9 27 19  14.9 1025 353  2.0 4  8.9  81    0    0 321 -407  2
4218500 2850500  9 27 20  13.7 1026  22  2.1 4  8.5  84    0    0 314 -399  2
4218500 2850500  9 27 21  12.8 1026  11  1.8 3  8.2  87    0    0 307 -392  2
4218500 2850500  9 27 22  12.0 1026  20  1.4 2  7.8  88    0    0 298 -385  2
4218500 2850500  9 27 23  10.8 1026  17  1.8 2  7.5  90    0    0 291 -380  2
4218500 2850500  9 27 24  10.0 1026   2  1.4 2  7.2  93    0    0 287 -376  2
4218500 2850500  9 28  1   9.7 1026   5  1.2 2  7.0  94    0    0 283 -372  2
4218500 2850500  9 28  2   9.1 1026  48  0.5 1  6.9  95    0    0 278 -368  2
4218500 2850500  9 28  3   8.4 1026  62  1.3 1  6.6  95    0    0 274 -364  2
4218500 2850500  9 28  4   8.1 1026  51  1.3 1  6.4  95    0    0 272 -360  2
4218500 2850500  9 28  5   7.6 1027  76  1.1 2  6.2  95    0    0 272 -356  2
4218500 2850500  9 28  6   7.5 1027  68  1.5 3  6.2  96    0    0 276 -353  2
4218500 2850500  9 28  7   8.0 1027 101  1.3 3  6.3  97   18   24 278 -350  2
4218500 2850500  9 28  8  11.2 1027 159  1.6 2  7.1  96   95   67 281 -352  2
4218500 2850500  9 28  9  14.3 1027 198  1.2 3  8.1  89  202   93 290 -363  2
4218500 2850500  9 28 10  17.1 1028 192  1.6 2  8.1  74  317  105 298 -381  2
4218500 2850500  9 28 11  18.6 1028 197  1.9 1  7.4  59  406  110 302 -399  2
4218500 2850500  9 28 12  19.2 1028 194  1.3 1  7.0  52  439  121 304 -414  2
4218500 2850500  9 28 13  20.3 1028 266  1.3 1  7.0  50  416  134 309 -426  2
4218500 2850500  9 28 14  20.6 1028 203  1.9 2  7.0  47  318  170 312 -432  2
4218500 2850500  9 28 15  20.4 1027 201  1.8 4  6.9  46  199  183 316 -433  2
4218500 2850500  9 28 16  20.4 1026 293  1.6 4  7.0  47  102  152 318 -428  2
4218500 2850500  9 28 17  19.6 1026 280  1.3 4  7.3  51   30   94 316 -418  2
4218500 2850500  9 28 18  16.9 1026 319  1.1 6  7.7  59    0   16 312 -403  2
4218500 2850500  9 28 19  14.6 1026 319  0.8 5  8.0  72    0    0 305 -387  2
4218500 2850500  9 28 20  13.7 1026 360  1.1 4  8.1  81    0    0 298 -376  2
4218500 2850500  9 28 21  12.4 1026  46  0.9 4  7.9  85    0    0 294 -371  2
4218500 2850500  9 28 22  11.6 1025 216  1.2 4  7.8  90    0    0 290 -366  2
4218500 2850500  9 28 23  11.7 1025 197  1.9 5  7.8  92    0    0 290 -360  2
4218500 2850500  9 28 24  11.9 1025 191  1.9 4  7.8  91    0    0 290 -358  2
4218500 2850500  9 29  1  11.2 1025 228  2.3 5  7.7  92    0    0 289 -357  2
4218500 2850500  9 29  2  10.2 1025 238  2.1 6  7.6  95    0    0 287 -355  2
4218500 2850500  9 29  3  11.2 1025 212  2.5 6  7.5  94    0    0 288 -353  2
4218500 2850500  9 29  4  10.4 1025 227  2.3 5  7.5  93    0    0 288 -350  2
4218500 2850500  9 29  5  10.1 1024 222  1.7 5  7.3  95    0    0 287 -347  2
4218500 2850500  9 29  6   9.0 1024 308  1.5 5  7.1  96    0    0 285 -346  2
4218500 2850500  9 29  7   9.4 1024 296  2.0 5  6.9  96   10   22 283 -346  2
4218500 2850500  9 29  8  11.7 1024 305  1.4 5  7.6  96   91   61 288 -351  2
4218500 2850500  9 29  9  16.0 1026 321  1.2 4  8.5  87  233   75 298 -363  2
4218500 2850500  9 29 10  18.5 1026 298  1.7 3  8.9  73  340   84 308 -382  2
4218500 2850500  9 29 11  20.6 1026 247  1.9 3  8.8  63  404   97 315 -402  2
4218500 2850500  9 29 12  21.4 1026 230  1.7 3  8.2  53  450  108 319 -417  2
4218500 2850500  9 29 13  22.4 1026 254  1.2 2  7.6  47  434  112 321 -429  2
4218500 2850500  9 29 14  23.0 1025 293  1.5 3  7.4  44  244  203 324 -437  2
4218500 2850500  9 29 15  23.4 1025 295  1.6 4  7.2  41  138  197 328 -440  2
4218500 2850500  9 29 16  24.0 1025 287  1.7 3  7.3  40  132  137 331 -437  2
4218500 2850500  9 29 17  22.0 1024 276  1.7 3  7.7  44   40   91 329 -426  2
4218500 2850500  9 29 18  19.2 1024 211  1.6 6  8.1  54    0   14 326 -409  2
4218500 2850500  9 29 19  16.6 1024 197  1.7 4  8.5  67    0    0 320 -393  2
4218500 2850500  9 29 20  15.5 1025 265  1.0 4  8.5  76    0    0 312 -381  2
4218500 2850500  9 29 21  13.8 1025 207  1.3 4  8.5  82    0    0 308 -373  2
4218500 2850500  9 29 22  13.0 1025 236  1.1 3  8.3  87    0    0 303 -368  2
4218500 2850500  9 29 23  12.7 1025 213  1.7 2  8.1  88    0    0 298 -363  2
4218500 2850500  9 29 24  12.2 1025 266  1.3 2  7.9  89    0    0 295 -360  2
4218500 2850500  9 30  1  11.4 1024 220  1.9 1  7.8  91    0    0 292 -356  2
4218500 2850500  9 30  2  10.9 1024 203  1.6 0  7.6  93    0    0 285 -357  2
4218500 2850500  9 30  3  10.6 1024 225  1.7 0  7.3  92    0    0 283 -359  2
4218500 2850500  9 30  4  10.0 1024 197  1.5 0  7.1  92    0    0 281 -358  2
4218500 2850500  9 30  5   9.7 1023 203  2.0 0  7.1  94    0    0 280 -356  2
4218500 2850500  9 30  6   9.6 1023 204  1.9 1  7.0  95    0    0 281 -353  2
4218500 2850500  9 30  7   9.8 1024 164  1.3 1  7.1  95   16   22 281 -351  2
4218500 2850500  9 30  8  12.8 1024 194  1.9 0  7.7  93  111   51 285 -353  2
4218500 2850500  9 30  9  16.7 1025 161  1.5 0  8.4  81  232   71 295 -365  2
4218500 2850500  9 30 10  20.2 1025 187  1.3 0  8.4  64  333   86 305 -385  2
4218500 2850500  9 30 11  22.0 1025 168  1.6 0  8.3  54  417   95 315 -407  2
4218500 2850500  9 30 12  23.6 1025 184  2.1 1  8.3  48  442  110 322 -426  2
4218500 2850500  9 30 13  24.3 1024 180  1.8 1  8.1  44  422  115 326 -439  2
4218500 2850500  9 30 14  24.9 1024 177  2.0 0  8.0  42  388  103 329 -447  2
4218500 2850500  9 30 15  25.5 1024 186  1.5 1  8.1  41  297  107 331 -448  2
4218500 2850500  9 30 16  24.8 1023 147  1.3 1  8.2  41  169  109 331 -444  2
4218500 2850500  9 30 17  22.9 1023 142  1.3 1  8.5  46   43   87 327 -432  2
4218500 2850500  9 30 18  19.6 1023 151  1.1 1  9.0  57    0   15 320 -415  2
4218500 2850500  9 30 19  16.6 1023 124  1.3 0  9.2  71    0    0 310 -398  2
4218500 2850500  9 30 20  15.3 1023 127  2.0 0  9.1  81    0    0 303 -388  2
4218500 2850500  9 30 21  14.8 1023 121  2.2 0  8.9  84    0    0 300 -384  2
4218500 2850500  9 30 22  13.9 1023 149  1.9 0  8.7  86    0    0 297 -381  2
4218500 2850500  9 30 23  13.0 1023 138  2.1 0  8.5  89    0    0 294 -378  2
4218500 2850500  9 30 24  13.0 1023 155  2.2 0  8.4  91    0    0 292 -375  2
4218500 2850500 10  1  1  11.7 1022 165  2.0 0  8.0  94    0    0 287 -372  2
4218500 2850500 10  1  2  11.5 1022 180  1.9 0  7.8  93    0    0 286 -371  2
4218500 2850500 10  1  3  11.4 1022 176  2.5 0  7.8  93    0    0 286 -368  2
4218500 2850500 10  1  4  10.7 1022 174  2.0 0  7.7  94    0    0 284 -366  2
4218500 2850500 10  1  5  10.3 1022 130  1.6 0  7.5  95    0    0 282 -365  2
4218500 2850500 10  1  6   9.5 1022  91  1.9 0  7.3  97    0    0 281 -363  2
4218500 2850500 10  1  7  10.6 1022  94  1.4 0  7.3  96   17   13 281 -362  2
4218500 2850500 10  1  8  12.5 1022 102  0.9 0  8.0  95  121   46 285 -365  2
4218500 2850500 10  1  9  16.1 1023 107  1.2 0  9.1  90  245   65 294 -375  2
4218500 2850500 10  1 10  20.2 1023 107  1.0 1  9.8  76  356   78 307 -393  2
4218500 2850500 10  1 11  22.6 1023  91  1.4 1  9.4  60  446   82 318 -413  2
4218500 2850500 10  1 12  24.2 1023  81  2.1 1  9.0  50  492   83 325 -431  2
4218500 2850500 10  1 13  25.4 1023 107  1.7 0  9.0  47  485   86 331 -445  2
4218500 2850500 10  1 14  26.2 1023 107  1.0 0  8.9  43  426   92 334 -453  2
4218500 2850500 10  1 15  26.1 1022 150  1.3 0  8.8  42  329   92 335 -455  2
4218500 2850500 10  1 16  25.1 1022  77  1.0 0  8.5  42  203   85 332 -450  2
4218500 2850500 10  1 17  22.6 1022 158  1.7 0  8.5  46   66   57 327 -439  2
4218500 2850500 10  1 18  20.6 1022 180  1.7 0  9.1  57    0    1 321 -424  2
4218500 2850500 10  1 19  16.8 1022 222  1.1 0  9.3  70    0    0 312 -411  2
4218500 2850500 10  1 20  15.3 1022 125  1.1 0  9.3  82    0    0 303 -402  2
4218500 2850500 10  1 21  14.4 1022  55  1.3 0  9.2  88    0    0 300 -396  2
4218500 2850500 10  1 22  13.5 1022  75  2.2 0  9.1  92    0    0 296 -392  2
4218500 2850500 10  1 23  13.0 1022 102  1.9 0  8.8  94    0    0 294 -388  2
4218500 2850500 10  1 24  12.4 1023 131  1.6 0  8.6  94    0    0 292 -385  2
4218500 2850500 10  2  1  12.6 1023 111  2.0 0  8.3  93    0    0 291 -381  2
4218500 2850500 10  2  2  11.8 1022 110  2.1 0  8.2  93    0    0 290 -379  2
4218500 2850500 10  2  3  11.1 1021 140  2.0 0  7.9  95    0    0 287 -377  2
4218500 2850500 10  2  4  10.9 1021 133  1.6 0  7.8  95    0    0 285 -373  2
4218500 2850500 10  2  5   9.9 1021 135  1.8 0  7.5  96    0    0 283 -370  2
4218500 2850500 10  2  6  10.1 1020 134  1.9 0  7.3  96    0    0 281 -370  2
4218500 2850500 10  2  7  10.0 1020 147  1.8 1  7.2  94   16   12 282 -369  2
4218500 2850500 10  2  8  12.9 1021 146  1.4 1  8.0  95  116   46 290 -371  2
4218500 2850500 10  2  9  16.7 1021 179  1.2 0  9.3  89  236   67 299 -381  2
4218500 2850500 10  2 10  20.0 1021 174  1.7 0  9.5  73  347   81 310 -399  2
4218500 2850500 10  2 11  22.5 1021 157  1.7 0  9.1  58  437   85 320 -418  2
4218500 2850500 10  2 12  23.8 1021 183  3.1 0  8.6  49  482   87 327 -435  2
4218500 2850500 10  2 13  24.6 1020 159  2.7 0  8.5  46  477   89 333 -446  2
4218500 2850500 10  2 14  25.1 1019 176  2.3 0  8.7  45  417   95 337 -453  2
4218500 2850500 10  2 15  25.3 1019 164  2.4 0  8.6  43  321   95 339 -452  2
4218500 2850500 10  2 16  24.4 1019 189  2.6 0  8.1  42  194   88 337 -447  2
4218500 2850500 10  2 17  22.5 1018 209  2.0 0  8.1  45   60   58 332 -437  2
4218500 2850500 10  2 18  19.6 1018 191  1.9 1  8.8  57    0    1 329 -423  2
4218500 2850500 10  2 19  16.9 1018 215  1.9 1  9.3  71    0    0 322 -411  2
4218500 2850500 10  2 20  16.1 1018 220  2.1 1  9.1  77    0    0 316 -404  2
4218500 2850500 10  2 21  14.9 1018 228  2.2 2  9.1  83    0    0 315 -400  2
4218500 2850500 10  2 22  14.2 1018 230  2.3 1  9.0  87    0    0 316 -398  2
4218500 2850500 10  2 23  14.3 1017 225  2.7 2  8.8  86    0    0 313 -396  2
4218500 2850500 10  2 24  14.7 1017 217  3.1 3  8.5  82    0    0 307 -395  2
4218500 2850500 10  3  1  15.4  996 211  3.5 5  8.2  75    0    0 360 -399  2
4218500 2850500 10  3  2  16.0  996 210  3.8 6  8.0  69    0    0 359 -399  2
4218500 2850500 10  3  3  16.1  996 227  3.9 7  7.7  66    0    0 353 -398  2
4218500 2850500 10  3  4  15.2  996 252  3.8 7  7.6  68    0    0 351 -394  2
4218500 2850500 10  3  5  14.1  995 249  3.7 7  7.6  72    0    0 352 -391  2
4218500 2850500 10  3  6  12.1  996 302  4.4 7  7.5  80    0    0 346 -386  2
4218500 2850500 10  3  7  11.8  997 163  2.8 7  7.6  85    7   13 338 -380  2
4218500 2850500 10  3  8  12.4  997 215  3.5 7  7.7  86    7   55 338 -377  2
4218500 2850500 10  3  9  13.1  998 236  3.7 6  7.5  81   35  127 335 -376  2
4218500 2850500 10  3 10  13.3  999 221  4.3 6  7.4  77    9  151 332 -380  2
4218500 2850500 10  3 11  13.7 1000 233  4.8 7  7.5  77    0  109 340 -391  2
4218500 2850500 10  3 12  14.1 1000 237  6.3 7  7.3  72    0  122 345 -402  2
4218500 2850500 10  3 13  14.0 1001 220  4.6 7  6.8  68    0  100 342 -409  2
4218500 2850500 10  3 14  13.6 1000 194  4.9 7  6.7  67    0  103 340 -413  2
4218500 2850500 10  3 15  14.0 1000 198  4.6 7  6.7  67    0   78 337 -412  2
4218500 2850500 10  3 16  13.4 1000 205  4.5 8  6.9  69    0   33 339 -407  2
4218500 2850500 10  3 17  13.0 1001 194  4.8 8  6.9  72    0   27 341 -401  2
4218500 2850500 10  3 18  12.5 1001 195  4.0 6  6.7  73    0    7 329 -392  2
4218500 2850500 10  3 19  11.7 1001 197  4.6 6  6.6  74    0    0 318 -385  2
4218500 2850500 10  3 20  11.5 1002 182  4.0 6  6.5  75    0    0 316 -382  2
4218500 2850500 10  3 21  11.2 1002 208  4.0 6  6.4  76    0    0 316 -380  2
4218500 2850500 10  3 22  11.1 1002 215  4.7 7  6.4  77    0    0 321 -376  2
4218500 2850500 10  3 23  11.2 1002 211  4.4 7  6.4  77    0    0 327 -372  2
4218500 2850500 10  3 24  11.1 1002 216  4.7 6  6.3  76    0    0 323 -367  2
4218500 2850500 10  4  1  11.0 1002 220  4.2 7  6.3  76    0    0 323 -363  2
4218500 2850500 10  4  2  10.9 1002 213  5.0 7  6.3  77    0    0 328 -361  2
4218500 2850500 10  4  3  10.6 1003 224  4.5 8  6.4  78    0    0 333 -359  2
4218500 2850500 10  4  4  10.7 1003 236  4.0 7  6.3  78    0    0 334 -357  2
4218500 2850500 10  4  5  10.4 1003 219  3.9 7  6.3  79    0    0 328 -355  2
4218500 2850500 10  4  6  10.1 1003 217  3.6 7  6.3  80    0    0 327 -352  2
4218500 2850500 10  4  7   9.7 1003 218  3.9 4  6.3  82    4   13 311 -350  2
4218500 2850500 10  4  8  10.0 1004 219  4.7 2  6.3  82   88   55 286 -351  2
4218500 2850500 10  4  9  10.5 1004 216  5.9 2  6.3  80  223   72 276 -357  2
4218500 2850500 10  4 10  12.4 1004 230  5.3 2  6.2  73  337   87 279 -367  2
4218500 2850500 10  4 11  13.8 1004 217  5.6 2  6.2  65  278  159 285 -379  2
4218500 2850500 10  4 12  14.8 1005 227  5.6 2  6.1  59  154  224 289 -388  2
4218500 2850500 10  4 13  14.5 1005 254  5.0 2  5.9  56  107  218 292 -395  2
4218500 2850500 10  4 14  14.5 1005 249  5.3 5  5.7  55   10  163 304 -397  2
4218500 2850500 10  4 15  14.5 1005 222  5.1 7  5.7  55    0  105 324 -396  2
4218500 2850500 10  4 16  13.6 1005 220  3.8 7  5.8  58    0   54 330 -393  2
4218500 2850500 10  4 17  13.7 1005 226  4.4 6  6.1  62    1   50 324 -388  2
4218500 2850500 10  4 18  13.2 1005 194  3.7 7  6.2  64    0    9 322 -380  2
4218500 2850500 10  4 19  12.7 1006 204  3.0 7  6.3  67    0    0 323 -372  2
4218500 2850500 10  4 20  12.6 1006 203  2.9 7  6.4  70    0    0 322 -368  2
4218500 2850500 10  4 21  11.8 1007 210  2.6 7  6.5  73    0    0 321 -364  2
4218500 2850500 10  4 22  11.2 1007 201  2.2 7  6.5  77    0    0 319 -360  2
4218500 2850500 10  4 23  10.6 1007 242  2.5 7  6.5  80    0    0 317 -358  2
4218500 2850500 10  4 24  10.1 1007 200  2.3 5  6.5  82    0    0 308 -356  2
4218500 2850500 10  5  1   9.4 1008 193  1.8 5  6.4  85    0    0 297 -353  2
4218500 2850500 10  5  2   9.6 1008 244  1.8 7  6.5  87    0    0 304 -352  2
4218500 2850500 10  5  3   9.9 1009 248  1.7 6  6.7  88    0    0 309 -351  2
4218500 2850500 10  5  4  10.0 1009 273  2.9 7  6.8  88    0    0 311 -352  2
4218500 2850500 10  5  5   9.9 1009 254  2.4 6  6.7  88    0    0 311 -351  2
4218500 2850500 10  5  6   9.7 1010 271  2.9 6  6.6  87    0    0 306 -349  2
4218500 2850500 10  5  7   9.0 1010 269  3.3 6  6.5  88    5   13 305 -346  2
4218500 2850500 10  5  8   9.3 1011 282  3.5 6  6.6  91   14   58 304 -345  2
4218500 2850500 10  5  9   9.6 1011 271  3.2 6  6.7  90   54  125 305 -351  2
4218500 2850500 10  5 10  10.9 1012 268  3.7 3  6.7  85  183  150 294 -362  2
4218500 2850500 10  5 11  12.2 1012 271  3.8 2  6.5  77  307  151 279 -374  2
4218500 2850500 10  5 12  13.1 1012 281  3.6 3  6.4  70  305  181 283 -385  2
4218500 2850500 10  5 13  14.1 1013 262  3.8 5  6.5  67  134  223 300 -393  2
4218500 2850500 10  5 14  13.9 1013 306  3.9 4  6.5  65  112  206 306 -395  2
4218500 2850500 10  5 15  15.0 1013 292  3.5 2  6.3  61  201  156 298 -393  2
4218500 2850500 10  5 16  14.6 1013 299  3.2 3  6.1  58   82  123 298 -389  2
4218500 2850500 10  5 17  14.3 1013 300  3.5 7  5.8  57    3   53 313 -383  2
4218500 2850500 10  5 18  13.8 1013 282  3.3 6  5.7  57    0   10 321 -377  2
4218500 2850500 10  5 19  12.8 1014 300  3.0 7  5.9  62    0    0 319 -369  2
4218500 2850500 10  5 20  11.8 1014 297  2.0 7  6.0  68    0    0 320 -363  2
4218500 2850500 10  5 21  11.8 1015 261  2.6 6  6.2  71    0    0 317 -359  2
4218500 2850500 10  5 22  10.9 1015 258  2.3 6  6.3  76    0    0 313 -355  2
4218500 2850500 10  5 23  10.5 1015 274  2.2 6  6.5  81    0    0 312 -351  2
4218500 2850500 10  5 24  10.6 1015 271  2.9 6  6.5  81    0    0 311 -348  2
4218500 2850500 10  6  1  10.5 1016 285  3.4 4  6.5  81    0    0 302 -346  2
4218500 2850500 10  6  2   9.1 1015 281  2.6 3  6.4  84    0    0 288 -342  2
4218500 2850500 10  6  3   8.3 1015 275  2.9 1  6.2  88    0    0 272 -339  2
4218500 2850500 10  6  4   8.8 1015 280  2.7 3  6.1  88    0    0 272 -337  2
4218500 2850500 10  6  5   7.7 1015 277  2.7 4  6.0  89    0    0 284 -335  2
4218500 2850500 10  6  6   7.8 1015 274  3.0 6  6.1  93    0    0 294 -333  2
4218500 2850500 10  6  7   8.5 1015 270  2.8 8  6.3  94    0    8 312 -332  2
4218500 2850500 10  6  8   9.1 1015 279  2.8 8  6.5  93    2   49 322 -334  2
4218500 2850500 10  6  9   9.1 1016 269  3.7 8  6.6  92    0   73 322 -341  2
4218500 2850500 10  6 10   9.3 1016 282  3.3 8  6.7  92    0  106 323 -353  2
4218500 2850500 10  6 11   9.8 1016 284  4.8 7  6.8  91    0   95 320 -368  2
4218500 2850500 10  6 12  10.6 1016 276  5.0 6  6.9  89    1  159 314 -380  2
4218500 2850500 10  6 13  11.4 1017 295  4.6 5  7.0  85   11  186 309 -389  2
4218500 2850500 10  6 14  12.4 1016 285  4.6 5  7.0  80   49  205 308 -393  2
4218500 2850500 10  6 15  12.2 1016 299  3.3 7  7.0  79   30  169 317 -393  2
4218500 2850500 10  6 16  12.5 1016 301  2.9 7  6.9  77   29  124 322 -388  2
4218500 2850500 10  6 17   9.8 1016 300  2.9 8  6.7  81    0   35 322 -380  2
4218500 2850500 10  6 18  10.3 1016 264  2.0 7  6.8  89    0    0 318 -370  2
4218500 2850500 10  6 19  10.1 1016 304  3.2 7  6.9  89    0    0 314 -364  2
4218500 2850500 10  6 20  10.3 1016 263  2.7 7  6.8  88    0    0 313 -362  2
4218500 2850500 10  6 21  10.1 1016 278  2.5 7  6.8  88    0    0 313 -361  2
4218500 2850500 10  6 22  10.2 1016 288  3.1 6  6.9  89    0    0 311 -359  2
4218500 2850500 10  6 23   9.7 1016 279  4.0 6  6.8  89    0    0 307 -355  2
4218500 2850500 10  6 24   9.3 1016 281  3.7 6  6.6  89    0    0 306 -351  2
4218500 2850500 10  7  1   9.2 1016 281  3.8 7  6.6  90    0    0 310 -349  2
4218500 2850500 10  7  2   9.1 1016 283  4.2 6  6.6  91    0    0 310 -347  2
4218500 2850500 10  7  3   9.3 1016 279  4.2 7  6.6  92    0    0 313 -345  2
4218500 2850500 10  7  4   9.2 1016 289  4.4 7  6.7  92    0    0 319 -345  2
4218500 2850500 10  7  5   9.1 1016 275  4.6 8  6.7  93    0    0 325 -344  2
4218500 2850500 10  7  6   9.0 1017 282  4.8 8  6.7  94    0    0 330 -342  2
4218500 2850500 10  7  7   8.6 1017 289  4.6 7  6.6  94    2   11 326 -341  2
4218500 2850500 10  7  8   8.6 1017 295  4.5 7  6.5  94   31   49 320 -340  2
4218500 2850500 10  7  9   8.8 1018 282  4.6 8  6.5  94   19  110 325 -345  2
4218500 2850500 10  7 10   9.5 1018 289  4.8 7  6.5  91   41  166 325 -355  2
4218500 2850500 10  7 11  10.6 1019 276  4.4 5  6.6  86  109  189 314 -368  2
4218500 2850500 10  7 12  11.2 1019 284  4.6 6  6.5  81   63  211 311 -379  2
4218500 2850500 10  7 13  12.0 1020 276  5.2 5  6.5  77   48  195 313 -387  2
4218500 2850500 10  7 14  13.0 1020 278  5.1 4  6.6  74   92  181 308 -391  2
4218500 2850500 10  7 15  12.9 1020 289  3.7 5  6.5  71   86  149 309 -391  2
4218500 2850500 10  7 16  12.4 1020 277  4.3 6  6.4  71   15  102 313 -388  2
4218500 2850500 10  7 17  12.4 1020 256  4.1 6  6.5  73   10   55 316 -380  2
4218500 2850500 10  7 18  10.8 1020 242  1.7 7  6.5  77    0    9 317 -369  2
4218500 2850500 10  7 19  10.9 1019 264  2.4 7  6.6  82    0    0 318 -360  2
4218500 2850500 10  7 20  11.0 1019 238  3.0 7  6.7  82    0    0 317 -353  2
4218500 2850500 10  7 21  11.1 1019 233  3.0 6  6.4  79    0    0 313 -348  2
4218500 2850500 10  7 22  10.9 1019 228  3.7 7  6.2  76    0    0 312 -344  2
4218500 2850500 10  7 23  10.5 1019 213  3.6 7  6.0  75    0    0 315 -341  2
4218500 2850500 10  7 24  10.1 1019 217  3.5 6  5.9  76    0    0 310 -338  2
4218500 2850500 10  8  1   9.6 1018 219  3.4 6  6.0  79    0    0 306 -336  2
4218500 2850500 10  8  2   9.5 1018 215  3.2 7  5.9  80    0    0 309 -335  2
4218500 2850500 10  8  3   9.3 1018 214  3.6 7  6.0  82    0    0 314 -336  2
4218500 2850500 10  8  4   9.3 1017 211  3.8 8  6.1  84    0    0 319 -337  2
4218500 2850500 10  8  5   9.2 1017 203  4.0 7  6.1  84    0    0 320 -339  2
4218500 2850500 10  8  6   9.1 1016 214  4.5 8  6.0  84    0    0 320 -341  2
4218500 2850500 10  8  7   8.9 1016 208  4.6 8  6.1  86    0    7 325 -341  2
4218500 2850500 10  8  8   8.7 1015 218  4.9 8  6.2  89    3   45 326 -344  2
4218500 2850500 10  8  9   8.9 1015 214  5.4 7  6.3  90    0   73 322 -351  2
4218500 2850500 10  8 10   9.0 1015 238  4.5 7  6.4  90    0   88 320 -362  2
4218500 2850500 10  8 11   9.4 1015 241  4.6 8  6.6  91    0   75 328 -372  2
4218500 2850500 10  8 12  10.3 1015 245  4.0 8  6.8  90    0   96 337 -377  2
4218500 2850500 10  8 13  11.1 1016 243  4.1 7  6.8  85    0   90 337 -380  2
4218500 2850500 10  8 14  12.1 1015 237  3.4 7  7.0  83    2  137 339 -384  2
4218500 2850500 10  8 15  13.2 1015 248  4.0 6  7.2  79   14  143 339 -383  2
4218500 2850500 10  8 16  13.5 1014 246  3.9 7  7.1  74    1   77 344 -377  2
4218500 2850500 10  8 17  13.4 1014 217  3.9 5  7.0  73   20   58 341 -373  2
4218500 2850500 10  8 18  13.1 1013 206  3.9 7  7.0  74    0    8 341 -370  2
4218500 2850500 10  8 19  12.8 1013 214  4.8 7  7.0  75    0    0 351 -370  2
4218500 2850500 10  8 20  12.5 1013 221  5.7 7  7.0  77    0    0 353 -371  2
4218500 2850500 10  8 21  12.2 1013 226  5.7 8  7.1  79    0    0 358 -371  2
4218500 2850500 10  8 22  11.4 1012 238  4.5 8  7.1  82    0    0 362 -370  2
4218500 2850500 10  8 23  10.9 1012 228  5.1 8  7.4  89    0    0 362 -368  2
4218500 2850500 10  8 24  10.8 1012 236  4.5 8  7.7  94    0    0 363 -367  2
4218500 2850500 10  9  1  10.8 1012 245  3.9 8  7.8  96    0    0 363 -366  2
4218500 2850500 10  9  2  11.1 1011 248  4.3 8  7.9  97    0    0 363 -366  2
4218500 2850500 10  9  3  11.2 1011 241  3.8 8  8.1  97    0    0 365 -367  2
4218500 2850500 10  9  4  11.5 1011 255  3.8 8  8.1  97    0    0 366 -368  2
4218500 2850500 10  9  5  11.4 1011 248  4.0 8  8.3  98    0    0 366 -370  2
4218500 2850500 10  9  6  11.6 1010 247  4.0 8  8.3  98    0    0 366 -371  2
4218500 2850500 10  9  7  11.6 1010 256  3.9 8  8.2  96    0    6 365 -373  2
4218500 2850500 10  9  8  12.0 1010 247  4.1 8  8.4  96   13   57 365 -373  2
4218500 2850500 10  9  9  12.5 1009 244  5.4 7  8.5  95    3  101 358 -374  2
4218500 2850500 10  9 10  12.7 1009 254  6.5 8  8.6  94    0   88 359 -375  2
4218500 2850500 10  9 11  13.9 1008 246  7.8 7  8.8  92    0  133 361 -376  2
4218500 2850500 10  9 12  14.8 1008 254  8.3 7  8.7  85    0  146 358 -377  2
4218500 2850500 10  9 13  14.4 1007 257  8.3 7  8.6  83    0  109 359 -378  2
4218500 2850500 10  9 14  13.4 1007 242  8.0 7  8.9  89    0   92 357 -379  2
4218500 2850500 10  9 15  13.3 1007 250  7.9 8  9.1  94    0   92 361 -380  2
4218500 2850500 10  9 16  13.8 1006 278  7.1 8  9.1  93    0   67 369 -379  2
4218500 2850500 10  9 17  13.6 1007 273  6.9 7  9.0  91    0   32 359 -378  2
4218500 2850500 10  9 18  13.7 1007 276  7.1 7  8.8  89    0    3 348 -377  2
4218500 2850500 10  9 19  13.5 1008 287  7.9 8  8.5  86    0    0 353 -376  2
4218500 2850500 10  9 20  13.2 1008 300  6.9 8  7.5  78    0    0 360 -375  2
4218500 2850500 10  9 21  12.7 1009 300  7.1 7  6.7  71    0    0 348 -373  2
4218500 2850500 10  9 22  11.4 1010 298  6.2 3  6.2  71    0    0 303 -372  2
4218500 2850500 10  9 23  10.8 1011 294  5.8 3  6.0  72    0    0 273 -371  2
4218500 2850500 10  9 24  10.2 1012 283  4.8 3  6.0  76    0    0 275 -367  2
4218500 2850500 10 10  1  10.2 1012 281  4.9 6  6.1  78    0    0 299 -364  2
4218500 2850500 10 10  2  10.4 1013 270  5.4 7  6.2  79    0    0 331 -364  2
4218500 2850500 10 10  3  10.4 1013 274  5.1 7  6.2  78    0    0 340 -366  2
4218500 2850500 10 10  4  10.4 1013 277  5.6 8  6.2  79    0    0 348 -367  2
4218500 2850500 10 10  5  10.1 1013 271  4.3 8  6.4  83    0    0 355 -369  2
4218500 2850500 10 10  6  10.0 1013 266  4.4 8  6.6  86    0    0 355 -370  2
4218500 2850500 10 10  7  10.1 1013 280  3.6 8  6.8  89    0    6 356 -372  2
4218500 2850500 10 10  8  10.0 1013 274  2.1 8  7.1  93    0   40 355 -375  2
4218500 2850500 10 10  9  10.3 1013 216  1.8 7  7.5  96    0   84 350 -377  2
4218500 2850500 10 10 10  11.4 1013 263  3.9 7  8.0  98    0   87 347 -380  2
4218500 2850500 10 10 11  12.7 1013 261  5.0 7  8.7  98    0   68 353 -382  2
4218500 2850500 10 10 12  13.2 1013 262  5.1 8  9.0  96    0   73 362 -385  2
4218500 2850500 10 10 13  14.0 1013 276  5.0 8  9.2  94    0   61 370 -389  2
4218500 2850500 10 10 14  14.6 1012 269  5.3 7  9.2  90    0   61 368 -391  2
4218500 2850500 10 10 15  15.1 1012 285  5.6 6  9.2  87    0   67 358 -390  2
4218500 2850500 10 10 16  15.1 1012 285  5.0 6  9.3  86    0   63 353 -388  2
4218500 2850500 10 10 17  15.0 1013 284  5.1 7  9.3  87    0   32 359 -388  2
4218500 2850500 10 10 18  14.1 1013 279  4.6 8  9.5  92    0    3 369 -387  2
4218500 2850500 10 10 19  14.1 1013 283  4.4 8  9.8  97    0    0 374 -385  2
4218500 2850500 10 10 20  14.3 1014 272  3.9 8 10.0  98    0    0 376 -384  2
4218500 2850500 10 10 21  14.2 1014 262  4.1 8 10.0  98    0    0 377 -384  2
4218500 2850500 10 10 22  14.0 1014 268  4.7 8  9.8  98    0    0 376 -384  2
4218500 2850500 10 10 23  13.9 1015 255  5.2 8  9.8  98    0    0 376 -385  2
4218500 2850500 10 10 24  13.7 1015 255  3.8 8  9.6  98    0    0 375 -385  2
4218500 2850500 10 11  1  13.8 1014 262  4.5 8  9.3  95    0    0 374 -386  2
4218500 2850500 10 11  2  13.9 1014 247  3.7 8  9.1  92    0    0 374 -386  2
4218500 2850500 10 11  3  13.8 1014 248  4.1 8  9.0  91    0    0 375 -386  2
4218500 2850500 10 11  4  13.8 1014 249  4.6 8  8.9  91    0    0 375 -385  2
4218500 2850500 10 11  5  13.8 1014 241  4.6 8  8.9  90    0    0 375 -385  2
4218500 2850500 10 11  6  13.6 1013 244  4.7 8  8.8  90    0    0 374 -385  2
4218500 2850500 10 11  7  13.1 1013 240  4.0 8  8.9  93    0    4 372 -385  2
4218500 2850500 10 11  8  13.7 1013 257  4.7 7  9.0  94    1   42 368 -385  2
4218500 2850500 10 11  9  14.5 1014 251  4.9 7  9.2  91    5  110 364 -387  2
4218500 2850500 10 11 10  15.4 1014 266  5.7 7  9.3  88    2  136 365 -392  2
4218500 2850500 10 11 11  15.6 1014 260  5.8 7  9.5  86    0   86 366 -399  2
4218500 2850500 10 11 12  13.8 1014 296  5.1 7  9.4  90    0   73 362 -406  2
4218500 2850500 10 11 13  14.6 1015 266  3.8 6  9.4  93    0   90 356 -410  2
4218500 2850500 10 11 14  15.8 1015 255  4.4 6  9.6  89    1  140 352 -404  2
4218500 2850500 10 11 15  15.3 1015 297  3.6 6  9.2  83    0  102 349 -395  2
4218500 2850500 10 11 16  15.5 1016 273  5.1 7  8.6  79    0   71 349 -392  2
4218500 2850500 10 11 17  15.0 1016 277  4.1 6  7.9  74    2   47 344 -390  2
4218500 2850500 10 11 18  13.9 1016 225  3.9 6  7.5  73    0    7 334 -385  2
4218500 2850500 10 11 19  13.1 1016 269  3.7 5  7.1  73    0    0 323 -382  2
4218500 2850500 10 11 20  12.1 1017 269  3.2 5  6.9  76    0    0 314 -380  2
4218500 2850500 10 11 21  12.0 1017 267  2.9 3  7.3  84    0    0 302 -375  2
4218500 2850500 10 11 22  11.3 1018 276  3.7 3  7.6  90    0    0 293 -370  2
4218500 2850500 10 11 23  10.8 1018 270  3.6 2  7.5  91    0    0 287 -367  2
4218500 2850500 10 11 24  10.3 1018 259  3.2 2  7.1  89    0    0 281 -364  2
4218500 2850500 10 12  1   9.6 1018 287  4.3 3  6.6  87    0    0 283 -361  2
4218500 2850500 10 12  2   9.6 1018 266  4.1 2  6.3  84    0    0 282 -357  2
4218500 2850500 10 12  3   8.6 1018 261  3.7 3  6.0  84    0    0 280 -352  2
4218500 2850500 10 12  4   8.2 1018 271  3.7 2  5.9  86    0    0 278 -350  2
4218500 2850500 10 12  5   7.5 1018 264  3.8 1  5.8  88    0    0 266 -348  2
4218500 2850500 10 12  6   7.8 1018 260  4.1 2  5.7  88    0    0 265 -345  2
4218500 2850500 10 12  7   7.7 1018 263  3.7 4  5.7  88    1    7 283 -343  2
4218500 2850500 10 12  8   8.0 1019 269  4.3 3  5.8  88   56   42 288 -343  2
4218500 2850500 10 12  9   9.3 1019 273  4.4 2  5.9  85  160   65 278 -347  2
4218500 2850500 10 12 10  10.8 1019 287  5.2 2  6.1  80  315   64 275 -356  2
4218500 2850500 10 12 11  12.7 1021 280  5.9 1  6.3  74  395   68 274 -369  2
4218500 2850500 10 12 12  13.8 1021 272  6.7 2  6.5  69  361  105 278 -381  2
4218500 2850500 10 12 13  14.7 1021 291  6.6 3  6.3  63  184  194 293 -389  2
4218500 2850500 10 12 14  15.2 1021 285  7.9 3  5.9  56  129  189 298 -393  2
4218500 2850500 10 12 15  15.0 1020 289  6.5 5  5.6  52   98  155 308 -393  2
4218500 2850500 10 12 16  15.0 1020 296  4.8 5  5.5  52   52  105 317 -389  2
4218500 2850500 10 12 17  14.2 1021 285  4.5 7  5.7  56    6   46 328 -381  2
4218500 2850500 10 12 18  13.2 1021 270  3.8 6  5.8  60    0    0 330 -370  2
4218500 2850500 10 12 19  12.2 1021 269  3.7 4  5.8  64    0    0 310 -361  2
4218500 2850500 10 12 20  11.6 1021 270  3.7 4  5.9  68    0    0 297 -356  2
4218500 2850500 10 12 21  11.0 1021 272  3.7 4  5.9  71    0    0 304 -356  2
4218500 2850500 10 12 22  10.5 1021 275  3.6 4  5.9  74    0    0 300 -358  2
4218500 2850500 10 12 23   9.8 1021 277  3.8 4  5.9  78    0    0 289 -355  2
4218500 2850500 10 12 24   9.0 1021 279  4.0 5  5.9  82    0    0 301 -349  2
4218500 2850500 10 13  1   8.2 1004 278  4.2 6  5.9  87    0    0 319 -351  2
4218500 2850500 10 13  2   7.5 1004 278  4.4 6  5.9  91    0    0 313 -351  2
4218500 2850500 10 13  3   7.1 1004 276  4.5 7  5.9  94    0    0 319 -351  2
4218500 2850500 10 13  4   7.2 1004 277  4.3 7  6.0  94    0    0 319 -351  2
4218500 2850500 10 13  5   7.4 1005 278  4.2 7  6.0  94    0    0 324 -351  2
4218500 2850500 10 13  6   7.7 1006 281  3.7 8  6.1  94    0    0 329 -351  2
4218500 2850500 10 13  7   8.0 1007 287  4.8 7  6.3  95    0    3 325 -348  2
4218500 2850500 10 13  8   8.6 1008 273  4.6 7  6.4  93   29   40 322 -344  2
4218500 2850500 10 13  9   8.8 1009 273  5.9 6  6.4  91   83   89 318 -345  2
4218500 2850500 10 13 10  10.0 1010 289  5.5 5  6.4  87  173  114 309 -350  2
4218500 2850500 10 13 11  10.8 1010 282  5.4 5  6.3  80  148  168 303 -359  2
4218500 2850500 10 13 12  11.8 1011 275  5.7 5  6.2  74   52  195 303 -368  2
4218500 2850500 10 13 13  12.6 1011 294  5.0 5  6.1  69   82  191 303 -376  2
4218500 2850500 10 13 14  12.2 1011 291  4.5 4  5.8  64   58  169 300 -380  2
4218500 2850500 10 13 15  12.4 1012 288  4.2 4  5.6  63   86  137 296 -379  2
4218500 2850500 10 13 16  12.1 1012 276  4.2 5  5.7  64   13   89 301 -373  2
4218500 2850500 10 13 17  11.8 1012 273  3.8 5  5.9  68    7   42 306 -366  2
4218500 2850500 10 13 18  10.8 1013 267  3.5 5  6.3  76    0    3 305 -359  2
4218500 2850500 10 13 19   9.8 1013 221  2.4 3  6.5  83    0    0 294 -354  2
4218500 2850500 10 13 20   8.9 1013 206  2.3 2  6.4  88    0    0 278 -351  2
4218500 2850500 10 13 21   8.3 1013 192  2.7 0  6.3  91    0    0 263 -349  2
4218500 2850500 10 13 22   7.3 1013 199  3.1 2  6.1  93    0    0 264 -349  2
4218500 2850500 10 13 23   6.9 1013 189  2.7 2  5.9  94    0    0 272 -348  2
4218500 2850500 10 13 24   7.4 1012 206  3.4 5  5.8  92    0    0 287 -347  2
4218500 2850500 10 14  1   7.6 1012 208  3.7 6  5.7  89    0    0 305 -347  2
4218500 2850500 10 14  2   7.7 1011 194  3.7 7  5.8  88    0    0 315 -347  2
4218500 2850500 10 14  3   7.9 1010 195  3.8 7  5.9  89    0    0 323 -347  2
4218500 2850500 10 14  4   8.2 1010 188  4.3 5  5.9  88    0    0 318 -348  2
4218500 2850500 10 14  5   8.2 1009 189  4.3 4  5.9  88    0    0 307 -350  2
4218500 2850500 10 14  6   8.6 1009 193  4.1 6  6.0  87    0    0 313 -351  2
4218500 2850500 10 14  7   9.1 1008 209  5.0 7  6.1  86    0    1 332 -352  2
4218500 2850500 10 14  8   9.8 1008 211  5.5 8  6.5  87    0   26 346 -353  2
4218500 2850500 10 14  9  10.1 1008 213  5.7 8  6.9  90    0   49 355 -355  2
4218500 2850500 10 14 10  10.6 1008 212  5.8 8  7.2  91    0   64 359 -358  2
4218500 2850500 10 14 11  10.7 1008 206  5.2 7  7.5  93    0   76 355 -360  2
4218500 2850500 10 14 12  11.4 1008 206  5.3 7  7.8  94    0  102 352 -363  2
4218500 2850500 10 14 13  12.8 1008 218  5.4 6  8.1  92   15  196 351 -366  2
4218500 2850500 10 14 14  14.0 1007 213  5.1 7  8.5  88    1  128 356 -371  2
4218500 2850500 10 14 15  14.7 1007 219  5.7 7  8.7  85    0   67 365 -375  2
4218500 2850500 10 14 16  14.0 1006 218  6.0 8  8.9  87    0   22 371 -376  2
4218500 2850500 10 14 17  13.8 1006 213  5.9 8  9.1  91    0   12 376 -375  2
4218500 2850500 10 14 18  14.2 1006 215  6.3 8  9.2  91    0    0 377 -375  2
4218500 2850500 10 14 19  14.4 1007 225  5.2 8  9.2  90    0    0 378 -376  2
4218500 2850500 10 14 20  14.2 1007 222  5.3 8  9.2  89    0    0 377 -376  2
4218500 2850500 10 14 21  14.1 1008 222  5.5 8  9.3  92    0    0 377 -377  2
4218500 2850500 10 14 22  13.8 1008 254  4.7 8  9.6  95    0    0 377 -377  2
4218500 2850500 10 14 23  13.6 1009 283  4.1 7  9.2  93    0    0 368 -378  2
4218500 2850500 10 14 24  12.2 1010 276  4.1 5  8.4  89    0    0 346 -378  2
4218500 2850500 10 15  1  11.9 1011 286  4.4 6  7.9  89    0    0 336 -378  2
4218500 2850500 10 15  2  11.3 1011 290  4.9 5  7.6  89    0    0 334 -377  2
4218500 2850500 10 15  3  10.7 1012 268  4.6 4  7.4  90    0    0 316 -375  2
4218500 2850500 10 15  4   9.8 1012 255  3.5 2  7.0  89    0    0 292 -367  2
4218500 2850500 10 15  5   8.9 1013 247  3.8 1  6.7  91    0    0 267 -362  2
4218500 2850500 10 15  6   8.6 1012 235  3.9 1  6.5  92    0    0 255 -358  2
4218500 2850500 10 15  7   8.4 1012 247  3.7 1  6.5  94    0    2 251 -352  2
4218500 2850500 10 15  8   8.8 1012 257  3.5 2  6.6  94   44   41 255 -348  2
4218500 2850500 10 15  9  10.2 1014 252  4.0 2  6.7  90  153   75 264 -350  2
4218500 2850500 10 15 10  11.2 1014 259  5.3 1  6.7  84  265   87 259 -357  2
4218500 2850500 10 15 11  12.8 1014 258  5.7 1  6.7  77  348   95 257 -366  2
4218500 2850500 10 15 12  12.7 1013 250  7.1 3  6.5  71  137  198 275 -376  2
4218500 2850500 10 15 13  13.3 1013 260  6.4 3  6.2  66  111  198 289 -383  2
4218500 2850500 10 15 14  14.4 1012 255  7.1 2  6.0  60  151  172 285 -387  2
4218500 2850500 10 15 15  14.4 1012 266  5.0 5  5.8  57   86  142 299 -386  2
4218500 2850500 10 15 16  13.7 1011 259  4.5 5  5.9  59   34   94 318 -381  2
4218500 2850500 10 15 17  13.2 1011 250  3.6 7  6.2  64   10   40 329 -372  2
4218500 2850500 10 15 18  12.9 1011 263  4.7 6  6.5  69    0    1 333 -362  2
4218500 2850500 10 15 19  11.9 1011 275  4.6 4  6.5  72    0    0 313 -354  2
4218500 2850500 10 15 20  11.5 1012 274  5.0 3  6.1  71    0    0 292 -350  2
4218500 2850500 10 15 21  11.0 1012 270  5.2 2  5.8  70    0    0 279 -347  2
4218500 2850500 10 15 22   9.8 1013 286  3.8 3  5.8  74    0    0 276 -345  2
4218500 2850500 10 15 23   9.5 1013 270  3.7 3  5.7  77    0    0 280 -342  2
4218500 2850500 10 15 24   9.2 1013 262  3.9 1  5.8  79    0    0 266 -341  2
4218500 2850500 10 16  1   9.0 1013 283  4.1 0  5.9  82    0    0 247 -339  2
4218500 2850500 10 16  2   7.6 1014 272  3.7 0  5.8  85    0    0 237 -338  2
4218500 2850500 10 16  3   7.9 1014 275  3.4 0  5.7  87    0    0 234 -337  2
4218500 2850500 10 16  4   7.8 1015 271  3.3 1  5.7  87    0    0 238 -336  2
4218500 2850500 10 16  5   7.2 1015 276  3.2 2  5.8  90    0    0 246 -335  2
4218500 2850500 10 16  6   7.0 1016 277  3.0 4  5.8  92    0    0 258 -334  2
4218500 2850500 10 16  7   7.2 1016 278  3.2 6  5.7  92    0    1 279 -332  2
4218500 2850500 10 16  8   7.5 1016 262  3.0 6  5.8  92   19   40 292 -332  2
4218500 2850500 10 16  9   8.6 1016 251  2.6 5  6.0  90   96   88 289 -335  2
4218500 2850500 10 16 10   9.8 1017 252  2.6 4  6.1  85  180  120 282 -344  2
4218500 2850500 10 16 11  11.1 1017 235  2.9 5  5.9  75  211  156 285 -355  2
4218500 2850500 10 16 12  11.7 1017 261  3.1 6  5.5  66  189  192 300 -366  2
4218500 2850500 10 16 13  13.1 1017 231  3.0 5  5.4  60  191  189 302 -374  2
4218500 2850500 10 16 14  12.5 1016 205  2.8 5  5.2  56  160  174 297 -379  2
4218500 2850500 10 16 15  12.7 1015 192  3.5 5  5.0  55  112  143 296 -378  2
4218500 2850500 10 16 16  12.5 1014 191  4.0 5  5.2  57   59   96 297 -375  2
4218500 2850500 10 16 17  11.7 1013 178  2.6 6  5.4  62    9   40 303 -369  2
4218500 2850500 10 16 18  10.5 1013 160  2.5 6  5.6  68    0    1 307 -362  2
4218500 2850500 10 16 19   9.7 1012 157  3.1 5  5.7  74    0    0 301 -357  2
4218500 2850500 10 16 20   9.1 1011 157  2.9 4  5.7  78    0    0 291 -353  2
4218500 2850500 10 16 21   8.9 1010 157  3.4 4  5.7  79    0    0 286 -351  2
4218500 2850500 10 16 22   8.7 1009 181  4.3 5  5.7  80    0    0 291 -350  2
4218500 2850500 10 16 23   9.6 1008 192  4.0 5  5.9  81    0    0 299 -352  2
4218500 2850500 10 16 24  10.4 1008 204  3.4 7  6.2  80    0    0 313 -354  2
4218500 2850500 10 17  1  11.2 1007 211  4.4 7  6.6  81    0    0 327 -356  2
4218500 2850500 10 17  2  11.8 1006 207  4.4 7  7.1  83    0    0 330 -358  2
4218500 2850500 10 17  3  12.5 1005 213  4.5 7  7.5  84    0    0 334 -360  2
4218500 2850500 10 17  4  12.8 1004 220  5.2 6  7.8  84    0    0 332 -363  2
4218500 2850500 10 17  5  13.6 1004 201  4.3 6  8.0  84    0    0 330 -365  2
4218500 2850500 10 17  6  12.8 1003 194  4.1 5  8.2  86    0    0 327 -368  2
4218500 2850500 10 17  7  13.1 1003 198  5.3 7  8.2  87    0    0 334 -369  2
4218500 2850500 10 17  8  13.4 1002 208  5.9 7  8.3  86    2   32 347 -370  2
4218500 2850500 10 17  9  14.1 1002 211  5.4 6  8.4  84   26  100 344 -374  2
4218500 2850500 10 17 10  15.3 1002 206  6.8 3  8.4  80  154  141 326 -382  2
4218500 2850500 10 17 11  16.7 1001 215  7.4 3  8.6  75  211  169 315 -393  2
4218500 2850500 10 17 12  17.6 1000 211  8.0 3  8.6  69  268  172 318 -402  2
4218500 2850500 10 17 13  18.5 1000 215  7.4 3  8.6  65  254  178 320 -407  2
4218500 2850500 10 17 14  19.6  998 223  8.1 5  8.7  62  128  191 334 -408  2
4218500 2850500 10 17 15  19.4  998 218  9.0 5  8.8  61   69  152 345 -407  2
4218500 2850500 10 17 16  19.3  997 215  7.2 5  8.7  61   32   99 342 -405  2
4218500 2850500 10 17 17  18.0  996 215  6.5 6  8.4  62   11   41 349 -402  2
4218500 2850500 10 17 18  17.7  996 217  7.1 6  8.2  63    0    1 355 -397  2
4218500 2850500 10 17 19  17.4  996 215  6.5 7  8.3  65    0    0 360 -394  2
4218500 2850500 10 17 20  17.4  996 218  4.9 8  8.4  66    0    0 370 -392  2
4218500 2850500 10 17 21  17.3  995 211  5.4 8  8.5  68    0    0 375 -382  2
4218500 2850500 10 17 22  15.5  995 262  6.7 8  9.0  76    0    0 371 -370  2
4218500 2850500 10 17 23  13.2  996 269  7.5 8  8.3  80    0    0 362 -364  2
4218500 2850500 10 17 24  12.1  998 271  5.6 6  7.1  76    0    0 344 -357  2
4218500 2850500 10 18  1  11.2  998 262  4.9 3  6.6  76    0    0 312 -348  2
4218500 2850500 10 18  2  10.5 1000 237  4.7 1  6.4  78    0    0 280 -341  2
4218500 2850500 10 18  3   9.8 1000 239  5.5 1  6.3  81    0    0 266 -338  2
4218500 2850500 10 18  4   9.3 1001 230  5.1 0  6.2  82    0    0 258 -336  2
4218500 2850500 10 18  5   9.2 1001 229  5.0 1  6.0  81    0    0 256 -335  2
4218500 2850500 10 18  6   9.2 1001 231  5.6 3  5.9  80    0    0 269 -333  2
4218500 2850500 10 18  7   9.6 1002 245  6.4 7  6.0  81    0    0 297 -331  2
4218500 2850500 10 18  8  10.4 1003 273  6.1 7  6.1  79    0   17 316 -330  2
4218500 2850500 10 18  9   9.0 1004 283  4.7 7  6.2  82   23   81 314 -332  2
4218500 2850500 10 18 10   9.4 1006 296  6.9 6  6.1  83  138  101 306 -337  2
4218500 2850500 10 18 11  10.1 1007 290  7.0 5  5.7  76  109  149 296 -346  2
4218500 2850500 10 18 12  10.6 1008 279  7.7 4  5.2  66  146  157 285 -354  2
4218500 2850500 10 18 13  10.6 1009 294  7.0 3  4.8  60  199  134 273 -361  2
4218500 2850500 10 18 14  10.5 1010 284  6.8 4  4.5  57   69  147 270 -364  2
4218500 2850500 10 18 15  10.5 1010 276  6.0 4  4.4  55   94  112 273 -363  2
4218500 2850500 10 18 16  10.9 1011 287  4.9 4  4.3  54   74   71 273 -359  2
4218500 2850500 10 18 17  10.2 1011 275  3.8 3  4.3  54    1   29 267 -351  2
4218500 2850500 10 18 18   8.7 1012 279  3.5 4  4.4  59    0    0 264 -341  2
4218500 2850500 10 18 19   8.7 1011 294  2.8 4  4.6  65    0    0 266 -334  2
4218500 2850500 10 18 20   7.4 1012 277  2.6 3  4.7  69    0    0 260 -331  2
4218500 2850500 10 18 21   6.8 1012 254  2.5 1  4.7  74    0    0 244 -330  2
4218500 2850500 10 18 22   6.3 1013 267  2.9 0  4.6  77    0    0 228 -329  2
4218500 2850500 10 18 23   5.1 1013 268  2.5 0  4.5  79    0    0 222 -327  2
4218500 2850500 10 18 24   4.7 1013 252  2.0 0  4.4  83    0    0 219 -325  2
4218500 2850500 10 19  1   4.1 1013 255  2.3 0  4.4  85    0    0 217 -325  2
4218500 2850500 10 19  2   2.9 1013 238  1.7 0  4.3  88    0    0 215 -324  2
4218500 2850500 10 19  3   2.8 1014 244  1.2 0  4.2  90    0    0 214 -322  2
4218500 2850500 10 19  4   2.6 1014 239  2.2 0  4.1  90    0    0 214 -321  2
4218500 2850500 10 19  5   2.2 1013 241  1.1 0  4.1  91    0    0 214 -319  2
4218500 2850500 10 19  6   2.1 1013 214  1.2 1  4.1  93    0    0 216 -318  2
4218500 2850500 10 19  7   1.5 1013 208  2.2 1  4.1  94    0    0 219 -316  2
4218500 2850500 10 19  8   1.7 1013 192  1.9 0  4.0  94   35   33 215 -316  2
4218500 2850500 10 19  9   3.8 1014 189  2.0 0  4.2  91  143   60 211 -320  2
4218500 2850500 10 19 10   6.3 1014 171  1.9 0  4.5  83  260   67 216 -329  2
4218500 2850500 10 19 11   8.3 1014 198  2.8 0  4.7  74  328   78 222 -340  2
4218500 2850500 10 19 12   9.7 1013 196  3.0 0  4.7  66  376   76 225 -350  2
4218500 2850500 10 19 13  10.5 1014 204  3.2 1  4.5  59  369   79 234 -359  2
4218500 2850500 10 19 14  11.2 1013 199  2.8 1  4.1  51  312   83 241 -363  2
4218500 2850500 10 19 15  11.5 1012 179  3.2 1  3.7  44  162  108 242 -363  2
4218500 2850500 10 19 16  11.1 1012 187  3.6 3  3.7  44   44   86 252 -359  2
4218500 2850500 10 19 17  10.1 1011 181  3.2 2  3.9  49    3   29 257 -350  2
4218500 2850500 10 19 18   9.3 1011 175  2.1 1  4.2  56    0    0 245 -341  2
4218500 2850500 10 19 19   8.2 1010 168  3.1 1  4.4  63    0    0 237 -334  2
4218500 2850500 10 19 20   6.9 1010 172  2.4 0  4.6  70    0    0 227 -330  2
4218500 2850500 10 19 21   6.3 1010 179  2.3 0  4.5  75    0    0 218 -328  2
4218500 2850500 10 19 22   5.4 1009 194  3.4 0  4.5  78    0    0 215 -327  2
4218500 2850500 10 19 23   5.4 1009 214  2.6 0  4.6  82    0    0 214 -327  2
4218500 2850500 10 19 24   4.9 1009 227  2.1 2  4.6  84    0    0 226 -328  2
4218500 2850500 10 20  1   4.3 1009 229  3.1 1  4.5  86    0    0 232 -330  2
4218500 2850500 10 20  2   4.3 1009 233  3.0 2  4.6  89    0    0 232 -332  2
4218500 2850500 10 20  3   4.5 1008 239  2.7 5  4.7  89    0    0 251 -334  2
4218500 2850500 10 20  4   4.9 1008 235  3.5 6  4.7  88    0    0 270 -334  2
4218500 2850500 10 20  5   5.2 1008 248  3.6 6  4.8  87    0    0 277 -335  2
4218500 2850500 10 20  6   4.2 1008 239  3.2 4  4.8  89    0    0 268 -335  2
4218500 2850500 10 20  7   4.3 1008 227  3.6 4  4.8  92    0    0 259 -331  2
4218500 2850500 10 20  8   4.6 1008 234  4.1 5  4.8  91    4   30 265 -328  2
4218500 2850500 10 20  9   5.8 1008 241  4.9 7  4.8  87   24   91 283 -329  2
4218500 2850500 10 20 10   6.5 1008 246  4.6 8  5.0  85    4  106 300 -334  2
4218500 2850500 10 20 11   7.0 1008 251  5.7 6  5.3  86   10  145 299 -342  2
4218500 2850500 10 20 12   7.7 1009 262  5.5 6  5.4  84    2  133 293 -351  2
4218500 2850500 10 20 13   8.7 1009 281  6.7 6  5.1  75    0  104 294 -357  2
4218500 2850500 10 20 14   9.3 1010 270  6.3 7  4.9  68   31  160 298 -358  2
4218500 2850500 10 20 15   8.0 1010 287  5.4 5  4.8  69   64  141 291 -357  2
4218500 2850500 10 20 16   8.8 1010 297  6.6 5  4.8  70    6   75 281 -355  2
4218500 2850500 10 20 17   8.2 1011 273  5.2 3  4.7  68    0   24 274 -351  2
4218500 2850500 10 20 18   7.4 1012 264  4.4 2  4.6  70    0    0 262 -345  2
4218500 2850500 10 20 19   6.7 1013 276  4.2 1  4.7  75    0    0 253 -339  2
4218500 2850500 10 20 20   6.1 1014 264  3.9 1  4.7  78    0    0 246 -335  2
4218500 2850500 10 20 21   5.8 1014 271  4.4 0  4.6  80    0    0 239 -331  2
4218500 2850500 10 20 22   5.5 1015 275  4.3 0  4.6  82    0    0 231 -328  2
4218500 2850500 10 20 23   5.1 1016 268  3.8 0  4.6  83    0    0 228 -326  2
4218500 2850500 10 20 24   4.0 1016 244  3.7 0  4.5  85    0    0 225 -324  2
4218500 2850500 10 21  1   3.3 1017 238  3.5 0  4.3  88    0    0 224 -322  2
4218500 2850500 10 21  2   2.8 1017 253  3.1 0  4.2  89    0    0 223 -320  2
4218500 2850500 10 21  3   2.6 1017 239  3.0 0  4.1  90    0    0 222 -318  2
4218500 2850500 10 21  4   2.2 1017 226  3.2 0  4.0  90    0    0 220 -318  2
4218500 2850500 10 21  5   2.1 1017 180  2.3 2  4.0  90    0    0 225 -320  2
4218500 2850500 10 21  6   2.4 1017 198  3.0 5  4.0  90    0    0 245 -323  2
4218500 2850500 10 21  7   3.1 1017 189  4.1 6  4.2  90    0    0 263 -328  2
4218500 2850500 10 21  8   3.6 1016 192  4.1 7  4.3  90   12   40 274 -331  2
4218500 2850500 10 21  9   4.5 1016 189  3.4 6  4.5  89   26  101 275 -334  2
4218500 2850500 10 21 10   6.0 1016 184  4.1 7  4.7  85    8  124 279 -341  2
4218500 2850500 10 21 11   7.3 1015 190  4.6 6  5.0  83   71  208 285 -350  2
4218500 2850500 10 21 12   9.6 1015 198  6.0 6  5.4  79  127  245 286 -360  2
4218500 2850500 10 21 13  11.4 1015 192  6.7 6  5.6  71   71  226 294 -367  2
4218500 2850500 10 21 14  12.4 1014 196  6.7 7  5.6  65   22  165 307 -372  2
4218500 2850500 10 21 15  12.4 1013 200  6.5 7  5.4  60    2  100 317 -374  2
4218500 2850500 10 21 16  12.4 1012 197  6.1 8  5.1  57    0   55 325 -373  2
4218500 2850500 10 21 17  12.1 1011 198  5.9 8  5.0  57    0   11 334 -371  2
4218500 2850500 10 21 18  12.0 1011 204  5.0 8  5.1  58    0    0 335 -368  2
4218500 2850500 10 21 19  12.1 1010 210  5.0 8  5.2  60    0    0 337 -366  2
4218500 2850500 10 21 20  12.0 1010 218  4.4 8  5.3  61    0    0 340 -365  2
4218500 2850500 10 21 21  10.1 1011 225  3.7 8  5.8  71    0    0 341 -363  2
4218500 2850500 10 21 22   9.6 1011 220  5.6 8  6.4  84    0    0 341 -361  2
4218500 2850500 10 21 23  10.6 1011 224  5.0 8  6.4  83    0    0 344 -358  2
4218500 2850500 10 21 24  11.1 1011 223  5.3 8  6.2  77    0    0 348 -355  2
4218500 2850500 10 22  1  11.6 1011 242  5.9 8  6.3  75    0    0 350 -354  2
4218500 2850500 10 22  2  11.9 1011 227  5.6 8  6.3  74    0    0 353 -354  2
4218500 2850500 10 22  3  12.1 1012 227  5.8 8  6.5  74    0    0 356 -355  2
4218500 2850500 10 22  4  12.2 1012 230  5.6 8  6.7  75    0    0 358 -355  2
4218500 2850500 10 22  5  12.1 1012 237  5.4 8  6.8  77    0    0 360 -356  2
4218500 2850500 10 22  6  12.1 1013 224  5.1 8  6.9  78    0    0 361 -357  2
4218500 2850500 10 22  7  12.5 1013 231  4.6 8  6.9  77    0    0 361 -357  2
4218500 2850500 10 22  8  12.5 1014 230  5.1 8  7.0  77    7   31 362 -357  2
4218500 2850500 10 22  9  12.9 1014 230  5.6 8  7.1  77   20   87 362 -358  2
4218500 2850500 10 22 10  13.3 1015 228  5.0 7  7.1  75   54  144 356 -361  2
4218500 2850500 10 22 11  14.5 1015 224  5.2 7  7.2  73   52  180 354 -365  2
4218500 2850500 10 22 12  15.2 1015 232  5.0 6  7.6  72   63  200 353 -369  2
4218500 2850500 10 22 13  15.6 1015 223  5.7 7  7.9  72    2  130 356 -374  2
4218500 2850500 10 22 14  15.2 1016 225  6.0 7  7.9  73    0  106 360 -381  2
4218500 2850500 10 22 15  15.2 1016 233  5.3 7  7.9  74    8  111 358 -383  2
4218500 2850500 10 22 16  15.1 1016 227  5.3 7  8.0  75    3   65 358 -381  2
4218500 2850500 10 22 17  15.2 1015 218  4.5 7  8.1  75    0   12 358 -377  2
4218500 2850500 10 22 18  14.9 1015 224  4.2 6  8.1  76    0    0 353 -375  2
4218500 2850500 10 22 19  14.6 1016 236  4.3 7  8.1  77    0    0 352 -373  2
4218500 2850500 10 22 20  14.5 1016 228  4.6 7  8.1  78    0    0 355 -372  2
4218500 2850500 10 22 21  14.0 1016 230  4.6 5  8.0  79    0    0 346 -370  2
4218500 2850500 10 22 22  13.2 1016 232  4.4 5  7.9  81    0    0 339 -368  2
4218500 2850500 10 22 23  13.5 1017 231  4.3 6  8.0  84    0    0 342 -366  2
4218500 2850500 10 22 24  13.3 1017 209  3.9 5  8.1  84    0    0 340 -363  2
4218500 2850500 10 23  1  12.8 1016 214  3.9 3  8.0  85    0    0 327 -360  2
4218500 2850500 10 23  2  11.9 1016 214  4.1 2  7.8  88    0    0 312 -359  2
4218500 2850500 10 23  3  11.8 1016 196  3.7 3  7.8  90    0    0 309 -357  2
4218500 2850500 10 23  4  11.4 1015 189  4.5 1  7.8  91    0    0 303 -356  2
4218500 2850500 10 23  5  11.3 1014 199  3.9 2  7.7  91    0    0 297 -358  2
4218500 2850500 10 23  6  11.5 1014 195  4.1 4  7.6  90    0    0 308 -361  2
4218500 2850500 10 23  7  11.9 1013 198  5.3 4  7.6  88    0    0 317 -364  2
4218500 2850500 10 23  8  12.6 1012 198  6.0 5  7.4  84   14   32 323 -366  2
4218500 2850500 10 23  9  13.6 1012 195  6.3 5  7.1  76   86   85 329 -369  2
4218500 2850500 10 23 10  15.2 1012 200  7.2 5  7.1  69  112  135 333 -373  2
4218500 2850500 10 23 11  16.4 1011 204  7.2 7  7.0  62   85  179 341 -381  2
4218500 2850500 10 23 12  17.4 1010 206  7.3 6  6.9  57  152  195 346 -390  2
4218500 2850500 10 23 13  17.9 1009 211  6.6 6  7.0  55  116  196 348 -396  2
4218500 2850500 10 23 14  17.9 1009 218  6.8 6  7.2  56   42  156 351 -400  2
4218500 2850500 10 23 15  17.6 1008 219  6.8 7  7.5  59    3   95 353 -401  2
4218500 2850500 10 23 16  17.0 1008 218  6.5 6  7.8  63   17   79 353 -399  2
4218500 2850500 10 23 17  16.6 1007 214  6.7 7  7.9  66    1   24 353 -395  2
4218500 2850500 10 23 18  16.4 1007 212  6.5 8  7.9  67    0    0 356 -391  2
4218500 2850500 10 23 19  16.4 1007 209  5.7 8  7.9  67    0    0 360 -389  2
4218500 2850500 10 23 20  16.1 1006 215  5.1 8  7.8  67    0    0 361 -387  2
4218500 2850500 10 23 21  15.6 1006 226  4.5 8  7.9  69    0    0 362 -384  2
4218500 2850500 10 23 22  15.2 1006 239  5.3 8  8.1  74    0    0 363 -379  2
4218500 2850500 10 23 23  14.6 1006 247  4.7 8  8.3  78    0    0 364 -375  2
4218500 2850500 10 23 24  13.8 1006 235  4.4 8  8.7  85    0    0 364 -373  2
4218500 2850500 10 24  1  13.1 1006 232  3.8 8  8.9  92    0    0 362 -373  2
4218500 2850500 10 24  2  13.0 1006 242  3.4 8  8.9  94    0    0 361 -372  2
4218500 2850500 10 24  3  12.8 1006 225  3.1 8  8.9  95    0    0 361 -371  2
4218500 2850500 10 24  4  12.7 1006 222  2.7 7  8.9  96    0    0 355 -371  2
4218500 2850500 10 24  5  12.5 1006 210  2.6 8  8.8  96    0    0 357 -370  2
4218500 2850500 10 24  6  12.3 1006 213  2.1 8  8.7  96    0    0 363 -370  2
4218500 2850500 10 24  7  12.5 1006 213  2.5 8  8.7  96    0    0 361 -370  2
4218500 2850500 10 24  8  12.4 1006 210  2.6 8  8.7  96    1   19 359 -371  2
4218500 2850500 10 24  9  12.4 1006 243  3.0 6  8.7  96   26   71 347 -371  2
4218500 2850500 10 24 10  12.5 1007 280  2.9 6  8.8  97   17  111 336 -371  2
4218500 2850500 10 24 11  12.7 1006 284  2.6 8  8.9  97    0   81 345 -374  2
4218500 2850500 10 24 12  13.0 1006 259  3.0 8  9.0  96    0   69 354 -378  2
4218500 2850500 10 24 13  13.1 1006 253  4.3 7  9.0  95    0   98 348 -380  2
4218500 2850500 10 24 14  13.5 1006 246  6.1 7  8.8  92    0   57 343 -381  2
4218500 2850500 10 24 15  12.6 1006 240  3.6 7  8.5  90    0   72 342 -380  2
4218500 2850500 10 24 16  13.5 1005 215  3.2 5  8.3  87   19   67 329 -375  2
4218500 2850500 10 24 17  12.3 1004 197  3.2 2  7.9  84    7   22 301 -368  2
4218500 2850500 10 24 18  11.5 1004 175  3.6 3  7.8  88    0    0 287 -361  2
4218500 2850500 10 24 19  10.7 1003 169  4.2 2  7.7  93    0    0 284 -358  2
4218500 2850500 10 24 20  10.3 1001 166  4.3 2  7.4  92    0    0 277 -357  2
4218500 2850500 10 24 21  10.4 1000 176  4.5 3  6.9  87    0    0 281 -357  2
4218500 2850500 10 24 22   9.9  998 170  6.0 6  6.6  84    0    0 300 -357  2
4218500 2850500 10 24 23   9.8  996 166  6.2 7  6.3  82    0    0 321 -357  2
4218500 2850500 10 24 24   9.8  993 161  6.7 8  6.1  79    0    0 334 -357  2
4218500 2850500 10 25  1   9.8  990 169  7.8 8  6.0  78    0    0 343 -357  2
4218500 2850500 10 25  2   9.1  988 168  7.1 8  6.3  83    0    0 344 -358  2
4218500 2850500 10 25  3   8.8  985 168  8.0 8  6.6  91    0    0 346 -359  2
4218500 2850500 10 25  4   9.5  983 192  7.2 8  7.0  94    0    0 348 -362  2
4218500 2850500 10 25  5   9.7  981 186  6.5 8  7.3  95    0    0 352 -365  2
4218500 2850500 10 25  6  10.2  980 188  6.3 8  7.6  96    0    0 354 -368  2
4218500 2850500 10 25  7  10.7  979 191  5.3 6  7.8  96    0    0 346 -369  2
4218500 2850500 10 25  8  10.7  979 206  5.8 6  8.0  96    7   36 336 -368  2
4218500 2850500 10 25  9  11.5  980 200  5.7 6  7.9  92   10   85 336 -367  2
4218500 2850500 10 25 10  12.4  980 216  7.2 6  7.5  83    5  115 338 -367  2
4218500 2850500 10 25 11  13.1  980 226  8.1 7  7.3  76    2  124 343 -370  2
4218500 2850500 10 25 12  12.6  980 236  7.8 8  7.3  76    0   52 352 -370  2
4218500 2850500 10 25 13  12.7  981 239  9.1 8  7.0  74    0   40 354 -368  2
4218500 2850500 10 25 14  11.6  982 254  8.6 8  6.9  75    0   38 350 -365  2
4218500 2850500 10 25 15  11.4  983 255  9.3 8  6.9  78    0   40 346 -362  2
4218500 2850500 10 25 16  11.2  984 258  9.3 7  6.5  76    0   41 338 -359  2
4218500 2850500 10 25 17  10.2  985 244  8.1 8  6.5  78    0   15 334 -356  2
4218500 2850500 10 25 18   9.6  986 252  7.3 8  6.7  85    0    0 336 -353  2
4218500 2850500 10 25 19   9.2  988 241  6.1 6  6.6  88    0    0 325 -352  2
4218500 2850500 10 25 20   9.5  989 239  6.2 4  6.3  84    0    0 306 -350  2
4218500 2850500 10 25 21   9.3  990 245  6.4 3  5.9  78    0    0 289 -349  2
4218500 2850500 10 25 22   9.3  991 238  5.1 3  5.5  74    0    0 284 -347  2
4218500 2850500 10 25 23   8.8  991 235  5.8 3  5.5  75    0    0 282 -345  2
4218500 2850500 10 25 24   8.7  991 234  5.0 5  5.5  76    0    0 290 -343  2
4218500 2850500 10 26  1   8.6  992 245  5.0 3  5.4  75    0    0 287 -342  2
4218500 2850500 10 26  2   8.5  992 238  5.2 3  5.3  74    0    0 276 -341  2
4218500 2850500 10 26  3   8.2  993 239  4.2 2  5.3  75    0    0 270 -341  2
4218500 2850500 10 26  4   7.6  993 248  5.4 2  5.2  77    0    0 262 -340  2
4218500 2850500 10 26  5   7.2  994 246  5.3 1  5.1  78    0    0 256 -339  2
4218500 2850500 10 26  6   6.7  995 246  4.7 2  5.0  79    0    0 255 -338  2
4218500 2850500 10 26  7   6.3  995 237  4.9 3  5.0  81    0    0 264 -338  2
4218500 2850500 10 26  8   6.4  996 239  5.5 4  5.0  82    8   23 271 -338  2
4218500 2850500 10 26  9   7.5  997 254  5.5 5  5.1  80   63   67 280 -339  2
4218500 2850500 10 26 10   8.1  998 262  5.9 7  5.2  77   35  114 296 -341  2
4218500 2850500 10 26 11   8.4  999 259  6.7 8  5.2  75    0   86 310 -344  2
4218500 2850500 10 26 12   8.7  999 260  5.8 7  5.1  72    7  132 310 -347  2
4218500 2850500 10 26 13  10.0  999 269  6.0 3  5.0  67  143  147 292 -350  2
4218500 2850500 10 26 14  10.0 1000 267  7.1 3  4.8  62  114  129 274 -352  2
4218500 2850500 10 26 15  10.8 1000 267  6.4 4  4.6  58  118   95 279 -352  2
4218500 2850500 10 26 16  10.2 1000 259  5.9 2  4.5  56   69   61 275 -348  2
4218500 2850500 10 26 17   9.3 1000 234  4.9 3  4.4  58    8   21 267 -342  2
4218500 2850500 10 26 18   8.4 1001 224  3.9 4  4.6  65    0    0 271 -336  2
4218500 2850500 10 26 19   8.0 1001 212  3.2 6  4.9  71    0    0 281 -334  2
4218500 2850500 10 26 20   7.2 1001 256  2.8 8  5.0  77    0    0 297 -333  2
4218500 2850500 10 26 21   6.4 1002 254  2.6 8  5.2  84    0    0 305 -331  2
4218500 2850500 10 26 22   6.6 1002 234  3.8 8  5.4  88    0    0 303 -330  2
4218500 2850500 10 26 23   6.4 1002 237  2.8 7  5.3  87    0    0 300 -331  2
4218500 2850500 10 26 24   6.3 1001 249  3.5 8  5.3  88    0    0 301 -332  2
4218500 2850500 10 27  1   6.7 1002 272  4.2 8  5.4  89    0    0 305 -332  2
4218500 2850500 10 27  2   6.7 1003 284  4.9 8  5.5  89    0    0 307 -333  2
4218500 2850500 10 27  3   6.2 1003 279  4.9 7  5.3  88    0    0 302 -333  2
4218500 2850500 10 27  4   5.5 1003 266  4.3 7  5.1  87    0    0 296 -331  2
4218500 2850500 10 27  5   5.4 1004 261  4.9 7  4.9  87    0    0 294 -330  2
4218500 2850500 10 27  6   5.4 1005 262  4.1 6  4.9  87    0    0 291 -330  2
4218500 2850500 10 27  7   5.4 1005 253  4.0 6  4.9  87    0    0 287 -332  2
4218500 2850500 10 27  8   4.8 1006 222  3.5 4  4.9  88   15   27 275 -333  2
4218500 2850500 10 27  9   5.2 1006 229  4.6 2  4.8  88   85   71 253 -335  2
4218500 2850500 10 27 10   6.5 1006 224  5.3 4  4.8  84  118  115 257 -338  2
4218500 2850500 10 27 11   7.8 1006 222  6.4 6  4.9  78   94  159 285 -343  2
4218500 2850500 10 27 12   8.7 1007 215  7.3 7  5.0  74  116  174 308 -348  2
4218500 2850500 10 27 13   9.3 1006 218  8.2 8  5.1  70   51  163 323 -352  2
4218500 2850500 10 27 14   9.1 1004 217  8.1 8  5.1  70    0   94 332 -352  2
4218500 2850500 10 27 15   7.1 1003 205  7.4 8  5.3  78    0   47 331 -351  2
4218500 2850500 10 27 16   6.3 1002 197  7.0 8  5.5  90    0   20 331 -351  2
4218500 2850500 10 27 17   6.8 1001 204  6.8 8  5.8  94    0    0 334 -352  2
4218500 2850500 10 27 18   7.7 1000 218  7.5 8  6.1  95    0    0 340 -352  2
4218500 2850500 10 27 19   8.9  999 219  8.1 8  6.4  92    0    0 343 -354  2
4218500 2850500 10 27 20   9.7  997 218  8.8 8  6.8  91    0    0 347 -355  2
4218500 2850500 10 27 21  10.6  997 226  9.5 8  6.9  87    0    0 350 -355  2
4218500 2850500 10 27 22  10.9  996 229  9.8 8  6.7  82    0    0 351 -355  2
4218500 2850500 10 27 23  11.4  995 224 10.8 8  6.7  80    0    0 351 -355  2
4218500 2850500 10 27 24  12.0  994 228 10.6 8  6.9  79    0    0 351 -356  2
4218500 2850500 10 28  1  12.6  993 237 10.4 8  7.0  77    0    0 352 -356  2
4218500 2850500 10 28  2  11.8  991 261  9.3 8  7.3  80    0    0 353 -357  2
4218500 2850500 10 28  3  11.0  992 250  5.7 8  7.6  88    0    0 352 -357  2
4218500 2850500 10 28  4  10.2  992 213  5.3 8  7.5  92    0    0 350 -358  2
4218500 2850500 10 28  5  10.0  991 230  4.4 8  7.4  94    0    0 350 -358  2
4218500 2850500 10 28  6   9.6  990 213  3.8 8  7.4  95    0    0 350 -359  2
4218500 2850500 10 28  7   9.1  988 175  4.5 8  7.2  96    0    0 350 -359  2
4218500 2850500 10 28  8  11.2  986 230 11.0 8  7.7  96    0   17 353 -359  2
4218500 2850500 10 28  9  12.9  983 223 15.1 7  8.0  88    4   69 351 -359  2
4218500 2850500 10 28 10  12.2  981 281 11.2 7  7.9  85    0   51 346 -359  2
4218500 2850500 10 28 11  10.8  984 260  7.4 7  7.8  89    0   57 341 -360  2
4218500 2850500 10 28 12  10.4  984 252  6.7 7  7.1  87    0   49 335 -363  2
4218500 2850500 10 28 13  10.2  984 258  7.2 8  7.0  86    0   30 339 -361  2
4218500 2850500 10 28 14  10.0  984 254  5.1 7  7.0  88    0   54 338 -358  2
4218500 2850500 10 28 15  10.0  984 262  7.3 7  6.9  88    0   40 330 -358  2
4218500 2850500 10 28 16  10.5  984 265  9.2 7  6.6  82    0   22 329 -356  2
4218500 2850500 10 28 17  10.3  985 266  9.6 4  6.1  75    0    9 311 -352  2
4218500 2850500 10 28 18  10.1  986 274  8.4 4  5.9  74    0    0 289 -350  2
4218500 2850500 10 28 19   9.9  987 278  7.1 6  5.7  73    0    0 300 -349  2
4218500 2850500 10 28 20   9.6  989 267  7.4 6  5.5  71    0    0 311 -347  2
4218500 2850500 10 28 21   9.5  989 262  7.0 4  5.3  70    0    0 297 -345  2
4218500 2850500 10 28 22   9.2  990 265  6.6 2  5.1  69    0    0 272 -346  2
4218500 2850500 10 28 23   9.1  991 254  6.0 2  5.1  69    0    0 260 -346  2
4218500 2850500 10 28 24   9.3  991 250  6.4 3  5.2  71    0    0 267 -346  2
4218500 2850500 10 29  1   8.7  991 246  6.6 2  5.4  73    0    0 267 -346  2
4218500 2850500 10 29  2   8.6  991 243  6.5 0  5.2  74    0    0 246 -346  2
4218500 2850500 10 29  3   8.1  991 234  6.9 0  5.3  75    0    0 232 -347  2
4218500 2850500 10 29  4   7.7  991 225  6.0 5  5.3  78    0    0 263 -347  2
4218500 2850500 10 29  5   8.8  990 239  7.2 7  5.3  77    0    0 308 -347  2
4218500 2850500 10 29  6   9.6  990 254  7.6 7  5.3  72    0    0 322 -347  2
4218500 2850500 10 29  7   9.2  991 248  6.4 7  5.3  71    0    0 323 -347  2
4218500 2850500 10 29  8   9.3  991 245  5.9 7  5.3  72    0   16 322 -346  2
4218500 2850500 10 29  9   9.6  991 236  7.9 7  5.5  74    4   55 322 -347  2
4218500 2850500 10 29 10   8.9  991 262  7.8 5  5.8  78   17  104 309 -349  2
4218500 2850500 10 29 11   7.9  991 250  5.9 6  5.9  84   12  125 302 -351  2
4218500 2850500 10 29 12   7.5  991 273  4.8 6  5.9  88   18  142 305 -352  2
4218500 2850500 10 29 13   9.4  992 266  7.4 6  6.1  86   39  146 307 -352  2
4218500 2850500 10 29 14  10.8  992 265  8.2 8  5.9  75    0   42 322 -352  2
4218500 2850500 10 29 15  10.3  992 267  8.4 8  5.5  68    0   51 332 -351  2
4218500 2850500 10 29 16  10.3  993 266  8.8 4  5.3  67   14   62 311 -348  2
4218500 2850500 10 29 17  10.1  993 263  9.1 5  5.2  65    1   18 297 -346  2
4218500 2850500 10 29 18   8.9  994 263  9.5 5  5.2  69    0    0 299 -343  2
4218500 2850500 10 29 19   8.4  995 266  8.8 5  5.2  74    0    0 297 -341  2
4218500 2850500 10 29 20   8.5  996 259  8.1 7  5.2  74    0    0 306 -340  2
4218500 2850500 10 29 21   8.0  997 258  9.0 7  5.3  76    0    0 315 -339  2
4218500 2850500 10 29 22   7.9  997 268  8.6 8  5.4  80    0    0 318 -339  2
4218500 2850500 10 29 23   7.9  998 269  8.7 7  5.4  80    0    0 317 -339  2
4218500 2850500 10 29 24   7.4  999 260  8.4 5  5.2  79    0    0 300 -337  2
4218500 2850500 10 30  1   7.6  999 268  8.1 4  5.2  79    0    0 285 -336  2
4218500 2850500 10 30  2   7.8 1000 254  8.4 5  5.1  77    0    0 286 -336  2
4218500 2850500 10 30  3   7.4 1000 252  7.9 5  4.9  75    0    0 290 -336  2
4218500 2850500 10 30  4   7.2 1000 258  7.4 6  4.8  74    0    0 293 -337  2
4218500 2850500 10 30  5   6.8 1000 248  8.9 7  4.7  74    0    0 303 -338  2
4218500 2850500 10 30  6   6.4 1000 255  8.5 7  4.6  75    0    0 307 -338  2
4218500 2850500 10 30  7   6.3 1000 257  7.8 6  4.6  76    0    0 303 -338  2
4218500 2850500 10 30  8   6.0  999 260  7.6 5  4.6  77    4   23 291 -338  2
4218500 2850500 10 30  9   6.2  999 243  7.8 4  4.6  77   25   77 279 -339  2
4218500 2850500 10 30 10   7.2  999 252  7.2 5  4.7  76   90  125 280 -341  2
4218500 2850500 10 30 11   7.9  999 251  8.6 5  4.8  73   37  152 288 -344  2
4218500 2850500 10 30 12   7.1  999 236  7.5 6  5.0  76    5  133 294 -347  2
4218500 2850500 10 30 13   7.1  998 261  5.3 7  5.3  83    0  112 306 -350  2
4218500 2850500 10 30 14   6.4  997 250  6.2 7  5.5  88    0  102 311 -350  2
4218500 2850500 10 30 15   5.8  997 280  4.6 7  5.3  90    0   54 309 -348  2
4218500 2850500 10 30 16   5.8  997 278  5.0 7  5.2  90    0   41 307 -344  2
4218500 2850500 10 30 17   5.6  997 279  6.2 7  5.1  89    0    5 305 -338  2
4218500 2850500 10 30 18   5.3  998 257  5.6 6  5.1  89    0    0 298 -333  2
4218500 2850500 10 30 19   5.6  998 274  6.2 6  5.0  89    0    0 292 -329  2
4218500 2850500 10 30 20   5.8  999 266  6.9 6  5.1  88    0    0 293 -329  2
4218500 2850500 10 30 21   5.9  999 278  7.9 7  5.0  86    0    0 297 -331  2
4218500 2850500 10 30 22   5.8  999 277  7.3 6  5.0  85    0    0 297 -331  2
4218500 2850500 10 30 23   5.6 1000 270  7.2 7  4.9  85    0    0 296 -331  2
4218500 2850500 10 30 24   5.8 1000 270  8.0 7  4.9  84    0    0 301 -333  2
4218500 2850500 10 31  1   6.1 1001 279  6.8 7  4.9  84    0    0 301 -334  2
4218500 2850500 10 31  2   6.4 1001 271  7.4 7  4.9  82    0    0 300 -335  2
4218500 2850500 10 31  3   6.3 1001 265  6.9 8  5.0  82    0    0 305 -334  2
4218500 2850500 10 31  4   6.4 1001 267  6.9 7  5.0  83    0    0 305 -333  2
4218500 2850500 10 31  5   6.5 1001 260  7.5 7  4.9  81    0    0 300 -334  2
4218500 2850500 10 31  6   6.1 1001 252  8.0 7  4.9  82    0    0 299 -334  2
4218500 2850500 10 31  7   6.2 1001 257  7.9 8  4.9  82    0    0 306 -331  2
4218500 2850500 10 31  8   6.2 1001 255  7.6 7  4.7  79    0   18 307 -331  2
4218500 2850500 10 31  9   6.4 1001 251  7.8 7  4.7  78    7   69 302 -333  2
4218500 2850500 10 31 10   6.7 1002 258  8.3 7  4.7  77    4  100 304 -337  2
4218500 2850500 10 31 11   6.7 1002 251  8.6 5  4.8  77   30  158 293 -340  2
4218500 2850500 10 31 12   7.1 1002 262  8.0 6  4.8  77    3  131 287 -344  2
4218500 2850500 10 31 13   7.7 1002 256  8.1 5  4.8  74    0  104 288 -347  2
4218500 2850500 10 31 14   7.8 1001 254  7.8 6  4.9  73    0  100 289 -349  2
4218500 2850500 10 31 15   7.3 1001 259  6.9 6  5.0  77    0   66 295 -349  2
4218500 2850500 10 31 16   7.5 1001 255  6.0 6  5.0  78    0   41 294 -347  2
4218500 2850500 10 31 17   6.7 1000 238  5.1 6  5.1  80    0   13 293 -344  2
4218500 2850500 10 31 18   6.5 1000 243  5.6 5  5.1  83    0    0 283 -342  2
4218500 2850500 10 31 19   6.2 1000 230  4.3 7  5.0  82    0    0 287 -340  2
4218500 2850500 10 31 20   6.1 1000 232  4.5 7  5.0  84    0    0 302 -339  2
4218500 2850500 10 31 21   5.7  999 222  3.6 6  5.0  86    0    0 293 -339  2
4218500 2850500 10 31 22   5.4  998 213  3.3 6  5.0  87    0    0 282 -339  2
4218500 2850500 10 31 23   5.5  998 215  3.7 6  4.9  86    0    0 279 -339  2
4218500 2850500 10 31 24   4.6  997 198  3.4 7  4.7  86    0    0 290 -340  2
4218500 2850500 11  1  1   4.2  994 187  3.4 7  4.5  87    0    0 306 -341  2
4218500 2850500 11  1  2   3.8  994 185  3.0 7  4.5  88    0    0 304 -341  2
4218500 2850500 11  1  3   3.9  992 166  3.0 8  4.6  90    0    0 316 -343  2
4218500 2850500 11  1  4   3.9  992 142  3.4 8  4.7  92    0    0 326 -344  2
4218500 2850500 11  1  5   4.1  990 138  3.5 8  4.9  94    0    0 328 -346  2
4218500 2850500 11  1  6   4.2  988 121  3.9 8  5.0  96    0    0 329 -347  2
4218500 2850500 11  1  7   4.4  986 119  4.3 8  5.1  97    0    0 329 -348  2
4218500 2850500 11  1  8   4.7  985 101  4.5 8  5.3  98    0    2 329 -349  2
4218500 2850500 11  1  9   5.0  983  90  3.7 8  5.4  98    0   22 329 -350  2
4218500 2850500 11  1 10   5.1  982  80  4.7 8  5.5  98    0   25 327 -351  2
4218500 2850500 11  1 11   5.2  981  64  4.8 8  5.5  97    0   31 325 -351  2
4218500 2850500 11  1 12   5.1  980  46  5.0 8  5.5  97    0   49 324 -349  2
4218500 2850500 11  1 13   5.0  979  19  5.9 7  5.4  96    0   53 317 -346  2
4218500 2850500 11  1 14   4.8  981 359  6.5 8  5.3  96    0   36 315 -345  2
4218500 2850500 11  1 15   4.0  983 338  8.0 7  5.1  94    0   51 312 -343  2
4218500 2850500 11  1 16   3.8  986 337  6.8 7  4.8  94    0   32 304 -342  2
4218500 2850500 11  1 17   4.8  989 313  5.7 8  5.0  95    0    2 308 -340  2
4218500 2850500 11  1 18   5.3  991 297  5.8 8  5.3  96    0    0 315 -340  2
4218500 2850500 11  1 19   5.3  993 296  5.5 8  5.4  95    0    0 316 -340  2
4218500 2850500 11  1 20   5.2  994 285  5.4 7  5.3  94    0    0 317 -339  2
4218500 2850500 11  1 21   5.0  995 280  5.2 6  5.2  93    0    0 306 -339  2
4218500 2850500 11  1 22   4.7  996 275  4.9 6  5.0  92    0    0 289 -340  2
4218500 2850500 11  1 23   4.5  996 250  4.6 5  4.9  90    0    0 281 -339  2
4218500 2850500 11  1 24   4.2  996 218  4.2 5  4.7  89    0    0 273 -339  2
4218500 2850500 11  2  1   3.9  994 179  4.1 5  4.5  87    0    0 271 -322  2
4218500 2850500 11  2  2   3.5  994 144  3.9 5  4.4  87    0    0 266 -321  2
4218500 2850500 11  2  3   3.2  993 116  3.9 5  4.3  87    0    0 262 -319  2
4218500 2850500 11  2  4   2.9  992 111  3.9 5  4.3  89    0    0 262 -317  2
4218500 2850500 11  2  5   3.2  990 114  4.2 6  4.3  88    0    0 263 -316  2
4218500 2850500 11  2  6   3.1  989 111  4.2 6  4.3  90    0    0 271 -316  2
4218500 2850500 11  2  7   3.5  989 120  4.9 7  4.3  88    0    0 284 -315  2
4218500 2850500 11  2  8   4.2  989 120  4.6 7  4.3  85    1   13 292 -315  2
4218500 2850500 11  2  9   5.8  988 136  5.3 8  4.2  76    0   33 303 -316  2
4218500 2850500 11  2 10   6.5  988 140  6.1 8  4.2  69    0   46 313 -322  2
4218500 2850500 11  2 11   6.4  988 139  5.8 8  4.5  73    0   55 312 -330  2
4218500 2850500 11  2 12   5.7  987 139  5.2 8  5.1  85    0   57 310 -339  2
4218500 2850500 11  2 13   5.7  986 139  4.7 8  5.4  92    0   75 308 -347  2
4218500 2850500 11  2 14   5.7  986 137  3.8 8  5.4  93    0   57 307 -352  2
4218500 2850500 11  2 15   5.9  985 149  4.2 8  5.6  95    0   69 309 -354  2
4218500 2850500 11  2 16   6.1  985 159  4.1 8  5.8  96    0   15 313 -353  2
4218500 2850500 11  2 17   6.4  985 160  3.8 8  5.9  97    0    0 316 -348  2
4218500 2850500 11  2 18   6.4  985 156  4.1 8  5.9  97    0    0 317 -343  2
4218500 2850500 11  2 19   6.0  985 167  4.2 7  5.9  97    0    0 312 -341  2
4218500 2850500 11  2 20   5.8  985 160  3.9 6  5.7  96    0    0 302 -339  2
4218500 2850500 11  2 21   6.0  985 178  4.0 7  5.7  96    0    0 305 -337  2
4218500 2850500 11  2 22   6.5  986 172  4.1 7  5.8  95    0    0 313 -337  2
4218500 2850500 11  2 23   6.0  986 180  3.4 6  5.7  94    0    0 310 -338  2
4218500 2850500 11  2 24   6.2  986 192  4.0 5  5.5  92    0    0 301 -339  2
4218500 2850500 11  3  1   6.1  987 196  3.8 5  5.5  91    0    0 297 -340  2
4218500 2850500 11  3  2   6.7  987 192  4.4 4  5.5  90    0    0 293 -341  2
4218500 2850500 11  3  3   6.5  988 190  4.4 3  5.5  88    0    0 282 -343  2
4218500 2850500 11  3  4   6.7  989 187  3.9 5  5.5  88    0    0 285 -343  2
4218500 2850500 11  3  5   6.8  990 192  4.2 7  5.6  89    0    0 302 -342  2
4218500 2850500 11  3  6   6.8  990 201  4.0 6  5.7  90    0    0 306 -340  2
4218500 2850500 11  3  7   6.7  991 213  4.2 5  5.6  89    0    0 294 -338  2
4218500 2850500 11  3  8   6.6  992 189  3.5 5  5.5  88   14   12 289 -335  2
4218500 2850500 11  3  9   7.3  993 202  4.6 3  5.4  85  100   41 278 -333  2
4218500 2850500 11  3 10   8.0  994 201  4.9 3  5.3  80  180   62 270 -335  2
4218500 2850500 11  3 11   9.5  995 211  6.1 3  5.2  72  231   70 271 -341  2
4218500 2850500 11  3 12   9.9  995 212  7.1 6  5.1  67   29  145 285 -349  2
4218500 2850500 11  3 13  10.3  996 222  7.3 5  5.0  63   28  144 294 -355  2
4218500 2850500 11  3 14  10.0  996 220  5.1 6  4.8  61    9  111 295 -358  2
4218500 2850500 11  3 15  10.5  996 215  5.7 4  4.6  59   47   96 291 -358  2
4218500 2850500 11  3 16   9.6  997 227  4.4 5  4.2  54   44   45 287 -354  2
4218500 2850500 11  3 17   9.4  997 194  3.3 6  4.1  54    0    0 293 -349  2
4218500 2850500 11  3 18   8.2  997 179  3.8 5  4.0  57    0    0 290 -343  2
4218500 2850500 11  3 19   6.6  997 161  3.8 2  4.0  61    0    0 268 -340  2
4218500 2850500 11  3 20   6.3  997 170  4.3 1  4.1  68    0    0 246 -340  2
4218500 2850500 11  3 21   5.6  997 160  4.0 4  4.3  73    0    0 252 -340  2
4218500 2850500 11  3 22   6.3  996 157  4.1 6  4.2  71    0    0 273 -340  2
4218500 2850500 11  3 23   6.3  996 175  3.9 8  4.1  68    0    0 293 -340  2
4218500 2850500 11  3 24   5.9  996 186  3.8 8  4.6  77    0    0 305 -340  2
4218500 2850500 11  4  1   5.8  996 150  3.6 8  5.2  89    0    0 308 -340  2
4218500 2850500 11  4  2   5.9  995 152  3.8 8  5.5  94    0    0 313 -340  2
4218500 2850500 11  4  3   6.2  995 192  4.2 8  5.6  95    0    0 318 -339  2
4218500 2850500 11  4  4   6.4  995 227  4.6 7  5.7  94    0    0 316 -337  2
4218500 2850500 11  4  5   5.9  995 226  4.4 5  5.6  93    0    0 300 -336  2
4218500 2850500 11  4  6   5.1  996 230  4.3 3  5.3  93    0    0 274 -333  2
4218500 2850500 11  4  7   5.1  997 222  4.4 3  5.1  93    0    0 262 -329  2
4218500 2850500 11  4  8   4.5  997 231  4.2 4  5.0  93   11   14 269 -327  2
4218500 2850500 11  4  9   5.6  997 231  3.7 3  5.1  92   72   57 269 -327  2
4218500 2850500 11  4 10   7.7  998 220  4.3 5  5.4  87   74  103 279 -332  2
4218500 2850500 11  4 11   7.9  999 218  3.8 6  5.5  82   42  141 296 -337  2
4218500 2850500 11  4 12   8.3  999 207  3.7 7  5.3  78   14  140 304 -342  2
4218500 2850500 11  4 13   8.9  998 191  4.0 7  5.3  76   14  137 310 -346  2
4218500 2850500 11  4 14   9.2  998 193  4.2 7  5.4  74    1   95 310 -350  2
4218500 2850500 11  4 15   9.1  997 190  4.0 8  5.2  71    0   50 315 -351  2
4218500 2850500 11  4 16   8.0  997 164  3.6 8  5.1  72    0   16 319 -350  2
4218500 2850500 11  4 17   7.1  996 163  2.9 8  5.4  82    0    0 318 -347  2
4218500 2850500 11  4 18   6.6  995 152  3.6 7  5.6  89    0    0 312 -345  2
4218500 2850500 11  4 19   6.7  994 168  4.0 6  5.7  92    0    0 302 -344  2
4218500 2850500 11  4 20   7.7  994 211  4.9 7  6.0  93    0    0 306 -344  2
4218500 2850500 11  4 21   8.4  995 230  5.5 7  6.0  88    0    0 316 -345  2
4218500 2850500 11  4 22   8.2  996 241  4.0 7  5.8  83    0    0 317 -343  2
4218500 2850500 11  4 23   8.0  996 239  3.8 7  5.5  80    0    0 318 -341  2
4218500 2850500 11  4 24   7.7  998 246  4.2 7  5.3  78    0    0 318 -341  2
4218500 2850500 11  5  1   6.7  998 219  3.2 6  5.1  79    0    0 308 -339  2
4218500 2850500 11  5  2   6.8  999 221  4.0 6  5.0  81    0    0 300 -333  2
4218500 2850500 11  5  3   7.0  999 230  3.8 7  5.0  79    0    0 300 -329  2
4218500 2850500 11  5  4   5.9 1000 211  3.1 5  4.8  78    0    0 289 -327  2
4218500 2850500 11  5  5   5.5  999 223  3.2 5  4.8  83    0    0 275 -324  2
4218500 2850500 11  5  6   5.6 1000 238  3.3 5  4.8  84    0    0 273 -322  2
4218500 2850500 11  5  7   4.1 1000 204  3.1 4  4.6  85    0    0 266 -320  2
4218500 2850500 11  5  8   3.4 1000 188  3.1 5  4.5  89    0   10 260 -318  2
4218500 2850500 11  5  9   4.9 1001 199  3.0 5  4.7  90   38   55 265 -320  2
4218500 2850500 11  5 10   6.6 1001 216  2.9 6  5.1  89   51  106 274 -325  2
4218500 2850500 11  5 11   7.8 1002 199  2.5 6  5.5  86   78  142 283 -333  2
4218500 2850500 11  5 12   9.6 1002 187  2.3 6  5.6  79   81  163 288 -341  2
4218500 2850500 11  5 13  10.4 1001 124  2.6 7  5.6  72   28  152 295 -347  2
4218500 2850500 11  5 14  10.2 1000 128  3.6 7  5.5  70   37  138 298 -349  2
4218500 2850500 11  5 15   9.6  999 134  3.9 6  5.3  70   39  103 293 -348  2
4218500 2850500 11  5 16   9.3  999 140  3.9 7  5.4  72    0   36 291 -345  2
4218500 2850500 11  5 17   9.1  998 129  6.1 7  5.6  76    0    0 298 -339  2
4218500 2850500 11  5 18   8.0  996 141  5.3 8  5.7  82    0    0 306 -335  2
4218500 2850500 11  5 19   7.7  996 120  4.8 8  6.1  90    0    0 314 -334  2
4218500 2850500 11  5 20   7.6  995 118  5.3 8  6.2  94    0    0 320 -335  2
4218500 2850500 11  5 21   7.6  994 131  4.5 8  6.2  94    0    0 325 -335  2
4218500 2850500 11  5 22   7.5  993 153  3.5 8  6.3  96    0    0 328 -335  2
4218500 2850500 11  5 23   7.7  992 184  2.8 8  6.4  97    0    0 330 -336  2
4218500 2850500 11  5 24   7.8  992 192  3.0 8  6.4  96    0    0 332 -336  2
4218500 2850500 11  6  1   7.9  992 233  4.1 7  6.5  96    0    0 328 -337  2
4218500 2850500 11  6  2   7.9  992 241  3.4 7  6.4  95    0    0 323 -338  2
4218500 2850500 11  6  3   7.5  992 235  3.4 7  6.2  93    0    0 322 -340  2
4218500 2850500 11  6  4   7.1  992 223  3.0 7  6.1  93    0    0 321 -341  2
4218500 2850500 11  6  5   6.9  993 211  3.2 7  5.9  93    0    0 319 -341  2
4218500 2850500 11  6  6   7.0  993 209  3.6 7  5.8  92    0    0 317 -341  2
4218500 2850500 11  6  7   6.9  993 229  3.7 7  5.7  90    0    0 315 -340  2
4218500 2850500 11  6  8   7.0  993 219  3.4 7  5.7  90    3   12 313 -338  2
4218500 2850500 11  6  9   7.4  993 233  3.3 7  5.7  89   26   58 312 -338  2
4218500 2850500 11  6 10   8.1  993 233  4.3 7  5.9  88   19  100 313 -339  2
4218500 2850500 11  6 11   8.6  993 226  4.4 6  5.8  84   18  129 307 -342  2
4218500 2850500 11  6 12   9.7  993 237  5.0 6  5.6  76   40  157 303 -347  2
4218500 2850500 11  6 13  10.5  993 241  6.1 4  5.4  69   63  163 294 -351  2
4218500 2850500 11  6 14  10.7  993 232  5.5 5  5.3  66   18  127 290 -352  2
4218500 2850500 11  6 15   9.2  993 238  6.3 8  5.4  69    0   31 311 -351  2
4218500 2850500 11  6 16   8.9  993 234  3.6 7  5.4  74    0   12 318 -348  2
4218500 2850500 11  6 17   7.3  993 251  4.6 6  5.4  79    0    0 307 -343  2
4218500 2850500 11  6 18   7.1  994 249  4.2 5  5.4  84    0    0 295 -339  2
4218500 2850500 11  6 19   7.4  994 259  5.7 7  5.3  82    0    0 299 -337  2
4218500 2850500 11  6 20   7.4  995 273  5.8 7  5.2  80    0    0 308 -336  2
4218500 2850500 11  6 21   6.9  996 270  5.3 7  4.9  76    0    0 306 -335  2
4218500 2850500 11  6 22   6.5  997 271  6.0 7  4.6  74    0    0 304 -335  2
4218500 2850500 11  6 23   6.1  998 278  5.5 7  4.7  77    0    0 303 -336  2
4218500 2850500 11  6 24   6.3  998 278  6.0 7  4.7  78    0    0 302 -338  2
4218500 2850500 11  7  1   6.0  999 289  6.4 8  4.8  80    0    0 308 -336  2
4218500 2850500 11  7  2   6.1 1000 287  5.9 8  5.0  84    0    0 315 -334  2
4218500 2850500 11  7  3   5.8 1000 287  5.3 7  4.9  84    0    0 310 -334  2
4218500 2850500 11  7  4   5.1 1000 268  4.5 7  4.8  85    0    0 304 -336  2
4218500 2850500 11  7  5   4.7 1001 274  5.0 6  4.8  88    0    0 297 -338  2
4218500 2850500 11  7  6   4.7 1002 293  4.6 7  4.8  89    0    0 297 -339  2
4218500 2850500 11  7  7   4.6 1002 271  4.8 7  4.8  90    0    0 302 -339  2
4218500 2850500 11  7  8   4.7 1003 265  4.4 7  4.9  91    0    5 302 -340  2
4218500 2850500 11  7  9   4.8 1004 289  5.8 7  4.9  90    4   45 303 -341  2
4218500 2850500 11  7 10   4.8 1004 286  5.1 6  4.7  87    7   85 299 -342  2
4218500 2850500 11  7 11   5.2 1005 286  6.1 6  4.5  83    0   86 295 -343  2
4218500 2850500 11  7 12   6.1 1006 281  4.9 5  4.4  77   83  142 291 -345  2
4218500 2850500 11  7 13   6.9 1006 289  5.6 3  4.4  72  203  103 276 -350  2
4218500 2850500 11  7 14   7.6 1007 279  6.1 4  4.4  68  114  117 271 -353  2
4218500 2850500 11  7 15   7.8 1007 267  6.4 4  4.4  67   66   89 277 -352  2
4218500 2850500 11  7 16   7.3 1007 249  4.9 4  4.4  67   30   43 274 -349  2
4218500 2850500 11  7 17   6.6 1007 249  4.4 4  4.4  70    0    0 271 -344  2
4218500 2850500 11  7 18   5.9 1008 240  4.9 4  4.5  75    0    0 269 -340  2
4218500 2850500 11  7 19   6.0 1008 229  5.5 5  4.5  78    0    0 272 -337  2
4218500 2850500 11  7 20   6.3 1007 231  5.6 7  4.5  76    0    0 287 -335  2
4218500 2850500 11  7 21   5.9 1007 247  4.7 7  4.5  77    0    0 298 -333  2
4218500 2850500 11  7 22   6.2 1007 236  5.4 7  4.6  79    0    0 299 -333  2
4218500 2850500 11  7 23   6.5 1007 238  6.5 7  4.6  77    0    0 301 -333  2
4218500 2850500 11  7 24   5.9 1006 230  7.2 7  4.8  81    0    0 302 -333  2
4218500 2850500 11  8  1   5.4 1006 230  7.0 8  5.0  87    0    0 309 -334  2
4218500 2850500 11  8  2   5.3 1005 231  7.4 8  5.1  91    0    0 316 -334  2
4218500 2850500 11  8  3   5.6 1004 247  7.0 8  5.3  93    0    0 320 -334  2
4218500 2850500 11  8  4   6.0 1004 248  7.7 8  5.5  94    0    0 323 -335  2
4218500 2850500 11  8  5   6.5 1004 258  7.1 8  5.7  95    0    0 328 -336  2
4218500 2850500 11  8  6   7.1 1004 267  6.4 8  6.0  96    0    0 331 -337  2
4218500 2850500 11  8  7   7.8 1006 269  6.5 8  6.2  96    0    0 335 -337  2
4218500 2850500 11  8  8   8.3 1006 268  6.4 8  6.4  95    0    5 338 -338  2
4218500 2850500 11  8  9   8.5 1007 277  6.6 8  6.5  94    0   34 341 -340  2
4218500 2850500 11  8 10   9.0 1008 289  6.0 7  6.7  94    0   64 338 -343  2
4218500 2850500 11  8 11   9.5 1009 289  6.4 6  6.6  90    0   87 330 -345  2
4218500 2850500 11  8 12  10.5 1010 290  7.6 5  6.1  79   33  125 319 -347  2
4218500 2850500 11  8 13  10.1 1011 298  6.4 5  5.7  72    5  104 313 -350  2
4218500 2850500 11  8 14  10.2 1011 290  6.2 6  5.8  75    0   73 318 -352  2
4218500 2850500 11  8 15  10.5 1012 278  4.7 8  6.1  78    0   39 337 -353  2
4218500 2850500 11  8 16  10.0 1012 269  5.0 8  6.6  85    0   14 349 -355  2
4218500 2850500 11  8 17  10.5 1013 270  5.5 8  6.9  89    0    0 348 -354  2
4218500 2850500 11  8 18  10.6 1013 258  5.3 8  6.8  85    0    0 348 -353  2
4218500 2850500 11  8 19  10.5 1013 275  6.0 7  6.6  84    0    0 343 -352  2
4218500 2850500 11  8 20  10.4 1014 253  5.6 8  6.6  83    0    0 342 -351  2
4218500 2850500 11  8 21  10.5 1014 258  5.6 7  6.2  79    0    0 341 -349  2
4218500 2850500 11  8 22  10.6 1014 262  5.7 7  5.9  75    0    0 335 -348  2
4218500 2850500 11  8 23  10.4 1014 270  6.2 7  5.7  72    0    0 334 -347  2
4218500 2850500 11  8 24   9.9 1014 267  5.7 7  5.3  68    0    0 331 -346  2
4218500 2850500 11  9  1   9.6 1013 249  5.7 8  5.1  68    0    0 334 -345  2
4218500 2850500 11  9  2   9.5 1013 258  6.5 8  5.1  68    0    0 336 -345  2
4218500 2850500 11  9  3   9.2 1013 258  5.8 8  4.9  67    0    0 333 -344  2
4218500 2850500 11  9  4   9.1 1013 250  5.5 8  4.8  66    0    0 331 -342  2
4218500 2850500 11  9  5   8.8 1012 236  4.9 8  4.9  68    0    0 331 -338  2
4218500 2850500 11  9  6   8.7 1012 230  4.5 8  5.1  72    0    0 330 -335  2
4218500 2850500 11  9  7   8.6 1011 230  5.4 8  5.2  75    0    0 330 -331  2
4218500 2850500 11  9  8   8.6 1011 227  5.5 7  5.1  74    0    1 324 -327  2
4218500 2850500 11  9  9   8.6 1011 220  5.4 8  5.0  72    0   27 323 -328  2
4218500 2850500 11  9 10   8.8 1011 220  5.7 8  5.0  71    0   44 325 -332  2
4218500 2850500 11  9 11   9.0 1010 228  5.2 6  5.1  72    1   89 319 -338  2
4218500 2850500 11  9 12   9.6 1011 233  5.4 7  5.1  70    0   97 316 -342  2
4218500 2850500 11  9 13   9.7 1011 238  5.4 7  5.1  69    5  112 319 -346  2
4218500 2850500 11  9 14  10.0 1011 234  5.1 7  5.3  70   27  114 321 -348  2
4218500 2850500 11  9 15   9.9 1010 229  5.6 8  5.3  69    4   69 325 -348  2
4218500 2850500 11  9 16   9.3 1010 228  4.7 7  5.3  70    9   37 325 -347  2
4218500 2850500 11  9 17   9.1 1009 238  4.1 7  5.3  73    0    0 323 -346  2
4218500 2850500 11  9 18   8.8 1009 229  4.6 8  5.4  76    0    0 327 -346  2
4218500 2850500 11  9 19   8.8 1009 238  4.7 8  5.5  78    0    0 332 -347  2
4218500 2850500 11  9 20   8.9 1009 236  5.3 7  5.4  76    0    0 330 -347  2
4218500 2850500 11  9 21   8.8 1009 239  5.4 8  5.3  75    0    0 331 -347  2
4218500 2850500 11  9 22   8.6 1009 237  4.7 8  5.4  77    0    0 335 -348  2
4218500 2850500 11  9 23   8.6 1009 256  5.3 8  5.5  79    0    0 336 -348  2
4218500 2850500 11  9 24   8.9 1009 257  5.1 8  5.7  80    0    0 337 -348  2
4218500 2850500 11 10  1   8.6 1009 261  4.6 8  5.8  82    0    0 338 -348  2
4218500 2850500 11 10  2   8.4 1009 258  4.4 8  5.8  84    0    0 338 -347  2
4218500 2850500 11 10  3   8.7 1009 257  4.3 8  5.8  83    0    0 339 -347  2
4218500 2850500 11 10  4   8.7 1010 265  4.3 8  5.7  81    0    0 340 -346  2
4218500 2850500 11 10  5   8.4 1010 270  4.0 8  5.8  83    0    0 340 -345  2
4218500 2850500 11 10  6   8.2 1009 262  3.9 8  5.8  85    0    0 339 -345  2
4218500 2850500 11 10  7   8.3 1010 258  3.6 8  5.9  86    0    0 339 -346  2
4218500 2850500 11 10  8   8.5 1010 261  3.4 8  6.0  87    0    6 339 -346  2
4218500 2850500 11 10  9   8.7 1011 259  3.6 6  6.0  85   23   39 329 -346  2
4218500 2850500 11 10 10   9.1 1011 259  3.7 6  5.9  83   15   81 319 -348  2
4218500 2850500 11 10 11   9.9 1013 250  3.8 6  6.0  82   13  108 321 -351  2
4218500 2850500 11 10 12  10.0 1013 265  4.1 6  6.0  79   12  121 322 -354  2
4218500 2850500 11 10 13  10.2 1013 257  3.1 7  5.9  77    0   95 325 -357  2
4218500 2850500 11 10 14  10.3 1013 250  3.3 7  5.8  75    1   83 328 -358  2
4218500 2850500 11 10 15  10.4 1012 214  2.1 7  5.8  74    0   35 326 -357  2
4218500 2850500 11 10 16  10.1 1012 233  2.2 6  5.9  75    0   13 320 -352  2
4218500 2850500 11 10 17   9.5 1012 191  2.0 7  5.8  77    0    0 316 -346  2
4218500 2850500 11 10 18   9.5 1012 178  2.1 7  5.8  78    0    0 315 -340  2
4218500 2850500 11 10 19   9.4 1012 177  3.0 7  5.8  78    0    0 313 -337  2
4218500 2850500 11 10 20   9.2 1012 162  2.7 7  5.7  78    0    0 312 -335  2
4218500 2850500 11 10 21   9.0 1011 165  2.5 7  5.6  78    0    0 310 -332  2
4218500 2850500 11 10 22   8.6 1010 149  3.1 6  5.6  79    0    0 301 -330  2
4218500 2850500 11 10 23   7.8 1009 161  3.0 6  5.4  80    0    0 292 -329  2
4218500 2850500 11 10 24   7.4 1009 150  3.9 7  5.3  81    0    0 293 -328  2
4218500 2850500 11 11  1   7.0 1008 151  4.6 6  5.2  82    0    0 290 -326  2
4218500 2850500 11 11  2   6.3 1007 162  4.4 5  5.1  83    0    0 277 -323  2
4218500 2850500 11 11  3   6.0 1006 151  4.0 4  5.0  85    0    0 264 -322  2
4218500 2850500 11 11  4   5.8 1006 161  3.3 4  5.0  85    0    0 258 -320  2
4218500 2850500 11 11  5   5.2 1005 144  3.6 4  4.8  86    0    0 257 -320  2
4218500 2850500 11 11  6   5.4 1005 141  4.4 5  4.7  85    0    0 261 -319  2
4218500 2850500 11 11  7   5.7 1004 141  4.3 6  4.7  83    0    0 272 -319  2
4218500 2850500 11 11  8   5.5 1003 151  4.1 6  4.7  82    0    8 277 -318  2
4218500 2850500 11 11  9   5.8 1003 149  4.1 6  4.7  82   15   51 278 -319  2
4218500 2850500 11 11 10   6.7 1003 156  3.9 6  4.8  80   21   98 280 -324  2
4218500 2850500 11 11 11   9.0 1003 169  4.7 5  5.0  74   92  136 279 -330  2
4218500 2850500 11 11 12  10.3 1003 167  4.4 5  5.1  67  100  161 274 -336  2
4218500 2850500 11 11 13  10.8 1002 161  3.6 6  5.0  63   20  145 279 -342  2
4218500 2850500 11 11 14  10.6 1001 160  4.2 7  5.1  62    0   74 293 -344  2
4218500 2850500 11 11 15  10.6 1001 159  3.8 7  5.2  65    0   39 303 -345  2
4218500 2850500 11 11 16   9.3 1000 168  3.7 8  5.5  72    0    9 318 -344  2
4218500 2850500 11 11 17   8.4 1001 160  3.7 8  6.0  83    0    0 332 -343  2
4218500 2850500 11 11 18   8.0 1001 130  3.6 8  6.2  91    0    0 333 -342  2
4218500 2850500 11 11 19   7.8 1000 148  4.2 8  6.2  92    0    0 334 -342  2
4218500 2850500 11 11 20   8.0 1000 161  3.8 8  6.1  91    0    0 336 -342  2
4218500 2850500 11 11 21   8.1 1000 143  3.4 8  6.0  88    0    0 338 -343  2
4218500 2850500 11 11 22   8.1  999 172  3.4 7  5.9  87    0    0 331 -345  2
4218500 2850500 11 11 23   8.3  999 165  3.5 7  5.9  86    0    0 324 -346  2
4218500 2850500 11 11 24   8.5  999 170  2.8 7  5.8  84    0    0 326 -348  2
4218500 2850500 11 12  1   8.1  999 194  3.1 7  5.6  81    0    0 328 -348  2
4218500 2850500 11 12  2   7.7 1000 177  2.9 7  5.4  81    0    0 327 -348  2
4218500 2850500 11 12  3   7.9  999 176  3.0 7  5.4  81    0    0 327 -348  2
4218500 2850500 11 12  4   7.9  999 181  2.9 7  5.4  81    0    0 328 -348  2
4218500 2850500 11 12  5   7.9 1000 169  3.4 7  5.6  83    0    0 328 -349  2
4218500 2850500 11 12  6   8.3 1000 178  3.5 7  5.7  83    0    0 329 -351  2
4218500 2850500 11 12  7   8.4 1001 193  3.6 6  5.8  83    0    0 323 -352  2
4218500 2850500 11 12  8   7.7 1002 182  3.1 5  6.0  88    0    7 309 -352  2
4218500 2850500 11 12  9   8.7 1002 186  2.7 6  6.3  92   25   43 307 -353  2
4218500 2850500 11 12 10   9.6 1003 193  3.2 6  6.6  91   26   89 313 -355  2
4218500 2850500 11 12 11  10.4 1004 213  2.7 8  6.7  87    0   55 326 -358  2
4218500 2850500 11 12 12  11.0 1005 218  2.5 7  6.9  85   17  131 333 -359  2
4218500 2850500 11 12 13  11.5 1005 216  1.8 7  7.1  85   11  122 328 -361  2
4218500 2850500 11 12 14  11.5 1005 281  2.6 8  6.8  80    0   50 334 -362  2
4218500 2850500 11 12 15  11.2 1006 283  2.0 8  6.6  78    0   25 339 -362  2
4218500 2850500 11 12 16  10.9 1006 279  2.4 7  6.6  80    0   10 333 -362  2
4218500 2850500 11 12 17  10.6 1006 296  3.0 7  6.5  80    0    0 328 -362  2
4218500 2850500 11 12 18  10.1 1007 303  2.6 6  6.4  81    0    0 322 -361  2
4218500 2850500 11 12 19   9.8 1008 301  3.0 7  6.3  82    0    0 322 -359  2
4218500 2850500 11 12 20   9.2 1009 303  3.1 7  6.2  84    0    0 326 -357  2
4218500 2850500 11 12 21   8.8 1010 295  2.8 7  6.0  84    0    0 324 -355  2
4218500 2850500 11 12 22   8.7 1010 274  2.3 7  5.9  83    0    0 324 -352  2
4218500 2850500 11 12 23   8.3 1011 282  2.6 7  5.8  84    0    0 324 -350  2
4218500 2850500 11 12 24   7.8 1011 264  2.4 7  5.8  86    0    0 323 -347  2
4218500 2850500 11 13  1   7.2 1012 260  2.7 7  5.7  88    0    0 321 -344  2
4218500 2850500 11 13  2   7.0 1013 253  3.0 6  5.7  90    0    0 314 -342  2
4218500 2850500 11 13  3   6.0 1013 234  2.9 5  5.5  92    0    0 301 -339  2
4218500 2850500 11 13  4   5.3 1014 250  3.1 3  5.4  95    0    0 281 -336  2
4218500 2850500 11 13  5   4.9 1014 259  3.2 2  5.3  96    0    0 263 -332  2
4218500 2850500 11 13  6   4.4 1015 244  3.2 1  5.1  96    0    0 251 -330  2
4218500 2850500 11 13  7   4.4 1015 243  3.2 1  5.0  96    0    0 245 -327  2
4218500 2850500 11 13  8   4.4 1016 225  2.9 2  4.9  94    1    9 248 -326  2
4218500 2850500 11 13  9   4.8 1017 240  3.0 2  5.0  95   36   50 253 -326  2
4218500 2850500 11 13 10   6.4 1017 243  3.4 4  5.3  95   29  100 267 -329  2
4218500 2850500 11 13 11   7.2 1018 278  4.2 4  5.5  90   37  139 281 -335  2
4218500 2850500 11 13 12   7.4 1018 265  4.4 4  5.3  84   63  163 281 -341  2
4218500 2850500 11 13 13   8.6 1018 279  3.7 5  5.2  78   33  158 288 -345  2
4218500 2850500 11 13 14   9.3 1018 266  3.9 7  5.2  73    0   74 306 -347  2
4218500 2850500 11 13 15   8.7 1019 279  2.7 5  5.2  73    1   65 305 -346  2
4218500 2850500 11 13 16   8.8 1019 259  2.4 7  5.0  72    0   29 302 -342  2
4218500 2850500 11 13 17   8.4 1019 253  2.6 8  4.8  70    0    0 313 -335  2
4218500 2850500 11 13 18   8.2 1020 259  2.8 7  4.7  70    0    0 309 -330  2
4218500 2850500 11 13 19   7.9 1020 254  2.3 7  4.6  69    0    0 301 -327  2
4218500 2850500 11 13 20   7.8 1021 250  2.1 7  4.7  71    0    0 297 -325  2
4218500 2850500 11 13 21   7.3 1021 220  1.9 8  4.8  74    0    0 300 -323  2
4218500 2850500 11 13 22   6.9 1022 238  2.6 8  4.6  75    0    0 303 -321  2
4218500 2850500 11 13 23   5.4 1023 227  2.2 5  4.5  78    0    0 286 -319  2
4218500 2850500 11 13 24   4.3 1023 255  2.7 3  4.5  84    0    0 258 -317  2
4218500 2850500 11 14  1   3.3 1023 232  2.4 1  4.4  89    0    0 233 -315  2
4218500 2850500 11 14  2   2.3 1023 226  2.0 0  4.2  90    0    0 213 -315  2
4218500 2850500 11 14  3   1.2 1024 228  2.3 0  4.0  93    0    0 206 -315  2
4218500 2850500 11 14  4   1.1 1024 206  2.3 0  3.8  94    0    0 205 -315  2
4218500 2850500 11 14  5   0.4 1025 216  2.5 0  3.8  95    0    0 205 -315  2
4218500 2850500 11 14  6   0.6 1025 193  2.2 0  3.7  96    0    0 205 -315  2
4218500 2850500 11 14  7  -0.4 1025 215  2.2 2  3.6  96    0    0 217 -314  2
4218500 2850500 11 14  8  -0.2 1026 188  2.0 2  3.5  96    0    9 229 -313  2
4218500 2850500 11 14  9   1.6 1026 184  1.6 2  3.9  98   45   40 233 -312  2
4218500 2850500 11 14 10   3.8 1027 227  1.8 0  4.3  94  126   66 227 -313  2
4218500 2850500 11 14 11   7.1 1028 180  1.7 0  4.4  80  186   83 224 -318  2
4218500 2850500 11 14 12   8.1 1028 192  2.6 1  4.4  69  216   91 238 -328  2
4218500 2850500 11 14 13   9.6 1028 184  2.8 1  4.4  64  210   92 249 -337  2
4218500 2850500 11 14 14   9.6 1028 194  3.0 0  4.6  62  156   91 248 -341  2
4218500 2850500 11 14 15   9.1 1028 196  2.6 0  4.5  62   84   76 244 -341  2
4218500 2850500 11 14 16   8.2 1028 183  2.1 1  4.2  61   15   34 249 -336  2
4218500 2850500 11 14 17   5.8 1027 174  2.3 1  4.2  69    0    0 251 -330  2
4218500 2850500 11 14 18   4.6 1028 159  2.3 2  4.3  80    0    0 253 -325  2
4218500 2850500 11 14 19   3.8 1028 171  3.1 1  4.3  85    0    0 253 -322  2
4218500 2850500 11 14 20   2.2 1028 159  2.4 1  4.2  90    0    0 247 -320  2
4218500 2850500 11 14 21   2.0 1028 169  2.6 1  4.0  93    0    0 246 -318  2
4218500 2850500 11 14 22   1.1 1028 150  2.1 1  4.0  95    0    0 244 -317  2
4218500 2850500 11 14 23   1.1 1029 154  2.6 0  3.9  95    0    0 238 -316  2
4218500 2850500 11 14 24   0.9 1029 146  2.4 1  3.8  94    0    0 236 -315  2
4218500 2850500 11 15  1   0.6 1028 155  2.7 0  3.7  93    0    0 236 -315  2
4218500 2850500 11 15  2  -0.1 1028 136  2.2 0  3.6  94    0    0 229 -315  2
4218500 2850500 11 15  3  -0.4 1028 118  2.1 0  3.5  96    0    0 227 -315  2
4218500 2850500 11 15  4  -1.0 1028 119  2.4 0  3.4  97    0    0 226 -314  2
4218500 2850500 11 15  5  -0.6 1028 119  2.5 0  3.4  97    0    0 226 -314  2
4218500 2850500 11 15  6  -0.6 1028 127  2.0 0  3.4  96    0    0 225 -313  2
4218500 2850500 11 15  7  -0.8 1028 128  2.1 1  3.4  96    0    0 228 -312  2
4218500 2850500 11 15  8  -1.2 1028 135  2.0 2  3.3  96    1    7 235 -311  2
4218500 2850500 11 15  9   0.4 1028 128  2.7 2  3.5  96   38   39 241 -312  2
4218500 2850500 11 15 10   2.7 1028 148  1.9 1  3.8  90  117   63 242 -313  2
4218500 2850500 11 15 11   5.3 1028 143  1.9 1  3.9  79  176   79 246 -316  2
4218500 2850500 11 15 12   6.7 1028 138  2.5 1  4.0  71  207   88 252 -324  2
4218500 2850500 11 15 13   7.7 1027 127  2.4 1  4.0  65  195   92 256 -332  2
4218500 2850500 11 15 14   8.1 1026 120  2.8 1  4.0  61  144   92 256 -336  2
4218500 2850500 11 15 15   7.5 1025 128  2.3 1  4.1  62   76   74 256 -336  2
4218500 2850500 11 15 16   6.4 1025 121  2.4 1  4.1  67   11   33 253 -332  2
4218500 2850500 11 15 17   4.3 1025 123  2.7 1  4.2  76    0    0 248 -326  2
4218500 2850500 11 15 18   2.8 1025 119  2.1 1  4.2  86    0    0 241 -322  2
4218500 2850500 11 15 19   1.7 1025 112  2.3 1  4.0  90    0    0 236 -320  2
4218500 2850500 11 15 20   1.6 1024 118  2.8 0  3.9  92    0    0 231 -319  2
4218500 2850500 11 15 21   1.2 1024 121  2.8 0  3.8  92    0    0 229 -319  2
4218500 2850500 11 15 22   0.8 1024 122  2.7 0  3.7  92    0    0 229 -319  2
4218500 2850500 11 15 23   0.4 1023 129  2.8 1  3.6  92    0    0 233 -319  2
4218500 2850500 11 15 24  -0.7 1023 131  2.6 1  3.5  94    0    0 237 -319  2
4218500 2850500 11 16  1  -0.8 1022 129  2.4 0  3.4  95    0    0 232 -320  2
4218500 2850500 11 16  2  -1.2 1022 117  2.0 0  3.3  95    0    0 228 -321  2
4218500 2850500 11 16  3  -1.6 1021 109  2.0 0  3.2  96    0    0 229 -321  2
4218500 2850500 11 16  4  -2.0 1021 119  2.0 0  3.2  96    0    0 229 -321  2
4218500 2850500 11 16  5  -2.4 1021  89  2.0 1  3.1  97    0    0 233 -320  2
4218500 2850500 11 16  6  -2.5 1021 109  2.0 1  3.1  97    0    0 236 -320  2
4218500 2850500 11 16  7  -2.1 1020 139  2.2 1  3.1  97    0    0 238 -320  2
4218500 2850500 11 16  8  -3.1 1020  43  1.6 2  3.0  97    0    4 242 -320  2
4218500 2850500 11 16  9  -1.8 1020 116  2.2 3  3.1  97    7   43 250 -322  2
4218500 2850500 11 16 10  -1.8 1021 143  2.2 6  3.2  98    3   77 268 -328  2
4218500 2850500 11 16 11  -1.6 1021 130  1.6 8  3.3  98    0   75 284 -337  2
4218500 2850500 11 16 12  -1.5 1020  65  0.8 8  3.3  99    0   70 288 -345  2
4218500 2850500 11 16 13  -1.1 1020 163  1.3 8  3.4 100    0   59 286 -351  2
4218500 2850500 11 16 14  -0.7 1020  75  1.4 8  3.5  98    0   51 289 -352  2
4218500 2850500 11 16 15  -0.7 1019  60  1.2 8  3.5  98    0   32 291 -352  2
4218500 2850500 11 16 16  -0.6 1019  95  1.4 8  3.5  98    0    5 293 -350  2
4218500 2850500 11 16 17  -1.0 1019 138  0.8 8  3.5  98    0    0 294 -347  2
4218500 2850500 11 16 18  -1.1 1019 158  1.2 8  3.4  98    0    0 294 -346  2
4218500 2850500 11 16 19  -1.2 1019 145  1.4 7  3.4  98    0    0 291 -345  2
4218500 2850500 11 16 20  -1.4 1019 110  1.0 7  3.4  98    0    0 289 -345  2
4218500 2850500 11 16 21  -1.6 1019 114  1.8 8  3.4  99    0    0 294 -346  2
4218500 2850500 11 16 22  -1.7 1019 168  1.8 8  3.3 100    0    0 298 -345  2
4218500 2850500 11 16 23  -1.7 1019 174  1.4 8  3.3  99    0    0 298 -342  2
4218500 2850500 11 16 24  -1.3 1019 136  1.4 8  3.4  99    0    0 299 -341  2
4218500 2850500 11 17  1  -1.3 1019 115  1.3 8  3.4 100    0    0 299 -341  2
4218500 2850500 11 17  2  -1.1 1019 123  1.8 8  3.4  99    0    0 300 -343  2
4218500 2850500 11 17  3  -0.9 1018 110  1.2 8  3.5  98    0    0 300 -344  2
4218500 2850500 11 17  4  -1.1 1018 102  1.7 8  3.5  99    0    0 299 -345  2
4218500 2850500 11 17  5  -0.8 1018  59  2.3 6  3.5  99    0    0 291 -343  2
4218500 2850500 11 17  6  -0.8 1017 110  2.4 8  3.5 100    0    0 289 -340  2
4218500 2850500 11 17  7  -0.7 1017  95  1.9 8  3.6 100    0    0 296 -338  2
4218500 2850500 11 17  8  -0.6 1017 104  2.2 7  3.6  99    0    2 292 -337  2
4218500 2850500 11 17  9  -0.5 1017 109  1.9 8  3.6  98    0   30 291 -337  2
4218500 2850500 11 17 10  -0.3 1017  94  1.5 8  3.6  99    0   48 294 -340  2
4218500 2850500 11 17 11   0.0 1017 121  1.7 8  3.7  99    0   40 292 -346  2
4218500 2850500 11 17 12   0.3 1017 127  1.9 8  3.7  98    0   41 290 -353  2
4218500 2850500 11 17 13   0.6 1016 131  2.1 8  3.7  96    0   35 287 -359  2
4218500 2850500 11 17 14   0.3 1016 154  2.1 8  3.7  94    0   26 282 -362  2
4218500 2850500 11 17 15   0.5 1016 148  2.4 8  3.6  94    0   19 278 -361  2
4218500 2850500 11 17 16   0.6 1015 126  2.0 8  3.7  94    0    4 276 -357  2
4218500 2850500 11 17 17   0.5 1015 151  2.1 8  3.7  94    0    0 273 -352  2
4218500 2850500 11 17 18   0.5 1015 146  1.9 8  3.7  94    0    0 270 -348  2
4218500 2850500 11 17 19   0.6 1015 133  1.9 8  3.7  94    0    0 268 -346  2
4218500 2850500 11 17 20   0.7 1015 128  2.1 8  3.7  93    0    0 265 -344  2
4218500 2850500 11 17 21   0.7 1014 120  2.0 8  3.7  93    0    0 263 -343  2
4218500 2850500 11 17 22   0.7 1014 119  1.9 8  3.7  94    0    0 262 -342  2
4218500 2850500 11 17 23   0.8 1014 132  1.7 8  3.8  94    0    0 263 -341  2
4218500 2850500 11 17 24   0.9 1014 129  2.1 8  3.8  93    0    0 263 -340  2
4218500 2850500 11 18  1   1.1 1013 145  1.6 8  3.8  93    0    0 264 -340  2
4218500 2850500 11 18  2   1.1 1013 145  2.3 8  3.9  94    0    0 266 -339  2
4218500 2850500 11 18  3   1.3 1012 163  1.8 8  3.9  94    0    0 266 -338  2
4218500 2850500 11 18  4   1.2 1012 178  2.2 8  3.9  94    0    0 266 -337  2
4218500 2850500 11 18  5   1.3 1011 144  2.0 7  3.8  92    0    0 264 -336  2
4218500 2850500 11 18  6  -0.2 1011 117  2.3 6  3.7  93    0    0 257 -335  2
4218500 2850500 11 18  7  -0.5 1010 140  2.2 6  3.6  97    0    0 251 -334  2
4218500 2850500 11 18  8  -0.6 1010 149  2.3 8  3.5  97    0    2 256 -333  2
4218500 2850500 11 18  9  -0.6 1011 135  2.5 8  3.5  97    7   32 260 -333  2
4218500 2850500 11 18 10  -0.3 1010 134  2.8 6  3.6  98    8   74 254 -336  2
4218500 2850500 11 18 11   0.1 1010 136  2.7 8  3.7  99    0   81 252 -340  2
4218500 2850500 11 18 12   0.8 1010 136  3.3 8  3.9  99    0   72 255 -346  2
4218500 2850500 11 18 13   1.5 1009 152  2.8 8  4.1  99    0   57 257 -350  2
4218500 2850500 11 18 14   2.0 1008 133  3.5 8  4.2  97    0   58 257 -352  2
4218500 2850500 11 18 15   2.2 1008 135  2.5 7  4.2  95    0   46 257 -351  2
4218500 2850500 11 18 16   2.3 1007 141  2.7 8  4.2  94    0   10 259 -347  2
4218500 2850500 11 18 17   2.3 1007 133  2.9 8  4.3  96    0    0 263 -342  2
4218500 2850500 11 18 18   2.2 1007 131  2.8 7  4.4  97    0    0 263 -338  2
4218500 2850500 11 18 19   2.4 1007 134  3.2 7  4.4  98    0    0 262 -335  2
4218500 2850500 11 18 20   2.2 1006 143  3.1 7  4.4  98    0    0 264 -332  2
4218500 2850500 11 18 21   2.1 1006 153  3.3 8  4.4  98    0    0 269 -331  2
4218500 2850500 11 18 22   1.7 1006 162  2.9 8  4.3  97    0    0 272 -329  2
4218500 2850500 11 18 23   1.0 1006 166  2.7 7  4.1  98    0    0 269 -327  2
4218500 2850500 11 18 24   0.3 1006 166  2.7 6  3.9  98    0    0 261 -326  2
4218500 2850500 11 19  1  -0.1 1006 176  2.4 6  3.7  97    0    0 256 -325  2
4218500 2850500 11 19  2  -0.1 1006 192  2.2 6  3.6  95    0    0 256 -323  2
4218500 2850500 11 19  3  -0.3 1006 196  2.5 5  3.5  94    0    0 252 -321  2
4218500 2850500 11 19  4   0.0 1006 210  2.3 6  3.6  95    0    0 253 -320  2
4218500 2850500 11 19  5   0.4 1005 215  2.5 8  3.7  96    0    0 271 -320  2
4218500 2850500 11 19  6   1.3 1005 207  2.8 8  3.9  96    0    0 286 -320  2
4218500 2850500 11 19  7   2.0 1006 204  2.8 8  4.1  95    0    0 291 -320  2
4218500 2850500 11 19  8   2.2 1006 186  2.3 8  4.2  94    0    1 294 -320  2
4218500 2850500 11 19  9   2.6 1006 193  2.5 8  4.2  93    0   20 295 -321  2
4218500 2850500 11 19 10   2.9 1006 202  2.5 8  4.3  92    0   34 296 -324  2
4218500 2850500 11 19 11   3.7 1006 221  2.8 7  4.4  92    0   48 292 -331  2
4218500 2850500 11 19 12   4.4 1007 211  2.3 7  4.6  90    0   77 290 -338  2
4218500 2850500 11 19 13   4.9 1007 197  1.9 7  4.7  89    0   74 294 -345  2
4218500 2850500 11 19 14   5.2 1006 192  2.3 8  4.9  89    0   35 301 -348  2
4218500 2850500 11 19 15   5.6 1007 205  2.4 8  5.1  90    0   22 309 -347  2
4218500 2850500 11 19 16   5.7 1007 203  1.9 8  5.2  91    0    8 311 -343  2
4218500 2850500 11 19 17   5.9 1007 212  2.2 8  5.2  90    0    0 313 -337  2
4218500 2850500 11 19 18   6.0 1008 204  1.9 8  5.3  90    0    0 315 -334  2
4218500 2850500 11 19 19   6.1 1008 212  2.0 8  5.3  90    0    0 318 -335  2
4218500 2850500 11 19 20   6.1 1009 234  1.7 8  5.4  92    0    0 320 -336  2
4218500 2850500 11 19 21   6.1 1009 264  1.9 8  5.6  95    0    0 323 -337  2
4218500 2850500 11 19 22   6.3 1010 307  1.9 8  5.7  96    0    0 324 -337  2
4218500 2850500 11 19 23   6.2 1010 340  1.4 8  5.7  96    0    0 325 -338  2
4218500 2850500 11 19 24   6.2 1011 337  1.9 8  5.7  96    0    0 326 -340  2
4218500 2850500 11 20  1   6.1 1011   4  1.8 8  5.7  96    0    0 326 -341  2
4218500 2850500 11 20  2   6.2 1012  25  1.9 8  5.6  96    0    0 327 -342  2
4218500 2850500 11 20  3   5.8 1013   5  1.5 8  5.6  95    0    0 328 -343  2
4218500 2850500 11 20  4   5.7 1013   5  1.6 8  5.5  96    0    0 329 -343  2
4218500 2850500 11 20  5   5.6 1013 352  1.5 8  5.4  96    0    0 330 -343  2
4218500 2850500 11 20  6   5.4 1014  31  1.9 7  5.4  97    0    0 324 -343  2
4218500 2850500 11 20  7   4.9 1014  53  1.8 6  5.3  96    0    0 308 -342  2
4218500 2850500 11 20  8   4.3 1014  67  2.1 6  5.1  96    0    4 300 -342  2
4218500 2850500 11 20  9   5.1 1015  88  2.0 6  5.2  97    7   29 302 -343  2
4218500 2850500 11 20 10   5.7 1015 119  2.3 8  5.4  97    1   57 318 -346  2
4218500 2850500 11 20 11   5.9 1015 117  2.7 7  5.5  96    0   57 326 -351  2
4218500 2850500 11 20 12   6.1 1015 151  2.9 8  5.6  96    0   57 325 -355  2
4218500 2850500 11 20 13   6.3 1015 121  2.8 7  5.7  96    0   48 325 -357  2
4218500 2850500 11 20 14   6.4 1015 109  2.3 8  5.7  96    0   33 325 -359  2
4218500 2850500 11 20 15   6.6 1015 119  2.8 8  5.8  96    0   20 329 -359  2
4218500 2850500 11 20 16   6.7 1015 115  2.8 7  5.8  96    0    3 325 -357  2
4218500 2850500 11 20 17   6.8 1015 136  2.7 8  5.9  96    0    0 325 -354  2
4218500 2850500 11 20 18   6.9 1015 144  2.6 8  5.9  95    0    0 330 -349  2
4218500 2850500 11 20 19   6.9 1015 144  3.2 8  5.9  95    0    0 331 -345  2
4218500 2850500 11 20 20   7.0 1015 144  2.9 8  5.9  95    0    0 331 -344  2
4218500 2850500 11 20 21   6.9 1015 144  3.0 7  5.9  95    0    0 326 -345  2
4218500 2850500 11 20 22   7.1 1015 153  3.6 7  5.8  94    0    0 322 -344  2
4218500 2850500 11 20 23   7.2 1015 158  3.0 7  5.8  92    0    0 322 -344  2
4218500 2850500 11 20 24   6.8 1015 162  3.1 8  5.8  92    0    0 327 -344  2
4218500 2850500 11 21  1   6.4 1015 163  3.1 7  5.6  92    0    0 324 -345  2
4218500 2850500 11 21  2   6.0 1015 165  3.2 7  5.4  92    0    0 318 -346  2
4218500 2850500 11 21  3   5.6 1015 160  2.4 7  5.3  93    0    0 316 -347  2
4218500 2850500 11 21  4   5.1 1015 164  2.1 7  5.2  94    0    0 314 -347  2
4218500 2850500 11 21  5   4.8 1015 164  2.3 7  5.2  96    0    0 312 -346  2
4218500 2850500 11 21  6   4.6 1015 161  2.5 8  5.1  97    0    0 316 -347  2
4218500 2850500 11 21  7   4.1 1015 161  2.3 8  5.0  98    0    0 321 -347  2
4218500 2850500 11 21  8   3.4 1015 163  3.3 7  4.8  98    0    1 315 -347  2
4218500 2850500 11 21  9   3.3 1016 160  2.2 8  4.7  97    5   29 313 -347  2
4218500 2850500 11 21 10   3.6 1016 139  1.7 6  4.7  98   10   71 308 -348  2
4218500 2850500 11 21 11   4.1 1016 147  1.7 7  4.9  98    4   91 304 -352  2
4218500 2850500 11 21 12   4.4 1016 154  2.4 7  5.1  99    5  106 308 -356  2
4218500 2850500 11 21 13   5.1 1016 157  1.4 7  5.2  98    6  104 308 -360  2
4218500 2850500 11 21 14   5.1 1016  82  1.3 7  5.2  96    0   59 308 -361  2
4218500 2850500 11 21 15   5.6 1016  92  1.7 7  5.2  95    0   39 308 -359  2
4218500 2850500 11 21 16   4.9 1016 101  2.8 7  5.2  94    0   18 307 -354  2
4218500 2850500 11 21 17   4.8 1016 109  1.8 7  5.0  94    0    0 306 -349  2
4218500 2850500 11 21 18   4.7 1016 114  1.8 8  5.0  94    0    0 310 -345  2
4218500 2850500 11 21 19   4.6 1016 105  2.3 8  5.0  94    0    0 312 -342  2
4218500 2850500 11 21 20   4.9 1016 118  2.2 8  5.0  94    0    0 311 -340  2
4218500 2850500 11 21 21   5.0 1016 131  2.2 8  5.1  95    0    0 310 -338  2
4218500 2850500 11 21 22   5.1 1016 120  2.0 8  5.1  95    0    0 312 -336  2
4218500 2850500 11 21 23   5.1 1016 120  2.0 8  5.1  94    0    0 314 -335  2
4218500 2850500 11 21 24   5.1 1016 120  2.1 8  5.1  94    0    0 315 -333  2
4218500 2850500 11 22  1   5.1 1016 121  2.1 8  5.1  94    0    0 316 -332  2
4218500 2850500 11 22  2   5.2 1015 113  2.3 8  5.1  94    0    0 315 -330  2
4218500 2850500 11 22  3   4.6 1015 113  3.0 8  5.0  94    0    0 314 -328  2
4218500 2850500 11 22  4   4.1 1015 123  2.3 8  4.9  96    0    0 313 -327  2
4218500 2850500 11 22  5   4.1 1015 137  3.2 7  4.9  96    0    0 309 -325  2
4218500 2850500 11 22  6   4.3 1014 150  3.0 8  5.0  97    0    0 310 -324  2
4218500 2850500 11 22  7   4.4 1014 152  3.1 8  5.1  98    0    0 317 -323  2
4218500 2850500 11 22  8   4.5 1014 140  3.7 8  5.1  98    0    0 318 -322  2
4218500 2850500 11 22  9   4.6 1014 139  4.1 7  5.1  98    2   24 315 -322  2
4218500 2850500 11 22 10   4.6 1014 133  3.3 7  5.1  97    3   61 311 -324  2
4218500 2850500 11 22 11   4.8 1014 132  3.8 7  5.0  95    1   77 311 -329  2
4218500 2850500 11 22 12   5.4 1014 134  3.9 7  5.1  93    0   81 312 -335  2
4218500 2850500 11 22 13   6.0 1013 133  4.8 7  5.2  92    0   82 314 -340  2
4218500 2850500 11 22 14   6.3 1013 132  4.6 5  5.3  90   18   94 306 -343  2
4218500 2850500 11 22 15   6.5 1012 122  4.3 3  5.3  89   37   63 290 -342  2
4218500 2850500 11 22 16   5.9 1012 123  4.4 5  5.3  90    4   23 290 -339  2
4218500 2850500 11 22 17   5.9 1012 129  4.6 4  5.4  93    0    0 295 -334  2
4218500 2850500 11 22 18   6.0 1012 133  4.7 5  5.5  95    0    0 295 -331  2
4218500 2850500 11 22 19   5.9 1012 126  4.9 5  5.6  96    0    0 301 -329  2
4218500 2850500 11 22 20   5.8 1012 134  4.2 6  5.4  94    0    0 306 -329  2
4218500 2850500 11 22 21   5.9 1012 134  4.2 8  5.4  94    0    0 321 -329  2
4218500 2850500 11 22 22   6.3 1012 145  3.3 8  5.5  94    0    0 331 -330  2
4218500 2850500 11 22 23   6.3 1012 147  2.8 7  5.6  94    0    0 326 -330  2
4218500 2850500 11 22 24   6.3 1012 164  2.7 6  5.6  95    0    0 315 -330  2
4218500 2850500 11 23  1   5.4 1012 173  3.1 4  5.5  95    0    0 297 -333  2
4218500 2850500 11 23  2   4.1 1012 193  2.6 2  5.1  96    0    0 270 -336  2
4218500 2850500 11 23  3   4.2 1013 216  2.5 4  4.9  95    0    0 267 -338  2
4218500 2850500 11 23  4   4.2 1013 216  2.8 7  4.8  94    0    0 295 -340  2
4218500 2850500 11 23  5   4.7 1013 202  2.7 8  4.8  91    0    0 317 -342  2
4218500 2850500 11 23  6   4.8 1014 210  3.3 7  4.8  91    0    0 318 -344  2
4218500 2850500 11 23  7   5.5 1014 220  4.1 8  4.9  90    0    0 318 -345  2
4218500 2850500 11 23  8   6.0 1014 209  4.0 7  5.0  88    0    1 320 -346  2
4218500 2850500 11 23  9   6.2 1015 211  3.8 7  5.1  87    9   27 316 -347  2
4218500 2850500 11 23 10   7.3 1016 228  3.8 7  5.2  85    2   59 317 -349  2
4218500 2850500 11 23 11   8.1 1017 238  4.2 7  5.2  80    6   90 320 -351  2
4218500 2850500 11 23 12   9.0 1017 239  4.4 6  5.3  76   93  118 316 -353  2
4218500 2850500 11 23 13  10.1 1017 252  4.1 6  5.3  72   88  119 313 -355  2
4218500 2850500 11 23 14   9.6 1017 267  3.8 6  5.1  67   30  102 313 -357  2
4218500 2850500 11 23 15  10.0 1017 246  3.6 6  4.7  63   13   66 312 -357  2
4218500 2850500 11 23 16   8.5 1018 246  2.2 6  4.6  64    2   20 310 -357  2
4218500 2850500 11 23 17   6.1 1018 200  2.5 4  4.5  72    0    0 289 -355  2
4218500 2850500 11 23 18   4.8 1018 201  2.8 3  4.5  82    0    0 264 -354  2
4218500 2850500 11 23 19   5.0 1018 192  2.9 2  4.7  87    0    0 249 -354  2
4218500 2850500 11 23 20   3.6 1018 188  2.7 1  4.6  90    0    0 233 -354  2
4218500 2850500 11 23 21   3.8 1018 191  2.6 0  4.6  92    0    0 219 -353  2
4218500 2850500 11 23 22   2.8 1018 196  2.3 0  4.5  94    0    0 210 -353  2
4218500 2850500 11 23 23   2.0 1018 167  2.5 0  4.3  95    0    0 208 -353  2
4218500 2850500 11 23 24   1.6 1018 161  2.7 0  4.1  94    0    0 207 -353  2
4218500 2850500 11 24  1   0.6 1018 161  2.0 0  3.9  95    0    0 209 -353  2
4218500 2850500 11 24  2   0.2 1018 149  2.2 0  3.7  95    0    0 210 -353  2
4218500 2850500 11 24  3   0.0 1018 150  2.2 0  3.7  96    0    0 210 -353  2
4218500 2850500 11 24  4  -0.2 1018 143  2.3 0  3.6  97    0    0 207 -353  2
4218500 2850500 11 24  5  -0.1 1017 140  2.6 0  3.6  97    0    0 204 -352  2
4218500 2850500 11 24  6  -0.5 1017 131  2.9 0  3.6  98    0    0 199 -351  2
4218500 2850500 11 24  7   0.2 1016 139  3.3 2  3.6  97    0    0 202 -350  2
4218500 2850500 11 24  8   0.5 1016 153  3.0 4  3.8  98    0    0 224 -348  2
4218500 2850500 11 24  9   0.5 1016 155  2.6 6  3.9  99    6   26 253 -347  2
4218500 2850500 11 24 10   1.0 1016 152  2.9 6  3.9  98   22   69 271 -348  2
4218500 2850500 11 24 11   2.1 1016 155  2.5 6  4.1  98   23  101 275 -350  2
4218500 2850500 11 24 12   2.8 1016 143  3.1 6  4.4  98   45  123 278 -353  2
4218500 2850500 11 24 13   5.1 1015 155  3.6 5  4.7  94  127  106 273 -355  2
4218500 2850500 11 24 14   6.1 1014 163  3.3 5  5.0  88   84   99 270 -357  2
4218500 2850500 11 24 15   6.0 1014 160  3.5 6  5.1  87   10   63 282 -357  2
4218500 2850500 11 24 16   5.8 1014 187  3.6 7  5.0  87    0   12 302 -356  2
4218500 2850500 11 24 17   5.6 1014 181  3.3 7  4.9  86    0    0 308 -354  2
4218500 2850500 11 24 18   5.6 1014 171  3.4 7  4.9  86    0    0 307 -352  2
4218500 2850500 11 24 19   5.5 1013 176  3.0 7  4.9  87    0    0 306 -350  2
4218500 2850500 11 24 20   5.7 1014 172  3.0 8  5.0  88    0    0 317 -348  2
4218500 2850500 11 24 21   5.3 1013 163  3.4 8  5.0  89    0    0 324 -347  2
4218500 2850500 11 24 22   5.8 1013 191  2.4 8  5.0  89    0    0 325 -347  2
4218500 2850500 11 24 23   6.1 1013 207  2.4 8  5.2  89    0    0 326 -348  2
4218500 2850500 11 24 24   5.9 1013 205  2.9 8  5.3  91    0    0 328 -349  2
4218500 2850500 11 25  1   6.1 1014 205  2.5 8  5.4  93    0    0 328 -350  2
4218500 2850500 11 25  2   5.9 1014 214  2.8 8  5.5  95    0    0 328 -349  2
4218500 2850500 11 25  3   5.9 1014 222  2.2 8  5.5  96    0    0 328 -348  2
4218500 2850500 11 25  4   5.9 1014 246  2.3 8  5.6  96    0    0 328 -345  2
4218500 2850500 11 25  5   5.9 1014 226  1.6 8  5.6  97    0    0 329 -343  2
4218500 2850500 11 25  6   5.6 1014 212  1.4 8  5.6  98    0    0 329 -340  2
4218500 2850500 11 25  7   5.8 1014 211  1.2 8  5.6  99    0    0 329 -337  2
4218500 2850500 11 25  8   5.8 1014 201  1.0 8  5.6  98    0    0 329 -334  2
4218500 2850500 11 25  9   5.8 1014 175  0.9 8  5.7  99    0   22 329 -335  2
4218500 2850500 11 25 10   6.1 1015 191  1.0 7  5.7  99    1   58 322 -340  2
4218500 2850500 11 25 11   6.6 1015  72  0.5 7  5.8  98    0   61 316 -344  2
4218500 2850500 11 25 12   6.7 1015  66  0.5 7  6.0  98    0   74 316 -347  2
4218500 2850500 11 25 13   7.5 1015  37  0.7 6  6.0  96    3  103 310 -349  2
4218500 2850500 11 25 14   7.7 1015  60  1.5 8  6.0  93    0   61 315 -350  2
4218500 2850500 11 25 15   7.4 1015  60  2.5 8  6.0  92    0   16 328 -349  2
4218500 2850500 11 25 16   7.0 1015  68  2.9 8  5.9  93    0    5 325 -346  2
4218500 2850500 11 25 17   6.7 1015  60  2.7 8  5.8  94    0    0 322 -343  2
4218500 2850500 11 25 18   6.5 1015  59  2.6 8  5.8  95    0    0 319 -341  2
4218500 2850500 11 25 19   6.3 1015  84  3.5 8  5.7  96    0    0 318 -341  2
4218500 2850500 11 25 20   6.1 1015  87  3.7 8  5.7  96    0    0 317 -342  2
4218500 2850500 11 25 21   5.9 1015  81  3.1 8  5.6  97    0    0 318 -342  2
4218500 2850500 11 25 22   6.1 1014 108  3.2 8  5.7  98    0    0 320 -343  2
4218500 2850500 11 25 23   6.2 1014 117  3.5 7  5.8  98    0    0 313 -344  2
4218500 2850500 11 25 24   6.6 1013 118  3.6 7  5.9  99    0    0 309 -345  2
4218500 2850500 11 26  1   6.5 1013 110  3.9 8  5.9  98    0    0 319 -346  2
4218500 2850500 11 26  2   6.6 1012 118  4.1 8  5.8  95    0    0 327 -347  2
4218500 2850500 11 26  3   6.4 1011 108  3.6 8  5.7  95    0    0 328 -346  2
4218500 2850500 11 26  4   6.1 1011 121  4.1 7  5.6  95    0    0 320 -345  2
4218500 2850500 11 26  5   6.0 1010 114  3.9 7  5.6  96    0    0 312 -344  2
4218500 2850500 11 26  6   6.0 1009 122  4.6 8  5.6  95    0    0 321 -345  2
4218500 2850500 11 26  7   6.0 1008 125  4.4 8  5.5  94    0    0 331 -346  2
4218500 2850500 11 26  8   6.3 1008 139  5.2 7  5.4  91    0    0 323 -348  2
4218500 2850500 11 26  9   6.3 1007 141  4.9 8  5.2  87    0    4 324 -350  2
4218500 2850500 11 26 10   6.1 1007 140  4.6 7  5.1  87    0   18 325 -352  2
4218500 2850500 11 26 11   7.0 1006 150  4.7 7  5.1  85    0   45 318 -355  2
4218500 2850500 11 26 12   7.8 1005 161  4.3 7  5.2  80    0   61 323 -359  2
4218500 2850500 11 26 13   9.2 1006 170  3.4 6  5.4  77   10   90 321 -361  2
4218500 2850500 11 26 14  10.7 1005 195  4.0 6  5.5  72    7   76 318 -361  2
4218500 2850500 11 26 15  11.2 1004 200  4.3 7  5.8  70    0   44 327 -360  2
4218500 2850500 11 26 16  11.2 1004 198  3.4 7  6.0  71    0    4 332 -357  2
4218500 2850500 11 26 17  11.1 1005 210  4.2 7  5.8  69    0    0 329 -354  2
4218500 2850500 11 26 18  10.5 1005 230  3.9 6  5.5  68    0    0 322 -352  2
4218500 2850500 11 26 19  10.1 1006 230  4.8 5  5.3  67    0    0 307 -351  2
4218500 2850500 11 26 20   9.3 1006 234  4.3 4  4.9  66    0    0 288 -349  2
4218500 2850500 11 26 21   8.6 1007 230  4.4 2  4.7  66    0    0 269 -347  2
4218500 2850500 11 26 22   8.0 1008 225  4.4 2  4.6  67    0    0 263 -346  2
4218500 2850500 11 26 23   7.2 1007 235  4.1 2  4.7  73    0    0 257 -345  2
4218500 2850500 11 26 24   6.2 1007 253  3.7 4  4.8  81    0    0 250 -343  2
4218500 2850500 11 27  1   5.2 1005 278  2.9 5  4.9  89    0    0 309 -324  2
4218500 2850500 11 27  2   4.3 1005 302  2.3 7  5.0  94    0    0 307 -320  2
4218500 2850500 11 27  3   3.7 1005 319  1.7 8  4.9  98    0    0 307 -317  2
4218500 2850500 11 27  4   3.4 1005 319  1.6 8  4.8  98    0    0 303 -315  2
4218500 2850500 11 27  5   3.4 1005 318  1.7 8  4.8  98    0    0 303 -315  2
4218500 2850500 11 27  6   3.0 1005 318  1.8 8  4.7  98    0    0 307 -315  2
4218500 2850500 11 27  7   2.9 1005 321  1.7 8  4.7  99    0    0 307 -315  2
4218500 2850500 11 27  8   2.8 1006 280  0.9 8  4.6  98    0    0 305 -314  2
4218500 2850500 11 27  9   3.1 1006 263  0.7 8  4.6  98    2   24 304 -313  2
4218500 2850500 11 27 10   3.3 1006 239  1.2 6  4.7  99    6   71 294 -313  2
4218500 2850500 11 27 11   3.9 1006 172  0.9 7  4.8  96    0   64 289 -314  2
4218500 2850500 11 27 12   4.2 1006 213  1.0 6  4.7  92    0   65 289 -317  2
4218500 2850500 11 27 13   4.0 1006 214  1.4 5  4.6  90    0   50 278 -323  2
4218500 2850500 11 27 14   4.2 1006 162  1.3 7  4.5  89    0   44 280 -327  2
4218500 2850500 11 27 15   4.0 1006 193  1.5 7  4.5  88    0   35 285 -326  2
4218500 2850500 11 27 16   3.4 1006 219  1.6 7  4.4  89    0   19 283 -321  2
4218500 2850500 11 27 17   3.1 1006 195  1.2 8  4.4  90    0    0 285 -317  2
4218500 2850500 11 27 18   3.0 1006 141  1.6 7  4.3  90    0    0 285 -315  2
4218500 2850500 11 27 19   3.1 1006 130  1.6 7  4.3  90    0    0 281 -314  2
4218500 2850500 11 27 20   3.1 1006 148  1.6 7  4.2  89    0    0 282 -313  2
4218500 2850500 11 27 21   2.9 1006 121  1.7 7  4.2  89    0    0 283 -311  2
4218500 2850500 11 27 22   3.0 1006 140  2.7 8  4.3  92    0    0 290 -311  2
4218500 2850500 11 27 23   2.7 1006 156  2.4 8  4.5  96    0    0 298 -310  2
4218500 2850500 11 27 24   2.4 1006 144  2.5 8  4.4  97    0    0 298 -310  2
4218500 2850500 11 28  1   2.1 1005 168  2.8 8  4.4  98    0    0 297 -310  2
4218500 2850500 11 28  2   1.9 1005 159  2.7 7  4.4  99    0    0 290 -311  2
4218500 2850500 11 28  3   1.7 1005 151  2.9 7  4.3  99    0    0 283 -311  2
4218500 2850500 11 28  4   2.1 1005 165  4.0 8  4.3  99    0    0 291 -312  2
4218500 2850500 11 28  5   2.7 1004 161  3.0 8  4.5  99    0    0 299 -312  2
4218500 2850500 11 28  6   3.4 1004 169  3.2 8  4.7  99    0    0 302 -314  2
4218500 2850500 11 28  7   3.8 1003 218  4.6 8  4.9  99    0    0 304 -315  2
4218500 2850500 11 28  8   3.6 1003 217  4.7 8  4.9  99    0    0 305 -315  2
4218500 2850500 11 28  9   3.7 1004 221  4.2 8  4.9  98    0   11 305 -315  2
4218500 2850500 11 28 10   4.1 1004 239  3.8 7  4.9  97    0   27 298 -316  2
4218500 2850500 11 28 11   4.6 1004 238  4.1 7  5.1  98    0   58 291 -316  2
4218500 2850500 11 28 12   5.3 1005 251  3.9 7  5.3  97    0   74 294 -319  2
4218500 2850500 11 28 13   5.6 1005 276  3.6 8  5.2  93    0   57 304 -323  2
4218500 2850500 11 28 14   5.8 1005 271  4.2 8  5.2  90    0   42 313 -325  2
4218500 2850500 11 28 15   6.2 1005 268  3.6 5  5.1  87    0   41 292 -327  2
4218500 2850500 11 28 16   6.0 1006 249  3.0 7  5.1  87    0   13 285 -328  2
4218500 2850500 11 28 17   5.5 1006 250  3.2 6  5.1  89    0    0 292 -327  2
4218500 2850500 11 28 18   5.6 1007 249  2.3 6  5.1  91    0    0 287 -326  2
4218500 2850500 11 28 19   5.7 1008 274  3.3 7  5.2  91    0    0 295 -326  2
4218500 2850500 11 28 20   5.2 1008 258  3.2 7  5.1  91    0    0 301 -326  2
4218500 2850500 11 28 21   5.3 1009 267  3.4 7  5.1  92    0    0 301 -325  2
4218500 2850500 11 28 22   5.2 1009 274  3.3 7  5.1  91    0    0 302 -324  2
4218500 2850500 11 28 23   4.9 1010 259  3.6 7  5.0  91    0    0 302 -322  2
4218500 2850500 11 28 24   4.6 1010 257  3.5 7  4.9  92    0    0 302 -321  2
4218500 2850500 11 29  1   4.2 1011 277  3.9 7  4.8  92    0    0 302 -322  2
4218500 2850500 11 29  2   4.0 1011 266  4.1 7  4.7  92    0    0 303 -323  2
4218500 2850500 11 29  3   3.8 1012 276  4.5 7  4.6  92    0    0 303 -324  2
4218500 2850500 11 29  4   3.9 1012 286  4.0 7  4.6  92    0    0 305 -325  2
4218500 2850500 11 29  5   3.3 1012 276  3.7 7  4.6  93    0    0 305 -324  2
4218500 2850500 11 29  6   3.4 1013 262  3.5 8  4.5  93    0    0 310 -324  2
4218500 2850500 11 29  7   3.4 1013 278  3.9 8  4.5  94    0    0 317 -324  2
4218500 2850500 11 29  8   3.5 1013 276  2.9 8  4.6  95    0    0 319 -325  2
4218500 2850500 11 29  9   4.0 1013 268  2.4 8  4.7  95    0   11 322 -326  2
4218500 2850500 11 29 10   3.9 1013 199  2.4 8  4.8  94    0   27 323 -327  2
4218500 2850500 11 29 11   4.2 1013 215  2.3 8  4.8  95    0   31 324 -329  2
4218500 2850500 11 29 12   4.6 1013 204  2.2 7  5.1  97    0   48 320 -330  2
4218500 2850500 11 29 13   4.5 1012 212  3.1 7  5.2  99    0   53 316 -331  2
4218500 2850500 11 29 14   4.9 1012 190  2.6 7  5.2  98    0   38 317 -333  2
4218500 2850500 11 29 15   4.9 1011 161  1.8 6  5.3  98    0   32 315 -334  2
4218500 2850500 11 29 16   4.9 1011 162  2.1 8  5.3  98    0    2 321 -335  2
4218500 2850500 11 29 17   4.7 1011 127  2.3 8  5.3  99    0    0 331 -335  2
4218500 2850500 11 29 18   4.7 1011 121  2.8 8  5.3  99    0    0 331 -336  2
4218500 2850500 11 29 19   4.3 1010 128  3.3 8  5.1  98    0    0 331 -337  2
4218500 2850500 11 29 20   4.0 1010 125  3.4 8  5.0  98    0    0 331 -337  2
4218500 2850500 11 29 21   4.0 1010 151  3.1 8  4.9  98    0    0 330 -337  2
4218500 2850500 11 29 22   3.8 1009 150  3.7 8  4.9  98    0    0 331 -338  2
4218500 2850500 11 29 23   3.8 1009 113  3.7 8  4.9  99    0    0 332 -338  2
4218500 2850500 11 29 24   3.5 1009 113  3.9 8  4.9  98    0    0 331 -339  2
4218500 2850500 11 30  1   3.4 1009 118  4.4 8  4.8  98    0    0 332 -339  2
4218500 2850500 11 30  2   3.3 1009 112  4.0 8  4.8  98    0    0 331 -339  2
4218500 2850500 11 30  3   3.2 1009 103  4.6 8  4.7  98    0    0 331 -340  2
4218500 2850500 11 30  4   3.1 1010 107  4.7 8  4.6  96    0    0 330 -340  2
4218500 2850500 11 30  5   3.2 1010 104  4.6 8  4.6  96    0    0 330 -340  2
4218500 2850500 11 30  6   3.1 1010 112  5.2 8  4.5  95    0    0 331 -340  2
4218500 2850500 11 30  7   3.3 1011 119  4.9 8  4.5  93    0    0 330 -340  2
4218500 2850500 11 30  8   3.0 1011 112  5.1 8  4.4  92    0    0 331 -340  2
4218500 2850500 11 30  9   3.0 1012 118  5.1 8  4.3  91    0   11 330 -341  2
4218500 2850500 11 30 10   3.2 1012 137  5.3 7  4.3  90    0   34 321 -341  2
4218500 2850500 11 30 11   3.4 1013 135  5.4 8  4.2  88    0   26 322 -342  2
4218500 2850500 11 30 12   3.4 1013 151  5.2 8  4.2  86    0   28 330 -343  2
4218500 2850500 11 30 13   3.7 1014 133  5.8 8  4.2  86    0   39 330 -344  2
4218500 2850500 11 30 14   3.6 1014 118  5.3 7  4.2  86    0   51 321 -344  2
4218500 2850500 11 30 15   3.6 1014 120  5.0 5  4.2  85    2   62 293 -344  2
4218500 2850500 11 30 16   3.2 1014 135  4.2 7  4.1  85    0   16 296 -344  2
4218500 2850500 11 30 17   2.9 1015 123  5.2 8  4.1  86    0    0 321 -344  2
4218500 2850500 11 30 18   2.3 1015 125  5.5 8  3.9  85    0    0 328 -344  2
4218500 2850500 11 30 19   2.0 1016 126  5.0 8  3.7  84    0    0 326 -344  2
4218500 2850500 11 30 20   1.8 1017 111  5.0 8  3.7  85    0    0 325 -344  2
4218500 2850500 11 30 21   1.9 1017 123  5.2 8  3.7  85    0    0 325 -344  2
4218500 2850500 11 30 22   1.7 1017 129  5.5 8  3.6  84    0    0 325 -344  2
4218500 2850500 11 30 23   1.8 1017 128  5.0 8  3.6  84    0    0 324 -344  2
4218500 2850500 11 30 24   1.4 1017 127  5.3 8  3.6  84    0    0 323 -344  2
4218500 2850500 12  1  1   1.0 1017 126  5.2 7  3.5  86    0    0 306 -344  2
4218500 2850500 12  1  2   0.3 1017 122  5.3 6  3.5  87    0    0 296 -344  2
4218500 2850500 12  1  3  -0.4 1017 119  5.3 3  3.4  90    0    0 262 -343  2
4218500 2850500 12  1  4  -0.7 1018 120  5.6 4  3.3  91    0    0 241 -343  2
4218500 2850500 12  1  5  -0.7 1018 120  5.3 4  3.2  89    0    0 247 -342  2
4218500 2850500 12  1  6  -0.8 1017 120  5.4 2  3.2  88    0    0 233 -342  2
4218500 2850500 12  1  7  -0.9 1017 126  5.8 2  3.1  89    0    0 222 -341  2
4218500 2850500 12  1  8  -0.7 1017 120  5.4 2  3.2  89    0    0 227 -340  2
4218500 2850500 12  1  9  -0.6 1018 123  6.0 3  3.2  89   11   18 239 -339  2
4218500 2850500 12  1 10   0.1 1018 125  6.6 2  3.2  87   72   57 243 -338  2
4218500 2850500 12  1 11   0.8 1018 130  6.2 2  3.2  83  118   83 239 -337  2
4218500 2850500 12  1 12   1.6 1019 124  6.3 2  3.3  79  138   98 241 -336  2
4218500 2850500 12  1 13   1.9 1018 135  7.3 3  3.3  76  146   98 250 -336  2
4218500 2850500 12  1 14   2.0 1018 124  5.8 3  3.3  76  101   90 256 -335  2
4218500 2850500 12  1 15   1.5 1018 119  5.2 4  3.3  77   39   64 262 -334  2
4218500 2850500 12  1 16   0.6 1018 127  5.2 5  3.3  81    2   19 272 -333  2
4218500 2850500 12  1 17   0.1 1018 124  5.0 6  3.3  86    0    0 283 -331  2
4218500 2850500 12  1 18  -0.2 1018 129  4.5 6  3.3  88    0    0 288 -328  2
4218500 2850500 12  1 19   0.1 1018 134  5.5 4  3.3  89    0    0 275 -325  2
4218500 2850500 12  1 20  -0.4 1018 125  4.2 4  3.4  90    0    0 261 -322  2
4218500 2850500 12  1 21  -0.1 1018 128  4.5 6  3.4  91    0    0 272 -320  2
4218500 2850500 12  1 22  -0.1 1019 137  5.2 5  3.4  90    0    0 277 -318  2
4218500 2850500 12  1 23  -0.1 1019 123  4.2 5  3.4  90    0    0 269 -316  2
4218500 2850500 12  1 24  -0.3 1019 133  4.0 6  3.4  92    0    0 274 -316  2
4218500 2850500 12  2  1  -0.3 1019 134  5.2 7  3.4  93    0    0 287 -315  2
4218500 2850500 12  2  2  -0.3 1020 127  3.6 6  3.4  92    0    0 287 -315  2
4218500 2850500 12  2  3  -1.0 1020 128  3.8 7  3.3  93    0    0 286 -314  2
4218500 2850500 12  2  4  -0.8 1020 133  5.7 7  3.3  94    0    0 291 -312  2
4218500 2850500 12  2  5  -0.8 1020 128  3.8 7  3.4  95    0    0 291 -311  2
4218500 2850500 12  2  6  -0.5 1020 123  4.4 7  3.4  94    0    0 290 -311  2
4218500 2850500 12  2  7  -0.3 1021 137  3.6 8  3.4  92    0    0 295 -310  2
4218500 2850500 12  2  8  -0.2 1021 119  3.9 8  3.4  92    0    0 300 -309  2
4218500 2850500 12  2  9  -0.3 1022 116  3.6 8  3.4  92    0    9 299 -309  2
4218500 2850500 12  2 10   0.1 1022 134  5.0 8  3.4  92    0   43 298 -310  2
4218500 2850500 12  2 11   0.1 1023 124  4.1 7  3.4  90    0   47 292 -312  2
4218500 2850500 12  2 12   0.4 1023 125  4.6 7  3.4  89    0   65 284 -314  2
4218500 2850500 12  2 13   0.4 1023 127  5.1 6  3.4  88    3   94 278 -315  2
4218500 2850500 12  2 14   0.5 1023 120  3.4 5  3.4  88   18  109 265 -316  2
4218500 2850500 12  2 15   0.5 1023 114  3.7 6  3.4  88    8   67 263 -316  2
4218500 2850500 12  2 16   0.2 1023 112  4.0 8  3.4  88    1   19 280 -316  2
4218500 2850500 12  2 17  -0.1 1023 111  4.4 8  3.4  90    0    0 290 -315  2
4218500 2850500 12  2 18  -0.2 1023 128  3.7 8  3.4  91    0    0 289 -314  2
4218500 2850500 12  2 19  -0.3 1024 118  4.5 8  3.4  91    0    0 289 -312  2
4218500 2850500 12  2 20  -0.3 1024 119  4.3 8  3.4  92    0    0 289 -311  2
4218500 2850500 12  2 21  -0.6 1024 121  4.0 8  3.4  93    0    0 289 -310  2
4218500 2850500 12  2 22  -0.7 1024 135  4.7 8  3.4  94    0    0 289 -310  2
4218500 2850500 12  2 23  -0.9 1024 125  3.8 8  3.4  95    0    0 290 -310  2
4218500 2850500 12  2 24  -0.7 1024 115  3.8 8  3.4  95    0    0 290 -311  2
4218500 2850500 12  3  1  -0.9 1024 124  4.5 7  3.3  95    0    0 284 -311  2
4218500 2850500 12  3  2  -0.9 1024 116  4.6 8  3.3  95    0    0 281 -312  2
4218500 2850500 12  3  3  -1.1 1024 125  3.5 8  3.3  95    0    0 285 -311  2
4218500 2850500 12  3  4  -1.2 1024 121  3.0 8  3.3  95    0    0 283 -310  2
4218500 2850500 12  3  5  -1.0 1023 110  3.9 8  3.4  97    0    0 283 -308  2
4218500 2850500 12  3  6  -1.1 1023 120  3.9 8  3.4  97    0    0 282 -307  2
4218500 2850500 12  3  7  -1.0 1024 116  4.2 8  3.3  96    0    0 281 -305  2
4218500 2850500 12  3  8  -1.1 1024 120  3.7 8  3.4  97    0    0 280 -304  2
4218500 2850500 12  3  9  -0.9 1024 118  3.3 8  3.3  96    5    7 280 -304  2
4218500 2850500 12  3 10  -1.1 1024 126  3.9 8  3.3  95    5   34 279 -305  2
4218500 2850500 12  3 11  -0.7 1024 116  3.2 8  3.4  96    0   37 279 -308  2
4218500 2850500 12  3 12  -0.8 1024 128  3.4 8  3.4  95    0   35 279 -311  2
4218500 2850500 12  3 13  -0.7 1023 125  3.4 8  3.4  96    0   33 278 -313  2
4218500 2850500 12  3 14  -0.6 1023 119  4.2 8  3.4  95    0   28 277 -314  2
4218500 2850500 12  3 15  -0.5 1023 112  4.1 8  3.4  95    0   18 276 -314  2
4218500 2850500 12  3 16  -0.3 1022 135  4.9 8  3.5  96    0    4 275 -313  2
4218500 2850500 12  3 17  -0.3 1022 115  4.0 8  3.5  96    0    0 274 -311  2
4218500 2850500 12  3 18  -0.1 1022 124  3.5 8  3.6  96    0    0 274 -310  2
4218500 2850500 12  3 19  -0.4 1022 125  4.2 8  3.6  98    0    0 274 -310  2
4218500 2850500 12  3 20  -0.4 1021 135  3.8 8  3.6 100    0    0 273 -309  2
4218500 2850500 12  3 21  -0.3 1021 126  3.7 8  3.7 100    0    0 274 -309  2
4218500 2850500 12  3 22   0.0 1021 125  4.9 8  3.7  99    0    0 274 -308  2
4218500 2850500 12  3 23   0.0 1021 131  4.1 8  3.7  97    0    0 275 -307  2
4218500 2850500 12  3 24   0.1 1020 114  4.2 7  3.6  96    0    0 271 -306  2
4218500 2850500 12  4  1   0.2 1020 126  3.8 8  3.6  95    0    0 273 -305  2
4218500 2850500 12  4  2   0.1 1019 124  4.6 7  3.6  95    0    0 275 -304  2
4218500 2850500 12  4  3   0.0 1018 127  4.3 8  3.6  95    0    0 277 -304  2
4218500 2850500 12  4  4   0.1 1018 147  3.9 8  3.6  95    0    0 284 -304  2
4218500 2850500 12  4  5   0.2 1017 143  4.3 8  3.6  95    0    0 287 -304  2
4218500 2850500 12  4  6   0.3 1017 152  4.1 8  3.6  93    0    0 288 -303  2
4218500 2850500 12  4  7  -0.8 1016 167  5.1 8  3.4  91    0    0 287 -303  2
4218500 2850500 12  4  8  -0.9 1016 145  4.3 8  3.2  90    0    0 286 -303  2
4218500 2850500 12  4  9  -0.6 1015 139  4.5 8  3.2  89    1   12 287 -304  2
4218500 2850500 12  4 10  -0.4 1015 140  5.4 8  3.2  88    3   49 291 -306  2
4218500 2850500 12  4 11   0.0 1014 131  5.2 8  3.3  88    1   65 294 -309  2
4218500 2850500 12  4 12   0.5 1013 131  4.9 7  3.4  87    5   98 290 -312  2
4218500 2850500 12  4 13   1.1 1012 138  5.6 7  3.4  85    1   77 287 -314  2
4218500 2850500 12  4 14   1.7 1012 132  4.5 6  3.5  82   13  102 283 -315  2
4218500 2850500 12  4 15   1.9 1011 132  5.0 5  3.6  82    6   63 274 -316  2
4218500 2850500 12  4 16   2.0 1010 138  5.0 8  3.7  84    1   18 287 -316  2
4218500 2850500 12  4 17   2.0 1010 137  4.5 8  3.9  88    0    0 307 -317  2
4218500 2850500 12  4 18   1.9 1009 133  4.1 8  4.1  93    0    0 310 -317  2
4218500 2850500 12  4 19   1.9 1009 154  4.0 8  4.2  95    0    0 312 -317  2
4218500 2850500 12  4 20   2.4 1008 144  3.6 8  4.3  96    0    0 315 -317  2
4218500 2850500 12  4 21   2.7 1008 148  3.7 8  4.5  98    0    0 316 -317  2
4218500 2850500 12  4 22   3.1 1008 164  4.0 8  4.6  98    0    0 319 -318  2
4218500 2850500 12  4 23   3.5 1007 157  3.6 8  4.7  98    0    0 320 -318  2
4218500 2850500 12  4 24   3.7 1008 178  2.9 8  4.8  98    0    0 322 -318  2
4218500 2850500 12  5  1   4.3 1008 196  3.5 8  5.0  98    0    0 324 -318  2
4218500 2850500 12  5  2   5.3 1008 215  3.4 7  5.2  97    0    0 319 -318  2
4218500 2850500 12  5  3   5.9 1008 225  4.2 7  5.5  97    0    0 314 -319  2
4218500 2850500 12  5  4   6.2 1009 249  4.7 7  5.6  95    0    0 315 -320  2
4218500 2850500 12  5  5   6.3 1009 283  4.7 8  5.5  93    0    0 324 -322  2
4218500 2850500 12  5  6   6.0 1010 242  5.2 8  5.5  94    0    0 331 -324  2
4218500 2850500 12  5  7   6.0 1010 250  4.7 8  5.6  96    0    0 329 -327  2
4218500 2850500 12  5  8   6.2 1011 246  5.0 8  5.7  97    0    0 330 -331  2
4218500 2850500 12  5  9   6.3 1012 262  4.7 8  5.8  97    2   12 330 -334  2
4218500 2850500 12  5 10   6.6 1013 274  4.2 8  5.9  98    9   50 331 -335  2
4218500 2850500 12  5 11   7.3 1013 268  4.4 8  6.1  98    0   47 332 -337  2
4218500 2850500 12  5 12   7.4 1014 271  4.6 7  6.2  96    3   84 326 -338  2
4218500 2850500 12  5 13   8.0 1014 268  4.3 6  6.1  93   25  109 314 -340  2
4218500 2850500 12  5 14   8.0 1014 256  3.8 8  6.1  91    6   81 320 -342  2
4218500 2850500 12  5 15   7.7 1014 238  3.4 5  6.0  90    3   49 310 -342  2
4218500 2850500 12  5 16   7.6 1014 230  3.6 7  5.9  90    1   18 302 -341  2
4218500 2850500 12  5 17   7.2 1014 196  3.3 7  5.8  91    0    0 311 -338  2
4218500 2850500 12  5 18   6.6 1013 181  3.3 6  5.7  92    0    0 304 -336  2
4218500 2850500 12  5 19   5.8 1013 187  3.7 5  5.5  93    0    0 291 -335  2
4218500 2850500 12  5 20   5.5 1012 154  3.0 5  5.4  94    0    0 284 -335  2
4218500 2850500 12  5 21   4.7 1012 162  3.7 5  5.2  95    0    0 282 -335  2
4218500 2850500 12  5 22   4.5 1011 162  4.2 7  5.0  95    0    0 292 -335  2
4218500 2850500 12  5 23   4.6 1010 154  3.9 7  4.9  94    0    0 304 -334  2
4218500 2850500 12  5 24   4.5 1009 149  3.6 8  5.0  94    0    0 311 -333  2
4218500 2850500 12  6  1   4.7 1008 148  5.0 8  5.0  94    0    0 318 -331  2
4218500 2850500 12  6  2   4.5 1007 141  4.3 8  4.9  93    0    0 318 -330  2
4218500 2850500 12  6  3   4.3 1005 134  4.3 8  5.0  95    0    0 318 -330  2
4218500 2850500 12  6  4   4.3 1005 117  5.1 8  5.0  97    0    0 318 -330  2
4218500 2850500 12  6  5   4.5 1005 120  4.1 8  5.2  98    0    0 318 -330  2
4218500 2850500 12  6  6   4.3 1005 109  3.5 8  5.2  99    0    0 318 -330  2
4218500 2850500 12  6  7   4.4 1005  97  3.4 8  5.1  98    0    0 318 -328  2
4218500 2850500 12  6  8   4.5 1006  84  3.2 8  5.2  99    0    0 319 -324  2
4218500 2850500 12  6  9   4.6 1007  73  3.5 8  5.2  99    0    9 320 -319  2
4218500 2850500 12  6 10   4.7 1008  67  3.6 8  5.2  98    0   39 319 -316  2
4218500 2850500 12  6 11   4.9 1010  46  3.7 8  5.3  98    0   23 319 -315  2
4218500 2850500 12  6 12   4.9 1011  40  4.7 8  5.2  97    0   22 319 -315  2
4218500 2850500 12  6 13   4.8 1013  36  4.5 7  5.1  95    0   28 314 -315  2
4218500 2850500 12  6 14   4.8 1014  19  4.5 6  5.0  94    0   30 304 -314  2
4218500 2850500 12  6 15   5.0 1016   6  3.9 7  5.1  94    0   12 306 -310  2
4218500 2850500 12  6 16   4.8 1017  16  3.7 8  5.1  95    0    3 319 -305  2
4218500 2850500 12  6 17   4.9 1019   6  3.8 8  5.1  95    0    0 326 -303  2
4218500 2850500 12  6 18   5.1 1020 358  3.1 8  5.1  95    0    0 326 -301  2
4218500 2850500 12  6 19   5.0 1021   7  3.6 8  5.2  96    0    0 326 -299  2
4218500 2850500 12  6 20   4.9 1022 356  2.5 8  5.1  96    0    0 325 -295  2
4218500 2850500 12  6 21   4.9 1023 338  2.5 8  5.1  96    0    0 322 -292  2
4218500 2850500 12  6 22   5.0 1024   7  2.8 7  5.1  96    0    0 316 -290  2
4218500 2850500 12  6 23   4.7 1025 330  2.0 7  5.0  95    0    0 308 -289  2
4218500 2850500 12  6 24   4.9 1025 339  2.5 8  5.0  95    0    0 312 -288  2
4218500 2850500 12  7  1   4.9 1026 340  2.7 8  5.1  96    0    0 315 -288  2
4218500 2850500 12  7  2   4.9 1027 346  2.5 8  5.2  97    0    0 314 -288  2
4218500 2850500 12  7  3   4.7 1027 348  2.1 8  5.2  99    0    0 311 -288  2
4218500 2850500 12  7  4   4.8 1028 344  2.8 8  5.2 100    0    0 310 -288  2
4218500 2850500 12  7  5   4.8 1028 355  2.3 8  5.2  99    0    0 308 -288  2
4218500 2850500 12  7  6   4.7 1029   8  1.8 8  5.2  99    0    0 306 -289  2
4218500 2850500 12  7  7   4.7 1029 352  2.4 8  5.2  99    0    0 303 -289  2
4218500 2850500 12  7  8   4.8 1030 343  2.0 8  5.2  99    0    0 298 -290  2
4218500 2850500 12  7  9   4.6 1030 350  1.9 8  5.2  99    0    8 293 -291  2
4218500 2850500 12  7 10   4.8 1031 348  2.1 8  5.2 100    0   36 292 -294  2
4218500 2850500 12  7 11   5.0 1032  10  2.1 8  5.3 100    0   28 295 -299  2
4218500 2850500 12  7 12   5.2 1032  15  1.7 8  5.3  99    0   29 297 -303  2
4218500 2850500 12  7 13   5.3 1032  22  2.2 8  5.3  99    0   31 298 -307  2
4218500 2850500 12  7 14   5.4 1033  14  0.9 8  5.3  97    0   27 300 -309  2
4218500 2850500 12  7 15   5.4 1033 347  0.7 8  5.2  94    0   15 301 -309  2
4218500 2850500 12  7 16   5.2 1033 348  1.6 8  5.0  93    0    3 301 -307  2
4218500 2850500 12  7 17   5.2 1033  25  1.2 8  5.0  93    0    0 301 -305  2
4218500 2850500 12  7 18   5.0 1034  38  1.7 8  5.0  94    0    0 299 -303  2
4218500 2850500 12  7 19   4.8 1034  67  2.2 8  5.0  95    0    0 295 -302  2
4218500 2850500 12  7 20   4.9 1035  70  1.8 8  5.1  97    0    0 293 -301  2
4218500 2850500 12  7 21   4.5 1035  59  2.2 8  5.0  97    0    0 292 -299  2
4218500 2850500 12  7 22   3.4 1036  71  3.4 8  4.8  96    0    0 289 -298  2
4218500 2850500 12  7 23   2.4 1036  74  3.1 8  4.5  99    0    0 287 -298  2
4218500 2850500 12  7 24   2.2 1036  66  2.7 8  4.3  98    0    0 285 -301  2
4218500 2850500 12  8  1   1.9 1037  81  2.7 8  4.2  97    0    0 285 -304  2
4218500 2850500 12  8  2   1.7 1037  50  1.7 8  4.1  96    0    0 285 -306  2
4218500 2850500 12  8  3   1.7 1037  59  1.6 8  4.0  95    0    0 284 -306  2
4218500 2850500 12  8  4   1.3 1037  76  2.6 8  3.9  95    0    0 283 -307  2
4218500 2850500 12  8  5   1.3 1037  59  1.7 7  3.8  94    0    0 277 -307  2
4218500 2850500 12  8  6   0.8 1037  63  1.1 7  3.7  92    0    0 271 -307  2
4218500 2850500 12  8  7   1.2 1037  73  2.7 7  3.6  90    0    0 269 -305  2
4218500 2850500 12  8  8   1.4 1038  77  2.2 7  3.6  88    0    0 270 -304  2
4218500 2850500 12  8  9   1.4 1038  90  1.5 7  3.6  88    0    8 269 -303  2
4218500 2850500 12  8 10   1.7 1038 101  1.7 8  3.6  88    0   40 272 -304  2
4218500 2850500 12  8 11   1.8 1039  86  2.4 7  3.6  85    0   49 273 -307  2
4218500 2850500 12  8 12   1.8 1039 117  2.4 7  3.3  79    0   48 268 -310  2
4218500 2850500 12  8 13   2.0 1038  96  2.7 6  3.2  75    0   56 265 -312  2
4218500 2850500 12  8 14   1.7 1039  85  1.8 6  3.1  74    0   34 261 -313  2
4218500 2850500 12  8 15   1.4 1039  79  1.9 7  3.1  74    0   18 265 -312  2
4218500 2850500 12  8 16   0.9 1039  80  2.2 6  3.0  75    0    5 264 -311  2
4218500 2850500 12  8 17   0.9 1039  67  2.3 7  3.0  77    0    0 263 -307  2
4218500 2850500 12  8 18   0.3 1039  91  2.5 6  3.0  78    0    0 262 -306  2
4218500 2850500 12  8 19  -0.1 1039  88  2.4 7  2.9  78    0    0 260 -306  2
4218500 2850500 12  8 20  -0.5 1039  51  2.5 7  2.9  80    0    0 262 -305  2
4218500 2850500 12  8 21  -1.4 1039  57  2.0 7  2.8  81    0    0 261 -301  2
4218500 2850500 12  8 22  -1.6 1039  92  2.0 7  2.8  84    0    0 260 -297  2
4218500 2850500 12  8 23  -1.6 1039  85  2.1 7  2.8  85    0    0 259 -293  2
4218500 2850500 12  8 24  -1.5 1039  84  1.8 7  2.8  85    0    0 259 -290  2
4218500 2850500 12  9  1  -1.7 1039 123  2.2 6  2.8  85    0    0 256 -288  2
4218500 2850500 12  9  2  -2.3 1039  83  2.0 5  2.7  86    0    0 247 -286  2
4218500 2850500 12  9  3  -2.5 1039  93  1.9 3  2.7  87    0    0 235 -284  2
4218500 2850500 12  9  4  -2.8 1039 121  2.1 3  2.7  88    0    0 228 -282  2
4218500 2850500 12  9  5  -3.4 1039 122  1.6 4  2.7  90    0    0 231 -281  2
4218500 2850500 12  9  6  -3.0 1038 136  1.8 5  2.7  91    0    0 240 -279  2
4218500 2850500 12  9  7  -2.8 1039 100  2.0 7  2.7  90    0    0 255 -278  2
4218500 2850500 12  9  8  -3.0 1039 134  2.1 7  2.6  88    0    0 266 -277  2
4218500 2850500 12  9  9  -2.9 1039 121  1.8 7  2.6  89    3   13 268 -276  2
4218500 2850500 12  9 10  -2.9 1040 118  2.6 7  2.7  89    8   52 270 -277  2
4218500 2850500 12  9 11  -2.5 1040 163  2.4 8  2.7  88    4   70 276 -281  2
4218500 2850500 12  9 12  -1.9 1040 175  2.0 6  2.7  86   15  107 273 -286  2
4218500 2850500 12  9 13  -1.6 1039 182  1.9 6  2.7  84   13  106 264 -290  2
4218500 2850500 12  9 14  -0.2 1039 188  1.1 5  2.7  79   45  106 261 -292  2
4218500 2850500 12  9 15  -0.2 1039 193  1.0 6  2.8  77    9   60 263 -291  2
4218500 2850500 12  9 16  -0.8 1039 192  1.4 6  2.8  78    0    8 268 -289  2
4218500 2850500 12  9 17  -1.5 1039 205  1.2 6  2.8  81    0    0 265 -285  2
4218500 2850500 12  9 18  -1.5 1039 200  0.8 5  2.8  84    0    0 256 -283  2
4218500 2850500 12  9 19  -1.3 1039 202  1.4 7  2.8  85    0    0 257 -281  2
4218500 2850500 12  9 20  -1.1 1039 224  0.6 7  2.8  82    0    0 263 -280  2
4218500 2850500 12  9 21  -1.1 1039 221  1.1 6  2.8  83    0    0 258 -280  2
4218500 2850500 12  9 22  -1.3 1039 225  2.2 7  2.9  84    0    0 257 -279  2
4218500 2850500 12  9 23  -1.5 1038 231  2.2 7  2.8  85    0    0 260 -279  2
4218500 2850500 12  9 24  -1.4 1038 238  2.1 7  2.8  85    0    0 261 -278  2
4218500 2850500 12 10  1  -1.2 1038 259  1.8 6  2.9  85    0    0 260 -278  2
4218500 2850500 12 10  2  -1.2 1037 258  1.8 7  2.9  86    0    0 261 -277  2
4218500 2850500 12 10  3  -1.0 1037 269  1.8 8  2.9  86    0    0 269 -276  2
4218500 2850500 12 10  4  -1.0 1036 244  2.2 8  3.0  86    0    0 273 -275  2
4218500 2850500 12 10  5  -1.0 1036 253  2.2 7  3.0  86    0    0 267 -274  2
4218500 2850500 12 10  6  -0.8 1036 274  2.4 8  2.9  85    0    0 266 -273  2
4218500 2850500 12 10  7  -0.5 1035 250  2.4 8  3.0  84    0    0 270 -271  2
4218500 2850500 12 10  8  -0.3 1035 260  2.2 8  3.0  84    0    0 272 -271  2
4218500 2850500 12 10  9  -0.5 1035 256  2.8 8  3.1  85    0    9 274 -275  2
4218500 2850500 12 10 10   0.1 1035 262  3.5 7  3.1  85    0   31 271 -282  2
4218500 2850500 12 10 11   0.5 1034 265  3.4 8  3.1  82    0   30 275 -288  2
4218500 2850500 12 10 12   1.0 1034 263  3.3 8  3.1  78    0   46 282 -295  2
4218500 2850500 12 10 13   1.3 1033 271  3.8 7  3.0  75    0   40 282 -299  2
4218500 2850500 12 10 14   1.2 1033 272  3.7 7  3.1  76    0   39 281 -300  2
4218500 2850500 12 10 15   1.3 1032 285  3.6 8  3.3  80    0   36 289 -300  2
4218500 2850500 12 10 16   0.7 1032 283  3.3 8  3.5  88    0    6 297 -301  2
4218500 2850500 12 10 17   0.9 1032 281  2.7 8  3.7  94    0    0 298 -301  2
4218500 2850500 12 10 18   1.3 1032 289  2.8 7  3.9  97    0    0 296 -301  2
4218500 2850500 12 10 19   1.4 1031 283  3.1 7  4.0  98    0    0 295 -301  2
4218500 2850500 12 10 20   1.3 1031 289  2.7 8  4.0  98    0    0 301 -302  2
4218500 2850500 12 10 21   1.5 1031 291  2.5 8  4.1  99    0    0 308 -302  2
4218500 2850500 12 10 22   1.9 1031 317  3.0 8  4.2  99    0    0 311 -303  2
4218500 2850500 12 10 23   1.9 1031 324  2.7 8  4.2  99    0    0 313 -304  2
4218500 2850500 12 10 24   2.4 1030 330  2.6 8  4.3  98    0    0 315 -305  2
4218500 2850500 12 11  1   2.6 1030 328  2.9 8  4.4  99    0    0 317 -306  2
4218500 2850500 12 11  2   2.8 1030 326  2.9 8  4.5  99    0    0 319 -307  2
4218500 2850500 12 11  3   3.0 1030 328  2.6 8  4.5  99    0    0 322 -308  2
4218500 2850500 12 11  4   3.1 1030 339  2.6 8  4.6  99    0    0 323 -309  2
4218500 2850500 12 11  5   3.1 1029 315  2.2 8  4.6  99    0    0 324 -310  2
4218500 2850500 12 11  6   3.4 1029 323  2.8 8  4.6  98    0    0 326 -311  2
4218500 2850500 12 11  7   3.4 1029 337  3.4 8  4.7  99    0    0 326 -311  2
4218500 2850500 12 11  8   3.5 1029 330  2.9 8  4.7  99    0    0 327 -312  2
4218500 2850500 12 11  9   3.4 1029 325  2.8 8  4.7  99    0    4 328 -314  2
4218500 2850500 12 11 10   3.4 1029 328  3.3 8  4.7  99    0   17 327 -315  2
4218500 2850500 12 11 11   3.4 1029 330  2.9 7  4.7  98    0   36 322 -315  2
4218500 2850500 12 11 12   3.4 1029 322  2.2 8  4.7  98    0   41 321 -316  2
4218500 2850500 12 11 13   3.4 1028 323  2.7 7  4.7  99    0   30 321 -319  2
4218500 2850500 12 11 14   3.3 1028 321  2.6 8  4.7  99    0   21 320 -322  2
4218500 2850500 12 11 15   3.7 1027 335  2.8 8  4.8  99    0   15 327 -323  2
4218500 2850500 12 11 16   3.8 1027 328  2.9 8  4.9  99    0    2 329 -322  2
4218500 2850500 12 11 17   3.8 1027 331  2.7 8  4.9  99    0    0 329 -321  2
4218500 2850500 12 11 18   3.8 1027 327  2.6 8  4.9  99    0    0 328 -320  2
4218500 2850500 12 11 19   3.8 1027 338  3.3 8  4.9  99    0    0 327 -320  2
4218500 2850500 12 11 20   4.0 1027 339  2.6 8  4.9  99    0    0 325 -321  2
4218500 2850500 12 11 21   4.0 1027 347  2.5 8  5.0  99    0    0 325 -322  2
4218500 2850500 12 11 22   4.0 1027 350  2.9 8  4.9  99    0    0 325 -323  2
4218500 2850500 12 11 23   3.9 1026 337  2.5 8  4.9  99    0    0 323 -323  2
4218500 2850500 12 11 24   3.9 1026 335  2.7 8  4.9  99    0    0 322 -324  2
4218500 2850500 12 12  1   4.0 1025 348  2.7 7  4.9  98    0    0 316 -323  2
4218500 2850500 12 12  2   4.0 1025 357  3.1 8  4.9  98    0    0 315 -322  2
4218500 2850500 12 12  3   4.0 1025 341  3.0 7  4.9  98    0    0 314 -321  2
4218500 2850500 12 12  4   4.1 1024 348  3.4 7  4.9  98    0    0 309 -321  2
4218500 2850500 12 12  5   4.1 1024 338  3.2 7  4.9  98    0    0 307 -320  2
4218500 2850500 12 12  6   4.2 1024 321  3.9 7  5.0  98    0    0 306 -319  2
4218500 2850500 12 12  7   4.3 1023 337  4.0 7  5.0  98    0    0 305 -318  2
4218500 2850500 12 12  8   4.5 1023 338  4.2 7  5.0  97    0    0 304 -317  2
4218500 2850500 12 12  9   4.5 1022 339  4.5 7  5.1  98    0    7 303 -316  2
4218500 2850500 12 12 10   4.6 1022 348  4.6 8  5.2  99    7   37 308 -316  2
4218500 2850500 12 12 11   5.0 1022   6  5.0 8  5.2  98    0   27 312 -317  2
4218500 2850500 12 12 12   5.2 1022  14  5.0 8  5.1  95    0   38 313 -320  2
4218500 2850500 12 12 13   5.5 1022  27  4.9 7  5.0  91    0   44 307 -321  2
4218500 2850500 12 12 14   5.5 1022  12  3.8 7  5.0  90    0   31 303 -321  2
4218500 2850500 12 12 15   5.4 1022  13  4.2 7  4.9  89    0   15 301 -320  2
4218500 2850500 12 12 16   4.7 1022  60  5.2 8  4.6  85    0    6 303 -318  2
4218500 2850500 12 12 17   4.0 1023  45  3.8 8  4.2  82    0    0 304 -316  2
4218500 2850500 12 12 18   3.7 1023  37  4.5 7  4.0  80    0    0 296 -315  2
4218500 2850500 12 12 19   3.3 1024  26  4.8 7  4.0  83    0    0 291 -315  2
4218500 2850500 12 12 20   3.0 1024  24  4.3 7  3.9  82    0    0 288 -313  2
4218500 2850500 12 12 21   2.6 1024  25  4.6 7  3.7  81    0    0 286 -309  2
4218500 2850500 12 12 22   2.2 1024  29  4.7 7  3.5  79    0    0 284 -306  2
4218500 2850500 12 12 23   1.5 1024  73  4.6 6  3.4  81    0    0 280 -305  2
4218500 2850500 12 12 24   0.7 1025 127  4.2 4  3.4  84    0    0 275 -305  2
4218500 2850500 12 13  1   0.1 1026 191  3.6 3  3.4  89    0    0 219 -309  2
4218500 2850500 12 13  2  -0.2 1025 239  3.0 3  3.5  94    0    0 216 -308  2
4218500 2850500 12 13  3  -0.3 1025 275  2.7 4  3.6  98    0    0 230 -308  2
4218500 2850500 12 13  4  -0.0 1025 275  2.9 5  3.6  98    0    0 264 -306  2
4218500 2850500 12 13  5   0.1 1025 284  3.0 6  3.7  98    0    0 289 -305  2
4218500 2850500 12 13  6   0.6 1025 290  3.8 8  3.8  99    0    0 294 -304  2
4218500 2850500 12 13  7   0.6 1024 302  3.3 8  3.9  99    0    0 295 -303  2
4218500 2850500 12 13  8   1.0 1025 295  3.4 7  3.9  98    0    0 290 -303  2
4218500 2850500 12 13  9   1.1 1025 285  3.1 8  4.0  99    0    7 292 -303  2
4218500 2850500 12 13 10   1.5 1025 242  2.6 8  4.1  99    0   33 298 -304  2
4218500 2850500 12 13 11   2.0 1025 252  3.1 7  4.2  99    0   46 295 -307  2
4218500 2850500 12 13 12   2.5 1025 261  3.4 8  4.3  99    0   46 295 -310  2
4218500 2850500 12 13 13   3.2 1024 282  3.6 7  4.5  98    0   30 296 -313  2
4218500 2850500 12 13 14   3.7 1024 273  4.2 8  4.7  99    0   21 298 -314  2
4218500 2850500 12 13 15   4.1 1023 280  3.7 8  4.9  99    0   19 302 -314  2
4218500 2850500 12 13 16   4.4 1023 261  3.6 8  5.0  98    0    3 302 -313  2
4218500 2850500 12 13 17   4.4 1023 263  3.9 7  5.0  98    0    0 297 -311  2
4218500 2850500 12 13 18   4.5 1022 274  4.0 7  5.1  98    0    0 291 -309  2
4218500 2850500 12 13 19   4.6 1022 276  3.8 7  5.1  98    0    0 291 -308  2
4218500 2850500 12 13 20   4.6 1022 273  3.5 7  5.1  98    0    0 292 -308  2
4218500 2850500 12 13 21   4.3 1022 266  4.0 7  5.0  97    0    0 291 -307  2
4218500 2850500 12 13 22   4.3 1021 263  4.2 7  4.9  96    0    0 291 -306  2
4218500 2850500 12 13 23   4.5 1020 261  3.9 7  5.0  96    0    0 294 -306  2
4218500 2850500 12 13 24   4.4 1020 268  4.0 8  5.0  97    0    0 301 -306  2
4218500 2850500 12 14  1   4.6 1019 270  4.1 8  5.1  98    0    0 307 -306  2
4218500 2850500 12 14  2   4.8 1018 270  4.0 8  5.2  98    0    0 309 -306  2
4218500 2850500 12 14  3   4.9 1018 270  3.9 8  5.3  99    0    0 311 -308  2
4218500 2850500 12 14  4   4.9 1017 259  4.1 8  5.3  98    0    0 313 -309  2
4218500 2850500 12 14  5   4.8 1017 259  4.3 8  5.2  98    0    0 314 -310  2
4218500 2850500 12 14  6   4.5 1016 266  4.0 8  5.1  98    0    0 315 -310  2
4218500 2850500 12 14  7   4.4 1016 266  4.1 8  5.1  97    0    0 316 -310  2
4218500 2850500 12 14  8   4.3 1015 251  3.8 8  5.0  97    0    0 317 -309  2
4218500 2850500 12 14  9   4.1 1015 247  3.6 7  4.9  96    0   10 311 -310  2
4218500 2850500 12 14 10   4.3 1015 231  3.2 7  4.9  96    4   46 306 -312  2
4218500 2850500 12 14 11   4.5 1015 239  3.3 7  5.0  96    0   47 307 -314  2
4218500 2850500 12 14 12   4.9 1015 246  3.2 7  5.0  95    0   51 307 -315  2
4218500 2850500 12 14 13   5.0 1015 245  3.3 7  5.2  96    0   36 308 -318  2
4218500 2850500 12 14 14   5.0 1015 250  3.2 7  5.2  97    0   29 308 -319  2
4218500 2850500 12 14 15   5.1 1014 268  3.3 7  5.3  98    0   18 309 -318  2
4218500 2850500 12 14 16   5.2 1014 252  2.9 8  5.4  98    0    3 315 -318  2
4218500 2850500 12 14 17   5.3 1014 242  3.0 8  5.4  98    0    0 320 -317  2
4218500 2850500 12 14 18   5.6 1014 260  3.4 8  5.5  98    0    0 322 -317  2
4218500 2850500 12 14 19   5.7 1014 260  3.9 8  5.6  98    0    0 321 -317  2
4218500 2850500 12 14 20   5.9 1014 262  4.4 8  5.6  98    0    0 322 -316  2
4218500 2850500 12 14 21   5.9 1014 250  4.9 8  5.6  96    0    0 323 -316  2
4218500 2850500 12 14 22   6.0 1013 261  5.1 8  5.5  95    0    0 324 -317  2
4218500 2850500 12 14 23   5.9 1013 259  5.0 8  5.5  95    0    0 323 -317  2
4218500 2850500 12 14 24   5.7 1012 278  6.4 8  5.3  92    0    0 322 -318  2
4218500 2850500 12 15  1   5.4 1012 271  5.6 7  5.0  89    0    0 316 -319  2
4218500 2850500 12 15  2   5.5 1011 268  5.4 7  4.9  88    0    0 312 -319  2
4218500 2850500 12 15  3   5.7 1010 270  6.1 7  5.0  88    0    0 316 -318  2
4218500 2850500 12 15  4   5.4 1010 260  6.6 7  5.0  89    0    0 318 -316  2
4218500 2850500 12 15  5   5.4 1008 259  6.9 8  5.1  91    0    0 324 -317  2
4218500 2850500 12 15  6   5.7 1007 251  7.3 8  5.2  92    0    0 329 -319  2
4218500 2850500 12 15  7   5.7 1005 251  8.3 8  5.2  90    0    0 330 -322  2
4218500 2850500 12 15  8   5.9 1004 250  8.6 8  5.2  89    0    0 329 -324  2
4218500 2850500 12 15  9   5.7 1003 251  8.5 8  5.3  91    0    3 329 -325  2
4218500 2850500 12 15 10   6.1 1001 250  9.8 8  5.5  94    0   29 329 -327  2
4218500 2850500 12 15 11   6.3 1000 268  8.7 7  5.6  94    6   71 324 -328  2
4218500 2850500 12 15 12   6.9 1000 271  8.7 4  5.6  92   53  114 303 -331  2
4218500 2850500 12 15 13   7.7  998 280 11.2 3  5.5  85   37  113 282 -333  2
4218500 2850500 12 15 14   7.9  998 285  9.7 5  5.2  77    0   46 286 -334  2
4218500 2850500 12 15 15   7.6  997 282  8.8 7  4.9  74    0   21 307 -335  2
4218500 2850500 12 15 16   6.9  997 282  8.7 6  4.8  75    0   16 311 -334  2
4218500 2850500 12 15 17   6.5  997 292  9.8 6  4.7  76    0    0 302 -332  2
4218500 2850500 12 15 18   5.9  997 292  8.5 6  4.7  79    0    0 298 -332  2
4218500 2850500 12 15 19   5.7  997 289  8.1 6  4.8  82    0    0 294 -332  2
4218500 2850500 12 15 20   5.3  997 282  8.0 6  4.7  83    0    0 291 -331  2
4218500 2850500 12 15 21   5.2  997 288  8.2 6  4.6  83    0    0 288 -330  2
4218500 2850500 12 15 22   5.4  996 278  6.9 7  4.6  82    0    0 295 -329  2
4218500 2850500 12 15 23   5.2  996 280  6.9 7  4.6  81    0    0 302 -328  2
4218500 2850500 12 15 24   5.0  996 278  7.1 7  4.6  84    0    0 301 -327  2
4218500 2850500 12 16  1   5.2  996 282  6.9 7  4.7  85    0    0 302 -326  2
4218500 2850500 12 16  2   4.9  995 288  7.8 7  4.6  84    0    0 301 -326  2
4218500 2850500 12 16  3   4.5  994 271  6.2 8  4.7  86    0    0 306 -326  2
4218500 2850500 12 16  4   5.2  993 263  5.5 8  4.8  87    0    0 314 -324  2
4218500 2850500 12 16  5   4.4  991 250  5.4 8  5.0  91    0    0 313 -324  2
4218500 2850500 12 16  6   4.5  989 258  6.9 8  5.2  98    0    0 313 -323  2
4218500 2850500 12 16  7   4.2  986 230  7.8 8  5.2  98    0    0 313 -326  2
4218500 2850500 12 16  8   4.0  983 225  8.1 8  5.1  98    0    0 313 -328  2
4218500 2850500 12 16  9   5.2  979 248  9.3 8  5.3  98    0    4 316 -330  2
4218500 2850500 12 16 10   6.1  976 249  8.4 8  5.7  97   13   28 320 -333  2
4218500 2850500 12 16 11   6.3  975 282  8.0 6  5.8  94   13   52 308 -334  2
4218500 2850500 12 16 12   5.7  974 281 11.5 7  5.2  86    0   48 297 -330  2
4218500 2850500 12 16 13   3.8  972 302 10.9 8  4.7  86    0   27 303 -325  2
4218500 2850500 12 16 14   1.9  973 322 10.9 8  4.5  92    0   35 302 -321  2
4218500 2850500 12 16 15   1.9  978 314  9.9 8  4.3  94    0   32 296 -319  2
4218500 2850500 12 16 16   2.0  981 301  8.5 7  4.2  94    0    4 287 -317  2
4218500 2850500 12 16 17   1.1  982 312  8.5 7  4.0  91    0    0 274 -316  2
4218500 2850500 12 16 18   1.0  983 297  6.4 5  3.8  90    0    0 255 -315  2
4218500 2850500 12 16 19   0.3  984 310  6.4 6  3.8  93    0    0 244 -315  2
4218500 2850500 12 16 20   0.3  985 314  6.4 7  3.8  96    0    0 253 -315  2
4218500 2850500 12 16 21   0.5  986 295  6.0 7  3.8  95    0    0 260 -314  2
4218500 2850500 12 16 22   0.3  988 287  6.4 7  3.8  94    0    0 259 -313  2
4218500 2850500 12 16 23   0.3  989 292  6.6 7  3.7  94    0    0 259 -311  2
4218500 2850500 12 16 24   0.1  989 285  6.4 6  3.7  94    0    0 254 -310  2
4218500 2850500 12 17  1  -0.4  990 283  5.6 7  3.6  94    0    0 255 -310  2
4218500 2850500 12 17  2  -0.3  990 283  5.7 7  3.5  91    0    0 260 -309  2
4218500 2850500 12 17  3  -0.3  989 281  5.4 7  3.4  90    0    0 260 -309  2
4218500 2850500 12 17  4   0.1  990 290  5.6 7  3.6  92    0    0 260 -309  2
4218500 2850500 12 17  5   0.5  990 285  3.9 8  3.7  94    0    0 265 -310  2
4218500 2850500 12 17  6   0.6  989 295  3.2 8  3.8  94    0    0 270 -310  2
4218500 2850500 12 17  7   0.5  989 305  3.9 7  3.8  93    0    0 264 -310  2
4218500 2850500 12 17  8   0.3  989 316  3.8 7  3.7  92    0    0 256 -308  2
4218500 2850500 12 17  9   0.2  990 339  3.0 7  3.7  93    0    0 254 -306  2
4218500 2850500 12 17 10   0.3  991 343  2.1 7  3.6  92    0   27 254 -305  2
4218500 2850500 12 17 11   0.6  992 305  2.4 7  3.6  91   22   56 253 -306  2
4218500 2850500 12 17 12   0.9  992 328  3.9 6  3.7  90   39   68 248 -308  2
4218500 2850500 12 17 13   1.2  993 314  3.3 7  3.7  89    8   73 248 -309  2
4218500 2850500 12 17 14   1.2  993 320  4.1 8  3.7  88    4   62 256 -310  2
4218500 2850500 12 17 15   0.6  994 300  3.3 8  3.8  91    6   41 260 -311  2
4218500 2850500 12 17 16   0.3  995 315  4.6 7  3.8  95    0    9 253 -310  2
4218500 2850500 12 17 17   0.3  996 305  4.2 7  3.7  94    0    0 246 -309  2
4218500 2850500 12 17 18   0.0  997 309  4.2 7  3.7  95    0    0 246 -307  2
4218500 2850500 12 17 19  -0.1  998 313  3.6 6  3.7  96    0    0 239 -305  2
4218500 2850500 12 17 20  -0.5  999 303  3.9 6  3.6  96    0    0 232 -304  2
4218500 2850500 12 17 21  -0.9 1000 292  4.2 5  3.5  97    0    0 226 -304  2
4218500 2850500 12 17 22  -0.9 1001 303  5.1 3  3.5  97    0    0 211 -303  2
4218500 2850500 12 17 23  -1.3 1001 301  4.3 4  3.4  97    0    0 209 -302  2
4218500 2850500 12 17 24  -1.2 1002 291  4.1 6  3.4  97    0    0 224 -300  2
4218500 2850500 12 18  1  -1.2 1002 290  5.1 7  3.4  97    0    0 238 -299  2
4218500 2850500 12 18  2  -1.5 1003 283  5.0 7  3.3  96    0    0 244 -297  2
4218500 2850500 12 18  3  -1.8 1003 282  5.2 7  3.2  95    0    0 246 -297  2
4218500 2850500 12 18  4  -2.4 1004 270  5.3 7  3.1  94    0    0 247 -300  2
4218500 2850500 12 18  5  -2.4 1004 245  4.0 5  3.0  93    0    0 242 -304  2
4218500 2850500 12 18  6  -1.7 1004 261  5.1 5  3.1  93    0    0 237 -306  2
4218500 2850500 12 18  7  -1.3 1003 261  6.9 7  3.2  94    0    0 251 -308  2
4218500 2850500 12 18  8  -0.5 1003 271  6.8 8  3.4  94    0    0 270 -309  2
4218500 2850500 12 18  9  -0.1 1003 272  7.0 8  3.4  92    0    7 281 -307  2
4218500 2850500 12 18 10   0.2 1004 281  6.9 8  3.5  91    7   35 283 -306  2
4218500 2850500 12 18 11   0.6 1004 280  6.7 7  3.6  91    3   51 279 -307  2
4218500 2850500 12 18 12   1.1 1004 285  7.2 7  3.7  90    0   37 274 -308  2
4218500 2850500 12 18 13   1.4 1004 285  6.7 7  3.7  89    0   45 275 -310  2
4218500 2850500 12 18 14   1.5 1004 292  7.4 5  3.7  88    3   59 264 -311  2
4218500 2850500 12 18 15   1.7 1004 285  6.6 5  3.7  87    1   40 254 -311  2
4218500 2850500 12 18 16   1.5 1005 296  6.7 7  3.7  87    0    1 262 -309  2
4218500 2850500 12 18 17   1.4 1005 302  6.3 7  3.7  88    0    0 269 -305  2
4218500 2850500 12 18 18   1.0 1006 303  5.5 7  3.7  89    0    0 268 -302  2
4218500 2850500 12 18 19   1.0 1007 294  5.1 7  3.7  90    0    0 266 -301  2
4218500 2850500 12 18 20   1.0 1007 294  4.8 7  3.7  90    0    0 266 -300  2
4218500 2850500 12 18 21   0.8 1008 295  4.1 7  3.7  91    0    0 266 -299  2
4218500 2850500 12 18 22   0.9 1008 306  4.3 7  3.7  91    0    0 269 -298  2
4218500 2850500 12 18 23   0.4 1009 305  3.9 7  3.6  91    0    0 271 -297  2
4218500 2850500 12 18 24   0.4 1010 301  3.8 6  3.6  91    0    0 268 -299  2
4218500 2850500 12 19  1   0.2 1010 287  2.7 7  3.5  91    0    0 270 -303  2
4218500 2850500 12 19  2   0.2 1011 284  2.5 7  3.5  92    0    0 277 -307  2
4218500 2850500 12 19  3   0.4 1011 287  2.5 7  3.6  92    0    0 279 -310  2
4218500 2850500 12 19  4   0.5 1011 214  1.7 8  3.6  91    0    0 286 -311  2
4218500 2850500 12 19  5   0.6 1011 233  2.4 8  3.6  92    0    0 295 -311  2
4218500 2850500 12 19  6   0.4 1011 247  2.9 8  3.7  95    0    0 297 -310  2
4218500 2850500 12 19  7   0.8 1011 260  3.1 8  3.9  98    0    0 299 -309  2
4218500 2850500 12 19  8   1.1 1012 254  3.2 8  4.0  98    0    0 301 -309  2
4218500 2850500 12 19  9   1.3 1012 253  3.6 8  4.1  98    0    0 302 -309  2
4218500 2850500 12 19 10   1.3 1012 242  4.0 8  4.0  95    0   28 301 -310  2
4218500 2850500 12 19 11   1.3 1012 244  4.9 7  3.8  90    7   77 292 -311  2
4218500 2850500 12 19 12   1.2 1012 224  5.0 6  3.7  89   21  112 279 -313  2
4218500 2850500 12 19 13   1.1 1012 204  5.1 7  3.7  90    8  100 279 -314  2
4218500 2850500 12 19 14   0.7 1011 207  4.7 7  3.7  92    0   58 288 -314  2
4218500 2850500 12 19 15   0.6 1011 191  4.1 7  3.8  94    0   19 288 -314  2
4218500 2850500 12 19 16   0.4 1010 180  4.5 8  3.8  97    0    1 297 -315  2
4218500 2850500 12 19 17   0.5 1010 199  4.4 8  3.9  99    0    0 305 -315  2
4218500 2850500 12 19 18   0.4 1010 212  3.8 8  3.8  98    0    0 305 -315  2
4218500 2850500 12 19 19   0.5 1010 212  4.0 8  3.8  98    0    0 304 -315  2
4218500 2850500 12 19 20   0.8 1010 221  3.4 8  3.9  99    0    0 303 -315  2
4218500 2850500 12 19 21   1.5 1010 261  4.3 8  4.0  98    0    0 303 -316  2
4218500 2850500 12 19 22   2.8 1010 282  5.2 8  4.3  97    0    0 305 -316  2
4218500 2850500 12 19 23   3.5 1010 290  6.1 8  4.7  98    0    0 306 -316  2
4218500 2850500 12 19 24   3.4 1011 285  5.8 8  4.8  98    0    0 308 -316  2
4218500 2850500 12 20  1   3.0 1012 276  5.6 8  4.6  96    0    0 309 -316  2
4218500 2850500 12 20  2   3.0 1012 273  4.9 8  4.6  97    0    0 310 -316  2
4218500 2850500 12 20  3   3.5 1012 283  5.3 8  4.7  98    0    0 313 -316  2
4218500 2850500 12 20  4   4.1 1013 290  5.5 8  4.9  98    0    0 316 -316  2
4218500 2850500 12 20  5   4.3 1013 276  5.4 8  5.0  98    0    0 318 -316  2
4218500 2850500 12 20  6   4.4 1013 269  4.7 8  5.1  98    0    0 320 -317  2
4218500 2850500 12 20  7   4.6 1014 271  5.7 8  5.2  99    0    0 321 -318  2
4218500 2850500 12 20  8   4.9 1014 268  6.4 8  5.3  99    0    0 323 -320  2
4218500 2850500 12 20  9   5.1 1014 272  6.2 8  5.3  99    0    2 325 -320  2
4218500 2850500 12 20 10   5.4 1014 271  6.8 8  5.5  99    0   28 327 -321  2
4218500 2850500 12 20 11   5.6 1013 278  7.3 7  5.6  99    0   36 322 -322  2
4218500 2850500 12 20 12   5.8 1013 269  7.6 7  5.5  97    0   34 317 -324  2
4218500 2850500 12 20 13   5.9 1013 272  8.1 8  5.5  95    0   30 324 -326  2
4218500 2850500 12 20 14   6.3 1012 283  8.4 7  5.4  93    0   38 325 -328  2
4218500 2850500 12 20 15   6.3 1012 281  8.3 7  5.3  89    0   28 318 -328  2
4218500 2850500 12 20 16   5.8 1012 281  8.9 8  5.2  90    0    2 324 -327  2
4218500 2850500 12 20 17   3.3 1012 325  5.8 8  4.9  94    0    0 325 -327  2
4218500 2850500 12 20 18   3.3 1013 309  4.6 7  4.5  93    0    0 313 -327  2
4218500 2850500 12 20 19   3.4 1014 321  5.6 7  4.4  92    0    0 306 -328  2
4218500 2850500 12 20 20   3.1 1015 349  5.0 6  4.3  90    0    0 299 -328  2
4218500 2850500 12 20 21   2.1 1016 337  3.5 5  4.0  87    0    0 285 -327  2
4218500 2850500 12 20 22   1.4 1018 332  2.9 2  3.7  86    0    0 259 -322  2
4218500 2850500 12 20 23   0.5 1019 330  3.2 2  3.6  89    0    0 241 -316  2
4218500 2850500 12 20 24   1.2 1020 334  2.6 3  3.6  90    0    0 245 -315  2
4218500 2850500 12 21  1   1.3 1021 304  2.7 6  3.6  88    0    0 269 -315  2
4218500 2850500 12 21  2   1.0 1021 295  2.3 6  3.6  88    0    0 284 -314  2
4218500 2850500 12 21  3   1.4 1022 305  2.8 6  3.6  87    0    0 283 -312  2
4218500 2850500 12 21  4   1.4 1023 314  2.4 6  3.5  85    0    0 282 -309  2
4218500 2850500 12 21  5   1.4 1023 317  2.3 7  3.4  82    0    0 286 -308  2
4218500 2850500 12 21  6   1.2 1023 281  1.8 7  3.4  82    0    0 291 -307  2
4218500 2850500 12 21  7   1.1 1024 295  1.9 6  3.4  84    0    0 285 -307  2
4218500 2850500 12 21  8   1.4 1024 287  1.7 6  3.4  84    0    0 279 -306  2
4218500 2850500 12 21  9   1.4 1024 272  1.8 7  3.4  82    0    6 285 -305  2
4218500 2850500 12 21 10   1.5 1025 249  2.1 7  3.3  80    8   40 291 -304  2
4218500 2850500 12 21 11   1.6 1025 232  2.9 7  3.4  80    5   64 291 -306  2
4218500 2850500 12 21 12   1.8 1025 251  3.3 6  3.5  82    7   85 285 -310  2
4218500 2850500 12 21 13   1.8 1025 223  2.6 6  3.5  82   17   96 278 -313  2
4218500 2850500 12 21 14   2.0 1024 235  2.5 5  3.6  84   32   88 271 -315  2
4218500 2850500 12 21 15   2.3 1024 204  2.6 7  3.8  86    4   45 277 -315  2
4218500 2850500 12 21 16   2.2 1023 211  3.2 7  3.9  88    0   16 292 -315  2
4218500 2850500 12 21 17   2.2 1023 211  3.4 8  4.0  90    0    0 299 -315  2
4218500 2850500 12 21 18   2.3 1023 214  3.2 8  4.2  95    0    0 307 -315  2
4218500 2850500 12 21 19   3.0 1023 253  3.4 8  4.4  98    0    0 310 -316  2
4218500 2850500 12 21 20   3.4 1022 270  3.9 8  4.6  98    0    0 313 -318  2
4218500 2850500 12 21 21   3.4 1022 255  3.6 8  4.7  98    0    0 316 -320  2
4218500 2850500 12 21 22   3.4 1022 250  3.8 8  4.6  96    0    0 318 -322  2
4218500 2850500 12 21 23   3.5 1021 249  3.9 8  4.6  95    0    0 320 -323  2
4218500 2850500 12 21 24   3.3 1021 230  4.4 8  4.7  97    0    0 322 -326  2
4218500 2850500 12 22  1   3.3 1020 229  3.9 8  4.7  98    0    0 323 -330  2
4218500 2850500 12 22  2   3.6 1019 239  4.4 8  4.7  98    0    0 324 -331  2
4218500 2850500 12 22  3   4.1 1018 251  5.8 8  4.9  98    0    0 325 -332  2
4218500 2850500 12 22  4   4.1 1017 261  5.9 8  4.9  98    0    0 326 -333  2
4218500 2850500 12 22  5   4.5 1016 275  5.9 8  5.1  98    0    0 327 -335  2
4218500 2850500 12 22  6   5.2 1016 294  5.6 8  5.3  99    0    0 329 -335  2
4218500 2850500 12 22  7   5.3 1016 288  5.4 8  5.4  98    0    0 329 -334  2
4218500 2850500 12 22  8   5.4 1016 291  5.3 7  5.4  97    0    0 323 -331  2
4218500 2850500 12 22  9   5.1 1016 292  4.6 6  5.4  97    0    6 310 -326  2
4218500 2850500 12 22 10   5.5 1017 283  4.8 7  5.4  97   10   51 310 -322  2
4218500 2850500 12 22 11   5.9 1017 282  5.3 6  5.4  95   15   91 311 -322  2
4218500 2850500 12 22 12   5.9 1017 281  5.0 7  5.4  93    0   58 310 -325  2
4218500 2850500 12 22 13   5.8 1017 296  4.9 8  5.4  94    0   29 319 -328  2
4218500 2850500 12 22 14   6.0 1017 284  4.5 7  5.4  93    0   32 315 -330  2
4218500 2850500 12 22 15   6.3 1017 282  5.2 6  5.3  90    0   21 299 -331  2
4218500 2850500 12 22 16   5.9 1017 281  4.9 7  5.2  88    0    4 300 -330  2
4218500 2850500 12 22 17   5.7 1017 272  4.9 7  5.0  88    0    0 306 -328  2
4218500 2850500 12 22 18   5.4 1017 272  4.9 7  5.0  89    0    0 304 -327  2
4218500 2850500 12 22 19   5.3 1017 269  5.2 6  5.0  91    0    0 295 -327  2
4218500 2850500 12 22 20   5.1 1017 278  5.5 7  5.0  92    0    0 294 -326  2
4218500 2850500 12 22 21   4.8 1017 273  4.7 6  5.0  93    0    0 292 -325  2
4218500 2850500 12 22 22   4.6 1017 281  4.4 6  5.0  94    0    0 284 -324  2
4218500 2850500 12 22 23   4.4 1017 269  3.9 6  4.9  94    0    0 285 -324  2
4218500 2850500 12 22 24   4.4 1017 272  4.6 6  4.9  95    0    0 284 -323  2
4218500 2850500 12 23  1   4.2 1017 289  5.0 7  4.9  96    0    0 291 -322  2
4218500 2850500 12 23  2   4.2 1017 265  4.2 7  4.9  96    0    0 298 -322  2
4218500 2850500 12 23  3   4.3 1017 271  4.2 7  5.0  97    0    0 298 -321  2
4218500 2850500 12 23  4   4.8 1017 280  4.4 7  5.0  96    0    0 300 -320  2
4218500 2850500 12 23  5   4.3 1017 279  3.9 7  5.0  96    0    0 299 -318  2
4218500 2850500 12 23  6   4.5 1016 279  4.1 7  5.0  96    0    0 300 -316  2
4218500 2850500 12 23  7   4.3 1016 277  3.8 7  5.0  96    0    0 300 -315  2
4218500 2850500 12 23  8   4.4 1016 280  3.4 7  5.0  96    0    0 301 -315  2
4218500 2850500 12 23  9   4.1 1017 270  3.4 7  5.0  97    0    7 301 -315  2
4218500 2850500 12 23 10   4.5 1017 280  3.6 7  5.0  97    2   39 301 -316  2
4218500 2850500 12 23 11   5.0 1017 257  3.6 7  5.1  96    0   40 302 -320  2
4218500 2850500 12 23 12   5.3 1017 262  3.2 7  5.2  95    0   51 304 -325  2
4218500 2850500 12 23 13   5.4 1017 244  3.2 7  5.2  94    0   47 306 -329  2
4218500 2850500 12 23 14   5.4 1017 240  3.7 7  5.2  94    0   33 307 -332  2
4218500 2850500 12 23 15   5.4 1016 214  2.9 8  5.2  94    0   13 314 -334  2
4218500 2850500 12 23 16   5.2 1016 219  3.2 8  5.3  96    0    2 320 -334  2
4218500 2850500 12 23 17   5.1 1016 213  3.0 8  5.4  98    0    0 321 -333  2
4218500 2850500 12 23 18   5.4 1016 230  3.3 8  5.4  99    0    0 322 -332  2
4218500 2850500 12 23 19   6.1 1015 248  3.8 8  5.6  99    0    0 326 -331  2
4218500 2850500 12 23 20   6.6 1015 260  4.3 8  5.9  99    0    0 330 -331  2
4218500 2850500 12 23 21   6.7 1014 257  5.2 7  6.0  98    0    0 328 -330  2
4218500 2850500 12 23 22   6.9 1014 258  5.8 7  6.0  98    0    0 326 -329  2
4218500 2850500 12 23 23   6.7 1013 249  5.8 7  6.0  98    0    0 327 -328  2
4218500 2850500 12 23 24   6.6 1013 251  5.9 8  6.0  99    0    0 332 -328  2
4218500 2850500 12 24  1   6.5 1012 258  6.3 8  6.0  99    0    0 338 -328  2
4218500 2850500 12 24  2   6.4 1012 257  6.4 8  5.9  99    0    0 338 -329  2
4218500 2850500 12 24  3   6.6 1011 261  6.1 8  5.9  98    0    0 339 -329  2
4218500 2850500 12 24  4   6.8 1011 269  6.0 8  6.0  99    0    0 339 -331  2
4218500 2850500 12 24  5   7.1 1011 270  6.3 8  6.1  98    0    0 340 -332  2
4218500 2850500 12 24  6   7.1 1010 272  6.1 8  6.1  97    0    0 341 -333  2
4218500 2850500 12 24  7   7.2 1010 269  5.5 8  6.1  96    0    0 341 -334  2
4218500 2850500 12 24  8   6.8 1010 269  5.4 7  6.1  97    0    0 335 -334  2
4218500 2850500 12 24  9   7.0 1010 256  6.2 7  6.1  98    0    7 329 -334  2
4218500 2850500 12 24 10   7.3 1010 268  5.7 8  6.0  95    1   33 335 -335  2
4218500 2850500 12 24 11   7.7 1010 267  6.3 7  6.0  92    0   45 334 -336  2
4218500 2850500 12 24 12   8.0 1010 267  6.2 7  5.9  90    0   45 330 -337  2
4218500 2850500 12 24 13   7.9 1010 271  6.6 8  5.9  88    0   45 335 -339  2
4218500 2850500 12 24 14   8.0 1009 270  6.0 8  5.8  87    0   49 341 -339  2
4218500 2850500 12 24 15   7.7 1009 270  6.3 7  5.7  85    0   33 336 -339  2
4218500 2850500 12 24 16   7.2 1008 281  7.0 6  5.2  81    0    4 324 -339  2
4218500 2850500 12 24 17   6.5 1008 290  7.2 5  4.9  79    0    0 311 -338  2
4218500 2850500 12 24 18   6.1 1009 279  5.9 5  4.9  83    0    0 304 -337  2
4218500 2850500 12 24 19   6.3 1009 268  6.1 6  5.0  85    0    0 307 -337  2
4218500 2850500 12 24 20   6.2 1008 269  6.9 7  5.1  86    0    0 317 -337  2
4218500 2850500 12 24 21   6.1 1008 279  6.6 8  5.2  88    0    0 327 -337  2
4218500 2850500 12 24 22   6.4 1008 302  6.8 7  5.3  88    0    0 326 -337  2
4218500 2850500 12 24 23   5.5 1008 297  6.0 6  4.8  83    0    0 312 -337  2
4218500 2850500 12 24 24   4.9 1008 289  6.7 7  4.6  83    0    0 308 -337  2
4218500 2850500 12 25  1   4.8 1009 311  5.4 8  4.7  87    0    0 319 -337  2
4218500 2850500 12 25  2   4.5 1009 313  5.2 8  4.7  88    0    0 324 -337  2
4218500 2850500 12 25  3   4.2 1010 307  4.8 7  4.6  88    0    0 316 -337  2
4218500 2850500 12 25  4   4.0 1010 317  4.4 7  4.4  87    0    0 308 -337  2
4218500 2850500 12 25  5   3.2 1011 341  4.0 6  4.2  86    0    0 298 -331  2
4218500 2850500 12 25  6   1.9 1011 326  3.4 4  3.9  86    0    0 274 -323  2
4218500 2850500 12 25  7   0.5 1012 315  3.4 2  3.7  90    0    0 242 -317  2
4218500 2850500 12 25  8  -0.1 1012 317  3.3 3  3.6  94    0    0 231 -315  2
4218500 2850500 12 25  9  -0.4 1013 318  3.2 4  3.6  97    1    7 243 -314  2
4218500 2850500 12 25 10   0.2 1013 300  3.2 4  3.7  97   40   37 250 -312  2
4218500 2850500 12 25 11   1.2 1013 294  3.2 3  3.7  93  106   55 246 -312  2
4218500 2850500 12 25 12   2.1 1013 294  3.1 2  3.8  88  143   64 238 -313  2
4218500 2850500 12 25 13   2.7 1013 292  3.8 2  3.8  84  137   74 235 -314  2
4218500 2850500 12 25 14   3.1 1013 284  3.9 2  3.8  82  103   72 237 -315  2
4218500 2850500 12 25 15   2.7 1012 284  4.5 4  3.9  84   32   57 250 -315  2
4218500 2850500 12 25 16   2.3 1012 292  4.2 4  4.0  87    0   13 259 -315  2
4218500 2850500 12 25 17   2.0 1012 287  3.7 4  3.9  88    0    0 256 -314  2
4218500 2850500 12 25 18   0.7 1012 280  3.0 2  3.7  89    0    0 241 -311  2
4218500 2850500 12 25 19   0.3 1012 275  3.2 0  3.6  92    0    0 219 -309  2
4218500 2850500 12 25 20   0.1 1011 250  3.6 0  3.6  94    0    0 208 -309  2
4218500 2850500 12 25 21  -0.5 1011 248  3.1 2  3.5  94    0    0 216 -308  2
4218500 2850500 12 25 22   0.2 1010 269  3.4 6  3.5  93    0    0 245 -307  2
4218500 2850500 12 25 23   0.1 1009 278  3.2 7  3.6  94    0    0 270 -306  2
4218500 2850500 12 25 24   0.0 1009 289  3.2 8  3.7  98    0    0 278 -305  2
4218500 2850500 12 26  1  -0.1 1008 282  3.3 8  3.7  97    0    0 281 -304  2
4218500 2850500 12 26  2  -0.1 1008 294  3.1 8  3.6  95    0    0 281 -303  2
4218500 2850500 12 26  3  -0.1 1007 311  3.8 8  3.6  94    0    0 280 -303  2
4218500 2850500 12 26  4  -0.3 1007 294  4.0 8  3.5  94    0    0 280 -303  2
4218500 2850500 12 26  5  -0.9 1006 289  4.4 8  3.5  95    0    0 278 -303  2
4218500 2850500 12 26  6  -0.9 1006 278  3.3 7  3.4  95    0    0 272 -304  2
4218500 2850500 12 26  7  -0.6 1005 279  3.8 7  3.3  92    0    0 268 -306  2
4218500 2850500 12 26  8  -0.8 1005 286  3.7 7  3.3  92    0    0 268 -306  2
4218500 2850500 12 26  9  -0.7 1004 250  3.1 7  3.4  94    0    2 269 -307  2
4218500 2850500 12 26 10  -0.7 1004 259  3.9 8  3.4  95    1   36 274 -307  2
4218500 2850500 12 26 11  -0.6 1004 276  2.6 7  3.5  96    0   37 275 -308  2
4218500 2850500 12 26 12  -0.6 1004 279  2.4 7  3.6  98    0   32 272 -310  2
4218500 2850500 12 26 13  -0.6 1003 308  2.4 8  3.6  98    0   36 278 -312  2
4218500 2850500 12 26 14  -0.6 1003 332  2.1 7  3.5  97    0   42 277 -313  2
4218500 2850500 12 26 15  -0.5 1002   2  2.1 8  3.6  97    0   33 278 -312  2
4218500 2850500 12 26 16  -0.6 1003   1  2.0 8  3.6  98    0    4 282 -311  2
4218500 2850500 12 26 17  -0.7 1003  21  2.3 8  3.6  98    0    0 280 -310  2
4218500 2850500 12 26 18  -0.7 1003  53  2.7 8  3.6  98    0    0 279 -309  2
4218500 2850500 12 26 19  -0.6 1003  49  3.2 8  3.6  98    0    0 279 -308  2
4218500 2850500 12 26 20  -1.0 1003  52  2.6 8  3.6  98    0    0 280 -308  2
4218500 2850500 12 26 21  -1.1 1004  84  2.6 7  3.5  99    0    0 275 -307  2
4218500 2850500 12 26 22  -1.1 1004  61  2.6 7  3.5  99    0    0 271 -305  2
4218500 2850500 12 26 23  -0.9 1005  56  2.5 7  3.5  98    0    0 271 -304  2
4218500 2850500 12 26 24  -0.7 1005 108  2.8 7  3.5  97    0    0 272 -303  2
4218500 2850500 12 27  1  -0.5 1005 136  2.9 7  3.6  98    0    0 273 -304  2
4218500 2850500 12 27  2  -0.6 1005 129  3.6 7  3.6  98    0    0 272 -305  2
4218500 2850500 12 27  3  -0.9 1006 106  3.3 7  3.5  97    0    0 271 -305  2
4218500 2850500 12 27  4  -1.5 1006  99  3.7 7  3.4  96    0    0 269 -305  2
4218500 2850500 12 27  5  -2.6 1007  93  3.5 5  3.2  97    0    0 258 -305  2
4218500 2850500 12 27  6  -3.2 1007  77  3.7 4  3.0  98    0    0 241 -306  2
4218500 2850500 12 27  7  -3.6 1007  74  3.6 2  2.9  98    0    0 225 -305  2
4218500 2850500 12 27  8  -3.8 1008  81  4.6 2  2.9  98    0    0 216 -305  2
4218500 2850500 12 27  9  -3.1 1008  79  4.5 4  2.9  99    0    5 224 -305  2
4218500 2850500 12 27 10  -2.8 1009  75  5.0 6  3.0  98    5   40 243 -305  2
4218500 2850500 12 27 11  -2.7 1009  74  5.0 6  3.0  98    5   71 251 -308  2
4218500 2850500 12 27 12  -2.6 1010  78  5.7 5  3.0  96    6   91 246 -310  2
4218500 2850500 12 27 13  -2.5 1009  78  5.3 7  2.9  93    0   58 250 -311  2
4218500 2850500 12 27 14  -2.2 1009  77  5.3 8  3.0  92    0   23 265 -311  2
4218500 2850500 12 27 15  -1.7 1009  78  5.3 8  3.1  92    0   18 271 -310  2
4218500 2850500 12 27 16  -1.4 1009  64  5.1 8  3.1  92    0    4 272 -309  2
4218500 2850500 12 27 17  -1.5 1009  59  5.0 7  3.1  92    0    0 266 -307  2
4218500 2850500 12 27 18  -1.5 1009  66  5.1 7  3.1  92    0    0 261 -305  2
4218500 2850500 12 27 19  -1.2 1009  65  5.6 7  3.2  92    0    0 262 -303  2
4218500 2850500 12 27 20  -1.1 1009  65  5.7 8  3.2  90    0    0 268 -302  2
4218500 2850500 12 27 21  -1.3 1009  69  5.6 8  3.1  89    0    0 273 -300  2
4218500 2850500 12 27 22  -1.3 1009  58  6.2 8  3.0  88    0    0 273 -299  2
4218500 2850500 12 27 23  -1.7 1009  57  5.3 8  3.0  87    0    0 273 -296  2
4218500 2850500 12 27 24  -2.3 1008  56  6.0 8  2.9  88    0    0 272 -293  2
4218500 2850500 12 28  1  -2.6 1008  46  5.4 8  2.8  88    0    0 271 -291  2
4218500 2850500 12 28  2  -2.8 1008  47  5.5 8  2.8  89    0    0 271 -289  2
4218500 2850500 12 28  3  -3.0 1007  47  5.5 8  2.7  89    0    0 271 -288  2
4218500 2850500 12 28  4  -3.3 1007  47  5.2 8  2.7  90    0    0 270 -287  2
4218500 2850500 12 28  5  -3.5 1006  36  5.3 8  2.7  90    0    0 269 -288  2
4218500 2850500 12 28  6  -3.9 1006  38  4.9 8  2.7  91    0    0 269 -288  2
4218500 2850500 12 28  7  -3.8 1005  38  5.6 8  2.6  92    0    0 269 -288  2
4218500 2850500 12 28  8  -3.9 1005  46  4.6 8  2.6  92    0    0 269 -288  2
4218500 2850500 12 28  9  -4.0 1005  47  4.9 8  2.7  93    0    5 270 -289  2
4218500 2850500 12 28 10  -4.0 1005  49  5.0 8  2.7  94    1   32 271 -290  2
4218500 2850500 12 28 11  -3.9 1005  54  4.7 8  2.7  94    0   29 272 -291  2
4218500 2850500 12 28 12  -4.1 1005  65  5.6 8  2.6  91    0   47 274 -294  2
4218500 2850500 12 28 13  -4.3 1005  50  4.9 7  2.4  86    0   51 267 -295  2
4218500 2850500 12 28 14  -4.6 1004  59  5.3 8  2.3  84    0   30 266 -296  2
4218500 2850500 12 28 15  -4.6 1004  49  4.3 8  2.3  85    0   18 274 -297  2
4218500 2850500 12 28 16  -4.7 1004  39  4.3 8  2.3  86    0    7 273 -297  2
4218500 2850500 12 28 17  -4.7 1004  43  4.3 8  2.3  86    0    0 273 -296  2
4218500 2850500 12 28 18  -4.8 1004  28  4.1 8  2.3  85    0    0 272 -296  2
4218500 2850500 12 28 19  -4.5 1004  28  3.6 8  2.3  86    0    0 272 -296  2
4218500 2850500 12 28 20  -4.7 1004  22  3.5 8  2.4  87    0    0 271 -296  2
4218500 2850500 12 28 21  -4.7 1004 360  2.6 8  2.5  92    0    0 272 -296  2
4218500 2850500 12 28 22  -4.6 1004 334  2.5 8  2.6  95    0    0 272 -297  2
4218500 2850500 12 28 23  -4.6 1003 349  2.8 8  2.6  95    0    0 272 -297  2
4218500 2850500 12 28 24  -4.5 1003 336  3.4 8  2.6  94    0    0 272 -297  2
4218500 2850500 12 29  1  -4.7 1002 313  2.6 8  2.6  94    0    0 272 -297  2
4218500 2850500 12 29  2  -4.6 1002 323  2.3 8  2.6  95    0    0 272 -297  2
4218500 2850500 12 29  3  -4.8 1001 317  2.8 8  2.6  95    0    0 271 -297  2
4218500 2850500 12 29  4  -4.8 1001 287  2.7 8  2.6  96    0    0 271 -297  2
4218500 2850500 12 29  5  -4.8 1000 293  3.1 8  2.6  96    0    0 271 -297  2
4218500 2850500 12 29  6  -4.7 1000 253  3.0 8  2.6  96    0    0 270 -297  2
4218500 2850500 12 29  7  -4.6 1000 260  3.2 8  2.6  96    0    0 268 -297  2
4218500 2850500 12 29  8  -4.5  999 242  2.8 8  2.7  97    0    0 268 -297  2
4218500 2850500 12 29  9  -4.5  999 231  3.3 8  2.7  98    0    8 265 -298  2
4218500 2850500 12 29 10  -4.4  999 204  3.1 8  2.7  98    1   37 263 -299  2
4218500 2850500 12 29 11  -4.1  999 202  4.3 7  2.8  98    0   52 259 -302  2
4218500 2850500 12 29 12  -3.5  998 202  4.7 8  2.8  98    0   33 261 -305  2
4218500 2850500 12 29 13  -1.8  998 233  5.7 8  3.1  98    0   43 270 -308  2
4218500 2850500 12 29 14  -1.1  998 262  7.1 8  3.4  99    0   54 275 -309  2
4218500 2850500 12 29 15  -1.2  999 260  7.4 8  3.5  98    0   36 277 -309  2
4218500 2850500 12 29 16  -1.6 1000 248  7.3 8  3.3  95    0    6 275 -308  2
4218500 2850500 12 29 17  -1.9 1001 241  7.0 8  3.2  95    0    0 272 -307  2
4218500 2850500 12 29 18  -2.2 1003 229  6.8 8  3.1  94    0    0 269 -306  2
4218500 2850500 12 29 19  -2.4 1004 207  6.3 8  3.0  94    0    0 268 -304  2
4218500 2850500 12 29 20  -2.6 1005 218  6.6 8  3.0  95    0    0 267 -304  2
4218500 2850500 12 29 21  -2.5 1006 211  6.8 8  3.0  96    0    0 267 -305  2
4218500 2850500 12 29 22  -2.4 1007 209  6.5 8  3.1  96    0    0 267 -305  2
4218500 2850500 12 29 23  -2.4 1007 210  6.3 8  3.1  96    0    0 268 -304  2
4218500 2850500 12 29 24  -2.2 1008 211  5.5 7  3.0  92    0    0 265 -304  2
4218500 2850500 12 30  1  -2.5 1008 201  5.2 6  2.8  88    0    0 257 -303  2
4218500 2850500 12 30  2  -3.0 1009 200  5.2 6  2.7  86    0    0 250 -303  2
4218500 2850500 12 30  3  -2.9 1009 209  5.1 6  2.6  84    0    0 249 -302  2
4218500 2850500 12 30  4  -3.0 1010 192  5.2 7  2.5  83    0    0 254 -301  2
4218500 2850500 12 30  5  -3.3 1011 208  5.2 8  2.5  84    0    0 262 -300  2
4218500 2850500 12 30  6  -3.9 1011 201  4.6 7  2.4  84    0    0 261 -298  2
4218500 2850500 12 30  7  -4.5 1011 214  3.9 6  2.4  85    0    0 250 -295  2
4218500 2850500 12 30  8  -4.5 1011 218  3.7 5  2.4  87    0    0 241 -292  2
4218500 2850500 12 30  9  -5.5 1012 181  3.2 5  2.3  88    0    6 233 -289  2
4218500 2850500 12 30 10  -5.2 1013 174  3.4 6  2.3  89   13   33 235 -287  2
4218500 2850500 12 30 11  -4.5 1013 204  3.4 7  2.3  88    0   47 245 -288  2
4218500 2850500 12 30 12  -3.1 1013 236  2.8 5  2.4  84   33   82 243 -290  2
4218500 2850500 12 30 13  -1.2 1012 250  2.0 4  2.5  78   91   65 233 -292  2
4218500 2850500 12 30 14  -2.5 1011 172  3.1 3  2.5  76   88   50 225 -293  2
4218500 2850500 12 30 15  -2.9 1011 237  2.2 2  2.4  78   38   43 214 -292  2
4218500 2850500 12 30 16  -4.0 1011 174  2.2 1  2.4  82    1   16 203 -289  2
4218500 2850500 12 30 17  -5.4 1010 165  2.3 1  2.3  87    0    0 196 -286  2
4218500 2850500 12 30 18  -6.3 1010 191  2.4 1  2.3  92    0    0 193 -283  2
4218500 2850500 12 30 19  -7.2 1010 170  2.2 0  2.2  96    0    0 188 -281  2
4218500 2850500 12 30 20  -7.3 1009 176  2.3 0  2.1  97    0    0 183 -280  2
4218500 2850500 12 30 21  -7.9 1008 187  2.0 0  2.1  97    0    0 182 -279  2
4218500 2850500 12 30 22  -8.2 1008 179  2.6 0  2.0  97    0    0 182 -278  2
4218500 2850500 12 30 23  -9.3 1007 154  2.6 0  1.9  96    0    0 183 -277  2
4218500 2850500 12 30 24  -9.5 1006 157  2.6 0  1.8  97    0    0 183 -276  2
4218500 2850500 12 31  1  -9.9 1005 138  2.8 1  1.8  99    0    0 185 -276  2
4218500 2850500 12 31  2  -9.7 1003 154  2.9 3  1.8  99    0    0 195 -277  2
4218500 2850500 12 31  3  -9.6 1002 135  3.3 4  1.8  97    0    0 206 -278  2
4218500 2850500 12 31  4  -9.3 1001 128  3.2 5  1.8  95    0    0 216 -279  2
4218500 2850500 12 31  5  -9.3 1000 126  3.4 6  1.8  93    0    0 228 -281  2
4218500 2850500 12 31  6  -8.7  999 127  3.9 6  1.8  93    0    0 238 -284  2
4218500 2850500 12 31  7  -7.6  998 139  3.8 7  2.0  94    0    0 248 -286  2
4218500 2850500 12 31  8  -7.6  998 136  3.9 8  2.0  91    0    0 266 -287  2
4218500 2850500 12 31  9  -7.6  997 141  4.0 8  2.0  91    0    5 275 -288  2
4218500 2850500 12 31 10  -6.9  996 151  4.0 8  2.1  93    6   45 277 -290  2
4218500 2850500 12 31 11  -5.8  996 158  3.9 8  2.2  93    0   45 280 -292  2
4218500 2850500 12 31 12  -4.5  995 161  3.1 7  2.5  93    0   45 276 -296  2
4218500 2850500 12 31 13  -3.6  994 163  2.6 7  2.7  95    0   41 272 -299  2
4218500 2850500 12 31 14  -2.6  994 163  2.8 8  3.0  96    0   27 286 -303  2
4218500 2850500 12 31 15  -1.6  993 172  3.0 7  3.2  96    0   30 291 -309  2
4218500 2850500 12 31 16  -0.5  993 190  3.8 7  3.4  96    0    2 288 -312  2
4218500 2850500 12 31 17   0.4  993 200  3.8 5  3.8  98    0    0 275 -312  2
4218500 2850500 12 31 18   0.1  993 195  3.5 3  3.9  98    0    0 237 -312  2
4218500 2850500 12 31 19   1.0  993 195  4.0 6  3.9  97    0    0 237 -312  2
4218500 2850500 12 31 20   1.4  993 194  4.2 7  4.1  96    0    0 289 -312  2
4218500 2850500 12 31 21   1.9  993 196  4.4 7  4.2  96    0    0 302 -312  2
4218500 2850500 12 31 22   2.3  993 198  4.4 8  4.3  96    0    0 304 -313  2
4218500 2850500 12 31 23   1.7  993 222  4.0 7  4.2  96    0    0 317 -313  2
4218500 2850500 12 31 24   0.8  993 252  3.6 6  4.0  97    0    0 306 -314  2
