Koordinatensystem : Lambert konform konisch
Rechtswert        : 4218500 Meter
Hochwert          : 2850500 Meter
Hoehenlage        : 45 Meter ueber NN
Erstellung des Datensatzes im Mai 2016

Art des TRY       : extremer Sommer
Bezugszeitraum    : 1995-2012
Datenbasis        : Beobachtungsdaten Zeitraum 1995-2012

Format: (i7,1x,i7,1x,i2,1x,i2,1x,i2,1x,f5.1,1x,i4,1x,3i,1x,f4.1,1x,i1,1x,f4.1,1x,i3,1x,i4,1x,i4,1x,i3,1x,i4,2x,i1)

Reihenfolge der Parameter:
RW Rechtswert                                                    [m]       {3670500;3671500..4389500}
HW Hochwert                                                      [m]       {2242500;2243500..3179500}
MM Monat                                                                   {1..12}
DD Tag                                                                     {1..28,30,31}
HH Stunde (MEZ)                                                            {1..24}
t  Lufttemperatur in 2m Hoehe ueber Grund                        [GradC]
p  Luftdruck in Standorthoehe                                    [hPa]
WR Windrichtung in 10 m Hoehe ueber Grund                        [Grad]    {0..360;999}
WG Windgeschwindigkeit in 10 m Hoehe ueber Grund                 [m/s]
N  Bedeckungsgrad                                                [Achtel]  {0..8;9}
x  Wasserdampfgehalt, Mischungsverhaeltnis                       [g/kg]
RF Relative Feuchte in 2 m Hoehe ueber Grund                     [Prozent] {1..100}
B  Direkte Sonnenbestrahlungsstaerke (horiz. Ebene)              [W/m^2]   abwaerts gerichtet: positiv
D  Diffuse Sonnenbetrahlungsstaerke (horiz. Ebene)               [W/m^2]   abwaerts gerichtet: positiv
A  Bestrahlungsstaerke d. atm. Waermestrahlung (horiz. Ebene)    [W/m^2]   abwaerts gerichtet: positiv
E  Bestrahlungsstaerke d. terr. Waermestrahlung                  [W/m^2]   aufwaerts gerichtet: negativ
IL Qualitaetsbit bezueglich der Auswahlkriterien                           {0;1;2;3;4}


     RW      HW MM DD HH     t    p  WR   WG N    x  RF    B    D   A    E IL
*** 
4218500 2850500  1  1  1   4.7  994 204  4.7 8  4.8  88    0    0 318 -314  0
4218500 2850500  1  1  2   3.5  994 200  4.2 7  4.6  92    0    0 319 -314  0
4218500 2850500  1  1  3   2.6  995 198  3.9 6  4.5  95    0    0 309 -315  0
4218500 2850500  1  1  4   2.4  995 195  3.8 6  4.4  96    0    0 274 -315  0
4218500 2850500  1  1  5   2.3  995 190  3.7 5  4.4  95    0    0 249 -315  0
4218500 2850500  1  1  6   2.3  995 192  4.1 6  4.3  95    0    0 265 -314  0
4218500 2850500  1  1  7   2.2  996 183  3.5 7  4.3  94    0    0 289 -314  0
4218500 2850500  1  1  8   2.1  996 189  3.2 7  4.3  96    0    0 298 -314  0
4218500 2850500  1  1  9   1.8  997 185  2.7 6  4.3  96    0    0 287 -314  0
4218500 2850500  1  1 10   2.6  998 179  3.0 6  4.3  95    0   35 281 -312  0
4218500 2850500  1  1 11   3.1  998 192  2.6 7  4.4  94    0   42 292 -313  0
4218500 2850500  1  1 12   3.4  999 165  2.8 8  4.5  92    0   32 309 -314  0
4218500 2850500  1  1 13   3.5  999 171  2.7 6  4.5  92    9   89 302 -314  0
4218500 2850500  1  1 14   3.1 1000 163  2.8 5  4.6  94   40   88 279 -315  0
4218500 2850500  1  1 15   3.3 1000 166  2.4 5  4.6  94    6   54 272 -315  0
4218500 2850500  1  1 16   3.0 1000 180  2.3 4  4.6  96    0    2 264 -313  0
4218500 2850500  1  1 17   1.1 1001 174  2.1 3  4.3  98    0    0 246 -311  0
4218500 2850500  1  1 18   0.2 1002 145  2.4 2  4.0  99    0    0 226 -308  0
4218500 2850500  1  1 19   0.0 1003 167  2.3 2  3.8  97    0    0 216 -306  0
4218500 2850500  1  1 20  -1.4 1003 187  2.4 2  3.5  96    0    0 214 -305  0
4218500 2850500  1  1 21  -2.0 1004 184  2.2 3  3.3  98    0    0 218 -304  0
4218500 2850500  1  1 22  -2.8 1005 208  2.1 3  3.2 100    0    0 223 -302  0
4218500 2850500  1  1 23  -2.7 1005 182  1.6 2  3.1 100    0    0 214 -300  0
4218500 2850500  1  1 24  -2.9 1006 235  1.4 4  3.1 100    0    0 220 -295  0
4218500 2850500  1  2  1  -3.0 1007 253  1.1 4  3.0  99    0    0 232 -287  0
4218500 2850500  1  2  2  -3.1 1007   0  1.4 4  3.0  97    0    0 227 -283  0
4218500 2850500  1  2  3  -3.2 1007 353  0.9 5  3.0  98    0    0 230 -286  0
4218500 2850500  1  2  4  -3.2 1008 311  1.1 6  3.0  99    0    0 244 -293  0
4218500 2850500  1  2  5  -3.4 1009 342  1.4 6  3.0 100    0    0 254 -296  0
4218500 2850500  1  2  6  -2.5 1009  74  1.1 7  3.1 100    0    0 267 -296  0
4218500 2850500  1  2  7  -2.3 1010 350  0.2 7  3.2 100    0    0 279 -296  0
4218500 2850500  1  2  8  -1.7 1011 310  1.5 7  3.3 100    0    0 279 -297  0
4218500 2850500  1  2  9  -1.7 1011 141  1.2 8  3.3 100    0    0 289 -297  0
4218500 2850500  1  2 10  -1.0 1012 217  0.8 8  3.4  99    1   40 300 -299  0
4218500 2850500  1  2 11  -0.1 1012 359  0.4 6  3.6  98   28   78 287 -301  0
4218500 2850500  1  2 12   0.5 1013 296  1.0 6  3.8  98    5   85 276 -304  0
4218500 2850500  1  2 13   1.3 1013 357  1.4 7  3.9  98    0   67 288 -307  0
4218500 2850500  1  2 14   2.1 1013 353  1.3 7  4.2  98    0   55 297 -309  0
4218500 2850500  1  2 15   2.7 1014   5  1.9 7  4.4  97    0   35 301 -311  0
4218500 2850500  1  2 16   2.2 1014 344  1.8 7  4.4  97    0    5 302 -312  0
4218500 2850500  1  2 17   2.2 1015 344  2.0 8  4.4  99    0    0 308 -313  0
4218500 2850500  1  2 18   2.2 1016 335  1.6 7  4.4  99    0    0 309 -313  0
4218500 2850500  1  2 19   2.2 1016   1  2.3 8  4.4  99    0    0 309 -313  0
4218500 2850500  1  2 20   2.2 1016 352  2.0 8  4.4  99    0    0 315 -313  0
4218500 2850500  1  2 21   2.0 1017 352  2.3 8  4.4  99    0    0 315 -314  0
4218500 2850500  1  2 22   1.8 1017 332  1.9 8  4.3  99    0    0 314 -314  0
4218500 2850500  1  2 23   1.8 1018 332  2.2 8  4.3  99    0    0 314 -313  0
4218500 2850500  1  2 24   1.9 1018   3  2.3 8  4.2  98    0    0 315 -313  0
4218500 2850500  1  3  1   1.7 1018 352  1.7 8  4.2  98    0    0 315 -314  0
4218500 2850500  1  3  2   1.7 1019 325  2.3 8  4.2  99    0    0 314 -315  0
4218500 2850500  1  3  3   1.8 1019 342  2.3 8  4.3  99    0    0 313 -315  0
4218500 2850500  1  3  4   1.8 1019 335  3.0 7  4.3  99    0    0 306 -315  0
4218500 2850500  1  3  5   1.6 1019 324  2.5 7  4.2  99    0    0 298 -315  0
4218500 2850500  1  3  6   1.2 1020 324  2.6 6  4.1  98    0    0 291 -315  0
4218500 2850500  1  3  7   0.8 1020 344  2.9 8  4.0  98    0    0 297 -315  0
4218500 2850500  1  3  8   0.3 1020 334  2.6 8  3.9  99    0    0 308 -315  0
4218500 2850500  1  3  9   0.6 1021 331  2.8 8  3.9  99    0    0 306 -316  0
4218500 2850500  1  3 10   0.8 1021 321  2.6 7  3.9  99    2   47 300 -316  0
4218500 2850500  1  3 11   1.0 1022 313  2.7 8  4.0  99    0   54 301 -316  0
4218500 2850500  1  3 12   1.0 1022 312  2.8 7  4.0  99    0   52 301 -316  0
4218500 2850500  1  3 13   1.3 1022 319  2.6 7  4.0  99    0   53 296 -316  0
4218500 2850500  1  3 14   1.4 1022 319  2.9 8  4.1  98    0   42 302 -316  0
4218500 2850500  1  3 15   1.4 1022 309  2.6 7  4.1  98    0   23 303 -316  0
4218500 2850500  1  3 16   1.3 1023 318  2.7 8  4.1  98    0    4 303 -316  0
4218500 2850500  1  3 17   1.1 1023 320  3.2 7  4.0  98    0    0 304 -316  0
4218500 2850500  1  3 18   1.0 1024 320  3.0 8  4.0  99    0    0 303 -316  0
4218500 2850500  1  3 19   1.1 1024 313  3.0 8  4.0  98    0    0 310 -316  0
4218500 2850500  1  3 20   1.0 1024 321  3.1 8  3.9  96    0    0 310 -316  0
4218500 2850500  1  3 21   0.7 1024 329  3.2 8  3.8  96    0    0 309 -316  0
4218500 2850500  1  3 22   0.6 1025 325  2.9 7  3.8  96    0    0 303 -316  0
4218500 2850500  1  3 23   0.4 1025 331  2.7 8  3.7  96    0    0 301 -316  0
4218500 2850500  1  3 24   0.2 1025 325  2.9 8  3.7  97    0    0 305 -316  0
4218500 2850500  1  4  1   0.1 1025 341  2.8 8  3.7  98    0    0 305 -316  0
4218500 2850500  1  4  2  -0.1 1026 337  2.4 8  3.6  97    0    0 303 -316  0
4218500 2850500  1  4  3  -0.2 1026 341  2.4 8  3.6  96    0    0 304 -316  0
4218500 2850500  1  4  4  -0.2 1026 334  2.4 8  3.5  96    0    0 304 -316  0
4218500 2850500  1  4  5  -0.2 1026 332  2.7 8  3.5  96    0    0 304 -316  0
4218500 2850500  1  4  6  -0.1 1026 342  2.4 8  3.6  96    0    0 305 -316  0
4218500 2850500  1  4  7  -0.2 1026 350  2.5 8  3.6  97    0    0 306 -316  0
4218500 2850500  1  4  8  -0.1 1026 344  2.0 8  3.6  98    0    0 307 -316  0
4218500 2850500  1  4  9   0.1 1026   1  2.5 8  3.7  99    0    0 309 -316  0
4218500 2850500  1  4 10   0.6 1027  21  3.2 7  3.8  99    0   38 305 -316  0
4218500 2850500  1  4 11   1.0 1027  22  3.2 7  3.8  96    0   55 301 -316  0
4218500 2850500  1  4 12   1.2 1027  28  3.3 7  3.7  91    0   63 301 -316  0
4218500 2850500  1  4 13   1.2 1027  19  4.8 7  3.5  86    0   61 301 -316  0
4218500 2850500  1  4 14   1.1 1026  19  4.1 6  3.4  83   24   90 295 -316  0
4218500 2850500  1  4 15   1.1 1026  12  4.1 4  3.2  80   13   58 277 -316  0
4218500 2850500  1  4 16   1.0 1026  17  3.6 7  3.1  77    0    3 282 -316  0
4218500 2850500  1  4 17   0.7 1026   2  3.9 7  3.1  79    0    0 299 -316  0
4218500 2850500  1  4 18   0.6 1026  10  4.2 7  3.2  83    0    0 299 -316  0
4218500 2850500  1  4 19   0.6 1026  19  4.4 8  3.4  86    0    0 305 -316  0
4218500 2850500  1  4 20   0.2 1026  19  3.5 8  3.5  92    0    0 311 -316  0
4218500 2850500  1  4 21   0.3 1026  32  3.0 8  3.7  96    0    0 311 -317  0
4218500 2850500  1  4 22   0.6 1026  58  3.1 8  3.8  98    0    0 312 -317  0
4218500 2850500  1  4 23   0.7 1026  70  3.8 8  3.9  99    0    0 313 -317  0
4218500 2850500  1  4 24   0.8 1026  70  3.0 8  3.9  98    0    0 312 -316  0
4218500 2850500  1  5  1   0.7 1025  79  4.1 8  3.8  96    0    0 312 -316  0
4218500 2850500  1  5  2   0.7 1025  77  4.3 8  3.8  96    0    0 312 -316  0
4218500 2850500  1  5  3   0.6 1025  77  4.8 8  3.9  98    0    0 312 -316  0
4218500 2850500  1  5  4   0.8 1025  78  5.0 8  3.9  99    0    0 312 -316  0
4218500 2850500  1  5  5   0.6 1025  78  5.3 8  3.9  99    0    0 312 -316  0
4218500 2850500  1  5  6   0.7 1024  78  5.5 8  3.9 100    0    0 312 -316  0
4218500 2850500  1  5  7   0.7 1024  79  6.1 8  3.9  99    0    0 313 -316  0
4218500 2850500  1  5  8   0.9 1024  78  5.8 8  3.9  98    0    0 313 -316  0
4218500 2850500  1  5  9   0.8 1024  77  6.1 8  3.9  98    0    0 313 -316  0
4218500 2850500  1  5 10   0.7 1024  87  5.7 7  3.9  99    1   44 306 -316  0
4218500 2850500  1  5 11   0.8 1024  78  5.7 8  3.8  96    0   38 306 -316  0
4218500 2850500  1  5 12   0.7 1023  78  6.5 8  3.7  94    0   38 313 -316  0
4218500 2850500  1  5 13   0.6 1023  78  6.1 8  3.7  93    0   41 313 -318  0
4218500 2850500  1  5 14   0.6 1022  80  5.7 6  3.6  93    0   46 299 -319  0
4218500 2850500  1  5 15   0.6 1022  87  6.8 7  3.6  91    0   27 292 -318  0
4218500 2850500  1  5 16   0.3 1021  86  6.1 8  3.5  90    0    3 305 -318  0
4218500 2850500  1  5 17  -0.2 1021  78  5.4 8  3.5  92    0    0 312 -317  0
4218500 2850500  1  5 18  -0.4 1021  87  5.8 8  3.4  94    0    0 311 -317  0
4218500 2850500  1  5 19  -0.4 1021  97  5.2 8  3.4  92    0    0 311 -317  0
4218500 2850500  1  5 20  -0.4 1021  96  5.7 8  3.3  91    0    0 309 -316  0
4218500 2850500  1  5 21  -0.4 1021  88  5.1 8  3.3  91    0    0 309 -316  0
4218500 2850500  1  5 22  -0.5 1021  96  5.2 8  3.3  92    0    0 309 -316  0
4218500 2850500  1  5 23  -0.5 1021  96  6.2 8  3.3  92    0    0 309 -316  0
4218500 2850500  1  5 24  -0.6 1021  98  5.2 8  3.3  92    0    0 309 -316  0
4218500 2850500  1  6  1  -0.6 1021  97  5.9 8  3.3  91    0    0 309 -317  0
4218500 2850500  1  6  2  -0.7 1021  89  5.4 8  3.3  91    0    0 309 -317  0
4218500 2850500  1  6  3  -0.8 1021  89  6.1 7  3.2  91    0    0 303 -316  0
4218500 2850500  1  6  4  -0.9 1021  85  6.0 7  3.2  90    0    0 298 -316  0
4218500 2850500  1  6  5  -1.0 1021  86  6.1 8  3.2  91    0    0 303 -316  0
4218500 2850500  1  6  6  -1.2 1021  81  5.9 8  3.2  92    0    0 306 -316  0
4218500 2850500  1  6  7  -1.5 1021  88  5.1 8  3.2  92    0    0 305 -316  0
4218500 2850500  1  6  8  -1.6 1021  83  5.9 8  3.1  92    0    0 305 -316  0
4218500 2850500  1  6  9  -2.0 1022  97  5.7 8  3.0  92    0    0 304 -316  0
4218500 2850500  1  6 10  -2.0 1022  98  5.3 7  3.1  95    0   33 300 -317  0
4218500 2850500  1  6 11  -1.8 1023  87  5.8 7  3.1  95    0   38 295 -317  0
4218500 2850500  1  6 12  -2.0 1023  87  6.2 7  3.1  94    0   34 295 -318  0
4218500 2850500  1  6 13  -2.1 1023  97  5.6 7  3.0  93    0   33 295 -319  0
4218500 2850500  1  6 14  -1.9 1023  95  6.0 8  3.0  93    0   24 299 -319  0
4218500 2850500  1  6 15  -1.6 1023  97  4.8 8  3.0  92    0   14 305 -319  0
4218500 2850500  1  6 16  -1.1 1023 100  5.6 8  3.1  90    0    2 306 -318  0
4218500 2850500  1  6 17  -0.8 1023  78  4.7 8  3.1  88    0    0 308 -317  0
4218500 2850500  1  6 18  -0.7 1023  87  4.6 8  3.2  89    0    0 309 -317  0
4218500 2850500  1  6 19  -0.5 1024  89  3.9 8  3.2  89    0    0 309 -317  0
4218500 2850500  1  6 20  -0.4 1024  86  4.1 8  3.2  89    0    0 309 -317  0
4218500 2850500  1  6 21  -0.4 1024  87  4.2 8  3.3  90    0    0 309 -316  0
4218500 2850500  1  6 22  -0.4 1024  88  4.4 8  3.3  89    0    0 309 -316  0
4218500 2850500  1  6 23  -0.6 1025  89  5.0 8  3.2  88    0    0 309 -316  0
4218500 2850500  1  6 24  -0.8 1025  91  4.6 7  3.1  88    0    0 303 -316  0
4218500 2850500  1  7  1  -1.3 1025  90  4.5 8  3.0  88    0    0 302 -316  0
4218500 2850500  1  7  2  -1.4 1025  87  4.6 8  3.1  90    0    0 305 -316  0
4218500 2850500  1  7  3  -1.8 1025  80  4.3 8  3.1  93    0    0 305 -316  0
4218500 2850500  1  7  4  -2.1 1025  79  5.0 8  3.1  96    0    0 303 -316  0
4218500 2850500  1  7  5  -2.2 1025  80  5.0 7  3.1  98    0    0 297 -316  0
4218500 2850500  1  7  6  -2.0 1025  88  4.6 8  3.2  99    0    0 297 -316  0
4218500 2850500  1  7  7  -1.8 1026  89  4.6 8  3.2  99    0    0 302 -316  0
4218500 2850500  1  7  8  -1.8 1026  90  4.3 8  3.2  98    0    0 302 -316  0
4218500 2850500  1  7  9  -1.7 1026  98  4.7 8  3.2  98    0    0 302 -316  0
4218500 2850500  1  7 10  -1.5 1027  99  4.6 7  3.2  97    0   37 296 -315  0
4218500 2850500  1  7 11  -1.3 1027 102  5.2 7  3.2  96    0   41 291 -315  0
4218500 2850500  1  7 12  -1.2 1027 100  4.7 8  3.2  94    0   37 296 -315  0
4218500 2850500  1  7 13  -1.5 1027 109  5.1 8  3.2  95    0   40 300 -315  0
4218500 2850500  1  7 14  -1.5 1027  98  5.3 8  3.2  95    0   33 299 -315  0
4218500 2850500  1  7 15  -2.0 1027  99  5.5 8  3.1  95    0   18 297 -315  0
4218500 2850500  1  7 16  -2.1 1027  99  5.5 8  3.1  95    0    4 296 -315  0
4218500 2850500  1  7 17  -1.9 1028  94  4.7 8  3.1  96    0    0 297 -315  0
4218500 2850500  1  7 18  -1.5 1028 111  5.3 8  3.1  95    0    0 299 -313  0
4218500 2850500  1  7 19  -1.5 1028 108  4.6 7  3.0  90    0    0 294 -312  0
4218500 2850500  1  7 20  -2.2 1028  97  4.8 6  2.8  86    0    0 281 -311  0
4218500 2850500  1  7 21  -2.9 1028 100  4.4 4  2.7  88    0    0 264 -310  0
4218500 2850500  1  7 22  -3.3 1028  90  4.4 3  2.7  91    0    0 247 -310  0
4218500 2850500  1  7 23  -3.9 1028  86  4.7 2  2.6  92    0    0 234 -309  0
4218500 2850500  1  7 24  -4.6 1028  91  3.9 1  2.5  92    0    0 221 -307  0
4218500 2850500  1  8  1  -5.0 1028 101  4.7 1  2.4  93    0    0 214 -306  0
4218500 2850500  1  8  2  -5.4 1028  91  4.5 2  2.4  93    0    0 219 -304  0
4218500 2850500  1  8  3  -5.4 1028  96  4.4 4  2.3  93    0    0 236 -300  0
4218500 2850500  1  8  4  -5.9 1028 108  3.3 5  2.3  93    0    0 251 -296  0
4218500 2850500  1  8  5  -5.6 1028  89  4.2 7  2.3  93    0    0 267 -294  0
4218500 2850500  1  8  6  -5.4 1028  99  3.7 7  2.3  93    0    0 278 -293  0
4218500 2850500  1  8  7  -5.8 1028  88  4.2 8  2.3  94    0    0 283 -292  0
4218500 2850500  1  8  8  -6.0 1029  97  3.4 8  2.3  96    0    0 286 -292  0
4218500 2850500  1  8  9  -6.2 1029  96  4.2 8  2.3  97    0    0 285 -291  0
4218500 2850500  1  8 10  -5.6 1029  86  4.0 8  2.4  98    2   46 286 -292  0
4218500 2850500  1  8 11  -5.7 1030  99  3.1 8  2.4  98    0   64 285 -294  0
4218500 2850500  1  8 12  -5.5 1030 100  3.9 8  2.4  98    0   68 285 -298  0
4218500 2850500  1  8 13  -5.1 1030  98  3.1 8  2.5  98    1   88 284 -302  0
4218500 2850500  1  8 14  -4.3 1029  91  3.4 6  2.6  97   49   94 274 -304  0
4218500 2850500  1  8 15  -3.6 1029  89  3.2 0  2.6  93   45   78 237 -304  0
4218500 2850500  1  8 16  -3.9 1029  97  3.0 1  2.5  89    2   28 215 -303  0
4218500 2850500  1  8 17  -4.6 1029  97  3.4 1  2.4  88    0    0 218 -301  0
4218500 2850500  1  8 18  -5.0 1029  99  4.2 0  2.3  88    0    0 212 -299  0
4218500 2850500  1  8 19  -5.2 1029 100  3.9 1  2.2  88    0    0 210 -298  0
4218500 2850500  1  8 20  -5.4 1029 117  3.6 1  2.2  87    0    0 213 -299  0
4218500 2850500  1  8 21  -5.9 1030 108  3.3 0  2.2  88    0    0 208 -301  0
4218500 2850500  1  8 22  -6.1 1030 107  3.1 0  2.2  91    0    0 203 -304  0
4218500 2850500  1  8 23  -6.6 1030 108  3.4 0  2.1  92    0    0 203 -305  0
4218500 2850500  1  8 24  -7.0 1030 109  3.2 0  2.1  92    0    0 201 -306  0
4218500 2850500  1  9  1  -7.5 1030 100  2.4 1  2.0  93    0    0 204 -307  0
4218500 2850500  1  9  2  -7.6 1030  99  3.2 1  2.0  95    0    0 207 -307  0
4218500 2850500  1  9  3  -8.1 1029 101  2.9 1  2.0  96    0    0 207 -307  0
4218500 2850500  1  9  4  -8.5 1029  97  3.3 1  1.9  97    0    0 206 -307  0
4218500 2850500  1  9  5  -8.5 1029  86  3.0 0  1.9  96    0    0 202 -307  0
4218500 2850500  1  9  6  -8.8 1029  93  3.5 0  1.8  95    0    0 197 -306  0
4218500 2850500  1  9  7  -8.9 1029  98  4.2 1  1.8  94    0    0 200 -305  0
4218500 2850500  1  9  8  -9.1 1029  99  3.3 2  1.8  93    0    0 208 -305  0
4218500 2850500  1  9  9  -9.4 1029  89  3.1 2  1.7  93    0    3 211 -304  0
4218500 2850500  1  9 10  -8.3 1029 106  2.4 0  1.8  93   67   40 203 -304  0
4218500 2850500  1  9 11  -6.6 1029 125  2.9 0  1.9  88  126   56 198 -305  0
4218500 2850500  1  9 12  -5.1 1029 118  2.7 0  1.9  80  150   75 202 -307  0
4218500 2850500  1  9 13  -3.4 1028 119  2.8 0  2.0  73  135   92 206 -309  0
4218500 2850500  1  9 14  -3.1 1027 108  2.5 0  2.1  70  119   78 208 -311  0
4218500 2850500  1  9 15  -2.4 1027 101  2.7 1  2.1  69   90   51 216 -311  0
4218500 2850500  1  9 16  -3.0 1026  97  3.5 1  2.1  70    0    0 221 -309  0
4218500 2850500  1  9 17  -3.8 1026 107  2.7 0  2.1  73    0    0 214 -307  0
4218500 2850500  1  9 18  -4.7 1026 111  2.9 0  2.1  77    0    0 207 -304  0
4218500 2850500  1  9 19  -5.2 1026 120  3.1 0  2.1  80    0    0 205 -303  0
4218500 2850500  1  9 20  -5.4 1026 122  3.2 0  2.1  82    0    0 204 -302  0
4218500 2850500  1  9 21  -6.0 1026 129  3.4 0  2.1  84    0    0 204 -301  0
4218500 2850500  1  9 22  -6.4 1026 130  3.3 0  2.1  88    0    0 203 -300  0
4218500 2850500  1  9 23  -6.7 1026 130  3.1 0  2.1  91    0    0 202 -299  0
4218500 2850500  1  9 24  -6.9 1026 131  2.8 0  2.1  93    0    0 201 -298  0
4218500 2850500  1 10  1  -7.1 1025 142  2.5 0  2.1  94    0    0 201 -298  0
4218500 2850500  1 10  2  -7.2 1025 140  2.9 1  2.1  95    0    0 204 -298  0
4218500 2850500  1 10  3  -7.4 1025 160  2.9 1  2.1  96    0    0 208 -298  0
4218500 2850500  1 10  4  -7.4 1025 158  2.5 0  2.0  95    0    0 203 -297  0
4218500 2850500  1 10  5  -7.8 1024 182  2.5 0  2.0  94    0    0 196 -297  0
4218500 2850500  1 10  6  -7.5 1024 177  3.2 0  2.0  93    0    0 196 -296  0
4218500 2850500  1 10  7  -6.9 1024 169  3.1 0  2.0  92    0    0 196 -296  0
4218500 2850500  1 10  8  -6.7 1025 173  3.2 0  2.1  92    0    0 196 -296  0
4218500 2850500  1 10  9  -6.2 1025 174  3.9 1  2.1  92    0    7 201 -296  0
4218500 2850500  1 10 10  -5.5 1025 184  3.8 1  2.2  90   73   44 206 -297  0
4218500 2850500  1 10 11  -3.6 1025 231  3.8 2  2.3  87  118   68 212 -300  0
4218500 2850500  1 10 12  -2.6 1025 202  4.1 3  2.5  83  115   97 224 -305  0
4218500 2850500  1 10 13  -1.4 1025 215  3.9 3  2.6  80  114  108 229 -309  0
4218500 2850500  1 10 14  -1.3 1025 195  3.1 5  2.6  78   72   90 236 -311  0
4218500 2850500  1 10 15  -1.0 1024 206  3.3 5  2.6  76   25   75 244 -311  0
4218500 2850500  1 10 16  -1.6 1024 193  3.5 5  2.6  77    0   21 241 -309  0
4218500 2850500  1 10 17  -2.0 1024 185  3.2 6  2.6  79    0    0 244 -306  0
4218500 2850500  1 10 18  -2.7 1024 194  3.2 5  2.6  82    0    0 242 -303  0
4218500 2850500  1 10 19  -3.2 1024 195  3.0 4  2.6  85    0    0 233 -301  0
4218500 2850500  1 10 20  -3.6 1024 181  3.5 3  2.6  89    0    0 224 -300  0
4218500 2850500  1 10 21  -3.9 1024 175  3.3 3  2.6  91    0    0 220 -299  0
4218500 2850500  1 10 22  -4.4 1024 190  3.6 2  2.5  92    0    0 216 -298  0
4218500 2850500  1 10 23  -4.8 1024 181  3.4 2  2.5  94    0    0 212 -297  0
4218500 2850500  1 10 24  -4.9 1024 182  3.5 4  2.5  94    0    0 219 -296  0
4218500 2850500  1 11  1  -4.8 1023 180  3.5 4  2.5  94    0    0 227 -296  0
4218500 2850500  1 11  2  -4.9 1023 183  3.3 6  2.5  94    0    0 235 -295  0
4218500 2850500  1 11  3  -5.1 1022 190  3.3 6  2.4  93    0    0 244 -295  0
4218500 2850500  1 11  4  -5.1 1022 171  3.6 6  2.4  94    0    0 244 -294  0
4218500 2850500  1 11  5  -5.3 1022 172  3.8 5  2.4  94    0    0 240 -294  0
4218500 2850500  1 11  6  -5.6 1021 179  4.1 5  2.4  95    0    0 236 -293  0
4218500 2850500  1 11  7  -5.3 1021 182  3.6 3  2.3  94    0    0 228 -292  0
4218500 2850500  1 11  8  -5.5 1021 182  3.6 3  2.3  93    0    0 222 -291  0
4218500 2850500  1 11  9  -5.3 1021 181  3.6 3  2.4  94    0    7 222 -291  0
4218500 2850500  1 11 10  -3.8 1021 189  3.5 2  2.4  91   82   35 220 -292  0
4218500 2850500  1 11 11  -1.6 1021 192  3.8 2  2.6  83  142   51 220 -296  0
4218500 2850500  1 11 12   0.3 1021 200  4.0 3  2.7  76  165   67 230 -301  0
4218500 2850500  1 11 13   1.7 1020 204  3.8 3  2.8  69  145   86 239 -305  0
4218500 2850500  1 11 14   2.3 1020 192  4.4 4  2.9  66  113   80 247 -308  0
4218500 2850500  1 11 15   2.8 1019 192  4.7 4  3.0  66   54   69 253 -309  0
4218500 2850500  1 11 16   2.2 1019 200  5.1 5  2.9  65    4   28 258 -308  0
4218500 2850500  1 11 17   1.4 1018 203  5.0 6  2.9  67    0    0 263 -305  0
4218500 2850500  1 11 18   0.8 1019 202  4.9 6  2.8  70    0    0 265 -302  0
4218500 2850500  1 11 19   1.1 1018 209  4.6 6  2.9  71    0    0 266 -301  0
4218500 2850500  1 11 20   1.5 1019 204  4.5 7  3.0  72    0    0 269 -301  0
4218500 2850500  1 11 21   1.8 1019 214  4.4 8  3.1  74    0    0 276 -300  0
4218500 2850500  1 11 22   2.2 1020 215  3.5 8  3.2  74    0    0 281 -300  0
4218500 2850500  1 11 23   1.5 1020 221  3.5 8  3.4  80    0    0 283 -301  0
4218500 2850500  1 11 24   1.2 1021 230  3.4 8  3.8  91    0    0 285 -301  0
4218500 2850500  1 12  1   1.6 1021 240  3.4 8  4.1  98    0    0 289 -302  0
4218500 2850500  1 12  2   1.6 1022 257  3.1 8  4.2  99    0    0 292 -302  0
4218500 2850500  1 12  3   1.9 1023 260  2.6 7  4.2  98    0    0 291 -305  0
4218500 2850500  1 12  4   2.0 1023 266  2.9 7  4.2  98    0    0 289 -307  0
4218500 2850500  1 12  5   2.2 1024 270  2.5 7  4.3  99    0    0 292 -309  0
4218500 2850500  1 12  6   2.0 1024 278  1.9 7  4.3  99    0    0 293 -311  0
4218500 2850500  1 12  7   2.2 1025 277  2.2 8  4.3  98    0    0 298 -312  0
4218500 2850500  1 12  8   2.2 1026 270  1.8 8  4.3  98    0    0 302 -313  0
4218500 2850500  1 12  9   2.1 1027 294  1.6 8  4.3  99    0    2 302 -313  0
4218500 2850500  1 12 10   2.3 1028 287  1.7 5  4.4 100   35   60 292 -314  0
4218500 2850500  1 12 11   2.9 1028 284  1.8 5  4.5 100   28   98 282 -314  0
4218500 2850500  1 12 12   3.1 1029 250  1.7 5  4.5  98   50  131 282 -315  0
4218500 2850500  1 12 13   2.9 1029 279  1.9 5  4.5  96   47  139 282 -315  0
4218500 2850500  1 12 14   3.2 1029 297  2.1 5  4.4  95   95  113 282 -316  0
4218500 2850500  1 12 15   3.5 1029 279  1.3 5  4.4  92    1   59 282 -316  0
4218500 2850500  1 12 16   2.8 1029 210  1.2 5  4.3  93    0   14 281 -317  0
4218500 2850500  1 12 17   2.8 1030 281  0.7 6  4.3  95    0    0 283 -316  0
4218500 2850500  1 12 18   2.6 1030 264  1.4 7  4.3  96    0    0 289 -316  0
4218500 2850500  1 12 19   2.3 1031 240  1.3 8  4.2  95    0    0 296 -316  0
4218500 2850500  1 12 20   2.1 1031 164  1.9 8  4.1  95    0    0 299 -316  0
4218500 2850500  1 12 21   2.2 1031 161  2.1 8  4.1  94    0    0 299 -315  0
4218500 2850500  1 12 22   2.2 1031 166  2.6 8  4.0  92    0    0 301 -315  0
4218500 2850500  1 12 23   2.0 1031 169  2.7 8  3.9  90    0    0 302 -315  0
4218500 2850500  1 12 24   2.0 1031 164  2.1 7  3.8  88    0    0 299 -315  0
4218500 2850500  1 13  1   1.9 1032 175  3.1 8  3.7  85    0    0 300 -315  0
4218500 2850500  1 13  2   1.7 1032 159  2.6 8  3.6  85    0    0 303 -313  0
4218500 2850500  1 13  3   1.7 1032 136  2.9 8  3.6  86    0    0 303 -310  0
4218500 2850500  1 13  4   1.3 1031 121  2.8 8  3.6  87    0    0 301 -308  0
4218500 2850500  1 13  5   1.4 1031 129  3.2 7  3.7  89    0    0 295 -305  0
4218500 2850500  1 13  6   1.1 1031 131  3.5 8  3.7  92    0    0 292 -302  0
4218500 2850500  1 13  7   0.7 1031 134  4.1 8  3.8  95    0    0 291 -299  0
4218500 2850500  1 13  8   0.4 1031 145  3.7 8  3.8  97    0    0 286 -296  0
4218500 2850500  1 13  9   0.2 1031 136  4.2 8  3.7  98    0    2 281 -294  0
4218500 2850500  1 13 10   0.2 1031 151  3.9 7  3.7  98    2   49 273 -294  0
4218500 2850500  1 13 11   0.2 1031 134  4.2 7  3.7  98    0   54 266 -296  0
4218500 2850500  1 13 12   0.5 1031 131  4.5 7  3.7  98    0   46 262 -301  0
4218500 2850500  1 13 13   0.8 1031 121  4.2 8  3.8  96    0   40 261 -305  0
4218500 2850500  1 13 14   0.8 1030 131  5.1 8  3.8  95    0   27 258 -307  0
4218500 2850500  1 13 15   0.5 1030 138  4.2 8  3.7  95    0   20 253 -307  0
4218500 2850500  1 13 16   0.3 1029 140  4.2 8  3.7  95    0    8 251 -304  0
4218500 2850500  1 13 17   0.2 1029 134  4.5 7  3.6  95    0    0 248 -300  0
4218500 2850500  1 13 18  -0.2 1029 132  4.9 7  3.5  95    0    0 246 -297  0
4218500 2850500  1 13 19  -0.3 1029 134  4.6 8  3.5  95    0    0 247 -295  0
4218500 2850500  1 13 20  -0.3 1029 140  5.2 8  3.5  95    0    0 249 -293  0
4218500 2850500  1 13 21  -0.2 1029 135  4.6 7  3.5  94    0    0 247 -292  0
4218500 2850500  1 13 22  -0.6 1029 136  4.7 7  3.4  94    0    0 247 -291  0
4218500 2850500  1 13 23  -0.8 1028 132  4.8 6  3.3  94    0    0 246 -290  0
4218500 2850500  1 13 24  -1.2 1028 137  4.1 4  3.3  96    0    0 239 -291  0
4218500 2850500  1 14  1  -1.5 1028 138  4.1 4  3.3  98    0    0 233 -291  0
4218500 2850500  1 14  2  -1.4 1028 138  4.2 4  3.3  98    0    0 232 -292  0
4218500 2850500  1 14  3  -1.4 1028 148  4.2 4  3.2  96    0    0 232 -291  0
4218500 2850500  1 14  4  -1.7 1028 132  3.6 5  3.2  96    0    0 233 -291  0
4218500 2850500  1 14  5  -1.9 1027 131  3.7 6  3.2  97    0    0 235 -291  0
4218500 2850500  1 14  6  -2.1 1027 131  4.5 6  3.1  96    0    0 236 -291  0
4218500 2850500  1 14  7  -2.3 1027 140  4.5 5  3.0  95    0    0 231 -290  0
4218500 2850500  1 14  8  -2.5 1027 142  3.8 5  3.0  95    0    0 227 -289  0
4218500 2850500  1 14  9  -2.7 1028 148  3.3 6  3.0  96    0    9 227 -289  0
4218500 2850500  1 14 10  -2.3 1028 151  3.4 2  3.0  96   72   51 221 -290  0
4218500 2850500  1 14 11  -0.6 1028 145  3.0 1  3.1  93  131   77 217 -292  0
4218500 2850500  1 14 12  -0.4 1028 143  3.6 0  3.2  88  170   93 216 -296  0
4218500 2850500  1 14 13   0.4 1028 119  3.4 0  3.1  82  176   98 215 -301  0
4218500 2850500  1 14 14   0.8 1027 137  3.0 0  3.1  79  146   92 216 -303  0
4218500 2850500  1 14 15   1.0 1027 130  3.2 0  3.1  77   85   72 217 -303  0
4218500 2850500  1 14 16   0.2 1027 132  3.1 0  3.0  78   12   36 217 -300  0
4218500 2850500  1 14 17  -1.0 1026 122  2.6 0  3.0  83    0    0 214 -296  0
4218500 2850500  1 14 18  -1.5 1026 131  3.2 0  3.0  88    0    0 212 -292  0
4218500 2850500  1 14 19  -2.1 1026 128  3.3 0  3.0  90    0    0 211 -290  0
4218500 2850500  1 14 20  -2.4 1026 129  3.0 0  2.9  91    0    0 209 -288  0
4218500 2850500  1 14 21  -2.7 1026 130  3.6 0  2.9  92    0    0 208 -287  0
4218500 2850500  1 14 22  -3.3 1026 120  3.1 0  2.8  92    0    0 207 -286  0
4218500 2850500  1 14 23  -3.7 1026 120  3.3 0  2.6  91    0    0 205 -285  0
4218500 2850500  1 14 24  -4.5 1026 120  3.3 0  2.5  91    0    0 203 -285  0
4218500 2850500  1 15  1  -5.2 1026 122  3.4 0  2.4  93    0    0 201 -284  0
4218500 2850500  1 15  2  -5.7 1026 130  3.8 0  2.4  94    0    0 200 -284  0
4218500 2850500  1 15  3  -6.0 1025 130  4.0 0  2.3  94    0    0 198 -283  0
4218500 2850500  1 15  4  -6.3 1025 122  3.8 0  2.2  95    0    0 197 -283  0
4218500 2850500  1 15  5  -6.4 1025 122  3.7 0  2.2  95    0    0 197 -282  0
4218500 2850500  1 15  6  -6.5 1025 120  3.8 0  2.2  94    0    0 196 -282  0
4218500 2850500  1 15  7  -6.6 1025 122  4.0 0  2.2  94    0    0 196 -281  0
4218500 2850500  1 15  8  -6.5 1024 130  3.7 0  2.1  93    0    0 196 -281  0
4218500 2850500  1 15  9  -6.5 1024 131  3.9 0  2.1  92    1   12 195 -280  0
4218500 2850500  1 15 10  -5.4 1025 140  4.2 0  2.2  91   85   43 197 -282  0
4218500 2850500  1 15 11  -4.0 1024 142  4.2 0  2.3  86  147   64 199 -286  0
4218500 2850500  1 15 12  -3.0 1024 146  4.2 0  2.4  82  189   75 201 -292  0
4218500 2850500  1 15 13  -1.8 1024 152  4.5 0  2.4  78  192   80 203 -298  0
4218500 2850500  1 15 14  -1.4 1023 143  4.8 0  2.5  74  160   77 205 -301  0
4218500 2850500  1 15 15  -1.5 1023 152  4.4 0  2.4  72   86   70 206 -301  0
4218500 2850500  1 15 16  -2.0 1022 142  3.4 0  2.4  73   13   35 205 -299  0
4218500 2850500  1 15 17  -3.1 1022 130  3.5 0  2.4  76    0    0 204 -294  0
4218500 2850500  1 15 18  -3.5 1022 131  4.2 0  2.4  80    0    0 203 -290  0
4218500 2850500  1 15 19  -4.4 1022 132  4.0 0  2.4  85    0    0 201 -288  0
4218500 2850500  1 15 20  -5.0 1022 122  3.6 0  2.4  90    0    0 200 -287  0
4218500 2850500  1 15 21  -5.9 1022 121  3.4 0  2.3  94    0    0 198 -285  0
4218500 2850500  1 15 22  -6.0 1022 141  3.8 0  2.3  95    0    0 197 -284  0
4218500 2850500  1 15 23  -6.4 1022 134  2.9 0  2.2  95    0    0 196 -283  0
4218500 2850500  1 15 24  -6.9 1021 130  3.2 0  2.2  95    0    0 195 -282  0
4218500 2850500  1 16  1  -7.5 1021 132  2.6 1  2.1  97    0    0 195 -282  0
4218500 2850500  1 16  2  -7.6 1021 130  3.1 1  2.1  98    0    0 197 -281  0
4218500 2850500  1 16  3  -7.7 1020 129  2.9 1  2.1  99    0    0 196 -280  0
4218500 2850500  1 16  4  -7.6 1020 129  2.8 1  2.1  99    0    0 197 -280  0
4218500 2850500  1 16  5  -8.1 1020 127  2.7 1  2.0  97    0    0 197 -279  0
4218500 2850500  1 16  6  -8.2 1020 130  2.9 0  2.0  97    0    0 193 -279  0
4218500 2850500  1 16  7  -7.8 1019 130  2.7 1  2.0  96    0    0 193 -278  0
4218500 2850500  1 16  8  -8.3 1019 140  2.9 0  2.0  95    0    0 193 -278  0
4218500 2850500  1 16  9  -7.5 1019 133  2.8 0  1.9  94    1   13 190 -277  0
4218500 2850500  1 16 10  -6.2 1019 151  2.7 0  2.1  92   82   43 193 -279  0
4218500 2850500  1 16 11  -4.3 1019 171  2.9 0  2.3  88  142   64 196 -283  0
4218500 2850500  1 16 12  -3.0 1018 164  3.2 1  2.4  82  178   78 203 -289  0
4218500 2850500  1 16 13  -1.9 1018 162  3.9 1  2.4  78  183   83 209 -295  0
4218500 2850500  1 16 14  -1.4 1017 151  3.1 1  2.5  76  150   81 211 -298  0
4218500 2850500  1 16 15  -1.4 1016 159  4.1 0  2.5  74   88   69 210 -298  0
4218500 2850500  1 16 16  -1.8 1016 151  3.2 0  2.5  73   16   35 208 -296  0
4218500 2850500  1 16 17  -2.5 1016 150  3.3 0  2.4  74    0    0 208 -292  0
4218500 2850500  1 16 18  -2.9 1016 161  3.4 0  2.3  76    0    0 208 -288  0
4218500 2850500  1 16 19  -3.3 1015 161  3.9 0  2.3  75    0    0 207 -286  0
4218500 2850500  1 16 20  -4.1 1015 154  3.4 0  2.2  76    0    0 207 -285  0
4218500 2850500  1 16 21  -4.8 1015 153  3.8 0  2.1  77    0    0 207 -285  0
4218500 2850500  1 16 22  -5.7 1014 162  3.4 0  2.0  80    0    0 205 -285  0
4218500 2850500  1 16 23  -6.2 1014 163  4.0 0  2.0  82    0    0 204 -286  0
4218500 2850500  1 16 24  -6.5 1014 153  4.0 1  1.9  82    0    0 207 -289  0
4218500 2850500  1 17  1  -6.9 1013 160  3.7 0  1.9  83    0    0 206 -291  0
4218500 2850500  1 17  2  -7.2 1012 158  3.9 0  1.9  84    0    0 204 -293  0
4218500 2850500  1 17  3  -7.2 1012 158  3.7 0  1.9  85    0    0 203 -294  0
4218500 2850500  1 17  4  -7.2 1011 150  3.7 0  1.9  85    0    0 203 -295  0
4218500 2850500  1 17  5  -6.9 1011 161  3.7 0  1.9  84    0    0 202 -298  0
4218500 2850500  1 17  6  -7.0 1010 162  3.6 0  1.9  84    0    0 201 -300  0
4218500 2850500  1 17  7  -6.8 1009 154  3.7 0  2.0  86    0    0 198 -301  0
4218500 2850500  1 17  8  -7.0 1009 162  4.0 0  2.0  87    0    0 195 -303  0
4218500 2850500  1 17  9  -6.4 1009 162  4.0 0  2.0  86    3   13 194 -304  0
4218500 2850500  1 17 10  -5.0 1008 162  4.7 0  2.1  83   78   51 194 -306  0
4218500 2850500  1 17 11  -3.3 1007 160  4.4 0  2.2  78  135   76 197 -309  0
4218500 2850500  1 17 12  -1.9 1007 167  4.5 0  2.3  72  172   92 201 -312  0
4218500 2850500  1 17 13   0.2 1006 169  4.7 1  2.3  65  175   97 211 -314  0
4218500 2850500  1 17 14   0.6 1005 169  5.2 2  2.3  60  116   98 223 -315  0
4218500 2850500  1 17 15   0.1 1004 159  4.9 5  2.4  61   55   85 242 -316  0
4218500 2850500  1 17 16  -0.6 1003 151  5.5 7  2.6  69    0   20 269 -316  0
4218500 2850500  1 17 17  -0.8 1001 151  5.0 7  2.9  80    0    0 281 -316  0
4218500 2850500  1 17 18  -1.3 1000 152  4.8 8  3.1  88    0    0 288 -316  0
4218500 2850500  1 17 19  -1.2  999 143  4.9 8  3.2  92    0    0 297 -316  0
4218500 2850500  1 17 20  -1.6  998 148  5.0 8  3.3  94    0    0 297 -316  0
4218500 2850500  1 17 21  -1.9  997 150  5.0 8  3.3  97    0    0 298 -317  0
4218500 2850500  1 17 22  -2.1  996 151  4.9 8  3.3  99    0    0 298 -317  0
4218500 2850500  1 17 23  -1.8  995 149  4.6 8  3.3  98    0    0 298 -316  0
4218500 2850500  1 17 24  -2.0  995 149  4.2 8  3.3  98    0    0 298 -316  0
4218500 2850500  1 18  1  -1.9  994 150  3.3 7  3.3  99    0    0 287 -316  0
4218500 2850500  1 18  2  -2.0  993 149  3.2 8  3.3  99    0    0 285 -316  0
4218500 2850500  1 18  3  -1.9  993 149  2.8 8  3.3  99    0    0 297 -316  0
4218500 2850500  1 18  4  -1.7  992 140  3.0 8  3.3  98    0    0 299 -316  0
4218500 2850500  1 18  5  -1.5  992 132  2.5 8  3.4  98    0    0 300 -316  0
4218500 2850500  1 18  6  -1.2  991 125  2.3 8  3.4  98    0    0 301 -316  0
4218500 2850500  1 18  7  -1.0  991  87  2.2 8  3.5  98    0    0 302 -316  0
4218500 2850500  1 18  8  -1.1  991  48  2.9 8  3.5  98    0    0 303 -316  0
4218500 2850500  1 18  9  -1.0  992  22  3.8 8  3.5  98    0   12 303 -315  0
4218500 2850500  1 18 10  -1.5  993   0  3.9 7  3.4  96    2   48 295 -315  0
4218500 2850500  1 18 11  -1.9  995  10  3.8 8  3.3  96    0   44 294 -315  0
4218500 2850500  1 18 12  -1.9  996   0  3.7 8  3.2  95    0   43 300 -316  0
4218500 2850500  1 18 13  -2.1  997 358  4.1 8  3.1  94    0   38 299 -316  0
4218500 2850500  1 18 14  -2.9  998   9  4.5 8  3.0  93    0   31 298 -316  0
4218500 2850500  1 18 15  -3.4 1000   2  5.3 8  2.8  92    0   17 295 -318  0
4218500 2850500  1 18 16  -3.5 1001  20  4.2 8  2.7  91    0   12 292 -319  0
4218500 2850500  1 18 17  -3.3 1002 341  4.4 8  2.7  90    0    0 291 -318  0
4218500 2850500  1 18 18  -3.3 1004 342  3.6 8  2.7  89    0    0 291 -317  0
4218500 2850500  1 18 19  -3.3 1005   0  3.9 8  2.7  90    0    0 291 -316  0
4218500 2850500  1 18 20  -3.3 1007   3  4.2 8  2.7  90    0    0 290 -316  0
4218500 2850500  1 18 21  -3.5 1008   3  4.5 8  2.6  89    0    0 288 -316  0
4218500 2850500  1 18 22  -3.5 1010  25  3.9 8  2.6  89    0    0 287 -316  0
4218500 2850500  1 18 23  -3.4 1011   5  2.4 8  2.6  89    0    0 285 -316  0
4218500 2850500  1 18 24  -3.3 1012 313  1.9 8  2.7  91    0    0 285 -316  0
4218500 2850500  1 19  1  -3.3 1013 289  1.6 8  2.8  94    0    0 285 -316  0
4218500 2850500  1 19  2  -3.1 1014 348  1.9 8  2.9  96    0    0 287 -316  0
4218500 2850500  1 19  3  -3.0 1014  19  3.5 8  2.8  91    0    0 288 -315  0
4218500 2850500  1 19  4  -3.4 1016  11  3.2 8  2.5  84    0    0 286 -315  0
4218500 2850500  1 19  5  -3.5 1017  11  1.9 7  2.4  81    0    0 279 -315  0
4218500 2850500  1 19  6  -3.5 1018  31  1.7 8  2.4  82    0    0 279 -315  0
4218500 2850500  1 19  7  -3.6 1018 358  0.9 8  2.4  84    0    0 286 -314  0
4218500 2850500  1 19  8  -3.7 1019 207  1.8 8  2.5  85    0    0 286 -313  0
4218500 2850500  1 19  9  -3.8 1019 167  2.1 8  2.5  87    0    3 286 -314  0
4218500 2850500  1 19 10  -3.6 1019 202  1.8 8  2.5  87    0   18 286 -314  0
4218500 2850500  1 19 11  -3.4 1021 202  2.4 7  2.5  86    1   71 282 -315  0
4218500 2850500  1 19 12  -2.9 1021 202  2.1 7  2.5  84    0   81 279 -315  0
4218500 2850500  1 19 13  -2.6 1020 204  2.1 8  2.5  82    0   46 287 -317  0
4218500 2850500  1 19 14  -2.4 1020 185  1.8 7  2.5  81    0   63 287 -319  0
4218500 2850500  1 19 15  -2.3 1020 192  2.3 7  2.6  81    0   36 283 -319  0
4218500 2850500  1 19 16  -2.5 1020 165  2.2 8  2.6  82    0   16 290 -317  0
4218500 2850500  1 19 17  -2.8 1020 146  2.5 7  2.6  85    0    0 289 -316  0
4218500 2850500  1 19 18  -3.0 1020 152  3.1 8  2.7  87    0    0 290 -316  0
4218500 2850500  1 19 19  -3.0 1020 135  2.3 7  2.7  89    0    0 291 -316  0
4218500 2850500  1 19 20  -3.1 1020 144  3.3 7  2.7  88    0    0 284 -316  0
4218500 2850500  1 19 21  -3.2 1020 152  3.7 8  2.6  87    0    0 291 -316  0
4218500 2850500  1 19 22  -3.3 1020 150  3.4 8  2.6  87    0    0 299 -316  0
4218500 2850500  1 19 23  -3.1 1020 142  3.7 8  2.6  86    0    0 299 -316  0
4218500 2850500  1 19 24  -3.7 1019 147  4.6 7  2.5  86    0    0 292 -316  0
4218500 2850500  1 20  1  -4.2 1019 146  5.4 8  2.5  89    0    0 291 -316  0
4218500 2850500  1 20  2  -4.3 1018 137  5.5 8  2.6  93    0    0 297 -317  0
4218500 2850500  1 20  3  -4.4 1017 133  5.1 8  2.6  95    0    0 298 -317  0
4218500 2850500  1 20  4  -4.4 1017 130  5.4 8  2.6  95    0    0 299 -318  0
4218500 2850500  1 20  5  -4.4 1016 134  5.0 8  2.6  96    0    0 300 -319  0
4218500 2850500  1 20  6  -4.3 1015 129  4.3 8  2.7  97    0    0 301 -320  0
4218500 2850500  1 20  7  -4.2 1015 121  4.1 8  2.7  98    0    0 303 -322  0
4218500 2850500  1 20  8  -4.0 1014 128  4.0 8  2.7  98    0    0 303 -323  0
4218500 2850500  1 20  9  -3.9 1014 121  4.3 8  2.8  98    0   12 304 -326  0
4218500 2850500  1 20 10  -3.6 1014 130  3.6 7  2.8  98    1   42 299 -329  0
4218500 2850500  1 20 11  -2.7 1013 130  3.5 7  2.9  98    0   40 296 -331  0
4218500 2850500  1 20 12  -2.5 1013 138  2.7 8  3.1  98    0   41 303 -331  0
4218500 2850500  1 20 13  -1.7 1012 130  2.7 8  3.2  98    0   38 310 -332  0
4218500 2850500  1 20 14  -1.2 1011 129  2.7 8  3.4  98    0   26 312 -333  0
4218500 2850500  1 20 15  -0.7 1010 131  2.5 7  3.5  98    0   21 308 -332  0
4218500 2850500  1 20 16  -0.3 1010 139  2.2 8  3.6  99    0    9 310 -332  0
4218500 2850500  1 20 17   0.0 1009 131  2.7 8  3.7  99    0    0 316 -331  0
4218500 2850500  1 20 18   0.3 1008 139  3.0 8  3.8  99    0    0 317 -330  0
4218500 2850500  1 20 19   0.9 1007 167  3.8 8  4.0  99    0    0 318 -330  0
4218500 2850500  1 20 20   1.9 1006 196  4.1 8  4.2  99    0    0 319 -331  0
4218500 2850500  1 20 21   2.7 1005 201  4.5 8  4.4  99    0    0 322 -331  0
4218500 2850500  1 20 22   3.1 1004 220  5.2 8  4.7  99    0    0 322 -331  0
4218500 2850500  1 20 23   3.5 1004 278  4.9 8  4.8  99    0    0 321 -332  0
4218500 2850500  1 20 24   3.1 1004 250  4.9 7  4.8  98    0    0 313 -332  0
4218500 2850500  1 21  1   3.3 1004 270  5.5 8  4.7  98    0    0 311 -331  0
4218500 2850500  1 21  2   3.2 1005 270  5.5 8  4.8  98    0    0 317 -330  0
4218500 2850500  1 21  3   3.1 1006 270  5.4 8  4.7  98    0    0 316 -328  0
4218500 2850500  1 21  4   2.8 1006 261  4.4 8  4.6  98    0    0 317 -326  0
4218500 2850500  1 21  5   2.4 1006 232  4.2 7  4.5  98    0    0 309 -326  0
4218500 2850500  1 21  6   2.2 1006 213  4.1 7  4.4  98    0    0 302 -326  0
4218500 2850500  1 21  7   1.9 1006 221  4.1 7  4.4  98    0    0 302 -326  0
4218500 2850500  1 21  8   1.0 1005 201  3.2 8  4.2  98    0    0 306 -326  0
4218500 2850500  1 21  9   1.5 1005 256  2.9 8  4.1  99    4   21 310 -326  0
4218500 2850500  1 21 10   1.6 1005 271  2.6 6  4.2  98   14   71 298 -327  0
4218500 2850500  1 21 11   2.4 1006 284  3.2 8  4.3  98    0   56 298 -327  0
4218500 2850500  1 21 12   2.7 1006 300  3.6 8  4.5  99    0   47 311 -325  0
4218500 2850500  1 21 13   2.7 1007 305  3.2 7  4.6  99    0   48 304 -325  0
4218500 2850500  1 21 14   3.0 1007 327  2.2 7  4.6  99    0   47 299 -328  0
4218500 2850500  1 21 15   3.0 1008 319  1.4 8  4.7  98    0   40 306 -330  0
4218500 2850500  1 21 16   2.8 1009 312  2.1 8  4.6  98    0   24 312 -329  0
4218500 2850500  1 21 17   2.9 1010 337  2.1 8  4.5  96    0    0 312 -326  0
4218500 2850500  1 21 18   2.1 1011   0  2.2 8  4.4  97    0    0 311 -322  0
4218500 2850500  1 21 19   1.6 1012  24  3.9 8  4.2  98    0    0 308 -318  0
4218500 2850500  1 21 20  -0.4 1013  15  5.6 8  3.8  96    0    0 303 -316  0
4218500 2850500  1 21 21  -2.5 1015  24  6.3 8  3.3  97    0    0 296 -312  0
4218500 2850500  1 21 22  -4.8 1017  31  6.9 8  2.7  95    0    0 286 -307  0
4218500 2850500  1 21 23  -6.5 1020  22  6.6 8  2.3  92    0    0 278 -305  0
4218500 2850500  1 21 24  -7.6 1022  28  6.0 8  2.0  89    0    0 271 -306  0
4218500 2850500  1 22  1  -9.2 1023  56  5.7 8  1.7  87    0    0 266 -306  0
4218500 2850500  1 22  2  -9.8 1024  57  5.6 8  1.6  86    0    0 263 -306  0
4218500 2850500  1 22  3 -10.5 1026  48  5.0 8  1.5  85    0    0 260 -306  0
4218500 2850500  1 22  4 -11.3 1027  50  5.3 8  1.4  83    0    0 256 -304  0
4218500 2850500  1 22  5 -12.3 1029  51  5.5 5  1.2  82    0    0 236 -303  0
4218500 2850500  1 22  6 -12.8 1030  69  4.3 3  1.2  82    0    0 207 -303  0
4218500 2850500  1 22  7 -13.1 1031  88  3.2 1  1.1  82    0    0 184 -302  0
4218500 2850500  1 22  8 -13.1 1032  77  2.1 0  1.1  84    0    0 168 -301  0
4218500 2850500  1 22  9 -13.0 1033  84  2.3 0  1.2  85   21   14 162 -299  0
4218500 2850500  1 22 10 -12.2 1034  73  2.7 1  1.2  82  107   30 169 -300  0
4218500 2850500  1 22 11 -10.7 1035  67  3.1 2  1.1  74  177   45 183 -302  0
4218500 2850500  1 22 12 -10.6 1036  74  2.9 2  1.1  70  200   66 189 -304  0
4218500 2850500  1 22 13 -10.3 1036  58  2.9 1  1.1  68  183   86 185 -304  0
4218500 2850500  1 22 14  -9.3 1036  63  2.9 1  1.1  64  141   94 182 -302  0
4218500 2850500  1 22 15  -9.4 1036  84  3.2 0  1.1  61   88   81 178 -302  0
4218500 2850500  1 22 16 -10.1 1037  74  3.0 0  1.1  62   23   45 173 -301  0
4218500 2850500  1 22 17 -10.9 1037  81  3.3 0  1.1  66    0    0 170 -299  0
4218500 2850500  1 22 18 -12.0 1038  80  3.0 0  1.1  69    0    0 167 -297  0
4218500 2850500  1 22 19 -12.3 1039  67  3.8 0  1.0  72    0    0 164 -296  0
4218500 2850500  1 22 20 -13.2 1039  79  4.5 0  1.0  74    0    0 164 -294  0
4218500 2850500  1 22 21 -14.1 1040  83  3.8 0  1.0  74    0    0 162 -292  0
4218500 2850500  1 22 22 -14.2 1041 100  3.6 0  0.9  73    0    0 161 -292  0
4218500 2850500  1 22 23 -14.8 1041 119  3.8 0  0.9  73    0    0 160 -291  0
4218500 2850500  1 22 24 -15.7 1042 117  3.4 0  0.8  75    0    0 159 -291  0
4218500 2850500  1 23  1 -15.8 1042  88  2.3 0  0.8  75    0    0 159 -288  0
4218500 2850500  1 23  2 -16.2 1042  94  2.1 0  0.8  75    0    0 159 -285  0
4218500 2850500  1 23  3 -16.1 1042  93  2.7 0  0.8  75    0    0 161 -283  0
4218500 2850500  1 23  4 -16.7 1042  96  3.0 0  0.8  75    0    0 160 -281  0
4218500 2850500  1 23  5 -16.9 1042 117  2.9 0  0.7  76    0    0 160 -280  0
4218500 2850500  1 23  6 -17.0 1042 114  2.8 0  0.7  74    0    0 163 -279  0
4218500 2850500  1 23  7 -17.3 1042 119  2.8 0  0.7  74    0    0 165 -278  0
4218500 2850500  1 23  8 -17.3 1043 114  3.4 0  0.7  74    0    0 168 -279  0
4218500 2850500  1 23  9 -17.4 1043 118  3.4 1  0.7  73   21   15 173 -281  0
4218500 2850500  1 23 10 -16.7 1044 127  3.3 1  0.7  70  102   36 175 -285  0
4218500 2850500  1 23 11 -15.4 1044 111  3.0 1  0.7  66  173   53 175 -289  0
4218500 2850500  1 23 12 -14.3 1044  94  2.6 1  0.7  61  197   74 177 -293  0
4218500 2850500  1 23 13 -13.1 1043  89  3.1 1  0.7  58  176   96 180 -296  0
4218500 2850500  1 23 14 -12.5 1043  98  2.6 2  0.8  57  129  106 187 -298  0
4218500 2850500  1 23 15 -12.2 1042 103  2.9 3  0.8  57   85   88 197 -298  0
4218500 2850500  1 23 16 -12.4 1042 100  3.4 3  0.8  58   21   48 200 -297  0
4218500 2850500  1 23 17 -13.2 1042  91  3.4 3  0.8  60    0    0 199 -295  0
4218500 2850500  1 23 18 -13.9 1042 108  3.2 3  0.8  63    0    0 196 -294  0
4218500 2850500  1 23 19 -14.3 1042 118  3.8 1  0.8  65    0    0 188 -293  0
4218500 2850500  1 23 20 -14.8 1042 120  4.0 1  0.8  69    0    0 180 -293  0
4218500 2850500  1 23 21 -15.1 1042 119  4.2 0  0.8  70    0    0 176 -293  0
4218500 2850500  1 23 22 -15.3 1042 131  3.8 0  0.8  70    0    0 172 -293  0
4218500 2850500  1 23 23 -15.7 1042 129  3.1 0  0.8  73    0    0 171 -293  0
4218500 2850500  1 23 24 -15.9 1041 133  2.9 0  0.8  74    0    0 171 -293  0
4218500 2850500  1 24  1 -16.1 1041 135  3.3 0  0.8  75    0    0 170 -293  0
4218500 2850500  1 24  2 -16.3 1040 119  3.3 0  0.8  77    0    0 170 -294  0
4218500 2850500  1 24  3 -16.5 1040 122  3.2 0  0.8  79    0    0 170 -294  0
4218500 2850500  1 24  4 -16.7 1039 127  2.9 0  0.8  79    0    0 169 -294  0
4218500 2850500  1 24  5 -17.0 1039 121  2.9 0  0.8  79    0    0 169 -295  0
4218500 2850500  1 24  6 -17.0 1039 128  3.2 0  0.8  80    0    0 169 -295  0
4218500 2850500  1 24  7 -17.0 1038 131  3.0 0  0.8  80    0    0 170 -295  0
4218500 2850500  1 24  8 -17.0 1037 131  2.8 1  0.8  82    0    0 175 -294  0
4218500 2850500  1 24  9 -16.9 1037 139  2.6 1  0.8  83   22   18 179 -294  0
4218500 2850500  1 24 10 -15.3 1037 139  2.3 1  0.9  81  102   47 179 -294  0
4218500 2850500  1 24 11 -12.6 1036 138  1.8 1  1.0  76  182   63 182 -297  0
4218500 2850500  1 24 12 -10.6 1036 140  1.9 2  1.1  71  198   86 190 -302  0
4218500 2850500  1 24 13  -9.0 1035 142  2.0 3  1.2  66  145  122 201 -305  0
4218500 2850500  1 24 14  -7.7 1034 153  2.3 4  1.2  62   75  136 213 -308  0
4218500 2850500  1 24 15  -7.8 1033 132  2.2 6  1.3  62   16   96 226 -310  0
4218500 2850500  1 24 16  -7.8 1032 141  2.7 6  1.3  63    4   45 235 -309  0
4218500 2850500  1 24 17  -8.3 1032 129  2.9 6  1.3  65    0    0 237 -307  0
4218500 2850500  1 24 18  -8.7 1031 131  2.3 5  1.3  67    0    0 235 -306  0
4218500 2850500  1 24 19  -9.1 1031 140  3.2 4  1.3  70    0    0 231 -305  0
4218500 2850500  1 24 20  -9.0 1030 139  3.1 3  1.3  71    0    0 227 -305  0
4218500 2850500  1 24 21  -9.0 1029 147  3.0 3  1.3  70    0    0 224 -306  0
4218500 2850500  1 24 22  -9.0 1028 150  3.0 4  1.4  72    0    0 226 -306  0
4218500 2850500  1 24 23  -8.9 1027 161  3.2 5  1.4  73    0    0 233 -306  0
4218500 2850500  1 24 24  -8.6 1026 169  3.1 5  1.4  74    0    0 236 -306  0
4218500 2850500  1 25  1  -8.4 1025 170  3.1 6  1.5  74    0    0 241 -307  0
4218500 2850500  1 25  2  -8.2 1024 168  3.3 6  1.5  73    0    0 246 -307  0
4218500 2850500  1 25  3  -7.4 1022 168  3.0 7  1.5  72    0    0 253 -307  0
4218500 2850500  1 25  4  -7.5 1021 161  3.5 7  1.5  72    0    0 258 -307  0
4218500 2850500  1 25  5  -6.8 1020 169  3.6 7  1.6  72    0    0 259 -307  0
4218500 2850500  1 25  6  -6.3 1019 169  4.5 7  1.6  71    0    0 258 -308  0
4218500 2850500  1 25  7  -5.8 1017 179  4.2 8  1.7  69    0    0 262 -308  0
4218500 2850500  1 25  8  -5.7 1016 179  3.3 7  1.7  68    0    0 263 -309  0
4218500 2850500  1 25  9  -5.6 1016 168  3.4 7  1.7  69    7   20 261 -309  0
4218500 2850500  1 25 10  -5.1 1015 177  4.0 6  1.7  68   14   65 257 -311  0
4218500 2850500  1 25 11  -4.4 1014 169  3.6 7  1.8  67   11  101 259 -312  0
4218500 2850500  1 25 12  -3.9 1014 176  3.8 7  1.8  65    6  114 266 -313  0
4218500 2850500  1 25 13  -3.5 1013 172  3.9 7  1.8  64   11  135 268 -314  0
4218500 2850500  1 25 14  -3.3 1012 164  4.1 7  1.8  63    9  118 269 -315  0
4218500 2850500  1 25 15  -3.3 1011 160  3.5 6  1.8  62    5   82 265 -315  0
4218500 2850500  1 25 16  -3.4 1011 155  2.9 6  1.8  62    0   38 260 -315  0
4218500 2850500  1 25 17  -4.1 1010 122  2.5 7  1.8  63    0    1 262 -315  0
4218500 2850500  1 25 18  -4.5 1010 130  2.4 7  1.8  64    0    0 266 -315  0
4218500 2850500  1 25 19  -5.0 1011 122  2.6 6  1.7  65    0    0 261 -314  0
4218500 2850500  1 25 20  -4.8 1011 145  2.7 6  1.7  66    0    0 256 -313  0
4218500 2850500  1 25 21  -5.0 1011 149  2.2 8  1.7  65    0    0 266 -313  0
4218500 2850500  1 25 22  -5.1 1011 125  2.1 8  1.7  65    0    0 276 -312  0
4218500 2850500  1 25 23  -5.2 1011 118  3.1 8  1.7  65    0    0 275 -311  0
4218500 2850500  1 25 24  -5.6 1012 117  2.8 8  1.7  66    0    0 275 -310  0
4218500 2850500  1 26  1  -6.4 1012 108  2.0 8  1.6  68    0    0 272 -310  0
4218500 2850500  1 26  2  -6.5 1012  98  2.6 7  1.6  70    0    0 266 -309  0
4218500 2850500  1 26  3  -7.2 1013  78  2.4 7  1.6  73    0    0 262 -308  0
4218500 2850500  1 26  4  -6.8 1013  78  2.3 6  1.7  74    0    0 256 -307  0
4218500 2850500  1 26  5  -6.9 1013  69  2.9 7  1.7  74    0    0 257 -305  0
4218500 2850500  1 26  6  -6.9 1014  72  2.5 7  1.7  74    0    0 261 -305  0
4218500 2850500  1 26  7  -7.5 1014  86  2.9 6  1.7  75    0    0 255 -304  0
4218500 2850500  1 26  8  -8.1 1015  81  2.5 5  1.6  77    0    0 243 -303  0
4218500 2850500  1 26  9  -8.4 1015  78  2.9 5  1.6  79   19   24 236 -304  0
4218500 2850500  1 26 10  -8.0 1016  88  2.3 3  1.7  82   72   68 227 -305  0
4218500 2850500  1 26 11  -5.4 1017 105  2.5 3  1.8  77  121  107 220 -307  0
4218500 2850500  1 26 12  -4.3 1018 106  2.5 2  1.8  69  153  132 219 -310  0
4218500 2850500  1 26 13  -4.1 1018  94  2.5 2  1.8  66  152  144 215 -313  0
4218500 2850500  1 26 14  -3.5 1018  66  2.3 2  1.8  64  132  136 214 -312  0
4218500 2850500  1 26 15  -3.7 1018  54  2.3 1  1.8  64   82  111 208 -312  0
4218500 2850500  1 26 16  -4.0 1018  76  2.3 1  1.8  65   21   59 203 -311  0
4218500 2850500  1 26 17  -5.3 1018  68  2.7 2  1.8  68    0    0 207 -309  0
4218500 2850500  1 26 18  -6.0 1019  78  2.4 1  1.7  71    0    0 206 -308  0
4218500 2850500  1 26 19  -5.8 1019  73  2.4 4  1.7  71    0    0 214 -307  0
4218500 2850500  1 26 20  -6.5 1020  74  2.6 5  1.7  72    0    0 231 -307  0
4218500 2850500  1 26 21  -7.1 1020  80  2.3 3  1.7  74    0    0 224 -307  0
4218500 2850500  1 26 22  -7.6 1020  88  2.8 0  1.7  77    0    0 199 -306  0
4218500 2850500  1 26 23  -8.2 1020  69  2.4 0  1.6  79    0    0 182 -305  0
4218500 2850500  1 26 24  -8.8 1021  70  2.2 0  1.6  81    0    0 182 -304  0
4218500 2850500  1 27  1  -8.9 1021  85  2.4 0  1.6  82    0    0 182 -304  0
4218500 2850500  1 27  2  -9.1 1021  82  2.3 0  1.6  83    0    0 182 -303  0
4218500 2850500  1 27  3  -9.3 1021  77  2.7 0  1.6  84    0    0 181 -301  0
4218500 2850500  1 27  4 -10.2 1021  96  2.8 0  1.5  85    0    0 180 -299  0
4218500 2850500  1 27  5 -10.5 1021  84  2.9 0  1.5  87    0    0 179 -296  0
4218500 2850500  1 27  6 -11.2 1021  88  2.3 1  1.5  90    0    0 183 -291  0
4218500 2850500  1 27  7 -11.9 1021  95  2.4 0  1.4  91    0    0 181 -287  0
4218500 2850500  1 27  8 -11.8 1021  95  1.9 1  1.4  92    0    0 180 -284  0
4218500 2850500  1 27  9 -11.8 1021  76  2.1 1  1.4  93   23   20 184 -283  0
4218500 2850500  1 27 10  -9.8 1022  72  2.3 0  1.5  89   98   53 181 -283  0
4218500 2850500  1 27 11  -7.8 1022  76  2.1 0  1.6  81  170   73 181 -286  0
4218500 2850500  1 27 12  -5.5 1022  79  2.0 0  1.6  72  202   92 185 -291  0
4218500 2850500  1 27 13  -4.5 1022  79  2.1 0  1.6  64  200  104 189 -295  0
4218500 2850500  1 27 14  -3.6 1021 108  2.1 0  1.6  58  175  101 191 -297  0
4218500 2850500  1 27 15  -3.6 1021 117  2.2 0  1.6  56  125   84 193 -297  0
4218500 2850500  1 27 16  -4.2 1021 113  1.8 0  1.6  56   41   53 193 -295  0
4218500 2850500  1 27 17  -5.1 1021 124  2.1 0  1.6  59    0    0 192 -290  0
4218500 2850500  1 27 18  -6.6 1022 107  2.0 0  1.6  64    0    0 189 -286  0
4218500 2850500  1 27 19  -7.4 1022  71  2.7 0  1.6  71    0    0 186 -283  0
4218500 2850500  1 27 20  -8.8 1022  79  2.6 0  1.6  76    0    0 183 -280  0
4218500 2850500  1 27 21  -8.7 1023  89  2.2 0  1.5  78    0    0 182 -276  0
4218500 2850500  1 27 22  -9.3 1023  75  2.5 0  1.5  79    0    0 182 -270  0
4218500 2850500  1 27 23  -9.8 1023  73  2.5 0  1.5  81    0    0 181 -265  0
4218500 2850500  1 27 24  -9.8 1023  80  2.5 1  1.5  82    0    0 182 -262  0
4218500 2850500  1 28  1 -10.2 1023  87  2.0 0  1.5  83    0    0 182 -260  0
4218500 2850500  1 28  2 -10.4 1024  80  2.0 0  1.4  84    0    0 178 -259  0
4218500 2850500  1 28  3 -10.4 1024 110  1.7 0  1.5  86    0    0 179 -257  0
4218500 2850500  1 28  4 -11.6 1024 118  1.6 0  1.4  89    0    0 179 -256  0
4218500 2850500  1 28  5 -11.7 1024  89  1.4 0  1.4  91    0    0 179 -256  0
4218500 2850500  1 28  6 -12.1 1024  59  1.9 0  1.4  93    0    0 179 -255  0
4218500 2850500  1 28  7 -12.0 1024  64  1.8 0  1.4  93    0    0 180 -255  0
4218500 2850500  1 28  8 -11.6 1025  93  1.8 0  1.4  93    0    0 182 -262  0
4218500 2850500  1 28  9 -11.3 1025 127  1.9 1  1.5  94   26   20 187 -270  0
4218500 2850500  1 28 10  -9.1 1025  89  1.4 0  1.6  90  106   50 190 -273  0
4218500 2850500  1 28 11  -5.8 1025  94  1.4 1  1.7  78  179   68 196 -279  0
4218500 2850500  1 28 12  -4.0 1026  82  1.3 1  1.7  67  214   85 205 -286  0
4218500 2850500  1 28 13  -4.0 1025   7  1.2 1  1.7  61  207   98 206 -292  0
4218500 2850500  1 28 14  -3.1 1025  55  1.6 1  1.7  59  175   99 208 -296  0
4218500 2850500  1 28 15  -1.5 1025  12  1.3 0  1.8  56  127   81 208 -296  0
4218500 2850500  1 28 16  -2.0 1025 355  0.5 1  1.8  55   43   52 210 -294  0
4218500 2850500  1 28 17  -3.9 1024  95  1.0 1  1.7  58    0    1 212 -290  0
4218500 2850500  1 28 18  -6.0 1025   5  1.1 0  1.7  65    0    0 203 -286  0
4218500 2850500  1 28 19  -7.5 1025  12  1.9 0  1.6  72    0    0 194 -283  0
4218500 2850500  1 28 20  -7.8 1025 339  0.3 0  1.7  78    0    0 193 -281  0
4218500 2850500  1 28 21  -8.0 1026  11  1.5 0  1.7  84    0    0 193 -279  0
4218500 2850500  1 28 22  -8.8 1026 339  0.8 0  1.8  90    0    0 193 -278  0
4218500 2850500  1 28 23  -8.6 1026 354  0.8 0  1.8  91    0    0 193 -277  0
4218500 2850500  1 28 24  -9.5 1026 301  0.2 0  1.8  93    0    0 194 -277  0
4218500 2850500  1 29  1  -9.2 1026 304  0.9 0  1.8  95    0    0 195 -277  0
4218500 2850500  1 29  2  -9.7 1027 306  1.5 0  1.7  95    0    0 197 -276  0
4218500 2850500  1 29  3  -9.1 1026 293  1.9 1  1.7  94    0    0 201 -276  0
4218500 2850500  1 29  4  -8.9 1027 280  2.7 1  1.7  90    0    0 206 -275  0
4218500 2850500  1 29  5  -9.6 1026 315  2.7 0  1.6  87    0    0 200 -275  0
4218500 2850500  1 29  6 -10.1 1026 293  2.4 0  1.6  91    0    0 195 -276  0
4218500 2850500  1 29  7 -10.1 1027 293  2.2 2  1.6  94    0    0 203 -277  0
4218500 2850500  1 29  8 -10.0 1027 319  2.2 2  1.6  92    0    0 211 -278  0
4218500 2850500  1 29  9  -9.2 1028 278  2.4 3  1.7  92   28   24 216 -278  0
4218500 2850500  1 29 10  -6.4 1028 230  1.5 4  1.8  89  101   68 229 -281  0
4218500 2850500  1 29 11  -3.7 1028 226  1.5 5  2.0  78  140   98 244 -287  0
4218500 2850500  1 29 12  -2.3 1028 271  1.7 6  2.0  67   73  152 258 -293  0
4218500 2850500  1 29 13  -0.3 1028 306  1.1 6  2.0  58   24  154 265 -299  0
4218500 2850500  1 29 14   0.5 1028 291  1.5 6  2.0  54   46  151 269 -303  0
4218500 2850500  1 29 15   0.8 1027 290  1.7 4  2.2  57   96  104 262 -303  0
4218500 2850500  1 29 16   0.3 1027 272  1.8 4  2.3  60   54   61 253 -301  0
4218500 2850500  1 29 17  -1.2 1027 252  1.7 4  2.3  63    0    2 251 -298  0
4218500 2850500  1 29 18  -3.1 1027 272  1.5 3  2.2  68    0    0 241 -295  0
4218500 2850500  1 29 19  -3.7 1027 256  1.6 3  2.1  73    0    0 234 -294  0
4218500 2850500  1 29 20  -5.0 1027 266  1.6 2  2.1  79    0    0 228 -294  0
4218500 2850500  1 29 21  -5.3 1027 236  1.6 2  2.1  83    0    0 222 -293  0
4218500 2850500  1 29 22  -6.2 1027 235  1.5 4  2.1  88    0    0 232 -293  0
4218500 2850500  1 29 23  -5.4 1027 241  1.5 6  2.2  93    0    0 251 -295  0
4218500 2850500  1 29 24  -5.2 1027 226  2.1 6  2.3  90    0    0 262 -297  0
4218500 2850500  1 30  1  -4.7 1027 243  1.8 6  2.3  88    0    0 261 -298  0
4218500 2850500  1 30  2  -4.9 1027 225  1.8 5  2.2  85    0    0 256 -299  0
4218500 2850500  1 30  3  -5.4 1026 270  1.5 5  2.2  86    0    0 253 -300  0
4218500 2850500  1 30  4  -5.5 1027 248  2.2 4  2.2  90    0    0 248 -300  0
4218500 2850500  1 30  5  -6.8 1026 264  2.3 2  2.1  91    0    0 232 -301  0
4218500 2850500  1 30  6  -7.0 1026 255  2.8 2  2.1  93    0    0 221 -300  0
4218500 2850500  1 30  7  -6.8 1025 263  3.2 3  2.1  93    0    0 226 -300  0
4218500 2850500  1 30  8  -6.4 1025 249  3.0 4  2.1  90    0    0 236 -301  0
4218500 2850500  1 30  9  -5.9 1025 245  2.7 5  2.1  89    9   25 247 -302  0
4218500 2850500  1 30 10  -4.4 1025 265  1.9 6  2.3  90   40   83 259 -303  0
4218500 2850500  1 30 11  -2.7 1025 237  1.9 6  2.5  88   38  133 268 -306  0
4218500 2850500  1 30 12  -2.0 1025 236  2.7 7  2.7  85    8  131 276 -308  0
4218500 2850500  1 30 13  -0.5 1025 267  3.4 7  2.8  83    6  134 285 -310  0
4218500 2850500  1 30 14  -0.2 1024 277  3.6 8  3.1  84    0   80 294 -312  0
4218500 2850500  1 30 15  -0.1 1023 281  3.5 8  3.2  86    1   76 301 -312  0
4218500 2850500  1 30 16  -0.2 1023 269  3.3 7  3.2  87   17   64 296 -312  0
4218500 2850500  1 30 17  -0.3 1022 274  3.8 8  3.3  90    0    2 297 -312  0
4218500 2850500  1 30 18  -0.2 1022 271  3.5 8  3.4  93    0    0 301 -311  0
4218500 2850500  1 30 19  -0.3 1022 280  3.4 8  3.5  94    0    0 299 -310  0
4218500 2850500  1 30 20  -0.1 1022 290  4.0 8  3.5  95    0    0 298 -309  0
4218500 2850500  1 30 21   0.1 1022 277  3.6 8  3.6  95    0    0 297 -309  0
4218500 2850500  1 30 22   0.2 1021 290  3.5 8  3.7  96    0    0 298 -308  0
4218500 2850500  1 30 23   0.4 1021 286  3.3 8  3.7  98    0    0 298 -308  0
4218500 2850500  1 30 24   0.6 1020 270  3.2 7  3.8  98    0    0 294 -309  0
4218500 2850500  1 31  1   0.8 1020 271  4.0 8  3.9  97    0    0 296 -309  0
4218500 2850500  1 31  2   0.8 1020 276  3.9 8  3.9  98    0    0 300 -309  0
4218500 2850500  1 31  3   1.0 1020 275  3.9 8  3.9  98    0    0 299 -309  0
4218500 2850500  1 31  4   1.1 1019 289  4.2 8  3.9  95    0    0 298 -309  0
4218500 2850500  1 31  5   1.1 1019 281  4.7 8  3.8  92    0    0 297 -308  0
4218500 2850500  1 31  6   0.9 1019 291  5.2 8  3.7  91    0    0 297 -308  0
4218500 2850500  1 31  7   0.5 1019 298  5.5 8  3.6  92    0    0 298 -307  0
4218500 2850500  1 31  8   0.3 1019 300  4.9 8  3.6  93    0    0 298 -306  0
4218500 2850500  1 31  9  -0.1 1019 281  5.2 8  3.6  94    2   16 297 -307  0
4218500 2850500  1 31 10   0.2 1019 289  4.6 8  3.5  94    0   23 297 -308  0
4218500 2850500  1 31 11   0.5 1020 290  4.0 8  3.6  92    0   55 298 -311  0
4218500 2850500  1 31 12   0.5 1020 284  4.3 6  3.5  90   11  134 287 -313  0
4218500 2850500  1 31 13   0.8 1020 281  4.7 7  3.5  89    0   88 281 -314  0
4218500 2850500  1 31 14   0.7 1019 278  3.9 7  3.5  88    0   72 285 -314  0
4218500 2850500  1 31 15   0.6 1019 288  4.2 8  3.5  88    0   36 289 -314  0
4218500 2850500  1 31 16   0.4 1019 270  3.4 7  3.5  89    6   53 286 -314  0
4218500 2850500  1 31 17   0.3 1019 279  4.0 8  3.4  89    0    2 285 -313  0
4218500 2850500  1 31 18   0.4 1019 286  4.1 8  3.4  88    0    0 289 -313  0
4218500 2850500  1 31 19   0.2 1019 276  3.2 7  3.4  89    0    0 283 -312  0
4218500 2850500  1 31 20   0.5 1019 254  2.4 7  3.5  90    0    0 279 -312  0
4218500 2850500  1 31 21  -0.4 1019 240  3.1 5  3.5  91    0    0 269 -312  0
4218500 2850500  1 31 22  -0.7 1019 243  3.1 5  3.4  94    0    0 257 -312  0
4218500 2850500  1 31 23  -1.0 1019 283  4.5 6  3.4  95    0    0 261 -312  0
4218500 2850500  1 31 24  -1.6 1019 280  4.0 7  3.4  98    0    0 272 -312  0
4218500 2850500  2  1  1  -1.6 1019 279  3.6 8  3.4 100    0    0 288 -311  0
4218500 2850500  2  1  2  -1.3 1019 278  3.6 8  3.4 100    0    0 289 -311  0
4218500 2850500  2  1  3  -1.3 1019 281  4.2 8  3.4 100    0    0 291 -311  0
4218500 2850500  2  1  4  -1.4 1019 278  5.0 8  3.4 100    0    0 292 -311  0
4218500 2850500  2  1  5  -1.5 1018 281  4.2 8  3.4 100    0    0 293 -311  0
4218500 2850500  2  1  6  -1.6 1018 278  4.7 8  3.3  99    0    0 294 -310  0
4218500 2850500  2  1  7  -2.0 1018 267  3.9 8  3.3  99    0    0 292 -310  0
4218500 2850500  2  1  8  -2.1 1018 280  3.6 7  3.2  98    0    0 286 -310  0
4218500 2850500  2  1  9  -2.4 1018 252  3.8 8  3.2  99    0   16 288 -309  0
4218500 2850500  2  1 10  -2.5 1018 253  4.1 8  3.1  99    0   60 298 -310  0
4218500 2850500  2  1 11  -2.5 1018 247  3.7 7  3.1  98    0   68 291 -310  0
4218500 2850500  2  1 12  -2.4 1018 258  3.9 7  3.1  98    0   65 285 -312  0
4218500 2850500  2  1 13  -2.1 1018 273  2.8 7  3.1  98    0   95 284 -314  0
4218500 2850500  2  1 14  -2.5 1017 268  3.0 8  3.1  98    0   72 290 -314  0
4218500 2850500  2  1 15  -2.5 1017 268  3.3 8  3.1 100    0   33 293 -314  0
4218500 2850500  2  1 16  -2.4 1016 279  2.9 6  3.1  99    0   39 276 -314  0
4218500 2850500  2  1 17  -2.6 1016 276  2.9 8  3.1  97    0   12 269 -311  0
4218500 2850500  2  1 18  -2.9 1016 274  2.8 8  3.0  98    0    0 272 -309  0
4218500 2850500  2  1 19  -3.1 1016 287  2.7 8  3.0  98    0    0 270 -306  0
4218500 2850500  2  1 20  -3.3 1016 279  3.2 8  3.0  99    0    0 267 -305  0
4218500 2850500  2  1 21  -3.3 1016 282  3.4 7  2.9  99    0    0 263 -304  0
4218500 2850500  2  1 22  -3.2 1016 289  2.4 7  3.0  99    0    0 258 -303  0
4218500 2850500  2  1 23  -3.0 1016 282  2.9 7  2.9  98    0    0 256 -302  0
4218500 2850500  2  1 24  -2.9 1016 290  2.7 7  3.0  97    0    0 255 -301  0
4218500 2850500  2  2  1  -2.7 1015 285  2.8 8  3.0  97    0    0 256 -301  0
4218500 2850500  2  2  2  -2.7 1015 286  2.3 8  3.0  97    0    0 259 -300  0
4218500 2850500  2  2  3  -2.3 1015 287  2.8 8  3.0  97    0    0 259 -299  0
4218500 2850500  2  2  4  -2.3 1014 290  2.7 8  3.0  95    0    0 260 -298  0
4218500 2850500  2  2  5  -2.2 1014 300  2.8 8  3.0  94    0    0 261 -297  0
4218500 2850500  2  2  6  -2.2 1014 310  3.6 8  3.0  93    0    0 264 -297  0
4218500 2850500  2  2  7  -2.1 1014 309  2.9 8  3.0  93    0    0 266 -297  0
4218500 2850500  2  2  8  -1.9 1014 294  3.1 8  3.1  94    0    0 269 -299  0
4218500 2850500  2  2  9  -1.6 1014 295  2.8 8  3.1  94    0   17 273 -303  0
4218500 2850500  2  2 10  -1.5 1014 293  2.9 7  3.1  93    0   46 273 -306  0
4218500 2850500  2  2 11  -1.2 1014 303  2.7 8  3.2  92    0   42 276 -309  0
4218500 2850500  2  2 12  -0.9 1014 285  3.6 8  3.2  92    0   40 283 -311  0
4218500 2850500  2  2 13  -0.6 1014 286  2.8 7  3.3  91    0   52 282 -312  0
4218500 2850500  2  2 14  -0.5 1014 279  3.2 7  3.3  91    0   60 280 -313  0
4218500 2850500  2  2 15  -0.6 1014 265  3.0 7  3.3  91    0   44 280 -314  0
4218500 2850500  2  2 16  -0.7 1014 269  3.1 8  3.3  92    0   18 284 -314  0
4218500 2850500  2  2 17  -0.8 1014 259  3.0 8  3.3  93    0    2 288 -314  0
4218500 2850500  2  2 18  -0.8 1014 270  2.6 8  3.3  93    0    0 289 -313  0
4218500 2850500  2  2 19  -0.8 1013 262  3.0 8  3.4  94    0    0 289 -312  0
4218500 2850500  2  2 20  -0.7 1013 267  3.3 8  3.4  95    0    0 289 -311  0
4218500 2850500  2  2 21  -0.4 1013 279  2.7 8  3.4  94    0    0 288 -311  0
4218500 2850500  2  2 22  -0.4 1013 270  3.2 8  3.4  93    0    0 289 -311  0
4218500 2850500  2  2 23  -0.6 1013 270  3.3 8  3.4  94    0    0 288 -310  0
4218500 2850500  2  2 24  -0.8 1013 270  3.4 8  3.4  96    0    0 288 -310  0
4218500 2850500  2  3  1  -0.9 1013 270  3.3 8  3.5  98    0    0 287 -309  0
4218500 2850500  2  3  2  -1.0 1013 272  3.3 8  3.5  98    0    0 286 -309  0
4218500 2850500  2  3  3  -1.0 1013 280  3.4 8  3.5  98    0    0 287 -310  0
4218500 2850500  2  3  4  -1.0 1013 281  3.3 8  3.5  98    0    0 289 -310  0
4218500 2850500  2  3  5  -0.8 1012 284  3.6 8  3.5  98    0    0 293 -310  0
4218500 2850500  2  3  6  -0.6 1012 290  3.4 8  3.6  98    0    0 294 -310  0
4218500 2850500  2  3  7  -0.5 1012 270  2.6 8  3.6  98    0    0 296 -311  0
4218500 2850500  2  3  8  -0.5 1012 262  2.9 8  3.6  98    0    0 296 -311  0
4218500 2850500  2  3  9  -0.6 1012 262  3.3 8  3.6  98    0   17 296 -312  0
4218500 2850500  2  3 10  -0.3 1012 268  3.0 8  3.6  98    0   40 295 -313  0
4218500 2850500  2  3 11  -0.2 1013 280  2.9 8  3.7  98    0   43 296 -314  0
4218500 2850500  2  3 12   0.2 1013 280  3.0 8  3.7  98    0   56 297 -314  0
4218500 2850500  2  3 13   0.4 1013 290  3.0 8  3.8  98    0   63 297 -315  0
4218500 2850500  2  3 14   0.6 1013 300  2.7 8  3.9  98    0   56 297 -315  0
4218500 2850500  2  3 15   0.6 1013 302  2.5 8  3.9  98    0   43 297 -315  0
4218500 2850500  2  3 16   0.7 1013 292  2.1 7  3.9  97    0   45 292 -315  0
4218500 2850500  2  3 17   0.8 1013 307  1.7 8  3.8  96    0    8 291 -315  0
4218500 2850500  2  3 18   0.6 1013 284  1.7 7  3.8  96    0    0 290 -315  0
4218500 2850500  2  3 19   0.7 1014 295  2.0 8  3.8  96    0    0 288 -314  0
4218500 2850500  2  3 20   0.9 1014 309  1.7 7  3.8  95    0    0 287 -313  0
4218500 2850500  2  3 21   0.6 1014 302  1.5 6  3.8  96    0    0 276 -312  0
4218500 2850500  2  3 22   0.5 1014 319  1.7 7  3.8  96    0    0 274 -311  0
4218500 2850500  2  3 23   0.5 1015 288  1.1 7  3.8  97    0    0 277 -310  0
4218500 2850500  2  3 24   0.4 1015 337  1.5 6  3.8  96    0    0 272 -307  0
4218500 2850500  2  4  1   0.4 1016 301  1.6 7  3.7  96    0    0 271 -305  0
4218500 2850500  2  4  2   0.3 1015 325  2.1 7  3.7  95    0    0 275 -306  0
4218500 2850500  2  4  3   0.3 1016 268  2.3 7  3.7  95    0    0 275 -304  0
4218500 2850500  2  4  4   0.2 1015 277  2.1 7  3.7  95    0    0 276 -302  0
4218500 2850500  2  4  5   0.3 1015 285  2.3 7  3.6  94    0    0 276 -301  0
4218500 2850500  2  4  6   0.3 1015 316  2.4 8  3.7  95    0    0 281 -301  0
4218500 2850500  2  4  7   0.2 1016 342  2.2 8  3.7  96    0    0 285 -300  0
4218500 2850500  2  4  8   0.1 1016  13  2.8 8  3.7  98    0    1 285 -299  0
4218500 2850500  2  4  9  -0.1 1017   7  2.4 8  3.6  96    0   25 283 -300  0
4218500 2850500  2  4 10  -0.2 1017  10  3.3 7  3.6  96    0   58 277 -302  0
4218500 2850500  2  4 11  -0.2 1018  11  3.9 7  3.6  97    2   86 273 -306  0
4218500 2850500  2  4 12  -0.3 1019  37  4.7 7  3.3  90    0   76 272 -310  0
4218500 2850500  2  4 13  -0.1 1019  38  5.5 5  3.0  80   45  127 261 -312  0
4218500 2850500  2  4 14   0.2 1020  57  5.5 5  2.7  71  108   95 250 -313  0
4218500 2850500  2  4 15   0.0 1021  40  5.6 3  2.4  62  111   63 240 -313  0
4218500 2850500  2  4 16  -0.5 1021  32  5.9 3  2.2  60   54   48 228 -312  0
4218500 2850500  2  4 17  -1.6 1022  39  4.9 1  2.1  60    0   18 215 -308  0
4218500 2850500  2  4 18  -2.4 1023  40  4.5 1  2.0  63    0    0 202 -300  0
4218500 2850500  2  4 19  -3.0 1024  38  4.3 1  2.0  65    0    0 199 -295  0
4218500 2850500  2  4 20  -3.9 1025  46  3.4 0  1.9  67    0    0 191 -294  0
4218500 2850500  2  4 21  -5.0 1025  42  2.7 0  1.8  69    0    0 182 -291  0
4218500 2850500  2  4 22  -5.9 1026  54  2.8 0  1.8  71    0    0 180 -289  0
4218500 2850500  2  4 23  -6.4 1027  57  2.5 0  1.7  74    0    0 179 -288  0
4218500 2850500  2  4 24  -6.6 1027  80  2.2 0  1.7  76    0    0 178 -287  0
4218500 2850500  2  5  1  -7.4 1027  98  2.5 0  1.7  78    0    0 178 -287  0
4218500 2850500  2  5  2  -8.0 1027  90  1.8 0  1.7  83    0    0 175 -286  0
4218500 2850500  2  5  3  -8.2 1027 115  1.8 0  1.8  86    0    0 174 -285  0
4218500 2850500  2  5  4  -9.0 1027 139  1.2 2  1.7  90    0    0 182 -285  0
4218500 2850500  2  5  5  -8.8 1027 149  1.6 4  1.8  92    0    0 201 -285  0
4218500 2850500  2  5  6  -8.2 1027 162  1.0 6  1.8  93    0    0 222 -284  0
4218500 2850500  2  5  7  -7.7 1026 172  1.0 6  1.9  93    0    0 234 -284  0
4218500 2850500  2  5  8  -7.5 1027 136  0.5 6  2.0  92    0    1 236 -284  0
4218500 2850500  2  5  9  -6.7 1027 164  1.2 7  2.0  91    7   29 241 -285  0
4218500 2850500  2  5 10  -6.4 1027 192  1.5 6  2.0  88   74   63 243 -288  0
4218500 2850500  2  5 11  -5.3 1027 182  1.6 6  2.0  85  111   96 240 -293  0
4218500 2850500  2  5 12  -4.4 1026 163  1.7 7  2.1  80   35  141 249 -298  0
4218500 2850500  2  5 13  -3.9 1026 189  1.8 7  2.0  73    6  125 257 -302  0
4218500 2850500  2  5 14  -2.8 1025 202  1.2 7  1.9  66   31  137 258 -304  0
4218500 2850500  2  5 15  -2.4 1025 168  1.4 7  1.8  60   14  106 258 -305  0
4218500 2850500  2  5 16  -3.0 1024 150  1.7 6  1.8  60    9   66 252 -303  0
4218500 2850500  2  5 17  -3.8 1024 195  1.6 3  1.9  64    1   19 230 -299  0
4218500 2850500  2  5 18  -5.4 1024 163  1.3 2  1.8  68    0    0 208 -294  0
4218500 2850500  2  5 19  -6.5 1024 140  1.6 3  1.8  75    0    0 206 -290  0
4218500 2850500  2  5 20  -6.7 1024 170  1.5 4  1.8  80    0    0 212 -287  0
4218500 2850500  2  5 21  -6.4 1024 179  1.3 4  1.8  80    0    0 215 -285  0
4218500 2850500  2  5 22  -7.2 1024 171  1.2 3  1.8  81    0    0 209 -284  0
4218500 2850500  2  5 23  -7.8 1024 192  1.2 3  1.8  85    0    0 203 -283  0
4218500 2850500  2  5 24  -9.2 1025 184  1.1 3  1.8  91    0    0 202 -282  0
4218500 2850500  2  6  1  -9.6 1025 202  0.9 2  1.7  95    0    0 197 -281  0
4218500 2850500  2  6  2  -9.7 1025 253  1.2 2  1.7  95    0    0 192 -281  0
4218500 2850500  2  6  3 -10.0 1025 241  1.5 1  1.7  95    0    0 187 -280  0
4218500 2850500  2  6  4 -10.2 1025 233  1.6 0  1.6  94    0    0 177 -280  0
4218500 2850500  2  6  5 -10.9 1024 229  2.0 0  1.6  94    0    0 169 -280  0
4218500 2850500  2  6  6 -10.3 1024 209  1.7 1  1.6  94    0    0 173 -281  0
4218500 2850500  2  6  7 -10.1 1024 176  1.8 2  1.6  94    0    0 184 -282  0
4218500 2850500  2  6  8 -10.7 1024 183  2.0 3  1.6  96    0    1 193 -283  0
4218500 2850500  2  6  9  -9.5 1024 191  1.8 5  1.7  97   16   29 211 -285  0
4218500 2850500  2  6 10  -7.9 1024 193  2.1 5  1.9  96   70   68 226 -288  0
4218500 2850500  2  6 11  -6.2 1024 193  3.0 6  1.9  87   92  108 235 -293  0
4218500 2850500  2  6 12  -4.8 1023 193  3.6 7  1.9  78   65  144 250 -298  0
4218500 2850500  2  6 13  -4.4 1023 184  4.1 7  1.9  73   32  150 260 -301  0
4218500 2850500  2  6 14  -3.8 1022 185  4.4 8  1.9  69   29  140 269 -302  0
4218500 2850500  2  6 15  -3.5 1021 184  4.0 7  1.9  66   20  111 272 -304  0
4218500 2850500  2  6 16  -3.4 1020 200  4.5 7  1.9  66    1   55 269 -306  0
4218500 2850500  2  6 17  -3.4 1019 192  4.5 8  2.0  68    0    7 278 -307  0
4218500 2850500  2  6 18  -3.7 1018 193  4.4 8  2.1  73    0    0 288 -308  0
4218500 2850500  2  6 19  -4.1 1018 191  4.2 8  2.4  85    0    0 289 -310  0
4218500 2850500  2  6 20  -3.8 1017 191  4.9 8  2.7  96    0    0 291 -312  0
4218500 2850500  2  6 21  -3.1 1015 201  5.3 8  2.9  98    0    0 294 -313  0
4218500 2850500  2  6 22  -2.4 1014 219  5.1 8  3.1  99    0    0 298 -314  0
4218500 2850500  2  6 23  -1.2 1013 222  5.7 8  3.3  99    0    0 301 -314  0
4218500 2850500  2  6 24  -0.3 1012 231  5.8 8  3.5  98    0    0 305 -315  0
4218500 2850500  2  7  1   0.4 1011 241  6.1 8  3.8  99    0    0 308 -315  0
4218500 2850500  2  7  2   0.5 1010 242  6.2 8  3.9  99    0    0 310 -316  0
4218500 2850500  2  7  3   0.6 1008 249  6.9 8  3.9  99    0    0 311 -316  0
4218500 2850500  2  7  4   0.8 1007 250  7.1 8  4.0 100    0    0 311 -317  0
4218500 2850500  2  7  5   1.5 1006 258  6.9 8  4.1 100    0    0 313 -321  0
4218500 2850500  2  7  6   1.9 1005 261  6.5 8  4.3  99    0    0 316 -323  0
4218500 2850500  2  7  7   2.2 1004 262  6.3 8  4.4  99    0    0 317 -323  0
4218500 2850500  2  7  8   2.6 1003 270  6.7 8  4.5  99    0    0 318 -322  0
4218500 2850500  2  7  9   3.1 1003 272  6.9 8  4.7  99    0   10 320 -323  0
4218500 2850500  2  7 10   3.5 1003 272  7.6 7  4.8  99    0   40 314 -324  0
4218500 2850500  2  7 11   3.8 1002 271  7.4 7  4.9  99    0   49 307 -326  0
4218500 2850500  2  7 12   4.2 1002 272  7.5 7  5.0  99    0   51 310 -329  0
4218500 2850500  2  7 13   4.6 1002 272  6.9 7  5.2  99    0   47 311 -330  0
4218500 2850500  2  7 14   4.8 1001 278  7.0 7  5.3  99    0   54 312 -330  0
4218500 2850500  2  7 15   4.9 1001 276  7.2 7  5.3  98    0   60 314 -331  0
4218500 2850500  2  7 16   4.9 1001 282  6.0 7  5.3  98    0   36 315 -331  0
4218500 2850500  2  7 17   5.2 1001 291  6.0 8  5.4  98    0    7 320 -330  0
4218500 2850500  2  7 18   5.1 1001 290  5.6 8  5.5  98    0    0 326 -328  0
4218500 2850500  2  7 19   5.1 1002 291  6.3 8  5.5  99    0    0 326 -327  0
4218500 2850500  2  7 20   5.0 1002 288  5.1 8  5.5  99    0    0 324 -327  0
4218500 2850500  2  7 21   4.9 1002 273  4.5 8  5.4  99    0    0 323 -328  0
4218500 2850500  2  7 22   4.6 1002 270  4.4 8  5.3  99    0    0 321 -330  0
4218500 2850500  2  7 23   4.5 1002 269  4.4 8  5.3  99    0    0 322 -331  0
4218500 2850500  2  7 24   4.5 1002 261  4.3 8  5.3  99    0    0 322 -330  0
4218500 2850500  2  8  1   4.6 1001 269  4.9 8  5.3  99    0    0 323 -327  0
4218500 2850500  2  8  2   4.5 1001 260  5.2 8  5.2  99    0    0 323 -324  0
4218500 2850500  2  8  3   4.7 1000 260  5.4 8  5.3  99    0    0 325 -322  0
4218500 2850500  2  8  4   4.7 1000 251  5.7 8  5.3  98    0    0 326 -321  0
4218500 2850500  2  8  5   4.3  999 228  4.9 8  5.2  97    0    0 325 -321  0
4218500 2850500  2  8  6   4.0  998 222  4.4 8  5.0  96    0    0 323 -319  0
4218500 2850500  2  8  7   3.5  997 210  4.8 8  4.9  97    0    0 320 -317  0
4218500 2850500  2  8  8   3.2  996 209  4.5 8  4.8  98    0    0 319 -318  0
4218500 2850500  2  8  9   3.3  995 212  5.1 8  4.7  97    0   11 319 -319  0
4218500 2850500  2  8 10   3.7  994 202  5.7 7  4.7  96    0   41 314 -321  0
4218500 2850500  2  8 11   3.5  993 201  5.7 8  4.8  95    0   50 315 -324  0
4218500 2850500  2  8 12   3.7  992 211  5.6 8  4.8  96    0   51 320 -327  0
4218500 2850500  2  8 13   3.8  992 207  6.2 8  4.9  96    0   60 319 -330  0
4218500 2850500  2  8 14   3.6  991 217  5.9 8  4.9  97    0   51 318 -331  0
4218500 2850500  2  8 15   3.7  990 231  5.9 7  4.9  98    0   75 310 -330  0
4218500 2850500  2  8 16   3.2  990 241  5.2 7  4.8  96    3   76 301 -328  0
4218500 2850500  2  8 17   2.5  989 260  4.5 8  4.6  96    0    9 305 -327  0
4218500 2850500  2  8 18   2.5  989 231  4.2 8  4.5  97    0    0 310 -325  0
4218500 2850500  2  8 19   2.7  990 230  4.8 7  4.6  98    0    0 305 -323  0
4218500 2850500  2  8 20   2.8  990 237  5.3 6  4.7  99    0    0 296 -322  0
4218500 2850500  2  8 21   2.7  990 229  5.4 6  4.6  97    0    0 291 -322  0
4218500 2850500  2  8 22   2.7  989 231  6.2 7  4.5  96    0    0 296 -321  0
4218500 2850500  2  8 23   2.4  989 231  6.9 8  4.5  96    0    0 305 -319  0
4218500 2850500  2  8 24   2.3  989 239  7.3 8  4.5  97    0    0 310 -318  0
4218500 2850500  2  9  1   2.3  989 239  7.8 8  4.4  96    0    0 310 -316  0
4218500 2850500  2  9  2   2.4  989 239  7.8 8  4.4  95    0    0 310 -316  0
4218500 2850500  2  9  3   2.4  988 239  7.9 8  4.3  93    0    0 309 -316  0
4218500 2850500  2  9  4   2.9  988 249  8.6 8  4.2  89    0    0 310 -316  0
4218500 2850500  2  9  5   3.3  988 259  9.7 8  4.1  84    0    0 309 -316  0
4218500 2850500  2  9  6   2.9  989 261  9.4 7  4.0  82    0    0 304 -316  0
4218500 2850500  2  9  7   2.6  988 260  8.8 7  3.9  82    0    0 298 -316  0
4218500 2850500  2  9  8   2.2  989 261  8.6 7  3.8  81    0    5 295 -315  0
4218500 2850500  2  9  9   2.1  990 253  8.3 7  3.7  82   13   44 294 -315  0
4218500 2850500  2  9 10   2.4  990 251  7.8 4  3.6  80   47  110 280 -315  0
4218500 2850500  2  9 11   2.6  990 256  7.3 5  3.5  76   24  144 270 -316  0
4218500 2850500  2  9 12   3.3  990 255  9.4 4  3.4  71   55  193 270 -316  0
4218500 2850500  2  9 13   2.8  990 245  7.3 3  3.2  67   91  213 260 -316  0
4218500 2850500  2  9 14   2.7  990 251  7.8 5  3.2  68    8  139 264 -316  0
4218500 2850500  2  9 15   2.1  989 229  7.6 6  3.3  71    0   89 277 -316  0
4218500 2850500  2  9 16   0.2  989 213  6.5 7  3.6  85    0   42 283 -316  0
4218500 2850500  2  9 17   0.3  989 221  5.7 8  3.8  97    0    8 288 -315  0
4218500 2850500  2  9 18   0.3  989 230  5.2 8  3.9  98    0    0 293 -315  0
4218500 2850500  2  9 19   0.3  989 238  4.6 8  3.9  98    0    0 293 -315  0
4218500 2850500  2  9 20   0.3  990 247  4.1 8  3.9  98    0    0 294 -315  0
4218500 2850500  2  9 21   0.3  990 259  4.0 8  3.9  99    0    0 294 -315  0
4218500 2850500  2  9 22   0.4  991 269  4.5 8  4.0  99    0    0 294 -315  0
4218500 2850500  2  9 23   0.4  991 271  4.3 8  4.0  99    0    0 295 -315  0
4218500 2850500  2  9 24   0.5  992 271  4.6 8  4.0  99    0    0 295 -315  0
4218500 2850500  2 10  1   0.5  992 262  4.4 8  4.0  99    0    0 296 -315  0
4218500 2850500  2 10  2   0.7  993 269  4.5 8  4.0  99    0    0 297 -315  0
4218500 2850500  2 10  3   0.5  993 271  4.3 8  4.0  99    0    0 297 -315  0
4218500 2850500  2 10  4   0.3  993 270  3.9 8  3.9  99    0    0 296 -315  0
4218500 2850500  2 10  5   0.4  994 301  3.4 8  3.9  99    0    0 296 -315  0
4218500 2850500  2 10  6   0.3  994 313  3.1 8  3.9  99    0    0 296 -315  0
4218500 2850500  2 10  7   0.3  995 332  3.2 8  3.9  99    0    0 295 -315  0
4218500 2850500  2 10  8   0.4  996   0  3.6 8  3.9  99    0    2 294 -314  0
4218500 2850500  2 10  9   0.6  997  11  4.9 8  4.0  99    0   24 294 -314  0
4218500 2850500  2 10 10   0.5  999  28  4.7 7  4.0  99    6   68 289 -314  0
4218500 2850500  2 10 11   0.5 1000  24  4.3 7  4.0  99    0   63 282 -314  0
4218500 2850500  2 10 12   0.5 1002  22  5.4 7  3.9  98    0   65 281 -315  0
4218500 2850500  2 10 13   0.5 1003  21  5.3 7  3.7  94    0   51 280 -315  0
4218500 2850500  2 10 14   0.4 1004  29  4.9 8  3.6  91    0   41 284 -315  0
4218500 2850500  2 10 15   0.5 1006  18  4.1 8  3.5  90    0   38 288 -315  0
4218500 2850500  2 10 16   0.6 1007 359  4.6 7  3.6  91    0   34 284 -315  0
4218500 2850500  2 10 17   0.6 1008 353  5.2 8  3.7  92    0    9 283 -314  0
4218500 2850500  2 10 18   0.5 1009 352  4.8 8  3.7  93    0    0 286 -313  0
4218500 2850500  2 10 19   0.3 1011   2  5.4 8  3.6  93    0    0 283 -312  0
4218500 2850500  2 10 20   0.3 1012 358  4.4 7  3.6  92    0    0 278 -311  0
4218500 2850500  2 10 21   0.4 1013 358  3.8 7  3.6  92    0    0 273 -311  0
4218500 2850500  2 10 22   0.5 1013 344  3.0 7  3.6  92    0    0 273 -311  0
4218500 2850500  2 10 23   0.5 1014 350  3.0 7  3.6  92    0    0 274 -311  0
4218500 2850500  2 10 24   0.4 1015 341  3.2 7  3.6  92    0    0 273 -312  0
4218500 2850500  2 11  1   0.4 1016 333  3.5 7  3.6  93    0    0 273 -312  0
4218500 2850500  2 11  2   0.3 1016 350  3.5 8  3.6  92    0    0 277 -312  0
4218500 2850500  2 11  3   0.2 1017 338  3.0 7  3.5  90    0    0 276 -313  0
4218500 2850500  2 11  4   0.2 1017 331  2.6 8  3.5  90    0    0 277 -313  0
4218500 2850500  2 11  5   0.2 1018 335  3.4 8  3.5  90    0    0 282 -312  0
4218500 2850500  2 11  6  -0.2 1018 316  2.4 8  3.4  91    0    0 283 -311  0
4218500 2850500  2 11  7  -0.2 1019 319  2.5 8  3.5  93    0    0 283 -310  0
4218500 2850500  2 11  8  -0.2 1019 308  2.4 8  3.5  95    0    5 284 -310  0
4218500 2850500  2 11  9   0.0 1020 296  2.6 8  3.6  95    5   44 284 -311  0
4218500 2850500  2 11 10   0.4 1020 296  3.0 7  3.6  95   12  104 282 -313  0
4218500 2850500  2 11 11   0.6 1021 302  3.2 7  3.7  95    1  104 280 -314  0
4218500 2850500  2 11 12   0.8 1021 292  3.6 8  3.7  94    0   90 287 -315  0
4218500 2850500  2 11 13   1.2 1021 296  3.6 7  3.7  92    0  107 286 -315  0
4218500 2850500  2 11 14   1.4 1021 308  3.3 7  3.6  88    0   82 281 -315  0
4218500 2850500  2 11 15   1.2 1021 295  3.7 7  3.5  86    0   66 278 -316  0
4218500 2850500  2 11 16   1.1 1021 288  3.4 8  3.5  85    0   52 281 -315  0
4218500 2850500  2 11 17   0.7 1021 289  3.5 6  3.4  85    0   12 273 -315  0
4218500 2850500  2 11 18  -0.1 1021 292  3.1 6  3.3  86    0    0 261 -314  0
4218500 2850500  2 11 19   0.0 1021 287  3.2 7  3.4  91    0    0 262 -313  0
4218500 2850500  2 11 20  -0.2 1021 295  2.8 8  3.5  93    0    0 270 -312  0
4218500 2850500  2 11 21  -0.2 1021 299  2.4 8  3.5  94    0    0 274 -311  0
4218500 2850500  2 11 22  -0.3 1022 281  2.3 7  3.5  96    0    0 270 -309  0
4218500 2850500  2 11 23  -0.4 1022 303  2.3 8  3.5  96    0    0 269 -309  0
4218500 2850500  2 11 24  -0.5 1022 294  1.9 8  3.5  96    0    0 273 -308  0
4218500 2850500  2 12  1  -0.4 1022 289  1.8 6  3.5  96    0    0 264 -306  0
4218500 2850500  2 12  2  -0.3 1022 291  2.0 6  3.5  95    0    0 255 -304  0
4218500 2850500  2 12  3  -0.4 1022 313  1.8 7  3.4  93    0    0 258 -302  0
4218500 2850500  2 12  4  -0.7 1021 307  1.2 8  3.3  92    0    0 265 -300  0
4218500 2850500  2 12  5  -0.6 1021 304  1.5 7  3.3  91    0    0 265 -298  0
4218500 2850500  2 12  6  -0.7 1021 273  1.7 7  3.3  91    0    0 261 -296  0
4218500 2850500  2 12  7  -1.0 1021 272  2.2 7  3.2  92    0    0 261 -295  0
4218500 2850500  2 12  8  -1.3 1020 280  2.0 7  3.2  92    0    7 261 -293  0
4218500 2850500  2 12  9  -1.3 1021 282  2.3 7  3.2  94   32   62 262 -294  0
4218500 2850500  2 12 10  -0.6 1021 281  2.0 6  3.3  94   35  118 259 -297  0
4218500 2850500  2 12 11   0.1 1021 285  2.6 7  3.2  85   16  143 262 -303  0
4218500 2850500  2 12 12   0.8 1021 284  3.0 7  3.0  78   12  161 271 -309  0
4218500 2850500  2 12 13   0.9 1020 272  2.9 7  3.1  77   27  191 277 -312  0
4218500 2850500  2 12 14   1.5 1020 280  2.9 7  3.1  76   20  170 281 -313  0
4218500 2850500  2 12 15   2.0 1019 285  3.1 7  3.1  73    2  103 284 -313  0
4218500 2850500  2 12 16   1.7 1019 275  3.0 7  3.1  72    0   62 285 -311  0
4218500 2850500  2 12 17   1.4 1018 281  2.7 7  3.0  71    0   16 284 -307  0
4218500 2850500  2 12 18   1.3 1018 268  2.4 7  3.0  72    0    0 282 -298  0
4218500 2850500  2 12 19   0.6 1018 274  3.0 7  3.1  77    0    0 281 -289  0
4218500 2850500  2 12 20  -0.1 1018 280  3.4 6  3.2  83    0    0 275 -288  0
4218500 2850500  2 12 21  -1.0 1018 280  2.8 6  3.2  88    0    0 269 -290  0
4218500 2850500  2 12 22  -0.6 1018 261  2.8 5  3.2  90    0    0 264 -292  0
4218500 2850500  2 12 23  -0.5 1018 261  2.9 5  3.3  91    0    0 259 -291  0
4218500 2850500  2 12 24  -0.4 1018 269  2.7 6  3.3  91    0    0 263 -290  0
4218500 2850500  2 13  1  -0.1 1018 275  2.1 7  3.4  93    0    0 272 -289  0
4218500 2850500  2 13  2   0.0 1018 276  2.1 7  3.5  93    0    0 275 -289  0
4218500 2850500  2 13  3   0.0 1018 278  2.2 7  3.4  91    0    0 274 -288  0
4218500 2850500  2 13  4   0.1 1018 285  2.7 7  3.4  90    0    0 274 -288  0
4218500 2850500  2 13  5   0.0 1018 285  2.9 8  3.4  90    0    0 280 -287  0
4218500 2850500  2 13  6   0.1 1018 281  2.8 7  3.4  90    0    0 280 -286  0
4218500 2850500  2 13  7  -0.9 1018 287  2.5 6  3.4  92    0    0 268 -285  0
4218500 2850500  2 13  8  -0.9 1018 278  2.4 7  3.4  95    0    6 265 -284  0
4218500 2850500  2 13  9   0.0 1018 285  2.1 6  3.4  94    5   41 265 -284  0
4218500 2850500  2 13 10   0.4 1019 285  2.1 7  3.5  92    7   91 265 -287  0
4218500 2850500  2 13 11   1.0 1019 278  2.8 7  3.6  90    0   94 271 -294  0
4218500 2850500  2 13 12   1.7 1019 282  2.8 7  3.6  88    0  113 276 -301  0
4218500 2850500  2 13 13   1.9 1019 296  2.6 7  3.6  85    1  124 280 -306  0
4218500 2850500  2 13 14   2.2 1018 280  2.5 7  3.7  84    0   88 281 -309  0
4218500 2850500  2 13 15   2.3 1018 289  2.6 7  3.7  84    3  105 279 -310  0
4218500 2850500  2 13 16   2.3 1018 293  2.6 6  3.7  84   10   84 272 -308  0
4218500 2850500  2 13 17   2.2 1018 294  2.1 7  3.7  83    4   37 268 -303  0
4218500 2850500  2 13 18   1.6 1018 287  2.1 7  3.6  83    0    0 270 -297  0
4218500 2850500  2 13 19   0.0 1018 272  2.3 6  3.5  87    0    0 262 -293  0
4218500 2850500  2 13 20  -0.4 1018 259  2.4 5  3.4  90    0    0 250 -291  0
4218500 2850500  2 13 21  -1.4 1018 241  2.2 4  3.2  92    0    0 240 -290  0
4218500 2850500  2 13 22  -1.8 1018 253  2.2 3  3.2  94    0    0 230 -289  0
4218500 2850500  2 13 23  -2.7 1018 236  1.8 2  3.0  95    0    0 220 -288  0
4218500 2850500  2 13 24  -3.4 1018 244  1.6 1  2.9  96    0    0 208 -286  0
4218500 2850500  2 14  1  -4.1 1018 212  1.2 1  2.8  97    0    0 201 -285  0
4218500 2850500  2 14  2  -4.3 1018 182  1.4 2  2.7  96    0    0 204 -283  0
4218500 2850500  2 14  3  -4.3 1018 191  2.4 2  2.6  95    0    0 207 -283  0
4218500 2850500  2 14  4  -4.7 1017 204  2.4 1  2.5  94    0    0 202 -282  0
4218500 2850500  2 14  5  -4.9 1017 188  2.1 0  2.5  94    0    0 194 -281  0
4218500 2850500  2 14  6  -4.9 1017 165  1.9 0  2.5  96    0    0 190 -281  0
4218500 2850500  2 14  7  -5.2 1017 170  2.0 0  2.5  96    0    0 192 -280  0
4218500 2850500  2 14  8  -4.9 1017 180  2.1 0  2.4  94    2    9 193 -280  0
4218500 2850500  2 14  9  -3.6 1017 180  2.0 1  2.6  93   73   32 199 -280  0
4218500 2850500  2 14 10  -1.8 1017 163  1.9 1  2.7  89  188   42 207 -284  0
4218500 2850500  2 14 11  -0.4 1017 194  2.5 2  2.8  79  267   51 213 -291  0
4218500 2850500  2 14 12   1.0 1018 179  2.5 2  2.7  70  308   59 220 -300  0
4218500 2850500  2 14 13   1.6 1017 174  3.4 1  2.6  63  298   80 218 -306  0
4218500 2850500  2 14 14   2.9 1017 178  3.0 2  2.6  58  248   97 221 -310  0
4218500 2850500  2 14 15   3.0 1017 176  3.3 2  2.5  54  159  106 228 -312  0
4218500 2850500  2 14 16   2.3 1016 180  3.9 2  2.4  54   85   82 229 -311  0
4218500 2850500  2 14 17   1.5 1016 200  3.2 2  2.4  56   13   38 229 -309  0
4218500 2850500  2 14 18   0.3 1015 179  3.2 2  2.4  59    0    0 228 -306  0
4218500 2850500  2 14 19  -0.5 1015 152  3.4 2  2.4  64    0    0 226 -303  0
4218500 2850500  2 14 20  -1.3 1015 163  3.4 2  2.5  71    0    0 225 -302  0
4218500 2850500  2 14 21  -1.7 1014 181  3.3 2  2.5  74    0    0 224 -301  0
4218500 2850500  2 14 22  -2.3 1014 160  3.5 2  2.5  76    0    0 223 -300  0
4218500 2850500  2 14 23  -2.9 1013 144  2.9 3  2.5  79    0    0 227 -299  0
4218500 2850500  2 14 24  -3.6 1013 133  2.9 5  2.5  85    0    0 237 -299  0
4218500 2850500  2 15  1  -2.7 1012 145  3.6 4  2.7  89    0    0 244 -299  0
4218500 2850500  2 15  2  -1.9 1011 151  3.7 5  2.9  89    0    0 249 -298  0
4218500 2850500  2 15  3  -1.7 1010 144  3.9 7  3.0  90    0    0 265 -297  0
4218500 2850500  2 15  4  -1.4 1009 154  3.3 8  3.0  90    0    0 281 -298  0
4218500 2850500  2 15  5  -1.1 1008 161  3.9 8  3.1  90    0    0 290 -298  0
4218500 2850500  2 15  6  -0.6 1008 153  3.2 8  3.2  90    0    0 295 -300  0
4218500 2850500  2 15  7  -0.5 1007 145  3.3 8  3.3  90    0    0 297 -302  0
4218500 2850500  2 15  8  -0.2 1006 146  3.1 8  3.3  90    1    8 298 -304  0
4218500 2850500  2 15  9   0.3 1005 152  3.6 8  3.4  89   19   46 300 -305  0
4218500 2850500  2 15 10   1.1 1005 153  3.9 7  3.6  89   13   96 297 -307  0
4218500 2850500  2 15 11   1.7 1003 152  4.0 8  3.7  87    0   74 300 -310  0
4218500 2850500  2 15 12   2.4 1003 160  4.4 8  3.8  85    0  117 307 -313  0
4218500 2850500  2 15 13   3.1 1002 161  5.1 7  3.8  82   51  184 305 -314  0
4218500 2850500  2 15 14   3.4 1000 153  4.8 7  3.9  81   15  150 300 -315  0
4218500 2850500  2 15 15   3.4  999 152  5.4 8  4.0  81    0   89 307 -315  0
4218500 2850500  2 15 16   3.5  997 159  5.0 7  4.0  81    0   40 308 -315  0
4218500 2850500  2 15 17   2.7  996 142  5.1 7  4.0  83    0   15 302 -315  0
4218500 2850500  2 15 18   2.0  995 149  5.4 8  4.0  88    0    0 307 -315  0
4218500 2850500  2 15 19   1.5  994 151  5.5 8  4.1  93    0    0 313 -315  0
4218500 2850500  2 15 20   1.5  993 160  5.0 8  4.2  98    0    0 312 -315  0
4218500 2850500  2 15 21   1.9  992 168  4.8 8  4.3  99    0    0 312 -315  0
4218500 2850500  2 15 22   2.1  992 169  4.5 8  4.4  99    0    0 312 -316  0
4218500 2850500  2 15 23   2.1  991 180  4.2 8  4.4  98    0    0 311 -316  0
4218500 2850500  2 15 24   2.4  991 191  3.7 8  4.5  98    0    0 311 -316  0
4218500 2850500  2 16  1   2.5  991 190  3.2 7  4.5  98    0    0 303 -316  0
4218500 2850500  2 16  2   2.5  991 187  2.3 7  4.5  97    0    0 296 -316  0
4218500 2850500  2 16  3   2.4  990 188  2.0 7  4.5  97    0    0 297 -316  0
4218500 2850500  2 16  4   2.0  989 184  1.5 6  4.5  98    0    0 289 -316  0
4218500 2850500  2 16  5   1.8  989 187  1.5 7  4.4  99    0    0 291 -316  0
4218500 2850500  2 16  6   1.9  988 154  2.3 7  4.4  99    0    0 300 -316  0
4218500 2850500  2 16  7   2.0  988 149  2.4 6  4.4  98    0    0 294 -316  0
4218500 2850500  2 16  8   2.2  987 146  2.6 7  4.4  98    1   10 297 -316  0
4218500 2850500  2 16  9   2.5  987 156  2.6 6  4.6  99   45   69 300 -316  0
4218500 2850500  2 16 10   4.1  988 163  2.2 5  4.8  98   66  129 291 -316  0
4218500 2850500  2 16 11   4.1  988 147  2.3 5  5.1  97   36  175 289 -316  0
4218500 2850500  2 16 12   4.8  988 145  2.8 5  5.1  96   29  197 291 -322  0
4218500 2850500  2 16 13   4.8  987 160  3.0 7  5.1  93    0  105 304 -328  0
4218500 2850500  2 16 14   4.7  987 156  2.4 8  5.1  93    0   50 319 -327  0
4218500 2850500  2 16 15   4.6  987 158  2.7 8  5.1  94    0   47 324 -326  0
4218500 2850500  2 16 16   4.5  987 126  2.8 7  5.1  94    0   33 319 -327  0
4218500 2850500  2 16 17   4.2  987 163  3.0 8  5.0  94    0   16 317 -328  0
4218500 2850500  2 16 18   3.7  987 156  2.7 8  5.0  97    0    0 321 -326  0
4218500 2850500  2 16 19   3.7  987 141  3.1 8  5.0  98    0    0 320 -324  0
4218500 2850500  2 16 20   3.4  986 164  3.6 7  4.9  98    0    0 314 -322  0
4218500 2850500  2 16 21   3.4  987 182  3.3 8  4.9  99    0    0 312 -323  0
4218500 2850500  2 16 22   3.3  986 167  2.5 6  4.9  98    0    0 306 -322  0
4218500 2850500  2 16 23   2.4  986 170  2.9 5  4.7  98    0    0 288 -322  0
4218500 2850500  2 16 24   1.5  985 151  2.8 4  4.5  99    0    0 274 -321  0
4218500 2850500  2 17  1   1.6  985 131  3.0 4  4.3  99    0    0 270 -320  0
4218500 2850500  2 17  2   1.6  985 154  2.7 8  4.3  99    0    0 292 -321  0
4218500 2850500  2 17  3   1.5  985 132  2.8 8  4.3  99    0    0 312 -321  0
4218500 2850500  2 17  4   1.4  984 129  2.6 8  4.3  99    0    0 312 -321  0
4218500 2850500  2 17  5   1.8  984 139  2.3 7  4.4  99    0    0 306 -322  0
4218500 2850500  2 17  6   2.0  985 151  2.3 8  4.4  99    0    0 306 -322  0
4218500 2850500  2 17  7   2.4  985 189  2.1 8  4.5  98    0    0 313 -323  0
4218500 2850500  2 17  8   2.3  986 205  2.2 8  4.6  99    1   10 313 -323  0
4218500 2850500  2 17  9   2.8  986 205  2.4 8  4.6  99    5   51 313 -323  0
4218500 2850500  2 17 10   3.1  987 229  2.0 8  4.8  99    0   63 314 -325  0
4218500 2850500  2 17 11   3.7  987 267  3.4 8  4.9  99    0   38 314 -329  0
4218500 2850500  2 17 12   3.8  988 273  3.8 8  5.0  99    0   48 315 -332  0
4218500 2850500  2 17 13   3.2  988 265  2.9 8  4.9  98    0   74 313 -335  0
4218500 2850500  2 17 14   3.6  989 205  2.8 8  4.9  98    0   87 311 -337  0
4218500 2850500  2 17 15   4.0  989 209  2.8 7  5.0  99    0   79 307 -336  0
4218500 2850500  2 17 16   4.7  989 192  2.9 5  5.2  98    9  103 294 -336  0
4218500 2850500  2 17 17   4.5  990 174  2.7 6  5.3  99    4   45 289 -334  0
4218500 2850500  2 17 18   3.1  990 167  2.9 4  5.1  99    0    0 280 -331  0
4218500 2850500  2 17 19   3.5  990 175  3.0 5  4.8  98    0    0 271 -328  0
4218500 2850500  2 17 20   3.5  991 183  3.3 7  4.9  98    0    0 286 -327  0
4218500 2850500  2 17 21   3.7  991 192  3.8 8  4.9  97    0    0 300 -326  0
4218500 2850500  2 17 22   3.6  991 192  3.9 7  4.8  94    0    0 301 -325  0
4218500 2850500  2 17 23   3.8  991 184  3.9 7  4.7  92    0    0 298 -324  0
4218500 2850500  2 17 24   4.0  992 189  4.3 7  4.6  90    0    0 299 -324  0
4218500 2850500  2 18  1   4.0  992 192  4.1 8  4.5  87    0    0 305 -325  0
4218500 2850500  2 18  2   3.6  992 200  4.5 7  4.4  87    0    0 303 -324  0
4218500 2850500  2 18  3   3.6  991 212  4.7 8  4.4  88    0    0 303 -324  0
4218500 2850500  2 18  4   3.6  991 202  4.0 8  4.5  90    0    0 309 -323  0
4218500 2850500  2 18  5   3.7  992 201  4.5 7  4.6  92    0    0 303 -321  0
4218500 2850500  2 18  6   4.0  992 202  4.2 8  4.6  91    0    0 303 -319  0
4218500 2850500  2 18  7   4.0  992 193  4.3 7  4.6  89    0    0 301 -317  0
4218500 2850500  2 18  8   3.7  993 202  4.1 6  4.5  88    0   11 289 -316  0
4218500 2850500  2 18  9   4.3  993 202  4.1 5  4.4  86   63   54 279 -315  0
4218500 2850500  2 18 10   5.9  994 212  4.4 3  4.4  80  171   86 264 -318  0
4218500 2850500  2 18 11   6.5  994 204  5.0 2  4.4  74  199  125 252 -325  0
4218500 2850500  2 18 12   7.5  994 194  5.5 2  4.4  70  315  119 250 -332  0
4218500 2850500  2 18 13   8.8  995 194  5.6 2  4.3  63  277  136 252 -335  0
4218500 2850500  2 18 14   8.2  995 191  4.7 4  4.3  61  108  191 261 -339  0
4218500 2850500  2 18 15   7.7  995 170  4.1 7  4.1  61    0   82 286 -343  0
4218500 2850500  2 18 16   7.3  994 160  3.4 7  4.2  64    0   27 299 -343  0
4218500 2850500  2 18 17   5.9  994 173  4.9 7  4.4  72    0   15 298 -341  0
4218500 2850500  2 18 18   4.8  994 171  4.0 7  4.8  84    0    0 297 -338  0
4218500 2850500  2 18 19   4.2  994 170  3.8 6  4.8  90    0    0 293 -335  0
4218500 2850500  2 18 20   3.5  994 162  3.7 6  4.7  91    0    0 289 -334  0
4218500 2850500  2 18 21   3.6  993 161  4.0 6  4.6  93    0    0 289 -333  0
4218500 2850500  2 18 22   3.9  994 171  3.8 7  4.7  92    0    0 296 -332  0
4218500 2850500  2 18 23   3.5  994 162  3.8 7  4.6  91    0    0 301 -331  0
4218500 2850500  2 18 24   3.6  994 180  3.4 7  4.5  90    0    0 302 -330  0
4218500 2850500  2 19  1   3.6  994 165  3.1 7  4.5  90    0    0 302 -328  0
4218500 2850500  2 19  2   3.3  994 180  3.6 6  4.5  91    0    0 298 -327  0
4218500 2850500  2 19  3   3.2  994 191  3.3 5  4.4  91    0    0 286 -325  0
4218500 2850500  2 19  4   3.0  994 183  3.0 6  4.4  91    0    0 284 -323  0
4218500 2850500  2 19  5   2.8  994 207  3.2 6  4.4  92    0    0 289 -321  0
4218500 2850500  2 19  6   3.3  995 211  3.6 7  4.5  92    0    0 295 -319  0
4218500 2850500  2 19  7   3.7  995 227  3.5 7  4.6  92    0    0 301 -317  0
4218500 2850500  2 19  8   3.5  996 223  3.3 7  4.7  94    9   10 301 -315  0
4218500 2850500  2 19  9   3.9  996 222  3.2 6  4.9  97   20   48 296 -317  0
4218500 2850500  2 19 10   4.6  997 254  3.7 7  5.0  95   11   96 295 -322  0
4218500 2850500  2 19 11   4.9  998 261  4.1 7  4.9  91    0   90 299 -328  0
4218500 2850500  2 19 12   5.0  998 262  4.0 6  4.9  88    1  130 292 -335  0
4218500 2850500  2 19 13   5.0  999 263  3.6 8  4.8  87    0   50 291 -341  0
4218500 2850500  2 19 14   5.8  999 278  2.7 6  4.8  86    0  111 289 -345  0
4218500 2850500  2 19 15   6.1 1000 284  2.6 5  4.9  83   15  124 275 -347  0
4218500 2850500  2 19 16   6.8 1001 269  2.7 3  4.6  76   52   90 262 -346  0
4218500 2850500  2 19 17   5.3 1000 274  2.3 4  4.4  74   37   38 254 -342  0
4218500 2850500  2 19 18   3.5 1000 332  1.6 4  4.1  78    0    0 251 -337  0
4218500 2850500  2 19 19   2.1 1001   1  1.8 3  4.0  84    0    0 239 -332  0
4218500 2850500  2 19 20   1.7 1001  36  1.0 3  3.9  88    0    0 230 -328  0
4218500 2850500  2 19 21   0.8 1001  13  2.1 2  3.8  90    0    0 223 -325  0
4218500 2850500  2 19 22   0.4 1001  22  2.5 1  3.8  94    0    0 211 -321  0
4218500 2850500  2 19 23  -0.1 1001  38  2.6 2  3.7  96    0    0 211 -317  0
4218500 2850500  2 19 24  -0.2 1002  52  2.2 1  3.6  96    0    0 211 -315  0
4218500 2850500  2 20  1  -0.5 1002  47  2.8 0  3.6  97    0    0 199 -315  0
4218500 2850500  2 20  2  -0.9 1002  61  2.6 0  3.6  98    0    0 191 -314  0
4218500 2850500  2 20  3  -1.0 1002  51  2.6 1  3.6 100    0    0 193 -313  0
4218500 2850500  2 20  4  -0.4 1002  19  2.8 3  3.6 100    0    0 208 -311  0
4218500 2850500  2 20  5   0.0 1002  34  2.8 6  3.8 100    0    0 241 -311  0
4218500 2850500  2 20  6  -0.3 1002  39  3.6 7  3.8  99    0    0 268 -311  0
4218500 2850500  2 20  7  -0.9 1002  49  2.7 7  3.6  99    0    0 275 -311  0
4218500 2850500  2 20  8  -0.1 1002  47  3.3 7  3.6  99    0    5 275 -312  0
4218500 2850500  2 20  9   0.7 1003  40  4.2 7  3.8  98    0   30 279 -313  0
4218500 2850500  2 20 10   1.8 1003  40  3.8 8  4.2  99    0   59 288 -315  0
4218500 2850500  2 20 11   2.4 1003  48  4.3 7  4.4  98    3  126 291 -317  0
4218500 2850500  2 20 12   2.9 1004  47  4.7 7  4.4  94    9  164 287 -323  0
4218500 2850500  2 20 13   3.1 1004  40  4.3 7  4.3  90    2  140 289 -327  0
4218500 2850500  2 20 14   3.5 1004  28  4.7 8  4.2  87    0   72 298 -330  0
4218500 2850500  2 20 15   3.8 1004  28  4.5 7  4.1  82    0   66 301 -333  0
4218500 2850500  2 20 16   3.5 1003  35  4.5 8  4.0  80    0   24 303 -331  0
4218500 2850500  2 20 17   3.6 1003  37  4.1 8  4.0  80    0   15 309 -327  0
4218500 2850500  2 20 18   2.9 1003  37  5.5 7  4.1  84    0    0 304 -325  0
4218500 2850500  2 20 19   2.7 1004  46  4.6 8  4.2  89    0    0 303 -323  0
4218500 2850500  2 20 20   2.2 1005  32  4.9 8  4.2  92    0    0 309 -322  0
4218500 2850500  2 20 21   1.9 1005  35  4.3 8  4.2  96    0    0 309 -322  0
4218500 2850500  2 20 22   1.8 1006  40  4.5 8  4.3  98    0    0 309 -321  0
4218500 2850500  2 20 23   1.8 1006  27  4.1 8  4.3  99    0    0 309 -320  0
4218500 2850500  2 20 24   1.8 1006  21  4.0 7  4.3  99    0    0 303 -320  0
4218500 2850500  2 21  1   1.5 1006  22  4.5 8  4.2  98    0    0 301 -320  0
4218500 2850500  2 21  2   1.5 1006  19  4.5 8  4.2  98    0    0 307 -319  0
4218500 2850500  2 21  3   1.2 1007  21  4.2 8  4.1  97    0    0 307 -318  0
4218500 2850500  2 21  4   1.0 1006 354  4.8 8  4.0  97    0    0 306 -318  0
4218500 2850500  2 21  5   1.0 1007  12  4.3 8  3.9  96    0    0 306 -318  0
4218500 2850500  2 21  6   1.2 1007  22  4.0 8  3.9  95    0    0 305 -318  0
4218500 2850500  2 21  7   1.1 1008  10  3.6 8  3.9  94    0    0 305 -318  0
4218500 2850500  2 21  8   1.2 1008  15  4.1 8  3.9  94    5   20 306 -318  0
4218500 2850500  2 21  9   1.2 1009  19  3.9 8  3.9  94   13   73 306 -319  0
4218500 2850500  2 21 10   1.4 1009  31  4.8 8  3.9  93    4  106 305 -323  0
4218500 2850500  2 21 11   1.6 1010  42  4.9 7  3.9  92    0   83 300 -329  0
4218500 2850500  2 21 12   1.8 1011  47  4.2 8  3.9  92    0   59 300 -335  0
4218500 2850500  2 21 13   2.1 1011  39  4.2 8  4.0  90    0   46 305 -339  0
4218500 2850500  2 21 14   2.4 1012  36  4.5 8  3.9  88    0   44 305 -340  0
4218500 2850500  2 21 15   2.8 1012  38  4.6 8  3.9  85    0   50 305 -342  0
4218500 2850500  2 21 16   3.1 1012  38  3.8 7  3.9  84    0   46 300 -342  0
4218500 2850500  2 21 17   2.7 1013  30  4.4 8  3.9  84    0   14 300 -339  0
4218500 2850500  2 21 18   2.1 1014  37  5.9 8  3.8  85    0    0 304 -334  0
4218500 2850500  2 21 19   1.6 1014  43  5.3 7  3.7  85    0    0 297 -331  0
4218500 2850500  2 21 20   1.1 1015  38  6.1 7  3.5  84    0    0 290 -329  0
4218500 2850500  2 21 21   0.6 1016  38  4.8 8  3.4  84    0    0 297 -328  0
4218500 2850500  2 21 22   0.5 1016  30  5.8 8  3.3  84    0    0 303 -327  0
4218500 2850500  2 21 23   0.4 1017  36  5.6 8  3.3  85    0    0 303 -326  0
4218500 2850500  2 21 24   0.6 1017  54  5.9 8  3.3  84    0    0 304 -325  0
4218500 2850500  2 22  1   0.6 1018  56  5.0 7  3.2  82    0    0 299 -324  0
4218500 2850500  2 22  2   0.6 1019  41  4.9 8  3.2  82    0    0 300 -323  0
4218500 2850500  2 22  3   0.7 1019  59  5.0 7  3.3  83    0    0 301 -322  0
4218500 2850500  2 22  4   0.6 1019  42  3.6 8  3.3  84    0    0 302 -321  0
4218500 2850500  2 22  5   0.3 1019  38  3.7 8  3.4  86    0    0 308 -320  0
4218500 2850500  2 22  6   0.4 1019  32  4.0 8  3.4  87    0    0 308 -319  0
4218500 2850500  2 22  7   0.5 1020  33  4.0 8  3.3  84    0    0 308 -318  0
4218500 2850500  2 22  8   0.2 1020  47  4.3 8  3.2  82    0   13 308 -318  0
4218500 2850500  2 22  9   0.2 1020  29  4.3 7  3.2  83    4   62 300 -318  0
4218500 2850500  2 22 10   0.1 1021  36  4.0 7  3.2  83    0   82 294 -319  0
4218500 2850500  2 22 11   0.3 1021  39  3.4 8  3.1  82    0   70 300 -320  0
4218500 2850500  2 22 12   0.5 1021  48  4.3 8  3.0  78    0   66 306 -323  0
4218500 2850500  2 22 13   0.8 1021  56  4.1 8  2.9  73    0   84 306 -326  0
4218500 2850500  2 22 14   0.8 1021  49  4.3 8  2.8  70    0   55 306 -328  0
4218500 2850500  2 22 15   0.8 1021  27  3.6 8  2.7  68    0   48 306 -328  0
4218500 2850500  2 22 16   0.7 1020  20  4.8 8  2.7  68    0   31 306 -327  0
4218500 2850500  2 22 17   0.6 1020  39  3.1 8  2.6  67    0   16 304 -326  0
4218500 2850500  2 22 18   0.5 1020  22  3.7 8  2.7  68    0    0 303 -323  0
4218500 2850500  2 22 19   0.5 1020  21  4.0 8  2.7  70    0    0 302 -320  0
4218500 2850500  2 22 20   0.2 1020  11  3.5 8  2.7  71    0    0 302 -318  0
4218500 2850500  2 22 21  -0.1 1021  20  3.6 8  2.8  73    0    0 300 -317  0
4218500 2850500  2 22 22  -0.3 1021   4  3.0 8  2.8  76    0    0 300 -316  0
4218500 2850500  2 22 23  -0.5 1020  15  3.7 8  2.8  76    0    0 299 -315  0
4218500 2850500  2 22 24  -0.7 1021  20  3.2 8  2.8  77    0    0 299 -315  0
4218500 2850500  2 23  1  -0.8 1020  10  2.9 7  2.8  79    0    0 295 -315  0
4218500 2850500  2 23  2  -0.9 1020  19  2.4 7  2.9  81    0    0 290 -315  0
4218500 2850500  2 23  3  -1.5 1020  31  3.1 7  2.8  82    0    0 290 -315  0
4218500 2850500  2 23  4  -1.5 1019  14  1.9 7  2.8  83    0    0 288 -315  0
4218500 2850500  2 23  5  -1.6 1019   3  2.7 6  2.8  84    0    0 283 -315  0
4218500 2850500  2 23  6  -2.2 1019   5  2.0 6  2.7  84    0    0 277 -315  0
4218500 2850500  2 23  7  -2.7 1019 330  1.3 6  2.6  84    0    0 275 -315  0
4218500 2850500  2 23  8  -3.2 1019 330  1.2 5  2.6  86   25   13 268 -315  0
4218500 2850500  2 23  9  -1.7 1019 301  1.0 2  2.7  86  151   31 249 -315  0
4218500 2850500  2 23 10  -0.2 1019 344  1.1 2  2.8  80  251   51 237 -315  0
4218500 2850500  2 23 11  -0.2 1019 314  1.8 3  2.7  73   96  154 243 -320  0
4218500 2850500  2 23 12   0.3 1018 301  1.5 5  2.6  70    7  162 259 -327  0
4218500 2850500  2 23 13   0.6 1019 270  1.5 5  2.6  66   66  193 270 -330  0
4218500 2850500  2 23 14   1.2 1018 225  1.5 5  2.5  63  110  177 270 -330  0
4218500 2850500  2 23 15   1.2 1018 207  1.1 5  2.5  60   52  152 270 -330  0
4218500 2850500  2 23 16   1.1 1018 175  2.1 6  2.4  58   24  107 274 -329  0
4218500 2850500  2 23 17   0.8 1018 174  1.8 7  2.3  58    5   49 283 -328  0
4218500 2850500  2 23 18   0.4 1018 119  2.3 7  2.4  60    0    0 288 -327  0
4218500 2850500  2 23 19  -0.5 1018 115  2.0 6  2.4  64    0    0 280 -325  0
4218500 2850500  2 23 20  -0.9 1018  86  2.4 6  2.5  69    0    0 272 -324  0
4218500 2850500  2 23 21  -1.5 1019  87  1.9 5  2.6  74    0    0 264 -323  0
4218500 2850500  2 23 22  -1.5 1019  99  3.4 3  2.6  76    0    0 245 -323  0
4218500 2850500  2 23 23  -1.9 1020  94  3.6 2  2.6  78    0    0 225 -323  0
4218500 2850500  2 23 24  -2.0 1020  96  3.8 2  2.6  80    0    0 218 -323  0
4218500 2850500  2 24  1  -2.5 1021  89  4.0 0  2.6  83    0    0 205 -323  0
4218500 2850500  2 24  2  -3.1 1021  86  3.7 0  2.6  85    0    0 193 -323  0
4218500 2850500  2 24  3  -3.3 1021  76  4.8 0  2.6  88    0    0 193 -321  0
4218500 2850500  2 24  4  -3.0 1022  86  5.1 1  2.6  88    0    0 200 -318  0
4218500 2850500  2 24  5  -3.7 1022  85  4.0 2  2.6  88    0    0 211 -316  0
4218500 2850500  2 24  6  -3.8 1022  76  4.8 1  2.5  89    0    0 210 -315  0
4218500 2850500  2 24  7  -3.7 1022  76  5.0 1  2.5  89    0    0 204 -313  0
4218500 2850500  2 24  8  -3.1 1022  69  5.1 2  2.6  87   18   20 210 -310  0
4218500 2850500  2 24  9  -2.0 1023  66  5.2 1  2.6  82  107   55 212 -310  0
4218500 2850500  2 24 10  -0.2 1023  85  5.4 0  2.5  73  224   83 205 -312  0
4218500 2850500  2 24 11   1.3 1023  75  5.1 0  2.5  64  318   98 201 -315  0
4218500 2850500  2 24 12   2.5 1023  69  5.6 0  2.5  58  378  105 204 -319  0
4218500 2850500  2 24 13   2.7 1023  77  6.4 0  2.5  55  394  108 204 -323  0
4218500 2850500  2 24 14   3.1 1022  80  7.2 0  2.5  54  355  109 203 -324  0
4218500 2850500  2 24 15   3.5 1022  68  7.6 0  2.5  54  274  105 205 -322  0
4218500 2850500  2 24 16   3.4 1021  75  7.2 0  2.6  53  168   91 208 -318  0
4218500 2850500  2 24 17   2.6 1021  77  6.3 0  2.5  54   47   60 207 -316  0
4218500 2850500  2 24 18   1.5 1021  70  5.1 1  2.4  56    0    0 212 -314  0
4218500 2850500  2 24 19   0.7 1021  67  5.5 2  2.4  60    0    0 222 -312  0
4218500 2850500  2 24 20  -0.6 1021  76  6.6 2  2.6  70    0    0 227 -312  0
4218500 2850500  2 24 21  -1.4 1021  76  5.9 1  2.8  80    0    0 219 -312  0
4218500 2850500  2 24 22  -1.7 1021  78  6.2 3  2.8  82    0    0 222 -312  0
4218500 2850500  2 24 23  -1.9 1021  86  5.8 5  2.7  83    0    0 246 -311  0
4218500 2850500  2 24 24  -2.3 1020  80  5.1 7  2.7  83    0    0 270 -311  0
4218500 2850500  2 25  1  -2.3 1020  76  6.1 7  2.6  83    0    0 282 -312  0
4218500 2850500  2 25  2  -2.3 1019  79  5.1 7  2.6  82    0    0 282 -312  0
4218500 2850500  2 25  3  -2.5 1019  69  4.6 8  2.6  82    0    0 288 -312  0
4218500 2850500  2 25  4  -2.3 1019  85  5.4 8  2.6  83    0    0 297 -312  0
4218500 2850500  2 25  5  -2.3 1018  71  4.5 8  2.6  83    0    0 297 -311  0
4218500 2850500  2 25  6  -2.4 1018  93  5.1 8  2.6  83    0    0 297 -311  0
4218500 2850500  2 25  7  -2.4 1017  85  3.8 8  2.6  82    0    0 297 -311  0
4218500 2850500  2 25  8  -2.5 1017  63  4.5 8  2.6  83    0   12 296 -311  0
4218500 2850500  2 25  9  -2.5 1017  68  4.9 7  2.6  83    0   50 276 -311  0
4218500 2850500  2 25 10  -2.5 1017  72  4.7 8  2.6  83    0   69 275 -311  0
4218500 2850500  2 25 11  -2.3 1016  70  4.9 8  2.6  83    0   62 297 -312  0
4218500 2850500  2 25 12  -1.8 1016  61  5.0 8  2.6  81    0   63 298 -314  0
4218500 2850500  2 25 13  -1.5 1016  79  4.7 7  2.6  78    0   61 282 -316  0
4218500 2850500  2 25 14  -1.3 1015  62  4.0 7  2.6  76    0   47 271 -318  0
4218500 2850500  2 25 15  -1.4 1014  75  4.3 8  2.6  76    0   43 287 -318  0
4218500 2850500  2 25 16  -1.6 1014  75  3.3 8  2.6  77    0   31 299 -317  0
4218500 2850500  2 25 17  -1.6 1013  80  3.8 8  2.6  77    0   17 299 -316  0
4218500 2850500  2 25 18  -1.7 1013  64  3.9 8  2.6  77    0    1 297 -316  0
4218500 2850500  2 25 19  -1.7 1013  67  4.2 8  2.5  76    0    0 296 -315  0
4218500 2850500  2 25 20  -1.6 1013  70  3.5 8  2.5  75    0    0 295 -315  0
4218500 2850500  2 25 21  -1.7 1013  58  3.7 8  2.5  74    0    0 294 -315  0
4218500 2850500  2 25 22  -1.6 1013  76  3.2 8  2.4  73    0    0 294 -315  0
4218500 2850500  2 25 23  -1.6 1013  59  2.9 8  2.4  71    0    0 294 -315  0
4218500 2850500  2 25 24  -1.7 1013  48  2.9 7  2.4  72    0    0 284 -314  0
4218500 2850500  2 26  1  -1.7 1013  29  2.6 8  2.5  74    0    0 284 -314  0
4218500 2850500  2 26  2  -1.5 1013  41  4.0 8  2.4  72    0    0 293 -314  0
4218500 2850500  2 26  3  -1.6 1012  39  3.0 8  2.4  71    0    0 293 -314  0
4218500 2850500  2 26  4  -1.5 1012  19  2.7 8  2.4  72    0    0 294 -313  0
4218500 2850500  2 26  5  -1.8 1012  15  3.0 8  2.5  75    0    0 294 -312  0
4218500 2850500  2 26  6  -1.9 1012 359  3.4 8  2.7  81    0    0 293 -312  0
4218500 2850500  2 26  7  -2.1 1012   2  3.3 8  2.9  90    0    0 294 -311  0
4218500 2850500  2 26  8  -2.1 1012   2  2.1 8  3.1  96    8   13 294 -311  0
4218500 2850500  2 26  9  -1.9 1012 342  2.4 8  3.2  97    3   54 295 -311  0
4218500 2850500  2 26 10  -1.4 1012 342  2.5 8  3.3  98    0   72 296 -312  0
4218500 2850500  2 26 11  -0.5 1012  29  4.1 8  3.4  96    0   75 299 -314  0
4218500 2850500  2 26 12   0.1 1012  41  4.1 7  3.4  92    0  112 295 -315  0
4218500 2850500  2 26 13   0.5 1012  49  4.3 7  3.3  84    6  158 290 -315  0
4218500 2850500  2 26 14   2.0 1012  35  3.5 3  2.9  71  202  146 266 -316  0
4218500 2850500  2 26 15   2.2 1011  20  4.9 4  2.6  60   57  154 248 -316  0
4218500 2850500  2 26 16   0.8 1011  30  6.0 3  2.4  58   82  103 244 -316  0
4218500 2850500  2 26 17   0.2 1011 360  3.9 6  2.3  57   13   55 252 -315  0
4218500 2850500  2 26 18  -0.6 1011 359  3.3 5  2.2  58    0    1 260 -315  0
4218500 2850500  2 26 19  -1.5 1011   1  3.3 3  2.0  57    0    0 240 -311  0
4218500 2850500  2 26 20  -1.8 1011   2  3.1 1  1.9  56    0    0 217 -308  0
4218500 2850500  2 26 21  -2.7 1011 359  2.6 1  1.8  57    0    0 205 -307  0
4218500 2850500  2 26 22  -3.4 1012   0  2.1 0  1.8  60    0    0 198 -306  0
4218500 2850500  2 26 23  -4.4 1012 341  1.5 0  1.8  65    0    0 191 -305  0
4218500 2850500  2 26 24  -5.6 1012 332  1.4 0  1.9  72    0    0 188 -303  0
4218500 2850500  2 27  1  -6.3 1012 318  2.1 0  1.9  78    0    0 185 -301  0
4218500 2850500  2 27  2  -6.8 1012 322  1.6 0  1.9  80    0    0 181 -297  0
4218500 2850500  2 27  3  -7.3 1011 297  1.9 1  1.9  83    0    0 183 -294  0
4218500 2850500  2 27  4  -7.3 1011 281  2.5 1  1.9  86    0    0 186 -291  0
4218500 2850500  2 27  5  -7.8 1011 273  2.7 1  1.9  88    0    0 184 -289  0
4218500 2850500  2 27  6  -7.3 1010 247  2.5 1  1.9  90    0    0 185 -288  0
4218500 2850500  2 27  7  -7.7 1010 239  2.1 0  2.0  92    0    0 180 -286  0
4218500 2850500  2 27  8  -7.3 1010 237  2.4 1  2.0  93   35   20 178 -286  0
4218500 2850500  2 27  9  -4.3 1010 262  2.2 1  2.3  92  174   42 185 -288  0
4218500 2850500  2 27 10  -1.5 1010 270  2.6 2  2.5  80  281   60 196 -295  0
4218500 2850500  2 27 11  -0.3 1010 243  3.6 5  2.3  66  310   82 217 -303  0
4218500 2850500  2 27 12   0.5 1010 264  3.5 5  2.1  55  406   80 231 -307  0
4218500 2850500  2 27 13   1.6 1009 291  4.3 5  2.0  50  149  206 233 -309  0
4218500 2850500  2 27 14   1.3 1009 285  4.7 4  2.0  48   65  199 229 -312  0
4218500 2850500  2 27 15   2.0 1008 263  4.2 3  1.9  44  165  149 220 -314  0
4218500 2850500  2 27 16   1.4 1007 262  4.9 4  1.9  43   73  119 219 -313  0
4218500 2850500  2 27 17   0.5 1007 259  3.8 4  2.0  49   35   59 221 -310  0
4218500 2850500  2 27 18  -0.4 1007 246  3.3 5  2.1  55    0    2 221 -305  0
4218500 2850500  2 27 19  -1.1 1007 209  2.8 5  2.3  63    0    0 221 -301  0
4218500 2850500  2 27 20  -1.9 1008 214  2.3 5  2.6  75    0    0 219 -298  0
4218500 2850500  2 27 21  -2.3 1007 226  2.0 6  2.7  84    0    0 221 -298  0
4218500 2850500  2 27 22  -2.6 1007 201  2.2 5  2.8  87    0    0 220 -298  0
4218500 2850500  2 27 23  -3.1 1007 202  2.3 5  2.7  89    0    0 216 -297  0
4218500 2850500  2 27 24  -3.5 1006 186  2.0 5  2.7  89    0    0 215 -294  0
4218500 2850500  2 28  1  -4.2 1006 167  2.2 4  2.6  91    0    0 210 -291  0
4218500 2850500  2 28  2  -5.0 1005 172  2.3 2  2.6  94    0    0 198 -289  0
4218500 2850500  2 28  3  -4.7 1004 168  3.4 1  2.6  97    0    0 189 -288  0
4218500 2850500  2 28  4  -5.2 1003 178  2.9 0  2.6  97    0    0 182 -287  0
4218500 2850500  2 28  5  -5.4 1002 161  2.9 0  2.4  94    0    0 180 -286  0
4218500 2850500  2 28  6  -5.3 1002 152  3.0 3  2.4  95    0    0 191 -285  0
4218500 2850500  2 28  7  -4.8 1001 164  3.3 5  2.5  96    0    0 207 -282  0
4218500 2850500  2 28  8  -4.1 1000 162  4.0 5  2.6  94    7   18 215 -280  0
4218500 2850500  2 28  9  -2.7 1000 170  4.5 5  2.8  94   45   79 218 -281  0
4218500 2850500  2 28 10  -1.2  999 172  4.5 6  3.1  92   82  148 224 -290  0
4218500 2850500  2 28 11  -0.3  998 182  4.9 7  3.2  89   12  165 235 -301  0
4218500 2850500  2 28 12   0.5  997 187  5.6 7  3.3  85    0  126 243 -307  0
4218500 2850500  2 28 13   0.6  997 176  5.5 8  3.4  84    0   95 252 -310  0
4218500 2850500  2 28 14   1.5  996 189  5.4 7  3.4  82    0  111 254 -312  0
4218500 2850500  2 28 15   2.1  996 183  5.9 7  3.5  79   16  164 251 -313  0
4218500 2850500  2 28 16   2.4  995 184  5.3 5  3.4  75   68  147 242 -312  0
4218500 2850500  2 28 17   2.4  995 178  4.6 6  3.3  73   31   73 237 -309  0
4218500 2850500  2 28 18   2.1  994 172  4.4 7  3.3  73    0    2 245 -305  0
4218500 2850500  2 28 19   2.1  994 178  5.1 8  3.2  72    0    0 251 -300  0
4218500 2850500  2 28 20   1.5  993 180  5.3 7  3.1  70    0    0 248 -296  0
4218500 2850500  2 28 21   0.9  993 179  5.0 7  3.0  71    0    0 240 -294  0
4218500 2850500  2 28 22   0.8  993 188  5.4 8  3.0  74    0    0 244 -292  0
4218500 2850500  2 28 23   0.4  992 171  5.1 8  3.2  79    0    0 250 -291  0
4218500 2850500  2 28 24   0.2  992 181  5.1 8  3.3  83    0    0 250 -291  0
4218500 2850500  3  1  1  -0.1  991 171  4.8 8  3.3  86    0    0 247 -290  0
4218500 2850500  3  1  2  -0.3  991 172  4.4 8  3.3  87    0    0 248 -290  0
4218500 2850500  3  1  3  -0.5  991 180  4.2 8  3.4  91    0    0 248 -290  0
4218500 2850500  3  1  4  -0.3  991 191  3.6 8  3.5  94    0    0 250 -291  0
4218500 2850500  3  1  5   0.0  990 224  3.5 8  3.6  94    0    0 253 -292  0
4218500 2850500  3  1  6   0.1  990 257  3.6 8  3.7  94    0    0 253 -292  0
4218500 2850500  3  1  7   0.2  991 271  4.3 8  3.6  92    0    0 254 -291  0
4218500 2850500  3  1  8   0.2  991 270  3.6 8  3.5  90    0   19 254 -291  0
4218500 2850500  3  1  9   0.4  992 269  3.8 7  3.6  91   13   76 251 -293  0
4218500 2850500  3  1 10   0.8  992 261  4.5 7  3.7  90   33  130 248 -297  0
4218500 2850500  3  1 11   1.4  993 263  5.0 7  3.6  85   37  170 250 -302  0
4218500 2850500  3  1 12   2.1  993 259  4.6 7  3.4  77   29  189 254 -306  0
4218500 2850500  3  1 13   1.7  993 226  4.8 8  3.3  74    3  164 261 -309  0
4218500 2850500  3  1 14   1.3  993 262  5.3 8  3.3  77    0   85 266 -311  0
4218500 2850500  3  1 15   1.6  993 249  4.6 7  3.4  79    1  131 262 -312  0
4218500 2850500  3  1 16   0.1  994 273  3.7 6  3.4  82    1   98 252 -313  0
4218500 2850500  3  1 17  -0.4  994 271  3.5 6  3.4  89    0   53 244 -313  0
4218500 2850500  3  1 18  -1.0  994 218  2.2 6  3.4  93    0    1 241 -311  0
4218500 2850500  3  1 19  -1.5  994 169  2.8 5  3.3  95    0    0 233 -308  0
4218500 2850500  3  1 20  -0.8  995 199  2.7 5  3.4  96    0    0 229 -307  0
4218500 2850500  3  1 21  -0.7  995 210  4.2 6  3.3  91    0    0 237 -306  0
4218500 2850500  3  1 22  -0.6  995 228  5.4 7  3.2  88    0    0 249 -305  0
4218500 2850500  3  1 23  -0.4  995 233  5.7 7  3.4  92    0    0 257 -303  0
4218500 2850500  3  1 24  -0.7  995 228  4.5 6  3.4  93    0    0 251 -300  0
4218500 2850500  3  2  1  -1.5  995 232  5.0 4  3.3  92    0    0 232 -298  0
4218500 2850500  3  2  2  -2.4  995 222  4.6 2  3.0  90    0    0 206 -296  0
4218500 2850500  3  2  3  -2.8  995 203  5.0 2  2.8  87    0    0 193 -296  0
4218500 2850500  3  2  4  -3.0  995 213  5.4 2  2.7  86    0    0 194 -296  0
4218500 2850500  3  2  5  -2.4  994 213  4.9 5  2.7  84    0    0 211 -294  0
4218500 2850500  3  2  6  -1.9  995 213  5.0 8  2.8  86    0    0 244 -291  0
4218500 2850500  3  2  7  -1.9  994 213  4.9 8  2.9  87    0    0 260 -290  0
4218500 2850500  3  2  8  -1.9  995 211  4.5 8  3.0  89    0   18 259 -290  0
4218500 2850500  3  2  9  -1.1  995 221  5.0 6  3.0  87   27   91 249 -293  0
4218500 2850500  3  2 10  -0.6  995 222  5.4 6  2.9  80   82  147 240 -298  0
4218500 2850500  3  2 11   0.5  995 235  5.7 6  2.9  76   75  196 243 -305  0
4218500 2850500  3  2 12   0.5  995 240  5.7 6  3.0  74   39  218 247 -311  0
4218500 2850500  3  2 13   1.3  995 241  5.9 6  2.9  71   44  225 252 -313  0
4218500 2850500  3  2 14   2.0  995 242  5.4 7  2.9  66    3  160 260 -314  0
4218500 2850500  3  2 15   2.2  995 240  6.3 6  2.9  64    9  152 261 -315  0
4218500 2850500  3  2 16   2.2  995 247  5.4 4  2.9  64   62  136 245 -315  0
4218500 2850500  3  2 17   0.6  995 269  3.7 3  3.2  74   41   77 229 -314  0
4218500 2850500  3  2 18   0.6  995 209  3.7 6  3.4  84    0   15 235 -311  0
4218500 2850500  3  2 19   0.9  996 237  3.7 5  3.1  75    0    0 240 -307  0
4218500 2850500  3  2 20   0.3  996 221  3.1 5  2.8  69    0    0 235 -306  0
4218500 2850500  3  2 21  -0.4  996 225  3.8 3  2.7  70    0    0 226 -306  0
4218500 2850500  3  2 22  -0.8  996 231  4.4 0  2.6  72    0    0 206 -305  0
4218500 2850500  3  2 23  -1.2  996 220  4.4 0  2.6  72    0    0 193 -304  0
4218500 2850500  3  2 24  -1.4  996 211  4.0 0  2.6  73    0    0 189 -303  0
4218500 2850500  3  3  1  -2.2  996 216  4.0 0  2.6  76    0    0 185 -303  0
4218500 2850500  3  3  2  -2.4  996 212  4.0 0  2.5  78    0    0 181 -302  0
4218500 2850500  3  3  3  -2.4  996 211  3.7 1  2.6  79    0    0 185 -301  0
4218500 2850500  3  3  4  -2.8  996 202  3.6 2  2.6  82    0    0 194 -299  0
4218500 2850500  3  3  5  -2.8  995 210  3.8 5  2.6  84    0    0 210 -298  0
4218500 2850500  3  3  6  -2.9  995 203  3.6 4  2.6  84    0    0 217 -297  0
4218500 2850500  3  3  7  -3.2  995 194  3.5 3  2.6  86    0    0 205 -296  0
4218500 2850500  3  3  8  -2.7  995 210  4.1 4  2.7  86    0   24 207 -295  0
4218500 2850500  3  3  9  -1.7  995 221  4.3 6  2.7  84   26   97 225 -298  0
4218500 2850500  3  3 10  -0.8  994 211  4.3 6  2.8  80   54  166 239 -305  0
4218500 2850500  3  3 11   0.6  994 211  4.3 5  2.8  74   96  215 239 -309  0
4218500 2850500  3  3 12   1.1  994 237  4.4 6  2.8  67   45  237 241 -312  0
4218500 2850500  3  3 13   2.7  994 232  5.0 5  2.7  61   66  252 243 -314  0
4218500 2850500  3  3 14   2.8  994 232  5.5 4  2.7  58  143  240 234 -315  0
4218500 2850500  3  3 15   2.7  993 221  4.6 4  2.7  57   94  206 229 -315  0
4218500 2850500  3  3 16   2.7  992 207  2.7 6  2.7  57   51  150 240 -316  0
4218500 2850500  3  3 17   2.1  992 190  2.3 6  2.6  57    4   70 247 -316  0
4218500 2850500  3  3 18   1.6  991 175  1.7 8  2.6  59    0    6 253 -315  0
4218500 2850500  3  3 19   0.6  990 165  1.7 8  2.6  63    0    0 259 -314  0
4218500 2850500  3  3 20   0.0  990 165  1.4 8  2.7  68    0    0 255 -313  0
4218500 2850500  3  3 21  -0.3  990 219  1.0 7  2.8  73    0    0 248 -311  0
4218500 2850500  3  3 22  -1.3  989  36  0.8 6  2.9  78    0    0 237 -309  0
4218500 2850500  3  3 23  -1.3  989 234  1.7 5  2.9  82    0    0 228 -307  0
4218500 2850500  3  3 24  -0.9  989 274  2.5 6  2.9  82    0    0 230 -306  0
4218500 2850500  3  4  1  -1.3  989 284  2.1 7  2.9  80    0    0 239 -306  0
4218500 2850500  3  4  2  -1.3  989 282  2.4 8  2.8  80    0    0 248 -305  0
4218500 2850500  3  4  3  -1.6  989 281  1.9 8  2.8  82    0    0 254 -306  0
4218500 2850500  3  4  4  -2.1  989 291  2.0 8  2.8  84    0    0 253 -306  0
4218500 2850500  3  4  5  -2.6  989 270  2.8 7  2.8  86    0    0 247 -306  0
4218500 2850500  3  4  6  -2.7  990 285  2.9 5  2.8  87    0    0 235 -306  0
4218500 2850500  3  4  7  -3.3  990 282  2.9 5  2.8  90    0    3 228 -305  0
4218500 2850500  3  4  8  -2.8  990 250  2.9 5  2.9  93   23   32 229 -304  0
4218500 2850500  3  4  9  -1.8  991 270  4.3 3  3.0  92   59   90 224 -305  0
4218500 2850500  3  4 10  -1.7  992 279  4.7 6  3.1  90   14  140 229 -306  0
4218500 2850500  3  4 11  -1.6  992 270  4.4 7  3.1  90    2  147 246 -308  0
4218500 2850500  3  4 12   0.0  992 272  4.1 4  3.1  86  170  211 242 -309  0
4218500 2850500  3  4 13   1.4  992 270  4.4 3  3.1  77  268  179 231 -311  0
4218500 2850500  3  4 14   3.2  992 288  4.5 3  3.1  68  134  217 231 -311  0
4218500 2850500  3  4 15   3.1  992 261  4.3 3  2.8  58  196  159 232 -310  0
4218500 2850500  3  4 16   2.6  991 268  3.8 3  2.5  52   75  138 231 -309  0
4218500 2850500  3  4 17   2.7  991 242  3.0 2  2.3  50   47   80 226 -306  0
4218500 2850500  3  4 18   1.9  991 231  3.3 2  2.2  48    0   17 221 -300  0
4218500 2850500  3  4 19   0.7  991 221  3.5 1  2.2  51    0    0 213 -294  0
4218500 2850500  3  4 20   0.1  992 221  4.0 1  2.2  55    0    0 206 -288  0
4218500 2850500  3  4 21  -0.8  992 229  4.7 1  2.3  61    0    0 204 -285  0
4218500 2850500  3  4 22  -1.3  992 228  4.1 0  2.4  66    0    0 198 -282  0
4218500 2850500  3  4 23  -1.7  992 228  4.0 0  2.4  70    0    0 195 -279  0
4218500 2850500  3  4 24  -2.3  992 212  3.6 0  2.5  74    0    0 193 -277  0
4218500 2850500  3  5  1  -2.7  992 220  3.7 0  2.5  78    0    0 192 -276  0
4218500 2850500  3  5  2  -3.1  992 211  3.8 0  2.5  82    0    0 191 -274  0
4218500 2850500  3  5  3  -2.8  992 220  4.0 3  2.6  84    0    0 202 -273  0
4218500 2850500  3  5  4  -2.9  992 192  3.7 6  2.7  87    0    0 224 -271  0
4218500 2850500  3  5  5  -2.7  992 223  3.9 6  2.8  88    0    0 234 -270  0
4218500 2850500  3  5  6  -2.6  992 258  4.7 5  2.8  89    0    0 232 -269  0
4218500 2850500  3  5  7  -2.1  993 261  3.9 5  2.9  89    0    4 229 -268  0
4218500 2850500  3  5  8  -2.1  993 252  3.8 4  3.0  91   46   25 226 -268  0
4218500 2850500  3  5  9  -0.8  994 242  3.2 3  3.1  89  147   38 219 -272  0
4218500 2850500  3  5 10   0.2  994 260  4.9 7  3.2  84   59  140 233 -280  0
4218500 2850500  3  5 11   1.0  995 252  5.1 7  3.2  80    7  155 250 -290  0
4218500 2850500  3  5 12   2.2  995 243  5.6 7  3.3  75   16  191 253 -300  0
4218500 2850500  3  5 13   3.7  995 256  6.2 6  3.1  65   61  214 253 -307  0
4218500 2850500  3  5 14   4.0  995 254  6.8 6  2.9  57   14  177 251 -311  0
4218500 2850500  3  5 15   4.3  995 250  6.1 5  2.8  53   64  170 248 -312  0
4218500 2850500  3  5 16   4.1  995 245  7.1 4  2.6  50   65  123 241 -312  0
4218500 2850500  3  5 17   3.6  995 242  5.9 4  2.5  49   67   63 235 -309  0
4218500 2850500  3  5 18   0.8  995 265  6.7 6  2.9  65    0   17 241 -302  0
4218500 2850500  3  5 19   0.0  997 241  5.2 7  3.6  91    0    0 252 -295  0
4218500 2850500  3  5 20   0.0  997 225  5.5 7  3.8  98    0    0 256 -291  0
4218500 2850500  3  5 21  -0.3  998 226  5.4 8  3.8  99    0    0 260 -288  0
4218500 2850500  3  5 22  -0.3  997 233  5.2 8  3.8 100    0    0 266 -287  0
4218500 2850500  3  5 23  -0.1  997 296  5.5 8  3.8  99    0    0 267 -285  0
4218500 2850500  3  5 24  -1.4  998 340  5.6 8  3.6  98    0    0 265 -284  0
4218500 2850500  3  6  1  -3.1 1000 353  5.3 6  3.0  94    0    0 250 -282  0
4218500 2850500  3  6  2  -4.1 1002 302  3.7 2  2.6  89    0    0 216 -281  0
4218500 2850500  3  6  3  -5.2 1003 293  3.0 1  2.5  91    0    0 190 -281  0
4218500 2850500  3  6  4  -6.2 1003 300  3.0 0  2.3  93    0    0 178 -280  0
4218500 2850500  3  6  5  -7.8 1004 300  1.8 0  2.1  93    0    0 170 -280  0
4218500 2850500  3  6  6  -8.0 1005 251  1.7 0  2.0  94    0    0 169 -279  0
4218500 2850500  3  6  7  -7.6 1005 213  1.6 1  2.0  95    0    2 175 -278  0
4218500 2850500  3  6  8  -6.5 1005 211  1.7 3  2.2  96    9   28 192 -279  0
4218500 2850500  3  6  9  -4.6 1005 172  2.7 5  2.4  96   84   64 213 -282  0
4218500 2850500  3  6 10  -3.2 1005 180  3.0 6  2.6  89   69  132 231 -290  0
4218500 2850500  3  6 11  -2.1 1005 171  3.3 7  2.6  84   49  179 242 -300  0
4218500 2850500  3  6 12  -1.3 1004 170  3.0 7  2.8  84   33  198 251 -307  0
4218500 2850500  3  6 13  -0.8 1004 179  3.1 7  3.1  88   11  183 255 -312  0
4218500 2850500  3  6 14   0.0 1004 206  2.5 7  3.5  93    0  107 259 -314  0
4218500 2850500  3  6 15   1.0 1003 262  3.2 7  3.7  94   18  151 263 -314  0
4218500 2850500  3  6 16   1.6 1003 276  2.7 6  3.8  89   69  116 261 -314  0
4218500 2850500  3  6 17   1.5 1003 264  2.3 6  3.7  85   49   65 256 -314  0
4218500 2850500  3  6 18   0.8 1003 230  1.9 7  3.6  87    6   19 258 -313  0
4218500 2850500  3  6 19   0.3 1003 246  2.6 6  3.7  92    0    0 256 -309  0
4218500 2850500  3  6 20   0.2 1004 220  2.4 6  3.7  95    0    0 251 -306  0
4218500 2850500  3  6 21  -0.3 1004 202  2.7 6  3.7  97    0    0 250 -305  0
4218500 2850500  3  6 22  -0.1 1004 203  2.8 8  3.7  98    0    0 259 -304  0
4218500 2850500  3  6 23  -0.3 1005 242  2.7 8  3.7  99    0    0 269 -304  0
4218500 2850500  3  6 24  -0.1 1005 268  3.3 8  3.7  99    0    0 270 -303  0
4218500 2850500  3  7  1   0.1 1005 299  3.9 8  3.8  99    0    0 272 -302  0
4218500 2850500  3  7  2  -0.1 1006 293  3.9 7  3.7  97    0    0 266 -301  0
4218500 2850500  3  7  3  -0.4 1006 295  4.0 7  3.6  96    0    0 260 -300  0
4218500 2850500  3  7  4  -0.8 1006 280  4.2 7  3.5  96    0    0 260 -299  0
4218500 2850500  3  7  5  -0.8 1007 291  4.6 8  3.5  97    0    0 264 -299  0
4218500 2850500  3  7  6  -0.7 1007 304  4.4 8  3.5  98    0    0 267 -300  0
4218500 2850500  3  7  7  -0.8 1007 341  4.3 8  3.4  95    0    1 267 -300  0
4218500 2850500  3  7  8  -1.0 1008 323  4.3 8  3.3  93    1   28 265 -300  0
4218500 2850500  3  7  9  -1.0 1010 336  3.8 7  3.3  92   66   82 260 -302  0
4218500 2850500  3  7 10  -0.5 1010 342  3.4 6  3.2  88   77  144 252 -305  0
4218500 2850500  3  7 11  -0.4 1011 318  3.7 7  3.2  86    4  156 253 -309  0
4218500 2850500  3  7 12  -0.1 1011 314  3.6 7  3.2  86    6  181 258 -313  0
4218500 2850500  3  7 13   0.0 1012 312  3.7 6  3.3  86   26  211 255 -315  0
4218500 2850500  3  7 14   0.3 1012 332  2.6 6  3.3  87   65  210 251 -318  0
4218500 2850500  3  7 15   0.3 1012 332  2.7 6  3.3  84    8  153 252 -320  0
4218500 2850500  3  7 16   0.3 1012 311  2.8 7  3.1  80    0   63 255 -318  0
4218500 2850500  3  7 17   0.1 1013 314  2.6 7  3.0  78    0   54 258 -316  0
4218500 2850500  3  7 18  -0.3 1013 344  2.4 7  3.0  80    0   12 255 -313  0
4218500 2850500  3  7 19  -0.6 1013   7  2.0 6  2.9  80    0    0 248 -307  0
4218500 2850500  3  7 20  -1.4 1014 303  1.4 4  2.9  81    0    0 233 -302  0
4218500 2850500  3  7 21  -2.2 1014 273  0.9 4  2.8  86    0    0 224 -298  0
4218500 2850500  3  7 22  -2.4 1014 293  2.0 3  2.9  91    0    0 219 -294  0
4218500 2850500  3  7 23  -3.3 1014  14  0.5 2  2.9  94    0    0 210 -292  0
4218500 2850500  3  7 24  -3.4 1013 146  1.5 2  2.8  94    0    0 203 -289  0
4218500 2850500  3  8  1  -4.2 1013 155  1.8 2  2.7  94    0    0 202 -287  0
4218500 2850500  3  8  2  -4.3 1013 163  1.8 4  2.6  95    0    0 207 -285  0
4218500 2850500  3  8  3  -4.9 1013 145  1.7 3  2.6  98    0    0 210 -284  0
4218500 2850500  3  8  4  -5.2 1012 135  1.9 1  2.6  98    0    0 195 -282  0
4218500 2850500  3  8  5  -6.0 1012 134  1.9 1  2.4  97    0    0 184 -281  0
4218500 2850500  3  8  6  -6.1 1012 116  1.8 2  2.4  98    0    0 188 -279  0
4218500 2850500  3  8  7  -6.2 1011 107  1.9 4  2.4 100    0    3 201 -278  0
4218500 2850500  3  8  8  -5.4 1011 117  2.4 5  2.5 100   12   38 216 -278  0
4218500 2850500  3  8  9  -4.0 1011 137  2.3 4  2.6  99   31  104 221 -282  0
4218500 2850500  3  8 10  -3.3 1011 135  3.3 6  2.9  98   47  167 232 -290  0
4218500 2850500  3  8 11  -1.9 1010 142  3.8 5  3.0  97  185  185 242 -300  0
4218500 2850500  3  8 12   0.9 1010 139  4.4 4  3.2  87  329  152 237 -307  0
4218500 2850500  3  8 13   1.4 1009 141  4.6 5  3.1  76  154  240 239 -312  0
4218500 2850500  3  8 14   2.1 1008 147  5.3 5  2.9  67  139  233 242 -316  0
4218500 2850500  3  8 15   2.6 1007 148  6.1 5  2.6  57  182  180 241 -318  0
4218500 2850500  3  8 16   2.8 1005 150  5.7 6  2.3  50   70  150 243 -318  0
4218500 2850500  3  8 17   2.6 1004 153  5.9 5  2.3  49   46   88 238 -315  0
4218500 2850500  3  8 18   1.4 1003 159  5.5 5  2.3  52    3   24 233 -311  0
4218500 2850500  3  8 19   0.8 1002 130  4.5 6  2.4  58    0    0 232 -304  0
4218500 2850500  3  8 20   0.0 1002 129  4.8 6  2.5  63    0    0 234 -298  0
4218500 2850500  3  8 21  -0.3 1001 125  5.9 5  2.5  65    0    0 231 -294  0
4218500 2850500  3  8 22  -0.8 1000 129  5.5 5  2.4  66    0    0 229 -291  0
4218500 2850500  3  8 23  -0.9  999 127  5.2 6  2.4  66    0    0 231 -289  0
4218500 2850500  3  8 24  -1.4  998 120  4.9 7  2.4  67    0    0 236 -288  0
4218500 2850500  3  9  1  -1.5  997 121  4.8 7  2.3  68    0    0 240 -286  0
4218500 2850500  3  9  2  -1.5  996 117  4.8 6  2.3  68    0    0 239 -285  0
4218500 2850500  3  9  3  -1.6  995 118  4.9 7  2.3  68    0    0 242 -283  0
4218500 2850500  3  9  4  -1.6  994 116  4.1 8  2.4  69    0    0 251 -282  0
4218500 2850500  3  9  5  -1.9  993 108  4.4 8  2.4  71    0    0 257 -281  0
4218500 2850500  3  9  6  -1.8  993 118  4.2 8  2.4  72    0    0 260 -279  0
4218500 2850500  3  9  7  -2.2  993 109  3.8 8  2.4  73    0    3 261 -278  0
4218500 2850500  3  9  8  -2.1  993 102  3.5 8  2.6  78    2   29 261 -277  0
4218500 2850500  3  9  9  -1.6  993 100  4.2 7  2.9  85    2   81 258 -281  0
4218500 2850500  3  9 10  -0.9  993 101  4.4 7  3.1  88    4  131 255 -289  0
4218500 2850500  3  9 11  -0.1  993 101  3.9 7  3.2  85    5  170 257 -299  0
4218500 2850500  3  9 12   0.8  993 113  3.6 7  3.2  80    8  200 260 -306  0
4218500 2850500  3  9 13   1.2  993 119  3.9 7  3.2  78    8  204 263 -311  0
4218500 2850500  3  9 14   1.2  992 114  3.1 7  3.4  80    6  183 266 -314  0
4218500 2850500  3  9 15   1.0  992  95  3.5 7  3.5  85    1  133 268 -316  0
4218500 2850500  3  9 16  -0.1  992  71  3.9 8  3.6  91    0   63 272 -316  0
4218500 2850500  3  9 17  -0.2  992  68  3.5 7  3.6  95    0   40 270 -314  0
4218500 2850500  3  9 18  -0.4  992  67  3.3 8  3.7  96    0    8 269 -309  0
4218500 2850500  3  9 19   0.0  993  48  2.5 8  3.7  97    0    0 275 -304  0
4218500 2850500  3  9 20  -0.1  993  46  2.6 8  3.8  98    0    0 276 -301  0
4218500 2850500  3  9 21  -0.1  993  38  2.3 7  3.8  99    0    0 273 -299  0
4218500 2850500  3  9 22  -0.2  994  38  1.2 8  3.8  98    0    0 274 -297  0
4218500 2850500  3  9 23  -0.3  994  60  1.4 8  3.7  98    0    0 281 -296  0
4218500 2850500  3  9 24  -0.3  995 320  1.3 8  3.7  98    0    0 282 -295  0
4218500 2850500  3 10  1  -0.4  995 348  1.3 8  3.7  98    0    0 282 -294  0
4218500 2850500  3 10  2  -0.4  995  82  1.8 8  3.6  97    0    0 282 -293  0
4218500 2850500  3 10  3  -0.3  995 113  1.1 8  3.7  97    0    0 283 -293  0
4218500 2850500  3 10  4  -0.3  995 116  1.2 8  3.7  98    0    0 284 -292  0
4218500 2850500  3 10  5  -0.4  995  97  2.0 8  3.7  98    0    0 285 -292  0
4218500 2850500  3 10  6  -0.6  995 110  1.7 8  3.7  99    0    0 287 -292  0
4218500 2850500  3 10  7  -0.6  995 105  1.9 8  3.6  98    0    2 288 -292  0
4218500 2850500  3 10  8  -0.4  995 115  2.8 7  3.7  99    0   18 282 -292  0
4218500 2850500  3 10  9  -0.1  995 116  2.5 7  3.7  99    0   59 277 -293  0
4218500 2850500  3 10 10  -0.1  995 110  2.7 7  3.8  98    0  100 277 -297  0
4218500 2850500  3 10 11   0.3  995  94  2.6 8  3.8  98    0  105 284 -301  0
4218500 2850500  3 10 12   0.6  995  84  2.6 7  3.9  98    0   94 285 -306  0
4218500 2850500  3 10 13   0.6  995  77  2.7 8  3.9  98    0   61 286 -309  0
4218500 2850500  3 10 14   0.5  995  69  3.0 8  3.9  98    0   59 290 -311  0
4218500 2850500  3 10 15   0.4  995  86  3.7 8  3.9  98    0   63 290 -312  0
4218500 2850500  3 10 16   0.2  995  67  2.7 8  3.9  98    0   49 289 -312  0
4218500 2850500  3 10 17   0.3  995  67  3.3 8  3.8  98    0   28 289 -311  0
4218500 2850500  3 10 18   0.1  995  66  3.4 8  3.8  98    0    7 290 -308  0
4218500 2850500  3 10 19   0.1  996  59  3.7 8  3.8  98    0    0 292 -305  0
4218500 2850500  3 10 20  -0.1  996  77  3.6 8  3.8  99    0    0 293 -302  0
4218500 2850500  3 10 21  -0.1  996  77  4.2 8  3.8  99    0    0 293 -301  0
4218500 2850500  3 10 22  -0.2  996  78  4.4 8  3.8  99    0    0 293 -299  0
4218500 2850500  3 10 23  -0.4  996  78  4.0 8  3.7  98    0    0 292 -298  0
4218500 2850500  3 10 24  -0.6  996  77  4.3 8  3.6  97    0    0 290 -296  0
4218500 2850500  3 11  1  -0.9  996  68  3.9 8  3.5  97    0    0 288 -294  0
4218500 2850500  3 11  2  -1.2  996  67  4.2 8  3.5  97    0    0 286 -293  0
4218500 2850500  3 11  3  -1.5  997  68  5.3 8  3.4  97    0    0 284 -291  0
4218500 2850500  3 11  4  -2.3  997  69  5.4 8  3.2  96    0    0 281 -290  0
4218500 2850500  3 11  5  -2.5  997  58  5.5 8  3.0  94    0    0 278 -289  0
4218500 2850500  3 11  6  -3.0  998  51  5.1 8  2.9  93    0    0 276 -288  0
4218500 2850500  3 11  7  -3.3  999  50  5.4 8  2.8  93    0    2 273 -286  0
4218500 2850500  3 11  8  -3.4  999  48  5.2 8  2.8  94    0   17 269 -286  0
4218500 2850500  3 11  9  -3.2 1000  50  5.2 7  2.9  95    0   44 261 -288  0
4218500 2850500  3 11 10  -3.0 1001  40  5.7 8  2.9  94    0   76 260 -291  0
4218500 2850500  3 11 11  -2.9 1001  41  5.7 8  2.8  91    0   94 264 -297  0
4218500 2850500  3 11 12  -3.0 1002  49  6.1 8  2.8  89    0  151 263 -303  0
4218500 2850500  3 11 13  -2.7 1003  38  4.5 8  2.8  90    0  150 263 -306  0
4218500 2850500  3 11 14  -2.7 1003  30  4.7 8  2.9  92    0  125 263 -307  0
4218500 2850500  3 11 15  -2.4 1003  21  5.1 7  2.9  90    0  128 257 -307  0
4218500 2850500  3 11 16  -2.5 1003  30  5.6 8  2.8  88    0   87 256 -305  0
4218500 2850500  3 11 17  -2.6 1004  16  3.8 8  2.8  89    0   50 258 -302  0
4218500 2850500  3 11 18  -2.6 1004   4  5.2 8  2.9  91    0    9 255 -296  0
4218500 2850500  3 11 19  -2.5 1005   6  5.0 8  2.8  88    0    0 252 -290  0
4218500 2850500  3 11 20  -2.8 1006   3  5.5 8  2.7  85    0    0 248 -285  0
4218500 2850500  3 11 21  -3.3 1007   4  5.4 8  2.7  87    0    0 245 -281  0
4218500 2850500  3 11 22  -3.5 1007   2  6.3 7  2.6  89    0    0 239 -278  0
4218500 2850500  3 11 23  -4.1 1008   1  5.7 6  2.5  88    0    0 230 -276  0
4218500 2850500  3 11 24  -4.3 1008   1  5.8 7  2.5  90    0    0 228 -275  0
4218500 2850500  3 12  1  -4.5 1009 359  6.0 7  2.5  90    0    0 230 -275  0
4218500 2850500  3 12  2  -4.6 1009 358  5.8 7  2.4  88    0    0 230 -277  0
4218500 2850500  3 12  3  -4.4 1010 350  5.6 8  2.4  89    0    0 234 -280  0
4218500 2850500  3 12  4  -4.3 1011 351  5.0 8  2.5  91    0    0 239 -281  0
4218500 2850500  3 12  5  -4.1 1011 359  5.3 8  2.6  93    0    0 241 -282  0
4218500 2850500  3 12  6  -4.0 1012 351  4.9 8  2.6  94    0    0 243 -282  0
4218500 2850500  3 12  7  -3.9 1014 351  4.8 8  2.6  93    0    3 243 -282  0
4218500 2850500  3 12  8  -3.9 1015 358  4.7 8  2.6  90    0   27 243 -281  0
4218500 2850500  3 12  9  -3.3 1016 359  5.5 7  2.5  87    9  116 240 -283  0
4218500 2850500  3 12 10  -2.6 1018   2  5.1 7  2.6  86   27  196 240 -289  0
4218500 2850500  3 12 11  -2.2 1019 360  5.3 7  2.6  84    3  180 246 -297  0
4218500 2850500  3 12 12  -2.0 1020 357  4.8 7  2.8  86    7  221 251 -304  0
4218500 2850500  3 12 13  -1.8 1021   0  5.1 6  2.9  88   17  255 249 -308  0
4218500 2850500  3 12 14  -1.6 1021  12  5.4 6  2.9  86   19  248 246 -309  0
4218500 2850500  3 12 15  -1.3 1022   9  5.0 8  3.0  88    2  162 258 -311  0
4218500 2850500  3 12 16  -1.4 1022 342  4.0 8  3.0  89    0   57 266 -310  0
4218500 2850500  3 12 17  -1.6 1023   1  4.5 7  2.9  87    0   69 257 -307  0
4218500 2850500  3 12 18  -1.9 1024 355  3.5 5  2.9  87    1   29 239 -303  0
4218500 2850500  3 12 19  -2.6 1025 353  3.4 3  2.8  89    0    0 219 -297  0
4218500 2850500  3 12 20  -3.1 1026 346  3.6 2  2.7  90    0    0 204 -292  0
4218500 2850500  3 12 21  -3.1 1027 355  4.4 2  2.7  91    0    0 201 -288  0
4218500 2850500  3 12 22  -3.4 1028  14  3.6 4  2.7  90    0    0 208 -285  0
4218500 2850500  3 12 23  -4.5 1028   3  3.7 3  2.5  91    0    0 211 -282  0
4218500 2850500  3 12 24  -5.5 1028   7  3.2 1  2.4  92    0    0 197 -279  0
4218500 2850500  3 13  1  -6.0 1029   2  2.9 0  2.2  92    0    0 184 -277  0
4218500 2850500  3 13  2  -6.5 1029 355  2.5 0  2.2  93    0    0 180 -276  0
4218500 2850500  3 13  3  -9.2 1030 350  2.3 0  1.9  94    0    0 176 -275  0
4218500 2850500  3 13  4  -8.8 1030   8  2.5 0  1.8  96    0    0 174 -274  0
4218500 2850500  3 13  5  -9.2 1030   2  2.4 0  1.8  97    0    0 175 -273  0
4218500 2850500  3 13  6 -10.2 1030 360  2.3 1  1.7  98    0    0 178 -271  0
4218500 2850500  3 13  7  -8.4 1030   2  2.6 3  1.8  98    1    8 191 -270  0
4218500 2850500  3 13  8  -6.4 1031 358  2.5 3  2.1  99   50   47 204 -271  0
4218500 2850500  3 13  9  -4.4 1031  21  3.1 3  2.4  95  150   79 210 -276  0
4218500 2850500  3 13 10  -3.0 1031  19  3.5 3  2.5  89  176  139 215 -286  0
4218500 2850500  3 13 11  -2.0 1031  43  4.1 4  2.5  82  120  221 223 -297  0
4218500 2850500  3 13 12  -1.4 1030  66  4.0 5  2.4  74   85  257 233 -305  0
4218500 2850500  3 13 13  -0.4 1030   7  4.1 6  2.3  67   63  261 242 -310  0
4218500 2850500  3 13 14  -0.8 1030  22  3.1 7  2.3  64    0  161 253 -312  0
4218500 2850500  3 13 15  -0.8 1029  37  3.6 7  2.3  65    0  137 257 -313  0
4218500 2850500  3 13 16  -0.8 1029  51  3.9 7  2.4  67    7  136 258 -313  0
4218500 2850500  3 13 17  -1.3 1029  41  3.1 5  2.4  68   60   98 248 -311  0
4218500 2850500  3 13 18  -1.6 1028  39  3.1 6  2.3  68   15   38 242 -305  0
4218500 2850500  3 13 19  -2.7 1028  26  3.2 4  2.2  70    0    0 234 -298  0
4218500 2850500  3 13 20  -3.3 1029  27  3.2 4  2.2  73    0    0 222 -293  0
4218500 2850500  3 13 21  -3.8 1029  27  2.9 2  2.1  75    0    0 213 -291  0
4218500 2850500  3 13 22  -4.9 1029  21  2.9 1  2.1  76    0    0 201 -288  0
4218500 2850500  3 13 23  -5.0 1028  47  3.1 1  2.0  77    0    0 197 -285  0
4218500 2850500  3 13 24  -5.7 1028  43  2.7 1  2.0  78    0    0 196 -283  0
4218500 2850500  3 14  1  -6.0 1028  49  2.5 2  2.0  81    0    0 200 -282  0
4218500 2850500  3 14  2  -6.9 1028  43  2.1 3  2.0  86    0    0 207 -280  0
4218500 2850500  3 14  3  -6.2 1027  36  2.2 4  2.0  89    0    0 216 -278  0
4218500 2850500  3 14  4  -6.6 1027  38  2.3 5  2.1  89    0    0 225 -277  0
4218500 2850500  3 14  5  -6.0 1027  40  2.7 6  2.1  89    0    0 234 -276  0
4218500 2850500  3 14  6  -6.0 1026  30  2.4 6  2.2  90    0    0 239 -275  0
4218500 2850500  3 14  7  -5.2 1026  32  2.3 6  2.2  91    3   10 242 -275  0
4218500 2850500  3 14  8  -4.6 1026  21  1.9 5  2.3  88   72   37 239 -277  0
4218500 2850500  3 14  9  -2.6 1026  32  2.3 4  2.3  81  144   77 232 -285  0
4218500 2850500  3 14 10  -1.8 1026  66  3.1 3  2.3  72  180  133 226 -296  0
4218500 2850500  3 14 11  -1.1 1026  62  2.6 3  2.2  64  161  201 223 -306  0
4218500 2850500  3 14 12   0.1 1026  53  2.7 3  2.1  58  223  209 224 -311  0
4218500 2850500  3 14 13   0.7 1025  71  2.6 3  2.1  54  228  218 227 -313  0
4218500 2850500  3 14 14   0.6 1025  46  3.1 3  2.1  54  229  204 230 -314  0
4218500 2850500  3 14 15   1.0 1024  47  3.1 3  2.1  53  224  170 233 -315  0
4218500 2850500  3 14 16   1.2 1024  77  2.6 3  2.1  53  152  142 236 -315  0
4218500 2850500  3 14 17   0.0 1023  60  3.0 2  2.2  56   78   96 231 -315  0
4218500 2850500  3 14 18  -0.4 1023  92  2.6 0  2.2  59    6   36 217 -314  0
4218500 2850500  3 14 19  -1.8 1023  77  2.2 1  2.2  64    0    0 210 -312  0
4218500 2850500  3 14 20  -3.0 1024  78  2.3 1  2.2  69    0    0 211 -309  0
4218500 2850500  3 14 21  -3.0 1024  68  2.5 1  2.2  74    0    0 210 -307  0
4218500 2850500  3 14 22  -3.5 1023  68  2.3 2  2.3  79    0    0 212 -307  0
4218500 2850500  3 14 23  -2.9 1023  67  2.6 3  2.4  82    0    0 221 -307  0
4218500 2850500  3 14 24  -3.1 1023  69  2.4 5  2.5  84    0    0 236 -307  0
4218500 2850500  3 15  1  -3.0 1023  64  2.4 5  2.5  85    0    0 245 -307  0
4218500 2850500  3 15  2  -3.7 1023  55  2.3 5  2.5  87    0    0 245 -307  0
4218500 2850500  3 15  3  -3.6 1022  50  2.2 6  2.5  89    0    0 251 -306  0
4218500 2850500  3 15  4  -4.0 1022  25  2.0 5  2.5  88    0    0 251 -304  0
4218500 2850500  3 15  5  -3.1 1021  32  2.4 5  2.5  88    0    0 249 -301  0
4218500 2850500  3 15  6  -2.4 1021  36  2.4 6  2.7  88    0    0 257 -301  0
4218500 2850500  3 15  7  -2.4 1021  36  2.7 7  2.8  88    0    4 267 -302  0
4218500 2850500  3 15  8  -2.2 1021  15  2.8 7  2.8  89    8   60 273 -304  0
4218500 2850500  3 15  9  -1.7 1021  39  3.1 7  3.0  92    7  125 273 -306  0
4218500 2850500  3 15 10  -1.1 1021  39  3.4 7  3.1  91   16  200 275 -311  0
4218500 2850500  3 15 11  -0.5 1021  38  4.0 8  3.1  88    0  166 283 -314  0
4218500 2850500  3 15 12   0.3 1021  41  3.7 7  3.2  84    0  151 286 -320  0
4218500 2850500  3 15 13   0.5 1021  50  4.0 7  3.2  83    0  133 284 -327  0
4218500 2850500  3 15 14   1.0 1020  44  3.6 7  3.2  81    0  121 285 -327  0
4218500 2850500  3 15 15   0.9 1020  44  3.4 8  3.2  79    0   79 290 -326  0
4218500 2850500  3 15 16   1.0 1020  55  3.9 8  3.2  80    0   50 294 -326  0
4218500 2850500  3 15 17   1.0 1019  56  3.3 8  3.3  80    0   52 294 -324  0
4218500 2850500  3 15 18   1.0 1019  52  3.2 8  3.3  81    1   36 293 -320  0
4218500 2850500  3 15 19   1.1 1019  40  3.6 8  3.3  81    0    0 292 -317  0
4218500 2850500  3 15 20   1.2 1019  30  2.6 8  3.3  81    0    0 291 -316  0
4218500 2850500  3 15 21   1.1 1019  19  2.3 8  3.4  83    0    0 291 -315  0
4218500 2850500  3 15 22   1.0 1020  58  2.1 8  3.5  85    0    0 291 -315  0
4218500 2850500  3 15 23   0.6 1020  22  2.1 7  3.4  85    0    0 286 -315  0
4218500 2850500  3 15 24  -0.4 1019   8  2.6 6  3.3  87    0    0 275 -315  0
4218500 2850500  3 16  1   0.3 1019  19  3.4 7  3.4  90    0    0 273 -315  0
4218500 2850500  3 16  2   0.2 1019  15  3.5 8  3.4  88    0    0 285 -315  0
4218500 2850500  3 16  3   0.2 1019  15  3.8 8  3.4  89    0    0 292 -314  0
4218500 2850500  3 16  4   0.2 1019  20  4.0 8  3.5  90    0    0 293 -312  0
4218500 2850500  3 16  5   0.1 1019  26  3.6 8  3.5  91    0    0 295 -312  0
4218500 2850500  3 16  6   0.0 1019  26  3.6 8  3.4  91    0    0 297 -311  0
4218500 2850500  3 16  7   0.0 1019  49  4.4 8  3.4  90    0    8 299 -311  0
4218500 2850500  3 16  8   0.1 1020  48  3.8 7  3.4  89    1   42 293 -312  0
4218500 2850500  3 16  9   0.0 1020  51  3.8 8  3.3  88    0   80 293 -314  0
4218500 2850500  3 16 10   0.4 1020  47  3.3 7  3.3  87   35  178 294 -319  0
4218500 2850500  3 16 11   2.0 1020  47  3.3 6  3.4  82  104  219 285 -324  0
4218500 2850500  3 16 12   2.9 1021  55  4.4 6  3.4  75   85  252 285 -325  0
4218500 2850500  3 16 13   3.3 1021  66  4.2 6  3.3  70   66  260 287 -328  0
4218500 2850500  3 16 14   3.5 1021  54  3.9 6  3.3  68    6  200 288 -330  0
4218500 2850500  3 16 15   4.6 1020  64  4.6 6  3.3  65   17  197 289 -331  0
4218500 2850500  3 16 16   4.3 1020  63  4.2 6  3.2  62    5  131 289 -331  0
4218500 2850500  3 16 17   4.0 1020  28  4.3 6  3.2  63    9   93 287 -330  0
4218500 2850500  3 16 18   3.4 1020  45  4.1 7  3.3  66    0   29 291 -327  0
4218500 2850500  3 16 19   3.0 1021  48  4.0 8  3.3  70    0    0 301 -323  0
4218500 2850500  3 16 20   2.3 1021  28  4.3 8  3.3  73    0    0 306 -320  0
4218500 2850500  3 16 21   1.6 1021  40  3.8 7  3.3  77    0    0 298 -319  0
4218500 2850500  3 16 22   1.4 1022  31  3.6 7  3.3  80    0    0 291 -318  0
4218500 2850500  3 16 23   1.0 1022  21  3.7 7  3.4  82    0    0 290 -318  0
4218500 2850500  3 16 24   1.0 1021  20  3.8 8  3.4  84    0    0 297 -317  0
4218500 2850500  3 17  1   0.8 1021  20  4.0 8  3.5  86    0    0 303 -317  0
4218500 2850500  3 17  2   0.6 1021  19  4.0 8  3.5  88    0    0 302 -317  0
4218500 2850500  3 17  3   0.4 1021  27  3.6 8  3.5  89    0    0 301 -317  0
4218500 2850500  3 17  4   0.1 1021  19  4.3 8  3.4  89    0    0 300 -316  0
4218500 2850500  3 17  5  -0.4 1020  29  4.1 8  3.3  89    0    0 299 -316  0
4218500 2850500  3 17  6  -0.4 1020  32  3.8 8  3.2  89    0    0 299 -316  0
4218500 2850500  3 17  7  -0.5 1020  39  3.7 8  3.2  89    0    6 299 -316  0
4218500 2850500  3 17  8  -0.5 1020  32  3.0 7  3.2  89    0   40 293 -317  0
4218500 2850500  3 17  9  -0.1 1021  24  3.0 7  3.3  88    4  106 287 -320  0
4218500 2850500  3 17 10   0.6 1021  38  4.2 7  3.3  86   10  165 290 -324  0
4218500 2850500  3 17 11   1.7 1021  44  3.9 6  3.4  82   29  227 288 -327  0
4218500 2850500  3 17 12   1.9 1021  42  3.8 6  3.4  80   45  261 286 -328  0
4218500 2850500  3 17 13   2.9 1021  35  3.6 7  3.4  77   10  230 296 -331  0
4218500 2850500  3 17 14   3.2 1021  41  4.1 7  3.4  74   41  252 304 -333  0
4218500 2850500  3 17 15   3.3 1020  29  4.3 7  3.4  72   13  196 304 -333  0
4218500 2850500  3 17 16   2.6 1020  19  4.5 6  3.3  72    1  116 299 -334  0
4218500 2850500  3 17 17   1.9 1020  15  4.6 6  3.3  75    7   96 293 -333  0
4218500 2850500  3 17 18   1.9 1020  31  4.4 7  3.3  78    1   33 295 -330  0
4218500 2850500  3 17 19   1.6 1020  14  4.6 8  3.4  80    0    0 301 -327  0
4218500 2850500  3 17 20   1.2 1020  20  3.8 8  3.4  82    0    0 303 -324  0
4218500 2850500  3 17 21   1.2 1021  19  3.6 8  3.4  84    0    0 304 -322  0
4218500 2850500  3 17 22   0.9 1021  19  3.5 7  3.5  86    0    0 301 -320  0
4218500 2850500  3 17 23   0.5 1021  20  4.0 8  3.5  88    0    0 300 -318  0
4218500 2850500  3 17 24   0.3 1021  21  4.3 8  3.5  91    0    0 304 -317  0
4218500 2850500  3 18  1   0.1 1020  11  4.3 8  3.5  92    0    0 304 -316  0
4218500 2850500  3 18  2   0.2 1020  11  3.5 8  3.5  92    0    0 304 -316  0
4218500 2850500  3 18  3   0.1 1020   3  3.6 8  3.5  92    0    0 304 -315  0
4218500 2850500  3 18  4   0.1 1019   1  3.1 8  3.5  92    0    0 304 -315  0
4218500 2850500  3 18  5  -0.4 1019  17  3.9 8  3.4  92    0    0 303 -315  0
4218500 2850500  3 18  6  -1.0 1019 355  3.5 8  3.3  93    0    0 302 -315  0
4218500 2850500  3 18  7  -1.0 1019  14  3.0 8  3.3  94    0    6 300 -315  0
4218500 2850500  3 18  8  -1.2 1019  25  2.5 8  3.3  94    0   40 299 -316  0
4218500 2850500  3 18  9  -1.1 1019  38  2.6 8  3.2  94    0   82 297 -318  0
4218500 2850500  3 18 10  -0.9 1019 334  2.9 8  3.3  94    0  112 298 -323  0
4218500 2850500  3 18 11  -0.7 1019 336  2.1 7  3.3  92    0  118 293 -327  0
4218500 2850500  3 18 12  -0.5 1018 330  2.5 8  3.3  91    0  113 295 -331  0
4218500 2850500  3 18 13  -0.1 1018 296  1.7 8  3.3  90    0  108 302 -333  0
4218500 2850500  3 18 14  -0.1 1018 326  1.3 8  3.3  88    0   93 302 -333  0
4218500 2850500  3 18 15  -0.1 1017 296  2.6 7  3.3  88    0   86 295 -334  0
4218500 2850500  3 18 16  -0.1 1017 309  2.6 7  3.3  88    0   67 287 -337  0
4218500 2850500  3 18 17  -0.3 1016 289  1.9 8  3.3  88    0   54 288 -336  0
4218500 2850500  3 18 18  -0.6 1016 281  2.5 8  3.3  89    0   20 288 -331  0
4218500 2850500  3 18 19  -0.8 1015 291  3.1 8  3.2  90    0    0 284 -327  0
4218500 2850500  3 18 20  -0.9 1015 277  3.3 8  3.2  90    0    0 283 -325  0
4218500 2850500  3 18 21  -0.9 1015 275  3.0 8  3.2  90    0    0 283 -322  0
4218500 2850500  3 18 22  -1.0 1015 277  3.3 7  3.2  91    0    0 280 -320  0
4218500 2850500  3 18 23  -1.2 1014 272  3.2 8  3.2  92    0    0 280 -318  0
4218500 2850500  3 18 24  -1.4 1014 282  3.6 8  3.2  92    0    0 285 -316  0
4218500 2850500  3 19  1  -1.7 1013 286  3.7 8  3.1  90    0    0 286 -315  0
4218500 2850500  3 19  2  -1.9 1013 269  3.5 7  3.0  92    0    0 281 -315  0
4218500 2850500  3 19  3  -2.0 1012 258  3.9 7  3.1  93    0    0 277 -315  0
4218500 2850500  3 19  4  -2.2 1012 256  3.6 7  3.0  94    0    0 276 -314  0
4218500 2850500  3 19  5  -2.2 1011 276  4.0 7  3.0  93    0    0 276 -312  0
4218500 2850500  3 19  6  -2.2 1011 275  4.4 8  3.0  92    0    0 281 -312  0
4218500 2850500  3 19  7  -2.3 1010 281  3.9 8  2.9  91    0   10 286 -311  0
4218500 2850500  3 19  8  -2.4 1010 269  3.3 8  2.9  91    0   40 288 -311  0
4218500 2850500  3 19  9  -1.8 1010 245  3.8 8  2.9  90    0   89 290 -313  0
4218500 2850500  3 19 10  -1.4 1009 283  4.5 8  3.0  88    0  120 293 -317  0
4218500 2850500  3 19 11  -1.0 1009 272  4.3 8  3.0  87    0  125 295 -324  0
4218500 2850500  3 19 12  -0.4 1009 251  4.3 7  3.1  85    0  156 292 -331  0
4218500 2850500  3 19 13   0.2 1008 266  4.6 7  3.2  84    2  204 289 -336  0
4218500 2850500  3 19 14   1.4 1008 237  4.2 5  3.2  79   45  295 283 -335  0
4218500 2850500  3 19 15   2.0 1007 241  4.5 6  3.3  76   28  246 280 -331  0
4218500 2850500  3 19 16   2.4 1006 260  5.8 7  3.5  77    0  115 292 -330  0
4218500 2850500  3 19 17   2.0 1005 274  4.7 7  3.5  79    0   75 297 -328  0
4218500 2850500  3 19 18   1.8 1005 279  5.0 8  3.6  83    0   22 301 -326  0
4218500 2850500  3 19 19   1.7 1005 290  4.7 8  3.7  86    0    0 306 -324  0
4218500 2850500  3 19 20   1.7 1005 282  4.3 8  3.9  90    0    0 305 -323  0
4218500 2850500  3 19 21   1.8 1005 282  3.5 8  4.0  93    0    0 305 -323  0
4218500 2850500  3 19 22   1.9 1005 280  3.5 8  4.2  95    0    0 305 -322  0
4218500 2850500  3 19 23   1.9 1005 262  3.3 8  4.2  97    0    0 305 -322  0
4218500 2850500  3 19 24   1.9 1005 272  3.4 8  4.3  98    0    0 305 -321  0
4218500 2850500  3 20  1   2.1 1005 271  3.3 8  4.3  98    0    0 305 -321  0
4218500 2850500  3 20  2   2.1 1005 278  3.1 8  4.4  98    0    0 306 -321  0
4218500 2850500  3 20  3   2.1 1005 278  2.5 8  4.4  98    0    0 307 -320  0
4218500 2850500  3 20  4   2.1 1005 270  2.3 8  4.3  98    0    0 308 -320  0
4218500 2850500  3 20  5   2.1 1005 267  2.5 8  4.3  97    0    0 309 -319  0
4218500 2850500  3 20  6   2.1 1005 285  2.5 8  4.2  95    0    0 308 -319  0
4218500 2850500  3 20  7   1.8 1005 263  2.2 8  4.2  95    0    6 308 -319  0
4218500 2850500  3 20  8   1.9 1005 278  1.5 8  4.2  97    0   37 307 -319  0
4218500 2850500  3 20  9   2.1 1005 248  2.3 8  4.3  97    0   71 306 -320  0
4218500 2850500  3 20 10   2.3 1005 261  3.2 8  4.3  96    0  100 306 -321  0
4218500 2850500  3 20 11   2.9 1005 250  2.7 7  4.2  92    0   97 300 -326  0
4218500 2850500  3 20 12   3.2 1004 237  3.0 8  4.1  87    0   93 299 -334  0
4218500 2850500  3 20 13   3.3 1004 250  4.0 8  4.1  85    0   86 303 -337  0
4218500 2850500  3 20 14   3.5 1003 253  4.3 8  4.1  83    0   79 301 -336  0
4218500 2850500  3 20 15   4.0 1003 243  4.1 7  4.0  80    0   89 294 -336  0
4218500 2850500  3 20 16   3.9 1002 282  4.4 8  4.0  78    0   71 290 -335  0
4218500 2850500  3 20 17   4.1 1002 280  3.5 7  4.0  78    1   84 286 -331  0
4218500 2850500  3 20 18   3.9 1001 309  3.7 7  3.9  76    0   33 277 -328  0
4218500 2850500  3 20 19   3.2 1002 304  3.0 7  3.7  76    0    0 271 -322  0
4218500 2850500  3 20 20   3.4 1002 285  3.1 7  3.7  76    0    0 267 -318  0
4218500 2850500  3 20 21   2.9 1002 317  5.0 7  3.7  77    0    0 264 -316  0
4218500 2850500  3 20 22   2.7 1003 299  3.2 7  3.6  76    0    0 263 -315  0
4218500 2850500  3 20 23   2.0 1003 313  3.3 5  3.4  75    0    0 252 -314  0
4218500 2850500  3 20 24   0.9 1003 317  2.8 1  3.4  79    0    0 229 -312  0
4218500 2850500  3 21  1  -0.5 1004 320  2.4 2  3.3  85    0    0 214 -312  0
4218500 2850500  3 21  2  -1.0 1004 303  2.7 2  3.2  89    0    0 214 -312  0
4218500 2850500  3 21  3  -1.4 1004 302  2.8 1  3.1  88    0    0 207 -312  0
4218500 2850500  3 21  4  -2.6 1004 294  2.3 1  2.8  86    0    0 200 -310  0
4218500 2850500  3 21  5  -2.9 1004 320  2.1 1  2.7  86    0    0 198 -308  0
4218500 2850500  3 21  6  -3.4 1005 331  2.3 2  2.6  85    0    0 201 -306  0
4218500 2850500  3 21  7  -3.3 1005   2  2.0 3  2.6  88   10   22 208 -304  0
4218500 2850500  3 21  8  -0.6 1005   8  1.4 3  2.9  88   72   82 216 -303  0
4218500 2850500  3 21  9   1.2 1005   5  1.1 3  3.0  76  160  141 221 -306  0
4218500 2850500  3 21 10   2.0 1005  73  1.0 5  2.8  66  143  224 230 -311  0
4218500 2850500  3 21 11   3.1 1005  80  0.9 5  2.8  61  226  262 239 -317  0
4218500 2850500  3 21 12   4.0 1005 177  1.7 5  2.6  53  269  288 242 -323  0
4218500 2850500  3 21 13   4.4 1004 202  2.0 5  2.4  47  228  312 243 -327  0
4218500 2850500  3 21 14   4.9 1004 242  2.2 5  2.4  44  253  284 245 -330  0
4218500 2850500  3 21 15   5.0 1004 278  2.8 4  2.3  42  264  234 239 -333  0
4218500 2850500  3 21 16   5.1 1003 249  3.0 5  2.2  41  144  205 238 -333  0
4218500 2850500  3 21 17   4.1 1003 265  2.9 5  2.2  42   47  138 241 -329  0
4218500 2850500  3 21 18   3.0 1003 286  2.7 7  2.3  46    4   49 245 -323  0
4218500 2850500  3 21 19   1.9 1003 314  2.9 7  2.3  50    0    0 248 -318  0
4218500 2850500  3 21 20   0.6 1003 339  2.3 6  2.3  55    0    0 239 -315  0
4218500 2850500  3 21 21  -0.6 1004 339  2.1 4  2.4  62    0    0 225 -313  0
4218500 2850500  3 21 22  -0.1 1004 322  2.0 4  2.5  67    0    0 220 -311  0
4218500 2850500  3 21 23  -0.9 1004 310  2.2 4  2.6  71    0    0 221 -308  0
4218500 2850500  3 21 24  -1.5 1004 303  1.8 3  2.6  75    0    0 218 -307  0
4218500 2850500  3 22  1  -1.9 1004 320  2.4 3  2.6  77    0    0 214 -306  0
4218500 2850500  3 22  2  -1.9 1004 316  2.2 4  2.6  78    0    0 218 -305  0
4218500 2850500  3 22  3  -1.9 1004 318  2.4 4  2.5  76    0    0 221 -303  0
4218500 2850500  3 22  4  -2.5 1003 329  2.5 5  2.5  77    0    0 224 -301  0
4218500 2850500  3 22  5  -2.8 1003 339  2.2 4  2.5  80    0    0 223 -300  0
4218500 2850500  3 22  6  -3.2 1004 348  1.6 4  2.5  81    0    0 221 -299  0
4218500 2850500  3 22  7  -3.4 1004 358  1.7 5  2.5  84   14   21 223 -299  0
4218500 2850500  3 22  8  -1.2 1004 326  2.0 4  2.7  82   82   64 227 -302  0
4218500 2850500  3 22  9   1.5 1004 322  2.1 3  2.6  67  244   90 227 -308  0
4218500 2850500  3 22 10   2.9 1004 307  2.7 2  2.4  54  385   95 225 -314  0
4218500 2850500  3 22 11   3.3 1004 299  3.7 3  2.5  53  445  122 225 -322  0
4218500 2850500  3 22 12   3.6 1005 290  3.5 4  2.7  55  228  258 229 -330  0
4218500 2850500  3 22 13   3.4 1005 296  4.2 6  2.6  54  194  273 243 -337  0
4218500 2850500  3 22 14   4.8 1005 319  4.2 4  2.5  49  345  201 247 -342  0
4218500 2850500  3 22 15   4.4 1005 297  4.7 3  2.4  46  291  184 234 -342  0
4218500 2850500  3 22 16   4.3 1005 282  4.2 4  2.4  46  142  178 235 -338  0
4218500 2850500  3 22 17   3.6 1005 305  4.2 2  2.4  48  103  117 231 -332  0
4218500 2850500  3 22 18   2.9 1005 283  4.2 2  2.5  53   28   53 225 -324  0
4218500 2850500  3 22 19   1.6 1005 303  2.8 2  2.7  59    0    0 225 -318  0
4218500 2850500  3 22 20   0.0 1006 316  2.3 1  2.7  68    0    0 218 -314  0
4218500 2850500  3 22 21  -0.4 1006 320  2.6 1  2.8  76    0    0 211 -313  0
4218500 2850500  3 22 22  -1.7 1007 339  1.9 0  2.8  80    0    0 204 -311  0
4218500 2850500  3 22 23  -2.2 1007 318  1.1 0  2.7  83    0    0 198 -310  0
4218500 2850500  3 22 24  -2.7 1008 321  1.3 0  2.8  89    0    0 198 -309  0
4218500 2850500  3 23  1  -3.3 1008 311  2.2 0  2.8  92    0    0 197 -308  0
4218500 2850500  3 23  2  -3.4 1008 332  1.9 0  2.8  94    0    0 197 -308  0
4218500 2850500  3 23  3  -3.5 1008 338  1.9 0  2.8  94    0    0 198 -306  0
4218500 2850500  3 23  4  -3.5 1008 334  2.2 0  2.7  91    0    0 197 -305  0
4218500 2850500  3 23  5  -4.4 1008 347  1.9 1  2.6  92    0    0 200 -304  0
4218500 2850500  3 23  6  -4.4 1009 340  1.9 1  2.6  95    0    0 201 -302  0
4218500 2850500  3 23  7  -4.0 1009 356  1.4 1  2.7  96   22   22 201 -301  0
4218500 2850500  3 23  8  -1.2 1010   5  0.8 0  2.9  94  130   56 199 -302  0
4218500 2850500  3 23  9   1.7 1010 354  1.4 0  3.2  83  276   73 201 -307  0
4218500 2850500  3 23 10   2.2 1011 337  1.1 1  2.9  67  372   92 208 -314  0
4218500 2850500  3 23 11   3.6 1011 166  1.5 2  2.6  55  419  128 216 -322  0
4218500 2850500  3 23 12   3.9 1011 251  1.9 2  2.4  49  581   83 222 -327  0
4218500 2850500  3 23 13   3.8 1011 301  2.3 2  2.3  45  530  117 222 -331  0
4218500 2850500  3 23 14   5.5 1011 201  1.5 2  2.2  42  515  107 225 -337  0
4218500 2850500  3 23 15   5.7 1011 288  2.3 1  2.1  38  439  103 222 -337  0
4218500 2850500  3 23 16   5.9 1011  42  1.5 1  2.1  36  293  111 217 -333  0
4218500 2850500  3 23 17   5.5 1011 177  2.0 1  2.1  37  158   94 216 -327  0
4218500 2850500  3 23 18   5.0 1010 186  2.4 1  2.1  38   31   53 214 -320  0
4218500 2850500  3 23 19   3.3 1011 194  1.4 0  2.1  41    0    0 207 -316  0
4218500 2850500  3 23 20   0.9 1011 134  1.3 0  2.0  46    0    0 199 -313  0
4218500 2850500  3 23 21   0.2 1011 128  2.6 0  2.1  53    0    0 195 -312  0
4218500 2850500  3 23 22  -0.6 1011 128  2.7 0  2.2  58    0    0 194 -310  0
4218500 2850500  3 23 23  -1.0 1011 139  2.5 0  2.2  61    0    0 192 -309  0
4218500 2850500  3 23 24  -2.4 1011 141  2.7 0  2.2  67    0    0 189 -308  0
4218500 2850500  3 24  1  -1.1 1011 133  3.2 0  2.3  68    0    0 188 -306  0
4218500 2850500  3 24  2  -1.6 1010 120  3.2 0  2.2  64    0    0 187 -304  0
4218500 2850500  3 24  3  -1.7 1009 128  3.2 0  2.2  66    0    0 187 -302  0
4218500 2850500  3 24  4  -1.8 1009 136  3.0 0  2.3  67    0    0 187 -300  0
4218500 2850500  3 24  5  -2.0 1008 124  3.6 0  2.3  70    0    0 187 -297  0
4218500 2850500  3 24  6  -2.0 1008 129  4.0 0  2.4  72    0    0 187 -296  0
4218500 2850500  3 24  7  -1.5 1007 130  3.4 2  2.4  71   15   25 195 -296  0
4218500 2850500  3 24  8  -0.2 1007 128  4.5 2  2.5  69   83   87 204 -298  0
4218500 2850500  3 24  9   1.9 1007 122  5.2 3  2.5  61  198  137 212 -305  0
4218500 2850500  3 24 10   4.0 1006 128  5.6 4  2.4  51  312  172 223 -313  0
4218500 2850500  3 24 11   5.2 1005 132  5.8 5  2.4  45  398  193 234 -323  0
4218500 2850500  3 24 12   6.9 1005 129  6.4 6  2.1  36  427  216 243 -331  0
4218500 2850500  3 24 13   7.5 1004 120  6.3 5  2.0  32  426  226 247 -339  0
4218500 2850500  3 24 14   8.0 1004 119  5.7 6  2.2  33  343  244 252 -345  0
4218500 2850500  3 24 15   8.4 1003 119  5.8 6  2.2  32  161  259 256 -345  0
4218500 2850500  3 24 16   8.2 1003 106  5.2 6  2.0  28  169  195 255 -340  0
4218500 2850500  3 24 17   7.8 1002 110  5.9 6  1.9  29   83  138 253 -332  0
4218500 2850500  3 24 18   6.4 1002 122  4.4 5  2.0  32   15   57 246 -322  0
4218500 2850500  3 24 19   5.2 1001 111  4.8 6  2.0  35    0    0 242 -315  0
4218500 2850500  3 24 20   4.6 1001 118  5.4 6  2.0  37    0    0 240 -310  0
4218500 2850500  3 24 21   4.1 1001 110  5.2 6  2.1  40    0    0 239 -308  0
4218500 2850500  3 24 22   3.7 1001 117  4.6 7  2.3  45    0    0 239 -307  0
4218500 2850500  3 24 23   3.5 1000 118  3.7 8  2.4  49    0    0 244 -306  0
4218500 2850500  3 24 24   3.1 1000 128  4.0 8  2.6  53    0    0 247 -304  0
4218500 2850500  3 25  1   2.7 1000 118  3.3 8  2.7  57    0    0 246 -302  0
4218500 2850500  3 25  2   2.7  999 127  3.2 8  2.8  60    0    0 245 -299  0
4218500 2850500  3 25  3   1.8  999 127  3.4 8  3.0  67    0    0 245 -296  0
4218500 2850500  3 25  4   1.0  999 109  3.2 8  3.5  82    0    0 245 -294  0
4218500 2850500  3 25  5   1.4  999 114  3.1 8  3.8  91    0    0 247 -293  0
4218500 2850500  3 25  6   1.4  999 103  3.5 8  3.9  91    0    0 249 -291  0
4218500 2850500  3 25  7   1.6  999 118  3.4 8  3.9  91    0    5 250 -290  0
4218500 2850500  3 25  8   1.5  999 114  3.5 8  4.0  92    0   36 250 -293  0
4218500 2850500  3 25  9   1.9  999 113  3.3 8  4.1  94    0   72 252 -301  0
4218500 2850500  3 25 10   2.3 1000 105  3.6 8  4.3  96    0   93 256 -310  0
4218500 2850500  3 25 11   2.7 1000 103  3.5 8  4.5  97    0   61 260 -320  0
4218500 2850500  3 25 12   3.1 1000  89  2.7 8  4.6  97    0   67 264 -328  0
4218500 2850500  3 25 13   3.4 1000 105  2.6 8  4.8  98    0   83 270 -337  0
4218500 2850500  3 25 14   3.9 1000  98  2.5 8  4.9  99    0   84 274 -345  0
4218500 2850500  3 25 15   3.9 1001  93  2.8 8  5.0  99    0   52 278 -347  0
4218500 2850500  3 25 16   3.9 1001  62  2.8 8  5.0  98    0   42 282 -343  0
4218500 2850500  3 25 17   3.6 1002  79  3.0 8  4.9  98    0   36 285 -335  0
4218500 2850500  3 25 18   3.5 1002  89  3.0 8  4.9  99    0   26 288 -323  0
4218500 2850500  3 25 19   3.4 1003 101  2.3 7  4.9  99    0    0 286 -315  0
4218500 2850500  3 25 20   3.4 1003 106  1.7 8  4.9  99    0    0 289 -310  0
4218500 2850500  3 25 21   3.5 1004  89  0.7 7  4.9  99    0    0 293 -307  0
4218500 2850500  3 25 22   3.5 1005  17  0.7 8  4.8  98    0    0 294 -306  0
4218500 2850500  3 25 23   3.5 1005  10  0.7 8  4.8  98    0    0 303 -304  0
4218500 2850500  3 25 24   3.4 1005  97  1.5 8  4.8  99    0    0 306 -302  0
4218500 2850500  3 26  1   3.2 1005  96  1.6 8  4.8  99    0    0 303 -300  0
4218500 2850500  3 26  2   3.1 1006 115  1.8 7  4.7  99    0    0 292 -298  0
4218500 2850500  3 26  3   3.1 1006 103  1.6 7  4.7  99    0    0 279 -297  0
4218500 2850500  3 26  4   2.7 1005  98  2.6 8  4.7  99    0    0 274 -297  0
4218500 2850500  3 26  5   2.6 1005 109  2.6 7  4.6  99    0    0 264 -296  0
4218500 2850500  3 26  6   2.9 1005 140  2.9 8  4.6  99    0    0 254 -296  0
4218500 2850500  3 26  7   3.0 1005 129  3.3 8  4.7  99    0    5 253 -295  0
4218500 2850500  3 26  8   3.8 1004 121  3.7 8  4.8  99    0   23 255 -298  0
4218500 2850500  3 26  9   4.4 1003 132  3.6 7  5.1  99    0   62 260 -304  0
4218500 2850500  3 26 10   5.4 1003 131  4.0 7  5.4 100    0   95 266 -313  0
4218500 2850500  3 26 11   6.5 1003 144  3.9 7  5.8  99    0  103 276 -324  0
4218500 2850500  3 26 12   7.7 1003 170  3.9 7  6.3 100    0  108 285 -336  0
4218500 2850500  3 26 13   9.6 1003 228  4.4 7  7.1 100    0  141 296 -350  0
4218500 2850500  3 26 14  11.9 1003 242  5.2 7  8.1 100   43  248 308 -360  0
4218500 2850500  3 26 15  14.9 1003 268  5.2 5  9.1  94  148  227 306 -361  0
4218500 2850500  3 26 16  15.3 1003 261  4.8 7  9.2  85   44  179 305 -357  0
4218500 2850500  3 26 17  14.6 1003 256  4.2 7  8.6  80   27  122 322 -351  0
4218500 2850500  3 26 18  13.7 1003 246  2.8 5  8.2  80   14   53 296 -343  0
4218500 2850500  3 26 19  12.9 1003 222  3.6 6  8.3  86    0    0 291 -336  0
4218500 2850500  3 26 20  12.3 1004 239  4.1 6  8.3  90    0    0 305 -331  0
4218500 2850500  3 26 21  11.4 1005 232  3.8 5  7.9  90    0    0 295 -330  0
4218500 2850500  3 26 22  10.2 1005 223  3.2 4  7.7  94    0    0 293 -330  0
4218500 2850500  3 26 23   9.3 1005 223  3.7 4  7.3  96    0    0 297 -330  0
4218500 2850500  3 26 24   8.9 1005 223  3.4 2  6.9  95    0    0 295 -331  0
4218500 2850500  3 27  1   7.7 1005 199  3.3 2  6.7  97    0    0 292 -333  0
4218500 2850500  3 27  2   7.2 1005 190  3.0 4  6.4  98    0    0 300 -334  0
4218500 2850500  3 27  3   7.6 1004 183  2.9 6  6.4  98    0    0 315 -335  0
4218500 2850500  3 27  4   8.6 1004 191  3.3 7  6.7  98    0    0 328 -337  0
4218500 2850500  3 27  5   8.7 1003 191  3.0 8  6.9  98    0    0 341 -338  0
4218500 2850500  3 27  6   9.0 1003 192  2.9 8  7.0  98    0    0 346 -339  0
4218500 2850500  3 27  7   9.4 1003 170  2.9 8  7.2  98    0    6 348 -340  0
4218500 2850500  3 27  8   9.9 1002 158  3.5 7  7.5  99   11   70 341 -342  0
4218500 2850500  3 27  9  10.5 1001 151  3.6 6  7.8  99    3  111 323 -348  0
4218500 2850500  3 27 10  10.8 1000 114  2.0 7  8.1 100    0  116 325 -357  0
4218500 2850500  3 27 11  11.9 1000 113  2.3 6  8.5 100   50  240 328 -367  0
4218500 2850500  3 27 12  13.1 1000 178  3.9 7  9.2 100    3  192 335 -376  0
4218500 2850500  3 27 13  13.7  999 218  3.2 7  9.7  99    0  176 346 -382  0
4218500 2850500  3 27 14  14.1  999 214  3.8 6  9.8  97   71  250 343 -386  0
4218500 2850500  3 27 15  15.4  999 242  3.8 4 10.0  93  353  134 331 -387  0
4218500 2850500  3 27 16  18.0  999 211  4.1 3  9.7  81  248  122 325 -385  0
4218500 2850500  3 27 17  18.4  998 234  4.2 2  8.9  67   87  114 322 -381  0
4218500 2850500  3 27 18  17.4  998 230  4.0 4  8.2  63    0   21 325 -376  0
4218500 2850500  3 27 19  15.1  998 188  3.3 5  7.8  66    0    0 331 -371  0
4218500 2850500  3 27 20  14.9  997 192  4.3 4  8.0  74    0    0 325 -367  0
4218500 2850500  3 27 21  14.5  998 221  5.3 2  8.1  77    0    0 304 -364  0
4218500 2850500  3 27 22  13.8  998 234  5.3 3  7.7  75    0    0 290 -361  0
4218500 2850500  3 27 23  12.6  998 290  4.5 5  6.9  72    0    0 304 -358  0
4218500 2850500  3 27 24  11.6  999 231  3.8 7  6.2  70    0    0 325 -356  0
4218500 2850500  3 28  1  11.3  999 215  3.8 5  6.1  72    0    0 323 -355  0
4218500 2850500  3 28  2  10.7  999 232  4.8 2  6.4  77    0    0 288 -354  0
4218500 2850500  3 28  3  10.4  999 231  4.4 1  6.5  81    0    0 259 -354  0
4218500 2850500  3 28  4   9.4  999 213  4.4 1  6.4  82    0    0 246 -354  0
4218500 2850500  3 28  5   8.7  999 221  4.2 1  6.2  86    0    0 246 -354  0
4218500 2850500  3 28  6   8.3  999 199  3.8 2  6.1  88    0    0 254 -352  0
4218500 2850500  3 28  7   8.0  999 192  3.6 5  6.2  91    0   15 280 -352  0
4218500 2850500  3 28  8   8.9  999 192  3.6 5  6.4  92   72   90 301 -355  0
4218500 2850500  3 28  9  12.0  998 214  4.3 5  6.8  84  152  149 309 -358  0
4218500 2850500  3 28 10  13.5  998 231  4.9 6  7.1  76   85  229 323 -365  0
4218500 2850500  3 28 11  14.3  998 247  5.6 6  7.0  70  113  279 332 -374  0
4218500 2850500  3 28 12  14.3  998 257  6.0 7  6.7  65   59  297 339 -380  0
4218500 2850500  3 28 13  14.5  998 253  4.8 6  6.3  60   96  305 336 -382  0
4218500 2850500  3 28 14  14.1  998 277  5.9 7  5.9  57   72  284 334 -384  0
4218500 2850500  3 28 15  15.5  997 262  5.7 5  5.3  50  129  262 328 -384  0
4218500 2850500  3 28 16  14.8  997 272  5.2 4  4.9  45   99  208 315 -382  0
4218500 2850500  3 28 17  14.0  997 287  4.4 6  5.1  49   21  131 315 -379  0
4218500 2850500  3 28 18  13.1  997 254  3.9 7  5.2  53    7   54 323 -372  0
4218500 2850500  3 28 19  12.2  997 241  2.8 6  5.1  56    0    0 318 -363  0
4218500 2850500  3 28 20  10.3  997 245  2.9 5  5.1  60    0    0 305 -357  0
4218500 2850500  3 28 21   9.2  998 219  2.5 3  5.1  67    0    0 286 -353  0
4218500 2850500  3 28 22   8.0  998 216  2.5 2  5.2  74    0    0 270 -348  0
4218500 2850500  3 28 23   6.2  998 192  2.6 1  5.2  82    0    0 256 -345  0
4218500 2850500  3 28 24   5.8  998 193  2.4 1  5.3  89    0    0 248 -345  0
4218500 2850500  3 29  1   5.2  998 180  2.2 1  5.2  92    0    0 246 -344  0
4218500 2850500  3 29  2   5.2  997 185  2.7 2  5.2  93    0    0 248 -342  0
4218500 2850500  3 29  3   6.2  998 222  3.4 3  5.4  93    0    0 260 -339  0
4218500 2850500  3 29  4   5.9  997 260  3.7 4  5.4  92    0    0 271 -335  0
4218500 2850500  3 29  5   6.2  998 261  3.4 4  5.3  90    0    0 275 -333  0
4218500 2850500  3 29  6   7.1  998 261  3.4 6  5.3  86    0    0 287 -335  0
4218500 2850500  3 29  7   7.3  998 260  4.1 8  5.4  84    0   13 311 -337  0
4218500 2850500  3 29  8   7.2  999 253  3.4 8  5.6  87   11   76 324 -339  0
4218500 2850500  3 29  9   8.5 1000 247  4.6 6  5.9  88  170  136 315 -342  0
4218500 2850500  3 29 10  10.1 1000 260  6.3 6  5.7  77  224  193 311 -346  0
4218500 2850500  3 29 11  11.0 1000 268  5.4 5  5.0  63  189  264 310 -351  0
4218500 2850500  3 29 12  11.3 1000 254  5.5 5  4.7  56  291  267 307 -352  0
4218500 2850500  3 29 13  11.7 1000 233  6.0 5  4.7  54  107  298 309 -355  0
4218500 2850500  3 29 14  12.1 1000 229  6.3 6  4.6  53    5  207 314 -362  0
4218500 2850500  3 29 15  11.5 1000 250  5.5 7  4.7  54    0   99 322 -366  0
4218500 2850500  3 29 16  10.1 1001 260  6.0 7  4.9  60    0   98 321 -365  0
4218500 2850500  3 29 17   8.1 1002 271  6.2 6  5.4  74    0   89 311 -361  0
4218500 2850500  3 29 18   7.5 1003 278  6.4 7  5.7  85    3   48 306 -356  0
4218500 2850500  3 29 19   6.8 1004 280  4.0 7  5.5  87    0    0 309 -350  0
4218500 2850500  3 29 20   7.0 1004 224  3.2 7  5.6  90    0    0 309 -345  0
4218500 2850500  3 29 21   7.1 1004 230  3.0 7  5.7  90    0    0 311 -342  0
4218500 2850500  3 29 22   7.2 1005 257  3.9 6  5.5  86    0    0 308 -340  0
4218500 2850500  3 29 23   7.3 1005 259  3.9 6  5.3  83    0    0 305 -339  0
4218500 2850500  3 29 24   6.1 1005 259  3.2 3  5.0  82    0    0 289 -337  0
4218500 2850500  3 30  1   4.6 1006 240  2.6 1  4.8  85    0    0 257 -337  0
4218500 2850500  3 30  2   3.7 1006 224  2.5 1  4.6  90    0    0 243 -334  0
4218500 2850500  3 30  3   3.0 1006 228  2.8 0  4.5  92    0    0 235 -330  0
4218500 2850500  3 30  4   2.0 1006 239  2.5 0  4.3  95    0    0 228 -326  0
4218500 2850500  3 30  5   2.6 1006 170  2.2 2  4.2  94    0    0 238 -324  0
4218500 2850500  3 30  6   2.9 1005 174  2.0 6  4.3  92    0    0 272 -322  0
4218500 2850500  3 30  7   3.3 1005 156  2.8 6  4.5  94   32   36 296 -320  0
4218500 2850500  3 30  8   5.7 1004 159  3.5 4  5.0  94   95   91 287 -323  0
4218500 2850500  3 30  9   7.9 1004 170  4.7 5  5.5  89   95  159 288 -333  0
4218500 2850500  3 30 10   9.8 1004 175  5.5 7  5.8  81   67  226 313 -348  0
4218500 2850500  3 30 11  11.2 1003 171  5.6 7  5.7  71   39  258 330 -362  0
4218500 2850500  3 30 12  11.7 1002 207  7.0 7  5.7  67   18  254 335 -375  0
4218500 2850500  3 30 13  10.0 1001 194  6.7 8  6.1  75    0  127 342 -383  0
4218500 2850500  3 30 14   9.4 1000 185  7.4 8  6.6  87    0   97 347 -385  0
4218500 2850500  3 30 15   9.0  999 185  6.8 7  6.8  92    0  112 340 -379  0
4218500 2850500  3 30 16   9.2  998 179  6.5 7  7.0  95    4  146 334 -373  0
4218500 2850500  3 30 17  10.7  998 206  5.3 5  7.2  92   56  140 324 -369  0
4218500 2850500  3 30 18  11.2  998 217  6.2 7  7.2  87    3   49 327 -366  0
4218500 2850500  3 30 19  11.3  998 225  5.5 8  7.2  86    0    1 345 -363  0
4218500 2850500  3 30 20  11.5  998 227  5.8 8  7.2  84    0    0 351 -360  0
4218500 2850500  3 30 21  11.5  998 204  5.3 8  7.1  83    0    0 350 -358  0
4218500 2850500  3 30 22  11.0  997 211  5.0 8  7.0  83    0    0 348 -358  0
4218500 2850500  3 30 23  11.0  997 205  5.0 8  7.0  84    0    0 348 -357  0
4218500 2850500  3 30 24  10.7  997 212  4.4 7  7.1  86    0    0 341 -357  0
4218500 2850500  3 31  1  10.5  996 201  4.3 7  7.0  87    0    0 335 -358  0
4218500 2850500  3 31  2  10.8  996 210  4.7 8  7.1  87    0    0 344 -358  0
4218500 2850500  3 31  3  10.6  995 209  4.5 8  7.2  88    0    0 352 -358  0
4218500 2850500  3 31  4  10.7  995 219  4.3 8  7.3  90    0    0 354 -357  0
4218500 2850500  3 31  5  10.4  995 231  4.5 8  7.4  92    0    0 355 -355  0
4218500 2850500  3 31  6  10.1  995 241  5.0 8  7.5  94    0    0 355 -354  0
4218500 2850500  3 31  7  10.0  995 229  5.3 7  7.5  96   24   28 349 -354  0
4218500 2850500  3 31  8  11.0  996 231  6.4 6  7.5  93   73   76 339 -356  0
4218500 2850500  3 31  9  12.0  996 234  6.4 6  7.5  87  125  139 338 -360  0
4218500 2850500  3 31 10  13.9  996 250  8.2 6  7.3  77   89  216 342 -364  0
4218500 2850500  3 31 11  14.1  996 252  8.2 8  6.9  68    0  139 353 -368  0
4218500 2850500  3 31 12  12.6  996 259  8.5 8  6.9  70    0  120 360 -372  0
4218500 2850500  3 31 13  13.5  997 256  8.1 5  7.1  74  135  288 347 -374  0
4218500 2850500  3 31 14  14.2  997 255  8.2 4  7.1  71  192  273 332 -375  0
4218500 2850500  3 31 15  13.9  997 262  8.5 6  7.0  69   38  227 337 -376  0
4218500 2850500  3 31 16  13.1  998 262  7.6 5  7.0  71   18  168 338 -376  0
4218500 2850500  3 31 17  13.4  998 268  6.7 6  6.8  71    7  108 336 -373  0
4218500 2850500  3 31 18  13.5  999 257  5.8 6  6.7  69   10   54 339 -369  0
4218500 2850500  3 31 19  11.6  999 282  7.1 7  6.6  72    0    1 340 -365  0
4218500 2850500  3 31 20  11.8 1000 278  7.8 6  6.6  75    0    0 338 -364  0
4218500 2850500  3 31 21  11.5 1001 272  5.4 4  6.4  74    0    0 324 -363  0
4218500 2850500  3 31 22  10.0 1002 269  4.4 3  6.2  76    0    0 309 -362  0
4218500 2850500  3 31 23  10.1 1003 270  5.1 4  6.1  79    0    0 306 -360  0
4218500 2850500  3 31 24   9.3 1004 270  4.6 3  5.9  78    0    0 303 -357  0
4218500 2850500  4  1  1   8.5 1005 260  4.0 1  5.8  83    0    0 281 -356  0
4218500 2850500  4  1  2   8.1 1005 249  3.5 1  5.7  83    0    0 271 -355  0
4218500 2850500  4  1  3   7.7 1005 230  3.8 3  5.7  85    0    0 278 -353  0
4218500 2850500  4  1  4   8.0 1005 228  4.2 5  5.7  86    0    0 298 -353  0
4218500 2850500  4  1  5   8.7 1005 240  3.7 8  6.0  88    0    0 326 -353  0
4218500 2850500  4  1  6   8.6 1005 213  3.1 8  6.4  92    0    1 346 -354  0
4218500 2850500  4  1  7   8.8 1005 221  3.4 6  6.5  92    5   39 334 -354  0
4218500 2850500  4  1  8   9.8 1005 222  4.2 5  6.5  88  104  106 319 -356  0
4218500 2850500  4  1  9  12.1 1005 230  3.9 4  6.6  80  214  153 313 -357  0
4218500 2850500  4  1 10  13.2 1005 246  4.5 5  6.6  71  146  248 317 -363  0
4218500 2850500  4  1 11  13.9 1005 221  5.7 6  6.5  67   51  277 332 -370  0
4218500 2850500  4  1 12  14.1 1005 224  5.2 7  6.4  64    5  227 342 -375  0
4218500 2850500  4  1 13  14.2 1005 202  3.9 6  6.6  65   20  272 341 -381  0
4218500 2850500  4  1 14  14.4 1005 222  5.7 6  7.0  68   47  287 334 -386  0
4218500 2850500  4  1 15  14.7 1004 234  6.4 6  6.7  64   36  244 334 -388  0
4218500 2850500  4  1 16  14.2 1003 225  6.5 6  6.1  59    0   95 331 -386  0
4218500 2850500  4  1 17  13.9 1003 233  4.3 7  6.1  61    0   62 334 -381  0
4218500 2850500  4  1 18  13.6 1003 238  4.3 6  6.3  64    5   70 332 -377  0
4218500 2850500  4  1 19  12.8 1003 212  3.6 6  6.4  67    0   11 326 -372  0
4218500 2850500  4  1 20  12.0 1003 214  3.6 6  6.5  71    0    0 323 -366  0
4218500 2850500  4  1 21  11.8 1004 253  4.3 6  6.3  72    0    0 322 -363  0
4218500 2850500  4  1 22  10.3 1004 234  3.6 3  6.1  74    0    0 305 -363  0
4218500 2850500  4  1 23   9.8 1004 250  4.2 3  6.1  79    0    0 288 -363  0
4218500 2850500  4  1 24   9.8 1005 253  4.4 3  6.1  80    0    0 287 -362  0
4218500 2850500  4  2  1   8.9 1005 251  4.0 2  6.1  83    0    0 281 -360  0
4218500 2850500  4  2  2   8.4 1006 270  4.0 2  6.1  86    0    0 274 -357  0
4218500 2850500  4  2  3   7.7 1006 260  3.2 2  6.0  89    0    0 272 -356  0
4218500 2850500  4  2  4   6.7 1005 255  3.0 1  5.9  93    0    0 263 -356  0
4218500 2850500  4  2  5   5.8 1006 208  2.9 0  5.8  97    0    0 248 -355  0
4218500 2850500  4  2  6   5.2 1006 207  2.9 0  5.5  97    0    6 240 -355  0
4218500 2850500  4  2  7   5.7 1006 193  2.6 1  5.5  97   36   39 245 -354  0
4218500 2850500  4  2  8   7.6 1006 189  2.5 1  5.8  95  141   83 253 -355  0
4218500 2850500  4  2  9   9.6 1007 199  3.7 1  6.1  87  250  120 259 -358  0
4218500 2850500  4  2 10  11.5 1007 198  4.7 4  6.1  77  276  187 283 -366  0
4218500 2850500  4  2 11  13.2 1007 223  5.9 4  5.5  61  321  226 306 -377  0
4218500 2850500  4  2 12  13.1 1006 210  6.2 6  4.7  50  122  304 316 -385  0
4218500 2850500  4  2 13  14.9 1006 200  6.0 5  4.6  46  251  296 320 -394  0
4218500 2850500  4  2 14  15.4 1005 215  6.5 5  4.8  44  234  282 318 -401  0
4218500 2850500  4  2 15  16.3 1005 200  7.2 5  5.0  45  179  253 320 -402  0
4218500 2850500  4  2 16  16.0 1004 192  5.9 5  5.3  46   88  212 320 -398  0
4218500 2850500  4  2 17  13.9 1003 201  6.3 5  5.6  53   24  140 315 -390  0
4218500 2850500  4  2 18  13.6 1002 210  4.5 5  6.1  61   13   76 311 -380  0
4218500 2850500  4  2 19  12.7 1002 233  6.9 7  6.3  66    0    5 317 -374  0
4218500 2850500  4  2 20  10.3 1002 200  3.7 7  7.0  82    0    0 323 -369  0
4218500 2850500  4  2 21  10.5 1003 219  4.7 7  7.7  97    0    0 322 -365  0
4218500 2850500  4  2 22   9.7 1003 259  5.2 6  7.2  92    0    0 317 -363  0
4218500 2850500  4  2 23   8.6 1004 262  4.7 4  6.4  88    0    0 299 -361  0
4218500 2850500  4  2 24   7.6 1004 251  3.7 1  6.1  89    0    0 271 -360  0
4218500 2850500  4  3  1   7.0 1005 230  3.5 4  6.0  93    0    0 270 -358  0
4218500 2850500  4  3  2   6.4 1005 222  3.1 3  5.8  94    0    0 278 -357  0
4218500 2850500  4  3  3   6.0 1004 202  3.2 3  5.7  96    0    0 272 -356  0
4218500 2850500  4  3  4   5.8 1004 191  3.4 2  5.6  97    0    0 266 -355  0
4218500 2850500  4  3  5   5.9 1004 204  3.9 1  5.5  95    0    0 256 -356  0
4218500 2850500  4  3  6   6.0 1004 213  3.3 2  5.4  93    0    3 256 -357  0
4218500 2850500  4  3  7   6.1 1004 206  3.5 3  5.5  93   42   36 268 -357  0
4218500 2850500  4  3  8   8.0 1005 211  4.6 3  5.6  89   48  103 278 -358  0
4218500 2850500  4  3  9   9.1 1005 212  4.9 6  5.7  81   44  171 297 -363  0
4218500 2850500  4  3 10  10.5 1005 219  6.0 7  5.6  74   72  229 322 -367  0
4218500 2850500  4  3 11  12.1 1005 209  6.3 5  5.5  65  172  261 324 -369  0
4218500 2850500  4  3 12  12.7 1005 221  6.9 5  4.9  54   11  242 319 -372  0
4218500 2850500  4  3 13   9.7 1005 245  6.2 6  5.3  64   12  243 322 -376  0
4218500 2850500  4  3 14   8.9 1005 250  7.1 6  6.0  82   19  239 321 -377  0
4218500 2850500  4  3 15   8.3 1006 254  7.8 7  5.9  84    0  102 318 -376  0
4218500 2850500  4  3 16   7.7 1006 248  6.0 7  5.9  88    0   62 316 -375  0
4218500 2850500  4  3 17   7.5 1006 249  6.8 7  6.1  93    0   51 312 -370  0
4218500 2850500  4  3 18   6.9 1005 280  8.4 7  6.1  96    0   35 310 -365  0
4218500 2850500  4  3 19   6.4 1006 301  8.0 8  5.8  95    0    5 312 -360  0
4218500 2850500  4  3 20   6.0 1007 284  6.2 8  5.5  93    0    0 313 -355  0
4218500 2850500  4  3 21   5.8 1008 274  5.7 8  5.2  90    0    0 311 -351  0
4218500 2850500  4  3 22   5.6 1009 269  5.4 7  4.9  86    0    0 305 -346  0
4218500 2850500  4  3 23   5.4 1010 284  5.1 7  4.6  82    0    0 298 -343  0
4218500 2850500  4  3 24   4.7 1010 278  4.4 6  4.3  78    0    0 290 -340  0
4218500 2850500  4  4  1   3.4 1010 261  3.6 3  4.1  81    0    0 266 -336  0
4218500 2850500  4  4  2   2.3 1011 262  3.3 1  4.1  89    0    0 238 -332  0
4218500 2850500  4  4  3   2.0 1010 246  2.6 1  4.1  93    0    0 227 -329  0
4218500 2850500  4  4  4   1.2 1010 249  2.4 3  4.1  95    0    0 234 -326  0
4218500 2850500  4  4  5   2.1 1010 212  2.4 6  4.2  98    0    0 255 -323  0
4218500 2850500  4  4  6   2.4 1009 178  2.0 7  4.4  98    0    2 273 -321  0
4218500 2850500  4  4  7   2.9 1009 190  2.3 7  4.5  98    4   34 277 -321  0
4218500 2850500  4  4  8   4.3 1009 219  2.8 6  4.7  95   52   93 273 -324  0
4218500 2850500  4  4  9   5.2 1008 232  3.3 7  4.8  90    4  131 275 -331  0
4218500 2850500  4  4 10   4.1 1008 238  4.7 8  4.9  93    0  101 282 -339  0
4218500 2850500  4  4 11   3.9 1008 187  2.6 7  5.0  99    2  193 280 -347  0
4218500 2850500  4  4 12   5.3 1008 193  3.9 5  5.1  96  286  220 271 -354  0
4218500 2850500  4  4 13   6.6 1007 210  3.6 5  5.0  86   42  266 272 -359  0
4218500 2850500  4  4 14   4.6 1007 205  3.1 7  4.7  82   10  213 280 -364  0
4218500 2850500  4  4 15   7.8 1007 270  5.9 5  4.2  71  110  230 281 -363  0
4218500 2850500  4  4 16   6.4 1006 276  5.8 6  4.2  67   42  181 279 -356  0
4218500 2850500  4  4 17   5.6 1006 273  4.8 6  4.4  76    7  110 278 -352  0
4218500 2850500  4  4 18   5.4 1006 254  4.0 2  4.4  78   88   56 260 -347  0
4218500 2850500  4  4 19   2.7 1006 290  3.7 4  4.3  85    0   14 247 -341  0
4218500 2850500  4  4 20   2.4 1007 253  2.5 4  4.3  93    0    0 246 -335  0
4218500 2850500  4  4 21   1.8 1007 226  1.7 2  4.2  94    0    0 234 -330  0
4218500 2850500  4  4 22   1.7 1007 220  3.3 1  4.1  94    0    0 219 -327  0
4218500 2850500  4  4 23   1.4 1006 235  3.3 1  4.0  94    0    0 213 -324  0
4218500 2850500  4  4 24   0.8 1006 221  3.5 1  3.9  95    0    0 210 -322  0
4218500 2850500  4  5  1   1.3 1006 257  4.2 2  3.9  96    0    0 213 -321  0
4218500 2850500  4  5  2   1.3 1006 259  3.8 1  3.9  94    0    0 213 -321  0
4218500 2850500  4  5  3   0.7 1006 253  3.6 0  3.9  94    0    0 209 -320  0
4218500 2850500  4  5  4   0.4 1006 249  3.5 0  3.8  97    0    0 205 -321  0
4218500 2850500  4  5  5  -0.4 1006 238  3.1 0  3.7  97    0    0 202 -321  0
4218500 2850500  4  5  6  -0.5 1005 235  3.3 0  3.6  98    2    8 199 -320  0
4218500 2850500  4  5  7   0.0 1005 226  3.5 1  3.7  98   57   43 202 -321  0
4218500 2850500  4  5  8   1.7 1006 260  3.8 1  3.9  96  198   66 207 -326  0
4218500 2850500  4  5  9   3.5 1005 261  4.4 2  4.0  86  318   88 215 -334  0
4218500 2850500  4  5 10   4.8 1005 269  4.7 3  3.8  74  327  160 228 -345  0
4218500 2850500  4  5 11   5.5 1004 260  6.1 4  3.4  62  238  256 239 -355  0
4218500 2850500  4  5 12   5.6 1004 260  6.4 4  3.1  54  282  273 246 -361  0
4218500 2850500  4  5 13   6.8 1004 276  6.1 5  2.9  48  197  303 256 -367  0
4218500 2850500  4  5 14   6.8 1003 259  7.1 5  2.7  43  201  286 269 -373  0
4218500 2850500  4  5 15   6.9 1003 264  6.5 4  2.7  43  196  246 271 -373  0
4218500 2850500  4  5 16   7.7 1003 275  5.9 3  2.7  43  239  175 266 -369  0
4218500 2850500  4  5 17   7.0 1003 281  4.4 4  2.7  43  111  144 269 -364  0
4218500 2850500  4  5 18   6.5 1002 300  4.3 5  2.8  45   18   79 275 -355  0
4218500 2850500  4  5 19   5.9 1003 285  3.6 6  2.9  48    0    9 281 -345  0
4218500 2850500  4  5 20   4.2 1003 330  4.4 6  3.3  59    0    0 282 -336  0
4218500 2850500  4  5 21   3.7 1004 288  3.5 4  3.7  74    0    0 274 -331  0
4218500 2850500  4  5 22   2.9 1004 287  3.6 2  3.8  78    0    0 258 -328  0
4218500 2850500  4  5 23   2.3 1005 282  3.3 2  3.9  84    0    0 247 -327  0
4218500 2850500  4  5 24   1.8 1005 279  3.6 3  3.9  88    0    0 246 -328  0
4218500 2850500  4  6  1   2.5 1005 293  3.9 5  4.0  89    0    0 257 -329  0
4218500 2850500  4  6  2   2.5 1006 286  3.8 7  4.1  89    0    0 274 -329  0
4218500 2850500  4  6  3   2.4 1006 281  3.4 7  4.1  90    0    0 282 -329  0
4218500 2850500  4  6  4   1.7 1006 272  3.6 5  4.0  90    0    0 273 -328  0
4218500 2850500  4  6  5   0.7 1006 269  3.4 4  3.8  91    0    0 258 -328  0
4218500 2850500  4  6  6   0.1 1007 262  2.8 2  3.7  93    4    9 243 -328  0
4218500 2850500  4  6  7   1.1 1008 261  2.6 2  3.7  93   73   40 236 -328  0
4218500 2850500  4  6  8   2.4 1008 269  2.8 1  3.8  88  190   61 234 -329  0
4218500 2850500  4  6  9   3.3 1008 252  3.5 4  3.8  81  119  166 246 -330  0
4218500 2850500  4  6 10   4.2 1009 244  2.7 6  3.7  74   68  231 269 -336  0
4218500 2850500  4  6 11   5.2 1009 234  4.4 7  3.7  70   29  251 286 -343  0
4218500 2850500  4  6 12   6.1 1009 257  4.3 6  3.6  64  162  293 291 -345  0
4218500 2850500  4  6 13   6.8 1009 280  3.3 4  3.5  58  340  249 281 -346  0
4218500 2850500  4  6 14   8.1 1009 261  3.1 4  3.4  53  270  258 274 -351  0
4218500 2850500  4  6 15   9.0 1008 231  3.3 4  3.4  50  236  227 274 -354  0
4218500 2850500  4  6 16   8.6 1009 252  3.7 5  3.4  48   46  200 277 -353  0
4218500 2850500  4  6 17   8.6 1008 270  4.1 7  3.5  50    9  117 289 -349  0
4218500 2850500  4  6 18   8.2 1008 250  2.8 7  3.6  52   22   80 296 -343  0
4218500 2850500  4  6 19   7.9 1008 201  3.1 6  3.5  52    0    9 290 -338  0
4218500 2850500  4  6 20   7.4 1008 198  2.6 5  3.5  54    0    0 280 -333  0
4218500 2850500  4  6 21   6.7 1008 190  3.8 6  3.7  58    0    0 281 -329  0
4218500 2850500  4  6 22   5.9 1008 201  3.9 6  3.7  63    0    0 285 -326  0
4218500 2850500  4  6 23   5.6 1008 193  3.6 6  3.8  66    0    0 285 -325  0
4218500 2850500  4  6 24   5.6 1008 210  3.8 7  3.8  66    0    0 289 -325  0
4218500 2850500  4  7  1   5.4 1008 222  3.0 7  3.8  67    0    0 294 -325  0
4218500 2850500  4  7  2   5.1 1008 202  3.5 7  3.8  69    0    0 293 -325  0
4218500 2850500  4  7  3   4.6 1008 181  3.6 6  3.8  70    0    0 289 -325  0
4218500 2850500  4  7  4   3.8 1007 193  3.8 5  3.8  73    0    0 280 -325  0
4218500 2850500  4  7  5   3.2 1007 201  3.4 5  3.8  77    0    0 276 -325  0
4218500 2850500  4  7  6   3.7 1007 207  3.9 7  3.8  78    0    4 285 -325  0
4218500 2850500  4  7  7   4.1 1008 202  3.5 7  3.9  77   11   38 295 -326  0
4218500 2850500  4  7  8   5.5 1008 213  4.0 7  4.0  74   20  102 298 -328  0
4218500 2850500  4  7  9   7.6 1008 228  5.2 6  4.0  66  151  149 296 -333  0
4218500 2850500  4  7 10   9.6 1008 236  5.4 5  3.9  56  283  162 292 -337  0
4218500 2850500  4  7 11  10.5 1009 247  5.9 6  3.5  46   75  263 292 -343  0
4218500 2850500  4  7 12  10.2 1009 261  6.8 6  3.4  44   78  285 297 -355  0
4218500 2850500  4  7 13  10.7 1009 272  6.0 6  3.8  49  120  292 300 -365  0
4218500 2850500  4  7 14  10.9 1009 262  5.4 6  4.1  51   35  259 301 -367  0
4218500 2850500  4  7 15  11.7 1009 231  4.5 5  4.2  50   39  230 295 -368  0
4218500 2850500  4  7 16  10.7 1009 281  3.9 6  4.4  52   12  168 291 -371  0
4218500 2850500  4  7 17  10.1 1009 265  3.4 4  4.7  60   51  144 282 -368  0
4218500 2850500  4  7 18  10.0 1009 287  3.3 4  4.8  62   52   77 272 -360  0
4218500 2850500  4  7 19   9.1 1009 287  1.5 6  4.5  61    0   13 275 -350  0
4218500 2850500  4  7 20   7.9 1009 308  3.6 7  4.6  66    0    0 283 -342  0
4218500 2850500  4  7 21   7.0 1009 153  1.3 7  4.7  73    0    0 283 -339  0
4218500 2850500  4  7 22   6.6 1008 144  2.2 6  4.7  76    0    0 278 -337  0
4218500 2850500  4  7 23   6.2 1008 141  2.3 5  4.7  79    0    0 271 -336  0
4218500 2850500  4  7 24   4.5 1008 108  2.7 3  4.7  83    0    0 257 -337  0
4218500 2850500  4  8  1   4.6 1007 148  3.0 3  4.5  86    0    0 249 -335  0
4218500 2850500  4  8  2   4.9 1007 167  2.8 5  4.2  78    0    0 257 -333  0
4218500 2850500  4  8  3   4.5 1006 158  3.2 6  3.9  73    0    0 270 -332  0
4218500 2850500  4  8  4   4.2 1006 178  3.2 6  3.9  75    0    0 274 -332  0
4218500 2850500  4  8  5   3.9 1006 178  3.7 6  3.9  76    0    0 275 -331  0
4218500 2850500  4  8  6   4.3 1005 180  3.7 7  3.9  75    0    9 281 -330  0
4218500 2850500  4  8  7   5.7 1005 181  4.0 6  3.9  71   36   46 286 -332  0
4218500 2850500  4  8  8   6.9 1005 191  4.0 5  3.9  65  115  104 281 -336  0
4218500 2850500  4  8  9   8.9 1006 203  5.4 5  4.0  59  152  177 282 -340  0
4218500 2850500  4  8 10  10.6 1006 211  5.5 4  3.9  52  340  175 284 -345  0
4218500 2850500  4  8 11  12.4 1005 202  5.3 3  4.0  47  482  168 280 -352  0
4218500 2850500  4  8 12  14.0 1005 217  7.0 2  3.7  39  529  182 275 -355  0
4218500 2850500  4  8 13  14.5 1004 204  7.7 2  3.5  35  521  195 274 -361  0
4218500 2850500  4  8 14  14.9 1004 216  7.0 2  3.4  33  487  191 277 -366  0
4218500 2850500  4  8 15  15.4 1003 199  6.0 2  3.4  32  395  189 276 -365  0
4218500 2850500  4  8 16  14.7 1002 205  7.3 3  3.4  32  123  223 276 -363  0
4218500 2850500  4  8 17  14.8 1002 220  6.9 5  3.4  32   29  154 285 -362  0
4218500 2850500  4  8 18  14.2 1002 226  5.9 4  3.4  33   41   89 286 -355  0
4218500 2850500  4  8 19  13.4 1002 232  4.7 6  3.4  35    1   18 287 -345  0
4218500 2850500  4  8 20  11.9 1002 206  3.7 6  3.4  37    0    0 291 -337  0
4218500 2850500  4  8 21  11.1 1002 230  4.0 5  3.4  40    0    0 282 -331  0
4218500 2850500  4  8 22   6.9 1002 318  5.0 3  4.0  56    0    0 263 -328  0
4218500 2850500  4  8 23   5.7 1003 324  4.4 3  4.6  77    0    0 248 -327  0
4218500 2850500  4  8 24   4.7 1003 307  1.7 3  4.5  82    0    0 245 -328  0
4218500 2850500  4  9  1   4.3 1003 194  2.0 3  4.5  86    0    0 245 -330  0
4218500 2850500  4  9  2   4.4 1003 194  1.9 5  4.5  86    0    0 255 -331  0
4218500 2850500  4  9  3   4.3 1003 208  2.4 5  4.5  86    0    0 266 -330  0
4218500 2850500  4  9  4   4.6 1003 202  2.8 6  4.6  87    0    0 274 -328  0
4218500 2850500  4  9  5   4.7 1003 199  3.2 7  4.7  88    0    0 286 -325  0
4218500 2850500  4  9  6   4.9 1002 219  3.7 8  4.8  89    0    2 298 -324  0
4218500 2850500  4  9  7   5.2 1003 221  3.4 7  4.8  88    0   32 299 -325  0
4218500 2850500  4  9  8   6.0 1003 212  4.5 6  4.8  84  136   81 288 -328  0
4218500 2850500  4  9  9   8.7 1004 223  5.5 3  4.8  74  373   85 272 -331  0
4218500 2850500  4  9 10  10.1 1004 239  6.1 3  4.5  61  315  154 263 -335  0
4218500 2850500  4  9 11  10.6 1004 250  7.6 3  4.0  51  162  265 265 -344  0
4218500 2850500  4  9 12  10.8 1004 268  8.7 6  3.7  46   31  274 281 -351  0
4218500 2850500  4  9 13   8.9 1004 271  8.7 7  4.0  53   50  287 296 -359  0
4218500 2850500  4  9 14  10.6 1005 276  8.1 5  4.0  53  216  266 288 -368  0
4218500 2850500  4  9 15  11.5 1005 262  7.4 3  3.5  43  439  121 274 -370  0
4218500 2850500  4  9 16  11.5 1005 264  7.3 3  3.3  38  441   53 266 -367  0
4218500 2850500  4  9 17  10.9 1005 263  5.6 3  3.0  37  239   83 262 -359  0
4218500 2850500  4  9 18  10.4 1006 273  5.9 3  2.9  36   73   74 258 -353  0
4218500 2850500  4  9 19   9.2 1006 280  4.2 3  2.8  38    0   16 255 -345  0
4218500 2850500  4  9 20   8.2 1007 271  3.4 3  2.9  41    0    0 251 -337  0
4218500 2850500  4  9 21   7.3 1006 249  3.5 3  3.0  46    0    0 250 -333  0
4218500 2850500  4  9 22   6.6 1007 270  3.5 2  3.0  49    0    0 248 -329  0
4218500 2850500  4  9 23   6.0 1007 249  3.1 3  3.1  51    0    0 247 -327  0
4218500 2850500  4  9 24   5.2 1007 242  2.9 5  3.1  55    0    0 251 -324  0
4218500 2850500  4 10  1   4.8 1007 279  3.5 6  3.3  60    0    0 256 -321  0
4218500 2850500  4 10  2   4.1 1007 287  3.0 7  3.4  65    0    0 260 -319  0
4218500 2850500  4 10  3   3.9 1007 290  2.8 6  3.5  69    0    0 260 -317  0
4218500 2850500  4 10  4   2.7 1007 272  2.3 5  3.5  73    0    0 254 -316  0
4218500 2850500  4 10  5   2.2 1008 221  1.8 6  3.6  79    0    0 253 -315  0
4218500 2850500  4 10  6   2.1 1008 266  1.7 7  3.7  83    0    1 259 -315  0
4218500 2850500  4 10  7   3.5 1008 313  2.0 8  4.0  85    0   29 269 -315  0
4218500 2850500  4 10  8   4.2 1009 313  2.1 7  4.3  85    1   99 273 -317  0
4218500 2850500  4 10  9   5.6 1009 331  2.2 7  4.3  80   10  194 273 -327  0
4218500 2850500  4 10 10   6.5 1009  23  2.8 7  4.2  72   20  266 276 -341  0
4218500 2850500  4 10 11   7.5 1009 318  1.9 7  4.2  67   19  298 279 -353  0
4218500 2850500  4 10 12   7.8 1009 357  1.7 7  4.2  65   18  312 284 -365  0
4218500 2850500  4 10 13   8.1 1009 302  2.6 7  4.2  62   16  313 287 -374  0
4218500 2850500  4 10 14   8.5 1009 358  2.2 7  4.1  60   15  293 289 -379  0
4218500 2850500  4 10 15   8.7 1009 341  3.4 7  4.1  59   29  298 289 -380  0
4218500 2850500  4 10 16   8.7 1009 304  2.5 7  4.1  58   35  257 289 -377  0
4218500 2850500  4 10 17   8.6 1009 339  2.2 7  4.1  59    7  148 287 -370  0
4218500 2850500  4 10 18   8.2 1009 333  3.3 7  4.1  60    3   83 285 -362  0
4218500 2850500  4 10 19   7.6 1009 314  2.8 7  4.1  61    0   14 280 -350  0
4218500 2850500  4 10 20   6.7 1009 322  2.1 6  4.1  65    0    0 273 -339  0
4218500 2850500  4 10 21   5.5 1010 306  2.2 6  4.1  70    0    0 268 -332  0
4218500 2850500  4 10 22   4.4 1010 343  2.7 5  4.0  73    0    0 262 -327  0
4218500 2850500  4 10 23   2.7 1010 320  2.4 4  3.8  78    0    0 254 -323  0
4218500 2850500  4 10 24   2.6 1010 318  2.5 2  3.8  82    0    0 244 -320  0
4218500 2850500  4 11  1   2.1 1010 328  2.4 1  3.9  87    0    0 235 -317  0
4218500 2850500  4 11  2   1.5 1010 312  3.1 2  3.8  89    0    0 233 -315  0
4218500 2850500  4 11  3   1.1 1010 324  3.4 2  3.7  90    0    0 232 -315  0
4218500 2850500  4 11  4   0.9 1010 313  3.2 1  3.8  93    0    0 226 -314  0
4218500 2850500  4 11  5   1.2 1011 322  3.6 3  3.9  95    0    0 229 -312  0
4218500 2850500  4 11  6   2.3 1011 331  3.7 5  4.1  94    0    4 244 -311  0
4218500 2850500  4 11  7   2.9 1011 313  3.0 6  4.2  92    8   46 257 -310  0
4218500 2850500  4 11  8   3.3 1012 297  3.3 6  4.4  92   92  115 263 -312  0
4218500 2850500  4 11  9   4.2 1012 295  3.9 4  4.5  91  278  129 260 -320  0
4218500 2850500  4 11 10   5.3 1012 284  3.8 4  4.5  84  283  201 256 -332  0
4218500 2850500  4 11 11   4.8 1012 298  4.4 5  4.4  81   73  294 262 -344  0
4218500 2850500  4 11 12   5.8 1012 309  4.4 6  4.3  78    1  216 272 -356  0
4218500 2850500  4 11 13   6.0 1012 297  4.8 6  4.2  73   17  275 280 -366  0
4218500 2850500  4 11 14   6.8 1012 295  4.2 5  4.1  69   96  309 279 -372  0
4218500 2850500  4 11 15   7.3 1011 269  4.1 5  4.0  64   24  238 279 -373  0
4218500 2850500  4 11 16   7.4 1011 275  4.2 5  3.9  62   32  208 280 -372  0
4218500 2850500  4 11 17   7.5 1010 252  3.8 6  3.7  58   68  161 285 -367  0
4218500 2850500  4 11 18   7.1 1010 290  2.7 6  3.4  54   19   88 287 -358  0
4218500 2850500  4 11 19   6.1 1010 263  2.3 7  3.4  55    1   17 289 -348  0
4218500 2850500  4 11 20   5.5 1010 235  2.2 7  3.5  61    0    0 291 -337  0
4218500 2850500  4 11 21   4.4 1010 207  2.4 7  3.5  65    0    0 288 -331  0
4218500 2850500  4 11 22   4.7 1010 196  2.7 6  3.6  68    0    0 284 -329  0
4218500 2850500  4 11 23   4.8 1010 192  3.5 6  3.7  69    0    0 282 -328  0
4218500 2850500  4 11 24   4.7 1009 195  3.6 7  3.5  66    0    0 285 -328  0
4218500 2850500  4 12  1   4.4 1009 204  3.6 8  3.4  65    0    0 292 -328  0
4218500 2850500  4 12  2   4.3 1008 184  3.5 8  3.4  65    0    0 295 -329  0
4218500 2850500  4 12  3   4.0 1008 185  2.9 7  3.4  65    0    0 293 -329  0
4218500 2850500  4 12  4   4.0 1007 172  2.7 7  3.4  66    0    0 289 -329  0
4218500 2850500  4 12  5   3.7 1006 164  2.7 8  3.3  67    0    0 295 -329  0
4218500 2850500  4 12  6   3.6 1005 188  3.3 7  3.4  68    0    1 296 -329  0
4218500 2850500  4 12  7   3.7 1005 192  2.7 8  3.4  69    0   20 296 -330  0
4218500 2850500  4 12  8   4.3 1005 180  3.1 8  3.5  69    0   82 302 -333  0
4218500 2850500  4 12  9   5.4 1005 199  3.2 8  3.7  69    2  137 304 -338  0
4218500 2850500  4 12 10   5.6 1005 193  4.1 8  4.1  73    2  168 308 -342  0
4218500 2850500  4 12 11   5.6 1005 197  4.1 8  4.5  79    0  151 311 -344  0
4218500 2850500  4 12 12   5.8 1005 206  4.2 8  4.6  81    0  190 316 -346  0
4218500 2850500  4 12 13   6.0 1005 205  4.1 8  4.8  82    0  197 320 -353  0
4218500 2850500  4 12 14   6.3 1005 215  3.8 7  4.8  82    0  161 316 -357  0
4218500 2850500  4 12 15   6.4 1004 220  3.4 7  4.9  82    2  175 311 -355  0
4218500 2850500  4 12 16   6.8 1004 213  2.6 6  5.0  82   20  165 307 -354  0
4218500 2850500  4 12 17   6.7 1004 208  2.6 7  5.1  82    2  108 306 -356  0
4218500 2850500  4 12 18   6.5 1004 202  2.1 8  5.0  82    0   63 311 -357  0
4218500 2850500  4 12 19   6.4 1004 183  2.1 8  5.1  84    0    3 311 -352  0
4218500 2850500  4 12 20   6.4 1005 185  1.8 8  5.3  87    0    0 311 -346  0
4218500 2850500  4 12 21   6.4 1005 209  1.7 8  5.3  88    0    0 310 -344  0
4218500 2850500  4 12 22   6.5 1005 261  2.4 8  5.3  88    0    0 311 -342  0
4218500 2850500  4 12 23   6.1 1005 258  2.3 7  5.2  87    0    0 306 -339  0
4218500 2850500  4 12 24   6.2 1006 241  2.2 8  5.1  86    0    0 308 -335  0
4218500 2850500  4 13  1   6.0 1006 204  2.2 6  5.2  89    0    0 305 -332  0
4218500 2850500  4 13  2   4.9 1005 225  2.8 4  5.3  93    0    0 285 -329  0
4218500 2850500  4 13  3   5.0 1005 237  2.8 3  5.2  96    0    0 270 -327  0
4218500 2850500  4 13  4   4.6 1005 257  2.9 4  5.2  97    0    0 271 -326  0
4218500 2850500  4 13  5   4.8 1005 239  2.4 6  5.1  96    0    0 287 -324  0
4218500 2850500  4 13  6   4.8 1005 211  2.6 7  5.2  96    0   12 304 -323  0
4218500 2850500  4 13  7   5.3 1005 205  3.1 7  5.3  97    7   52 312 -324  0
4218500 2850500  4 13  8   6.5 1005 213  3.9 6  5.5  95   81  140 311 -330  0
4218500 2850500  4 13  9   8.1 1005 204  5.3 6  5.5  85  174  207 311 -339  0
4218500 2850500  4 13 10   9.5 1005 211  6.0 6  5.2  73  166  283 315 -344  0
4218500 2850500  4 13 11  10.5 1004 211  6.9 7  5.0  64   70  320 322 -345  0
4218500 2850500  4 13 12  10.8 1003 227  6.4 6  4.9  61   25  298 324 -346  0
4218500 2850500  4 13 13  10.2 1002 231  6.0 6  5.1  64    4  239 319 -348  0
4218500 2850500  4 13 14   9.1 1002 233  6.9 7  5.4  72    0  168 322 -349  0
4218500 2850500  4 13 15   8.4 1002 210  5.6 8  5.7  81    0   88 333 -350  0
4218500 2850500  4 13 16   9.0 1002 218  5.6 8  5.9  83    0   87 340 -353  0
4218500 2850500  4 13 17   9.5 1001 236  5.3 8  5.8  78    0   83 341 -357  0
4218500 2850500  4 13 18   9.1 1001 209  4.0 8  5.8  78    0   44 341 -359  0
4218500 2850500  4 13 19   8.4 1000 210  3.5 7  6.0  85    0    9 334 -356  0
4218500 2850500  4 13 20   8.4 1000 202  3.4 7  6.3  91    0    0 328 -352  0
4218500 2850500  4 13 21   8.2 1000 201  4.6 7  6.2  89    0    0 326 -347  0
4218500 2850500  4 13 22   8.5  999 219  4.8 7  6.0  87    0    0 325 -345  0
4218500 2850500  4 13 23   7.8  999 231  5.7 8  6.2  91    0    0 330 -343  0
4218500 2850500  4 13 24   7.8  998 211  5.4 8  6.5  97    0    0 334 -341  0
4218500 2850500  4 14  1   7.9  998 258  5.3 5  6.5  97    0    0 316 -337  0
4218500 2850500  4 14  2   7.4  998 259  5.5 5  6.4  97    0    0 299 -334  0
4218500 2850500  4 14  3   6.1  998 261  4.5 5  6.0  96    0    0 294 -333  0
4218500 2850500  4 14  4   5.6  998 259  4.7 2  5.6  95    0    0 274 -333  0
4218500 2850500  4 14  5   5.7  999 257  4.5 1  5.5  95    0    0 250 -335  0
4218500 2850500  4 14  6   5.9  999 263  4.8 2  5.6  96    4   12 252 -336  0
4218500 2850500  4 14  7   6.6  999 262  5.0 5  5.7  95   11   51 275 -337  0
4218500 2850500  4 14  8   7.2 1000 278  5.9 7  5.7  91    5  101 305 -339  0
4218500 2850500  4 14  9   7.7 1000 278  5.9 7  5.6  86   10  160 316 -342  0
4218500 2850500  4 14 10   8.6 1001 278  7.4 6  5.4  80   32  227 309 -350  0
4218500 2850500  4 14 11   9.0 1001 288  7.4 6  5.3  74   26  252 302 -360  0
4218500 2850500  4 14 12   8.6 1002 291  8.3 6  5.2  73   61  282 301 -365  0
4218500 2850500  4 14 13  10.1 1002 286  7.0 6  5.3  72  162  277 304 -364  0
4218500 2850500  4 14 14   8.9 1002 327  6.4 7  5.2  70   49  263 309 -364  0
4218500 2850500  4 14 15  10.8 1003 290  6.1 5  5.2  68  116  237 304 -367  0
4218500 2850500  4 14 16   9.0 1003 292  6.3 3  5.2  68  146  181 285 -367  0
4218500 2850500  4 14 17   8.2 1003 293  5.5 4  5.4  77  161  111 280 -367  0
4218500 2850500  4 14 18   8.8 1004 294  5.6 7  5.4  78    1   68 299 -360  0
4218500 2850500  4 14 19   8.0 1004 272  3.3 6  5.1  73    0    6 308 -352  0
4218500 2850500  4 14 20   6.2 1004 271  3.4 6  5.1  80    0    0 299 -345  0
4218500 2850500  4 14 21   5.6 1005 254  3.6 3  5.2  89    0    0 284 -341  0
4218500 2850500  4 14 22   5.6 1005 261  3.8 2  5.2  91    0    0 267 -337  0
4218500 2850500  4 14 23   5.5 1006 273  3.8 2  5.2  91    0    0 261 -335  0
4218500 2850500  4 14 24   4.7 1007 261  3.5 2  5.1  93    0    0 259 -333  0
4218500 2850500  4 15  1   4.3 1007 260  3.4 1  5.1  97    0    0 250 -330  0
4218500 2850500  4 15  2   4.1 1008 261  3.4 1  5.0  97    0    0 243 -328  0
4218500 2850500  4 15  3   3.9 1009 271  3.5 1  4.8  94    0    0 239 -326  0
4218500 2850500  4 15  4   4.3 1009 282  3.9 2  4.7  92    0    0 241 -324  0
4218500 2850500  4 15  5   4.0 1009 277  2.9 4  4.7  92    0    0 253 -322  0
4218500 2850500  4 15  6   4.1 1010 252  2.9 5  4.7  92   11   17 267 -320  0
4218500 2850500  4 15  7   4.8 1010 268  3.0 2  4.9  93   87   62 255 -321  0
4218500 2850500  4 15  8   6.2 1011 269  3.2 3  5.0  88  221   91 247 -327  0
4218500 2850500  4 15  9   7.4 1011 294  3.5 3  4.8  77  349  116 253 -339  0
4218500 2850500  4 15 10   9.1 1012 268  2.9 3  4.7  69  434  150 258 -352  0
4218500 2850500  4 15 11  10.0 1012 256  2.4 2  4.8  64  563  138 259 -367  0
4218500 2850500  4 15 12  11.1 1012 290  1.6 2  4.7  59  626  134 261 -381  0
4218500 2850500  4 15 13  11.9 1012 269  2.9 2  4.5  54  610  148 268 -392  0
4218500 2850500  4 15 14  13.8 1011 180  2.0 3  4.3  47  479  202 278 -399  0
4218500 2850500  4 15 15  13.1 1011 211  3.3 4  4.1  42  323  236 287 -403  0
4218500 2850500  4 15 16  13.3 1011 201  2.7 5  3.7  40  190  222 291 -401  0
4218500 2850500  4 15 17  13.1 1009 148  2.6 7  3.7  39   37  162 300 -393  0
4218500 2850500  4 15 18  12.6 1008 120  3.1 7  3.8  41    2   71 308 -382  0
4218500 2850500  4 15 19  11.9 1007 139  2.3 8  4.0  45    0   12 314 -370  0
4218500 2850500  4 15 20  11.1 1008 110  2.5 8  4.1  48    0    0 320 -360  0
4218500 2850500  4 15 21  10.8 1008 118  2.9 8  4.1  51    0    0 322 -355  0
4218500 2850500  4 15 22  10.7 1008 115  3.6 7  4.2  52    0    0 321 -352  0
4218500 2850500  4 15 23  11.1 1007 118  4.2 7  4.1  50    0    0 319 -350  0
4218500 2850500  4 15 24  10.6 1006 113  3.8 8  4.0  50    0    0 327 -349  0
4218500 2850500  4 16  1  10.2 1005 116  3.5 8  4.2  53    0    0 335 -349  0
4218500 2850500  4 16  2   9.4 1004 139  3.8 8  4.6  61    0    0 335 -348  0
4218500 2850500  4 16  3   8.7 1003 150  3.6 8  5.3  73    0    0 336 -348  0
4218500 2850500  4 16  4   7.7 1003 143  3.6 8  6.0  88    0    0 334 -348  0
4218500 2850500  4 16  5   7.7 1002 129  3.3 8  6.4  97    0    0 334 -348  0
4218500 2850500  4 16  6   7.8 1001 140  3.4 8  6.6  99    2   11 334 -348  0
4218500 2850500  4 16  7   8.2 1001 150  3.6 6  6.7  99    0   34 323 -349  0
4218500 2850500  4 16  8   8.8 1000 150  3.7 8  6.9  99    0   65 324 -351  0
4218500 2850500  4 16  9   9.8 1000 178  3.7 8  7.4  99    0   93 340 -353  0
4218500 2850500  4 16 10  11.9  999 189  3.8 6  8.1  99  110  196 333 -355  0
4218500 2850500  4 16 11  15.3  999 220  5.3 6  8.5  86   91  231 331 -356  0
4218500 2850500  4 16 12  14.5  998 231  6.7 6  7.8  73   26  239 336 -356  0
4218500 2850500  4 16 13  13.7  998 222  5.7 6  7.6  74   24  230 335 -355  0
4218500 2850500  4 16 14  13.8  998 226  4.1 6  7.9  79    2  191 336 -356  0
4218500 2850500  4 16 15  12.2  998 257  3.1 7  8.2  86    0   75 341 -356  0
4218500 2850500  4 16 16  11.8  998 251  4.3 7  8.4  94    0   68 343 -358  0
4218500 2850500  4 16 17  11.7  999 251  3.9 7  8.4  96    0   49 341 -360  0
4218500 2850500  4 16 18  11.8  999 251  3.6 7  8.6  98    0   49 342 -360  0
4218500 2850500  4 16 19  11.8  999 258  4.1 8  8.6  98    0   12 346 -360  0
4218500 2850500  4 16 20  11.4 1000 309  5.7 8  8.5  98    0    0 349 -359  0
4218500 2850500  4 16 21  10.6 1001 303  5.2 8  8.2  99    0    0 347 -358  0
4218500 2850500  4 16 22   9.9 1002 302  4.4 7  7.7  98    0    0 339 -356  0
4218500 2850500  4 16 23   9.8 1003 272  3.2 7  7.4  97    0    0 332 -352  0
4218500 2850500  4 16 24   9.9 1003 282  4.1 7  7.5  97    0    0 332 -347  0
4218500 2850500  4 17  1   9.2 1004 281  4.2 4  7.3  97    0    0 316 -344  0
4218500 2850500  4 17  2   8.5 1005 274  3.9 3  6.8  95    0    0 292 -343  0
4218500 2850500  4 17  3   8.0 1005 281  3.9 5  6.4  93    0    0 294 -343  0
4218500 2850500  4 17  4   7.9 1005 273  3.2 7  6.2  92    0    0 313 -342  0
4218500 2850500  4 17  5   7.9 1005 262  3.5 8  6.3  93    0    0 328 -341  0
4218500 2850500  4 17  6   8.0 1005 269  3.1 7  6.3  94    0    4 327 -341  0
4218500 2850500  4 17  7   8.0 1006 253  3.1 7  6.3  93    0   24 321 -343  0
4218500 2850500  4 17  8   8.6 1006 263  3.5 5  6.2  90   52  164 312 -349  0
4218500 2850500  4 17  9  10.6 1007 273  3.7 3  5.8  77  211  228 296 -357  0
4218500 2850500  4 17 10  11.5 1006 259  4.3 3  5.4  65  199  309 288 -364  0
4218500 2850500  4 17 11  11.7 1006 270  3.6 5  5.5  64   13  267 299 -373  0
4218500 2850500  4 17 12  11.6 1006 220  3.2 7  5.7  66    0  124 318 -383  0
4218500 2850500  4 17 13  11.2 1006 193  3.9 7  6.2  73    0  195 327 -390  0
4218500 2850500  4 17 14  12.1 1005 192  4.0 6  6.7  78   14  256 325 -390  0
4218500 2850500  4 17 15  12.6 1005 215  5.2 8  6.8  75    0  150 331 -393  0
4218500 2850500  4 17 16  13.1 1004 203  4.2 7  6.9  74    0  105 335 -392  0
4218500 2850500  4 17 17  10.2 1004 261  3.5 5  7.0  81   15  164 319 -382  0
4218500 2850500  4 17 18  11.2 1004 256  4.0 4  6.8  84   49  124 303 -375  0
4218500 2850500  4 17 19  10.6 1004 221  2.8 3  6.8  83    4   35 295 -370  0
4218500 2850500  4 17 20   8.9 1004 230  3.0 4  6.9  90    0    0 290 -365  0
4218500 2850500  4 17 21   9.1 1004 228  3.4 4  7.0  96    0    0 291 -362  0
4218500 2850500  4 17 22   8.4 1005 233  3.5 3  6.9  97    0    0 284 -360  0
4218500 2850500  4 17 23   8.0 1005 245  3.4 2  6.4  94    0    0 270 -359  0
4218500 2850500  4 17 24   6.9 1005 240  3.4 3  6.0  93    0    0 266 -358  0
4218500 2850500  4 18  1   7.0 1005 249  3.3 2  5.8  93    0    0 263 -356  0
4218500 2850500  4 18  2   7.1 1005 253  3.6 0  5.6  89    0    0 245 -354  0
4218500 2850500  4 18  3   6.1 1005 232  3.7 1  5.4  88    0    0 236 -351  0
4218500 2850500  4 18  4   6.0 1005 234  3.9 4  5.3  90    0    0 256 -348  0
4218500 2850500  4 18  5   5.6 1005 237  2.8 7  5.2  90    0    0 288 -344  0
4218500 2850500  4 18  6   5.6 1006 245  2.4 7  5.2  92    3   15 304 -340  0
4218500 2850500  4 18  7   6.9 1006 242  2.7 4  5.4  91   95   46 290 -341  0
4218500 2850500  4 18  8   9.0 1007 254  3.8 2  5.5  82  279   58 266 -347  0
4218500 2850500  4 18  9  10.4 1007 264  4.8 5  5.4  72  265  133 274 -355  0
4218500 2850500  4 18 10  11.7 1007 246  5.7 6  5.5  66  166  243 299 -366  0
4218500 2850500  4 18 11  12.5 1008 264  6.5 4  5.3  60  267  259 298 -378  0
4218500 2850500  4 18 12  13.3 1008 284  6.5 5  5.0  54   49  294 298 -388  0
4218500 2850500  4 18 13  13.8 1007 262  6.5 6  4.8  49   17  252 312 -396  0
4218500 2850500  4 18 14  13.5 1007 260  6.1 6  4.6  47   33  258 317 -397  0
4218500 2850500  4 18 15  14.3 1008 279  5.1 5  4.7  48  225  248 314 -394  0
4218500 2850500  4 18 16  13.9 1008 269  5.0 5  4.8  47  108  217 309 -390  0
4218500 2850500  4 18 17  13.8 1008 263  4.3 7  4.6  47   11  139 315 -383  0
4218500 2850500  4 18 18  13.3 1007 242  3.0 7  4.7  48    1   70 322 -376  0
4218500 2850500  4 18 19   9.9 1007 281  4.9 7  5.5  64    0   17 318 -367  0
4218500 2850500  4 18 20   9.8 1008 225  2.7 7  6.4  84    0    0 315 -360  0
4218500 2850500  4 18 21   9.8 1009 287  3.4 8  6.4  84    0    0 318 -355  0
4218500 2850500  4 18 22   8.9 1009 261  2.7 7  6.3  86    0    0 316 -351  0
4218500 2850500  4 18 23   8.8 1009 283  3.1 7  6.2  88    0    0 310 -350  0
4218500 2850500  4 18 24   8.5 1010 253  2.5 8  6.1  88    0    0 312 -349  0
4218500 2850500  4 19  1   8.6 1010 240  2.5 7  6.1  88    0    0 311 -348  0
4218500 2850500  4 19  2   8.0 1009 246  2.0 8  6.1  89    0    0 309 -346  0
4218500 2850500  4 19  3   7.6 1009 258  2.1 7  6.0  90    0    0 306 -345  0
4218500 2850500  4 19  4   7.1 1009 266  2.1 6  5.9  92    0    0 297 -344  0
4218500 2850500  4 19  5   6.3 1009 258  1.8 4  5.7  93    0    0 283 -342  0
4218500 2850500  4 19  6   6.1 1010 274  1.8 3  5.5  94   12   20 268 -340  0
4218500 2850500  4 19  7   7.1 1010 220  1.3 1  5.8  95  108   62 256 -338  0
4218500 2850500  4 19  8   9.4 1010 248  1.5 1  6.0  88  265   81 253 -343  0
4218500 2850500  4 19  9  10.8 1012 256  2.3 1  5.8  75  459   78 255 -354  0
4218500 2850500  4 19 10  11.9 1012 254  3.0 2  5.6  67  507  113 263 -368  0
4218500 2850500  4 19 11  13.0 1012 243  3.5 4  5.3  59  271  289 277 -383  0
4218500 2850500  4 19 12  14.0 1012 132  1.7 5  5.2  54  250  331 292 -396  0
4218500 2850500  4 19 13  14.1 1012 189  2.1 5  5.1  51  158  350 300 -404  0
4218500 2850500  4 19 14  14.6 1011 205  3.2 5  4.9  48   79  312 301 -406  0
4218500 2850500  4 19 15  14.7 1011 224  2.9 6  4.8  46    7  206 306 -408  0
4218500 2850500  4 19 16  14.4 1011 199  3.6 7  4.8  46   13  186 313 -410  0
4218500 2850500  4 19 17  14.4 1010 208  2.4 6  4.8  47   18  156 311 -404  0
4218500 2850500  4 19 18  14.3 1010 169  2.4 6  4.9  48   12   95 306 -394  0
4218500 2850500  4 19 19  13.5 1010 186  2.0 7  5.0  51    0   26 308 -382  0
4218500 2850500  4 19 20  11.4 1010 151  2.4 7  5.1  56    0    0 308 -372  0
4218500 2850500  4 19 21  10.3 1010 136  2.7 6  5.1  64    0    0 301 -366  0
4218500 2850500  4 19 22   9.1 1010 145  2.7 6  5.3  70    0    0 296 -363  0
4218500 2850500  4 19 23   8.8 1010 150  2.7 6  5.3  74    0    0 295 -360  0
4218500 2850500  4 19 24   9.1 1010 151  2.8 5  5.3  74    0    0 293 -358  0
4218500 2850500  4 20  1   8.7 1010 160  2.8 6  5.3  74    0    0 294 -356  0
4218500 2850500  4 20  2   8.2 1009 169  2.7 7  5.2  76    0    0 300 -355  0
4218500 2850500  4 20  3   7.1 1008 181  2.5 7  5.2  80    0    0 304 -354  0
4218500 2850500  4 20  4   6.5 1008 214  2.1 7  5.3  85    0    0 303 -353  0
4218500 2850500  4 20  5   6.0 1008 253  1.8 6  5.3  89    0    0 298 -354  0
4218500 2850500  4 20  6   6.0 1008 254  1.8 5  5.3  91   17   22 290 -353  0
4218500 2850500  4 20  7   8.2 1009 252  1.1 3  5.7  91   85   67 282 -355  0
4218500 2850500  4 20  8  11.6 1010 314  2.0 2  6.0  79  217   97 277 -362  0
4218500 2850500  4 20  9  13.8 1010 289  2.7 2  5.8  63  381  106 280 -373  0
4218500 2850500  4 20 10  15.0 1011 280  4.3 2  5.8  56  511  113 286 -389  0
4218500 2850500  4 20 11  16.1 1011 254  4.3 2  5.9  54  455  200 291 -406  0
4218500 2850500  4 20 12  17.0 1011 269  4.2 3  5.9  50  262  328 298 -420  0
4218500 2850500  4 20 13  16.9 1011 280  5.1 5  5.6  47  164  354 309 -426  0
4218500 2850500  4 20 14  18.0 1011 284  5.0 5  5.4  44  177  333 317 -429  0
4218500 2850500  4 20 15  18.2 1011 275  4.5 3  5.4  42  224  281 314 -430  0
4218500 2850500  4 20 16  17.8 1011 270  4.0 4  5.4  42  125  245 310 -426  0
4218500 2850500  4 20 17  17.2 1011 292  3.2 3  5.3  42   92  180 305 -419  0
4218500 2850500  4 20 18  16.7 1011 316  2.5 4  5.3  44   40  110 301 -408  0
4218500 2850500  4 20 19  15.5 1011 319  1.8 6  5.3  46    1   29 308 -394  0
4218500 2850500  4 20 20  13.2 1011  18  1.7 6  5.4  53    0    0 307 -379  0
4218500 2850500  4 20 21  12.1 1012  56  2.3 4  5.6  61    0    0 293 -368  0
4218500 2850500  4 20 22  11.8 1012  89  3.0 3  5.9  67    0    0 281 -363  0
4218500 2850500  4 20 23  11.3 1013  92  2.7 4  6.0  71    0    0 280 -359  0
4218500 2850500  4 20 24  10.4 1013  91  3.2 4  6.0  74    0    0 282 -357  0
4218500 2850500  4 21  1  10.0 1013  88  2.7 5  6.2  79    0    0 285 -353  0
4218500 2850500  4 21  2   9.3 1013 111  2.3 5  6.3  84    0    0 286 -351  0
4218500 2850500  4 21  3   8.3 1012  92  2.6 5  6.2  88    0    0 285 -350  0
4218500 2850500  4 21  4   8.4 1012 103  2.6 5  6.2  91    0    0 283 -348  0
4218500 2850500  4 21  5   7.8 1012 108  2.8 6  6.2  92    0    0 286 -346  0
4218500 2850500  4 21  6   8.7 1012  83  2.5 8  6.4  94    0    3 295 -346  0
4218500 2850500  4 21  7   9.9 1013 103  2.8 6  6.7  91    3   62 298 -349  0
4218500 2850500  4 21  8  10.6 1013 114  2.7 7  6.6  84    7  128 298 -357  0
4218500 2850500  4 21  9  12.6 1013 119  3.1 6  6.5  77  120  233 302 -371  0
4218500 2850500  4 21 10  15.6 1013 118  3.1 5  6.6  66  271  263 305 -387  0
4218500 2850500  4 21 11  17.8 1013 127  3.4 6  6.5  55  228  333 315 -404  0
4218500 2850500  4 21 12  19.0 1013 122  3.5 6  6.3  48  217  369 324 -419  0
4218500 2850500  4 21 13  19.7 1012 145  3.6 6  6.1  43  151  379 329 -431  0
4218500 2850500  4 21 14  20.0 1012 166  2.9 6  5.7  40  134  360 330 -436  0
4218500 2850500  4 21 15  19.8 1011 117  2.1 6  5.6  38   88  315 330 -436  0
4218500 2850500  4 21 16  20.1 1011 219  1.6 7  5.6  39   35  232 333 -433  0
4218500 2850500  4 21 17  19.9 1011 190  2.1 7  5.5  38    0   93 334 -427  0
4218500 2850500  4 21 18  18.0 1011 310  1.1 7  5.7  42    0   59 331 -416  0
4218500 2850500  4 21 19  16.0 1010 337  2.9 7  6.4  53    0    9 326 -403  0
4218500 2850500  4 21 20  13.6 1011  84  3.1 8  7.5  71    0    0 327 -389  0
4218500 2850500  4 21 21  12.5 1011  77  2.8 7  8.1  86    0    0 325 -379  0
4218500 2850500  4 21 22  12.3 1011  93  2.9 6  7.6  84    0    0 317 -374  0
4218500 2850500  4 21 23  13.2 1011 170  3.3 6  7.2  78    0    0 314 -369  0
4218500 2850500  4 21 24  12.8 1011 160  2.7 7  7.1  76    0    0 319 -365  0
4218500 2850500  4 22  1  11.0 1011  31  2.0 6  7.2  82    0    0 317 -362  0
4218500 2850500  4 22  2  10.0 1010  15  2.2 5  7.0  89    0    0 305 -360  0
4218500 2850500  4 22  3   9.5 1010  40  2.9 5  6.9  92    0    0 300 -360  0
4218500 2850500  4 22  4  10.2 1010  68  3.1 5  7.1  94    0    0 302 -359  0
4218500 2850500  4 22  5  10.2 1010  92  2.7 7  7.3  94    0    0 312 -358  0
4218500 2850500  4 22  6   9.8 1010  94  1.8 7  7.3  95    3   18 320 -358  0
4218500 2850500  4 22  7  10.3 1010  50  2.9 7  7.4  96    4   61 321 -360  0
4218500 2850500  4 22  8  11.3 1011 354  2.6 6  7.9  97    8  124 319 -366  0
4218500 2850500  4 22  9  12.4 1011  37  3.1 6  8.2  94   32  203 318 -376  0
4218500 2850500  4 22 10  12.7 1011 254  1.9 7  8.0  88    0  171 324 -391  0
4218500 2850500  4 22 11  12.9 1011 331  2.8 7  7.9  86    0  188 329 -407  0
4218500 2850500  4 22 12  12.7 1011 268  2.1 8  8.4  90    0  125 335 -420  0
4218500 2850500  4 22 13  12.1 1011 299  2.5 7  8.5  94    0  119 336 -432  0
4218500 2850500  4 22 14  11.7 1011 341  1.8 6  8.4  97    2  208 329 -438  0
4218500 2850500  4 22 15  13.4 1011   6  0.9 7  8.6  94   67  271 331 -440  0
4218500 2850500  4 22 16  14.5 1011 259  1.4 8  8.4  85   28  209 339 -436  0
4218500 2850500  4 22 17  14.5 1010 307  0.8 5  7.8  76   78  173 333 -429  0
4218500 2850500  4 22 18  14.1 1010 333  1.1 3  7.5  74  120   86 315 -421  0
4218500 2850500  4 22 19  13.1 1010   4  2.1 6  7.6  78   14   39 316 -409  0
4218500 2850500  4 22 20  12.5 1010  22  2.2 7  7.7  83    0    0 328 -397  0
4218500 2850500  4 22 21  11.6 1010  37  2.0 7  8.0  91    0    0 333 -387  0
4218500 2850500  4 22 22  11.5 1011 319  1.0 7  8.3  97    0    0 332 -381  0
4218500 2850500  4 22 23  10.9 1011  19  1.5 7  8.2  98    0    0 332 -378  0
4218500 2850500  4 22 24  10.4 1010 305  1.2 6  7.9  99    0    0 325 -376  0
4218500 2850500  4 23  1  10.0 1010 350  1.3 6  7.7  98    0    0 321 -374  0
4218500 2850500  4 23  2   9.1 1010 275  1.7 5  7.4  99    0    0 314 -371  0
4218500 2850500  4 23  3   9.7 1010 287  2.4 7  7.3  99    0    0 318 -369  0
4218500 2850500  4 23  4   9.6 1010 293  2.2 6  7.3  98    0    0 323 -370  0
4218500 2850500  4 23  5   9.1 1010 308  1.7 7  7.2  97    0    0 323 -371  0
4218500 2850500  4 23  6   9.4 1010  38  1.6 6  7.1  98    0    5 323 -372  0
4218500 2850500  4 23  7  10.1 1010  85  1.9 8  7.3  97    0   22 329 -374  0
4218500 2850500  4 23  8  10.4 1010 109  1.5 7  7.5  96    0   68 335 -378  0
4218500 2850500  4 23  9  11.1 1010 136  1.7 8  7.8  96    0  137 337 -387  0
4218500 2850500  4 23 10  12.8 1010 179  1.6 7  7.9  90   34  258 341 -397  0
4218500 2850500  4 23 11  13.5 1010 213  2.6 6  7.5  79  172  302 336 -406  0
4218500 2850500  4 23 12  13.8 1011 242  2.0 6  7.2  74   71  324 334 -415  0
4218500 2850500  4 23 13  13.8 1011 271  2.4 6  7.1  72   63  319 336 -422  0
4218500 2850500  4 23 14  14.3 1011 285  2.8 6  7.2  72  239  304 338 -420  0
4218500 2850500  4 23 15  15.3 1010 308  2.3 6  7.1  68  116  289 340 -411  0
4218500 2850500  4 23 16  15.7 1010 234  2.3 7  6.9  62    9  187 343 -405  0
4218500 2850500  4 23 17  15.2 1010 263  2.2 5  6.6  60  109  172 336 -406  0
4218500 2850500  4 23 18  14.6 1010 285  3.6 3  6.8  64   50  108 319 -404  0
4218500 2850500  4 23 19  13.2 1010 292  3.5 4  6.7  68    4   37 312 -397  0
4218500 2850500  4 23 20  11.8 1011 300  3.7 4  6.4  71    0    0 311 -390  0
4218500 2850500  4 23 21  10.6 1011 294  3.1 5  6.3  76    0    0 310 -386  0
4218500 2850500  4 23 22   9.8 1012 291  2.7 4  6.1  79    0    0 307 -384  0
4218500 2850500  4 23 23   9.4 1012 288  2.7 5  6.2  83    0    0 307 -383  0
4218500 2850500  4 23 24   9.1 1012 272  2.2 6  6.3  87    0    0 315 -383  0
4218500 2850500  4 24  1   8.6 1012 267  2.2 5  6.4  90    0    0 314 -381  0
4218500 2850500  4 24  2   8.6 1012 259  2.4 6  6.5  93    0    0 314 -379  0
4218500 2850500  4 24  3   8.4 1012 286  3.2 7  6.6  96    0    0 322 -375  0
4218500 2850500  4 24  4   8.3 1012 277  3.0 8  6.7  98    0    0 329 -371  0
4218500 2850500  4 24  5   8.4 1013 301  3.1 8  6.7  98    0    0 333 -371  0
4218500 2850500  4 24  6   8.7 1013 269  1.9 8  6.8  98    0    5 334 -373  0
4218500 2850500  4 24  7   9.4 1013 263  2.7 7  7.1  98    0   40 332 -377  0
4218500 2850500  4 24  8  10.0 1015 280  2.7 7  7.1  95    2  110 330 -382  0
4218500 2850500  4 24  9  10.2 1015 298  2.1 7  7.0  91    1  148 331 -385  0
4218500 2850500  4 24 10  10.9 1015 296  2.5 7  6.8  86    7  226 332 -389  0
4218500 2850500  4 24 11  11.6 1016 284  2.3 7  6.8  82   11  265 334 -403  0
4218500 2850500  4 24 12  12.2 1016 305  3.4 7  6.9  79    3  242 337 -418  0
4218500 2850500  4 24 13  13.1 1016 349  2.4 8  6.8  74    0  193 343 -428  0
4218500 2850500  4 24 14  13.4 1016 294  2.7 8  6.6  70    9  251 348 -431  0
4218500 2850500  4 24 15  14.1 1016 259  2.0 5  6.3  65   70  296 334 -436  0
4218500 2850500  4 24 16  14.0 1016 209  1.6 6  6.1  61   51  244 325 -439  0
4218500 2850500  4 24 17  14.2 1016 321  0.0 5  6.1  61  100  186 322 -433  0
4218500 2850500  4 24 18  14.3 1016  84  0.9 5  6.2  61   66  114 316 -423  0
4218500 2850500  4 24 19  13.4 1015  96  0.9 5  6.2  63   14   42 312 -411  0
4218500 2850500  4 24 20  11.3 1016 278  0.9 3  6.3  70    0    0 299 -399  0
4218500 2850500  4 24 21   9.9 1016  73  1.5 1  6.3  79    0    0 277 -388  0
4218500 2850500  4 24 22   8.3 1015  72  2.1 1  6.3  88    0    0 264 -381  0
4218500 2850500  4 24 23   8.6 1015  92  2.4 1  6.4  92    0    0 262 -377  0
4218500 2850500  4 24 24   8.7 1015 102  2.7 0  6.4  91    0    0 260 -373  0
4218500 2850500  4 25  1   7.1 1015  87  2.6 1  6.2  94    0    0 260 -370  0
4218500 2850500  4 25  2   7.2 1015  97  3.0 1  6.0  96    0    0 263 -368  0
4218500 2850500  4 25  3   6.9 1015 115  2.6 1  6.0  95    0    0 262 -366  0
4218500 2850500  4 25  4   6.4 1015 124  2.5 1  5.9  97    0    0 262 -364  0
4218500 2850500  4 25  5   6.1 1015 117  2.8 0  5.8  99    0    0 257 -364  0
4218500 2850500  4 25  6   6.1 1014 114  2.4 1  5.8  99   25   29 253 -363  0
4218500 2850500  4 25  7   8.5 1014 115  2.0 0  6.2  98  127   71 252 -366  0
4218500 2850500  4 25  8  11.7 1016 135  2.3 0  6.6  86  262   98 253 -377  0
4218500 2850500  4 25  9  14.0 1016 124  2.7 0  6.6  72  413  112 262 -393  0
4218500 2850500  4 25 10  16.1 1015 112  3.1 0  6.6  62  544  116 276 -411  0
4218500 2850500  4 25 11  17.3 1015 150  2.6 1  6.4  54  612  136 290 -431  0
4218500 2850500  4 25 12  18.4 1015 129  2.8 1  6.2  48  660  144 301 -448  0
4218500 2850500  4 25 13  19.3 1014 140  2.2 1  5.9  44  657  152 308 -461  0
4218500 2850500  4 25 14  20.2 1014 156  2.3 1  5.7  40  628  144 315 -469  0
4218500 2850500  4 25 15  20.5 1014 240  2.2 1  5.7  39  529  150 319 -471  0
4218500 2850500  4 25 16  21.2 1013 271  2.2 1  5.9  38  390  154 320 -468  0
4218500 2850500  4 25 17  21.4 1013 347  0.7 1  6.1  38  235  145 318 -459  0
4218500 2850500  4 25 18  20.8 1013 236  1.5 1  6.1  39  107  108 313 -447  0
4218500 2850500  4 25 19  19.3 1013 171  1.7 2  6.0  41   13   45 309 -433  0
4218500 2850500  4 25 20  16.4 1013 141  1.8 3  6.1  48    0    0 310 -420  0
4218500 2850500  4 25 21  14.4 1013  83  2.9 2  6.5  60    0    0 306 -409  0
4218500 2850500  4 25 22  13.6 1014  95  2.6 2  6.7  67    0    0 299 -399  0
4218500 2850500  4 25 23  13.3 1013  81  2.6 1  6.4  67    0    0 292 -392  0
4218500 2850500  4 25 24  11.1 1013 102  2.4 1  6.2  70    0    0 283 -386  0
4218500 2850500  4 26  1  11.1 1014 114  3.0 1  6.3  77    0    0 282 -381  0
4218500 2850500  4 26  2  11.2 1013 113  2.8 3  6.6  80    0    0 291 -379  0
4218500 2850500  4 26  3  11.0 1013 110  2.6 5  6.6  81    0    0 306 -377  0
4218500 2850500  4 26  4  10.0 1013 105  2.6 5  6.6  84    0    0 311 -376  0
4218500 2850500  4 26  5  10.9 1013 112  2.6 5  6.9  87    0    0 311 -375  0
4218500 2850500  4 26  6  11.1 1013 108  2.4 7  7.1  87    0   10 322 -373  0
4218500 2850500  4 26  7  12.8 1013 116  2.6 7  7.1  82    0   30 334 -376  0
4218500 2850500  4 26  8  13.8 1013 120  2.8 6  7.2  76    0   83 331 -385  0
4218500 2850500  4 26  9  15.4 1013 127  2.6 6  7.4  71   10  211 330 -402  0
4218500 2850500  4 26 10  16.6 1013 153  2.5 7  7.6  67   18  273 341 -421  0
4218500 2850500  4 26 11  19.5 1013 179  2.9 8  7.8  60   35  335 358 -439  0
4218500 2850500  4 26 12  20.1 1012 156  3.4 8  7.8  54    5  266 370 -455  0
4218500 2850500  4 26 13  20.4 1012 127  2.5 5  7.8  52   38  350 360 -466  0
4218500 2850500  4 26 14  21.4 1012 121  2.7 5  7.8  51  132  401 350 -473  0
4218500 2850500  4 26 15  22.5 1011  65  3.7 3  7.6  46  279  346 346 -466  0
4218500 2850500  4 26 16  22.4 1010  70  3.3 3  7.4  44  251  282 337 -443  0
4218500 2850500  4 26 17  22.1 1010  79  2.2 4  7.4  44  113  224 337 -430  0
4218500 2850500  4 26 18  20.5 1010  72  2.1 5  7.4  47   23  127 341 -428  0
4218500 2850500  4 26 19  19.7 1010  49  2.8 7  7.5  51    5   44 352 -418  0
4218500 2850500  4 26 20  19.1 1010 319  1.9 7  7.4  52    0    0 359 -408  0
4218500 2850500  4 26 21  18.1 1011 326  2.7 8  7.5  56    0    0 363 -401  0
4218500 2850500  4 26 22  17.5 1011 346  2.6 8  7.9  62    0    0 367 -394  0
4218500 2850500  4 26 23  16.5 1012 280  2.7 8  8.3  68    0    0 365 -389  0
4218500 2850500  4 26 24  15.6 1012 282  2.8 7  8.7  76    0    0 356 -386  0
4218500 2850500  4 27  1  14.9 1012 283  2.4 8  9.2  84    0    0 355 -383  0
4218500 2850500  4 27  2  14.1 1012 322  2.6 8  9.5  91    0    0 360 -383  0
4218500 2850500  4 27  3  13.6 1012 317  2.3 8  9.5  96    0    0 357 -382  0
4218500 2850500  4 27  4  13.5 1012 340  2.4 8  9.5  97    0    0 356 -382  0
4218500 2850500  4 27  5  13.4 1012 336  1.6 8  9.4  97    0    0 355 -381  0
4218500 2850500  4 27  6  13.5 1012 339  1.9 8  9.4  97    0   18 354 -380  0
4218500 2850500  4 27  7  13.6 1012 244  1.6 7  9.4  97    2   69 348 -380  0
4218500 2850500  4 27  8  13.8 1012  20  1.1 8  9.5  97    0   80 347 -382  0
4218500 2850500  4 27  9  14.1 1012  12  1.6 8  9.7  97    0   87 354 -384  0
4218500 2850500  4 27 10  14.5 1013 355  1.9 8  9.8  96    0  123 356 -384  0
4218500 2850500  4 27 11  14.7 1013 330  2.3 8 10.0  96    0  116 357 -385  0
4218500 2850500  4 27 12  14.9 1013 334  2.5 7 10.0  94    0  140 352 -388  0
4218500 2850500  4 27 13  14.8 1013 329  2.4 8  9.9  93    0  140 354 -389  0
4218500 2850500  4 27 14  15.4 1013 345  3.3 8  9.9  92    0  175 360 -388  0
4218500 2850500  4 27 15  15.5 1012 338  4.2 7  9.6  88    0  186 356 -388  0
4218500 2850500  4 27 16  14.8 1012 331  5.1 7  9.5  88    0  128 350 -388  0
4218500 2850500  4 27 17  14.4 1012 344  4.5 7  9.3  89    0  113 349 -387  0
4218500 2850500  4 27 18  13.9 1012 355  4.9 7  9.0  89    0   68 348 -385  0
4218500 2850500  4 27 19  13.5 1012 349  4.7 8  8.7  89    0   22 351 -382  0
4218500 2850500  4 27 20  12.9 1013 350  4.1 8  8.6  90    0    0 354 -379  0
4218500 2850500  4 27 21  12.0 1013 358  5.3 8  8.2  91    0    0 351 -371  0
4218500 2850500  4 27 22  11.1 1014   1  4.2 8  7.8  92    0    0 347 -361  0
4218500 2850500  4 27 23  10.5 1014 351  4.2 8  7.4  92    0    0 344 -353  0
4218500 2850500  4 27 24   9.8 1014 351  3.6 8  7.0  90    0    0 341 -348  0
4218500 2850500  4 28  1   9.2 1014 360  4.0 6  6.7  90    0    0 329 -344  0
4218500 2850500  4 28  2   8.9 1013 354  4.0 6  6.4  89    0    0 317 -341  0
4218500 2850500  4 28  3   8.6 1013 344  4.0 7  6.2  88    0    0 321 -337  0
4218500 2850500  4 28  4   7.4 1013 344  4.3 7  5.9  88    0    0 322 -333  0
4218500 2850500  4 28  5   6.7 1012 338  4.2 7  5.6  90    0    0 317 -331  0
4218500 2850500  4 28  6   7.2 1012 351  3.3 7  5.7  92    0   18 314 -330  0
4218500 2850500  4 28  7   7.9 1012 343  3.9 7  5.7  87   23   81 312 -333  0
4218500 2850500  4 28  8   8.7 1012 359  3.6 7  5.3  78   34  153 309 -341  0
4218500 2850500  4 28  9  10.0 1012   6  3.9 5  5.0  68  306  147 300 -352  0
4218500 2850500  4 28 10  12.3 1013 341  3.8 3  4.7  57  606   63 285 -367  0
4218500 2850500  4 28 11  13.5 1013   1  4.6 2  4.4  47  653   91 276 -382  0
4218500 2850500  4 28 12  13.0 1012 318  4.1 3  4.3  46  320  307 277 -394  0
4218500 2850500  4 28 13  13.7 1011 295  4.5 4  4.3  45  170  352 288 -402  0
4218500 2850500  4 28 14  14.6 1011 310  3.9 6  4.3  43   56  311 304 -404  0
4218500 2850500  4 28 15  13.6 1010 290  4.3 4  4.1  40  124  296 303 -402  0
4218500 2850500  4 28 16  14.6 1010 336  4.7 4  3.9  39  109  245 293 -399  0
4218500 2850500  4 28 17  13.4 1009 285  4.5 5  3.8  38   75  183 296 -390  0
4218500 2850500  4 28 18  13.4 1009 293  3.6 6  3.7  39   42  115 302 -379  0
4218500 2850500  4 28 19  12.1 1009 305  4.3 6  3.8  42   16   43 303 -370  0
4218500 2850500  4 28 20  10.3 1009 319  3.1 6  3.8  46    0    0 298 -360  0
4218500 2850500  4 28 21   9.1 1009 329  2.6 6  3.8  51    0    0 291 -354  0
4218500 2850500  4 28 22   8.4 1009 323  2.0 5  3.9  56    0    0 283 -352  0
4218500 2850500  4 28 23   8.7 1008   6  2.4 5  4.1  59    0    0 279 -351  0
4218500 2850500  4 28 24   7.9 1008 354  1.8 6  4.2  62    0    0 283 -349  0
4218500 2850500  4 29  1   8.4 1007  33  2.3 6  4.3  64    0    0 289 -348  0
4218500 2850500  4 29  2   7.9 1007  69  2.7 6  4.5  66    0    0 290 -346  0
4218500 2850500  4 29  3   7.8 1006  79  2.3 7  4.6  70    0    0 295 -344  0
4218500 2850500  4 29  4   7.5 1006 268  2.1 8  4.8  73    0    0 304 -343  0
4218500 2850500  4 29  5   6.9 1005 280  3.5 8  5.1  80    0    0 307 -343  0
4218500 2850500  4 29  6   6.5 1005 292  3.4 8  5.4  88    0    7 307 -342  0
4218500 2850500  4 29  7   6.8 1005 306  3.4 7  5.6  91    0   42 301 -342  0
4218500 2850500  4 29  8   7.1 1005 313  2.5 7  5.5  88    7  147 296 -344  0
4218500 2850500  4 29  9   7.7 1005 285  2.0 7  5.5  85    5  193 298 -349  0
4218500 2850500  4 29 10   8.2 1006 280  2.1 7  5.5  81    0  192 300 -358  0
4218500 2850500  4 29 11   8.3 1007 298  2.4 8  5.6  82    0  193 308 -364  0
4218500 2850500  4 29 12   7.8 1006 271  3.1 8  5.7  85    0  120 312 -369  0
4218500 2850500  4 29 13   7.2 1006 271  3.2 8  5.7  88    0  121 311 -376  0
4218500 2850500  4 29 14   6.6 1005 264  2.8 7  5.7  91    0  151 304 -382  0
4218500 2850500  4 29 15   6.6 1005 272  3.0 8  5.6  92    0  129 302 -386  0
4218500 2850500  4 29 16   6.6 1006 305  2.1 7  5.5  90    0  135 302 -387  0
4218500 2850500  4 29 17   6.7 1006 297  2.2 8  5.4  89    0   82 303 -383  0
4218500 2850500  4 29 18   6.6 1006 238  1.7 8  5.5  90    0   41 308 -375  0
4218500 2850500  4 29 19   6.4 1006 270  1.2 8  5.5  91    0   15 308 -369  0
4218500 2850500  4 29 20   6.1 1006 169  2.3 7  5.5  93    0    0 303 -364  0
4218500 2850500  4 29 21   6.1 1006 144  2.6 8  5.6  94    0    0 302 -356  0
4218500 2850500  4 29 22   6.1 1007 184  2.7 6  5.6  95    0    0 298 -350  0
4218500 2850500  4 29 23   5.1 1007 216  2.9 5  5.4  96    0    0 281 -348  0
4218500 2850500  4 29 24   4.5 1007 190  2.4 4  5.2  96    0    0 270 -348  0
4218500 2850500  4 30  1   4.1 1007 179  2.6 5  5.0  97    0    0 269 -348  0
4218500 2850500  4 30  2   3.7 1007 186  2.5 5  5.0  99    0    0 274 -347  0
4218500 2850500  4 30  3   3.6 1007 141  2.6 5  4.9  99    0    0 275 -346  0
4218500 2850500  4 30  4   3.4 1007 151  2.9 5  4.8  98    0    0 276 -345  0
4218500 2850500  4 30  5   3.3 1007 174  2.0 7  4.8  98    0    1 286 -343  0
4218500 2850500  4 30  6   3.7 1007 186  2.5 7  4.8  98    0    9 297 -343  0
4218500 2850500  4 30  7   4.5 1007 186  2.8 7  5.1  99    0   53 300 -348  0
4218500 2850500  4 30  8   5.5 1008 172  2.3 7  5.3  97   13  137 303 -356  0
4218500 2850500  4 30  9   7.0 1008 172  2.0 6  5.5  92    9  186 303 -366  0
4218500 2850500  4 30 10   7.4 1008 160  2.5 7  5.4  85    2  201 306 -374  0
4218500 2850500  4 30 11   8.0 1009 163  3.4 7  5.2  80   32  290 314 -381  0
4218500 2850500  4 30 12   8.8 1009 180  4.2 7  5.1  74   86  329 317 -388  0
4218500 2850500  4 30 13  10.3 1010 168  3.5 6  4.9  66  138  337 315 -390  0
4218500 2850500  4 30 14  10.9 1009 163  3.9 5  4.7  59  295  280 313 -391  0
4218500 2850500  4 30 15  11.7 1010 180  3.8 4  4.4  53  313  227 309 -394  0
4218500 2850500  4 30 16  12.1 1009 163  3.9 4  4.2  48  299  169 308 -391  0
4218500 2850500  4 30 17  12.6 1009 146  3.3 3  4.1  46  359   73 305 -385  0
4218500 2850500  4 30 18  11.8 1009 115  3.0 3  3.9  44  167   71 299 -378  0
4218500 2850500  4 30 19  10.7 1009 139  2.7 4  3.8  46   32   41 298 -373  0
4218500 2850500  4 30 20   8.9 1009 265  3.3 5  3.9  52    0    0 300 -369  0
4218500 2850500  4 30 21   8.8 1010 235  1.8 5  4.2  60    0    0 301 -366  0
4218500 2850500  4 30 22   7.4 1009  19  1.9 4  4.6  68    0    0 295 -364  0
4218500 2850500  4 30 23   5.9 1009  92  2.4 4  4.8  78    0    0 286 -362  0
4218500 2850500  4 30 24   6.1 1009 118  2.9 4  5.0  86    0    0 284 -360  0
4218500 2850500  5  1  1   5.5 1009 123  3.1 6  5.1  90    0    0 304 -359  0
4218500 2850500  5  1  2   5.8 1009 124  3.2 6  5.1  90    0    0 303 -359  0
4218500 2850500  5  1  3   5.3 1008 118  2.7 7  5.2  91    0    0 308 -358  0
4218500 2850500  5  1  4   5.1 1008 135  2.6 7  5.1  93    0    0 312 -357  0
4218500 2850500  5  1  5   4.9 1008 113  2.2 8  5.1  93    0    3 316 -357  0
4218500 2850500  5  1  6   4.5 1008 120  2.5 8  5.1  95   15   40 321 -357  0
4218500 2850500  5  1  7   6.2 1008 118  3.1 4  5.3  94  132   86 303 -356  0
4218500 2850500  5  1  8   8.1 1008 122  2.7 3  5.5  87  287  105 283 -357  0
4218500 2850500  5  1  9  10.4 1009 107  3.6 2  5.4  74  428  117 279 -362  0
4218500 2850500  5  1 10  12.0 1009 114  2.9 2  5.2  62  550  127 278 -372  0
4218500 2850500  5  1 11  12.5 1009 187  2.4 2  4.9  56  630  140 280 -379  0
4218500 2850500  5  1 12  14.4 1008 126  2.7 2  4.7  49  454  274 285 -383  0
4218500 2850500  5  1 13  15.0 1008 114  2.5 3  4.5  43  309  344 295 -388  0
4218500 2850500  5  1 14  15.9 1007 114  2.6 5  4.3  39  158  353 313 -393  0
4218500 2850500  5  1 15  14.3 1007 163  2.1 6  4.2  39   19  244 322 -394  0
4218500 2850500  5  1 16  15.6 1007 172  3.2 3  4.1  39  250  235 310 -388  0
4218500 2850500  5  1 17  15.7 1007 142  3.2 2  4.3  39  250  155 290 -382  0
4218500 2850500  5  1 18  14.7 1007 143  3.3 1  4.3  40  122  120 274 -380  0
4218500 2850500  5  1 19  12.4 1007 115  3.4 3  4.4  45   25   61 268 -374  0
4218500 2850500  5  1 20  11.3 1007 118  3.7 5  4.7  54    0    0 281 -368  0
4218500 2850500  5  1 21  10.7 1007 109  3.8 7  5.0  60    0    0 303 -362  0
4218500 2850500  5  1 22   9.7 1007 117  4.5 7  5.1  66    0    0 314 -360  0
4218500 2850500  5  1 23   9.6 1007 133  3.8 7  5.2  69    0    0 314 -359  0
4218500 2850500  5  1 24   9.6 1007 129  3.1 8  5.3  70    0    0 321 -357  0
4218500 2850500  5  2  1   9.4 1007 172  2.7 8  5.3  71    0    0 324 -354  0
4218500 2850500  5  2  2   9.2 1007 153  2.2 8  5.3  72    0    0 323 -350  0
4218500 2850500  5  2  3   9.3 1007 163  2.4 8  5.3  72    0    0 322 -346  0
4218500 2850500  5  2  4   9.2 1008 169  2.8 8  5.3  72    0    0 323 -343  0
4218500 2850500  5  2  5   8.9 1008 190  3.0 8  5.6  78    0    3 324 -340  0
4218500 2850500  5  2  6   8.8 1008 182  2.9 7  6.1  86   11   35 321 -339  0
4218500 2850500  5  2  7  10.0 1009 193  3.2 4  6.7  90  140   64 303 -343  0
4218500 2850500  5  2  8  11.6 1009 230  3.3 6  6.9  85   75  160 302 -353  0
4218500 2850500  5  2  9  12.5 1010 224  3.4 7  6.9  78   25  212 321 -366  0
4218500 2850500  5  2 10  14.3 1010 239  3.5 5  6.8  71  322  211 318 -379  0
4218500 2850500  5  2 11  14.1 1011 217  3.0 6  6.8  68   95  312 316 -392  0
4218500 2850500  5  2 12  15.0 1011 210  3.5 6  6.7  65   33  294 321 -403  0
4218500 2850500  5  2 13  15.8 1011 239  2.8 4  6.5  60  144  338 317 -412  0
4218500 2850500  5  2 14  16.8 1011 206  3.4 5  6.4  55  116  316 317 -417  0
4218500 2850500  5  2 15  17.5 1012 233  2.3 5  6.2  51  100  273 320 -420  0
4218500 2850500  5  2 16  17.4 1012 245  2.5 4  5.9  47  161  225 315 -418  0
4218500 2850500  5  2 17  17.4 1012 202  2.1 3  5.7  46  230  137 308 -411  0
4218500 2850500  5  2 18  17.5 1013 169  1.9 2  5.6  45  139   96 301 -400  0
4218500 2850500  5  2 19  16.2 1013 169  1.6 1  5.4  46   30   55 293 -388  0
4218500 2850500  5  2 20  13.8 1013 143  2.0 1  5.4  51    0    0 285 -377  0
4218500 2850500  5  2 21  11.1 1014 130  2.4 1  5.6  62    0    0 277 -369  0
4218500 2850500  5  2 22   9.9 1014 137  2.3 1  5.7  72    0    0 271 -364  0
4218500 2850500  5  2 23  10.2 1014 114  2.7 1  5.7  74    0    0 270 -360  0
4218500 2850500  5  2 24   8.1 1014 105  2.8 0  5.7  79    0    0 264 -357  0
4218500 2850500  5  3  1   7.6 1014 120  2.6 1  5.9  90    0    0 260 -354  0
4218500 2850500  5  3  2   7.9 1014 119  2.7 1  6.1  92    0    0 263 -351  0
4218500 2850500  5  3  3   6.9 1014 109  2.6 1  5.9  92    0    0 262 -349  0
4218500 2850500  5  3  4   6.4 1014 104  2.4 1  5.9  96    0    0 260 -348  0
4218500 2850500  5  3  5   6.6 1015 116  3.1 1  5.8  96    0    4 260 -347  0
4218500 2850500  5  3  6   7.8 1015 115  2.6 1  6.1  96   34   43 262 -347  0
4218500 2850500  5  3  7  10.3 1016 102  1.9 0  6.8  94  158   77 264 -352  0
4218500 2850500  5  3  8  13.3 1017 128  2.4 0  7.2  84  305   95 267 -363  0
4218500 2850500  5  3  9  17.0 1017 112  2.5 0  7.2  67  455  104 277 -377  0
4218500 2850500  5  3 10  19.4 1017 109  3.7 0  7.1  54  581  109 289 -392  0
4218500 2850500  5  3 11  20.4 1017 122  3.6 0  6.9  48  671  114 298 -409  0
4218500 2850500  5  3 12  21.6 1016 150  4.2 1  6.4  41  692  131 307 -424  0
4218500 2850500  5  3 13  22.3 1016 161  3.5 1  6.1  38  622  181 314 -435  0
4218500 2850500  5  3 14  23.0 1016 132  3.2 1  6.3  37  599  170 318 -442  0
4218500 2850500  5  3 15  23.2 1016 163  3.2 1  6.2  35  506  174 320 -443  0
4218500 2850500  5  3 16  23.4 1016 136  3.0 1  6.0  34  379  173 320 -440  0
4218500 2850500  5  3 17  23.2 1016 134  3.2 1  5.8  32  252  151 318 -433  0
4218500 2850500  5  3 18  22.4 1016 124  2.5 1  5.7  33  132  115 314 -422  0
4218500 2850500  5  3 19  20.6 1016 109  3.3 1  5.7  36   25   61 309 -407  0
4218500 2850500  5  3 20  18.7 1017  85  3.9 1  5.7  40    0    1 303 -392  0
4218500 2850500  5  3 21  17.4 1017  86  4.2 1  5.9  46    0    0 298 -381  0
4218500 2850500  5  3 22  16.6 1018  97  4.0 1  6.3  53    0    0 295 -373  0
4218500 2850500  5  3 23  15.6 1018  98  4.0 0  6.6  58    0    0 290 -370  0
4218500 2850500  5  3 24  14.7 1018  97  3.9 0  6.7  62    0    0 284 -367  0
4218500 2850500  5  4  1  13.8 1019  99  3.8 1  6.6  66    0    0 284 -364  0
4218500 2850500  5  4  2  13.3 1019  95  4.0 1  6.7  69    0    0 283 -362  0
4218500 2850500  5  4  3  13.3 1019  95  3.6 1  6.7  71    0    0 282 -359  0
4218500 2850500  5  4  4  11.8 1019  88  3.1 1  6.7  74    0    0 279 -357  0
4218500 2850500  5  4  5  11.0 1019  79  3.0 3  6.8  81    0    2 278 -354  0
4218500 2850500  5  4  6  11.6 1020  87  2.8 4  7.0  84   12   39 285 -353  0
4218500 2850500  5  4  7  13.3 1020  96  2.8 4  7.3  82  107   94 290 -356  0
4218500 2850500  5  4  8  15.3 1021 112  2.7 2  7.6  75  271  108 288 -364  0
4218500 2850500  5  4  9  17.6 1021  79  3.7 2  7.8  67  430  115 288 -377  0
4218500 2850500  5  4 10  19.8 1021  77  4.4 2  8.0  60  564  119 296 -392  0
4218500 2850500  5  4 11  20.7 1021 105  4.6 2  8.0  54  650  129 302 -408  0
4218500 2850500  5  4 12  21.7 1021 106  5.3 2  7.6  48  553  220 307 -422  0
4218500 2850500  5  4 13  22.6 1020 107  5.6 3  7.1  43  512  250 314 -431  0
4218500 2850500  5  4 14  22.7 1020 113  5.9 2  6.7  39  481  244 316 -436  0
4218500 2850500  5  4 15  22.6 1020  93  6.1 2  6.5  38  422  226 313 -436  0
4218500 2850500  5  4 16  22.6 1020  98  6.3 1  6.4  37  358  187 309 -432  0
4218500 2850500  5  4 17  22.2 1020  97  6.6 1  6.3  38  243  157 305 -425  0
4218500 2850500  5  4 18  21.3 1020  88  5.6 1  6.0  37  130  117 303 -416  0
4218500 2850500  5  4 19  20.4 1020  96  5.2 0  5.5  36   27   62 295 -403  0
4218500 2850500  5  4 20  18.4 1020  84  4.6 0  5.3  38    0    3 286 -390  0
4218500 2850500  5  4 21  17.0 1020  85  4.0 1  5.2  41    0    0 283 -378  0
4218500 2850500  5  4 22  15.7 1021  87  4.0 1  5.1  44    0    0 282 -371  0
4218500 2850500  5  4 23  14.6 1021  88  3.6 1  5.0  47    0    0 279 -367  0
4218500 2850500  5  4 24  14.0 1021  85  3.7 1  4.9  49    0    0 276 -363  0
4218500 2850500  5  5  1  13.0 1021  86  3.7 0  4.9  51    0    0 271 -358  0
4218500 2850500  5  5  2  11.8 1021  94  3.3 0  5.0  57    0    0 265 -354  0
4218500 2850500  5  5  3  11.4 1020  95  3.7 1  5.3  63    0    0 268 -352  0
4218500 2850500  5  5  4  10.7 1021  96  3.7 1  5.7  70    0    0 272 -350  0
4218500 2850500  5  5  5  10.0 1021  98  3.4 1  6.0  78    0    3 271 -349  0
4218500 2850500  5  5  6  11.2 1021  90  3.3 1  6.5  83   30   43 273 -350  0
4218500 2850500  5  5  7  13.2 1022  95  3.4 0  7.1  80  143   84 273 -354  0
4218500 2850500  5  5  8  15.2 1023  88  3.2 0  7.5  75  280  108 273 -360  0
4218500 2850500  5  5  9  18.1 1023  98  3.6 0  7.7  66  430  118 281 -368  0
4218500 2850500  5  5 10  19.9 1023 111  3.7 0  7.6  56  556  125 290 -380  0
4218500 2850500  5  5 11  21.0 1023 114  4.7 1  7.3  49  523  202 298 -397  0
4218500 2850500  5  5 12  22.1 1022 111  5.7 1  6.8  43  487  258 306 -413  0
4218500 2850500  5  5 13  22.5 1022 131  7.1 2  5.9  36  526  244 311 -426  0
4218500 2850500  5  5 14  22.2 1022 119  6.5 2  5.3  32  409  282 315 -435  0
4218500 2850500  5  5 15  22.6 1021 106  6.8 2  5.2  31  347  264 314 -432  0
4218500 2850500  5  5 16  22.6 1021 120  6.3 2  4.9  29  369  182 314 -425  0
4218500 2850500  5  5 17  22.3 1021 106  6.1 1  4.6  27  244  158 308 -422  0
4218500 2850500  5  5 18  21.7 1021  86  5.6 0  4.7  29  114  122 299 -415  0
4218500 2850500  5  5 19  20.0 1021  81  5.0 0  4.9  32   23   61 293 -405  0
4218500 2850500  5  5 20  18.0 1021  79  4.2 0  4.7  35    0    4 286 -396  0
4218500 2850500  5  5 21  16.9 1022  88  4.1 0  4.5  37    0    0 281 -389  0
4218500 2850500  5  5 22  15.7 1022  86  3.8 0  4.6  40    0    0 277 -385  0
4218500 2850500  5  5 23  13.9 1022  76  3.6 0  4.6  44    0    0 272 -381  0
4218500 2850500  5  5 24  13.2 1022  76  3.7 0  4.7  49    0    0 268 -377  0
4218500 2850500  5  6  1  12.9 1023  75  3.2 0  4.7  51    0    0 266 -372  0
4218500 2850500  5  6  2  12.7 1023  66  3.4 0  4.7  52    0    0 263 -369  0
4218500 2850500  5  6  3  12.3 1022  66  3.2 0  4.8  54    0    0 263 -366  0
4218500 2850500  5  6  4  11.3 1021  66  3.1 0  4.9  57    0    0 260 -361  0
4218500 2850500  5  6  5  11.0 1021  67  3.1 0  4.9  60    0    1 258 -355  0
4218500 2850500  5  6  6  11.4 1021  75  3.4 1  5.1  62    2   34 262 -352  0
4218500 2850500  5  6  7  12.7 1022  77  2.9 1  5.4  62   35  113 267 -354  0
4218500 2850500  5  6  8  14.5 1023  69  2.5 2  5.6  59  119  190 274 -363  0
4218500 2850500  5  6  9  16.3 1022  76  2.7 2  5.8  54  207  247 284 -379  0
4218500 2850500  5  6 10  19.2 1022  66  3.3 2  6.1  48  309  283 292 -397  0
4218500 2850500  5  6 11  20.4 1022  58  3.7 2  6.2  43  440  282 300 -414  0
4218500 2850500  5  6 12  21.2 1022  70  4.9 1  5.9  39  520  278 299 -428  0
4218500 2850500  5  6 13  22.4 1021  70  5.3 2  5.8  36  527  280 304 -439  0
4218500 2850500  5  6 14  22.6 1021  70  6.1 2  5.2  31  379  330 309 -444  0
4218500 2850500  5  6 15  21.3 1020 122  6.0 7  4.3  27   33  275 317 -446  0
4218500 2850500  5  6 16  21.9 1020  82  3.8 6  4.6  29   70  258 329 -448  0
4218500 2850500  5  6 17  21.9 1019  73  5.0 5  5.0  31   87  212 326 -441  0
4218500 2850500  5  6 18  21.3 1019  81  4.8 1  4.9  30   87  141 310 -429  0
4218500 2850500  5  6 19  19.7 1019  68  3.3 2  4.8  32   22   65 296 -417  0
4218500 2850500  5  6 20  17.4 1019  60  3.2 2  4.8  37    0    6 295 -403  0
4218500 2850500  5  6 21  16.9 1020  68  3.5 1  4.8  40    0    0 287 -392  0
4218500 2850500  5  6 22  15.9 1020  67  3.8 0  4.6  40    0    0 277 -384  0
4218500 2850500  5  6 23  15.4 1020  56  3.9 0  4.5  41    0    0 270 -377  0
4218500 2850500  5  6 24  16.2 1020  74  4.5 1  4.6  42    0    0 274 -370  0
4218500 2850500  5  7  1  15.3 1020  84  4.2 1  4.8  43    0    0 277 -365  0
4218500 2850500  5  7  2  13.8 1020  75  3.7 0  4.8  47    0    0 271 -361  0
4218500 2850500  5  7  3  13.4 1020  79  3.8 0  4.8  50    0    0 265 -358  0
4218500 2850500  5  7  4  11.6 1020  75  3.1 0  4.9  55    0    0 262 -354  0
4218500 2850500  5  7  5  11.1 1020  78  3.3 1  5.1  61    0    2 262 -351  0
4218500 2850500  5  7  6  11.9 1020  77  2.9 1  5.3  64   11   42 266 -350  0
4218500 2850500  5  7  7  13.2 1021  83  2.4 0  5.7  63   86  110 264 -354  0
4218500 2850500  5  7  8  15.8 1021  68  1.9 0  6.1  60  210  152 266 -365  0
4218500 2850500  5  7  9  18.4 1021  51  1.6 0  6.6  55  361  167 275 -382  0
4218500 2850500  5  7 10  20.0 1021  70  3.1 0  6.7  48  483  184 283 -400  0
4218500 2850500  5  7 11  21.0 1021  68  4.4 0  6.6  44  579  193 289 -418  0
4218500 2850500  5  7 12  22.8 1020  90  5.6 0  6.1  38  647  193 295 -432  0
4218500 2850500  5  7 13  23.4 1020 102  6.8 1  5.6  32  566  241 304 -442  0
4218500 2850500  5  7 14  23.9 1019 127  9.2 1  5.7  31  414  300 311 -446  0
4218500 2850500  5  7 15  24.0 1019 101  6.0 1  5.3  29  353  280 311 -447  0
4218500 2850500  5  7 16  23.2 1018  97  3.5 2  4.9  27  185  266 312 -446  0
4218500 2850500  5  7 17  23.0 1018 105  3.8 1  4.4  25  161  201 309 -442  0
4218500 2850500  5  7 18  22.4 1018 100  3.2 1  4.1  24   89  136 303 -433  0
4218500 2850500  5  7 19  20.7 1018  78  3.0 1  4.6  29   25   66 303 -421  0
4218500 2850500  5  7 20  17.7 1018  46  2.7 1  4.7  34    0    6 295 -408  0
4218500 2850500  5  7 21  15.4 1018  47  2.7 1  4.8  41    0    0 288 -398  0
4218500 2850500  5  7 22  14.3 1018  38  3.1 1  5.0  48    0    0 283 -392  0
4218500 2850500  5  7 23  13.5 1018  50  3.2 1  5.2  53    0    0 281 -388  0
4218500 2850500  5  7 24  14.0 1018  56  3.3 1  5.6  57    0    0 282 -384  0
4218500 2850500  5  8  1  15.4 1018  87  4.1 1  5.5  53    0    0 283 -380  0
4218500 2850500  5  8  2  13.7 1018  63  3.5 1  5.1  50    0    0 282 -377  0
4218500 2850500  5  8  3  13.4 1018  57  2.8 1  4.9  51    0    0 278 -374  0
4218500 2850500  5  8  4  11.9 1018  47  2.8 1  4.8  53    0    0 276 -372  0
4218500 2850500  5  8  5  10.7 1017  31  2.9 1  4.7  57    0    2 273 -370  0
4218500 2850500  5  8  6  11.6 1017  46  2.9 1  5.0  60   14   41 273 -368  0
4218500 2850500  5  8  7  13.4 1017  40  2.7 0  5.5  61   98  101 273 -371  0
4218500 2850500  5  8  8  15.2 1017  65  2.1 0  5.9  58  241  126 273 -381  0
4218500 2850500  5  8  9  17.3 1017  50  2.0 0  6.2  54  413  124 281 -396  0
4218500 2850500  5  8 10  19.1 1016  47  2.7 0  6.5  50  552  127 289 -412  0
4218500 2850500  5  8 11  21.1 1016  67  3.8 0  6.7  46  657  130 297 -428  0
4218500 2850500  5  8 12  22.6 1015  78  4.5 0  6.8  42  733  122 305 -442  0
4218500 2850500  5  8 13  23.6 1015  71  5.1 1  6.7  38  445  288 314 -452  0
4218500 2850500  5  8 14  23.3 1014  63  5.7 4  6.7  37   62  318 331 -456  0
4218500 2850500  5  8 15  23.0 1014  84  4.0 5  6.3  36   96  297 343 -457  0
4218500 2850500  5  8 16  22.7 1013  80  4.1 4  5.9  34  251  238 341 -455  0
4218500 2850500  5  8 17  23.3 1013  99  3.7 5  6.2  36   73  189 342 -451  0
4218500 2850500  5  8 18  21.8 1012  76  4.3 4  6.1  36   70  134 341 -443  0
4218500 2850500  5  8 19  20.6 1012  81  3.2 3  5.7  36   12   61 329 -431  0
4218500 2850500  5  8 20  18.3 1012  76  3.2 3  5.9  42    0    8 321 -417  0
4218500 2850500  5  8 21  17.9 1012  54  2.9 2  6.6  51    0    0 313 -404  0
4218500 2850500  5  8 22  17.6 1012  50  3.3 2  7.3  57    0    0 309 -394  0
4218500 2850500  5  8 23  16.4 1012  34  3.4 1  7.2  59    0    0 301 -386  0
4218500 2850500  5  8 24  15.2 1012  43  3.8 0  7.0  63    0    0 289 -380  0
4218500 2850500  5  9  1  14.2 1012  39  3.2 2  6.9  66    0    0 290 -377  0
4218500 2850500  5  9  2  13.7 1012  24  2.7 1  6.9  70    0    0 292 -375  0
4218500 2850500  5  9  3  11.8 1012  49  3.0 1  7.0  76    0    0 286 -371  0
4218500 2850500  5  9  4  12.6 1012  66  3.1 1  7.1  79    0    0 285 -367  0
4218500 2850500  5  9  5  12.4 1012  58  2.7 1  7.1  78    0    2 285 -363  0
4218500 2850500  5  9  6  13.6 1012  66  3.2 2  7.1  75   20   44 289 -362  0
4218500 2850500  5  9  7  14.6 1012  66  3.4 1  7.1  71  144   89 290 -366  0
4218500 2850500  5  9  8  16.8 1012  59  3.1 0  7.4  66  309  108 285 -379  0
4218500 2850500  5  9  9  18.7 1012  30  3.0 0  7.8  61  450  120 288 -397  0
4218500 2850500  5  9 10  20.3 1012  55  4.0 0  8.0  57  569  130 295 -416  0
4218500 2850500  5  9 11  21.6 1012  60  5.2 0  8.2  53  656  138 301 -435  0
4218500 2850500  5  9 12  22.5 1012  71  5.6 0  7.8  47  720  135 305 -450  0
4218500 2850500  5  9 13  23.2 1012  52  5.6 1  7.3  42  709  144 312 -458  0
4218500 2850500  5  9 14  23.3 1012  63  5.3 1  7.1  40  660  147 319 -461  0
4218500 2850500  5  9 15  23.7 1011  34  4.7 1  6.9  38  558  155 320 -464  0
4218500 2850500  5  9 16  23.4 1011  66  5.6 1  6.4  35  444  147 317 -464  0
4218500 2850500  5  9 17  23.2 1011  76  5.2 0  5.8  32  301  137 310 -458  0
4218500 2850500  5  9 18  22.4 1011  51  5.1 0  5.3  31  159  114 301 -448  0
4218500 2850500  5  9 19  21.4 1011  49  5.5 0  4.9  30   44   70 295 -434  0
4218500 2850500  5  9 20  19.4 1011  53  3.4 0  4.7  32    0   10 289 -418  0
4218500 2850500  5  9 21  18.3 1012  28  3.8 0  4.8  35    0    0 284 -404  0
4218500 2850500  5  9 22  16.7 1012  36  3.7 0  5.0  40    0    0 280 -393  0
4218500 2850500  5  9 23  15.6 1013  54  3.7 0  5.0  44    0    0 276 -384  0
4218500 2850500  5  9 24  13.4 1013  44  3.4 0  4.8  47    0    0 271 -378  0
4218500 2850500  5 10  1  11.5 1013  20  2.4 0  4.8  53    0    0 264 -373  0
4218500 2850500  5 10  2  11.0 1013   2  2.6 0  5.0  60    0    0 262 -369  0
4218500 2850500  5 10  3  10.7 1013  14  3.0 0  5.3  66    0    0 261 -365  0
4218500 2850500  5 10  4  10.9 1013  23  3.3 0  5.3  66    0    0 261 -361  0
4218500 2850500  5 10  5  10.6 1013  20  3.5 0  5.2  64    0    9 261 -358  0
4218500 2850500  5 10  6  11.4 1014  28  3.9 0  5.1  63   53   51 260 -356  0
4218500 2850500  5 10  7  13.0 1014  14  3.1 0  5.2  58  186   82 261 -361  0
4218500 2850500  5 10  8  15.5 1014  18  3.7 0  5.2  51  329  101 266 -374  0
4218500 2850500  5 10  9  17.9 1013  19  5.5 0  5.3  44  472  113 273 -393  0
4218500 2850500  5 10 10  19.3 1013  21  5.6 0  5.3  40  594  119 281 -415  0
4218500 2850500  5 10 11  20.8 1013  20  6.6 0  5.3  36  683  124 288 -434  0
4218500 2850500  5 10 12  21.5 1012  40  6.7 0  5.5  35  747  118 294 -450  0
4218500 2850500  5 10 13  21.8 1012  25  6.3 0  5.6  34  736  129 297 -460  0
4218500 2850500  5 10 14  21.9 1011 354  5.8 0  5.6  35  689  131 299 -463  0
4218500 2850500  5 10 15  22.5 1011  33  4.6 0  5.7  34  581  142 301 -463  0
4218500 2850500  5 10 16  22.3 1011  21  5.4 0  5.5  32  460  139 300 -459  0
4218500 2850500  5 10 17  21.5 1010 359  5.2 0  5.1  31  316  130 296 -452  0
4218500 2850500  5 10 18  21.0 1010  28  4.4 0  5.1  32  168  111 293 -439  0
4218500 2850500  5 10 19  19.6 1010  21  4.9 0  5.2  35   48   70 289 -425  0
4218500 2850500  5 10 20  18.0 1011  20  3.7 0  5.0  37    0   10 284 -409  0
4218500 2850500  5 10 21  16.2 1011  11  3.3 0  4.8  39    0    0 278 -395  0
4218500 2850500  5 10 22  15.3 1012  17  4.0 0  4.6  41    0    0 274 -384  0
4218500 2850500  5 10 23  13.8 1012  21  3.2 0  4.8  47    0    0 271 -375  0
4218500 2850500  5 10 24  12.3 1012  30  2.7 0  5.2  55    0    0 267 -367  0
4218500 2850500  5 11  1  10.1 1012  45  2.0 0  5.3  64    0    0 262 -361  0
4218500 2850500  5 11  2   9.3 1012   8  1.9 0  5.3  71    0    0 258 -355  0
4218500 2850500  5 11  3   8.6 1011 349  2.2 0  5.3  75    0    0 256 -352  0
4218500 2850500  5 11  4   7.6 1011  19  1.6 0  5.4  80    0    0 254 -349  0
4218500 2850500  5 11  5   7.0 1011  13  1.2 0  5.5  86    0   11 252 -347  0
4218500 2850500  5 11  6   8.7 1011 359  1.8 0  5.8  88   55   53 253 -347  0
4218500 2850500  5 11  7  11.6 1013 336  1.3 0  6.3  81  177   89 259 -354  0
4218500 2850500  5 11  8  14.7 1013 323  1.2 0  6.2  66  305  117 265 -367  0
4218500 2850500  5 11  9  17.2 1013 335  1.7 0  5.8  51  439  134 273 -387  0
4218500 2850500  5 11 10  18.9 1013  47  2.0 0  5.5  43  550  149 280 -409  0
4218500 2850500  5 11 11  20.1 1013  17  2.5 1  5.3  38  627  164 289 -430  0
4218500 2850500  5 11 12  21.3 1013  55  1.8 1  5.5  36  670  171 299 -448  0
4218500 2850500  5 11 13  22.2 1013  12  1.8 1  5.9  36  672  174 305 -461  0
4218500 2850500  5 11 14  22.9 1012 250  2.6 1  5.9  35  636  172 309 -466  0
4218500 2850500  5 11 15  23.3 1012 274  2.4 1  5.4  31  531  180 310 -466  0
4218500 2850500  5 11 16  23.5 1012 265  2.0 1  4.8  27  301  233 308 -463  0
4218500 2850500  5 11 17  23.2 1011 313  2.4 2  5.2  29  164  202 310 -456  0
4218500 2850500  5 11 18  22.8 1011 287  2.5 1  5.6  32  133  130 308 -446  0
4218500 2850500  5 11 19  21.6 1011 265  2.6 2  5.7  34   41   73 305 -431  0
4218500 2850500  5 11 20  19.1 1011 248  2.6 2  5.5  37    0   12 302 -415  0
4218500 2850500  5 11 21  15.6 1011 217  0.9 1  5.2  42    0    0 289 -401  0
4218500 2850500  5 11 22  14.2 1011 228  2.8 1  5.2  49    0    0 279 -391  0
4218500 2850500  5 11 23  13.8 1011 229  2.7 1  5.3  53    0    0 277 -383  0
4218500 2850500  5 11 24  13.4 1011 293  2.5 2  5.2  54    0    0 279 -376  0
4218500 2850500  5 12  1  12.7 1012 233  2.4 3  5.4  58    0    0 283 -370  0
4218500 2850500  5 12  2  10.8 1011 249  2.2 2  5.7  66    0    0 280 -366  0
4218500 2850500  5 12  3  10.5 1012 254  2.0 3  5.8  72    0    0 277 -362  0
4218500 2850500  5 12  4  10.5 1012 256  1.9 4  6.1  77    0    0 282 -359  0
4218500 2850500  5 12  5   9.8 1012 280  2.1 3  6.4  82    0    8 283 -357  0
4218500 2850500  5 12  6  10.9 1012 348  1.4 3  6.6  84   19   49 282 -359  0
4218500 2850500  5 12  7  13.4 1012 188  1.4 3  6.8  77   58  120 286 -366  0
4218500 2850500  5 12  8  16.2 1012 186  1.3 2  7.0  67  214  158 290 -383  0
4218500 2850500  5 12  9  19.4 1012 225  1.8 2  7.1  56  416  153 297 -405  0
4218500 2850500  5 12 10  21.8 1012 225  1.8 1  6.8  45  540  166 306 -428  0
4218500 2850500  5 12 11  23.2 1012 210  2.8 0  6.3  37  598  190 308 -449  0
4218500 2850500  5 12 12  23.5 1012 170  3.7 1  5.8  33  577  234 312 -466  0
4218500 2850500  5 12 13  25.0 1011 166  2.6 1  5.7  30  634  206 320 -478  0
4218500 2850500  5 12 14  24.8 1011 192  3.6 1  5.6  28  582  212 323 -484  0
4218500 2850500  5 12 15  25.0 1010 191  3.0 2  5.7  29  490  214 325 -485  0
4218500 2850500  5 12 16  25.4 1010 157  3.6 2  5.8  29  390  194 327 -481  0
4218500 2850500  5 12 17  24.8 1009 212  2.0 1  5.7  28  276  163 322 -472  0
4218500 2850500  5 12 18  24.2 1009 236  3.1 1  5.5  29  143  130 316 -456  0
4218500 2850500  5 12 19  23.1 1009 208  3.3 0  5.5  30   44   76 310 -441  0
4218500 2850500  5 12 20  19.7 1009 200  3.0 1  5.4  34    0   12 303 -431  0
4218500 2850500  5 12 21  16.9 1009 189  3.0 1  5.5  42    0    0 296 -420  0
4218500 2850500  5 12 22  14.9 1009 219  2.0 1  5.7  50    0    0 289 -413  0
4218500 2850500  5 12 23  14.8 1009 296  1.9 1  5.8  55    0    0 286 -406  0
4218500 2850500  5 12 24  12.3 1009  60  1.7 2  6.2  64    0    0 287 -402  0
4218500 2850500  5 13  1  12.3 1009 102  2.3 1  6.6  73    0    0 284 -399  0
4218500 2850500  5 13  2  11.3 1009 161  1.4 1  6.7  77    0    0 279 -393  0
4218500 2850500  5 13  3  11.3 1008 181  2.1 2  6.7  80    0    0 282 -387  0
4218500 2850500  5 13  4  10.3 1008 199  2.2 3  6.7  82    0    0 289 -381  0
4218500 2850500  5 13  5  10.1 1008 235  2.8 4  6.7  85    0    4 295 -376  0
4218500 2850500  5 13  6  11.6 1008 205  2.5 5  6.9  84    5   40 305 -376  0
4218500 2850500  5 13  7  15.2 1008 201  2.1 5  7.0  73   14  103 316 -384  0
4218500 2850500  5 13  8  17.7 1008 224  2.4 5  6.9  59  154  164 324 -399  0
4218500 2850500  5 13  9  20.1 1008 200  2.5 5  7.0  51  280  194 333 -419  0
4218500 2850500  5 13 10  21.7 1008 239  2.7 7  7.1  46  136  309 349 -438  0
4218500 2850500  5 13 11  21.8 1008 205  4.7 7  7.2  44   96  348 362 -456  0
4218500 2850500  5 13 12  22.0 1008 253  5.6 8  7.4  45   18  296 368 -467  0
4218500 2850500  5 13 13  20.1 1008 245  5.7 7  7.3  47    1  234 366 -470  0
4218500 2850500  5 13 14  18.8 1009 256  6.5 6  7.5  53   86  337 355 -472  0
4218500 2850500  5 13 15  18.6 1009 245  5.3 7  7.8  58  106  281 353 -476  0
4218500 2850500  5 13 16  18.5 1009 294  4.1 6  7.6  57  174  227 351 -468  0
4218500 2850500  5 13 17  17.9 1008 288  2.7 7  7.4  57   14  180 349 -456  0
4218500 2850500  5 13 18  17.7 1008 288  3.5 7  7.7  60    5  110 353 -446  0
4218500 2850500  5 13 19  17.3 1008 276  2.7 7  7.7  61    2   53 354 -437  0
4218500 2850500  5 13 20  16.4 1008 280  2.6 7  7.5  62    0    4 353 -429  0
4218500 2850500  5 13 21  14.6 1008 266  2.0 7  7.7  69    0    0 349 -421  0
4218500 2850500  5 13 22  13.7 1009 260  2.7 6  7.9  78    0    0 342 -415  0
4218500 2850500  5 13 23  14.3 1009 244  2.1 6  8.2  82    0    0 338 -409  0
4218500 2850500  5 13 24  14.3 1009 310  3.7 8  8.2  80    0    0 351 -404  0
4218500 2850500  5 14  1  14.0 1009 293  1.8 7  7.5  75    0    0 355 -400  0
4218500 2850500  5 14  2  12.7 1009 284  3.2 5  7.1  74    0    0 337 -395  0
4218500 2850500  5 14  3  10.5 1009 268  2.5 4  7.0  82    0    0 317 -391  0
4218500 2850500  5 14  4  10.7 1009 274  2.6 4  7.0  88    0    0 311 -388  0
4218500 2850500  5 14  5  11.2 1010 276  3.0 6  7.2  88    0    2 323 -386  0
4218500 2850500  5 14  6  11.4 1010 309  3.5 7  7.5  89    0   21 339 -386  0
4218500 2850500  5 14  7  12.4 1011 326  4.1 7  7.6  87   10   90 345 -384  0
4218500 2850500  5 14  8  13.1 1012 322  4.6 7  7.5  82   63  165 347 -381  0
4218500 2850500  5 14  9  13.5 1012 298  4.6 6  7.4  78  109  221 342 -384  0
4218500 2850500  5 14 10  13.8 1013 315  5.1 7  7.2  74   14  251 342 -393  0
4218500 2850500  5 14 11  12.9 1014 316  5.0 7  7.0  73    8  262 345 -406  0
4218500 2850500  5 14 12  13.1 1014 285  4.9 7  6.7  71    4  250 341 -416  0
4218500 2850500  5 14 13  13.7 1015 280  4.6 6  6.4  67  104  328 335 -420  0
4218500 2850500  5 14 14  14.9 1015 296  5.3 6  6.1  60  104  314 329 -422  0
4218500 2850500  5 14 15  14.7 1015 311  5.2 6  5.6  53  210  236 328 -423  0
4218500 2850500  5 14 16  14.6 1015 309  6.7 6  5.2  50  119  198 323 -420  0
4218500 2850500  5 14 17  14.5 1015 316  5.7 5  4.9  47  120  176 316 -414  0
4218500 2850500  5 14 18  14.0 1015 304  5.1 5  4.5  44  109  112 308 -405  0
4218500 2850500  5 14 19  13.6 1015 290  3.9 3  4.2  43   74   50 297 -394  0
4218500 2850500  5 14 20  11.9 1016 303  3.3 4  4.2  46    1   14 289 -381  0
4218500 2850500  5 14 21  10.2 1016 307  3.3 3  4.2  51    0    0 283 -369  0
4218500 2850500  5 14 22   8.9 1016 296  3.1 1  4.3  58    0    0 267 -359  0
4218500 2850500  5 14 23   7.2 1016 306  2.8 1  4.4  65    0    0 256 -353  0
4218500 2850500  5 14 24   7.2 1016 305  2.6 1  4.3  69    0    0 252 -348  0
4218500 2850500  5 15  1   5.6 1017 329  2.1 1  4.4  73    0    0 250 -344  0
4218500 2850500  5 15  2   4.6 1017   2  1.6 1  4.5  83    0    0 246 -341  0
4218500 2850500  5 15  3   4.8 1017 344  1.4 1  4.5  84    0    0 244 -339  0
4218500 2850500  5 15  4   4.5 1017   1  1.3 3  4.4  83    0    0 250 -336  0
4218500 2850500  5 15  5   3.8 1017 354  1.8 4  4.4  86   10   13 257 -334  0
4218500 2850500  5 15  6   4.9 1017 342  1.3 4  4.6  89   78   51 259 -334  0
4218500 2850500  5 15  7   9.2 1017 341  1.2 4  4.8  77   88  110 262 -340  0
4218500 2850500  5 15  8  10.4 1017 330  1.3 6  4.6  62   42  184 271 -351  0
4218500 2850500  5 15  9  11.9 1018 274  1.4 6  4.5  55  143  254 280 -367  0
4218500 2850500  5 15 10  12.8 1018 265  1.2 7  4.5  51  209  303 286 -383  0
4218500 2850500  5 15 11  14.2 1018 276  2.4 7  4.6  48  321  322 293 -397  0
4218500 2850500  5 15 12  14.8 1017 234  2.9 6  4.8  47  439  296 296 -410  0
4218500 2850500  5 15 13  15.8 1017 230  1.8 6  4.8  44  474  283 299 -421  0
4218500 2850500  5 15 14  16.5 1016 230  2.4 6  4.6  40  488  253 305 -428  0
4218500 2850500  5 15 15  17.6 1015 219  1.9 6  4.6  38  395  239 310 -428  0
4218500 2850500  5 15 16  17.5 1014 178  2.3 6  4.8  38  184  246 315 -426  0
4218500 2850500  5 15 17  17.6 1014 153  2.6 7  4.9  39   11  175 320 -422  0
4218500 2850500  5 15 18  17.3 1013 166  2.9 8  4.9  40    0   80 330 -415  0
4218500 2850500  5 15 19  16.6 1012 168  2.4 8  4.7  39    0   43 334 -405  0
4218500 2850500  5 15 20  15.3 1012 137  2.1 8  4.7  41    0    1 335 -394  0
4218500 2850500  5 15 21  13.9 1012 108  2.6 7  4.9  47    0    0 331 -385  0
4218500 2850500  5 15 22  13.6 1011 117  2.9 6  5.3  54    0    0 327 -379  0
4218500 2850500  5 15 23  13.6 1011  71  2.3 6  5.6  57    0    0 328 -377  0
4218500 2850500  5 15 24  13.0 1010 112  3.1 4  5.4  57    0    0 323 -375  0
4218500 2850500  5 16  1  12.7 1010 123  2.9 5  5.2  56    0    0 318 -375  0
4218500 2850500  5 16  2  12.3 1009 126  2.7 6  5.3  58    0    0 326 -374  0
4218500 2850500  5 16  3  12.8 1008 154  3.0 7  5.5  61    0    0 336 -374  0
4218500 2850500  5 16  4  12.6 1007 170  2.3 8  6.1  67    0    0 346 -373  0
4218500 2850500  5 16  5  12.7 1007 190  2.4 8  6.7  73    0   10 353 -375  0
4218500 2850500  5 16  6  13.6 1006 224  3.1 8  7.2  76    1   33 356 -379  0
4218500 2850500  5 16  7  15.5 1006 256  4.3 5  7.8  75  128   94 349 -386  0
4218500 2850500  5 16  8  17.6 1007 270  5.7 3  8.3  70  267  118 332 -398  0
4218500 2850500  5 16  9  18.2 1007 264  5.2 4  8.7  68  300  190 331 -415  0
4218500 2850500  5 16 10  19.2 1007 264  5.2 6  8.8  65  135  306 348 -429  0
4218500 2850500  5 16 11  19.9 1007 251  8.4 7  8.8  61   48  322 364 -440  0
4218500 2850500  5 16 12  20.8 1007 269  7.7 7  8.6  57   84  354 370 -447  0
4218500 2850500  5 16 13  21.5 1007 241  7.1 6  8.1  51  135  369 366 -452  0
4218500 2850500  5 16 14  22.5 1007 279  7.1 3  7.2  43  408  279 350 -457  0
4218500 2850500  5 16 15  23.2 1006 279  7.0 2  6.3  36  573  131 335 -460  0
4218500 2850500  5 16 16  22.2 1006 288  7.1 1  6.1  35  428  141 324 -456  0
4218500 2850500  5 16 17  22.4 1006 285  6.3 2  6.3  37  279  146 320 -450  0
4218500 2850500  5 16 18  21.8 1007 297  7.2 2  6.3  38  196   99 319 -442  0
4218500 2850500  5 16 19  20.3 1007 294  4.9 3  6.3  41   63   71 316 -431  0
4218500 2850500  5 16 20  19.1 1007 298  3.8 4  6.7  46    1   16 317 -418  0
4218500 2850500  5 16 21  18.3 1008 282  3.4 5  7.0  52    0    0 323 -404  0
4218500 2850500  5 16 22  15.7 1009 335  2.7 5  7.3  60    0    0 322 -394  0
4218500 2850500  5 16 23  14.1 1009 329  1.7 3  7.7  73    0    0 307 -387  0
4218500 2850500  5 16 24  12.9 1009 268  2.6 3  7.8  81    0    0 292 -381  0
4218500 2850500  5 17  1  13.7 1009 290  3.0 3  7.4  77    0    0 291 -376  0
4218500 2850500  5 17  2  12.8 1009 290  3.6 5  7.2  76    0    0 302 -373  0
4218500 2850500  5 17  3  12.5 1010 296  3.3 6  7.4  81    0    0 317 -371  0
4218500 2850500  5 17  4  11.4 1010 301  3.4 7  7.3  83    0    0 327 -369  0
4218500 2850500  5 17  5  10.8 1010 293  3.7 7  6.9  84    0    4 331 -367  0
4218500 2850500  5 17  6  11.6 1011 279  3.3 7  6.9  83    1   34 333 -368  0
4218500 2850500  5 17  7  12.4 1011 279  4.1 6  7.0  80    2   79 331 -374  0
4218500 2850500  5 17  8  12.3 1012 293  4.6 7  7.1  79    1  122 333 -384  0
4218500 2850500  5 17  9  13.4 1012 292  4.1 7  7.1  76   58  249 339 -394  0
4218500 2850500  5 17 10  13.4 1013 294  4.0 6  7.0  73  103  310 338 -403  0
4218500 2850500  5 17 11  13.5 1013 308  4.4 7  7.0  73   51  323 340 -416  0
4218500 2850500  5 17 12  14.3 1013 285  4.5 6  7.1  71   54  336 342 -429  0
4218500 2850500  5 17 13  15.0 1013 305  4.3 6  7.0  68   50  336 341 -437  0
4218500 2850500  5 17 14  15.3 1013 282  3.4 6  7.0  65   72  337 341 -445  0
4218500 2850500  5 17 15  15.9 1014 260  3.9 5  7.0  64  218  291 338 -452  0
4218500 2850500  5 17 16  15.8 1014 303  3.8 4  7.0  62  177  243 329 -450  0
4218500 2850500  5 17 17  16.0 1014 321  2.6 3  6.9  62  163  202 321 -443  0
4218500 2850500  5 17 18  16.0 1014 314  2.7 3  6.9  61  149  125 316 -436  0
4218500 2850500  5 17 19  15.4 1014 298  2.1 2  6.9  62   63   74 308 -426  0
4218500 2850500  5 17 20  13.9 1014 281  1.7 3  6.9  67    3   17 301 -413  0
4218500 2850500  5 17 21  12.2 1014  26  0.7 3  6.9  74    0    0 299 -401  0
4218500 2850500  5 17 22  10.5 1014  76  0.9 2  6.7  80    0    0 287 -393  0
4218500 2850500  5 17 23   9.8 1015 115  1.6 3  6.7  86    0    0 284 -389  0
4218500 2850500  5 17 24   9.6 1014 105  1.9 4  6.8  90    0    0 289 -387  0
4218500 2850500  5 18  1  10.3 1014 119  2.8 6  6.9  90    0    0 302 -387  0
4218500 2850500  5 18  2  10.4 1013 137  2.4 7  7.0  89    0    0 321 -387  0
4218500 2850500  5 18  3   9.1 1013 138  2.8 8  6.9  91    0    0 334 -387  0
4218500 2850500  5 18  4  10.1 1012 153  3.4 7  6.8  91    0    0 335 -387  0
4218500 2850500  5 18  5  11.0 1011 138  3.1 7  6.8  86    0    3 332 -388  0
4218500 2850500  5 18  6  11.4 1011 151  3.1 7  6.9  83    2   40 336 -388  0
4218500 2850500  5 18  7  12.7 1010 153  3.8 7  6.9  79    0   43 340 -390  0
4218500 2850500  5 18  8  13.8 1009 143  3.7 7  7.1  75    0   65 347 -391  0
4218500 2850500  5 18  9  13.7 1008 151  4.2 7  7.6  77    0   86 351 -392  0
4218500 2850500  5 18 10  14.4 1007 155  4.1 7  8.3  82    0  174 356 -391  0
4218500 2850500  5 18 11  16.1 1006 166  5.2 7  8.7  80    0  199 366 -391  0
4218500 2850500  5 18 12  16.4 1005 167  4.4 7  8.9  76    0  195 372 -396  0
4218500 2850500  5 18 13  15.5 1004 191  3.4 7  9.4  82    0  154 372 -406  0
4218500 2850500  5 18 14  15.5 1004 200  3.0 7 10.2  91    0  124 371 -420  0
4218500 2850500  5 18 15  15.5 1004 213  4.0 8 10.5  94    0   51 375 -435  0
4218500 2850500  5 18 16  16.0 1004 238  4.1 8 10.8  95    0   77 380 -440  0
4218500 2850500  5 18 17  16.6 1004 241  4.1 8 11.1  95    0  137 381 -437  0
4218500 2850500  5 18 18  17.2 1004 251  3.4 6 11.2  92   15  135 372 -431  0
4218500 2850500  5 18 19  17.0 1004 260  2.8 4 11.1  89   25   88 352 -422  0
4218500 2850500  5 18 20  16.0 1004 220  2.7 6 11.0  92    0   15 348 -409  0
4218500 2850500  5 18 21  15.4 1004 213  3.3 5 10.7  94    0    0 347 -396  0
4218500 2850500  5 18 22  14.3 1005 268  2.7 4 10.0  94    0    0 334 -386  0
4218500 2850500  5 18 23  13.3 1005 217  2.7 3  9.4  94    0    0 320 -379  0
4218500 2850500  5 18 24  13.2 1005 217  3.1 3  9.2  96    0    0 313 -376  0
4218500 2850500  5 19  1  12.4 1005 252  2.5 4  9.0  96    0    0 315 -375  0
4218500 2850500  5 19  2  11.6 1005 220  2.9 2  8.5  96    0    0 307 -376  0
4218500 2850500  5 19  3  10.8 1005 208  2.7 1  8.2  97    0    0 291 -377  0
4218500 2850500  5 19  4  10.3 1004 199  2.5 0  7.9  99    0    0 280 -377  0
4218500 2850500  5 19  5  10.4 1004 215  2.7 1  7.8  99    1   10 278 -377  0
4218500 2850500  5 19  6  11.6 1003 204  3.3 3  8.1  98    4   41 295 -377  0
4218500 2850500  5 19  7  12.7 1003 190  4.2 7  8.4  94    0   39 326 -379  0
4218500 2850500  5 19  8  13.7 1002 211  5.3 8  8.4  88    0   72 352 -382  0
4218500 2850500  5 19  9  13.8 1002 245  4.5 6  8.7  88   48  237 350 -390  0
4218500 2850500  5 19 10  15.1 1002 225  5.8 6  8.7  84  159  290 345 -397  0
4218500 2850500  5 19 11  16.4 1002 228  5.6 5  8.2  72  296  301 344 -400  0
4218500 2850500  5 19 12  13.3 1001 239  5.9 6  8.3  78  100  343 341 -411  0
4218500 2850500  5 19 13  15.7 1002 248  7.2 5  8.1  77   93  346 337 -426  0
4218500 2850500  5 19 14  17.1 1002 217  7.3 6  7.2  61   64  321 339 -426  0
4218500 2850500  5 19 15  16.1 1001 252  6.1 6  7.0  58   56  258 341 -420  0
4218500 2850500  5 19 16  16.0 1001 260  7.1 8  7.1  62    0  115 348 -415  0
4218500 2850500  5 19 17  15.3 1001 233  6.2 7  7.0  62    7  162 349 -407  0
4218500 2850500  5 19 18  15.4 1001 223  7.2 6  7.0  64   26  128 341 -397  0
4218500 2850500  5 19 19  15.0 1001 232  6.1 7  7.1  65   13   70 340 -390  0
4218500 2850500  5 19 20  14.6 1001 225  5.7 6  6.7  64    0   13 338 -387  0
4218500 2850500  5 19 21  14.3 1001 231  5.0 6  6.8  66    0    0 332 -382  0
4218500 2850500  5 19 22  14.2 1001 238  5.8 6  7.1  69    0    0 332 -378  0
4218500 2850500  5 19 23  13.5 1002 213  5.2 6  7.2  72    0    0 330 -377  0
4218500 2850500  5 19 24  13.2 1002 225  5.2 6  7.2  75    0    0 328 -376  0
4218500 2850500  5 20  1  13.1 1002 233  5.0 7  7.2  75    0    0 331 -375  0
4218500 2850500  5 20  2  11.7 1002 231  5.2 4  7.1  78    0    0 320 -372  0
4218500 2850500  5 20  3  10.8 1001 205  4.2 2  6.9  82    0    0 293 -370  0
4218500 2850500  5 20  4  10.1 1001 217  4.3 4  6.9  87    0    0 289 -371  0
4218500 2850500  5 20  5  10.2 1001 234  4.3 6  6.9  89    6   16 308 -371  0
4218500 2850500  5 20  6  10.9 1001 217  4.1 4  7.1  88   40   60 309 -371  0
4218500 2850500  5 20  7  11.9 1001 210  4.6 4  7.3  85  177  106 300 -375  0
4218500 2850500  5 20  8  13.9 1000 205  4.5 3  7.4  79  345  126 298 -382  0
4218500 2850500  5 20  9  15.8 1000 194  6.5 2  7.4  69  404  182 291 -396  0
4218500 2850500  5 20 10  16.4  999 206  6.0 3  7.3  63  390  262 296 -412  0
4218500 2850500  5 20 11  17.4  998 195  6.6 4  6.9  57  383  320 310 -421  0
4218500 2850500  5 20 12  17.9  997 180  7.3 6  6.4  50  178  401 328 -423  0
4218500 2850500  5 20 13  18.6  996 180  7.6 6  6.4  48  131  395 341 -426  0
4218500 2850500  5 20 14  18.3  995 186  7.2 7  6.4  48   32  315 348 -426  0
4218500 2850500  5 20 15  17.3  994 196  7.6 7  6.3  49    1  183 353 -423  0
4218500 2850500  5 20 16  14.3  993 191  7.7 8  7.0  61    0  103 357 -421  0
4218500 2850500  5 20 17  12.8  993 170  6.0 8  8.0  81    0   73 358 -414  0
4218500 2850500  5 20 18  12.9  992 165  5.8 7  8.6  91    0   60 352 -402  0
4218500 2850500  5 20 19  12.9  990 171  6.1 6  8.8  92    0   40 341 -398  0
4218500 2850500  5 20 20  12.0  989 229  4.7 7  8.3  89    2   20 339 -397  0
4218500 2850500  5 20 21  10.3  989 210  6.0 7  7.3  87    0    0 338 -395  0
4218500 2850500  5 20 22  10.1  991 222  7.3 6  6.9  87    0    0 329 -391  0
4218500 2850500  5 20 23  10.2  991 224  6.3 6  6.9  87    0    0 322 -384  0
4218500 2850500  5 20 24   9.7  991 233  6.7 8  7.0  90    0    0 333 -378  0
4218500 2850500  5 21  1   9.6  992 223  5.4 8  7.1  93    0    0 343 -373  0
4218500 2850500  5 21  2   9.7  993 223  7.3 8  7.0  92    0    0 342 -371  0
4218500 2850500  5 21  3   9.8  993 220  5.8 8  6.7  87    0    0 341 -371  0
4218500 2850500  5 21  4  10.0  992 222  6.3 7  6.6  85    0    0 336 -371  0
4218500 2850500  5 21  5   9.7  992 223  6.2 7  7.0  90    0    7 333 -373  0
4218500 2850500  5 21  6   9.9  993 230  6.3 7  7.3  95    0   22 334 -376  0
4218500 2850500  5 21  7  10.4  993 248  6.3 7  7.7  98    0   72 334 -379  0
4218500 2850500  5 21  8  11.0  994 250  6.5 7  8.0  98    4  145 338 -383  0
4218500 2850500  5 21  9  12.2  995 248  7.2 6  8.1  93   26  242 334 -386  0
4218500 2850500  5 21 10  13.7  996 260  6.9 5  8.0  84   53  312 329 -394  0
4218500 2850500  5 21 11  15.2  997 259  8.8 7  7.4  71    1  240 340 -398  0
4218500 2850500  5 21 12  14.7  998 253  7.1 7  7.4  69    0  190 350 -397  0
4218500 2850500  5 21 13  15.3  999 243  6.7 6  7.9  73    8  282 347 -397  0
4218500 2850500  5 21 14  15.4 1000 230  5.1 5  7.9  72    8  273 338 -399  0
4218500 2850500  5 21 15  15.6 1000 252  6.6 7  7.7  69    0  123 344 -405  0
4218500 2850500  5 21 16  15.4 1001 243  5.2 7  7.7  69    0  144 354 -409  0
4218500 2850500  5 21 17  15.7 1001 256  5.0 6  7.7  69   20  193 350 -407  0
4218500 2850500  5 21 18  16.0 1001 240  3.1 7  7.8  68   37  148 350 -403  0
4218500 2850500  5 21 19  16.0 1001 219  2.8 5  7.8  68   31   85 344 -399  0
4218500 2850500  5 21 20  14.8 1001 180  1.8 5  7.9  72    2   21 332 -392  0
4218500 2850500  5 21 21  14.1 1002 149  2.2 6  8.0  77    0    0 333 -384  0
4218500 2850500  5 21 22  13.5 1002 179  2.9 4  8.0  80    0    0 325 -377  0
4218500 2850500  5 21 23  12.4 1002 191  3.4 2  7.8  82    0    0 302 -374  0
4218500 2850500  5 21 24  11.7 1002 188  3.5 1  7.5  85    0    0 285 -372  0
4218500 2850500  5 22  1  11.8 1002 193  3.4 1  7.4  85    0    0 281 -370  0
4218500 2850500  5 22  2  10.8 1002 202  3.6 2  7.2  85    0    0 283 -369  0
4218500 2850500  5 22  3  11.4 1002 183  3.2 4  7.2  86    0    0 298 -367  0
4218500 2850500  5 22  4  10.5 1002 170  3.4 5  7.2  87    0    0 313 -366  0
4218500 2850500  5 22  5  10.4 1002 160  4.2 4  7.0  88    5   15 312 -367  0
4218500 2850500  5 22  6  12.3 1001 167  3.6 4  7.0  83   54   60 309 -373  0
4218500 2850500  5 22  7  14.1 1001 172  3.9 4  7.2  75  161  101 312 -380  0
4218500 2850500  5 22  8  16.2 1001 162  4.8 4  7.6  69  393   88 317 -387  0
4218500 2850500  5 22  9  18.3 1000 158  5.4 4  7.9  64  591   67 324 -392  0
4218500 2850500  5 22 10  21.0 1000 157  6.7 3  7.8  54  726   71 330 -400  0
4218500 2850500  5 22 11  23.1  999 165  7.0 2  7.4  44  800   82 329 -407  0
4218500 2850500  5 22 12  23.5  998 168  6.9 4  7.3  40  305  360 339 -403  0
4218500 2850500  5 22 13  23.3  998 210  5.1 6  7.4  40   36  335 356 -400  0
4218500 2850500  5 22 14  21.8  998 276  3.8 8  8.1  47    0  153 373 -402  0
4218500 2850500  5 22 15  20.7  998 313  3.5 6  9.8  61   39  268 375 -399  0
4218500 2850500  5 22 16  21.5  998 336  3.1 7 10.6  66   64  233 371 -399  0
4218500 2850500  5 22 17  21.2  998 332  3.1 8  9.9  62    0  109 380 -403  0
4218500 2850500  5 22 18  15.3  998 278  4.6 5  9.8  74    0  100 362 -406  0
4218500 2850500  5 22 19  15.1 1000 260  2.8 6  9.8  90   17   78 343 -404  0
4218500 2850500  5 22 20  15.0 1000 180  4.5 7  9.9  91    0    4 350 -395  0
4218500 2850500  5 22 21  14.3 1000 191  4.2 8  9.6  90    0    0 355 -387  0
4218500 2850500  5 22 22  13.6 1001 186  4.2 6  9.2  91    0    0 346 -383  0
4218500 2850500  5 22 23  13.6 1000 201  5.0 6  9.0  91    0    0 336 -382  0
4218500 2850500  5 22 24  13.5 1000 199  4.8 6  8.6  87    0    0 336 -382  0
4218500 2850500  5 23  1  13.6 1001 202  5.1 8  8.5  86    0    0 346 -379  0
4218500 2850500  5 23  2  13.6 1001 200  5.0 6  8.4  85    0    0 347 -378  0
4218500 2850500  5 23  3  13.2 1001 212  5.4 6  8.1  83    0    0 336 -377  0
4218500 2850500  5 23  4  13.0 1002 214  5.3 6  7.7  80    0    0 334 -377  0
4218500 2850500  5 23  5  13.0 1002 212  5.6 6  7.4  79    1   12 334 -375  0
4218500 2850500  5 23  6  13.6 1003 211  5.4 6  7.4  77   10   47 335 -374  0
4218500 2850500  5 23  7  14.3 1004 221  7.0 4  7.3  73  220   56 328 -378  0
4218500 2850500  5 23  8  15.1 1004 220  7.1 3  6.9  66  373   76 314 -386  0
4218500 2850500  5 23  9  15.5 1005 230  8.0 4  6.8  62  262  203 316 -396  0
4218500 2850500  5 23 10  16.8 1005 247  7.5 6  6.6  57  198  280 334 -407  0
4218500 2850500  5 23 11  16.5 1006 241  7.9 5  6.1  51  133  329 338 -415  0
4218500 2850500  5 23 12  16.1 1006 241  8.8 6  5.8  50  203  350 336 -422  0
4218500 2850500  5 23 13  16.3 1007 231  7.5 4  5.8  50  315  318 327 -428  0
4218500 2850500  5 23 14  16.5 1008 266  6.1 6  6.0  52   43  312 325 -425  0
4218500 2850500  5 23 15  15.9 1008 236  5.6 3  6.1  53  178  265 315 -422  0
4218500 2850500  5 23 16  16.7 1008 253  6.3 2  6.0  52  179  213 293 -416  0
4218500 2850500  5 23 17  16.6 1008 254  6.0 4  5.7  48  118  193 300 -407  0
4218500 2850500  5 23 18  16.4 1009 262  5.7 5  5.2  45   48  134 312 -399  0
4218500 2850500  5 23 19  11.9 1009 287  6.6 7  5.6  56    3   61 318 -389  0
4218500 2850500  5 23 20  11.8 1011 265  5.9 7  6.4  73    0    5 319 -380  0
4218500 2850500  5 23 21  10.7 1012 280  4.7 4  6.1  74    0    0 305 -371  0
4218500 2850500  5 23 22   9.9 1013 269  2.9 1  5.9  76    0    0 279 -363  0
4218500 2850500  5 23 23   8.6 1013 227  2.4 0  6.0  82    0    0 262 -356  0
4218500 2850500  5 23 24   8.2 1013 204  3.0 0  6.1  88    0    0 255 -350  0
4218500 2850500  5 24  1   7.7 1014 236  3.2 1  5.9  89    0    0 255 -345  0
4218500 2850500  5 24  2   7.5 1014 244  3.2 2  5.8  89    0    0 259 -341  0
4218500 2850500  5 24  3   7.3 1014 213  2.7 2  5.7  89    0    0 261 -339  0
4218500 2850500  5 24  4   5.7 1014 229  2.6 1  5.5  91    0    0 254 -338  0
4218500 2850500  5 24  5   5.8 1015 241  2.5 1  5.3  93    2   13 246 -339  0
4218500 2850500  5 24  6   7.3 1015 232  2.4 0  5.5  91   72   56 243 -342  0
4218500 2850500  5 24  7   9.6 1015 214  3.2 0  5.7  83  226   77 244 -350  0
4218500 2850500  5 24  8  11.4 1016 221  3.5 0  5.8  74  381   88 249 -365  0
4218500 2850500  5 24  9  13.3 1016 221  4.7 0  5.8  65  502  106 254 -384  0
4218500 2850500  5 24 10  14.1 1016 234  4.9 2  5.7  58  476  199 267 -402  0
4218500 2850500  5 24 11  15.2 1016 229  5.5 3  5.4  52  531  224 282 -417  0
4218500 2850500  5 24 12  15.5 1015 243  5.4 2  5.1  47  576  233 282 -427  0
4218500 2850500  5 24 13  16.0 1015 205  4.9 4  4.9  44  347  344 287 -427  0
4218500 2850500  5 24 14  16.3 1014 231  4.3 3  4.9  43  273  343 292 -425  0
4218500 2850500  5 24 15  16.3 1014 227  5.2 4  4.8  42  257  311 292 -429  0
4218500 2850500  5 24 16  16.5 1013 214  5.9 4  4.7  40  237  258 301 -430  0
4218500 2850500  5 24 17  17.0 1013 224  5.4 5  4.8  40  175  204 309 -426  0
4218500 2850500  5 24 18  16.5 1012 229  5.1 4  4.8  40  179  128 313 -418  0
4218500 2850500  5 24 19  15.7 1012 219  4.1 6  4.8  42   28   83 317 -407  0
4218500 2850500  5 24 20  14.8 1012 203  3.9 6  4.8  44    0    9 325 -396  0
4218500 2850500  5 24 21  11.7 1011 252  6.3 6  5.1  54    0    0 320 -387  0
4218500 2850500  5 24 22  11.5 1012 212  4.5 6  5.7  66    0    0 316 -383  0
4218500 2850500  5 24 23  11.4 1012 240  4.2 6  5.8  69    0    0 315 -380  0
4218500 2850500  5 24 24  10.8 1011 263  4.4 6  5.7  70    0    0 314 -375  0
4218500 2850500  5 25  1  10.3 1011 259  4.2 5  5.8  72    0    0 308 -370  0
4218500 2850500  5 25  2  10.2 1011 260  5.0 5  5.7  73    0    0 302 -366  0
4218500 2850500  5 25  3   9.2 1011 271  4.6 5  5.6  75    0    0 299 -364  0
4218500 2850500  5 25  4   8.5 1011 253  4.0 6  5.6  80    0    0 299 -362  0
4218500 2850500  5 25  5   8.3 1011 242  4.1 5  5.7  83   10   15 298 -361  0
4218500 2850500  5 25  6   8.6 1011 247  3.8 2  5.9  85   57   53 281 -363  0
4218500 2850500  5 25  7  10.1 1012 231  4.7 6  5.9  80    0   65 286 -366  0
4218500 2850500  5 25  8  10.4 1013 236  4.1 7  5.8  74    0   94 313 -369  0
4218500 2850500  5 25  9   9.7 1013 213  3.8 7  6.1  80    0  121 319 -373  0
4218500 2850500  5 25 10   9.6 1013 198  4.2 7  6.7  89    3  230 321 -383  0
4218500 2850500  5 25 11  10.5 1012 205  4.8 7  7.1  92    6  260 326 -389  0
4218500 2850500  5 25 12  10.1 1012 208  4.0 8  7.2  92    0  140 334 -394  0
4218500 2850500  5 25 13  11.4 1011 213  5.3 6  7.3  90   22  302 331 -401  0
4218500 2850500  5 25 14  11.0 1010 272  3.7 6  7.6  91   22  294 322 -402  0
4218500 2850500  5 25 15  12.3 1010 236  4.6 7  7.5  87   14  254 329 -397  0
4218500 2850500  5 25 16  13.0 1010 279  4.6 6  7.3  80  103  260 333 -391  0
4218500 2850500  5 25 17  12.1 1010 281  5.7 6  7.4  81   33  195 329 -387  0
4218500 2850500  5 25 18  12.5 1010 251  3.5 6  7.6  84   35  140 330 -382  0
4218500 2850500  5 25 19  12.4 1010 246  3.6 7  7.6  84    8   72 336 -377  0
4218500 2850500  5 25 20  11.6 1010 240  2.7 6  7.4  84    0    6 335 -375  0
4218500 2850500  5 25 21  11.7 1010 244  3.4 7  7.2  84    0    0 334 -373  0
4218500 2850500  5 25 22  11.5 1010 251  3.0 7  7.2  84    0    0 339 -372  0
4218500 2850500  5 25 23  11.2 1010 307  3.2 7  7.1  85    0    0 339 -371  0
4218500 2850500  5 25 24   9.8 1010 282  3.2 7  7.1  89    0    0 336 -371  0
4218500 2850500  5 26  1   9.9 1010 291  3.7 7  7.1  94    0    0 335 -370  0
4218500 2850500  5 26  2   9.3 1011 289  4.4 7  7.0  93    0    0 333 -370  0
4218500 2850500  5 26  3   8.6 1011 292  4.0 6  6.6  92    0    0 326 -370  0
4218500 2850500  5 26  4   7.8 1011 278  3.5 5  6.3  92    0    0 313 -371  0
4218500 2850500  5 26  5   7.4 1011 280  3.9 5  6.0  92    6   15 305 -371  0
4218500 2850500  5 26  6   8.4 1012 279  4.4 4  6.1  92   51   56 300 -372  0
4218500 2850500  5 26  7   9.0 1012 285  4.5 5  6.2  89   81  118 299 -374  0
4218500 2850500  5 26  8   9.7 1013 300  5.5 6  6.1  83  103  191 312 -377  0
4218500 2850500  5 26  9  10.9 1014 276  5.3 6  5.9  75  165  252 318 -378  0
4218500 2850500  5 26 10  11.8 1014 296  5.9 5  5.4  65  295  276 313 -378  0
4218500 2850500  5 26 11  13.1 1015 277  5.3 5  5.1  56  279  327 309 -380  0
4218500 2850500  5 26 12  13.9 1014 272  6.0 6  5.1  54  283  348 319 -381  0
4218500 2850500  5 26 13  14.1 1014 270  6.6 6  5.1  51  339  330 326 -384  0
4218500 2850500  5 26 14  14.7 1014 275  5.1 7  4.7  46  135  349 333 -387  0
4218500 2850500  5 26 15  14.1 1013 278  4.4 8  4.8  48   19  263 346 -387  0
4218500 2850500  5 26 16  14.9 1013 257  4.8 8  5.2  51    9  216 354 -386  0
4218500 2850500  5 26 17  14.7 1012 235  4.0 7  5.3  51   57  206 348 -382  0
4218500 2850500  5 26 18  14.3 1011 219  2.9 7  5.2  50   16  133 340 -378  0
4218500 2850500  5 26 19  13.9 1010 181  2.2 7  5.3  52    0   37 338 -375  0
4218500 2850500  5 26 20  13.6 1010 164  2.0 8  5.5  56    0    7 344 -373  0
4218500 2850500  5 26 21  13.0 1009 132  1.6 8  5.8  60    0    0 352 -370  0
4218500 2850500  5 26 22  12.4 1009 185  2.0 8  6.1  66    0    0 352 -367  0
4218500 2850500  5 26 23  11.4 1010 242  2.2 8  6.7  76    0    0 353 -366  0
4218500 2850500  5 26 24  11.0 1010 234  2.3 8  7.1  86    0    0 352 -365  0
4218500 2850500  5 27  1  10.5 1010 232  1.6 8  7.2  89    0    0 351 -365  0
4218500 2850500  5 27  2  10.2 1010 241  2.0 8  7.1  91    0    0 351 -365  0
4218500 2850500  5 27  3  10.1 1010 235  1.6 8  7.1  92    0    0 351 -364  0
4218500 2850500  5 27  4   9.9 1010 252  1.0 8  7.2  93    0    0 353 -362  0
4218500 2850500  5 27  5  10.0 1010 355  0.1 8  7.3  95    0    5 353 -359  0
4218500 2850500  5 27  6  10.7 1011 265  0.8 7  7.5  95    0   18 348 -356  0
4218500 2850500  5 27  7  11.1 1011 235  0.6 7  7.6  94    0   61 343 -355  0
4218500 2850500  5 27  8  11.5 1012 205  2.2 7  7.6  90    0   87 343 -361  0
4218500 2850500  5 27  9  11.3 1012 234  2.8 8  7.3  86    0  101 344 -372  0
4218500 2850500  5 27 10  11.3 1013 241  2.6 8  7.2  87    1  214 343 -386  0
4218500 2850500  5 27 11  12.2 1013 235  2.7 7  7.7  89    2  236 334 -399  0
4218500 2850500  5 27 12  13.8 1013 240  3.6 7  7.9  85   29  315 331 -409  0
4218500 2850500  5 27 13  14.9 1013 249  4.3 6  7.7  75   60  346 329 -416  0
4218500 2850500  5 27 14  16.1 1013 267  5.3 6  7.4  67  137  349 326 -419  0
4218500 2850500  5 27 15  17.0 1012 275  4.9 6  7.4  63  155  312 329 -421  0
4218500 2850500  5 27 16  17.0 1012 261  4.2 7  7.3  60   24  234 335 -421  0
4218500 2850500  5 27 17  17.2 1011 257  4.5 7  7.0  58    7  170 341 -417  0
4218500 2850500  5 27 18  16.4 1010 256  4.0 7  7.0  59    1  103 341 -411  0
4218500 2850500  5 27 19  12.9 1010 246  3.0 7  7.8  74    0   30 338 -402  0
4218500 2850500  5 27 20  12.7 1010 226  2.9 8  8.7  93    0    5 340 -390  0
4218500 2850500  5 27 21  12.4 1010 241  1.0 8  8.7  95    0    0 346 -379  0
4218500 2850500  5 27 22  12.5 1010 175  2.6 8  8.7  96    0    0 349 -372  0
4218500 2850500  5 27 23  12.2 1009 201  3.0 8  8.7  96    0    0 351 -370  0
4218500 2850500  5 27 24  11.9 1008 208  2.9 7  8.6  97    0    0 344 -370  0
4218500 2850500  5 28  1  11.9 1007 223  2.8 8  8.6  98    0    0 344 -371  0
4218500 2850500  5 28  2  11.6 1006 231  3.2 8  8.5  98    0    0 355 -372  0
4218500 2850500  5 28  3  11.4 1006 236  3.6 8  8.5  99    0    0 356 -373  0
4218500 2850500  5 28  4  11.5 1004 221  3.3 8  8.5 100    0    0 359 -375  0
4218500 2850500  5 28  5  12.0 1003 238  4.2 8  8.6  99    0    5 362 -377  0
4218500 2850500  5 28  6  11.9 1003 261  5.3 7  8.7  98    1   39 357 -377  0
4218500 2850500  5 28  7  12.2 1003 270  6.4 6  8.7  98    2   87 347 -377  0
4218500 2850500  5 28  8  13.3 1003 272  7.3 5  8.7  93  151  187 338 -380  0
4218500 2850500  5 28  9  14.3 1003 281  8.9 4  8.2  82  273  225 329 -388  0
4218500 2850500  5 28 10  15.2 1003 279 10.4 4  7.4  70  334  268 325 -401  0
4218500 2850500  5 28 11  14.7 1003 284 11.5 5  6.6  62  233  347 327 -410  0
4218500 2850500  5 28 12  12.7 1003 282  9.6 4  6.8  69  177  374 321 -414  0
4218500 2850500  5 28 13  14.2 1004 272  8.2 3  7.6  78  445  299 309 -416  0
4218500 2850500  5 28 14  11.2 1004 279  7.6 5  7.6  82   52  327 309 -418  0
4218500 2850500  5 28 15  13.2 1005 273 12.3 4  7.1  79  242  310 306 -418  0
4218500 2850500  5 28 16  13.6 1005 278 10.0 4  6.7  69  249  250 301 -415  0
4218500 2850500  5 28 17  13.8 1005 278  8.3 3  6.7  68  153  206 296 -411  0
4218500 2850500  5 28 18  13.8 1006 278  9.3 3  6.5  66  116  143 289 -404  0
4218500 2850500  5 28 19  12.5 1006 290  7.5 4  6.1  64   30   85 292 -397  0
4218500 2850500  5 28 20  11.7 1006 272  6.7 4  6.0  68    5   27 295 -388  0
4218500 2850500  5 28 21  10.9 1007 282  7.4 3  6.0  71    0    0 289 -377  0
4218500 2850500  5 28 22  10.3 1008 278  6.4 4  5.9  74    0    0 287 -368  0
4218500 2850500  5 28 23   9.9 1008 274  5.0 4  6.0  78    0    0 289 -361  0
4218500 2850500  5 28 24   8.8 1008 270  5.1 2  6.0  82    0    0 276 -357  0
4218500 2850500  5 29  1   9.3 1008 270  4.9 3  6.0  84    0    0 268 -353  0
4218500 2850500  5 29  2   9.3 1008 261  4.9 7  6.1  84    0    0 294 -351  0
4218500 2850500  5 29  3   9.5 1008 274  4.9 7  6.2  84    0    0 315 -349  0
4218500 2850500  5 29  4   9.6 1008 267  4.3 7  6.3  85    0    0 317 -347  0
4218500 2850500  5 29  5   9.5 1007 272  3.9 7  6.4  86    0    4 317 -348  0
4218500 2850500  5 29  6   9.9 1007 262  4.3 6  6.5  86    0   28 312 -351  0
4218500 2850500  5 29  7  10.5 1007 263  4.2 6  6.5  83   20  114 308 -358  0
4218500 2850500  5 29  8  11.5 1006 263  4.6 6  6.4  78   75  197 314 -365  0
4218500 2850500  5 29  9  12.4 1006 246  4.9 6  6.4  73  102  265 320 -374  0
4218500 2850500  5 29 10  13.5 1005 264  5.0 7  6.2  66  152  318 328 -387  0
4218500 2850500  5 29 11  13.6 1005 263  5.5 6  5.9  61  143  355 327 -401  0
4218500 2850500  5 29 12  13.5 1004 239  4.2 6  5.5  57  130  373 321 -407  0
4218500 2850500  5 29 13  14.5 1003 219  3.3 6  5.8  58   60  351 323 -413  0
4218500 2850500  5 29 14  12.6 1002 276  6.1 6  6.2  63   66  338 322 -424  0
4218500 2850500  5 29 15  14.3 1002 207  4.3 4  6.0  62  386  260 314 -422  0
4218500 2850500  5 29 16  13.8 1002 225  4.5 5  6.0  59  210  261 313 -411  0
4218500 2850500  5 29 17  10.6 1001 307  4.3 7  6.2  69   11  178 318 -407  0
4218500 2850500  5 29 18  11.0 1001 321  2.7 8  6.7  81    5  117 325 -403  0
4218500 2850500  5 29 19  10.7 1001 240  2.3 6  6.9  84   44   86 322 -396  0
4218500 2850500  5 29 20  10.4 1001 246  2.8 6  6.7  84    3   25 314 -385  0
4218500 2850500  5 29 21   9.7 1001 279  2.6 7  6.8  87    0    0 317 -373  0
4218500 2850500  5 29 22   9.2 1001 255  2.7 7  6.7  90    0    0 320 -365  0
4218500 2850500  5 29 23   9.2 1000 267  3.2 6  6.7  91    0    0 315 -364  0
4218500 2850500  5 29 24   9.3 1001 268  3.2 6  6.7  91    0    0 310 -363  0
4218500 2850500  5 30  1   9.1 1000 277  3.9 7  6.6  90    0    0 315 -361  0
4218500 2850500  5 30  2   8.7 1000 297  3.5 7  6.5  91    0    0 319 -359  0
4218500 2850500  5 30  3   8.0 1000 302  3.1 6  6.3  92    0    0 312 -357  0
4218500 2850500  5 30  4   7.3 1000 299  3.9 6  6.1  92    0    0 306 -356  0
4218500 2850500  5 30  5   6.7 1001 292  3.7 4  5.9  93   25   18 294 -354  0
4218500 2850500  5 30  6   7.6 1001 292  3.6 1  5.9  93  130   40 269 -353  0
4218500 2850500  5 30  7   8.6 1001 286  3.5 4  6.1  89  141   93 269 -354  0
4218500 2850500  5 30  8   9.2 1001 291  4.0 7  6.1  84   32  179 300 -357  0
4218500 2850500  5 30  9   9.8 1001 273  5.2 7  6.0  80   56  247 319 -361  0
4218500 2850500  5 30 10   9.9 1001 275  4.7 7  6.0  78   97  301 323 -365  0
4218500 2850500  5 30 11  10.6 1001 273  5.5 7  6.2  78   36  307 326 -367  0
4218500 2850500  5 30 12  10.9 1001 285  4.5 7  6.1  75   46  323 327 -371  0
4218500 2850500  5 30 13  12.1 1001 257  4.9 6  6.0  70   12  281 323 -382  0
4218500 2850500  5 30 14  10.9 1001 270  5.3 7  6.4  75   80  327 321 -394  0
4218500 2850500  5 30 15  12.5 1001 286  5.3 5  6.6  76  230  284 316 -395  0
4218500 2850500  5 30 16  11.6 1001 291  4.8 5  6.5  73   51  245 307 -390  0
4218500 2850500  5 30 17  11.9 1002 311  5.2 5  6.6  76   54  199 305 -386  0
4218500 2850500  5 30 18  10.1 1002 281  3.1 6  6.6  80   13  128 306 -381  0
4218500 2850500  5 30 19  10.1 1002 320  3.5 7  6.9  88    3   66 311 -377  0
4218500 2850500  5 30 20   9.8 1002 319  3.6 6  6.9  89    1   20 311 -372  0
4218500 2850500  5 30 21   8.9 1002 273  3.7 6  6.6  89    0    0 305 -368  0
4218500 2850500  5 30 22   9.1 1002 278  4.4 6  6.7  92    0    0 304 -365  0
4218500 2850500  5 30 23   9.0 1002 274  4.8 6  6.6  91    0    0 304 -362  0
4218500 2850500  5 30 24   8.7 1003 283  4.9 7  6.5  91    0    0 308 -360  0
4218500 2850500  5 31  1   8.7 1003 293  4.1 7  6.4  91    0    0 314 -359  0
4218500 2850500  5 31  2   8.9 1003 285  4.4 7  6.3  88    0    0 316 -356  0
4218500 2850500  5 31  3   8.7 1003 282  4.3 8  6.4  89    0    0 322 -355  0
4218500 2850500  5 31  4   8.7 1003 290  4.3 8  6.5  91    0    0 327 -355  0
4218500 2850500  5 31  5   8.4 1003 280  4.8 8  6.5  92    0    4 325 -352  0
4218500 2850500  5 31  6   8.5 1003 281  5.0 8  6.4  92    0   17 325 -352  0
4218500 2850500  5 31  7   8.5 1004 283  5.4 8  6.3  90    0   47 325 -357  0
4218500 2850500  5 31  8   9.6 1004 280  4.5 6  6.1  85   45  133 316 -366  0
4218500 2850500  5 31  9   9.3 1004 273  5.4 7  6.2  83   11  178 312 -378  0
4218500 2850500  5 31 10   9.4 1004 279  4.5 8  6.5  88    0  181 325 -392  0
4218500 2850500  5 31 11  10.5 1005 274  4.9 7  7.1  92   38  245 329 -401  0
4218500 2850500  5 31 12  11.3 1005 255  4.0 7  7.4  90   72  250 328 -406  0
4218500 2850500  5 31 13  12.0 1005 288  3.7 7  7.4  86   22  252 328 -404  0
4218500 2850500  5 31 14  11.2 1005 265  2.7 8  7.4  87    0  130 328 -394  0
4218500 2850500  5 31 15  13.4 1005 349  2.3 7  7.2  80   87  208 327 -402  0
4218500 2850500  5 31 16  14.8 1005 354  3.8 5  7.1  70  300   61 321 -410  0
4218500 2850500  5 31 17  15.1 1006 357  2.8 7  6.9  64  144   99 321 -406  0
4218500 2850500  5 31 18  14.7 1006 359  3.2 7  6.4  60    0   95 327 -401  0
4218500 2850500  5 31 19  13.9 1006 296  1.8 8  6.2  61    7   59 328 -391  0
4218500 2850500  5 31 20  12.9 1007 296  2.5 6  6.8  70    0   11 323 -380  0
4218500 2850500  5 31 21  11.2 1007 283  3.9 7  6.9  78    0    0 315 -369  0
4218500 2850500  5 31 22   9.8 1008 266  3.9 7  6.7  84    0    0 314 -361  0
4218500 2850500  5 31 23   9.5 1009 246  3.0 6  6.9  92    0    0 309 -355  0
4218500 2850500  5 31 24   9.4 1009 256  3.9 5  6.9  93    0    0 300 -353  0
4218500 2850500  6  1  1   9.4 1009 291  5.8 6  6.8  92    0    0 303 -351  0
4218500 2850500  6  1  2   8.8 1009 303  6.2 7  6.3  87    0    0 306 -348  0
4218500 2850500  6  1  3   8.4 1010 285  5.1 7  5.7  81    0    0 308 -344  0
4218500 2850500  6  1  4   7.7 1009 270  4.7 6  5.4  80    0    0 301 -343  0
4218500 2850500  6  1  5   7.6 1009 274  5.1 7  5.2  80    0    7 301 -344  0
4218500 2850500  6  1  6   8.2 1009 275  4.8 7  5.1  77    0   24 306 -348  0
4218500 2850500  6  1  7   8.7 1009 274  5.6 7  5.0  73    0   80 308 -355  0
4218500 2850500  6  1  8   8.9 1010 276  6.3 6  4.8  68   31  177 304 -365  0
4218500 2850500  6  1  9   9.7 1010 289  5.9 7  4.6  63   26  229 306 -378  0
4218500 2850500  6  1 10   9.7 1011 265  5.3 7  4.8  64   92  283 313 -392  0
4218500 2850500  6  1 11  11.8 1011 270  4.3 6  5.1  63  242  282 310 -403  0
4218500 2850500  6  1 12  11.0 1011 224  4.1 7  5.0  60   79  326 311 -412  0
4218500 2850500  6  1 13  11.6 1011  57  3.2 6  5.1  61  107  329 311 -420  0
4218500 2850500  6  1 14  11.9 1011 157  3.3 6  5.1  60  206  302 307 -427  0
4218500 2850500  6  1 15  11.9 1011 298  2.5 5  5.1  59  241  256 304 -431  0
4218500 2850500  6  1 16  11.6 1012 309  3.3 8  5.6  65    0  156 310 -433  0
4218500 2850500  6  1 17  12.4 1012 130  2.1 8  5.7  65    0  102 320 -425  0
4218500 2850500  6  1 18  11.0 1013 163  3.2 5  5.5  64   26  141 308 -414  0
4218500 2850500  6  1 19  10.8 1013 154  1.5 3  5.5  68   79   73 289 -403  0
4218500 2850500  6  1 20  10.0 1014 190  1.3 4  5.7  73   17   30 285 -392  0
4218500 2850500  6  1 21   8.6 1014 310  1.4 3  6.0  82    0    0 283 -383  0
4218500 2850500  6  1 22   7.3 1015 311  1.9 2  5.9  89    0    0 272 -373  0
4218500 2850500  6  1 23   6.9 1016 314  1.7 2  5.8  93    0    0 265 -365  0
4218500 2850500  6  1 24   6.2 1017 345  1.5 1  5.8  96    0    0 258 -360  0
4218500 2850500  6  2  1   5.4 1018 325  2.3 1  5.6  97    0    0 252 -356  0
4218500 2850500  6  2  2   5.0 1018   5  1.8 0  5.3  97    0    0 246 -355  0
4218500 2850500  6  2  3   3.9 1018 339  1.1 0  5.1  97    0    0 239 -356  0
4218500 2850500  6  2  4   4.0 1019 305  0.9 0  4.9  97    0    0 238 -356  0
4218500 2850500  6  2  5   4.2 1019 345  1.2 1  4.9  96   12   21 242 -354  0
4218500 2850500  6  2  6   7.5 1020 342  0.1 1  5.4  95  120   48 252 -356  0
4218500 2850500  6  2  7   9.7 1020 316  0.9 0  6.2  90  287   52 257 -362  0
4218500 2850500  6  2  8  12.1 1021 296  1.6 0  6.0  74  418   85 259 -372  0
4218500 2850500  6  2  9  13.6 1022 276  1.5 0  5.3  57  593   52 265 -385  0
4218500 2850500  6  2 10  14.5 1023 116  1.3 2  4.9  49  612   96 279 -403  0
4218500 2850500  6  2 11  16.2 1023 317  2.5 3  4.8  45  393  284 296 -419  0
4218500 2850500  6  2 12  15.2 1023 309  2.4 4  4.6  42  307  349 305 -429  0
4218500 2850500  6  2 13  16.6 1023 321  2.7 4  4.4  39  298  357 308 -426  0
4218500 2850500  6  2 14  16.4 1023 327  3.7 4  4.5  38  277  344 307 -424  0
4218500 2850500  6  2 15  17.1 1023 290  3.2 4  4.4  38  216  321 306 -422  0
4218500 2850500  6  2 16  17.4 1022 281  3.7 4  4.6  38  233  262 307 -418  0
4218500 2850500  6  2 17  17.3 1022 305  3.2 3  4.7  38  244  186 305 -420  0
4218500 2850500  6  2 18  17.5 1022 274  3.5 3  4.8  39   89  160 301 -414  0
4218500 2850500  6  2 19  17.5 1022 330  3.6 5  4.8  39   11   90 308 -405  0
4218500 2850500  6  2 20  16.0 1022 328  3.5 3  4.8  40    0   23 305 -393  0
4218500 2850500  6  2 21  13.3 1022 337  2.0 2  5.1  49    0    0 290 -381  0
4218500 2850500  6  2 22  10.8 1022 347  2.4 3  5.7  66    0    0 284 -371  0
4218500 2850500  6  2 23   9.9 1021 354  2.1 2  6.1  79    0    0 281 -365  0
4218500 2850500  6  2 24   9.5 1021   8  2.3 1  6.2  83    0    0 272 -361  0
4218500 2850500  6  3  1   7.8 1021  13  2.2 1  6.1  88    0    0 265 -357  0
4218500 2850500  6  3  2   8.3 1021   1  1.6 1  6.0  90    0    0 264 -353  0
4218500 2850500  6  3  3   7.6 1021 326  2.5 1  6.0  90    0    0 265 -350  0
4218500 2850500  6  3  4   7.1 1021 343  1.5 1  5.8  92    0    0 264 -347  0
4218500 2850500  6  3  5   6.6 1021 337  1.2 1  5.7  92   12   19 262 -346  0
4218500 2850500  6  3  6   9.1 1020 319  1.8 1  6.0  91  119   42 265 -349  0
4218500 2850500  6  3  7  11.6 1020 327  2.3 1  6.3  81  275   52 270 -358  0
4218500 2850500  6  3  8  13.4 1021 312  2.2 1  6.1  68  404   82 276 -371  0
4218500 2850500  6  3  9  15.0 1020 302  3.2 1  6.2  62  516   61 283 -386  0
4218500 2850500  6  3 10  14.2 1020 308  4.6 5  6.6  64  154  303 303 -402  0
4218500 2850500  6  3 11  13.3 1020 289  4.5 7  6.7  69   17  299 326 -413  0
4218500 2850500  6  3 12  12.1 1020 283  4.1 7  7.3  80    4  271 335 -412  0
4218500 2850500  6  3 13  12.4 1020 289  3.6 7  7.9  90    1  249 338 -403  0
4218500 2850500  6  3 14  12.1 1019 295  4.0 7  8.1  92    1  244 341 -392  0
4218500 2850500  6  3 15  12.1 1019 299  3.6 7  8.2  93    0  164 342 -384  0
4218500 2850500  6  3 16  11.9 1019 281  4.2 8  8.2  94    0  111 348 -385  0
4218500 2850500  6  3 17  11.7 1018 289  4.0 8  8.1  94    0  102 354 -395  0
4218500 2850500  6  3 18  11.9 1018 284  3.4 7  8.1  94    0   90 350 -400  0
4218500 2850500  6  3 19  11.8 1017 266  2.8 7  8.2  95    1   71 346 -395  0
4218500 2850500  6  3 20  11.6 1017 266  3.0 8  8.1  94    0   18 351 -390  0
4218500 2850500  6  3 21  11.5 1016 272  3.6 8  8.0  94    0    0 356 -386  0
4218500 2850500  6  3 22  11.6 1016 291  4.0 8  8.0  95    0    0 356 -382  0
4218500 2850500  6  3 23  11.7 1016 304  4.2 8  8.2  96    0    0 358 -378  0
4218500 2850500  6  3 24  11.5 1015 303  4.0 8  8.0  94    0    0 357 -375  0
4218500 2850500  6  4  1  11.3 1015 301  4.3 8  7.8  93    0    0 354 -371  0
4218500 2850500  6  4  2  10.4 1014 302  4.4 7  7.5  93    0    0 344 -366  0
4218500 2850500  6  4  3   9.7 1014 304  4.3 7  7.1  92    0    0 333 -358  0
4218500 2850500  6  4  4   8.9 1013 302  4.5 7  6.6  90    0    0 327 -349  0
4218500 2850500  6  4  5   8.6 1013 295  4.4 8  6.1  87    0    4 325 -345  0
4218500 2850500  6  4  6   8.7 1013 296  4.1 7  5.9  85    0   17 323 -344  0
4218500 2850500  6  4  7   9.0 1013 301  4.6 7  6.0  85    0   52 316 -349  0
4218500 2850500  6  4  8   9.9 1013 292  5.9 6  6.0  82   17  185 310 -359  0
4218500 2850500  6  4  9  10.5 1014 293  6.1 5  5.3  69  107  274 300 -371  0
4218500 2850500  6  4 10  10.9 1014 292  6.7 6  5.0  62   76  322 301 -384  0
4218500 2850500  6  4 11  11.9 1014 293  6.9 5  5.2  62  174  370 303 -397  0
4218500 2850500  6  4 12  11.7 1014 292  6.6 6  5.1  60   63  363 303 -408  0
4218500 2850500  6  4 13  12.1 1014 304  6.1 6  5.0  58   55  358 306 -417  0
4218500 2850500  6  4 14  13.2 1014 288  5.6 6  5.1  56   20  304 309 -420  0
4218500 2850500  6  4 15  13.3 1013 285  5.0 7  5.3  56    0  188 315 -421  0
4218500 2850500  6  4 16  13.7 1013 308  4.0 7  5.6  59    0  171 321 -422  0
4218500 2850500  6  4 17  14.0 1013 292  5.0 6  5.7  58   11  191 319 -419  0
4218500 2850500  6  4 18  13.2 1013 281  4.6 7  5.7  58    3  121 320 -413  0
4218500 2850500  6  4 19  13.4 1013 285  5.6 6  5.9  62    6   85 322 -403  0
4218500 2850500  6  4 20  12.6 1013 295  5.1 6  5.9  63    1   29 317 -391  0
4218500 2850500  6  4 21  11.8 1013 288  3.9 6  5.7  64    0    0 314 -379  0
4218500 2850500  6  4 22  11.1 1013 282  4.3 6  5.6  67    0    0 312 -369  0
4218500 2850500  6  4 23  11.0 1014 304  5.2 6  5.5  67    0    0 310 -364  0
4218500 2850500  6  4 24  10.4 1014 303  4.9 7  5.3  67    0    0 314 -360  0
4218500 2850500  6  5  1   9.6 1014 312  4.9 6  5.1  67    0    0 312 -356  0
4218500 2850500  6  5  2   8.3 1013 283  4.6 4  4.9  70    0    0 297 -352  0
4218500 2850500  6  5  3   7.4 1013 284  4.0 3  5.1  77    0    0 281 -349  0
4218500 2850500  6  5  4   6.5 1013 281  3.9 2  5.3  85    0    0 270 -347  0
4218500 2850500  6  5  5   6.7 1013 294  3.8 4  5.2  86    0    4 272 -346  0
4218500 2850500  6  5  6   7.5 1013 293  3.9 7  5.3  84    0   24 295 -349  0
4218500 2850500  6  5  7   8.5 1013 292  3.9 7  5.4  81    7  110 312 -354  0
4218500 2850500  6  5  8  10.0 1014 291  4.3 6  5.5  75   74  208 313 -361  0
4218500 2850500  6  5  9  11.2 1015 294  4.5 6  5.4  68  154  269 313 -373  0
4218500 2850500  6  5 10  11.3 1015 284  4.3 6  5.1  61  100  324 316 -387  0
4218500 2850500  6  5 11  11.8 1015 278  4.5 6  4.9  58  103  360 317 -402  0
4218500 2850500  6  5 12  12.3 1015 279  3.7 6  4.9  56   66  364 319 -415  0
4218500 2850500  6  5 13  12.6 1015 306  3.9 6  4.9  55   32  335 318 -425  0
4218500 2850500  6  5 14  12.5 1015 281  3.8 7  4.9  55    0  235 321 -430  0
4218500 2850500  6  5 15  12.3 1016 292  3.8 6  5.0  56   13  265 318 -423  0
4218500 2850500  6  5 16  12.7 1016 281  3.7 5  5.1  57   92  288 310 -419  0
4218500 2850500  6  5 17  13.1 1016 297  3.5 6  5.3  57   93  233 310 -420  0
4218500 2850500  6  5 18  13.0 1016 275  3.1 6  5.4  58   35  160 315 -414  0
4218500 2850500  6  5 19  12.5 1016 268  2.5 6  5.4  59    5   84 314 -408  0
4218500 2850500  6  5 20  12.1 1016 209  2.4 7  5.4  60    0   18 319 -398  0
4218500 2850500  6  5 21  11.7 1016 309  2.2 7  5.4  62    0    0 323 -388  0
4218500 2850500  6  5 22  11.4 1017 266  1.8 8  5.6  66    0    0 327 -381  0
4218500 2850500  6  5 23  10.9 1017 234  2.2 8  5.9  72    0    0 330 -374  0
4218500 2850500  6  5 24  10.9 1017 245  2.3 8  6.0  74    0    0 328 -370  0
4218500 2850500  6  6  1  10.7 1018 240  2.0 8  6.0  74    0    0 327 -366  0
4218500 2850500  6  6  2  10.1 1016 213  1.8 7  6.0  77    0    0 323 -361  0
4218500 2850500  6  6  3  10.0 1017 254  2.2 7  6.2  81    0    0 318 -356  0
4218500 2850500  6  6  4  10.0 1017 298  2.0 7  6.3  83    0    0 318 -353  0
4218500 2850500  6  6  5   9.8 1017 292  1.9 7  6.5  85    0    4 318 -350  0
4218500 2850500  6  6  6  10.1 1017 310  2.1 7  6.6  87    0   23 316 -351  0
4218500 2850500  6  6  7  11.1 1018 287  1.9 6  6.8  86   17  117 311 -359  0
4218500 2850500  6  6  8  11.7 1018 301  2.3 6  7.0  83   62  191 308 -373  0
4218500 2850500  6  6  9  13.1 1019 326  2.4 7  7.1  80   44  246 313 -390  0
4218500 2850500  6  6 10  14.5 1019 334  2.6 6  7.0  72  204  280 317 -406  0
4218500 2850500  6  6 11  15.2 1019 327  3.1 5  6.7  64  140  330 313 -417  0
4218500 2850500  6  6 12  15.5 1019   3  3.4 7  6.5  60    0  171 318 -429  0
4218500 2850500  6  6 13  11.6 1019  60  2.6 8  6.9  72    0  109 319 -436  0
4218500 2850500  6  6 14  12.3 1020 237  2.2 8  7.2  84   37  310 318 -433  0
4218500 2850500  6  6 15  15.9 1020  86  2.0 5  6.9  69  505  160 317 -432  0
4218500 2850500  6  6 16  16.4 1020  29  2.5 4  6.3  56  569   52 313 -429  0
4218500 2850500  6  6 17  15.3 1020 329  3.4 3  6.1  54  170  193 305 -422  0
4218500 2850500  6  6 18  12.3 1020 310  5.1 7  6.5  66    5  127 307 -421  0
4218500 2850500  6  6 19  11.9 1020 273  2.1 7  7.0  80    2   74 313 -415  0
4218500 2850500  6  6 20  11.7 1021 310  1.3 6  7.4  87    0   14 311 -403  0
4218500 2850500  6  6 21  10.2 1020  11  1.8 5  7.3  90    0    0 303 -389  0
4218500 2850500  6  6 22   9.9 1021 316  1.9 6  7.1  93    0    0 300 -377  0
4218500 2850500  6  6 23   9.7 1021 301  2.0 5  6.9  92    0    0 298 -368  0
4218500 2850500  6  6 24   8.2 1021 302  1.9 2  6.6  93    0    0 283 -362  0
4218500 2850500  6  7  1   7.4 1021 294  1.7 3  6.2  95    0    0 272 -359  0
4218500 2850500  6  7  2   7.1 1021 318  2.0 4  6.1  96    0    0 277 -357  0
4218500 2850500  6  7  3   7.0 1021 305  2.1 4  6.2  99    0    0 281 -357  0
4218500 2850500  6  7  4   7.3 1021 342  1.7 4  6.2  98    0    0 284 -356  0
4218500 2850500  6  7  5   6.8 1021 320  2.1 2  6.0  97   19   22 279 -355  0
4218500 2850500  6  7  6   7.1 1021 326  1.6 1  6.1  98  131   51 272 -358  0
4218500 2850500  6  7  7  10.0 1021 286  0.8 2  6.7  97  270   63 280 -366  0
4218500 2850500  6  7  8  13.4 1022 279  1.2 2  7.1  83  420   86 296 -380  0
4218500 2850500  6  7  9  15.1 1023 291  1.8 2  6.6  66  600   54 307 -394  0
4218500 2850500  6  7 10  16.5 1023 295  2.4 2  5.8  52  691   67 313 -408  0
4218500 2850500  6  7 11  17.3 1023 307  2.7 2  5.2  44  617  165 316 -416  0
4218500 2850500  6  7 12  16.9 1023 289  2.9 3  5.0  42  307  359 316 -421  0
4218500 2850500  6  7 13  17.9 1023 275  2.2 5  5.0  41   82  376 326 -425  0
4218500 2850500  6  7 14  17.2 1022 340  3.2 6  5.2  42   47  338 340 -428  0
4218500 2850500  6  7 15  18.5 1022 300  1.5 5  5.2  41  107  336 344 -422  0
4218500 2850500  6  7 16  18.5 1022 356  1.9 5  4.8  37  209  278 343 -408  0
4218500 2850500  6  7 17  19.5 1021 265  3.2 2  4.6  34  386  118 332 -399  0
4218500 2850500  6  7 18  18.7 1021 293  1.9 2  5.0  37  207  124 319 -398  0
4218500 2850500  6  7 19  18.7 1021 282  2.4 2  5.1  38   62   98 316 -395  0
4218500 2850500  6  7 20  17.6 1021 290  2.6 5  4.8  38    0   27 325 -390  0
4218500 2850500  6  7 21  14.6 1021 340  2.2 4  5.2  46    0    0 328 -385  0
4218500 2850500  6  7 22  12.0 1022 356  2.0 3  5.7  61    0    0 309 -380  0
4218500 2850500  6  7 23  10.4 1021 315  2.3 3  6.0  73    0    0 298 -377  0
4218500 2850500  6  7 24   9.4 1021 307  1.8 2  6.1  81    0    0 290 -376  0
4218500 2850500  6  8  1   9.4 1021 319  1.7 0  6.2  85    0    0 272 -376  0
4218500 2850500  6  8  2   8.5 1021 306  1.5 0  6.2  87    0    0 258 -376  0
4218500 2850500  6  8  3   8.0 1021 301  2.0 1  6.1  90    0    0 258 -375  0
4218500 2850500  6  8  4   8.2 1021 277  2.6 4  6.2  92    0    0 278 -375  0
4218500 2850500  6  8  5   9.3 1021 275  2.3 6  6.4  92    0    6 308 -374  0
4218500 2850500  6  8  6  11.1 1021 270  2.2 8  6.8  88    0   38 337 -374  0
4218500 2850500  6  8  7  14.0 1022 268  2.2 7  6.8  75   19  127 352 -375  0
4218500 2850500  6  8  8  16.0 1022 271  2.5 6  6.3  60   72  213 346 -382  0
4218500 2850500  6  8  9  17.7 1022 265  3.2 5  6.2  52  311  217 341 -394  0
4218500 2850500  6  8 10  18.6 1022 265  3.0 3  5.9  46  552  154 328 -411  0
4218500 2850500  6  8 11  19.4 1022 306  3.6 4  5.6  42  323  334 325 -428  0
4218500 2850500  6  8 12  20.2 1022 275  3.8 4  5.8  41  256  385 333 -441  0
4218500 2850500  6  8 13  21.2 1022 283  4.3 3  6.1  40  426  326 333 -449  0
4218500 2850500  6  8 14  21.1 1022 301  4.9 3  6.2  40  462  288 330 -452  0
4218500 2850500  6  8 15  21.2 1022 308  3.5 2  5.9  38  450  249 323 -452  0
4218500 2850500  6  8 16  21.9 1022 299  3.3 2  5.9  37  381  217 319 -450  0
4218500 2850500  6  8 17  21.5 1021 293  3.6 2  5.9  36  268  192 319 -444  0
4218500 2850500  6  8 18  20.9 1021 321  3.5 2  5.5  35  166  150 316 -435  0
4218500 2850500  6  8 19  20.3 1021 287  2.5 1  5.3  35   92   93 310 -424  0
4218500 2850500  6  8 20  18.7 1021 284  2.5 1  5.3  38   16   39 302 -409  0
4218500 2850500  6  8 21  16.1 1021 294  2.3 1  5.6  46    0    0 296 -396  0
4218500 2850500  6  8 22  14.5 1022 340  3.1 1  6.3  58    0    0 290 -387  0
4218500 2850500  6  8 23  14.0 1022 357  3.1 2  6.8  68    0    0 289 -380  0
4218500 2850500  6  8 24  12.7 1022   9  2.6 3  7.2  76    0    0 293 -375  0
4218500 2850500  6  9  1  11.8 1022  15  2.5 2  7.4  84    0    0 290 -369  0
4218500 2850500  6  9  2  12.1 1022   8  1.8 3  7.5  87    0    0 291 -365  0
4218500 2850500  6  9  3  12.0 1022 342  1.9 4  7.7  88    0    0 297 -361  0
4218500 2850500  6  9  4  11.9 1022 355  1.5 5  7.7  89    0    0 303 -360  0
4218500 2850500  6  9  5  11.5 1022 352  1.4 6  7.7  91    4   20 310 -360  0
4218500 2850500  6  9  6  13.2 1022 316  1.5 6  8.2  92   45   68 321 -363  0
4218500 2850500  6  9  7  14.7 1022 326  1.4 6  8.6  87  107  126 328 -371  0
4218500 2850500  6  9  8  16.7 1022 283  1.9 6  8.6  78  129  201 334 -386  0
4218500 2850500  6  9  9  18.2 1022 320  2.4 6  8.6  70  207  251 340 -405  0
4218500 2850500  6  9 10  19.3 1022 301  2.4 7  8.6  64  358  253 346 -425  0
4218500 2850500  6  9 11  20.3 1022 338  3.5 6  8.3  58  374  297 345 -441  0
4218500 2850500  6  9 12  20.7 1021 335  3.3 6  7.6  51  250  371 344 -451  0
4218500 2850500  6  9 13  21.0 1021 340  3.2 7  7.3  48  208  381 352 -456  0
4218500 2850500  6  9 14  21.5 1020 316  2.5 7  7.4  47  157  366 358 -454  0
4218500 2850500  6  9 15  22.5 1020 306  3.9 6  7.6  46  257  316 359 -453  0
4218500 2850500  6  9 16  22.7 1019 330  3.3 4  7.2  43  275  253 351 -454  0
4218500 2850500  6  9 17  22.9 1019 323  3.4 2  6.7  39  304  163 338 -451  0
4218500 2850500  6  9 18  22.6 1019 318  3.4 2  6.7  39  184  135 330 -442  0
4218500 2850500  6  9 19  21.8 1018 315  3.3 3  6.5  39   81   93 329 -430  0
4218500 2850500  6  9 20  20.0 1018 329  2.4 5  6.6  43   16   39 331 -416  0
4218500 2850500  6  9 21  17.7 1018   3  2.2 5  7.0  52    0    0 330 -401  0
4218500 2850500  6  9 22  15.6 1019  36  2.5 4  7.4  62    0    0 320 -390  0
4218500 2850500  6  9 23  14.9 1019  30  2.4 4  7.3  68    0    0 311 -382  0
4218500 2850500  6  9 24  14.2 1019  61  1.9 5  7.3  71    0    0 310 -376  0
4218500 2850500  6 10  1  13.2 1019  65  2.0 5  7.4  76    0    0 309 -371  0
4218500 2850500  6 10  2  12.1 1019  47  1.6 5  7.4  81    0    0 304 -366  0
4218500 2850500  6 10  3  11.1 1019  54  1.2 4  7.4  87    0    0 298 -363  0
4218500 2850500  6 10  4  10.4 1019  38  2.1 4  7.3  91    0    0 294 -361  0
4218500 2850500  6 10  5  10.9 1018  22  2.0 3  7.3  92   13   22 290 -359  0
4218500 2850500  6 10  6  13.8 1019  56  2.3 2  7.6  85  101   62 289 -362  0
4218500 2850500  6 10  7  15.7 1020  46  3.0 1  7.9  76  237   84 289 -370  0
4218500 2850500  6 10  8  17.5 1020  11  2.0 1  7.7  66  373  101 290 -386  0
4218500 2850500  6 10  9  18.5 1020  31  2.9 2  7.5  59  511  111 298 -406  0
4218500 2850500  6 10 10  19.6 1020  90  2.2 2  7.5  55  635  117 306 -426  0
4218500 2850500  6 10 11  20.7 1020  80  3.4 2  7.5  52  669  148 312 -445  0
4218500 2850500  6 10 12  21.0 1021 101  3.8 3  7.6  50  521  275 319 -460  0
4218500 2850500  6 10 13  21.9 1021  36  3.8 3  7.8  49  565  256 325 -469  0
4218500 2850500  6 10 14  21.8 1020  67  3.2 3  7.6  47  596  216 327 -472  0
4218500 2850500  6 10 15  22.7 1020  88  3.2 2  7.2  43  586  171 325 -473  0
4218500 2850500  6 10 16  23.3 1020  75  3.7 1  7.1  41  499  151 321 -467  0
4218500 2850500  6 10 17  23.2 1020  90  3.2 0  7.1  40  358  145 316 -459  0
4218500 2850500  6 10 18  22.7 1020  81  3.7 0  6.9  40  213  129 311 -450  0
4218500 2850500  6 10 19  21.8 1020  86  3.6 0  6.4  38  100   94 305 -439  0
4218500 2850500  6 10 20  20.4 1020 100  2.9 1  6.1  39   20   41 303 -426  0
4218500 2850500  6 10 21  18.0 1021  97  2.6 1  6.1  44    0    0 299 -413  0
4218500 2850500  6 10 22  16.2 1021  97  3.1 1  6.2  51    0    0 291 -403  0
4218500 2850500  6 10 23  14.8 1022 107  2.6 1  6.4  59    0    0 288 -395  0
4218500 2850500  6 10 24  13.4 1022 115  2.6 0  6.5  66    0    0 282 -389  0
4218500 2850500  6 11  1  12.5 1023 123  2.2 1  6.5  71    0    0 280 -384  0
4218500 2850500  6 11  2  11.4 1022 127  2.1 2  6.6  77    0    0 284 -381  0
4218500 2850500  6 11  3  10.6 1022 133  1.8 2  6.7  82    0    0 284 -378  0
4218500 2850500  6 11  4   9.9 1023 153  1.7 1  6.7  86    0    0 280 -376  0
4218500 2850500  6 11  5  10.0 1023 135  1.2 1  6.7  89   15   22 276 -374  0
4218500 2850500  6 11  6  13.4 1024 145  1.3 1  7.1  84  108   58 282 -377  0
4218500 2850500  6 11  7  16.6 1025 158  1.3 0  7.1  67  249   75 288 -386  0
4218500 2850500  6 11  8  19.6 1025 158  1.7 0  6.3  49  397   84 295 -403  0
4218500 2850500  6 11  9  21.0 1025 167  2.7 0  5.9  40  538   90 304 -424  0
4218500 2850500  6 11 10  21.8 1025 149  2.0 0  6.0  38  657   95 311 -445  0
4218500 2850500  6 11 11  22.8 1025 138  2.7 0  6.1  37  744   98 318 -466  0
4218500 2850500  6 11 12  23.6 1025 168  2.6 0  6.3  36  782  108 322 -482  0
4218500 2850500  6 11 13  24.4 1025 164  2.5 0  6.4  35  781  114 325 -494  0
4218500 2850500  6 11 14  25.1 1025 130  2.5 0  6.4  33  736  120 327 -497  0
4218500 2850500  6 11 15  26.0 1024 124  2.6 0  6.6  33  644  128 329 -495  0
4218500 2850500  6 11 16  26.5 1024 133  2.4 0  6.9  33  519  132 332 -493  0
4218500 2850500  6 11 17  26.2 1023 134  2.3 0  6.9  32  366  135 332 -487  0
4218500 2850500  6 11 18  26.0 1023 125  2.2 1  6.6  32  214  125 333 -477  0
4218500 2850500  6 11 19  25.1 1023 137  2.1 0  6.7  33   99   91 331 -466  0
4218500 2850500  6 11 20  23.0 1023  96  1.8 1  7.0  38   18   40 328 -452  0
4218500 2850500  6 11 21  20.7 1023  78  0.9 0  7.5  46    0    0 323 -437  0
4218500 2850500  6 11 22  17.4 1024  79  1.9 0  7.9  58    0    0 314 -426  0
4218500 2850500  6 11 23  16.6 1024  79  2.3 0  8.1  68    0    0 308 -417  0
4218500 2850500  6 11 24  16.7 1024  82  3.0 0  8.4  72    0    0 309 -409  0
4218500 2850500  6 12  1  16.0 1024  87  3.2 0  8.5  74    0    0 307 -403  0
4218500 2850500  6 12  2  15.2 1024  97  2.8 0  8.5  78    0    0 304 -399  0
4218500 2850500  6 12  3  14.3 1024  89  2.7 0  8.4  81    0    0 301 -396  0
4218500 2850500  6 12  4  14.1 1024  88  2.7 0  8.3  83    0    0 299 -394  0
4218500 2850500  6 12  5  13.8 1024  88  2.2 0  8.3  84   14   22 298 -392  0
4218500 2850500  6 12  6  16.8 1024  79  1.6 0  8.5  79  106   58 303 -394  0
4218500 2850500  6 12  7  19.3 1024 143  1.2 0  8.8  69  246   76 311 -403  0
4218500 2850500  6 12  8  21.8 1024 145  1.2 0  9.0  60  389   87 319 -419  0
4218500 2850500  6 12  9  24.3 1024 136  1.6 0  9.3  54  528   94 329 -438  0
4218500 2850500  6 12 10  26.1 1024 117  2.5 0  9.2  46  645  101 338 -458  0
4218500 2850500  6 12 11  26.9 1024 146  2.9 1  8.3  39  703  120 344 -475  0
4218500 2850500  6 12 12  27.6 1023  98  3.0 1  7.9  35  744  128 349 -489  0
4218500 2850500  6 12 13  27.9 1023  63  2.7 1  7.9  34  769  121 351 -499  0
4218500 2850500  6 12 14  28.1 1022 121  1.7 1  7.6  32  723  128 353 -504  0
4218500 2850500  6 12 15  28.8 1022  73  1.7 1  7.6  32  626  139 354 -501  0
4218500 2850500  6 12 16  29.0 1022  93  2.0 1  7.8  31  477  159 355 -496  0
4218500 2850500  6 12 17  28.7 1021  65  3.2 1  7.7  31  347  147 354 -488  0
4218500 2850500  6 12 18  27.9 1020  78  2.6 1  7.5  32  215  125 349 -477  0
4218500 2850500  6 12 19  26.9 1020  84  2.9 1  7.3  32  102   91 345 -463  0
4218500 2850500  6 12 20  24.7 1020  79  2.9 1  7.1  34   19   42 339 -448  0
4218500 2850500  6 12 21  21.7 1020  78  2.8 1  6.9  39    0    0 331 -434  0
4218500 2850500  6 12 22  20.7 1020  80  2.9 1  7.0  45    0    0 324 -422  0
4218500 2850500  6 12 23  19.4 1020  88  2.7 1  7.4  51    0    0 321 -413  0
4218500 2850500  6 12 24  18.6 1020  90  2.8 1  7.7  57    0    0 320 -406  0
4218500 2850500  6 13  1  17.0 1020  90  3.0 1  7.9  63    0    0 315 -401  0
4218500 2850500  6 13  2  16.9 1020  90  2.9 1  8.0  67    0    0 313 -396  0
4218500 2850500  6 13  3  16.5 1020  89  2.8 2  8.1  69    0    0 314 -392  0
4218500 2850500  6 13  4  15.0 1020  93  2.5 1  8.2  74    0    0 312 -390  0
4218500 2850500  6 13  5  15.4 1020  86  2.2 1  8.5  80   12   22 307 -389  0
4218500 2850500  6 13  6  18.2 1020 106  1.8 1  8.9  75   99   60 311 -391  0
4218500 2850500  6 13  7  20.2 1020 129  1.5 0  9.2  66  239   78 314 -401  0
4218500 2850500  6 13  8  23.1 1020 148  1.7 0  9.3  58  380   92 319 -417  0
4218500 2850500  6 13  9  25.5 1020 183  1.1 0  9.3  49  521   99 327 -437  0
4218500 2850500  6 13 10  27.2 1019 149  1.8 0  8.7  41  639  104 334 -458  0
4218500 2850500  6 13 11  28.0 1019 184  2.1 0  8.2  36  719  114 341 -478  0
4218500 2850500  6 13 12  28.5 1019  30  1.4 1  8.1  34  761  122 348 -494  0
4218500 2850500  6 13 13  29.1 1018  29  2.2 1  8.0  33  764  126 354 -504  0
4218500 2850500  6 13 14  29.6 1017 101  1.5 1  8.0  32  720  132 358 -507  0
4218500 2850500  6 13 15  29.9 1017 167  1.8 1  8.0  30  628  140 362 -505  0
4218500 2850500  6 13 16  29.8 1016 213  2.8 1  8.1  31  504  143 363 -501  0
4218500 2850500  6 13 17  29.3 1016 179  2.0 1  8.1  32  353  145 362 -493  0
4218500 2850500  6 13 18  29.2 1015 157  1.5 1  8.2  32  208  130 360 -482  0
4218500 2850500  6 13 19  27.7 1015 116  2.1 0  8.3  34   99   93 356 -469  0
4218500 2850500  6 13 20  25.7 1014  87  2.6 0  8.2  37   19   42 347 -454  0
4218500 2850500  6 13 21  23.5 1014 102  2.7 0  7.9  41    0    0 339 -440  0
4218500 2850500  6 13 22  20.9 1014  97  2.8 0  7.9  47    0    0 330 -428  0
4218500 2850500  6 13 23  19.5 1014  83  2.7 0  8.1  55    0    0 325 -420  0
4218500 2850500  6 13 24  19.9 1014 131  3.8 0  8.3  58    0    0 324 -415  0
4218500 2850500  6 14  1  19.3 1014 133  2.9 0  8.4  59    0    0 323 -410  0
4218500 2850500  6 14  2  18.1 1014 143  2.7 0  8.5  63    0    0 320 -406  0
4218500 2850500  6 14  3  16.6 1014 151  2.7 0  8.6  69    0    0 315 -402  0
4218500 2850500  6 14  4  16.2 1014 142  2.6 0  8.5  73    0    0 311 -399  0
4218500 2850500  6 14  5  15.3 1014 133  2.3 0  8.7  77    9   22 307 -397  0
4218500 2850500  6 14  6  17.8 1013 123  2.4 0  8.9  76   97   59 308 -400  0
4218500 2850500  6 14  7  20.2 1013 139  1.8 0  9.0  65  238   76 314 -409  0
4218500 2850500  6 14  8  22.8 1013 140  2.3 0  9.2  57  380   90 322 -421  0
4218500 2850500  6 14  9  25.4 1013 131  2.5 0  9.8  52  522   96 331 -423  0
4218500 2850500  6 14 10  26.7 1012 149  2.4 0  9.9  47  645   98 338 -415  0
4218500 2850500  6 14 11  28.2 1012 132  3.0 0  9.6  42  728  106 344 -417  0
4218500 2850500  6 14 12  29.3 1012 130  1.9 0  9.1  37  746  127 348 -427  0
4218500 2850500  6 14 13  29.7 1011  54  1.8 1  8.6  33  690  171 355 -426  0
4218500 2850500  6 14 14  29.6 1011  52  2.1 1  8.8  34  646  177 360 -421  0
4218500 2850500  6 14 15  30.4 1010  85  2.3 1  8.6  32  510  212 361 -426  0
4218500 2850500  6 14 16  30.5 1010 174  2.0 2  8.1  30  406  202 364 -437  0
4218500 2850500  6 14 17  30.1 1010 303  2.3 2  8.3  31  284  183 367 -441  0
4218500 2850500  6 14 18  30.1 1009 300  1.6 2  8.3  31  146  157 365 -436  0
4218500 2850500  6 14 19  28.7 1009 285  2.0 3  8.4  32   59  105 367 -426  0
4218500 2850500  6 14 20  26.4 1009 118  3.1 4  8.5  37   16   41 368 -414  0
4218500 2850500  6 14 21  24.0 1010 115  3.0 3  8.3  41    0    0 358 -403  0
4218500 2850500  6 14 22  21.9 1010 113  3.0 3  8.3  47    0    0 346 -393  0
4218500 2850500  6 14 23  20.7 1010 116  3.2 2  8.4  53    0    0 336 -387  0
4218500 2850500  6 14 24  19.4 1011 119  3.1 1  8.5  58    0    0 322 -382  0
4218500 2850500  6 15  1  18.8 1011 165  2.7 2  8.4  60    0    0 318 -377  0
4218500 2850500  6 15  2  18.4 1011 145  2.5 3  8.1  60    0    0 324 -373  0
4218500 2850500  6 15  3  17.9 1011 162  1.8 5  8.2  63    0    0 336 -369  0
4218500 2850500  6 15  4  16.4 1011 220  1.9 6  8.5  70    0    0 346 -366  0
4218500 2850500  6 15  5  17.6 1011 253  1.1 6  9.0  74    0    5 351 -362  0
4218500 2850500  6 15  6  18.0 1011 284  1.9 6  9.7  76    9   62 353 -363  0
4218500 2850500  6 15  7  19.7 1012  37  1.3 4 10.2  75   93  141 348 -370  0
4218500 2850500  6 15  8  21.0 1012 236  1.6 4 10.6  70  174  201 344 -381  0
4218500 2850500  6 15  9  23.0 1012 233  2.0 5 11.2  67  199  270 356 -396  0
4218500 2850500  6 15 10  24.1 1012 271  1.9 6 11.5  63  334  291 371 -411  0
4218500 2850500  6 15 11  25.4 1012 288  2.1 6 11.4  58  405  316 381 -427  0
4218500 2850500  6 15 12  25.7 1012 266  2.4 5 11.7  57  418  342 382 -441  0
4218500 2850500  6 15 13  27.4 1012 313  1.9 7 12.1  55  254  400 391 -452  0
4218500 2850500  6 15 14  27.4 1012 298  3.4 7 12.2  53  166  387 403 -460  0
4218500 2850500  6 15 15  27.6 1012 288  3.0 7 12.2  53   84  331 403 -464  0
4218500 2850500  6 15 16  27.7 1012 299  3.1 6 12.2  52   69  282 400 -468  0
4218500 2850500  6 15 17  26.9 1012 301  2.6 7 12.3  54   48  229 398 -463  0
4218500 2850500  6 15 18  27.0 1011 302  2.3 6 11.5  51   40  167 394 -453  0
4218500 2850500  6 15 19  26.0 1011 329  0.9 6 11.3  52    0   73 387 -442  0
4218500 2850500  6 15 20  25.1 1011 267  1.6 7 12.1  59    0   12 387 -430  0
4218500 2850500  6 15 21  24.0 1011 271  1.7 7 12.3  63    0    0 386 -417  0
4218500 2850500  6 15 22  22.6 1011 297  2.9 6 12.7  71    0    0 377 -407  0
4218500 2850500  6 15 23  21.2 1011 323  2.4 5 13.3  80    0    0 364 -400  0
4218500 2850500  6 15 24  20.1 1011   4  2.0 3 13.1  85    0    0 347 -397  0
4218500 2850500  6 16  1  19.6 1011  10  2.1 4 12.9  88    0    0 340 -397  0
4218500 2850500  6 16  2  19.4 1011  57  2.0 6 12.7  89    0    0 349 -395  0
4218500 2850500  6 16  3  19.5 1011  19  1.8 7 12.6  88    0    0 360 -393  0
4218500 2850500  6 16  4  19.4 1011 297  3.0 8 12.4  87    0    0 368 -392  0
4218500 2850500  6 16  5  18.8 1011   1  3.5 8 12.4  89    0    4 372 -390  0
4218500 2850500  6 16  6  18.9 1011  26  2.1 7 12.7  93    0   16 367 -392  0
4218500 2850500  6 16  7  18.7 1012 258  3.9 7 12.9  94    0   37 362 -398  0
4218500 2850500  6 16  8  18.6 1013  25  3.5 6 12.8  94    2  140 359 -409  0
4218500 2850500  6 16  9  20.2 1012  25  1.9 6 12.7  90   50  277 358 -423  0
4218500 2850500  6 16 10  21.9 1012  10  2.0 6 12.5  80   78  344 365 -436  0
4218500 2850500  6 16 11  22.5 1012  57  2.2 6 11.8  70  110  391 370 -452  0
4218500 2850500  6 16 12  24.0 1012 115  2.7 6 11.5  64  145  421 373 -464  0
4218500 2850500  6 16 13  24.3 1011 358  1.4 6 11.5  61  186  429 378 -474  0
4218500 2850500  6 16 14  24.6 1011 147  2.3 5 11.4  59  128  402 372 -485  0
4218500 2850500  6 16 15  25.4 1010 160  2.0 2 11.4  57  243  372 358 -484  0
4218500 2850500  6 16 16  25.6 1010 170  2.7 3 11.5  56  181  324 352 -471  0
4218500 2850500  6 16 17  25.9 1010 149  3.0 2 11.4  54  221  243 352 -462  0
4218500 2850500  6 16 18  24.3 1009 177  1.8 3 11.6  58  100  188 349 -458  0
4218500 2850500  6 16 19  19.8 1009 327  3.4 8 12.1  72    0   30 357 -452  0
4218500 2850500  6 16 20  19.9 1009 317  4.2 7 12.6  86    0    6 362 -442  0
4218500 2850500  6 16 21  18.2 1009 319  4.4 7 12.4  89    0    0 356 -430  0
4218500 2850500  6 16 22  17.3 1010 304  3.8 7 11.6  91    0    0 349 -420  0
4218500 2850500  6 16 23  16.9 1010 323  3.1 6 11.4  93    0    0 343 -412  0
4218500 2850500  6 16 24  17.1 1010 303  3.5 5 11.5  94    0    0 337 -406  0
4218500 2850500  6 17  1  17.1 1010 295  3.6 8 11.5  94    0    0 342 -400  0
4218500 2850500  6 17  2  16.8 1011 294  3.2 8 11.4  94    0    0 349 -395  0
4218500 2850500  6 17  3  16.7 1011 280  3.1 8 11.3  94    0    0 349 -392  0
4218500 2850500  6 17  4  16.1 1011 270  4.6 8 11.3  96    0    0 348 -390  0
4218500 2850500  6 17  5  15.0 1011 286  5.0 8 10.8  98    0   10 345 -388  0
4218500 2850500  6 17  6  14.6 1011 285  4.5 8 10.2  97    0   23 339 -390  0
4218500 2850500  6 17  7  14.8 1012 280  4.3 7 10.2  97    0   66 332 -399  0
4218500 2850500  6 17  8  15.1 1012 287  4.9 7 10.1  94    3  147 328 -415  0
4218500 2850500  6 17  9  15.9 1012 277  4.4 6  9.8  89   55  267 326 -436  0
4218500 2850500  6 17 10  16.5 1012 269  4.1 6  9.3  81  107  330 326 -456  0
4218500 2850500  6 17 11  16.9 1013 270  4.4 7  8.6  72   23  317 330 -475  0
4218500 2850500  6 17 12  17.2 1013 276  4.4 6  8.3  68   19  324 333 -492  0
4218500 2850500  6 17 13  17.3 1013 301  4.2 6  8.3  68  153  392 333 -504  0
4218500 2850500  6 17 14  17.8 1013 301  4.6 6  8.3  66   37  325 336 -511  0
4218500 2850500  6 17 15  16.8 1013 282  4.5 7  8.3  68    0  171 338 -513  0
4218500 2850500  6 17 16  17.0 1013 296  5.1 8  8.1  68    0  159 340 -509  0
4218500 2850500  6 17 17  17.5 1013 280  4.6 8  8.0  65    2  159 343 -500  0
4218500 2850500  6 17 18  16.7 1013 276  4.4 6  7.9  65   29  159 339 -489  0
4218500 2850500  6 17 19  16.2 1013 285  3.2 6  7.9  68   10   93 333 -477  0
4218500 2850500  6 17 20  15.6 1013 274  2.8 7  8.0  71    0   26 334 -464  0
4218500 2850500  6 17 21  15.3 1013 277  2.5 7  7.9  72    0    0 336 -452  0
4218500 2850500  6 17 22  14.3 1013 277  2.2 6  8.0  76    0    0 333 -441  0
4218500 2850500  6 17 23  14.0 1013 250  2.9 5  8.2  81    0    0 327 -434  0
4218500 2850500  6 17 24  13.8 1013 233  2.4 5  8.5  85    0    0 326 -427  0
4218500 2850500  6 18  1  13.9 1013 260  2.7 5  8.6  87    0    0 326 -420  0
4218500 2850500  6 18  2  13.7 1013 254  2.0 6  8.9  90    0    0 331 -415  0
4218500 2850500  6 18  3  13.9 1013 258  2.1 6  9.0  92    0    0 334 -410  0
4218500 2850500  6 18  4  13.8 1013 220  1.4 6  9.0  90    0    0 334 -406  0
4218500 2850500  6 18  5  13.1 1013 257  1.8 7  8.9  92    0   10 334 -403  0
4218500 2850500  6 18  6  14.2 1013 266  2.2 6  9.1  93   11   63 332 -405  0
4218500 2850500  6 18  7  15.1 1013 242  2.5 3  9.3  89  123  132 324 -414  0
4218500 2850500  6 18  8  16.1 1013 278  2.6 3  9.5  85  284  149 319 -431  0
4218500 2850500  6 18  9  17.2 1013 271  3.0 3  9.6  81  422  166 324 -451  0
4218500 2850500  6 18 10  18.0 1013 280  3.1 2  9.6  76  471  217 326 -471  0
4218500 2850500  6 18 11  20.0 1013 249  3.3 2  9.6  70  555  230 331 -490  0
4218500 2850500  6 18 12  21.1 1013 265  3.9 3  9.9  65  463  311 342 -502  0
4218500 2850500  6 18 13  22.6 1013 274  3.6 4  9.8  60  400  346 351 -510  0
4218500 2850500  6 18 14  22.9 1012 296  4.1 5  9.3  53  316  359 357 -519  0
4218500 2850500  6 18 15  23.4 1012 285  3.2 5  8.9  50  286  330 359 -521  0
4218500 2850500  6 18 16  24.2 1012 262  2.8 5  8.6  46  346  247 360 -517  0
4218500 2850500  6 18 17  24.1 1011 293  2.3 5  8.2  44  272  202 360 -511  0
4218500 2850500  6 18 18  23.9 1011 309  1.8 4  8.5  45  166  161 356 -500  0
4218500 2850500  6 18 19  23.9 1011 319  1.1 5  8.8  47   48  110 355 -489  0
4218500 2850500  6 18 20  21.7 1010  40  1.0 5  8.8  51   14   45 354 -476  0
4218500 2850500  6 18 21  19.7 1010  90  2.5 4  9.2  60    0    0 345 -461  0
4218500 2850500  6 18 22  18.7 1011 109  2.2 2  9.6  68    0    0 332 -449  0
4218500 2850500  6 18 23  17.8 1011 109  2.9 1  9.9  75    0    0 317 -440  0
4218500 2850500  6 18 24  17.7 1011 127  2.7 1 10.2  80    0    0 310 -432  0
4218500 2850500  6 19  1  16.7 1011 128  3.3 1 10.2  82    0    0 309 -427  0
4218500 2850500  6 19  2  16.5 1011 137  3.1 2 10.0  84    0    0 311 -423  0
4218500 2850500  6 19  3  15.1 1011 129  3.1 3  9.8  87    0    0 315 -420  0
4218500 2850500  6 19  4  15.0 1010 128  2.8 4  9.8  91    0    3 322 -417  0
4218500 2850500  6 19  5  14.6 1010 118  3.1 5  9.9  93   26   26 329 -415  0
4218500 2850500  6 19  6  16.8 1009 117  2.8 3 10.0  89  103   69 329 -418  0
4218500 2850500  6 19  7  19.1 1009 127  3.1 2 10.1  78  218  100 326 -427  0
4218500 2850500  6 19  8  21.2 1009 118  3.0 2 10.3  69  351  122 329 -442  0
4218500 2850500  6 19  9  23.2 1008 102  3.4 3 10.6  63  410  176 342 -462  0
4218500 2850500  6 19 10  25.2 1008 122  4.0 3 10.8  57  515  195 356 -479  0
4218500 2850500  6 19 11  27.1 1008 134  4.2 2 10.8  50  685  156 363 -493  0
4218500 2850500  6 19 12  28.6 1008 145  4.5 2 10.7  45  685  191 370 -504  0
4218500 2850500  6 19 13  29.2 1007 177  3.8 3 10.5  42  475  315 380 -510  0
4218500 2850500  6 19 14  29.5 1007 207  4.6 3 10.6  41  336  355 386 -515  0
4218500 2850500  6 19 15  29.2 1007 203  4.1 3 10.8  42  443  267 387 -518  0
4218500 2850500  6 19 16  29.8 1006 204  4.0 4 11.0  42  220  295 390 -520  0
4218500 2850500  6 19 17  29.7 1006 216  3.4 6 11.2  42  119  246 399 -518  0
4218500 2850500  6 19 18  25.0 1005 247  4.1 5 11.5  50   79  178 394 -509  0
4218500 2850500  6 19 19  19.8 1006 297  4.6 6 12.4  72    0   57 379 -496  0
4218500 2850500  6 19 20  19.7 1007 178  2.3 7 13.0  89    0   25 379 -484  0
4218500 2850500  6 19 21  19.0 1007 217  2.2 7 12.8  90    0    0 381 -472  0
4218500 2850500  6 19 22  19.1 1008 232  1.8 7 12.7  91    0    0 380 -461  0
4218500 2850500  6 19 23  18.4 1009 216  2.6 5 12.8  93    0    0 372 -454  0
4218500 2850500  6 19 24  18.2 1009 233  3.2 3 12.8  97    0    0 355 -451  0
4218500 2850500  6 20  1  18.3 1009 273  2.5 3 12.7  96    0    0 345 -444  0
4218500 2850500  6 20  2  18.1 1009 251  2.1 3 12.4  94    0    0 345 -437  0
4218500 2850500  6 20  3  17.8 1009 243  3.0 3 12.2  94    0    0 344 -433  0
4218500 2850500  6 20  4  17.1 1009 274  1.7 2 11.9  95    0    0 337 -430  0
4218500 2850500  6 20  5  17.5 1009 270  1.7 2 11.9  95    0    6 331 -426  0
4218500 2850500  6 20  6  18.5 1010 322  1.7 2 12.5  96   18   64 333 -427  0
4218500 2850500  6 20  7  19.3 1010 357  0.5 5 12.8  92   85  129 346 -433  0
4218500 2850500  6 20  8  21.1 1011  24  1.7 4 11.5  77  261  141 357 -442  0
4218500 2850500  6 20  9  23.6 1011  95  1.8 2 10.8  64  414  145 348 -454  0
4218500 2850500  6 20 10  24.7 1011 152  1.9 3 11.5  61  421  216 351 -465  0
4218500 2850500  6 20 11  24.6 1011 259  2.3 4 11.9  61  261  334 366 -476  0
4218500 2850500  6 20 12  25.8 1011 226  2.0 4 11.8  58  327  340 376 -489  0
4218500 2850500  6 20 13  26.4 1011 288  2.8 4 11.5  54  235  370 382 -498  0
4218500 2850500  6 20 14  27.3 1010 241  2.1 4 11.6  52  226  356 388 -496  0
4218500 2850500  6 20 15  28.3 1010 230  2.9 4 11.7  50  254  316 392 -498  0
4218500 2850500  6 20 16  28.3 1009 230  3.6 4 11.6  48  215  273 392 -503  0
4218500 2850500  6 20 17  27.0 1009 274  3.8 5 11.4  49  139  227 393 -500  0
4218500 2850500  6 20 18  24.6 1009 326  2.1 3 11.7  56  139  156 383 -492  0
4218500 2850500  6 20 19  25.0 1009   4  1.2 4 12.3  62   49  102 377 -477  0
4218500 2850500  6 20 20  23.8 1009   3  0.6 6 12.6  65    0   13 387 -461  0
4218500 2850500  6 20 21  22.2 1009  89  1.8 7 13.0  73    0    0 394 -452  0
4218500 2850500  6 20 22  21.3 1009 105  2.8 6 12.9  78    0    0 389 -447  0
4218500 2850500  6 20 23  21.5 1009 128  1.3 6 12.9  80    0    0 384 -440  0
4218500 2850500  6 20 24  21.2 1009 114  1.9 7 13.0  81    0    0 387 -432  0
4218500 2850500  6 21  1  20.5 1009 137  2.3 6 13.1  84    0    0 384 -427  0
4218500 2850500  6 21  2  20.8 1009 165  2.8 5 13.3  86    0    0 376 -424  0
4218500 2850500  6 21  3  20.2 1008 171  2.7 4 13.3  87    0    0 368 -421  0
4218500 2850500  6 21  4  19.9 1008 190  3.6 4 13.2  89    0    0 364 -419  0
4218500 2850500  6 21  5  19.6 1007 191  3.1 2 13.3  91    0    7 357 -417  0
4218500 2850500  6 21  6  20.5 1007 190  3.5 4 13.4  90   23   67 356 -419  0
4218500 2850500  6 21  7  22.2 1007 232  3.6 6 13.5  84   50  134 373 -428  0
4218500 2850500  6 21  8  23.8 1007 262  4.6 6 13.2  74  112  206 385 -442  0
4218500 2850500  6 21  9  24.3 1007 267  4.1 5 12.8  68  450  144 386 -461  0
4218500 2850500  6 21 10  24.8 1007 282  4.4 5 12.5  64  236  313 385 -479  0
4218500 2850500  6 21 11  25.2 1007 268  3.3 6 12.4  62  155  367 392 -487  0
4218500 2850500  6 21 12  26.2 1007 227  3.6 5 12.6  60  220  386 396 -486  0
4218500 2850500  6 21 13  26.2 1007 253  2.5 6 12.5  58   93  373 399 -478  0
4218500 2850500  6 21 14  27.2 1006 247  3.4 7 12.1  55   49  334 405 -480  0
4218500 2850500  6 21 15  27.7 1006 221  4.4 6 12.0  52  109  338 407 -487  0
4218500 2850500  6 21 16  28.1 1005 255  5.3 4 11.9  50  222  287 397 -487  0
4218500 2850500  6 21 17  27.2 1005 289  4.5 5 12.0  51  159  236 390 -485  0
4218500 2850500  6 21 18  26.4 1004 323  3.7 6 12.7  57   67  171 394 -478  0
4218500 2850500  6 21 19  24.9 1005 310  3.3 5 12.9  62   29  105 390 -468  0
4218500 2850500  6 21 20  23.2 1005 326  3.0 2 12.4  65   23   46 362 -459  0
4218500 2850500  6 21 21  21.0 1005 329  2.7 2 12.0  71    0    0 339 -451  0
4218500 2850500  6 21 22  19.6 1005   7  2.3 3 11.7  78    0    0 340 -442  0
4218500 2850500  6 21 23  19.3 1006   9  1.9 3 11.7  82    0    0 344 -434  0
4218500 2850500  6 21 24  18.2 1006 200  0.4 2 11.8  86    0    0 339 -429  0
4218500 2850500  6 22  1  18.4 1006 351  2.5 3 11.7  88    0    0 338 -424  0
4218500 2850500  6 22  2  18.1 1006 344  2.7 6 10.6  80    0    0 354 -419  0
4218500 2850500  6 22  3  17.7 1006   6  2.4 7  9.8  76    0    0 371 -416  0
4218500 2850500  6 22  4  17.3 1005  69  1.7 8  9.8  78    0    0 380 -414  0
4218500 2850500  6 22  5  17.5 1005 150  2.3 8 10.0  80    0    5 384 -413  0
4218500 2850500  6 22  6  18.1 1005 173  2.4 8 10.5  82    1   45 385 -415  0
4218500 2850500  6 22  7  18.7 1006 171  2.2 6 11.1  83   53  135 377 -421  0
4218500 2850500  6 22  8  20.8 1006 178  2.6 4 11.0  76  197  184 360 -426  0
4218500 2850500  6 22  9  22.4 1006 193  4.6 4 10.4  64  322  212 355 -429  0
4218500 2850500  6 22 10  23.1 1006 215  4.2 5  9.9  56  207  321 366 -441  0
4218500 2850500  6 22 11  23.5 1006 246  5.5 4  9.7  54  156  369 369 -449  0
4218500 2850500  6 22 12  24.1 1006 214  5.2 3  9.5  51  360  352 362 -458  0
4218500 2850500  6 22 13  24.3 1005 250  5.2 3  9.2  48  440  323 360 -470  0
4218500 2850500  6 22 14  24.6 1005 275  5.7 6  9.2  48   74  349 374 -476  0
4218500 2850500  6 22 15  23.7 1005 239  5.3 8  9.1  48    0  142 393 -478  0
4218500 2850500  6 22 16  24.1 1005 239  6.3 6  9.3  50   14  229 392 -481  0
4218500 2850500  6 22 17  22.8 1005 294  6.1 6  9.2  50   21  202 381 -479  0
4218500 2850500  6 22 18  21.6 1006 295  5.7 7  8.4  50    0  100 379 -467  0
4218500 2850500  6 22 19  20.1 1006 309  5.4 5  7.8  50   31  105 370 -453  0
4218500 2850500  6 22 20  19.1 1007 288  4.2 5  7.2  50    8   43 355 -440  0
4218500 2850500  6 22 21  17.7 1008 286  3.3 3  6.4  48    0    0 341 -427  0
4218500 2850500  6 22 22  17.0 1009 286  3.2 4  6.1  49    0    0 332 -415  0
4218500 2850500  6 22 23  16.9 1010 290  3.3 5  6.2  52    0    0 339 -407  0
4218500 2850500  6 22 24  16.1 1010 288  2.7 5  6.4  55    0    0 342 -400  0
4218500 2850500  6 23  1  15.2 1010 290  2.9 5  6.5  58    0    0 337 -394  0
4218500 2850500  6 23  2  14.0 1011 277  2.7 4  6.6  64    0    0 329 -389  0
4218500 2850500  6 23  3  13.5 1011 253  2.3 3  6.7  68    0    0 318 -385  0
4218500 2850500  6 23  4  12.0 1012 279  2.5 2  6.8  74    0    0 307 -381  0
4218500 2850500  6 23  5  12.4 1012 264  2.0 2  7.0  78    0   11 301 -378  0
4218500 2850500  6 23  6  14.9 1012 219  1.6 2  7.2  74   23   73 304 -380  0
4218500 2850500  6 23  7  14.9 1013 289  2.6 1  7.4  70  117  140 302 -388  0
4218500 2850500  6 23  8  16.4 1013 289  1.9 3  7.3  66  120  218 308 -402  0
4218500 2850500  6 23  9  17.5 1014 271  2.3 5  7.1  59  216  274 328 -420  0
4218500 2850500  6 23 10  18.6 1014 241  2.3 6  6.8  53  241  334 342 -438  0
4218500 2850500  6 23 11  19.1 1014 298  3.4 5  6.5  48  184  390 345 -455  0
4218500 2850500  6 23 12  19.8 1014  88  3.5 6  6.3  45   55  373 350 -468  0
4218500 2850500  6 23 13  20.8 1014  54  3.1 4  6.0  40  137  407 350 -470  0
4218500 2850500  6 23 14  20.6 1014  95  4.3 4  6.0  40  310  383 345 -457  0
4218500 2850500  6 23 15  21.1 1014 283  4.2 4  6.1  40  283  352 346 -457  0
4218500 2850500  6 23 16  20.5 1014 283  3.5 4  6.0  39  276  293 346 -470  0
4218500 2850500  6 23 17  20.9 1014 293  3.6 5  6.0  40  142  256 349 -471  0
4218500 2850500  6 23 18  20.3 1014 288  2.8 4  6.1  40  100  186 347 -460  0
4218500 2850500  6 23 19  19.8 1014 320  2.6 6  6.3  43   39  113 348 -447  0
4218500 2850500  6 23 20  18.2 1014 329  2.2 5  6.5  48    4   43 347 -435  0
4218500 2850500  6 23 21  15.4 1014 344  2.0 3  6.7  56    0    0 329 -422  0
4218500 2850500  6 23 22  14.3 1015   7  2.2 2  6.9  66    0    0 311 -412  0
4218500 2850500  6 23 23  13.4 1015  36  1.6 2  6.9  70    0    0 303 -404  0
4218500 2850500  6 23 24  12.8 1015  31  1.5 2  7.0  74    0    0 301 -399  0
4218500 2850500  6 24  1  11.0 1015  48  1.8 3  7.1  82    0    0 302 -394  0
4218500 2850500  6 24  2  12.4 1015  12  1.4 5  7.3  85    0    0 310 -391  0
4218500 2850500  6 24  3  12.7 1015  49  1.5 6  7.3  81    0    0 321 -387  0
4218500 2850500  6 24  4  12.1 1015  31  1.5 6  7.2  80    0    0 322 -383  0
4218500 2850500  6 24  5  12.5 1015  81  1.8 5  7.4  83    9   23 318 -380  0
4218500 2850500  6 24  6  14.2 1015  72  1.7 3  7.7  80   61   75 312 -383  0
4218500 2850500  6 24  7  17.4 1015  87  2.2 2  7.6  68  188  111 310 -394  0
4218500 2850500  6 24  8  19.8 1015  96  2.8 1  7.2  54  319  136 312 -411  0
4218500 2850500  6 24  9  21.2 1015  83  2.9 2  6.9  46  439  159 320 -432  0
4218500 2850500  6 24 10  22.8 1015 112  2.7 3  7.0  42  523  188 333 -453  0
4218500 2850500  6 24 11  23.6 1014 111  3.3 4  7.0  40  473  275 345 -472  0
4218500 2850500  6 24 12  23.8 1014 127  2.8 5  6.8  38  450  320 354 -485  0
4218500 2850500  6 24 13  24.9 1014 122  2.7 5  7.0  37  320  378 362 -492  0
4218500 2850500  6 24 14  24.8 1013 137  3.2 5  7.1  36  264  378 365 -495  0
4218500 2850500  6 24 15  25.5 1013 185  2.5 5  7.1  35  329  319 367 -498  0
4218500 2850500  6 24 16  26.7 1012 115  2.9 4  7.5  36  331  256 370 -496  0
4218500 2850500  6 24 17  25.5 1012  73  1.9 2  7.5  36  301  191 362 -487  0
4218500 2850500  6 24 18  25.7 1011  70  3.6 2  7.5  37  166  163 354 -479  0
4218500 2850500  6 24 19  24.6 1011  61  3.4 4  8.0  40   27  107 356 -470  0
4218500 2850500  6 24 20  23.5 1011  72  4.1 3  8.0  42    7   44 355 -458  0
4218500 2850500  6 24 21  22.1 1011  66  4.0 2  7.8  45    0    0 345 -446  0
4218500 2850500  6 24 22  20.7 1011  65  3.8 2  7.8  49    0    0 337 -434  0
4218500 2850500  6 24 23  19.8 1011  65  3.3 2  8.0  54    0    0 332 -425  0
4218500 2850500  6 24 24  18.3 1011  67  2.7 0  8.4  60    0    0 324 -418  0
4218500 2850500  6 25  1  17.7 1011  69  2.9 1  8.8  68    0    0 319 -412  0
4218500 2850500  6 25  2  17.1 1011  74  2.4 2  9.0  72    0    0 322 -408  0
4218500 2850500  6 25  3  16.1 1011  81  2.5 2  9.0  76    0    0 324 -404  0
4218500 2850500  6 25  4  16.4 1010 105  2.7 3  9.2  80    0    0 325 -400  0
4218500 2850500  6 25  5  16.7 1010 107  2.6 2  9.7  82    0   16 325 -398  0
4218500 2850500  6 25  6  18.1 1010 124  2.2 3 10.2  81   37   71 326 -400  0
4218500 2850500  6 25  7  20.4 1010 130  2.2 4 10.6  75  126  125 338 -410  0
4218500 2850500  6 25  8  22.7 1010 120  2.5 2 10.9  67  303  131 342 -428  0
4218500 2850500  6 25  9  25.0 1010 125  2.2 2 11.2  60  454  136 345 -449  0
4218500 2850500  6 25 10  27.3 1010 124  3.1 2 11.6  54  598  131 356 -471  0
4218500 2850500  6 25 11  28.8 1010 131  3.8 3 11.6  48  589  196 368 -491  0
4218500 2850500  6 25 12  30.2 1009 149  4.2 3 10.7  41  530  267 378 -507  0
4218500 2850500  6 25 13  31.4 1009 156  4.0 4 10.3  37  498  291 388 -520  0
4218500 2850500  6 25 14  31.2 1008 148  3.6 4 10.0  35  365  336 394 -526  0
4218500 2850500  6 25 15  31.9 1008 157  4.5 6  9.6  33  200  348 401 -517  0
4218500 2850500  6 25 16  31.6 1007 132  3.6 5  9.3  32  188  296 406 -503  0
4218500 2850500  6 25 17  31.7 1007 109  4.6 4  9.3  32  201  225 400 -489  0
4218500 2850500  6 25 18  30.9 1006 113  4.1 5  9.5  33   54  174 399 -475  0
4218500 2850500  6 25 19  30.1 1006 131  4.9 4  9.5  35   28  107 396 -467  0
4218500 2850500  6 25 20  28.8 1006 130  4.2 4  9.6  37    9   44 391 -460  0
4218500 2850500  6 25 21  26.9 1006 118  4.0 4  9.8  41    0    0 385 -453  0
4218500 2850500  6 25 22  25.2 1006  94  3.2 5 10.0  47    0    0 382 -448  0
4218500 2850500  6 25 23  24.9 1006  99  3.3 6 10.3  51    0    0 387 -444  0
4218500 2850500  6 25 24  24.4 1006 111  3.3 6 11.0  56    0    0 389 -441  0
4218500 2850500  6 26  1  24.2 1006 127  3.8 6 11.8  61    0    0 390 -436  0
4218500 2850500  6 26  2  23.7 1005 118  3.7 5 12.3  65    0    0 388 -430  0
4218500 2850500  6 26  3  24.0 1005 166  3.4 6 12.9  69    0    0 387 -424  0
4218500 2850500  6 26  4  21.2 1005 306  3.1 6 12.9  74    0    0 386 -418  0
4218500 2850500  6 26  5  21.2 1005  35  2.3 6 12.9  81    1   16 379 -413  0
4218500 2850500  6 26  6  20.8 1005 212  3.8 8 13.4  85    0   29 383 -413  0
4218500 2850500  6 26  7  21.1 1005 238  4.6 8 13.9  88   10  112 389 -422  0
4218500 2850500  6 26  8  22.0 1006 251  5.7 5 13.6  83  166  193 378 -437  0
4218500 2850500  6 26  9  23.5 1007 242  4.4 5 12.6  72  298  220 369 -455  0
4218500 2850500  6 26 10  25.3 1007 225  4.3 3 11.9  61  589  137 368 -473  0
4218500 2850500  6 26 11  26.3 1007 261  5.1 2 12.0  57  670  147 365 -492  0
4218500 2850500  6 26 12  26.7 1007 250  5.4 2 12.2  56  523  272 366 -506  0
4218500 2850500  6 26 13  28.2 1008 238  6.1 2 11.9  51  447  318 370 -515  0
4218500 2850500  6 26 14  27.7 1008 228  5.6 2 11.7  49  468  289 372 -519  0
4218500 2850500  6 26 15  28.3 1008 235  5.9 4 11.6  48  166  353 378 -519  0
4218500 2850500  6 26 16  27.5 1008 239  6.6 4 11.1  47  181  298 382 -517  0
4218500 2850500  6 26 17  27.4 1008 228  8.0 3 10.1  44  264  201 374 -511  0
4218500 2850500  6 26 18  26.9 1008 243  6.6 2  9.6  43  172  156 364 -498  0
4218500 2850500  6 26 19  26.0 1008 257  5.9 1  9.5  44   99  101 353 -484  0
4218500 2850500  6 26 20  25.2 1008 260  3.6 1  9.4  45   23   47 345 -470  0
4218500 2850500  6 26 21  23.5 1009 234  3.5 1  9.5  50    0    0 342 -457  0
4218500 2850500  6 26 22  21.8 1010 213  2.6 1  9.8  56    0    0 339 -446  0
4218500 2850500  6 26 23  19.9 1010 205  2.8 1 10.1  65    0    0 337 -439  0
4218500 2850500  6 26 24  19.9 1010 228  3.1 1 10.2  70    0    0 335 -433  0
4218500 2850500  6 27  1  19.3 1010 211  2.3 1 10.4  72    0    0 334 -427  0
4218500 2850500  6 27  2  18.7 1011 214  2.9 1 10.5  76    0    0 333 -423  0
4218500 2850500  6 27  3  17.5 1011 223  2.6 1 10.4  80    0    0 331 -423  0
4218500 2850500  6 27  4  17.1 1011 220  2.5 1 10.3  83    0    0 329 -423  0
4218500 2850500  6 27  5  17.8 1011 239  3.2 0 10.4  83    7   22 328 -424  0
4218500 2850500  6 27  6  19.6 1011 268  4.0 0 10.7  79   66   74 328 -426  0
4218500 2850500  6 27  7  20.3 1012 270  4.6 0 10.6  72  178  112 329 -435  0
4218500 2850500  6 27  8  21.3 1012 264  5.1 1 10.2  66  291  146 334 -449  0
4218500 2850500  6 27  9  21.9 1013 264  4.9 1 10.2  63  423  165 340 -469  0
4218500 2850500  6 27 10  23.2 1013 262  5.8 2 10.3  60  497  201 346 -492  0
4218500 2850500  6 27 11  24.0 1013 281  5.0 2 10.1  55  609  198 351 -512  0
4218500 2850500  6 27 12  24.8 1013 290  6.4 2  9.9  51  676  193 355 -527  0
4218500 2850500  6 27 13  25.1 1013 254  5.9 1  9.4  48  704  185 357 -527  0
4218500 2850500  6 27 14  25.5 1013 267  4.8 1  8.9  44  646  200 354 -514  0
4218500 2850500  6 27 15  25.9 1013 302  4.0 1  8.6  42  574  197 353 -518  0
4218500 2850500  6 27 16  26.2 1012 289  3.5 1  8.5  40  414  218 354 -531  0
4218500 2850500  6 27 17  25.2 1012 344  2.9 4  8.7  42   58  241 361 -527  0
4218500 2850500  6 27 18  23.5 1011 337  4.2 7  9.0  47    0   46 378 -515  0
4218500 2850500  6 27 19  21.5 1011 318  4.8 7  9.4  55    0   20 382 -503  0
4218500 2850500  6 27 20  20.9 1012 339  3.9 7  9.3  59    0   11 378 -491  0
4218500 2850500  6 27 21  20.1 1012 326  2.5 6  9.3  61    0    0 372 -480  0
4218500 2850500  6 27 22  19.6 1013 349  1.6 6  9.5  65    0    0 366 -471  0
4218500 2850500  6 27 23  19.1 1013 358  1.1 7  9.5  68    0    0 368 -460  0
4218500 2850500  6 27 24  19.1 1013 283  2.5 7  9.6  70    0    0 373 -450  0
4218500 2850500  6 28  1  18.8 1013 299  2.2 7  9.8  72    0    0 372 -443  0
4218500 2850500  6 28  2  18.2 1013 307  2.8 6  9.9  74    0    0 367 -432  0
4218500 2850500  6 28  3  16.7 1014 309  2.8 4  9.9  79    0    0 351 -417  0
4218500 2850500  6 28  4  15.7 1014 312  2.9 3  9.8  85    0    0 333 -410  0
4218500 2850500  6 28  5  14.8 1014 310  2.6 3  9.6  88    0   16 327 -407  0
4218500 2850500  6 28  6  16.0 1014 326  2.7 2  9.3  85   25   74 325 -403  0
4218500 2850500  6 28  7  16.5 1014 310  3.3 4  8.9  77   62  148 332 -403  0
4218500 2850500  6 28  8  17.5 1015 310  2.9 6  8.4  70  109  222 348 -409  0
4218500 2850500  6 28  9  18.1 1015 301  3.7 6  8.0  63   98  294 355 -420  0
4218500 2850500  6 28 10  19.1 1015 295  3.4 6  8.0  60  178  352 356 -434  0
4218500 2850500  6 28 11  19.9 1015 291  4.5 6  8.1  57  158  397 357 -448  0
4218500 2850500  6 28 12  19.8 1016 293  4.1 6  8.1  56  173  421 355 -459  0
4218500 2850500  6 28 13  20.2 1015 311  4.1 6  8.2  56  128  420 351 -468  0
4218500 2850500  6 28 14  19.6 1015 320  3.9 7  8.2  57   32  347 348 -475  0
4218500 2850500  6 28 15  20.1 1016 288  4.0 6  8.0  55   70  355 344 -477  0
4218500 2850500  6 28 16  20.4 1016 280  4.0 5  7.8  53  178  325 342 -476  0
4218500 2850500  6 28 17  20.7 1015 299  3.4 4  7.7  51  186  253 341 -471  0
4218500 2850500  6 28 18  20.0 1015 326  3.5 4  7.6  51  137  185 340 -462  0
4218500 2850500  6 28 19  19.3 1015 307  3.0 5  7.5  52   61  118 341 -451  0
4218500 2850500  6 28 20  18.4 1016 331  3.1 4  7.4  54    7   46 338 -440  0
4218500 2850500  6 28 21  16.5 1016 345  2.3 4  7.4  60    0    0 330 -426  0
4218500 2850500  6 28 22  15.9 1017  22  3.4 5  7.4  65    0    0 329 -415  0
4218500 2850500  6 28 23  14.9 1017  43  2.8 4  7.4  68    0    0 327 -408  0
4218500 2850500  6 28 24  14.0 1017  27  2.6 2  7.4  72    0    0 314 -402  0
4218500 2850500  6 29  1  13.4 1017  59  2.3 2  7.4  76    0    0 304 -397  0
4218500 2850500  6 29  2  13.7 1018  68  2.3 3  7.4  77    0    0 308 -392  0
4218500 2850500  6 29  3  13.1 1018  72  2.7 4  7.4  77    0    0 316 -387  0
4218500 2850500  6 29  4  13.3 1018  61  1.5 5  7.2  77    0    0 323 -383  0
4218500 2850500  6 29  5  14.3 1018  69  2.1 5  7.4  76    3   21 328 -380  0
4218500 2850500  6 29  6  15.2 1018  81  2.1 3  7.9  76   63   76 322 -382  0
4218500 2850500  6 29  7  15.8 1018 100  2.5 2  8.2  74  149  126 312 -390  0
4218500 2850500  6 29  8  17.6 1019  64  2.8 2  7.7  65  294  150 311 -405  0
4218500 2850500  6 29  9  19.0 1019  74  2.8 2  7.3  56  392  188 316 -422  0
4218500 2850500  6 29 10  19.0 1019  67  2.6 5  7.1  52  143  340 328 -440  0
4218500 2850500  6 29 11  19.4 1019  34  2.7 5  6.8  49  240  374 339 -456  0
4218500 2850500  6 29 12  20.3 1019  21  2.3 5  6.8  48  273  395 343 -470  0
4218500 2850500  6 29 13  21.3 1019  29  3.6 5  7.0  46  254  406 348 -482  0
4218500 2850500  6 29 14  21.4 1018  65  2.4 5  6.9  44  229  394 349 -492  0
4218500 2850500  6 29 15  22.3 1018  13  3.2 6  6.8  42  249  353 351 -495  0
4218500 2850500  6 29 16  22.6 1018  15  4.9 5  6.7  40  327  265 352 -491  0
4218500 2850500  6 29 17  21.4 1017  14  5.0 5  6.9  42  219  231 349 -483  0
4218500 2850500  6 29 18  20.7 1018  12  4.6 6  7.1  46   88  185 350 -471  0
4218500 2850500  6 29 19  19.9 1018  27  3.9 6  7.1  48   13  101 354 -458  0
4218500 2850500  6 29 20  18.5 1018  39  4.9 7  7.0  51    0   27 356 -446  0
4218500 2850500  6 29 21  17.4 1018  46  4.1 6  7.0  55    0    0 354 -433  0
4218500 2850500  6 29 22  16.7 1019  47  3.6 7  7.0  58    0    0 353 -422  0
4218500 2850500  6 29 23  16.2 1019  47  3.9 7  6.8  59    0    0 356 -414  0
4218500 2850500  6 29 24  15.3 1020  56  3.4 6  6.9  62    0    0 351 -408  0
4218500 2850500  6 30  1  15.1 1020  49  3.3 7  7.0  65    0    0 349 -404  0
4218500 2850500  6 30  2  14.8 1020  45  3.1 6  7.1  67    0    0 349 -401  0
4218500 2850500  6 30  3  14.3 1020  44  3.1 7  7.3  71    0    0 347 -398  0
4218500 2850500  6 30  4  14.0 1020  35  2.9 7  7.4  74    0    0 350 -396  0
4218500 2850500  6 30  5  13.8 1020  36  2.8 7  7.4  76    0    4 350 -396  0
4218500 2850500  6 30  6  14.4 1020  33  2.9 7  7.5  76    0   17 351 -401  0
4218500 2850500  6 30  7  14.9 1021  41  2.4 7  7.7  74    0   32 352 -412  0
4218500 2850500  6 30  8  15.1 1021  48  2.9 7  7.8  74    0   49 353 -426  0
4218500 2850500  6 30  9  15.5 1021  40  2.1 7  7.9  73    0   75 356 -442  0
4218500 2850500  6 30 10  16.3 1021  42  2.9 7  8.1  72    0  104 359 -460  0
4218500 2850500  6 30 11  17.0 1021  45  2.1 7  8.1  69    0  121 362 -480  0
4218500 2850500  6 30 12  17.5 1022   7  2.5 8  8.1  66    0  138 368 -498  0
4218500 2850500  6 30 13  17.9 1022  23  2.9 7  7.9  63    0  203 370 -511  0
4218500 2850500  6 30 14  18.6 1022  21  2.7 6  7.9  61   40  315 365 -517  0
4218500 2850500  6 30 15  19.3 1022  58  2.4 5  8.1  59  321  242 359 -524  0
4218500 2850500  6 30 16  20.0 1022  37  2.6 6  8.0  57  164  249 362 -523  0
4218500 2850500  6 30 17  19.1 1022  37  2.7 7  8.1  57    0  151 369 -510  0
4218500 2850500  6 30 18  18.8 1022  39  2.2 7  8.0  59    0  100 371 -496  0
4218500 2850500  6 30 19  18.5 1022   6  2.1 7  8.0  60    0   57 370 -483  0
4218500 2850500  6 30 20  17.8 1022  32  2.0 7  8.1  63    0   32 368 -470  0
4218500 2850500  6 30 21  17.1 1022   1  1.3 7  8.2  66    0    0 365 -457  0
4218500 2850500  6 30 22  16.0 1022 348  1.4 7  8.3  71    0    0 361 -446  0
4218500 2850500  6 30 23  16.0 1022 343  1.6 7  8.4  74    0    0 359 -437  0
4218500 2850500  6 30 24  15.9 1022 341  1.8 6  8.6  77    0    0 355 -432  0
4218500 2850500  7  1  1  15.1 1023  18  2.1 7  9.1  86    0    0 357 -430  0
4218500 2850500  7  1  2  15.0 1023  18  2.3 7  9.3  88    0    0 358 -429  0
4218500 2850500  7  1  3  15.3 1022  19  1.6 7  9.7  91    0    0 360 -427  0
4218500 2850500  7  1  4  14.9 1022  45  1.6 6  9.7  91    0    0 356 -424  0
4218500 2850500  7  1  5  14.8 1022   4  1.0 4  9.7  92    4   17 341 -422  0
4218500 2850500  7  1  6  16.2 1023  74  1.8 2  9.7  89   71   58 324 -422  0
4218500 2850500  7  1  7  17.8 1023  79  1.3 1  9.6  80  220   69 315 -424  0
4218500 2850500  7  1  8  20.2 1023  98  1.0 0  9.4  69  393   65 314 -428  0
4218500 2850500  7  1  9  22.2 1023  63  1.7 0  9.4  60  548   60 319 -433  0
4218500 2850500  7  1 10  24.1 1023  67  2.5 1  9.3  53  644   76 333 -446  0
4218500 2850500  7  1 11  25.0 1022  79  2.8 2  9.0  47  555  184 349 -464  0
4218500 2850500  7  1 12  26.3 1022  99  3.1 4  8.3  40  314  341 365 -477  0
4218500 2850500  7  1 13  26.5 1022 102  3.1 3  7.9  37  313  348 373 -487  0
4218500 2850500  7  1 14  26.7 1022  61  3.1 3  7.7  36  329  324 369 -495  0
4218500 2850500  7  1 15  26.7 1021 102  2.2 3  7.5  35  215  320 369 -497  0
4218500 2850500  7  1 16  27.9 1021  79  3.3 4  7.8  34  133  273 376 -494  0
4218500 2850500  7  1 17  27.8 1020  68  3.9 2  7.5  32  247  189 372 -488  0
4218500 2850500  7  1 18  27.3 1020  66  4.0 2  6.9  30  222  117 361 -480  0
4218500 2850500  7  1 19  26.7 1020  63  4.3 1  6.6  30  114   86 354 -469  0
4218500 2850500  7  1 20  24.8 1020  69  3.5 2  6.5  32   24   42 348 -454  0
4218500 2850500  7  1 21  22.0 1020  60  3.2 1  6.4  36    0    0 339 -439  0
4218500 2850500  7  1 22  21.0 1021  78  3.7 1  6.4  40    0    0 327 -428  0
4218500 2850500  7  1 23  20.6 1021  88  3.7 1  6.5  43    0    0 324 -420  0
4218500 2850500  7  1 24  18.7 1021  96  3.4 1  6.6  47    0    0 319 -413  0
4218500 2850500  7  2  1  17.1 1022 106  2.7 0  6.7  53    0    0 310 -407  0
4218500 2850500  7  2  2  15.8 1022  86  3.2 0  6.7  58    0    0 301 -403  0
4218500 2850500  7  2  3  15.0 1022  89  2.9 1  6.7  62    0    0 300 -400  0
4218500 2850500  7  2  4  14.9 1022  80  2.8 1  6.7  64    0    0 302 -398  0
4218500 2850500  7  2  5  14.9 1022  69  2.7 1  6.9  66   19   23 300 -395  0
4218500 2850500  7  2  6  16.4 1022  87  2.6 0  7.1  65   99   58 297 -394  0
4218500 2850500  7  2  7  18.7 1022  89  3.0 0  7.4  59  230   74 296 -400  0
4218500 2850500  7  2  8  21.5 1022  97  2.6 0  7.5  52  380   82 304 -413  0
4218500 2850500  7  2  9  23.8 1022  83  3.0 0  7.5  44  528   81 312 -430  0
4218500 2850500  7  2 10  25.9 1022  85  4.4 1  7.2  37  644   84 323 -447  0
4218500 2850500  7  2 11  25.7 1022  82  3.9 1  7.0  34  708  100 331 -463  0
4218500 2850500  7  2 12  26.8 1022 100  5.2 1  7.0  33  754  107 334 -476  0
4218500 2850500  7  2 13  27.5 1021 108  4.6 1  6.7  30  776  103 337 -485  0
4218500 2850500  7  2 14  28.1 1021  95  5.5 1  6.5  28  724  116 340 -489  0
4218500 2850500  7  2 15  28.5 1020 108  4.3 1  6.4  27  636  125 342 -490  0
4218500 2850500  7  2 16  28.6 1020 102  5.4 1  6.3  26  518  129 342 -490  0
4218500 2850500  7  2 17  28.5 1019  87  4.8 0  6.6  27  380  127 339 -485  0
4218500 2850500  7  2 18  27.6 1019  81  5.7 0  6.6  28  227  120 332 -474  0
4218500 2850500  7  2 19  26.8 1018  79  4.6 0  6.3  28  101   93 327 -460  0
4218500 2850500  7  2 20  25.2 1018  97  3.5 0  6.3  30   21   42 322 -446  0
4218500 2850500  7  2 21  22.0 1018  79  2.7 0  6.4  36    0    0 314 -433  0
4218500 2850500  7  2 22  19.8 1019  80  2.9 0  6.6  43    0    0 304 -422  0
4218500 2850500  7  2 23  19.1 1019  85  3.0 0  6.8  48    0    0 299 -414  0
4218500 2850500  7  2 24  17.4 1019 101  3.0 0  7.0  54    0    0 295 -408  0
4218500 2850500  7  3  1  16.6 1019  69  2.6 0  7.1  59    0    0 290 -405  0
4218500 2850500  7  3  2  15.4 1019  76  3.1 0  7.1  63    0    0 287 -402  0
4218500 2850500  7  3  3  15.4 1019  70  3.1 0  7.1  66    0    0 284 -398  0
4218500 2850500  7  3  4  15.7 1019  79  3.6 1  7.2  66    0    0 289 -393  0
4218500 2850500  7  3  5  16.0 1019  79  3.0 1  7.4  66   18   22 294 -390  0
4218500 2850500  7  3  6  17.2 1019  89  3.1 0  7.6  65   99   58 291 -390  0
4218500 2850500  7  3  7  19.1 1019 102  2.8 0  7.7  60  233   74 289 -397  0
4218500 2850500  7  3  8  22.1 1019 117  3.1 0  7.8  52  388   80 296 -412  0
4218500 2850500  7  3  9  24.2 1019 103  3.9 0  7.8  44  537   79 306 -430  0
4218500 2850500  7  3 10  25.6 1018  92  5.7 0  7.4  38  665   76 312 -450  0
4218500 2850500  7  3 11  26.9 1018  92  5.8 0  7.2  34  763   72 319 -469  0
4218500 2850500  7  3 12  27.0 1018  86  5.5 0  6.9  31  813   76 322 -484  0
4218500 2850500  7  3 13  28.1 1017  76  5.8 0  6.2  27  813   84 325 -494  0
4218500 2850500  7  3 14  28.6 1017  89  0.6 0  5.9  25  757   98 328 -498  0
4218500 2850500  7  3 15  28.9 1016 105  4.9 0  5.8  24  663  111 329 -500  0
4218500 2850500  7  3 16  29.6 1016  94  4.9 0  5.9  24  542  117 331 -499  0
4218500 2850500  7  3 17  29.1 1015  92  5.2 0  5.8  23  403  117 331 -493  0
4218500 2850500  7  3 18  28.4 1015 107  4.8 0  5.7  23  248  112 328 -483  0
4218500 2850500  7  3 19  27.3 1015  98  4.5 0  5.9  25  115   90 325 -472  0
4218500 2850500  7  3 20  25.5 1015  99  3.5 0  5.9  28   24   44 320 -459  0
4218500 2850500  7  3 21  22.0 1015  96  3.3 1  6.1  33    0    0 316 -445  0
4218500 2850500  7  3 22  20.2 1015  97  3.2 0  6.2  40    0    0 308 -432  0
4218500 2850500  7  3 23  17.6 1015  95  2.8 0  6.3  46    0    0 296 -421  0
4218500 2850500  7  3 24  18.0 1016  95  3.0 0  6.4  50    0    0 293 -415  0
4218500 2850500  7  4  1  17.8 1016  89  3.2 0  6.4  50    0    0 292 -410  0
4218500 2850500  7  4  2  16.4 1016  85  2.8 0  6.4  52    0    0 289 -406  0
4218500 2850500  7  4  3  15.5 1016  85  2.4 1  6.2  55    0    0 288 -401  0
4218500 2850500  7  4  4  15.0 1016  79  2.5 0  6.1  56    0    0 284 -396  0
4218500 2850500  7  4  5  15.0 1016  86  2.6 0  6.3  59   18   23 279 -392  0
4218500 2850500  7  4  6  16.8 1016  96  2.5 0  6.7  60   95   60 281 -393  0
4218500 2850500  7  4  7  19.4 1016 115  2.3 0  7.1  55  227   78 286 -401  0
4218500 2850500  7  4  8  22.4 1017 125  3.6 0  7.6  50  374   88 295 -416  0
4218500 2850500  7  4  9  24.9 1016 129  3.8 0  7.5  41  519   90 304 -437  0
4218500 2850500  7  4 10  26.4 1016 122  5.4 0  6.6  32  644   90 311 -458  0
4218500 2850500  7  4 11  27.1 1016 129  4.6 0  6.0  28  738   90 316 -478  0
4218500 2850500  7  4 12  28.1 1016 103  5.3 0  5.8  25  782   98 321 -492  0
4218500 2850500  7  4 13  28.6 1015 140  4.7 0  5.5  23  788  102 326 -500  0
4218500 2850500  7  4 14  29.2 1015 128  4.5 0  5.3  21  730  118 329 -504  0
4218500 2850500  7  4 15  30.2 1015 125  4.6 0  5.5  21  639  128 334 -508  0
4218500 2850500  7  4 16  30.4 1014 123  3.9 0  5.4  20  518  133 335 -508  0
4218500 2850500  7  4 17  30.1 1014 102  3.9 0  5.0  19  385  128 335 -502  0
4218500 2850500  7  4 18  29.6 1013 124  3.5 0  4.7  18  237  118 331 -493  0
4218500 2850500  7  4 19  28.7 1013 107  3.3 0  4.4  18  106   93 328 -482  0
4218500 2850500  7  4 20  26.2 1013  99  2.7 0  4.5  20   22   43 323 -469  0
4218500 2850500  7  4 21  22.7 1013  94  3.0 1  4.8  25    0    0 316 -454  0
4218500 2850500  7  4 22  21.1 1014 107  3.2 1  5.1  31    0    0 311 -439  0
4218500 2850500  7  4 23  21.1 1014 108  3.2 0  5.4  35    0    0 308 -430  0
4218500 2850500  7  4 24  21.2 1014 127  3.2 0  5.9  38    0    0 306 -425  0
4218500 2850500  7  5  1  19.8 1014 138  2.8 0  6.6  44    0    0 305 -420  0
4218500 2850500  7  5  2  19.0 1014 139  2.7 0  7.6  54    0    0 304 -415  0
4218500 2850500  7  5  3  18.0 1014 136  2.7 1  8.6  64    0    0 305 -409  0
4218500 2850500  7  5  4  16.7 1014 121  2.8 1  9.1  73    0    0 304 -404  0
4218500 2850500  7  5  5  16.4 1014 150  2.8 0  9.3  79    6   20 299 -400  0
4218500 2850500  7  5  6  19.5 1014 139  3.5 0  9.4  73   70   60 298 -401  0
4218500 2850500  7  5  7  22.6 1014 149  4.3 0  9.5  61  206   79 307 -409  0
4218500 2850500  7  5  8  24.3 1014 150  5.2 0  9.1  50  360   86 312 -425  0
4218500 2850500  7  5  9  26.2 1014 149  6.0 0  8.2  41  509   84 317 -444  0
4218500 2850500  7  5 10  27.4 1014 157  5.7 0  7.6  34  636   82 323 -464  0
4218500 2850500  7  5 11  29.2 1014 147  6.0 0  7.2  30  726   85 332 -482  0
4218500 2850500  7  5 12  30.1 1014 165  5.5 0  7.0  27  774   90 339 -497  0
4218500 2850500  7  5 13  31.0 1013 129  5.1 0  6.8  25  776   98 345 -505  0
4218500 2850500  7  5 14  31.7 1013 116  4.6 0  6.6  23  716  118 349 -509  0
4218500 2850500  7  5 15  31.9 1012 126  5.9 0  6.5  22  626  128 350 -513  0
4218500 2850500  7  5 16  31.8 1012 132  4.5 0  6.2  21  502  136 349 -514  0
4218500 2850500  7  5 17  31.8 1012 135  5.2 0  6.2  21  371  129 349 -511  0
4218500 2850500  7  5 18  31.1 1011 156  4.3 0  6.3  22  227  118 347 -503  0
4218500 2850500  7  5 19  30.0 1011 134  4.2 0  6.4  23  102   91 343 -491  0
4218500 2850500  7  5 20  27.7 1011 136  3.6 0  6.7  27   19   42 338 -476  0
4218500 2850500  7  5 21  25.9 1012 140  3.5 1  7.1  32    0    0 334 -461  0
4218500 2850500  7  5 22  23.3 1012 150  3.7 1  7.3  38    0    0 330 -448  0
4218500 2850500  7  5 23  22.8 1012 152  3.8 1  7.7  44    0    0 326 -440  0
4218500 2850500  7  5 24  22.4 1012 162  3.9 1  8.0  46    0    0 326 -435  0
4218500 2850500  7  6  1  19.8 1012 151  3.2 0  8.1  52    0    0 318 -430  0
4218500 2850500  7  6  2  19.1 1012 132  3.4 0  8.5  60    0    0 311 -424  0
4218500 2850500  7  6  3  19.0 1012 131  3.1 0  8.8  64    0    0 310 -418  0
4218500 2850500  7  6  4  18.3 1012 128  3.3 0  8.9  66    0    0 310 -413  0
4218500 2850500  7  6  5  18.4 1012 131  3.1 0  9.1  69    7   20 309 -410  0
4218500 2850500  7  6  6  19.9 1012 129  2.6 0  9.3  67   65   65 311 -411  0
4218500 2850500  7  6  7  21.2 1011 122  2.2 0  9.6  63  179   98 314 -419  0
4218500 2850500  7  6  8  23.7 1011 119  2.8 0 10.0  59  323  115 320 -433  0
4218500 2850500  7  6  9  25.5 1011 126  2.8 0 10.0  52  463  125 328 -453  0
4218500 2850500  7  6 10  27.8 1011 118  3.0 0  9.8  45  581  134 336 -473  0
4218500 2850500  7  6 11  29.4 1011 170  2.7 0  9.8  40  666  142 346 -491  0
4218500 2850500  7  6 12  31.3 1011 192  3.6 1  9.9  36  707  153 360 -505  0
4218500 2850500  7  6 13  32.0 1011 219  2.9 1 10.1  34  679  180 372 -512  0
4218500 2850500  7  6 14  32.9 1010 174  2.4 1 10.1  33  456  290 377 -520  0
4218500 2850500  7  6 15  32.5 1009 236  3.2 2 10.1  32  262  329 382 -525  0
4218500 2850500  7  6 16  33.9 1009 246  2.5 2 10.0  31  161  291 387 -524  0
4218500 2850500  7  6 17  30.8 1009 258  2.9 0 10.0  33  162  230 376 -520  0
4218500 2850500  7  6 18  31.7 1008 304  3.5 5 10.5  37   13  137 384 -513  0
4218500 2850500  7  6 19  28.1 1008  53  3.0 8 10.8  41    0   18 411 -499  0
4218500 2850500  7  6 20  22.7 1009 283  3.9 7 11.9  58    0    5 403 -483  0
4218500 2850500  7  6 21  21.7 1009  13  3.2 7 13.7  81    0    0 391 -468  0
4218500 2850500  7  6 22  21.3 1009 308  2.8 7 14.2  87    0    0 389 -455  0
4218500 2850500  7  6 23  21.6 1009 234  3.5 7 14.1  87    0    0 388 -447  0
4218500 2850500  7  6 24  21.7 1009 280  4.4 6 12.9  79    0    0 382 -439  0
4218500 2850500  7  7  1  20.5 1009 284  3.2 4 12.0  76    0    0 368 -433  0
4218500 2850500  7  7  2  19.8 1009 260  2.4 3 12.2  82    0    0 354 -428  0
4218500 2850500  7  7  3  19.3 1009 241  2.1 4 12.0  84    0    0 352 -424  0
4218500 2850500  7  7  4  18.8 1009 310  3.1 5 12.0  86    0    0 358 -421  0
4218500 2850500  7  7  5  20.1 1009 241  1.5 5 12.1  85    0    3 362 -417  0
4218500 2850500  7  7  6  20.7 1009 223  1.3 6 11.8  78    7   53 368 -416  0
4218500 2850500  7  7  7  22.2 1010 272  2.1 2 11.9  74  136  119 357 -423  0
4218500 2850500  7  7  8  23.4 1010 272  2.2 1 12.4  71  279  143 340 -438  0
4218500 2850500  7  7  9  25.6 1010 287  2.4 1 12.8  66  459  144 343 -456  0
4218500 2850500  7  7 10  27.1 1010 280  2.0 1 12.8  59  571  157 351 -474  0
4218500 2850500  7  7 11  28.6 1009 311  2.1 2 12.6  53  577  208 363 -492  0
4218500 2850500  7  7 12  28.8 1009 299  2.5 2 11.9  48  492  293 372 -507  0
4218500 2850500  7  7 13  30.1 1009 268  2.1 3 11.5  44  443  327 379 -519  0
4218500 2850500  7  7 14  30.6 1008 339  3.0 3 11.3  41  446  308 386 -524  0
4218500 2850500  7  7 15  31.3 1008 320  3.7 3 10.8  38  209  351 387 -526  0
4218500 2850500  7  7 16  30.4 1007 288  4.1 6 10.7  38    0  138 395 -527  0
4218500 2850500  7  7 17  20.6 1007 114  7.6 7 12.0  58    0   74 391 -523  0
4218500 2850500  7  7 18  19.7 1009   3  4.6 7 13.3  89    0   80 378 -516  0
4218500 2850500  7  7 19  20.2 1008 343  3.1 7 13.3  90    0   56 380 -505  0
4218500 2850500  7  7 20  19.9 1008 282  2.2 8 13.5  91    0   33 385 -492  0
4218500 2850500  7  7 21  19.4 1009 336  2.7 8 13.1  90    0    0 388 -477  0
4218500 2850500  7  7 22  18.9 1009 334  2.4 8 12.6  90    0    0 385 -464  0
4218500 2850500  7  7 23  19.0 1010  55  2.1 7 12.7  92    0    0 380 -456  0
4218500 2850500  7  7 24  18.9 1010 354  2.1 6 12.5  91    0    0 371 -450  0
4218500 2850500  7  8  1  18.9 1010 266  2.5 7 12.3  90    0    0 372 -446  0
4218500 2850500  7  8  2  18.4 1010 295  3.3 7 12.3  91    0    0 374 -443  0
4218500 2850500  7  8  3  18.4 1010 323  2.7 7 12.4  93    0    0 373 -439  0
4218500 2850500  7  8  4  18.4 1010 304  1.9 7 12.5  93    0    0 373 -434  0
4218500 2850500  7  8  5  18.4 1010 292  2.5 7 12.5  94    0    2 374 -428  0
4218500 2850500  7  8  6  18.3 1010 253  3.3 7 12.6  95    0   12 374 -426  0
4218500 2850500  7  8  7  18.1 1011 306  2.7 8 12.6  96    0   28 376 -433  0
4218500 2850500  7  8  8  18.5 1011 302  2.9 8 12.8  97    0   48 381 -447  0
4218500 2850500  7  8  9  18.9 1012 323  2.3 7 13.0  95    3  188 380 -465  0
4218500 2850500  7  8 10  20.5 1012 278  1.8 7 12.8  88   32  284 382 -481  0
4218500 2850500  7  8 11  21.0 1012 291  2.8 7 12.9  84   25  309 389 -490  0
4218500 2850500  7  8 12  22.0 1012 292  2.5 6 13.0  80   61  357 391 -493  0
4218500 2850500  7  8 13  22.7 1012 298  2.8 7 12.6  74   45  349 392 -496  0
4218500 2850500  7  8 14  22.8 1012 289  3.2 7 12.4  71   32  313 394 -506  0
4218500 2850500  7  8 15  24.2 1012 293  2.3 6 12.5  68  102  337 391 -506  0
4218500 2850500  7  8 16  24.4 1012 309  3.0 5 11.9  62  171  297 385 -491  0
4218500 2850500  7  8 17  24.2 1012 286  3.1 5 11.5  60  135  237 380 -481  0
4218500 2850500  7  8 18  24.2 1012 302  3.7 7 11.9  63   35  156 387 -474  0
4218500 2850500  7  8 19  22.1 1012 275  2.9 8 12.5  70    0   61 394 -467  0
4218500 2850500  7  8 20  20.2 1013 280  2.7 7 12.6  80    9   40 387 -458  0
4218500 2850500  7  8 21  18.8 1013 284  1.7 5 12.2  86    0    0 370 -451  0
4218500 2850500  7  8 22  17.6 1013 293  0.9 4 11.7  89    0    0 354 -448  0
4218500 2850500  7  8 23  17.8 1014 274  1.9 3 11.7  92    0    0 345 -445  0
4218500 2850500  7  8 24  16.8 1014 228  1.7 2 11.5  93    0    0 338 -442  0
4218500 2850500  7  9  1  17.2 1014 225  1.7 2 11.5  95    0    0 334 -437  0
4218500 2850500  7  9  2  16.8 1014 196  1.5 2 11.9  98    0    0 335 -433  0
4218500 2850500  7  9  3  16.1 1014 256  0.9 2 11.7  99    0    0 333 -430  0
4218500 2850500  7  9  4  16.2 1014 223  1.9 2 11.3  98    0    0 332 -427  0
4218500 2850500  7  9  5  16.0 1014 207  1.0 2 11.2  98    0   12 331 -423  0
4218500 2850500  7  9  6  17.2 1014 133  0.9 2 11.3  96   19   61 331 -424  0
4218500 2850500  7  9  7  18.8 1014 170  0.8 3 12.1  93   73  127 338 -431  0
4218500 2850500  7  9  8  21.1 1014 172  1.2 1 12.3  84  303  123 341 -443  0
4218500 2850500  7  9  9  22.8 1014 218  1.5 2 11.6  70  431  141 344 -458  0
4218500 2850500  7  9 10  24.2 1014 216  2.1 1 11.1  61  569  141 351 -473  0
4218500 2850500  7  9 11  25.5 1014 163  2.4 1 11.0  56  641  155 354 -489  0
4218500 2850500  7  9 12  26.7 1014 143  2.6 3 10.7  50  529  258 367 -505  0
4218500 2850500  7  9 13  27.5 1013 171  2.0 5 10.0  45  298  374 381 -520  0
4218500 2850500  7  9 14  28.0 1013 189  3.6 4 10.2  44  355  336 384 -518  0
4218500 2850500  7  9 15  28.5 1012 118  1.4 2 10.3  43  428  261 374 -514  0
4218500 2850500  7  9 16  29.2 1011 204  3.9 4  9.7  39  231  281 372 -517  0
4218500 2850500  7  9 17  29.2 1011 163  3.8 4  9.4  37  172  229 379 -508  0
4218500 2850500  7  9 18  29.2 1011 215  3.3 3  9.6  38  174  151 374 -498  0
4218500 2850500  7  9 19  28.2 1011 205  3.1 3  9.4  38   84  101 368 -489  0
4218500 2850500  7  9 20  26.2 1011 276  3.2 4  9.1  40   10   39 369 -479  0
4218500 2850500  7  9 21  24.7 1012 238  1.9 5  8.8  43    0    0 371 -468  0
4218500 2850500  7  9 22  22.3 1012 253  2.3 3  9.3  51    0    0 364 -458  0
4218500 2850500  7  9 23  20.0 1013 239  2.1 2 10.4  66    0    0 348 -450  0
4218500 2850500  7  9 24  18.5 1013 186  1.8 0 10.8  77    0    0 334 -442  0
4218500 2850500  7 10  1  18.2 1013 240  2.2 2 10.8  81    0    0 332 -435  0
4218500 2850500  7 10  2  17.8 1013 227  2.4 2 10.6  82    0    0 338 -429  0
4218500 2850500  7 10  3  17.8 1014 282  2.0 3 10.3  81    0    0 340 -424  0
4218500 2850500  7 10  4  16.8 1014 198  1.7 3 10.3  83    0    0 343 -422  0
4218500 2850500  7 10  5  16.9 1014 197  1.3 3 10.5  87    0   13 344 -420  0
4218500 2850500  7 10  6  19.0 1015 215  1.6 3 10.8  84   15   56 349 -421  0
4218500 2850500  7 10  7  21.4 1015 244  2.7 6 11.0  74   14  106 367 -429  0
4218500 2850500  7 10  8  23.6 1016 277  3.8 2 11.1  65  307  105 372 -442  0
4218500 2850500  7 10  9  24.9 1016 280  4.1 0 11.0  58  572   50 359 -456  0
4218500 2850500  7 10 10  25.8 1016 295  4.1 1 10.7  53  690   61 361 -470  0
4218500 2850500  7 10 11  26.5 1017 284  4.5 1 10.5  50  623  143 370 -485  0
4218500 2850500  7 10 12  26.9 1017 270  4.9 4 10.7  49  160  372 382 -500  0
4218500 2850500  7 10 13  27.0 1017 264  5.0 5 10.7  48  187  378 393 -513  0
4218500 2850500  7 10 14  26.7 1017 264  4.9 5 10.4  47   82  344 394 -525  0
4218500 2850500  7 10 15  27.1 1018 253  6.4 4 10.4  47  252  315 392 -527  0
4218500 2850500  7 10 16  27.4 1017 271  3.7 5 10.1  45  332  228 393 -520  0
4218500 2850500  7 10 17  27.2 1017 298  4.5 3  9.5  42  292  172 390 -515  0
4218500 2850500  7 10 18  26.6 1017 318  4.0 2  9.1  41  233  114 380 -507  0
4218500 2850500  7 10 19  25.7 1018 352  3.1 2  9.3  44   91   92 375 -496  0
4218500 2850500  7 10 20  24.2 1018 329  2.6 2  9.6  49   17   40 370 -484  0
4218500 2850500  7 10 21  21.4 1018 327  2.6 1  9.8  57    0    0 359 -471  0
4218500 2850500  7 10 22  19.9 1019 340  2.1 0 10.1  66    0    0 345 -459  0
4218500 2850500  7 10 23  19.5 1019 335  2.1 0 10.3  72    0    0 340 -450  0
4218500 2850500  7 10 24  18.7 1019 349  1.7 0 10.5  76    0    0 338 -443  0
4218500 2850500  7 11  1  18.5 1019   9  2.0 0 10.3  77    0    0 336 -436  0
4218500 2850500  7 11  2  16.9 1019  74  1.9 0 10.4  83    0    0 334 -430  0
4218500 2850500  7 11  3  17.0 1019  79  2.3 1 10.8  90    0    0 336 -425  0
4218500 2850500  7 11  4  17.1 1019  73  2.1 2 11.1  91    0    0 342 -420  0
4218500 2850500  7 11  5  16.9 1019  74  2.2 2 11.3  93    3   15 345 -417  0
4218500 2850500  7 11  6  18.7 1018  63  2.5 1 11.7  92   52   59 346 -418  0
4218500 2850500  7 11  7  21.2 1018 105  1.9 3 12.2  84  103  117 355 -428  0
4218500 2850500  7 11  8  22.8 1018 116  1.4 4 12.4  75  124  186 372 -446  0
4218500 2850500  7 11  9  25.1 1018 214  1.3 3 12.5  67  370  161 378 -467  0
4218500 2850500  7 11 10  27.1 1017 135  1.8 2 12.3  58  544  139 383 -489  0
4218500 2850500  7 11 11  28.9 1017 175  2.2 1 12.1  51  668  126 387 -509  0
4218500 2850500  7 11 12  29.7 1017 219  2.5 2 11.8  46  509  261 393 -527  0
4218500 2850500  7 11 13  30.8 1016 260  3.9 3 11.4  42  450  301 402 -537  0
4218500 2850500  7 11 14  30.8 1016 269  3.2 3 10.9  39  512  250 405 -538  0
4218500 2850500  7 11 15  30.8 1015 266  3.0 4 10.7  38  344  292 406 -537  0
4218500 2850500  7 11 16  29.7 1015 293  4.2 5 11.0  41   88  277 407 -535  0
4218500 2850500  7 11 17  30.2 1015 292  4.0 5 10.9  41  149  227 406 -528  0
4218500 2850500  7 11 18  30.2 1015 284  3.5 4 10.2  38  151  155 402 -515  0
4218500 2850500  7 11 19  29.1 1015 284  3.1 3  9.9  38   73  100 391 -498  0
4218500 2850500  7 11 20  26.6 1015 311  2.8 4 10.3  44   11   40 384 -480  0
4218500 2850500  7 11 21  24.4 1015 326  3.1 4 10.9  53    0    0 378 -466  0
4218500 2850500  7 11 22  25.1 1016 323  3.6 3 11.4  58    0    0 371 -457  0
4218500 2850500  7 11 23  24.6 1016 341  4.8 3 11.9  60    0    0 369 -451  0
4218500 2850500  7 11 24  23.4 1017 358  5.5 4 12.3  66    0    0 371 -446  0
4218500 2850500  7 12  1  22.1 1018 340  4.1 4 11.6  67    0    0 371 -443  0
4218500 2850500  7 12  2  20.8 1018 338  4.0 4 11.2  70    0    0 365 -441  0
4218500 2850500  7 12  3  20.0 1019   3  4.7 5 11.7  78    0    0 364 -438  0
4218500 2850500  7 12  4  19.7 1019 359  4.6 3 11.7  81    0    0 358 -434  0
4218500 2850500  7 12  5  19.2 1019   7  4.2 1 11.5  82    0   13 339 -430  0
4218500 2850500  7 12  6  19.5 1020   9  4.5 1 11.7  83   36   63 329 -428  0
4218500 2850500  7 12  7  20.3 1020  18  4.1 0 11.6  80  155  101 323 -428  0
4218500 2850500  7 12  8  21.7 1020  21  3.3 0 11.6  75  305  119 322 -428  0
4218500 2850500  7 12  9  22.6 1021  30  3.1 0 11.4  68  450  131 327 -429  0
4218500 2850500  7 12 10  23.5 1020 351  2.8 1 11.1  63  569  141 336 -436  0
4218500 2850500  7 12 11  24.3 1020 338  3.4 2 11.2  60  603  178 351 -445  0
4218500 2850500  7 12 12  25.6 1020 346  3.0 2 11.5  58  599  221 362 -456  0
4218500 2850500  7 12 13  26.2 1020 356  3.1 2 11.7  56  532  270 370 -471  0
4218500 2850500  7 12 14  26.8 1020 332  2.6 2 11.6  54  417  313 373 -484  0
4218500 2850500  7 12 15  27.5 1019   5  2.2 4 11.6  52  301  321 383 -487  0
4218500 2850500  7 12 16  28.0 1019  20  2.4 4 11.9  51  347  240 393 -488  0
4218500 2850500  7 12 17  28.0 1018  11  2.7 3 11.9  50  296  184 390 -488  0
4218500 2850500  7 12 18  27.2 1018   1  3.2 2 11.7  51  196  141 380 -483  0
4218500 2850500  7 12 19  27.0 1017  28  2.8 1 11.6  52   77  102 369 -475  0
4218500 2850500  7 12 20  26.2 1017  38  2.6 2 11.5  53   10   40 366 -465  0
4218500 2850500  7 12 21  24.3 1017  21  2.7 2 11.4  56    0    0 365 -457  0
4218500 2850500  7 12 22  23.5 1018  48  3.6 1 11.2  60    0    0 355 -450  0
4218500 2850500  7 12 23  22.6 1018  60  3.7 2 10.8  61    0    0 351 -445  0
4218500 2850500  7 12 24  21.8 1018  59  3.0 4 10.6  64    0    0 360 -441  0
4218500 2850500  7 13  1  21.2 1018  38  2.5 4 10.9  68    0    0 366 -438  0
4218500 2850500  7 13  2  20.4 1018  51  2.5 5 11.1  72    0    0 368 -436  0
4218500 2850500  7 13  3  19.7 1017  42  2.6 4 11.0  75    0    0 366 -433  0
4218500 2850500  7 13  4  19.0 1017  47  2.8 4 11.0  78    0    0 359 -430  0
4218500 2850500  7 13  5  19.6 1017  32  2.3 4 11.2  80    0    6 359 -429  0
4218500 2850500  7 13  6  20.1 1017  67  3.0 4 11.6  80   14   54 360 -429  0
4218500 2850500  7 13  7  21.3 1017  48  2.4 5 11.9  78   44  117 365 -432  0
4218500 2850500  7 13  8  22.7 1017  67  2.0 4 12.0  73  191  159 369 -438  0
4218500 2850500  7 13  9  24.3 1017  70  2.3 5 12.5  69  243  216 375 -447  0
4218500 2850500  7 13 10  26.1 1017  34  1.6 5 13.3  66  370  229 386 -456  0
4218500 2850500  7 13 11  27.4 1017  48  1.9 4 13.5  61  500  217 390 -466  0
4218500 2850500  7 13 12  29.1 1017  87  2.6 4 13.5  56  589  200 393 -480  0
4218500 2850500  7 13 13  29.7 1016 165  1.6 3 13.0  50  538  240 395 -493  0
4218500 2850500  7 13 14  30.6 1016 227  1.5 3 12.5  47  277  345 395 -500  0
4218500 2850500  7 13 15  31.0 1015  10  1.5 4 12.3  44  128  326 401 -502  0
4218500 2850500  7 13 16  30.7 1014 316  2.1 6 12.2  44   89  269 411 -497  0
4218500 2850500  7 13 17  29.8 1014  34  4.0 5 12.7  47   52  206 412 -490  0
4218500 2850500  7 13 18  29.2 1014  22  3.7 4 13.0  50   39  152 403 -483  0
4218500 2850500  7 13 19  28.6 1014   2  4.4 4 12.9  52   26   94 397 -472  0
4218500 2850500  7 13 20  24.9 1014 143  2.6 7 13.4  60    0   18 399 -460  0
4218500 2850500  7 13 21  22.8 1014 115  2.8 7 13.9  75    0    0 402 -452  0
4218500 2850500  7 13 22  22.7 1015 174  3.0 7 13.6  78    0    0 398 -446  0
4218500 2850500  7 13 23  21.1 1016 270  2.5 7 13.2  80    0    0 393 -442  0
4218500 2850500  7 13 24  21.3 1016   0  3.2 5 13.5  85    0    0 382 -438  0
4218500 2850500  7 14  1  20.6 1016 353  3.2 3 13.6  87    0    0 364 -435  0
4218500 2850500  7 14  2  19.8 1016  12  3.6 1 12.6  85    0    0 345 -432  0
4218500 2850500  7 14  3  19.4 1016  16  3.3 1 11.4  80    0    0 332 -431  0
4218500 2850500  7 14  4  18.6 1017 348  3.1 3 10.8  78    0    0 337 -428  0
4218500 2850500  7 14  5  18.6 1017 358  3.7 6 10.5  78    0    3 356 -424  0
4218500 2850500  7 14  6  18.7 1018 344  4.0 7 10.5  78    0   34 373 -420  0
4218500 2850500  7 14  7  18.7 1018 351  5.3 5 10.8  80   48  119 369 -420  0
4218500 2850500  7 14  8  19.4 1019 343  6.5 5 10.8  78  111  183 361 -426  0
4218500 2850500  7 14  9  20.2 1020 359  5.5 5 10.6  73   79  256 362 -437  0
4218500 2850500  7 14 10  20.0 1020 341  5.5 6 10.3  70  110  312 368 -449  0
4218500 2850500  7 14 11  20.9 1021 334  4.8 5  9.9  66  201  343 367 -461  0
4218500 2850500  7 14 12  21.5 1021 327  5.4 5  9.1  58  198  370 365 -470  0
4218500 2850500  7 14 13  22.3 1021 336  5.7 2  8.1  49  725  123 352 -476  0
4218500 2850500  7 14 14  22.9 1021 355  5.5 1  7.3  43  757   90 336 -479  0
4218500 2850500  7 14 15  23.3 1021 338  5.7 1  6.8  39  666  101 331 -478  0
4218500 2850500  7 14 16  23.3 1021 336  4.4 1  6.6  37  544  108 330 -479  0
4218500 2850500  7 14 17  23.2 1021 341  5.0 1  6.5  37  401  111 328 -478  0
4218500 2850500  7 14 18  22.2 1021 354  5.3 2  6.5  38  242  109 328 -467  0
4218500 2850500  7 14 19  21.3 1021 339  4.9 2  6.5  40  103   88 328 -453  0
4218500 2850500  7 14 20  20.3 1022 335  4.9 3  6.5  43   14   37 328 -440  0
4218500 2850500  7 14 21  19.1 1022 358  4.2 2  6.5  46    0    0 324 -428  0
4218500 2850500  7 14 22  18.1 1023   3  3.6 1  6.8  51    0    0 312 -418  0
4218500 2850500  7 14 23  16.7 1023   4  2.9 1  7.0  57    0    0 304 -411  0
4218500 2850500  7 14 24  15.7 1024 347  2.3 1  7.2  63    0    0 301 -405  0
4218500 2850500  7 15  1  14.5 1024 345  2.4 0  7.5  70    0    0 293 -400  0
4218500 2850500  7 15  2  14.1 1024 359  2.2 1  7.7  77    0    0 292 -396  0
4218500 2850500  7 15  3  12.9 1024 332  2.2 1  7.8  82    0    0 295 -392  0
4218500 2850500  7 15  4  12.6 1024 319  2.3 2  7.8  86    0    0 297 -388  0
4218500 2850500  7 15  5  12.8 1024 327  2.2 1  8.0  88   13   19 295 -385  0
4218500 2850500  7 15  6  14.8 1025 337  2.1 0  8.3  85   93   51 289 -387  0
4218500 2850500  7 15  7  16.7 1025 338  2.7 0  8.6  78  230   67 288 -395  0
4218500 2850500  7 15  8  18.4 1025 343  2.2 0  9.0  72  399   62 294 -410  0
4218500 2850500  7 15  9  19.7 1025 303  2.6 0  9.0  66  547   66 299 -428  0
4218500 2850500  7 15 10  21.4 1025 307  1.9 1  8.4  56  684   60 310 -445  0
4218500 2850500  7 15 11  22.3 1025 315  2.5 1  7.9  49  766   67 319 -461  0
4218500 2850500  7 15 12  23.8 1025 339  1.2 1  7.3  42  730  113 324 -474  0
4218500 2850500  7 15 13  24.6 1025   7  1.3 2  6.7  36  730  124 334 -481  0
4218500 2850500  7 15 14  24.5 1024 314  0.9 3  6.7  35  412  294 344 -489  0
4218500 2850500  7 15 15  24.0 1024 328  3.7 6  7.1  38   50  305 361 -493  0
4218500 2850500  7 15 16  23.2 1024 355  4.4 6  7.8  43   34  246 371 -488  0
4218500 2850500  7 15 17  22.6 1024  22  4.7 7  8.3  48   37  206 373 -479  0
4218500 2850500  7 15 18  22.5 1024  38  4.5 7  8.2  48   25  145 373 -466  0
4218500 2850500  7 15 19  22.1 1024  23  5.0 5  8.1  49   45   97 360 -452  0
4218500 2850500  7 15 20  21.4 1024  31  4.5 4  7.7  48   13   37 344 -438  0
4218500 2850500  7 15 21  20.4 1024  48  4.8 3  7.5  49    0    0 333 -427  0
4218500 2850500  7 15 22  19.5 1025  49  4.8 2  7.5  52    0    0 321 -417  0
4218500 2850500  7 15 23  18.4 1025  56  5.1 1  7.1  53    0    0 311 -410  0
4218500 2850500  7 15 24  17.1 1026  57  3.4 1  6.4  51    0    0 303 -404  0
4218500 2850500  7 16  1  16.0 1026  48  3.8 1  5.7  50    0    0 298 -399  0
4218500 2850500  7 16  2  14.7 1026  54  3.3 1  5.7  53    0    0 294 -395  0
4218500 2850500  7 16  3  14.4 1026  47  2.8 1  5.8  57    0    0 293 -391  0
4218500 2850500  7 16  4  13.9 1026  48  2.8 1  5.8  58    0    0 291 -387  0
4218500 2850500  7 16  5  14.2 1027  56  2.8 1  6.1  62   14   18 291 -385  0
4218500 2850500  7 16  6  14.9 1027  61  2.8 1  6.6  64   96   44 293 -386  0
4218500 2850500  7 16  7  16.7 1027  71  3.2 1  6.8  61  225   62 295 -394  0
4218500 2850500  7 16  8  18.7 1027  69  3.9 0  6.8  54  382   65 296 -409  0
4218500 2850500  7 16  9  20.5 1027  72  2.7 0  6.7  48  514   81 299 -428  0
4218500 2850500  7 16 10  21.3 1027  45  4.2 1  6.7  44  634   83 309 -446  0
4218500 2850500  7 16 11  22.5 1027  51  3.4 1  6.9  42  709   68 317 -462  0
4218500 2850500  7 16 12  22.4 1026  14  4.5 2  6.9  42  429  277 324 -473  0
4218500 2850500  7 16 13  23.8 1026  21  2.8 4  7.1  41  228  362 334 -479  0
4218500 2850500  7 16 14  24.1 1025 346  3.3 5  7.3  40  134  355 342 -484  0
4218500 2850500  7 16 15  24.2 1025   2  3.4 4  7.4  40  183  320 342 -488  0
4218500 2850500  7 16 16  25.0 1024  27  3.6 3  7.6  40  240  254 339 -484  0
4218500 2850500  7 16 17  24.6 1024   4  3.1 2  7.8  40  323  143 336 -472  0
4218500 2850500  7 16 18  24.6 1023   5  3.0 1  7.7  40  224  107 331 -458  0
4218500 2850500  7 16 19  24.2 1023  13  3.0 1  7.8  41  103   82 328 -445  0
4218500 2850500  7 16 20  22.8 1023  21  3.4 1  7.5  42   18   36 324 -433  0
4218500 2850500  7 16 21  21.0 1023  22  3.2 1  7.1  44    0    0 317 -422  0
4218500 2850500  7 16 22  20.3 1023  33  3.6 0  7.1  47    0    0 311 -414  0
4218500 2850500  7 16 23  18.9 1023  49  3.4 0  7.1  50    0    0 304 -407  0
4218500 2850500  7 16 24  17.6 1023  69  2.9 0  7.3  57    0    0 301 -402  0
4218500 2850500  7 17  1  16.7 1023  80  3.0 0  7.6  63    0    0 297 -397  0
4218500 2850500  7 17  2  15.4 1023  68  2.5 0  7.7  68    0    0 293 -393  0
4218500 2850500  7 17  3  14.8 1023  66  2.6 0  7.8  73    0    0 292 -390  0
4218500 2850500  7 17  4  14.5 1023  68  2.7 0  7.9  77    0    0 291 -387  0
4218500 2850500  7 17  5  14.5 1023  68  2.2 0  7.9  78    8   17 290 -385  0
4218500 2850500  7 17  6  16.4 1023  80  2.3 0  8.2  75   75   50 292 -386  0
4218500 2850500  7 17  7  17.5 1023 106  2.3 0  8.2  69  205   70 294 -394  0
4218500 2850500  7 17  8  19.5 1023 137  1.9 0  8.1  62  359   76 299 -408  0
4218500 2850500  7 17  9  21.5 1023  36  1.6 0  8.1  54  509   77 307 -425  0
4218500 2850500  7 17 10  22.9 1023 104  1.6 0  7.8  47  635   78 314 -444  0
4218500 2850500  7 17 11  24.0 1023  81  2.6 0  7.2  40  727   79 319 -461  0
4218500 2850500  7 17 12  25.2 1023  79  2.6 0  6.3  33  775   86 323 -476  0
4218500 2850500  7 17 13  26.5 1022  88  2.1 0  5.8  28  776   94 327 -486  0
4218500 2850500  7 17 14  26.9 1021  84  0.4 0  5.4  25  716  111 330 -490  0
4218500 2850500  7 17 15  27.9 1021 125  2.0 0  5.3  24  626  121 333 -495  0
4218500 2850500  7 17 16  28.0 1020 178  1.5 1  5.6  24  511  124 339 -497  0
4218500 2850500  7 17 17  28.1 1020 332  1.9 2  5.6  24  372  124 345 -493  0
4218500 2850500  7 17 18  28.3 1019 334  1.4 3  5.5  23  212  119 352 -483  0
4218500 2850500  7 17 19  27.6 1019 301  1.5 4  5.5  24   63   94 359 -469  0
4218500 2850500  7 17 20  25.2 1019 319  1.6 5  5.8  27    3   29 361 -455  0
4218500 2850500  7 17 21  21.1 1019 338  1.6 4  6.7  38    0    0 352 -441  0
4218500 2850500  7 17 22  20.3 1019   2  1.5 2  7.4  49    0    0 335 -431  0
4218500 2850500  7 17 23  18.0 1019  63  1.3 2  7.5  55    0    0 324 -423  0
4218500 2850500  7 17 24  17.2 1019 122  1.1 2  7.9  63    0    0 320 -416  0
4218500 2850500  7 18  1  16.3 1019 168  1.6 1  8.0  68    0    0 313 -411  0
4218500 2850500  7 18  2  15.5 1018 224  2.5 1  8.2  73    0    0 308 -406  0
4218500 2850500  7 18  3  13.9 1018 219  2.5 1  8.4  81    0    0 305 -402  0
4218500 2850500  7 18  4  14.0 1018 215  2.4 1  8.3  84    0    0 302 -398  0
4218500 2850500  7 18  5  14.0 1018 212  2.8 2  8.3  83    8   17 305 -395  0
4218500 2850500  7 18  6  16.0 1018 232  1.5 2  8.0  76   63   50 310 -395  0
4218500 2850500  7 18  7  20.3 1018 219  1.6 2  7.6  58  198   72 318 -402  0
4218500 2850500  7 18  8  24.0 1018 234  2.8 1  7.3  44  361   76 327 -417  0
4218500 2850500  7 18  9  26.4 1018 271  3.1 1  7.5  38  510   78 337 -435  0
4218500 2850500  7 18 10  27.8 1018 271  3.6 1  8.0  36  638   78 346 -454  0
4218500 2850500  7 18 11  28.9 1017 272  3.8 0  8.0  33  730   80 352 -472  0
4218500 2850500  7 18 12  29.6 1017 278  4.0 0  7.7  30  780   85 355 -486  0
4218500 2850500  7 18 13  30.0 1016 281  3.8 0  7.7  30  782   92 359 -496  0
4218500 2850500  7 18 14  31.0 1016 282  4.2 0  8.0  29  724  108 365 -500  0
4218500 2850500  7 18 15  31.2 1015 329  4.7 0  8.0  29  634  117 370 -501  0
4218500 2850500  7 18 16  31.0 1015 312  4.9 0  7.6  27  514  123 371 -498  0
4218500 2850500  7 18 17  30.6 1015 316  4.7 0  7.1  26  378  120 369 -489  0
4218500 2850500  7 18 18  30.5 1015 322  3.9 0  6.7  24  229  111 368 -479  0
4218500 2850500  7 18 19  29.5 1014 303  3.4 0  6.7  25   99   86 366 -468  0
4218500 2850500  7 18 20  26.7 1014 311  2.8 0  6.9  29   16   36 360 -456  0
4218500 2850500  7 18 21  23.4 1015  10  2.8 1  7.5  38    0    0 352 -446  0
4218500 2850500  7 18 22  21.7 1015  21  3.2 0  7.7  45    0    0 343 -438  0
4218500 2850500  7 18 23  20.2 1015  21  2.6 0  7.4  48    0    0 334 -432  0
4218500 2850500  7 18 24  19.5 1016  30  2.1 0  7.4  52    0    0 330 -426  0
4218500 2850500  7 19  1  17.8 1016  28  1.5 0  7.8  58    0    0 326 -421  0
4218500 2850500  7 19  2  17.2 1016 123  1.0 0  8.1  65    0    0 322 -416  0
4218500 2850500  7 19  3  15.5 1016 133  1.1 0  8.5  73    0    0 318 -411  0
4218500 2850500  7 19  4  15.6 1016 160  0.8 0  8.6  78    0    0 315 -407  0
4218500 2850500  7 19  5  16.5 1017 149  0.9 0  9.0  80    8   16 316 -404  0
4218500 2850500  7 19  6  18.1 1017 197  0.4 0  9.7  78   76   49 319 -404  0
4218500 2850500  7 19  7  21.6 1017 203  1.8 0  9.7  67  204   69 325 -410  0
4218500 2850500  7 19  8  24.5 1017 190  2.0 0  9.7  55  357   75 335 -424  0
4218500 2850500  7 19  9  26.2 1017 347  0.8 0  9.9  49  503   77 344 -441  0
4218500 2850500  7 19 10  27.5 1017   3  1.9 0  9.9  45  624   80 352 -460  0
4218500 2850500  7 19 11  28.8 1017 315  2.5 0  9.6  40  713   84 359 -479  0
4218500 2850500  7 19 12  29.8 1017 326  2.5 0  8.6  34  762   90 364 -495  0
4218500 2850500  7 19 13  30.4 1016   6  1.8 0  8.1  30  767   96 367 -506  0
4218500 2850500  7 19 14  31.1 1016 256  3.6 0  7.2  26  710  112 366 -513  0
4218500 2850500  7 19 15  32.1 1015 304  1.0 0  6.4  22  619  123 365 -518  0
4218500 2850500  7 19 16  32.3 1015 290  2.0 0  6.6  22  499  129 367 -511  0
4218500 2850500  7 19 17  32.2 1015 330  2.0 0  6.6  22  365  124 366 -503  0
4218500 2850500  7 19 18  31.9 1014 332  1.6 0  6.7  22  220  113 364 -499  0
4218500 2850500  7 19 19  29.8 1014   7  1.0 0  7.3  26   93   86 362 -487  0
4218500 2850500  7 19 20  26.7 1014  53  2.0 0  8.2  34   15   34 354 -471  0
4218500 2850500  7 19 21  24.1 1014  57  1.9 0  8.5  42    0    0 343 -457  0
4218500 2850500  7 19 22  22.3 1014  75  2.4 0  8.7  49    0    0 334 -448  0
4218500 2850500  7 19 23  22.7 1014  86  2.5 0  8.9  52    0    0 331 -440  0
4218500 2850500  7 19 24  20.4 1014  86  2.2 0  9.1  56    0    0 328 -433  0
4218500 2850500  7 20  1  19.9 1014  86  2.6 0  9.3  63    0    0 324 -428  0
4218500 2850500  7 20  2  19.7 1014 102  2.5 0  9.5  66    0    0 325 -424  0
4218500 2850500  7 20  3  18.9 1014  99  1.8 0  9.7  69    0    0 324 -421  0
4218500 2850500  7 20  4  18.2 1014  93  1.9 1  9.9  74    0    0 323 -418  0
4218500 2850500  7 20  5  17.8 1014 113  2.2 1 10.1  78    1   11 321 -416  0
4218500 2850500  7 20  6  19.7 1014 115  2.0 2 10.6  78   46   54 324 -416  0
4218500 2850500  7 20  7  22.3 1014 118  1.8 2 10.9  70  154   91 331 -421  0
4218500 2850500  7 20  8  25.8 1014 142  1.8 2 10.9  58  290  111 341 -433  0
4218500 2850500  7 20  9  28.7 1014 119  1.2 2 11.0  49  440  119 353 -449  0
4218500 2850500  7 20 10  31.2 1013 121  1.6 2 11.0  42  563  127 362 -469  0
4218500 2850500  7 20 11  32.8 1013 146  1.6 2 10.0  34  643  138 367 -489  0
4218500 2850500  7 20 12  33.9 1013 357  1.8 2  8.2  26  666  161 368 -507  0
4218500 2850500  7 20 13  34.9 1013 326  1.8 3  7.5  22  623  197 372 -521  0
4218500 2850500  7 20 14  35.3 1012 256  1.9 3  7.8  22  507  248 379 -532  0
4218500 2850500  7 20 15  35.3 1012 180  0.8 4  7.4  21  336  292 382 -540  0
4218500 2850500  7 20 16  35.4 1012 355  2.3 5  7.2  20  258  263 388 -542  0
4218500 2850500  7 20 17  35.1 1011 127  0.2 5  7.8  22  157  225 392 -535  0
4218500 2850500  7 20 18  34.4 1011 265  2.0 5  8.4  24  152  147 392 -524  0
4218500 2850500  7 20 19  32.2 1011 335  1.4 5  8.8  27   58   95 388 -511  0
4218500 2850500  7 20 20  29.3 1011 108  3.2 6  8.7  31   13   35 383 -496  0
4218500 2850500  7 20 21  27.1 1011 103  3.3 5  8.5  35    0    0 373 -483  0
4218500 2850500  7 20 22  24.7 1011 110  3.0 4  8.8  42    0    0 359 -473  0
4218500 2850500  7 20 23  25.0 1011 223  2.2 4  9.3  47    0    0 354 -463  0
4218500 2850500  7 20 24  27.5 1012 278  5.6 4  9.6  45    0    0 361 -455  0
4218500 2850500  7 21  1  26.2 1013 343  2.7 6  9.7  44    0    0 369 -447  0
4218500 2850500  7 21  2  25.7 1013 357  3.1 7  9.8  47    0    0 375 -442  0
4218500 2850500  7 21  3  24.4 1012 325  2.8 6  9.7  49    0    0 374 -440  0
4218500 2850500  7 21  4  23.0 1012 275  2.6 5  9.8  53    0    0 365 -438  0
4218500 2850500  7 21  5  22.0 1013 259  3.3 4 10.3  60    6   17 358 -434  0
4218500 2850500  7 21  6  22.8 1013 270  3.4 2 11.1  65   48   55 349 -433  0
4218500 2850500  7 21  7  23.8 1014 269  2.9 1 11.7  65  136  100 341 -440  0
4218500 2850500  7 21  8  25.0 1014 272  3.6 1 11.9  62  257  132 340 -453  0
4218500 2850500  7 21  9  25.8 1014 282  4.2 1 12.1  60  396  146 345 -468  0
4218500 2850500  7 21 10  27.9 1014 309  4.3 0 12.3  55  522  154 352 -480  0
4218500 2850500  7 21 11  29.1 1014 280  5.0 0 12.2  50  604  167 364 -492  0
4218500 2850500  7 21 12  30.1 1014 298  4.7 0 12.0  46  627  190 377 -511  0
4218500 2850500  7 21 13  30.4 1014 292  4.8 1 11.7  43  499  276 387 -534  0
4218500 2850500  7 21 14  31.1 1013 267  4.9 2 11.9  43  341  336 396 -543  0
4218500 2850500  7 21 15  30.2 1013 278  4.6 2 11.9  43  303  311 399 -542  0
4218500 2850500  7 21 16  30.5 1013 298  4.4 3 11.7  43  285  258 399 -542  0
4218500 2850500  7 21 17  31.0 1012 262  4.1 2 11.5  41  283  179 400 -533  0
4218500 2850500  7 21 18  30.8 1012 298  3.8 1 10.9  39  137  155 393 -524  0
4218500 2850500  7 21 19  29.6 1012 315  4.7 1 10.8  40   47   97 385 -518  0
4218500 2850500  7 21 20  28.5 1012 315  4.1 1 11.0  43    5   31 378 -504  0
4218500 2850500  7 21 21  26.9 1012 321  3.8 0 10.8  46    0    0 368 -488  0
4218500 2850500  7 21 22  25.7 1013 316  3.7 1 10.8  50    0    0 363 -475  0
4218500 2850500  7 21 23  24.4 1013 312  3.8 1 10.8  54    0    0 361 -469  0
4218500 2850500  7 21 24  23.1 1013 312  3.6 0 10.5  57    0    0 353 -463  0
4218500 2850500  7 22  1  21.9 1013 317  3.1 0  9.9  58    0    0 344 -456  0
4218500 2850500  7 22  2  20.8 1014 320  3.3 0  9.6  60    0    0 341 -450  0
4218500 2850500  7 22  3  19.6 1014 311  2.8 0  9.5  64    0    0 338 -446  0
4218500 2850500  7 22  4  18.4 1014 299  2.6 0  9.4  68    0    0 335 -443  0
4218500 2850500  7 22  5  18.7 1014 308  2.2 1  9.5  71    3   12 338 -440  0
4218500 2850500  7 22  6  19.1 1014 309  2.2 1  9.8  72   56   52 341 -439  0
4218500 2850500  7 22  7  20.2 1014 319  2.3 0 10.2  71  177   81 340 -447  0
4218500 2850500  7 22  8  21.9 1014 299  2.2 0 10.9  70  319   97 342 -461  0
4218500 2850500  7 22  9  23.6 1014 299  2.9 1 11.2  65  456  107 351 -479  0
4218500 2850500  7 22 10  25.4 1014 300  2.9 1 11.0  57  576  114 361 -497  0
4218500 2850500  7 22 11  27.2 1014 322  3.0 0 10.9  51  665  120 367 -512  0
4218500 2850500  7 22 12  28.0 1013 323  2.2 1 11.1  48  712  127 374 -523  0
4218500 2850500  7 22 13  29.2 1013 330  2.8 1 11.3  46  712  137 382 -530  0
4218500 2850500  7 22 14  29.6 1013 334  2.6 1 11.2  44  652  154 386 -536  0
4218500 2850500  7 22 15  30.3 1012 335  2.7 1 11.2  42  542  174 388 -538  0
4218500 2850500  7 22 16  30.7 1012   0  2.5 1 11.1  40  409  184 388 -535  0
4218500 2850500  7 22 17  30.8 1011  61  2.5 2 10.7  38  306  158 389 -531  0
4218500 2850500  7 22 18  30.9 1011 350  1.6 3 10.1  36  185  130 390 -523  0
4218500 2850500  7 22 19  28.3 1011 359  1.7 3 10.0  38   72   90 386 -505  0
4218500 2850500  7 22 20  26.1 1011  14  1.4 5 10.1  45    9   32 384 -488  0
4218500 2850500  7 22 21  23.7 1011  17  1.9 7 10.0  50    0    0 388 -475  0
4218500 2850500  7 22 22  22.7 1011  77  1.9 7  9.9  55    0    0 389 -465  0
4218500 2850500  7 22 23  22.3 1012  85  2.9 7 10.3  60    0    0 387 -459  0
4218500 2850500  7 22 24  22.1 1012  92  2.7 6 10.9  65    0    0 383 -457  0
4218500 2850500  7 23  1  21.5 1012  79  2.8 3 10.9  66    0    0 367 -457  0
4218500 2850500  7 23  2  20.4 1012  98  3.1 3 10.9  70    0    0 355 -452  0
4218500 2850500  7 23  3  19.8 1012  97  2.4 2 10.9  73    0    0 350 -442  0
4218500 2850500  7 23  4  18.9 1012  94  2.4 1 11.1  78    0    0 343 -437  0
4218500 2850500  7 23  5  18.9 1012  94  2.5 3 11.4  83    0    6 346 -434  0
4218500 2850500  7 23  6  20.5 1012 130  2.2 4 11.9  82   29   49 357 -434  0
4218500 2850500  7 23  7  22.5 1012 131  2.8 5 12.4  77   55  105 369 -439  0
4218500 2850500  7 23  8  25.0 1012 138  2.2 4 12.6  68  219  124 376 -448  0
4218500 2850500  7 23  9  28.0 1012 174  2.4 5 12.6  58  257  186 386 -455  0
4218500 2850500  7 23 10  28.9 1012 187  2.8 5 12.3  50  100  292 398 -458  0
4218500 2850500  7 23 11  29.3 1012 191  1.8 6 11.9  47  160  327 405 -464  0
4218500 2850500  7 23 12  28.9 1012 199  2.0 8 11.3  45    0  161 416 -477  0
4218500 2850500  7 23 13  28.6 1012 185  1.4 8 11.0  44    0  131 421 -490  0
4218500 2850500  7 23 14  29.3 1012 263  2.5 7 10.9  43    1  202 418 -508  0
4218500 2850500  7 23 15  30.9 1012 161  1.3 5 10.4  39  117  308 412 -517  0
4218500 2850500  7 23 16  31.3 1011 203  1.9 4  9.6  34  199  257 404 -517  0
4218500 2850500  7 23 17  31.4 1011 242  2.0 4  9.0  31  230  180 399 -519  0
4218500 2850500  7 23 18  30.4 1011 196  1.9 5  9.0  32   87  151 399 -511  0
4218500 2850500  7 23 19  28.9 1011 284  2.3 7  9.6  37   10   82 405 -499  0
4218500 2850500  7 23 20  28.1 1011 276  2.8 7 10.2  42    3   27 407 -486  0
4218500 2850500  7 23 21  25.6 1012 304  3.4 6 10.6  48    0    0 398 -472  0
4218500 2850500  7 23 22  23.6 1012 322  3.2 4 11.3  58    0    0 383 -462  0
4218500 2850500  7 23 23  23.2 1013 312  2.3 4 11.4  63    0    0 374 -456  0
4218500 2850500  7 23 24  22.8 1013 292  2.6 3 11.5  65    0    0 371 -452  0
4218500 2850500  7 24  1  21.8 1013 292  2.5 4 11.5  68    0    0 368 -449  0
4218500 2850500  7 24  2  21.3 1013 305  2.8 4 11.5  71    0    0 369 -447  0
4218500 2850500  7 24  3  20.7 1013 309  2.9 3 11.5  74    0    0 365 -447  0
4218500 2850500  7 24  4  19.3 1013 304  2.9 1 11.6  79    0    0 354 -447  0
4218500 2850500  7 24  5  18.7 1014 333  2.5 2 11.7  85    0    3 347 -445  0
4218500 2850500  7 24  6  20.2 1014 309  2.6 2 11.9  84    9   46 349 -443  0
4218500 2850500  7 24  7  20.8 1014 306  3.1 2 11.9  79   77  112 351 -444  0
4218500 2850500  7 24  8  23.1 1014 312  3.5 1 12.1  73  221  139 353 -449  0
4218500 2850500  7 24  9  24.2 1014 309  3.6 1 12.3  67  403  134 357 -460  0
4218500 2850500  7 24 10  25.6 1015 307  4.8 1 12.3  62  539  135 364 -476  0
4218500 2850500  7 24 11  26.5 1015 301  4.2 1 11.9  56  627  143 371 -493  0
4218500 2850500  7 24 12  27.2 1015 310  4.4 1 11.3  51  677  150 376 -507  0
4218500 2850500  7 24 13  28.5 1015 308  4.3 1 11.5  49  680  158 382 -515  0
4218500 2850500  7 24 14  29.0 1014 285  4.3 1 11.5  46  558  213 385 -519  0
4218500 2850500  7 24 15  29.4 1014 300  4.2 2 11.2  44  388  264 387 -521  0
4218500 2850500  7 24 16  29.4 1014 315  3.9 2 10.8  42  276  253 389 -519  0
4218500 2850500  7 24 17  28.9 1014 329  4.1 2 10.8  43  216  202 388 -514  0
4218500 2850500  7 24 18  28.7 1013 338  3.6 2 10.7  43  126  153 386 -503  0
4218500 2850500  7 24 19  28.1 1013 332  3.6 1 10.6  44   66   92 381 -489  0
4218500 2850500  7 24 20  26.3 1013 343  2.8 1 10.6  47    6   30 373 -475  0
4218500 2850500  7 24 21  24.2 1013  12  2.7 0 10.7  53    0    0 362 -463  0
4218500 2850500  7 24 22  23.3 1014   8  2.5 0 10.8  59    0    0 354 -452  0
4218500 2850500  7 24 23  23.4 1015  29  2.7 0 10.9  61    0    0 352 -444  0
4218500 2850500  7 24 24  22.4 1015  40  2.8 0 10.6  61    0    0 349 -437  0
4218500 2850500  7 25  1  20.7 1016  43  2.5 0 10.1  63    0    0 343 -431  0
4218500 2850500  7 25  2  19.6 1015  32  2.1 0 10.2  69    0    0 338 -426  0
4218500 2850500  7 25  3  18.7 1016  21  2.0 1 10.4  75    0    0 337 -421  0
4218500 2850500  7 25  4  19.2 1015  21  1.9 3 10.5  77    0    0 342 -416  0
4218500 2850500  7 25  5  19.1 1015  12  1.7 4 10.8  78    0    2 348 -413  0
4218500 2850500  7 25  6  20.3 1016  37  1.6 3 11.2  78    4   38 348 -412  0
4218500 2850500  7 25  7  22.2 1016  93  1.6 2 11.7  74   71  103 349 -419  0
4218500 2850500  7 25  8  23.6 1016  96  1.2 0 11.7  67  262  103 348 -434  0
4218500 2850500  7 25  9  25.1 1016 338  1.6 0 11.7  61  437   87 350 -453  0
4218500 2850500  7 25 10  27.1 1016 359  1.9 0 11.7  55  569   82 358 -473  0
4218500 2850500  7 25 11  27.7 1015   9  2.1 2 11.5  50  438  220 368 -491  0
4218500 2850500  7 25 12  28.0 1015 302  2.6 2 11.3  48  344  301 372 -507  0
4218500 2850500  7 25 13  28.6 1015 306  1.8 4 10.8  45  327  317 376 -520  0
4218500 2850500  7 25 14  29.2 1015 299  2.3 4 10.0  40  288  317 380 -527  0
4218500 2850500  7 25 15  29.5 1014 332  2.9 3  9.9  39  371  244 379 -529  0
4218500 2850500  7 25 16  29.6 1014 325  3.6 3 10.0  38  333  203 378 -524  0
4218500 2850500  7 25 17  29.9 1014 311  1.9 3  9.6  36  264  161 378 -515  0
4218500 2850500  7 25 18  29.6 1013 331  2.9 3  9.3  35  175  119 376 -506  0
4218500 2850500  7 25 19  28.7 1013 345  2.5 4  9.0  36   65   83 374 -494  0
4218500 2850500  7 25 20  25.7 1013  13  2.5 4  9.2  41    4   26 368 -480  0
4218500 2850500  7 25 21  24.2 1013  18  2.9 4  9.4  48    0    0 360 -466  0
4218500 2850500  7 25 22  22.8 1013  26  2.5 2  9.2  51    0    0 349 -454  0
4218500 2850500  7 25 23  23.3 1014  44  3.3 1  9.4  53    0    0 342 -445  0
4218500 2850500  7 25 24  22.0 1014  57  2.9 1  9.7  56    0    0 339 -437  0
4218500 2850500  7 26  1  21.4 1015  75  2.5 1  9.8  60    0    0 336 -431  0
4218500 2850500  7 26  2  20.5 1014  64  2.5 1  9.7  63    0    0 334 -425  0
4218500 2850500  7 26  3  19.6 1014  76  2.5 1  9.6  65    0    0 331 -420  0
4218500 2850500  7 26  4  18.5 1014  78  2.3 2  9.3  68    0    0 329 -417  0
4218500 2850500  7 26  5  18.4 1014  71  2.1 2  9.3  70    1    9 328 -413  0
4218500 2850500  7 26  6  18.7 1014  86  2.4 2  9.6  72   40   50 327 -413  0
4218500 2850500  7 26  7  21.8 1014  94  1.5 1 10.0  67  148   88 329 -420  0
4218500 2850500  7 26  8  24.5 1014  64  2.0 0 10.0  56  298   99 334 -435  0
4218500 2850500  7 26  9  26.2 1014  68  2.5 0 10.2  50  443  106 341 -455  0
4218500 2850500  7 26 10  27.5 1014  47  2.0 0 10.7  48  555  120 350 -477  0
4218500 2850500  7 26 11  29.0 1014  18  2.1 0 10.4  43  644  125 357 -497  0
4218500 2850500  7 26 12  29.9 1013  83  1.8 0 10.0  39  688  135 364 -514  0
4218500 2850500  7 26 13  30.6 1013 148  1.2 0  9.8  36  689  143 369 -531  0
4218500 2850500  7 26 14  31.3 1013 247  0.6 0  9.4  34  630  161 373 -549  0
4218500 2850500  7 26 15  31.6 1012 250  1.9 0  9.0  31  543  169 374 -553  0
4218500 2850500  7 26 16  31.8 1012 331  2.6 1  8.6  30  433  166 374 -544  0
4218500 2850500  7 26 17  31.9 1011 304  2.1 1  8.5  29  304  155 375 -531  0
4218500 2850500  7 26 18  31.8 1011 341  1.6 1  8.4  28  173  131 374 -516  0
4218500 2850500  7 26 19  30.2 1011  33  2.1 1  8.5  30   62   90 370 -503  0
4218500 2850500  7 26 20  27.2 1011  24  2.4 0  9.2  37    5   27 361 -488  0
4218500 2850500  7 26 21  24.2 1011  59  2.6 1  9.5  46    0    0 350 -474  0
4218500 2850500  7 26 22  23.5 1011  64  2.5 1  9.0  48    0    0 344 -463  0
4218500 2850500  7 26 23  22.3 1012  80  2.9 1  8.6  49    0    0 341 -454  0
4218500 2850500  7 26 24  22.6 1012  78  2.9 2  8.5  50    0    0 342 -447  0
4218500 2850500  7 27  1  22.1 1012  92  3.0 2  8.8  52    0    0 346 -441  0
4218500 2850500  7 27  2  20.9 1012  72  2.3 1  8.8  54    0    0 341 -435  0
4218500 2850500  7 27  3  19.9 1012  82  2.4 1  8.8  59    0    0 334 -432  0
4218500 2850500  7 27  4  18.9 1012  61  2.6 2  9.1  64    0    0 333 -431  0
4218500 2850500  7 27  5  19.5 1012  88  2.7 2  9.4  67    0    9 331 -430  0
4218500 2850500  7 27  6  19.8 1012  85  2.5 2  9.6  67   38   52 329 -430  0
4218500 2850500  7 27  7  22.4 1012 102  1.5 1 10.0  64  142   95 327 -436  0
4218500 2850500  7 27  8  24.6 1012 116  2.5 1 10.4  57  270  121 331 -448  0
4218500 2850500  7 27  9  27.6 1012 125  2.1 2 10.6  50  388  145 347 -463  0
4218500 2850500  7 27 10  30.2 1012  97  2.3 2 10.1  40  501  160 364 -477  0
4218500 2850500  7 27 11  31.6 1012  96  2.0 2  9.7  34  575  177 376 -491  0
4218500 2850500  7 27 12  32.3 1012  60  2.1 2  9.5  32  616  191 384 -507  0
4218500 2850500  7 27 13  32.9 1011  21  2.0 1  8.9  29  613  204 380 -517  0
4218500 2850500  7 27 14  33.6 1011  48  1.1 1  8.5  27  561  216 375 -517  0
4218500 2850500  7 27 15  33.6 1010 340  2.3 1  8.5  26  484  216 379 -521  0
4218500 2850500  7 27 16  33.9 1010  26  2.5 1  8.1  24  381  206 379 -529  0
4218500 2850500  7 27 17  33.6 1009 344  2.3 2  7.9  24  270  180 385 -528  0
4218500 2850500  7 27 18  33.1 1009 110  3.8 2  7.9  24  150  145 385 -521  0
4218500 2850500  7 27 19  30.5 1008  94  2.3 5  8.1  27   21   88 388 -510  0
4218500 2850500  7 27 20  27.7 1009  78  2.3 4  8.7  34    1   21 388 -498  0
4218500 2850500  7 27 21  27.5 1009 112  2.4 6  8.4  36    0    0 388 -488  0
4218500 2850500  7 27 22  25.8 1009 112  3.5 6  8.8  40    0    0 393 -481  0
4218500 2850500  7 27 23  25.1 1009 155  2.6 5  9.2  45    0    0 387 -474  0
4218500 2850500  7 27 24  24.4 1009 134  2.6 5  8.9  45    0    0 381 -465  0
4218500 2850500  7 28  1  23.7 1009 131  2.8 6  8.9  47    0    0 385 -454  0
4218500 2850500  7 28  2  22.3 1009 108  3.0 6  8.8  50    0    0 386 -446  0
4218500 2850500  7 28  3  23.2 1009 103  3.4 6  8.7  50    0    0 384 -440  0
4218500 2850500  7 28  4  23.2 1008 101  3.5 8  8.5  48    0    0 393 -436  0
4218500 2850500  7 28  5  22.8 1008 120  4.3 7  8.4  48    0    0 397 -434  0
4218500 2850500  7 28  6  22.3 1008 134  2.9 7  8.6  50    0    9 390 -434  0
4218500 2850500  7 28  7  22.3 1008 119  3.3 7  9.0  53    0   36 389 -439  0
4218500 2850500  7 28  8  23.3 1008 141  3.7 7  9.3  53    0   76 390 -446  0
4218500 2850500  7 28  9  24.1 1008 136  3.5 8  9.3  51    0  141 398 -452  0
4218500 2850500  7 28 10  25.2 1007 140  2.9 7  9.5  49   10  243 403 -460  0
4218500 2850500  7 28 11  26.2 1007 112  3.5 6 10.3  49  140  377 401 -470  0
4218500 2850500  7 28 12  28.9 1007 141  3.7 5 10.9  47  272  395 402 -478  0
4218500 2850500  7 28 13  30.2 1007 147  4.5 5 11.2  43  349  381 408 -488  0
4218500 2850500  7 28 14  30.8 1006 143  4.2 5 10.5  38  307  379 410 -501  0
4218500 2850500  7 28 15  30.8 1005 151  3.0 6 10.1  36  163  368 412 -509  0
4218500 2850500  7 28 16  30.6 1004 114  3.1 6 10.8  38  108  305 413 -511  0
4218500 2850500  7 28 17  31.1 1003 149  3.2 5 10.2  36  108  246 410 -504  0
4218500 2850500  7 28 18  29.9 1003 159  2.2 7  9.8  36    0  100 410 -493  0
4218500 2850500  7 28 19  28.9 1003 240  2.5 8 10.4  40    0   23 414 -483  0
4218500 2850500  7 28 20  25.3 1003 271  3.5 7 11.4  50    0   14 406 -472  0
4218500 2850500  7 28 21  22.6 1003 317  2.5 7 13.2  70    0    0 394 -460  0
4218500 2850500  7 28 22  22.5 1003 189  1.8 6 14.0  81    0    0 386 -449  0
4218500 2850500  7 28 23  22.7 1003 210  1.6 6 13.4  77    0    0 382 -441  0
4218500 2850500  7 28 24  22.6 1003 186  2.0 8 12.9  74    0    0 385 -434  0
4218500 2850500  7 29  1  22.3 1003 228  1.9 7 12.7  74    0    0 384 -428  0
4218500 2850500  7 29  2  21.9 1002 242  2.2 7 12.9  76    0    0 379 -422  0
4218500 2850500  7 29  3  20.5 1002 331  4.3 7 13.2  82    0    0 376 -417  0
4218500 2850500  7 29  4  19.3 1002  23  3.5 8 13.5  91    0    0 376 -413  0
4218500 2850500  7 29  5  19.8 1002 210  3.5 8 13.4  93    0    1 378 -409  0
4218500 2850500  7 29  6  19.5 1003 219  2.1 8 13.4  92    0   28 380 -410  0
4218500 2850500  7 29  7  19.2 1003 261  2.2 5 13.4  94   12   97 369 -419  0
4218500 2850500  7 29  8  19.4 1003 287  2.2 4 13.4  94  154  168 357 -435  0
4218500 2850500  7 29  9  21.0 1003 275  2.7 5 13.7  90  148  245 361 -455  0
4218500 2850500  7 29 10  21.6 1003 257  2.2 7 13.9  86   13  246 375 -474  0
4218500 2850500  7 29 11  22.2 1003 238  2.4 7 13.9  83   17  286 384 -492  0
4218500 2850500  7 29 12  23.5 1003 206  3.2 7 13.5  76   50  342 388 -509  0
4218500 2850500  7 29 13  23.8 1003 302  3.4 5 13.0  70  163  388 384 -524  0
4218500 2850500  7 29 14  24.2 1003 334  4.3 4 12.2  64  192  373 376 -528  0
4218500 2850500  7 29 15  25.6 1002 295  3.5 4 11.3  57  330  298 375 -529  0
4218500 2850500  7 29 16  26.1 1002 294  3.7 4 11.0  52  211  280 376 -531  0
4218500 2850500  7 29 17  26.1 1002 327  3.8 3 11.3  52  120  228 374 -522  0
4218500 2850500  7 29 18  24.6 1002 330  3.8 3 11.9  58   53  157 367 -508  0
4218500 2850500  7 29 19  24.9 1002 319  3.9 2 12.1  61   45   94 361 -496  0
4218500 2850500  7 29 20  23.5 1003 317  2.6 2 11.5  60    2   25 354 -483  0
4218500 2850500  7 29 21  21.1 1003 320  2.4 1 11.3  66    0    0 342 -472  0
4218500 2850500  7 29 22  20.1 1004 339  1.5 1 11.7  76    0    0 331 -462  0
4218500 2850500  7 29 23  19.9 1004 273  2.3 1 12.1  82    0    0 328 -456  0
4218500 2850500  7 29 24  20.2 1005 279  2.9 0 12.3  83    0    0 326 -451  0
4218500 2850500  7 30  1  19.2 1005 290  2.8 0 11.9  82    0    0 322 -447  0
4218500 2850500  7 30  2  19.1 1005 301  2.3 0 11.6  82    0    0 322 -443  0
4218500 2850500  7 30  3  19.3 1005 280  2.3 0 11.8  84    0    0 323 -440  0
4218500 2850500  7 30  4  18.0 1005 303  2.0 0 12.1  88    0    0 322 -438  0
4218500 2850500  7 30  5  18.1 1006 310  2.1 0 12.1  92    0    3 320 -438  0
4218500 2850500  7 30  6  19.0 1006 275  2.0 1 12.6  93    9   45 325 -439  0
4218500 2850500  7 30  7  20.3 1006 274  2.1 2 12.8  88   66  111 335 -442  0
4218500 2850500  7 30  8  21.6 1007 282  2.5 2 12.6  80  177  155 343 -450  0
4218500 2850500  7 30  9  23.4 1007 283  2.4 3 12.5  72  334  165 354 -462  0
4218500 2850500  7 30 10  25.0 1007 334  2.7 2 12.1  63  487  159 361 -474  0
4218500 2850500  7 30 11  26.2 1007 306  2.6 3 11.4  55  487  221 367 -486  0
4218500 2850500  7 30 12  26.9 1007 293  2.8 5 10.9  50  294  346 383 -498  0
4218500 2850500  7 30 13  28.0 1007 269  2.7 5 10.6  46  291  355 395 -505  0
4218500 2850500  7 30 14  28.4 1007 262  2.9 5 10.5  43  331  326 399 -510  0
4218500 2850500  7 30 15  29.1 1007 300  2.6 6 10.4  42  270  310 405 -513  0
4218500 2850500  7 30 16  28.6 1007 313  3.6 5 10.0  40  336  224 406 -510  0
4218500 2850500  7 30 17  29.1 1006 282  1.9 4  9.8  39  275  173 398 -504  0
4218500 2850500  7 30 18  28.5 1006 310  2.3 4  9.5  38  143  145 393 -494  0
4218500 2850500  7 30 19  27.4 1006 284  1.3 3  9.6  40   39   91 386 -483  0
4218500 2850500  7 30 20  25.0 1006 279  1.1 4  9.8  46    1   21 380 -474  0
4218500 2850500  7 30 21  22.7 1006   7  0.3 5 10.1  54    0    0 378 -468  0
4218500 2850500  7 30 22  20.5 1006  65  1.2 5 10.7  65    0    0 375 -463  0
4218500 2850500  7 30 23  20.6 1006 104  1.8 5 11.1  72    0    0 373 -459  0
4218500 2850500  7 30 24  20.9 1006 121  2.2 6 11.3  73    0    0 378 -457  0
4218500 2850500  7 31  1  21.3 1006 139  2.7 7 11.4  72    0    0 388 -454  0
4218500 2850500  7 31  2  21.5 1006 188  3.8 7 11.4  71    0    0 393 -446  0
4218500 2850500  7 31  3  22.1 1006 276  4.7 7 11.4  69    0    0 395 -435  0
4218500 2850500  7 31  4  21.8 1006 290  3.9 8 11.4  68    0    0 399 -430  0
4218500 2850500  7 31  5  21.1 1007 280  3.4 7 11.6  72    0    1 397 -428  0
4218500 2850500  7 31  6  20.6 1007 281  4.5 6 12.0  77   42   43 389 -428  0
4218500 2850500  7 31  7  20.8 1007 281  4.7 4 12.4  80  107   90 380 -429  0
4218500 2850500  7 31  8  21.6 1008 292  4.2 5 12.5  78  141  148 379 -433  0
4218500 2850500  7 31  9  21.9 1008 280  4.9 4 11.8  72  133  221 381 -441  0
4218500 2850500  7 31 10  23.5 1008 264  5.4 5 11.4  65  224  256 383 -454  0
4218500 2850500  7 31 11  23.2 1008 272  4.9 6 11.3  62  214  306 391 -470  0
4218500 2850500  7 31 12  24.4 1008 266  4.7 7 11.2  60  120  343 399 -490  0
4218500 2850500  7 31 13  23.8 1008 242  4.5 7 11.0  58   67  328 401 -503  0
4218500 2850500  7 31 14  24.8 1008 245  4.2 6 11.0  58  205  328 398 -508  0
4218500 2850500  7 31 15  25.0 1007 269  4.4 6 11.0  55  215  293 395 -514  0
4218500 2850500  7 31 16  25.8 1007 239  4.5 5 10.3  50  279  218 391 -510  0
4218500 2850500  7 31 17  25.2 1006 265  3.4 6  9.6  46  105  200 388 -501  0
4218500 2850500  7 31 18  25.3 1006 288  2.9 7  9.2  46   18  131 390 -490  0
4218500 2850500  7 31 19  23.8 1006 295  1.0 7  9.0  46    0   47 389 -480  0
4218500 2850500  7 31 20  22.8 1006 325  1.9 7  9.0  50    0    7 384 -472  0
4218500 2850500  7 31 21  22.1 1006 340  1.9 7  9.3  54    0    0 381 -463  0
4218500 2850500  7 31 22  20.1 1006 341  2.2 6  9.3  59    0    0 371 -455  0
4218500 2850500  7 31 23  19.7 1006 301  2.0 6  9.5  65    0    0 364 -450  0
4218500 2850500  7 31 24  18.9 1006 305  2.3 5  9.5  67    0    0 359 -445  0
4218500 2850500  8  1  1  18.8 1006 294  3.2 2  9.6  70    0    0 337 -435  0
4218500 2850500  8  1  2  18.4 1006 301  3.0 3  9.4  70    0    0 336 -431  0
4218500 2850500  8  1  3  17.3 1006 302  2.2 2  9.1  70    0    0 331 -426  0
4218500 2850500  8  1  4  15.7 1006 293  1.7 3  8.8  74    0    0 326 -422  0
4218500 2850500  8  1  5  15.7 1006 259  2.1 4  8.8  78    4    9 330 -418  0
4218500 2850500  8  1  6  16.4 1006 250  1.9 5  9.0  78   46   48 340 -416  0
4218500 2850500  8  1  7  18.1 1006 278  1.6 5  9.0  72  138   97 346 -422  0
4218500 2850500  8  1  8  20.5 1006 282  1.5 4  8.8  63  241  138 347 -431  0
4218500 2850500  8  1  9  22.0 1005 249  2.6 4  8.5  53  320  183 348 -446  0
4218500 2850500  8  1 10  23.1 1005 206  2.9 5  8.2  48  379  235 358 -463  0
4218500 2850500  8  1 11  23.9 1004 243  3.3 6  8.1  44  420  277 372 -472  0
4218500 2850500  8  1 12  24.7 1004 216  2.8 6  8.0  42  539  250 380 -485  0
4218500 2850500  8  1 13  25.4 1003 155  3.7 6  7.9  40  444  310 385 -498  0
4218500 2850500  8  1 14  26.0 1002 211  3.4 6  7.6  36  380  318 386 -503  0
4218500 2850500  8  1 15  26.1 1002 221  3.6 7  7.5  35  154  329 390 -499  0
4218500 2850500  8  1 16  25.9 1001 184  3.3 7  7.7  36   42  254 393 -489  0
4218500 2850500  8  1 17  25.4 1000 218  4.5 7  7.5  36    4  155 392 -483  0
4218500 2850500  8  1 18  24.2 1000 228  5.3 6  7.8  39   12  130 387 -472  0
4218500 2850500  8  1 19  22.6 1000 194  2.8 7  8.9  49   28   83 384 -459  0
4218500 2850500  8  1 20  22.3  999 184  4.3 7  9.7  56    0   15 385 -452  0
4218500 2850500  8  1 21  21.7  999 198  4.4 7  9.9  59    0    0 383 -444  0
4218500 2850500  8  1 22  21.6  999 202  4.5 7 10.2  62    0    0 383 -438  0
4218500 2850500  8  1 23  21.1  999 236  5.0 7 10.2  63    0    0 382 -433  0
4218500 2850500  8  1 24  19.4  999 269  6.7 7  9.8  65    0    0 377 -429  0
4218500 2850500  8  2  1  18.2 1000 280  4.5 7  9.9  72    0    0 374 -426  0
4218500 2850500  8  2  2  16.7 1000 235  4.4 7 10.4  82    0    0 370 -424  0
4218500 2850500  8  2  3  16.6 1000 247  5.3 7 10.6  88    0    0 367 -421  0
4218500 2850500  8  2  4  16.4 1000 258  5.1 6 10.3  86    0    0 361 -419  0
4218500 2850500  8  2  5  15.6 1000 230  3.7 5 10.0  87    0    4 351 -418  0
4218500 2850500  8  2  6  15.4 1001 223  3.7 2  9.8  88   33   38 332 -418  0
4218500 2850500  8  2  7  16.1 1001 234  4.4 2  9.8  86  151   76 318 -421  0
4218500 2850500  8  2  8  18.0 1001 240  5.3 1  9.6  78  293   94 316 -427  0
4218500 2850500  8  2  9  19.2 1001 222  5.4 3  9.1  67  240  198 325 -435  0
4218500 2850500  8  2 10  19.3 1000 242  6.3 4  9.1  64  179  289 343 -440  0
4218500 2850500  8  2 11  20.8 1000 250  6.0 4  9.1  61  160  335 352 -444  0
4218500 2850500  8  2 12  21.1 1000 256  6.6 7  8.7  55   39  320 368 -452  0
4218500 2850500  8  2 13  21.4  999 232  7.1 5  8.7  54  276  338 370 -459  0
4218500 2850500  8  2 14  22.2 1000 228  5.8 4  8.7  53  437  258 359 -461  0
4218500 2850500  8  2 15  22.7  999 199  6.8 3  8.4  49  424  223 353 -461  0
4218500 2850500  8  2 16  22.1  999 220  5.3 2  7.9  46  430  156 347 -457  0
4218500 2850500  8  2 17  20.8  999 256  7.0 4  7.7  48  107  208 346 -449  0
4218500 2850500  8  2 18  18.3  999 252  4.1 5  8.5  59   96  141 352 -440  0
4218500 2850500  8  2 19  18.3 1000 203  4.2 5  8.7  65   58   78 351 -435  0
4218500 2850500  8  2 20  17.9 1000 237  3.2 5  8.4  64    5   18 350 -430  0
4218500 2850500  8  2 21  16.9 1000 230  3.3 3  8.8  70    0    0 342 -425  0
4218500 2850500  8  2 22  16.0 1000 204  3.1 2  8.9  75    0    0 327 -419  0
4218500 2850500  8  2 23  15.2 1000 218  2.8 2  8.8  78    0    0 318 -413  0
4218500 2850500  8  2 24  14.8 1000 217  3.2 1  8.8  81    0    0 310 -407  0
4218500 2850500  8  3  1  14.6 1000 212  2.2 5  8.8  83    0    0 317 -404  0
4218500 2850500  8  3  2  14.5 1000 201  2.4 7  8.7  82    0    0 340 -405  0
4218500 2850500  8  3  3  14.6 1000 199  2.1 8  8.7  83    0    0 353 -404  0
4218500 2850500  8  3  4  14.1 1000 196  2.6 8  8.7  84    0    0 357 -402  0
4218500 2850500  8  3  5  14.3 1000 212  2.6 8  8.7  85    0    4 357 -400  0
4218500 2850500  8  3  6  14.4 1000 208  1.8 8  8.9  86    0   22 358 -401  0
4218500 2850500  8  3  7  14.9 1000 215  2.5 5  9.2  87  113   79 347 -404  0
4218500 2850500  8  3  8  16.6 1000 250  2.7 2  9.3  82  290   82 324 -408  0
4218500 2850500  8  3  9  16.9 1000 275  2.7 3  9.1  76  256  181 320 -410  0
4218500 2850500  8  3 10  18.3 1000 222  3.1 3  9.0  70  366  200 330 -415  0
4218500 2850500  8  3 11  20.0 1000 219  2.9 4  8.9  63  287  291 343 -419  0
4218500 2850500  8  3 12  20.6 1000 235  2.9 3  8.3  55  312  310 350 -419  0
4218500 2850500  8  3 13  21.0 1000 256  2.8 5  7.8  50  107  341 355 -432  0
4218500 2850500  8  3 14  21.0 1000 245  2.8 6  7.7  49   39  299 363 -448  0
4218500 2850500  8  3 15  21.5 1000 299  2.1 5  7.6  48   60  285 363 -447  0
4218500 2850500  8  3 16  21.9 1000 246  2.2 4  7.5  46  337  189 356 -444  0
4218500 2850500  8  3 17  22.1 1000 215  1.4 4  7.3  44  291  137 351 -444  0
4218500 2850500  8  3 18  22.4 1000 301  2.3 3  7.2  42  160  115 346 -437  0
4218500 2850500  8  3 19  21.2 1000 274  1.3 3  7.2  44   67   73 337 -425  0
4218500 2850500  8  3 20  18.1 1001 305  2.2 3  7.5  52    2   16 330 -415  0
4218500 2850500  8  3 21  17.1 1001   2  1.6 3  7.5  59    0    0 322 -410  0
4218500 2850500  8  3 22  15.8 1002 342  1.9 3  7.4  63    0    0 318 -405  0
4218500 2850500  8  3 23  15.6 1002 356  2.0 3  8.0  71    0    0 318 -402  0
4218500 2850500  8  3 24  14.7 1002 323  2.4 5  8.5  78    0    0 327 -401  0
4218500 2850500  8  4  1  14.4 1002 336  2.2 4  8.5  81    0    0 330 -402  0
4218500 2850500  8  4  2  14.5 1002   2  2.3 5  8.4  80    0    0 329 -402  0
4218500 2850500  8  4  3  14.3 1002 357  1.9 6  8.4  80    0    0 340 -401  0
4218500 2850500  8  4  4  14.3 1002   4  2.0 7  8.3  80    0    0 351 -401  0
4218500 2850500  8  4  5  14.0 1002 349  1.9 8  8.2  81    0    1 361 -402  0
4218500 2850500  8  4  6  14.4 1003 328  2.0 7  8.4  82   15   34 362 -402  0
4218500 2850500  8  4  7  15.3 1003 334  1.1 7  8.7  81   70   91 358 -405  0
4218500 2850500  8  4  8  17.9 1003 327  2.2 7  9.0  75   47  163 365 -414  0
4218500 2850500  8  4  9  20.3 1003 333  2.9 6  9.0  64  280  175 369 -425  0
4218500 2850500  8  4 10  21.5 1003 357  3.0 6  8.7  56  242  264 372 -438  0
4218500 2850500  8  4 11  22.6 1004  26  3.1 7  8.3  50   91  326 381 -445  0
4218500 2850500  8  4 12  22.3 1004  58  3.5 7  8.1  48   17  288 388 -455  0
4218500 2850500  8  4 13  21.6 1003 343  3.4 8  8.0  48    4  247 388 -469  0
4218500 2850500  8  4 14  20.4 1004 270  1.3 8  8.4  54    0  122 385 -479  0
4218500 2850500  8  4 15  18.9 1004 266  1.5 8 10.1  70    0  141 381 -476  0
4218500 2850500  8  4 16  18.6 1004 280  2.5 7 10.7  78   22  225 374 -472  0
4218500 2850500  8  4 17  19.3 1004 354  3.8 7  9.8  71   30  190 369 -468  0
4218500 2850500  8  4 18  18.5 1005 349  4.2 7  9.4  68   32  139 367 -456  0
4218500 2850500  8  4 19  18.2 1005  23  3.1 7  9.1  68    9   70 366 -450  0
4218500 2850500  8  4 20  17.5 1005  27  2.7 7  9.0  70    0   11 364 -441  0
4218500 2850500  8  4 21  16.6 1005  43  2.6 7  9.1  74    0    0 362 -432  0
4218500 2850500  8  4 22  16.8 1006  57  1.8 6  9.5  79    0    0 357 -426  0
4218500 2850500  8  4 23  17.2 1006 301  2.0 7  9.5  78    0    0 359 -420  0
4218500 2850500  8  4 24  16.0 1006 332  2.6 7  9.6  81    0    0 360 -413  0
4218500 2850500  8  5  1  15.3 1006 324  2.5 6 10.1  90    0    0 355 -408  0
4218500 2850500  8  5  2  14.9 1006 323  2.8 6 10.2  94    0    0 352 -406  0
4218500 2850500  8  5  3  15.0 1006 313  3.0 5 10.0  93    0    0 348 -405  0
4218500 2850500  8  5  4  15.5 1006 313  3.2 5  9.8  89    0    0 345 -406  0
4218500 2850500  8  5  5  14.7 1006 301  3.1 5  9.7  90    0    5 345 -405  0
4218500 2850500  8  5  6  15.4 1006 317  3.4 6  9.7  90    0   23 349 -405  0
4218500 2850500  8  5  7  16.2 1006 310  3.6 6 10.0  88   15   72 355 -408  0
4218500 2850500  8  5  8  16.8 1006 301  3.8 7 10.3  86   15  130 363 -413  0
4218500 2850500  8  5  9  17.7 1006 328  4.6 7 10.6  85    9  177 371 -418  0
4218500 2850500  8  5 10  18.0 1006 329  5.1 7 10.8  84   42  242 375 -428  0
4218500 2850500  8  5 11  18.8 1005 331  4.3 7 11.0  82   17  247 380 -443  0
4218500 2850500  8  5 12  20.3 1005 348  5.0 7 11.0  76   82  283 387 -456  0
4218500 2850500  8  5 13  21.0 1005 350  5.7 6 10.2  66   86  282 386 -461  0
4218500 2850500  8  5 14  21.2 1005 338  6.2 7  9.7  61   72  272 384 -470  0
4218500 2850500  8  5 15  19.8 1005   1  5.6 7 10.0  66   21  231 383 -478  0
4218500 2850500  8  5 16  19.3 1005 331  5.3 7 10.5  73    0  149 378 -478  0
4218500 2850500  8  5 17  19.2 1006 341  5.0 7 10.8  76   11  151 377 -471  0
4218500 2850500  8  5 18  18.7 1006   4  5.3 7 10.4  75    7  103 374 -460  0
4218500 2850500  8  5 19  18.1 1006 343  5.0 7 10.2  76    0   50 373 -452  0
4218500 2850500  8  5 20  16.7 1006 356  5.9 7 10.4  82    0    5 369 -444  0
4218500 2850500  8  5 21  16.2 1006 343  4.8 8 10.7  90    0    0 370 -436  0
4218500 2850500  8  5 22  16.1 1006 351  5.6 8 11.2  96    0    0 372 -430  0
4218500 2850500  8  5 23  16.4 1006   6  5.4 8 11.3  97    0    0 373 -425  0
4218500 2850500  8  5 24  16.7 1005  66  5.4 8 11.5  96    0    0 373 -421  0
4218500 2850500  8  6  1  16.8 1005 345  4.1 8 11.7  97    0    0 373 -418  0
4218500 2850500  8  6  2  16.8 1005   2  4.0 8 11.8  97    0    0 371 -413  0
4218500 2850500  8  6  3  17.0 1005 351  3.7 8 11.9  98    0    0 372 -409  0
4218500 2850500  8  6  4  17.0 1005 352  3.6 8 12.1  98    0    0 372 -407  0
4218500 2850500  8  6  5  17.1 1005 350  3.5 7 12.1  98    0    0 369 -406  0
4218500 2850500  8  6  6  17.2 1005 355  4.0 7 11.9  96    0   10 367 -407  0
4218500 2850500  8  6  7  17.5 1005 352  3.9 8 11.8  94    1   61 369 -409  0
4218500 2850500  8  6  8  17.8 1005 357  4.0 7 11.9  93    0  107 370 -416  0
4218500 2850500  8  6  9  18.6 1005 351  3.9 7 12.1  91    2  165 369 -428  0
4218500 2850500  8  6 10  19.0 1005   8  3.6 7 12.1  88    8  220 373 -444  0
4218500 2850500  8  6 11  19.5 1006  19  3.1 7 12.3  86    4  230 376 -461  0
4218500 2850500  8  6 12  20.2 1006 354  3.3 7 12.6  86   58  305 379 -477  0
4218500 2850500  8  6 13  21.8 1006 348  4.2 7 12.5  79  264  281 383 -487  0
4218500 2850500  8  6 14  21.8 1005 323  4.7 7 12.3  74   76  295 383 -492  0
4218500 2850500  8  6 15  21.4 1005 352  6.0 7 11.8  72    6  217 377 -492  0
4218500 2850500  8  6 16  20.6 1005 355  5.8 7 11.1  71    0  150 372 -489  0
4218500 2850500  8  6 17  21.5 1005  11  6.9 6 11.1  71    4  145 368 -481  0
4218500 2850500  8  6 18  19.4 1005 350  5.1 5 11.7  77    5  105 362 -469  0
4218500 2850500  8  6 19  19.9 1005   2  5.5 7 11.7  81    0   40 362 -455  0
4218500 2850500  8  6 20  19.4 1005 349  5.2 6 11.1  77    0    5 365 -441  0
4218500 2850500  8  6 21  18.7 1006 349  4.5 4 10.6  76    0    0 353 -429  0
4218500 2850500  8  6 22  18.5 1006 343  5.0 4 10.1  75    0    0 344 -420  0
4218500 2850500  8  6 23  18.0 1006 344  5.0 3 10.0  76    0    0 338 -414  0
4218500 2850500  8  6 24  17.6 1006 344  5.4 2 10.1  78    0    0 330 -408  0
4218500 2850500  8  7  1  17.1 1006 334  5.6 2 10.3  82    0    0 325 -402  0
4218500 2850500  8  7  2  17.0 1006 339  5.4 3 10.7  87    0    0 328 -397  0
4218500 2850500  8  7  3  16.9 1006 334  5.5 3 10.6  87    0    0 329 -393  0
4218500 2850500  8  7  4  16.8 1006 333  5.2 3 10.4  86    0    0 328 -391  0
4218500 2850500  8  7  5  16.3 1006 332  4.4 3 10.4  88    0    1 327 -389  0
4218500 2850500  8  7  6  16.8 1006 332  5.0 3 10.1  85    3   26 324 -388  0
4218500 2850500  8  7  7  17.6 1006 335  5.1 3  9.8  79   18   87 323 -393  0
4218500 2850500  8  7  8  19.2 1005 339  5.3 5 10.0  74    8  135 331 -404  0
4218500 2850500  8  7  9  20.6 1005 338  6.6 5 10.2  70  108  234 343 -421  0
4218500 2850500  8  7 10  21.3 1005 330  6.4 6 10.1  64   89  294 350 -440  0
4218500 2850500  8  7 11  22.2 1005 333  6.6 6  9.6  58  199  327 357 -456  0
4218500 2850500  8  7 12  23.9 1005 346  6.4 5  9.9  56  302  326 360 -470  0
4218500 2850500  8  7 13  24.2 1005 335  5.5 5 10.5  56  474  257 363 -482  0
4218500 2850500  8  7 14  25.3 1005  76  6.7 6 10.1  51  421  263 368 -489  0
4218500 2850500  8  7 15  24.8 1004 360  6.9 6  9.3  46  257  287 370 -491  0
4218500 2850500  8  7 16  25.2 1004 339  7.3 6  8.0  40  196  251 365 -488  0
4218500 2850500  8  7 17  25.3 1004 354  7.2 6  7.3  36  143  201 363 -480  0
4218500 2850500  8  7 18  24.1 1004 351  6.1 5  7.3  37  106  137 357 -472  0
4218500 2850500  8  7 19  23.3 1005 358  4.9 6  7.3  39   36   76 353 -461  0
4218500 2850500  8  7 20  21.9 1005 343  3.5 6  7.4  43    0    8 352 -449  0
4218500 2850500  8  7 21  21.1 1005 357  3.8 5  7.7  48    0    0 345 -438  0
4218500 2850500  8  7 22  19.3 1006 343  3.1 5  7.5  50    0    0 335 -428  0
4218500 2850500  8  7 23  17.6 1006 325  3.4 5  7.5  56    0    0 329 -420  0
4218500 2850500  8  7 24  16.4 1006 324  3.6 5  8.1  66    0    0 325 -413  0
4218500 2850500  8  8  1  16.9 1006 324  4.0 5  8.5  71    0    0 324 -407  0
4218500 2850500  8  8  2  16.9 1006 333  4.3 5  8.9  73    0    0 325 -402  0
4218500 2850500  8  8  3  16.8 1006 331  4.7 5  9.8  81    0    0 326 -399  0
4218500 2850500  8  8  4  16.9 1006 331  4.5 5 10.6  88    0    0 328 -396  0
4218500 2850500  8  8  5  16.5 1006 322  5.0 5 11.0  92    0    7 328 -393  0
4218500 2850500  8  8  6  17.2 1006 331  5.4 5 11.0  91   23   35 328 -392  0
4218500 2850500  8  8  7  17.9 1006 331  5.5 7 11.0  87   36   92 338 -395  0
4218500 2850500  8  8  8  18.1 1007 331  5.6 7 10.2  78   33  160 346 -405  0
4218500 2850500  8  8  9  18.7 1007 327  5.9 7  9.4  70   57  235 346 -420  0
4218500 2850500  8  8 10  19.6 1007 304  5.8 6  9.0  64   27  270 344 -438  0
4218500 2850500  8  8 11  19.8 1007 315  6.1 7  9.0  62    7  258 347 -455  0
4218500 2850500  8  8 12  18.9 1007 310  5.6 7  8.9  63    0  222 349 -469  0
4218500 2850500  8  8 13  20.2 1007 301  4.7 6  8.4  58  144  368 344 -479  0
4218500 2850500  8  8 14  21.6 1007 306  5.1 6  8.0  52  391  284 344 -483  0
4218500 2850500  8  8 15  23.1 1006 331  5.2 4  7.7  46  361  257 342 -484  0
4218500 2850500  8  8 16  22.9 1006 316  5.3 4  7.5  42  187  260 338 -482  0
4218500 2850500  8  8 17  22.4 1006 327  4.7 4  7.1  41   90  211 336 -475  0
4218500 2850500  8  8 18  22.1 1006 321  4.6 6  6.8  40   19  134 338 -465  0
4218500 2850500  8  8 19  21.4 1006 307  3.0 6  6.9  42    8   69 342 -452  0
4218500 2850500  8  8 20  20.1 1006 296  3.3 5  7.0  46    0   11 337 -437  0
4218500 2850500  8  8 21  18.9 1006 317  3.1 5  7.2  50    0    0 330 -424  0
4218500 2850500  8  8 22  18.6 1007 292  3.6 4  7.6  56    0    0 325 -414  0
4218500 2850500  8  8 23  17.7 1007 302  3.8 3  8.2  62    0    0 317 -407  0
4218500 2850500  8  8 24  17.3 1007 294  4.2 3  8.6  68    0    0 312 -401  0
4218500 2850500  8  9  1  16.9 1007 303  4.4 2  9.0  74    0    0 308 -396  0
4218500 2850500  8  9  2  16.1 1007 304  4.5 3  9.3  79    0    0 308 -392  0
4218500 2850500  8  9  3  15.4 1007 312  3.7 3  9.4  83    0    0 307 -389  0
4218500 2850500  8  9  4  15.3 1007 293  3.2 4  9.3  85    0    0 308 -386  0
4218500 2850500  8  9  5  15.4 1006 293  3.7 5  9.4  86    0    4 312 -383  0
4218500 2850500  8  9  6  15.4 1007 283  3.8 6  9.6  87    1   22 317 -381  0
4218500 2850500  8  9  7  16.4 1007 292  4.2 7  9.8  86    3   67 323 -384  0
4218500 2850500  8  9  8  16.1 1007 299  4.6 7  9.9  85    5  127 326 -396  0
4218500 2850500  8  9  9  16.9 1007 298  4.3 7 10.0  84   11  194 329 -414  0
4218500 2850500  8  9 10  16.7 1007 299  4.0 7 10.0  83    7  230 332 -434  0
4218500 2850500  8  9 11  18.0 1007 290  4.4 7 10.1  81   33  295 336 -452  0
4218500 2850500  8  9 12  20.5 1007 286  4.5 5 10.1  72  244  326 342 -466  0
4218500 2850500  8  9 13  21.7 1007 288  4.3 3  9.6  61  307  308 341 -478  0
4218500 2850500  8  9 14  22.3 1006 291  4.1 4  8.7  52  136  330 342 -484  0
4218500 2850500  8  9 15  21.7 1006 271  5.6 6  8.3  50   38  273 351 -482  0
4218500 2850500  8  9 16  21.7 1006 263  4.9 5  8.3  51  112  250 354 -479  0
4218500 2850500  8  9 17  21.9 1006 278  5.6 5  8.3  50  157  184 351 -475  0
4218500 2850500  8  9 18  20.8 1006 281  5.3 5  8.2  52   97  128 349 -465  0
4218500 2850500  8  9 19  18.9 1006 272  3.9 6  8.0  55   46   69 348 -453  0
4218500 2850500  8  9 20  17.2 1006 260  2.6 6  7.8  60    0    9 346 -442  0
4218500 2850500  8  9 21  16.1 1006 251  2.4 6  8.0  67    0    0 342 -432  0
4218500 2850500  8  9 22  17.1 1006 248  2.8 4  8.1  68    0    0 334 -422  0
4218500 2850500  8  9 23  15.0 1006 232  2.9 4  8.0  69    0    0 324 -415  0
4218500 2850500  8  9 24  15.2 1006 221  2.4 6  8.0  74    0    0 329 -410  0
4218500 2850500  8 10  1  15.5 1006 230  2.5 7  8.3  75    0    0 342 -406  0
4218500 2850500  8 10  2  15.6 1006 248  2.7 6  8.4  75    0    0 345 -404  0
4218500 2850500  8 10  3  15.1 1006 289  2.5 7  8.5  78    0    0 347 -404  0
4218500 2850500  8 10  4  14.9 1006 316  2.1 7  8.7  81    0    0 352 -405  0
4218500 2850500  8 10  5  15.1 1006 303  1.6 6  8.8  82    0    2 349 -404  0
4218500 2850500  8 10  6  15.3 1006 263  1.2 6  8.8  81    1   21 346 -402  0
4218500 2850500  8 10  7  16.1 1006 227  1.7 7  9.1  81   44   64 352 -403  0
4218500 2850500  8 10  8  16.8 1006 233  2.9 6  9.2  78   59  126 353 -410  0
4218500 2850500  8 10  9  17.7 1006 244  3.6 7  9.2  74   24  186 356 -416  0
4218500 2850500  8 10 10  17.2 1006 240  3.5 7  9.1  72    0  163 362 -421  0
4218500 2850500  8 10 11  17.0 1006 207  3.3 7  9.0  73    3  224 361 -430  0
4218500 2850500  8 10 12  18.0 1006 195  2.8 7  9.1  72   57  283 362 -439  0
4218500 2850500  8 10 13  18.5 1005 198  3.1 6  9.1  69   30  274 361 -443  0
4218500 2850500  8 10 14  19.3 1005 198  3.6 7  9.3  68    0  210 363 -445  0
4218500 2850500  8 10 15  15.7 1005 231  4.2 7  9.7  77    0  153 363 -449  0
4218500 2850500  8 10 16  16.0 1006 288  2.7 8 10.1  89    0  102 363 -448  0
4218500 2850500  8 10 17  16.5 1005 266  1.6 6 10.1  86   17  158 361 -442  0
4218500 2850500  8 10 18  17.1 1005 301  1.3 4  9.9  82  153   74 346 -438  0
4218500 2850500  8 10 19  16.8 1005 185  1.6 4  9.7  80   65   47 339 -433  0
4218500 2850500  8 10 20  15.5 1005 221  1.5 4  9.4  81    0   10 335 -427  0
4218500 2850500  8 10 21  14.6 1005 194  2.0 5  9.3  86    0    0 334 -422  0
4218500 2850500  8 10 22  13.6 1005 188  2.4 5  9.2  91    0    0 336 -417  0
4218500 2850500  8 10 23  14.3 1005 199  2.6 5  9.4  93    0    0 336 -411  0
4218500 2850500  8 10 24  14.4 1006 209  2.7 7  9.6  93    0    0 345 -408  0
4218500 2850500  8 11  1  14.5 1005 230  2.8 7  9.4  90    0    0 355 -406  0
4218500 2850500  8 11  2  14.4 1005 251  2.8 7  9.1  88    0    0 356 -403  0
4218500 2850500  8 11  3  14.3 1005 270  2.2 7  8.7  84    0    0 356 -401  0
4218500 2850500  8 11  4  13.9 1005 281  2.9 7  8.2  81    0    0 354 -399  0
4218500 2850500  8 11  5  12.7 1005 292  2.4 5  7.9  82    0    1 341 -396  0
4218500 2850500  8 11  6  11.9 1005 271  2.1 4  7.8  86   25   34 321 -394  0
4218500 2850500  8 11  7  12.7 1005 274  2.1 3  7.9  88  118   82 309 -396  0
4218500 2850500  8 11  8  13.3 1005 276  2.3 3  7.9  84  126  152 304 -404  0
4218500 2850500  8 11  9  14.4 1005 316  1.5 3  7.9  79  170  222 307 -416  0
4218500 2850500  8 11 10  15.1 1005 259  0.7 4  7.8  74  133  298 314 -430  0
4218500 2850500  8 11 11  17.0 1005 184  0.8 5  7.9  69  243  322 332 -443  0
4218500 2850500  8 11 12  18.4 1005 168  2.4 7  7.9  62   42  331 356 -452  0
4218500 2850500  8 11 13  16.5 1004 227  3.6 8  8.0  64    0  168 368 -452  0
4218500 2850500  8 11 14  16.8 1004 226  1.7 7  8.7  73   29  303 364 -458  0
4218500 2850500  8 11 15  18.5 1004 272  1.3 5  8.8  69  254  297 355 -461  0
4218500 2850500  8 11 16  19.2 1003 211  1.3 4  8.1  59  277  234 347 -453  0
4218500 2850500  8 11 17  19.1 1003 347  1.0 4  7.8  56   98  208 341 -445  0
4218500 2850500  8 11 18  18.7 1003 264  1.9 5  7.5  54   29  138 340 -435  0
4218500 2850500  8 11 19  17.6 1003 311  1.6 7  7.5  57    0   46 348 -425  0
4218500 2850500  8 11 20  16.3 1003 321  1.2 6  7.7  63    0    2 348 -419  0
4218500 2850500  8 11 21  14.3 1003  10  1.9 6  8.1  74    0    0 336 -415  0
4218500 2850500  8 11 22  14.8 1003 114  1.8 6  8.4  80    0    0 330 -411  0
4218500 2850500  8 11 23  14.2 1003  83  1.8 7  8.5  82    0    0 337 -409  0
4218500 2850500  8 11 24  14.0 1003 104  1.3 7  8.7  86    0    0 344 -406  0
4218500 2850500  8 12  1  14.0 1003 163  1.2 7  8.8  87    0    0 344 -402  0
4218500 2850500  8 12  2  13.5 1002 162  1.5 6  8.7  88    0    0 338 -399  0
4218500 2850500  8 12  3  13.2 1002 169  2.0 6  8.8  91    0    0 332 -396  0
4218500 2850500  8 12  4  12.7 1002 244  1.5 6  8.8  93    0    0 332 -393  0
4218500 2850500  8 12  5  13.0 1002 205  1.9 7  8.7  93    0    4 336 -389  0
4218500 2850500  8 12  6  12.8 1002 230  1.5 6  8.8  94   27   35 337 -386  0
4218500 2850500  8 12  7  13.9 1002 255  1.7 5  8.9  92  119   79 327 -388  0
4218500 2850500  8 12  8  15.7 1002 266  1.6 3  8.8  83  266  101 316 -397  0
4218500 2850500  8 12  9  17.4 1002 242  2.2 2  8.6  72  405  116 307 -411  0
4218500 2850500  8 12 10  18.0 1002 270  2.5 4  8.5  66  257  257 320 -426  0
4218500 2850500  8 12 11  18.5 1002 248  3.2 5  8.2  62   15  275 337 -440  0
4218500 2850500  8 12 12  19.5 1002 241  2.7 5  7.9  57  134  358 348 -453  0
4218500 2850500  8 12 13  19.9 1002 227  2.3 4  7.4  51  456  266 347 -460  0
4218500 2850500  8 12 14  20.7 1002 267  1.4 4  7.3  49  264  324 345 -465  0
4218500 2850500  8 12 15  20.6 1002 261  2.4 4  7.5  49  280  280 346 -471  0
4218500 2850500  8 12 16  20.6 1002 234  2.8 3  7.5  49  183  253 340 -470  0
4218500 2850500  8 12 17  20.8 1002 214  3.0 4  7.4  48   85  205 338 -463  0
4218500 2850500  8 12 18  20.3 1002 202  2.3 4  7.2  47   63  139 339 -452  0
4218500 2850500  8 12 19  18.9 1002 199  2.1 6  7.3  51    8   64 344 -442  0
4218500 2850500  8 12 20  17.7 1002 288  1.7 6  7.5  56    0    5 348 -432  0
4218500 2850500  8 12 21  15.4 1002 269  1.7 6  7.7  65    0    0 343 -423  0
4218500 2850500  8 12 22  14.6 1003 295  1.9 6  7.9  73    0    0 338 -418  0
4218500 2850500  8 12 23  14.4 1003 322  0.4 6  7.9  76    0    0 337 -412  0
4218500 2850500  8 12 24  14.3 1003 354  1.1 6  8.1  78    0    0 338 -405  0
4218500 2850500  8 13  1  14.2 1003   9  1.1 7  8.4  82    0    0 343 -400  0
4218500 2850500  8 13  2  14.1 1002  37  1.4 8  8.6  85    0    0 354 -398  0
4218500 2850500  8 13  3  15.1 1002 228  2.0 8  8.7  83    0    0 362 -395  0
4218500 2850500  8 13  4  14.9 1002 258  1.6 8  8.7  81    0    0 364 -392  0
4218500 2850500  8 13  5  14.1 1002 160  1.7 7  8.9  85    0    1 358 -389  0
4218500 2850500  8 13  6  14.3 1002 209  1.8 8  9.1  89    0    7 357 -389  0
4218500 2850500  8 13  7  14.1 1002 177  1.2 8  9.3  90    0   20 362 -394  0
4218500 2850500  8 13  8  14.1 1002 232  1.3 8  9.5  93    0   52 362 -406  0
4218500 2850500  8 13  9  14.3 1002 262  1.9 8  9.6  93    0   96 363 -420  0
4218500 2850500  8 13 10  14.7 1002 277  2.4 8  9.6  92    0  107 365 -433  0
4218500 2850500  8 13 11  14.8 1002 287  2.2 8  9.8  92    0  114 367 -443  0
4218500 2850500  8 13 12  14.9 1002 281  2.8 8 10.0  93    0  110 367 -449  0
4218500 2850500  8 13 13  15.1 1002 291  2.8 8  9.9  92    0   96 369 -449  0
4218500 2850500  8 13 14  15.1 1002 298  2.5 8  9.8  90    0  115 369 -448  0
4218500 2850500  8 13 15  15.2 1001 309  2.3 8  9.9  91    0  123 369 -445  0
4218500 2850500  8 13 16  15.4 1001 300  2.1 8 10.0  90    0  111 370 -438  0
4218500 2850500  8 13 17  15.2 1001 212  1.7 7 10.1  92    1  133 365 -431  0
4218500 2850500  8 13 18  14.8 1001 295  1.5 6 10.2  94    7  113 356 -427  0
4218500 2850500  8 13 19  14.9 1001 293  1.5 6 10.1  94    9   63 352 -423  0
4218500 2850500  8 13 20  14.3 1001 254  1.5 7  9.8  93    0    5 353 -417  0
4218500 2850500  8 13 21  13.7 1001 201  2.0 7  9.7  96    0    0 355 -413  0
4218500 2850500  8 13 22  13.5 1001 188  1.4 5  9.5  96    0    0 345 -413  0
4218500 2850500  8 13 23  12.7 1001 188  2.4 4  9.2  96    0    0 330 -414  0
4218500 2850500  8 13 24  12.5 1001 177  2.3 5  8.9  97    0    0 328 -413  0
4218500 2850500  8 14  1  12.3 1001 180  2.2 4  8.7  96    0    0 326 -410  0
4218500 2850500  8 14  2  11.2 1001 157  1.3 1  8.3  96    0    0 303 -408  0
4218500 2850500  8 14  3  10.9 1001 186  1.9 1  8.1  97    0    0 287 -405  0
4218500 2850500  8 14  4  10.7 1001 177  2.3 1  7.9  97    0    0 284 -401  0
4218500 2850500  8 14  5  10.4 1001 166  2.1 2  7.8  97    0    3 286 -399  0
4218500 2850500  8 14  6  11.0 1001 162  2.6 3  8.0  98   22   32 296 -397  0
4218500 2850500  8 14  7  12.0 1001 180  2.4 4  8.5  99  108   82 307 -400  0
4218500 2850500  8 14  8  13.7 1001 153  2.6 2  8.9  94  240  122 305 -408  0
4218500 2850500  8 14  9  15.9 1001 169  2.9 2  9.0  84  377  138 303 -421  0
4218500 2850500  8 14 10  17.6 1001 181  3.6 1  9.0  74  480  163 307 -436  0
4218500 2850500  8 14 11  19.8 1001 182  4.3 1  8.9  65  549  181 315 -450  0
4218500 2850500  8 14 12  20.8 1001 198  4.8 2  8.7  58  466  264 331 -461  0
4218500 2850500  8 14 13  21.5 1000 231  5.4 3  7.7  49  412  296 342 -470  0
4218500 2850500  8 14 14  22.5 1000 183  5.6 4  7.1  43  449  261 353 -475  0
4218500 2850500  8 14 15  22.4 1000 225  5.8 3  7.2  42  355  261 356 -477  0
4218500 2850500  8 14 16  21.7 1000 203  4.4 3  7.1  42  225  248 353 -473  0
4218500 2850500  8 14 17  21.7  999 222  6.2 3  7.0  43  226  170 349 -467  0
4218500 2850500  8 14 18  20.7  999 221  4.7 4  7.2  45  129  125 347 -463  0
4218500 2850500  8 14 19  19.5  999 188  3.6 5  7.5  51   24   66 350 -455  0
4218500 2850500  8 14 20  18.6  999 200  3.4 6  7.5  54    0    2 352 -446  0
4218500 2850500  8 14 21  17.1  999 181  3.1 6  7.2  56    0    0 352 -439  0
4218500 2850500  8 14 22  16.1  999 180  3.5 5  7.5  63    0    0 347 -434  0
4218500 2850500  8 14 23  15.9  999 176  4.4 4  7.7  67    0    0 338 -430  0
4218500 2850500  8 14 24  15.4  999 182  4.0 6  7.5  67    0    0 340 -425  0
4218500 2850500  8 15  1  15.3  998 182  4.3 7  7.7  70    0    0 351 -419  0
4218500 2850500  8 15  2  15.4  998 182  5.1 7  7.9  71    0    0 355 -414  0
4218500 2850500  8 15  3  15.1  998 181  4.8 8  7.8  71    0    0 359 -409  0
4218500 2850500  8 15  4  15.4  997 183  5.1 8  7.9  72    0    0 365 -404  0
4218500 2850500  8 15  5  14.3  997 192  5.3 8  8.4  78    0    0 366 -401  0
4218500 2850500  8 15  6  13.5  996 191  4.9 8  8.9  88    0   16 364 -402  0
4218500 2850500  8 15  7  13.7  996 193  5.1 8  9.3  93    0   48 363 -406  0
4218500 2850500  8 15  8  13.9  996 203  5.2 8  9.6  96    0   67 365 -413  0
4218500 2850500  8 15  9  14.5  996 221  4.4 8 10.1  98    0   60 368 -421  0
4218500 2850500  8 15 10  15.4  997 236  4.7 8 10.7  98    0  112 373 -428  0
4218500 2850500  8 15 11  17.0  997 243  5.9 7 11.1  95   11  254 373 -426  0
4218500 2850500  8 15 12  18.8  998 259  7.0 6 11.1  84  119  333 370 -419  0
4218500 2850500  8 15 13  19.7  999 267  7.4 7 10.6  75   54  314 376 -417  0
4218500 2850500  8 15 14  19.8  999 260  8.0 8  9.7  66   48  294 386 -418  0
4218500 2850500  8 15 15  19.8 1000 248  8.0 5  9.1  62  124  275 377 -418  0
4218500 2850500  8 15 16  20.4 1001 259  8.0 4  9.4  63  195  218 365 -421  0
4218500 2850500  8 15 17  19.2 1001 249  7.8 6  9.0  62   46  176 366 -425  0
4218500 2850500  8 15 18  18.7 1002 254  6.5 6  8.2  59   18  114 366 -427  0
4218500 2850500  8 15 19  18.5 1002 244  5.4 7  8.2  60    3   49 367 -424  0
4218500 2850500  8 15 20  18.0 1002 241  5.2 6  8.4  63    0    2 365 -419  0
4218500 2850500  8 15 21  16.6 1003 245  4.2 4  8.1  65    0    0 352 -415  0
4218500 2850500  8 15 22  15.4 1004 231  4.0 3  8.1  71    0    0 338 -412  0
4218500 2850500  8 15 23  14.5 1004 223  3.7 2  8.3  78    0    0 327 -408  0
4218500 2850500  8 15 24  13.4 1004 205  3.0 1  8.3  83    0    0 316 -402  0
4218500 2850500  8 16  1  12.9 1005 223  2.8 0  8.4  88    0    0 306 -397  0
4218500 2850500  8 16  2  12.3 1005 210  2.8 0  8.3  90    0    0 300 -394  0
4218500 2850500  8 16  3  11.7 1005 184  2.7 0  8.2  92    0    0 297 -390  0
4218500 2850500  8 16  4  11.7 1005 190  2.5 3  8.2  94    0    0 304 -386  0
4218500 2850500  8 16  5  12.3 1005 167  2.3 5  8.3  94    0    0 318 -382  0
4218500 2850500  8 16  6  12.5 1005 177  2.6 6  8.4  93    0   16 327 -380  0
4218500 2850500  8 16  7  13.8 1005 171  2.4 4  8.5  89   58   81 325 -382  0
4218500 2850500  8 16  8  15.3 1005 170  2.4 3  9.0  86  125  144 318 -392  0
4218500 2850500  8 16  9  16.9 1005 182  3.5 4  9.3  80  204  202 322 -409  0
4218500 2850500  8 16 10  19.7 1005 187  2.9 3  9.1  69  473  151 330 -427  0
4218500 2850500  8 16 11  21.5 1005 176  3.2 3  8.9  58  507  192 336 -446  0
4218500 2850500  8 16 12  22.6 1004 177  2.6 3  8.6  52  462  255 341 -463  0
4218500 2850500  8 16 13  23.2 1004 128  2.8 4  8.5  48  546  217 347 -476  0
4218500 2850500  8 16 14  24.1 1004 156  3.0 4  8.5  46  400  270 351 -483  0
4218500 2850500  8 16 15  24.2 1003 170  3.5 6  8.5  45  134  299 358 -483  0
4218500 2850500  8 16 16  24.5 1003 168  2.2 6  8.2  43   22  210 362 -480  0
4218500 2850500  8 16 17  23.6 1002 163  2.5 8  8.3  44    0   98 363 -476  0
4218500 2850500  8 16 18  22.4 1002 140  2.3 8  8.6  48    0   45 361 -467  0
4218500 2850500  8 16 19  20.6 1002 138  1.6 8  9.4  58    0   13 359 -454  0
4218500 2850500  8 16 20  17.6 1002 166  3.6 8 10.7  76    0    0 354 -441  0
4218500 2850500  8 16 21  16.5 1003  80  1.5 8 11.3  92    0    0 349 -430  0
4218500 2850500  8 16 22  16.5 1003  54  1.6 7 11.3  95    0    0 347 -422  0
4218500 2850500  8 16 23  16.6 1002  55  1.5 7 11.4  96    0    0 347 -417  0
4218500 2850500  8 16 24  16.5 1002  29  1.0 7 11.4  95    0    0 349 -413  0
4218500 2850500  8 17  1  15.9 1002 112  0.8 8 11.0  94    0    0 352 -409  0
4218500 2850500  8 17  2  15.2 1002  84  1.6 6 10.7  96    0    0 348 -406  0
4218500 2850500  8 17  3  14.7 1002  73  1.0 5 10.4  97    0    0 336 -404  0
4218500 2850500  8 17  4  13.7 1002  92  0.8 4  9.9  96    0    0 327 -402  0
4218500 2850500  8 17  5  13.8 1002 164  1.1 4  9.5  96    0    0 322 -400  0
4218500 2850500  8 17  6  14.0 1002 156  1.3 6  9.7  96   18   27 330 -398  0
4218500 2850500  8 17  7  15.3 1002 150  1.2 4 10.3  97  108   70 333 -401  0
4218500 2850500  8 17  8  17.4 1002 179  2.1 2 10.9  93  257   93 323 -411  0
4218500 2850500  8 17  9  19.5 1002 170  2.0 2 11.2  83  403  102 324 -429  0
4218500 2850500  8 17 10  21.6 1002 174  2.5 3 11.3  73  507  117 337 -448  0
4218500 2850500  8 17 11  22.7 1003 200  2.9 5 10.5  62  254  299 355 -470  0
4218500 2850500  8 17 12  23.6 1003 195  1.9 6 10.0  56  197  337 370 -490  0
4218500 2850500  8 17 13  24.0 1003 242  2.8 4 10.0  54  389  278 371 -507  0
4218500 2850500  8 17 14  24.0 1003 237  1.9 6  9.8  52   42  291 373 -516  0
4218500 2850500  8 17 15  24.3 1003 207  2.3 7 10.1  53    0  174 383 -516  0
4218500 2850500  8 17 16  24.4 1003 199  2.1 6 10.3  54  155  238 385 -509  0
4218500 2850500  8 17 17  25.4 1003 137  1.7 3 10.0  50  264  136 375 -496  0
4218500 2850500  8 17 18  25.2 1002 158  1.8 1  9.8  48  133  109 363 -482  0
4218500 2850500  8 17 19  23.3 1002 159  1.1 2 10.1  53   25   56 355 -471  0
4218500 2850500  8 17 20  20.7 1002  75  1.7 2 10.7  64    0    0 350 -460  0
4218500 2850500  8 17 21  18.7 1003  77  2.5 2 11.1  76    0    0 340 -451  0
4218500 2850500  8 17 22  18.1 1003  79  2.9 2 11.1  83    0    0 333 -446  0
4218500 2850500  8 17 23  19.1 1002  74  3.4 2 11.1  82    0    0 334 -441  0
4218500 2850500  8 17 24  18.9 1002  72  2.8 3 10.7  77    0    0 338 -437  0
4218500 2850500  8 18  1  19.3 1002  71  3.9 4 10.4  74    0    0 346 -434  0
4218500 2850500  8 18  2  19.4 1002  80  3.9 3 10.2  71    0    0 346 -431  0
4218500 2850500  8 18  3  18.8 1001  79  3.9 3  9.9  70    0    0 342 -429  0
4218500 2850500  8 18  4  19.4 1001  71  3.7 5 10.0  71    0    0 350 -427  0
4218500 2850500  8 18  5  19.2 1000  69  3.3 6 10.1  71    0    0 364 -425  0
4218500 2850500  8 18  6  19.2 1000  66  4.0 6 10.2  72    0   13 370 -424  0
4218500 2850500  8 18  7  19.7 1000  79  3.7 7 10.4  72   11   69 375 -423  0
4218500 2850500  8 18  8  20.4 1000  71  4.0 7 10.5  71   24  138 382 -421  0
4218500 2850500  8 18  9  21.6 1000  71  4.0 6 10.6  67  102  214 381 -420  0
4218500 2850500  8 18 10  23.5  999  77  3.9 6 11.1  64  265  234 385 -421  0
4218500 2850500  8 18 11  25.9  999  82  2.9 7 11.6  58   52  294 398 -419  0
4218500 2850500  8 18 12  26.1  999 229  3.2 6 12.1  56   83  321 405 -415  0
4218500 2850500  8 18 13  26.1 1000 235  3.0 7 12.2  57   33  296 406 -416  0
4218500 2850500  8 18 14  24.5 1001 230  4.3 7 11.5  56    0  195 406 -421  0
4218500 2850500  8 18 15  23.0 1001 226  4.4 7 11.5  61    0  177 400 -429  0
4218500 2850500  8 18 16  22.1 1002 245  4.4 7 11.9  69   28  210 395 -433  0
4218500 2850500  8 18 17  21.0 1003 254  5.7 6 12.3  75   93  180 388 -435  0
4218500 2850500  8 18 18  20.8 1003 266  4.6 6 12.1  77   27  113 379 -434  0
4218500 2850500  8 18 19  20.6 1004 277  4.3 6 11.8  76    0   37 376 -428  0
4218500 2850500  8 18 20  20.3 1004 237  2.8 6 12.1  80    0    0 376 -419  0
4218500 2850500  8 18 21  19.8 1005 207  2.8 5 12.3  83    0    0 371 -411  0
4218500 2850500  8 18 22  19.0 1006 251  4.3 2 12.3  86    0    0 355 -406  0
4218500 2850500  8 18 23  18.6 1006 267  4.4 2 12.1  88    0    0 343 -406  0
4218500 2850500  8 18 24  18.3 1007 240  2.4 3 11.8  88    0    0 344 -406  0
4218500 2850500  8 19  1  17.1 1008 235  3.0 1 11.5  90    0    0 337 -402  0
4218500 2850500  8 19  2  16.2 1008 223  3.4 0 11.0  92    0    0 322 -395  0
4218500 2850500  8 19  3  15.8 1008 224  2.9 0 10.7  93    0    0 314 -391  0
4218500 2850500  8 19  4  15.2 1009 210  3.1 0 10.3  93    0    0 311 -388  0
4218500 2850500  8 19  5  14.6 1009 212  3.0 1  9.9  93    0    0 311 -387  0
4218500 2850500  8 19  6  14.8 1010 213  2.9 2  9.7  92   19   25 316 -387  0
4218500 2850500  8 19  7  16.2 1010 209  2.4 2  9.7  88  116   68 320 -391  0
4218500 2850500  8 19  8  18.3 1010 226  2.7 1  9.8  79  249   94 321 -401  0
4218500 2850500  8 19  9  21.3 1011 234  2.4 0  9.7  67  386  105 322 -419  0
4218500 2850500  8 19 10  23.1 1011 201  2.5 0  9.5  57  491  124 327 -438  0
4218500 2850500  8 19 11  24.6 1011 185  3.5 0  9.2  50  573  136 334 -455  0
4218500 2850500  8 19 12  25.5 1011 229  3.6 1  9.1  46  648  129 341 -466  0
4218500 2850500  8 19 13  25.9 1011 221  2.9 2  9.0  44  597  169 353 -464  0
4218500 2850500  8 19 14  26.9 1011 225  3.2 3  8.9  41  585  155 364 -456  0
4218500 2850500  8 19 15  27.1 1010 231  3.0 3  8.7  39  512  148 371 -454  0
4218500 2850500  8 19 16  27.3 1010 223  2.8 3  8.3  37  385  149 372 -456  0
4218500 2850500  8 19 17  26.3 1010 176  2.7 3  8.1  37  202  157 371 -455  0
4218500 2850500  8 19 18  26.3 1010 208  2.2 4  8.2  38   64  117 372 -452  0
4218500 2850500  8 19 19  24.2 1009 162  2.2 4  8.6  42   24   53 372 -445  0
4218500 2850500  8 19 20  22.0 1010 191  2.3 4  9.0  51    0    0 366 -436  0
4218500 2850500  8 19 21  20.3 1010 127  1.5 4  9.3  59    0    0 358 -426  0
4218500 2850500  8 19 22  18.2 1010 147  2.6 2  9.6  68    0    0 345 -419  0
4218500 2850500  8 19 23  17.4 1010 131  2.7 2  9.7  76    0    0 334 -415  0
4218500 2850500  8 19 24  17.4 1010 135  3.1 4  9.9  79    0    0 340 -411  0
4218500 2850500  8 20  1  18.2 1010 209  5.2 7 10.0  78    0    0 357 -409  0
4218500 2850500  8 20  2  16.8 1011 294  2.8 8 10.5  84    0    0 369 -406  0
4218500 2850500  8 20  3  16.7 1010 328  2.9 7 11.1  92    0    0 367 -406  0
4218500 2850500  8 20  4  16.2 1009 278  3.4 7 11.0  93    0    0 363 -406  0
4218500 2850500  8 20  5  15.7 1010 260  2.3 5 10.8  94    0    0 354 -406  0
4218500 2850500  8 20  6  15.0 1010 224  1.9 3 10.6  97   14   24 339 -406  0
4218500 2850500  8 20  7  15.9 1010 211  3.0 3 10.8  98   50   75 333 -407  0
4218500 2850500  8 20  8  16.9 1010 193  2.7 2 11.2  96  154  126 331 -414  0
4218500 2850500  8 20  9  18.7 1010 201  3.1 4 11.3  88  172  201 340 -426  0
4218500 2850500  8 20 10  20.4 1010 227  3.4 5 11.3  79  225  255 358 -440  0
4218500 2850500  8 20 11  21.4 1011 193  4.5 4 11.5  74  244  300 364 -455  0
4218500 2850500  8 20 12  21.4 1010 238  4.7 4 12.1  75  278  317 366 -465  0
4218500 2850500  8 20 13  22.1 1010 234  5.3 3 11.6  70  453  247 364 -469  0
4218500 2850500  8 20 14  24.4 1010 229  4.6 4 10.4  58  395  255 368 -472  0
4218500 2850500  8 20 15  24.1 1010 223  5.2 4  9.7  51  294  255 372 -472  0
4218500 2850500  8 20 16  24.6 1009 239  3.7 3  9.2  48  269  206 365 -471  0
4218500 2850500  8 20 17  23.2 1009 248  4.7 3  8.9  48  153  175 358 -468  0
4218500 2850500  8 20 18  16.5 1009 308  3.6 6  9.5  65    4   87 355 -460  0
4218500 2850500  8 20 19  16.4 1010 240  3.2 7 10.6  90    0    6 358 -449  0
4218500 2850500  8 20 20  16.2 1010 206  2.8 7 10.8  92    0    0 362 -436  0
4218500 2850500  8 20 21  15.5 1010 229  3.4 5 10.6  93    0    0 354 -426  0
4218500 2850500  8 20 22  15.0 1011 212  3.0 3 10.1  93    0    0 336 -418  0
4218500 2850500  8 20 23  14.2 1011 213  3.3 3  9.8  94    0    0 325 -411  0
4218500 2850500  8 20 24  14.6 1011 221  3.1 3  9.7  95    0    0 323 -405  0
4218500 2850500  8 21  1  15.2 1011 230  3.2 4  9.8  92    0    0 329 -400  0
4218500 2850500  8 21  2  15.1 1010 226  3.1 4  9.9  91    0    0 335 -394  0
4218500 2850500  8 21  3  15.1 1010 212  3.3 4 10.0  92    0    0 335 -390  0
4218500 2850500  8 21  4  14.8 1010 211  3.4 6  9.8  92    0    0 343 -387  0
4218500 2850500  8 21  5  14.8 1010 227  3.8 6  9.7  92    0    0 350 -384  0
4218500 2850500  8 21  6  15.1 1010 232  4.0 7  9.9  92    0   13 355 -382  0
4218500 2850500  8 21  7  15.7 1010 242  4.0 5 10.0  91   42   65 350 -385  0
4218500 2850500  8 21  8  16.4 1010 241  4.0 5 10.2  89  167   92 342 -393  0
4218500 2850500  8 21  9  17.6 1010 259  4.8 6 10.4  86  130  182 349 -405  0
4218500 2850500  8 21 10  18.8 1010 267  4.7 8  9.9  76   47  241 366 -415  0
4218500 2850500  8 21 11  17.5 1010 247  4.3 7 10.1  77   42  265 372 -422  0
4218500 2850500  8 21 12  19.0 1010 268  4.9 7 10.9  83   24  265 371 -426  0
4218500 2850500  8 21 13  19.7 1009 243  4.5 8 10.9  77    5  225 376 -434  0
4218500 2850500  8 21 14  18.8 1009 252  5.2 6 10.6  76   45  263 372 -443  0
4218500 2850500  8 21 15  19.4 1009 250  4.5 8 10.7  77   12  210 369 -442  0
4218500 2850500  8 21 16  20.5 1009 254  4.8 8 10.6  72    2  151 378 -436  0
4218500 2850500  8 21 17  20.4 1008 253  4.8 7 10.1  66   43  157 377 -433  0
4218500 2850500  8 21 18  19.8 1008 237  5.5 6  9.7  66   59   99 369 -429  0
4218500 2850500  8 21 19  18.7 1008 239  3.9 6  9.6  68   24   43 363 -421  0
4218500 2850500  8 21 20  18.1 1008 244  3.3 7  9.6  72    0    0 364 -414  0
4218500 2850500  8 21 21  16.8 1008 268  3.5 6  9.3  74    0    0 361 -408  0
4218500 2850500  8 21 22  15.8 1008 247  3.2 5  9.1  78    0    0 349 -407  0
4218500 2850500  8 21 23  15.5 1008 238  3.0 6  9.3  83    0    0 346 -406  0
4218500 2850500  8 21 24  15.0 1008 255  3.3 5  9.3  86    0    0 343 -405  0
4218500 2850500  8 22  1  14.2 1008 241  2.5 4  9.2  88    0    0 332 -404  0
4218500 2850500  8 22  2  13.7 1008 240  2.6 3  9.2  92    0    0 319 -403  0
4218500 2850500  8 22  3  12.8 1007 227  2.2 4  9.0  94    0    0 318 -401  0
4218500 2850500  8 22  4  12.8 1007 224  2.3 5  8.8  95    0    0 325 -400  0
4218500 2850500  8 22  5  12.4 1007 257  2.2 5  8.8  96    0    0 330 -398  0
4218500 2850500  8 22  6  12.6 1007 249  2.2 2  8.7  96   10   22 314 -397  0
4218500 2850500  8 22  7  13.7 1007 252  2.6 2  9.0  95   78   67 302 -399  0
4218500 2850500  8 22  8  15.4 1007 273  2.5 1  9.3  89  226   93 302 -403  0
4218500 2850500  8 22  9  17.3 1007 269  3.0 2  9.5  81  320  131 307 -410  0
4218500 2850500  8 22 10  18.0 1007 263  4.1 5  9.5  75  152  269 334 -416  0
4218500 2850500  8 22 11  18.1 1007 274  5.7 4  9.1  70  116  312 346 -422  0
4218500 2850500  8 22 12  17.1 1007 281  5.4 4  8.5  67  372  270 342 -426  0
4218500 2850500  8 22 13  18.3 1008 261  5.4 6  8.1  64  266  315 350 -423  0
4218500 2850500  8 22 14  19.2 1007 263  5.4 6  8.0  59  143  308 360 -420  0
4218500 2850500  8 22 15  19.0 1007 265  5.0 7  8.4  60   15  222 365 -420  0
4218500 2850500  8 22 16  17.9 1007 263  6.3 7  8.8  66    8  172 368 -419  0
4218500 2850500  8 22 17  17.5 1007 257  4.6 6  9.4  74    1  114 365 -418  0
4218500 2850500  8 22 18  17.0 1007 233  4.0 6 10.1  81    0   56 361 -418  0
4218500 2850500  8 22 19  16.9 1007 231  4.3 7 10.4  86    2   36 364 -416  0
4218500 2850500  8 22 20  16.2 1007 245  4.9 8 10.7  90    0    0 367 -413  0
4218500 2850500  8 22 21  16.2 1007 251  4.5 8 11.0  94    0    0 368 -410  0
4218500 2850500  8 22 22  16.2 1007 261  4.5 8 11.0  94    0    0 368 -408  0
4218500 2850500  8 22 23  16.1 1007 277  4.7 8 10.8  93    0    0 366 -407  0
4218500 2850500  8 22 24  16.0 1007 270  4.9 7 10.7  93    0    0 361 -405  0
4218500 2850500  8 23  1  15.3 1007 271  4.3 8 10.4  93    0    0 360 -401  0
4218500 2850500  8 23  2  15.5 1007 270  4.4 8 10.3  93    0    0 362 -397  0
4218500 2850500  8 23  3  15.5 1007 273  4.4 7 10.4  94    0    0 359 -395  0
4218500 2850500  8 23  4  15.6 1007 268  4.2 8 10.4  93    0    0 360 -393  0
4218500 2850500  8 23  5  15.4 1007 271  4.5 7 10.2  92    0    0 362 -391  0
4218500 2850500  8 23  6  15.5 1007 270  4.4 7 10.1  92    0    7 359 -391  0
4218500 2850500  8 23  7  15.8 1008 271  4.8 7 10.4  92    0   23 359 -393  0
4218500 2850500  8 23  8  16.0 1008 280  5.0 7 10.4  92    0   71 360 -398  0
4218500 2850500  8 23  9  16.5 1008 281  5.4 8 10.4  89    0  122 365 -407  0
4218500 2850500  8 23 10  16.6 1008 278  5.4 8 10.2  86    0  159 369 -416  0
4218500 2850500  8 23 11  17.2 1009 277  5.3 7 10.0  82    2  204 366 -419  0
4218500 2850500  8 23 12  16.8 1009 286  5.7 6  9.8  81   33  277 358 -422  0
4218500 2850500  8 23 13  19.7 1009 280  5.4 5  9.5  72  263  286 356 -431  0
4218500 2850500  8 23 14  18.7 1009 276  4.7 8  9.2  66    4  209 365 -437  0
4218500 2850500  8 23 15  18.6 1009 290  5.6 8  8.9  66    9  202 373 -437  0
4218500 2850500  8 23 16  19.1 1009 297  5.2 6  8.8  64   31  194 365 -440  0
4218500 2850500  8 23 17  18.6 1009 299  5.1 7  8.8  64   17  144 361 -442  0
4218500 2850500  8 23 18  18.1 1009 281  4.3 7  8.8  66   13   91 363 -436  0
4218500 2850500  8 23 19  17.6 1009 285  3.5 7  8.9  69    6   38 361 -427  0
4218500 2850500  8 23 20  17.3 1009 270  2.8 7  9.0  72    0    0 359 -418  0
4218500 2850500  8 23 21  16.9 1009 294  2.2 7  9.1  74    0    0 357 -410  0
4218500 2850500  8 23 22  16.6 1009 245  2.9 8  9.2  76    0    0 360 -405  0
4218500 2850500  8 23 23  16.3 1009 235  2.2 8  9.3  79    0    0 363 -403  0
4218500 2850500  8 23 24  16.3 1009 241  2.1 8  9.4  80    0    0 362 -401  0
4218500 2850500  8 24  1  15.6 1009 214  2.4 7  9.3  82    0    0 358 -398  0
4218500 2850500  8 24  2  14.4 1009 234  2.3 5  9.0  84    0    0 343 -396  0
4218500 2850500  8 24  3  13.2 1008 225  2.3 1  8.7  88    0    0 316 -395  0
4218500 2850500  8 24  4  12.9 1008 237  2.7 0  8.5  90    0    0 293 -395  0
4218500 2850500  8 24  5  12.0 1008 229  2.2 1  8.2  91    0    0 290 -394  0
4218500 2850500  8 24  6  11.3 1007 195  2.0 3  8.1  94    0    5 299 -392  0
4218500 2850500  8 24  7  13.7 1007 167  1.4 6  8.5  94    0   51 321 -394  0
4218500 2850500  8 24  8  15.6 1007 153  1.5 5  8.9  85   43  145 336 -402  0
4218500 2850500  8 24  9  17.4 1007 145  1.7 5  8.7  74  128  219 339 -415  0
4218500 2850500  8 24 10  20.0 1007 185  2.5 5  8.5  62  263  253 347 -428  0
4218500 2850500  8 24 11  21.1 1006 184  3.2 5  8.0  52  256  312 355 -439  0
4218500 2850500  8 24 12  21.2 1006 203  2.9 6  7.6  48  176  354 364 -445  0
4218500 2850500  8 24 13  21.4 1006 163  2.7 7  7.4  47  201  352 373 -445  0
4218500 2850500  8 24 14  22.2 1005 177  1.9 7  7.5  46  232  329 378 -440  0
4218500 2850500  8 24 15  22.9 1005 194  2.3 6  7.7  45  335  259 378 -434  0
4218500 2850500  8 24 16  23.0 1004 157  2.4 6  7.5  43  251  227 375 -432  0
4218500 2850500  8 24 17  22.2 1004 133  1.5 5  7.4  43  156  181 368 -436  0
4218500 2850500  8 24 18  21.8 1003 149  1.5 6  7.6  46   53  116 365 -437  0
4218500 2850500  8 24 19  20.1 1003 102  1.9 5  8.0  51    8   42 361 -430  0
4218500 2850500  8 24 20  17.5 1003 102  2.7 5  8.2  60    0    0 349 -422  0
4218500 2850500  8 24 21  15.9 1003 108  2.4 3  8.2  68    0    0 331 -417  0
4218500 2850500  8 24 22  14.7 1003 124  2.9 3  8.5  78    0    0 317 -413  0
4218500 2850500  8 24 23  14.1 1003 121  3.1 3  8.6  83    0    0 314 -411  0
4218500 2850500  8 24 24  14.4 1003 143  2.8 1  8.3  81    0    0 305 -410  0
4218500 2850500  8 25  1  14.4 1003 144  2.0 4  8.2  79    0    0 309 -409  0
4218500 2850500  8 25  2  13.0 1003 144  1.9 5  8.2  83    0    0 324 -407  0
4218500 2850500  8 25  3  13.7 1003 190  1.6 5  8.4  87    0    0 328 -405  0
4218500 2850500  8 25  4  14.0 1003 229  1.6 7  8.9  89    0    0 340 -400  0
4218500 2850500  8 25  5  14.1 1003 262  2.0 7  9.3  92    0    0 349 -395  0
4218500 2850500  8 25  6  14.1 1003 200  1.1 8  9.6  94    0    4 353 -392  0
4218500 2850500  8 25  7  14.3 1003 200  1.0 7  9.8  96    0   24 352 -393  0
4218500 2850500  8 25  8  14.9 1002 189  2.4 8 10.0  95    0   37 354 -402  0
4218500 2850500  8 25  9  15.4 1003 182  1.9 8 10.3  94    0   65 362 -413  0
4218500 2850500  8 25 10  15.8 1003 225  1.5 8 10.3  92    0  129 364 -427  0
4218500 2850500  8 25 11  15.8 1003 192  1.8 7 10.2  90    0  185 362 -441  0
4218500 2850500  8 25 12  16.1 1003 181  1.7 6 10.3  89   49  307 354 -454  0
4218500 2850500  8 25 13  17.7 1003 129  1.4 5  9.8  81  296  320 350 -463  0
4218500 2850500  8 25 14  20.1 1003 140  4.1 5  9.3  67  352  280 353 -469  0
4218500 2850500  8 25 15  20.3 1002 267  1.2 4  9.2  62  280  262 353 -445  0
4218500 2850500  8 25 16  20.5 1002 137  1.3 3  9.1  60  198  230 346 -420  0
4218500 2850500  8 25 17  20.6 1001 125  1.6 5  8.7  57   67  177 348 -422  0
4218500 2850500  8 25 18  19.2 1001 102  2.2 6  8.7  59    0   54 356 -423  0
4218500 2850500  8 25 19  18.1 1001 203  2.1 7  8.6  63    0    5 360 -416  0
4218500 2850500  8 25 20  15.4 1001  58  1.5 7  8.8  73    0    0 358 -409  0
4218500 2850500  8 25 21  14.7 1002 129  1.5 7  9.4  86    0    0 354 -404  0
4218500 2850500  8 25 22  14.6 1002 100  1.7 7  9.6  91    0    0 353 -401  0
4218500 2850500  8 25 23  14.5 1002 126  2.1 7  9.9  95    0    0 353 -400  0
4218500 2850500  8 25 24  14.7 1002 156  1.3 6 10.0  95    0    0 349 -398  0
4218500 2850500  8 26  1  14.4 1002 123  0.9 7 10.1  96    0    0 348 -395  0
4218500 2850500  8 26  2  14.1 1002 190  0.7 7  9.9  96    0    0 351 -392  0
4218500 2850500  8 26  3  14.0 1002 177  1.4 7  9.6  95    0    0 350 -387  0
4218500 2850500  8 26  4  13.8 1002 214  1.3 7  9.6  95    0    0 350 -382  0
4218500 2850500  8 26  5  13.5 1002 245  1.0 7  9.4  95    0    0 349 -379  0
4218500 2850500  8 26  6  13.7 1002 276  0.9 7  9.3  94    1   14 349 -377  0
4218500 2850500  8 26  7  13.9 1002 268  0.8 7  9.6  96    7   60 351 -378  0
4218500 2850500  8 26  8  14.4 1002 170  0.9 8 10.1  98    0   95 357 -386  0
4218500 2850500  8 26  9  14.5 1002 202  1.7 7 10.0  96   15  184 359 -401  0
4218500 2850500  8 26 10  16.3 1002 200  2.0 6 10.2  92   79  266 353 -417  0
4218500 2850500  8 26 11  17.4 1002 235  2.2 8 10.3  85    2  211 362 -432  0
4218500 2850500  8 26 12  18.7 1002 248  3.5 6  9.6  73   66  309 366 -444  0
4218500 2850500  8 26 13  19.2 1002 292  2.4 4  9.2  67  346  278 353 -450  0
4218500 2850500  8 26 14  18.8 1002 254  2.0 6  9.1  66   93  299 356 -443  0
4218500 2850500  8 26 15  18.6 1002 263  3.0 7  9.2  67    0  141 366 -438  0
4218500 2850500  8 26 16  18.4 1002 256  3.2 6  9.6  71   10  177 365 -442  0
4218500 2850500  8 26 17  17.2 1002 229  2.3 6 10.0  77   14  145 359 -438  0
4218500 2850500  8 26 18  16.5 1002 258  2.6 7  9.9  81    2   73 359 -430  0
4218500 2850500  8 26 19  16.1 1002 236  2.1 7  9.7  83    0   21 362 -422  0
4218500 2850500  8 26 20  15.6 1002 218  2.3 7  9.8  86    0    0 361 -413  0
4218500 2850500  8 26 21  15.3 1003 199  1.8 7 10.1  91    0    0 362 -407  0
4218500 2850500  8 26 22  14.9 1003 228  2.2 6 10.4  95    0    0 357 -406  0
4218500 2850500  8 26 23  14.4 1003 239  2.7 6 10.2  96    0    0 350 -404  0
4218500 2850500  8 26 24  14.6 1003 242  2.7 7 10.1  96    0    0 354 -401  0
4218500 2850500  8 27  1  14.7 1003 271  2.5 8 10.2  97    0    0 363 -398  0
4218500 2850500  8 27  2  14.9 1003 278  2.5 8 10.2  95    0    0 369 -395  0
4218500 2850500  8 27  3  14.9 1003 277  2.8 8 10.0  93    0    0 368 -392  0
4218500 2850500  8 27  4  14.8 1002 295  2.7 8  9.9  93    0    0 367 -389  0
4218500 2850500  8 27  5  14.9 1002 261  2.5 8  9.9  93    0    0 366 -388  0
4218500 2850500  8 27  6  14.8 1003 262  3.0 8  9.9  92    0    5 365 -387  0
4218500 2850500  8 27  7  14.7 1003 260  3.0 8  9.9  93    0   19 364 -388  0
4218500 2850500  8 27  8  14.8 1003 242  4.1 8  9.9  93    0   79 363 -392  0
4218500 2850500  8 27  9  15.6 1003 257  4.2 7  9.8  90   18  180 358 -402  0
4218500 2850500  8 27 10  16.7 1003 261  4.4 7  9.5  82   71  251 356 -414  0
4218500 2850500  8 27 11  17.3 1003 254  5.3 7  9.5  77   18  248 359 -424  0
4218500 2850500  8 27 12  18.3 1003 239  5.1 6  9.4  72   95  299 359 -432  0
4218500 2850500  8 27 13  19.2 1003 274  5.1 5  9.5  69  170  297 355 -443  0
4218500 2850500  8 27 14  17.6 1003 243  5.8 7  9.7  73    1  191 360 -447  0
4218500 2850500  8 27 15  19.2 1003 241  4.8 5  9.9  74  135  251 362 -442  0
4218500 2850500  8 27 16  19.1 1003 246  5.6 4  9.6  69  219  182 352 -444  0
4218500 2850500  8 27 17  19.7 1003 277  3.1 2  8.8  62  241  105 340 -441  0
4218500 2850500  8 27 18  19.1 1002 247  3.4 4  8.3  58   77   93 339 -430  0
4218500 2850500  8 27 19  16.9 1002 253  2.9 4  8.1  62    8   35 340 -423  0
4218500 2850500  8 27 20  15.8 1003 266  2.6 5  8.6  74    0    0 340 -418  0
4218500 2850500  8 27 21  15.8 1003 256  4.0 7  8.9  79    0    0 350 -409  0
4218500 2850500  8 27 22  14.2 1003 264  4.5 7  9.0  84    0    0 356 -399  0
4218500 2850500  8 27 23  14.0 1003 265  4.5 7  9.3  92    0    0 354 -394  0
4218500 2850500  8 27 24  13.8 1004 270  4.6 8  9.2  92    0    0 357 -392  0
4218500 2850500  8 28  1  13.6 1004 270  4.4 7  9.0  91    0    0 355 -392  0
4218500 2850500  8 28  2  13.3 1004 261  4.3 7  8.9  92    0    0 349 -392  0
4218500 2850500  8 28  3  13.2 1004 263  3.9 6  8.7  91    0    0 345 -391  0
4218500 2850500  8 28  4  12.9 1004 257  3.6 6  8.6  91    0    0 339 -387  0
4218500 2850500  8 28  5  12.9 1004 250  4.1 7  8.6  92    0    0 342 -382  0
4218500 2850500  8 28  6  13.0 1004 269  3.5 7  8.6  92    0    5 346 -377  0
4218500 2850500  8 28  7  13.2 1003 251  3.6 7  8.5  90   15   60 346 -375  0
4218500 2850500  8 28  8  13.7 1003 241  3.8 6  8.5  87  122  110 340 -379  0
4218500 2850500  8 28  9  14.8 1003 231  4.5 5  8.5  83  199  163 330 -390  0
4218500 2850500  8 28 10  15.8 1003 255  4.7 5  8.5  78  131  254 326 -404  0
4218500 2850500  8 28 11  17.1 1002 242  4.3 5  8.3  71  105  292 329 -417  0
4218500 2850500  8 28 12  18.2 1002 221  4.1 5  7.8  61  147  312 332 -428  0
4218500 2850500  8 28 13  19.6 1001 268  3.8 5  7.5  54  280  285 338 -437  0
4218500 2850500  8 28 14  19.8 1000 231  4.4 3  7.2  50  444  192 335 -443  0
4218500 2850500  8 28 15  20.1  999 178  4.2 5  7.0  47   63  252 335 -444  0
4218500 2850500  8 28 16  19.6  998 192  4.3 4  6.8  47  108  215 336 -440  0
4218500 2850500  8 28 17  19.0  997 190  3.7 5  6.8  48   55  162 334 -434  0
4218500 2850500  8 28 18  18.1  997 195  3.7 7  7.2  53    2   70 344 -428  0
4218500 2850500  8 28 19  17.2  996 184  4.1 7  7.6  59    0   14 350 -420  0
4218500 2850500  8 28 20  15.1  996 228  6.2 8  7.8  67    0    0 351 -411  0
4218500 2850500  8 28 21  13.2  996 236  2.9 8  8.3  80    0    0 351 -404  0
4218500 2850500  8 28 22  13.1  995 194  1.9 8  8.9  92    0    0 351 -398  0
4218500 2850500  8 28 23  13.1  995 206  2.3 8  9.1  95    0    0 354 -393  0
4218500 2850500  8 28 24  12.4  995 275  2.9 7  8.9  95    0    0 348 -387  0
4218500 2850500  8 29  1  11.8  995 288  2.2 8  8.5  95    0    0 347 -383  0
4218500 2850500  8 29  2  11.9  995 254  2.6 8  8.5  96    0    0 351 -380  0
4218500 2850500  8 29  3  11.9  995 220  3.0 8  8.5  96    0    0 351 -379  0
4218500 2850500  8 29  4  12.1  995 271  4.7 8  8.6  96    0    0 351 -379  0
4218500 2850500  8 29  5  11.9  995 255  4.3 7  8.5  95    0    0 346 -379  0
4218500 2850500  8 29  6  11.8  995 242  4.4 8  8.4  94    7   16 344 -379  0
4218500 2850500  8 29  7  11.5  995 242  4.6 7  8.2  94   18   59 343 -380  0
4218500 2850500  8 29  8  12.3  995 250  4.7 8  8.2  92    3  104 342 -383  0
4218500 2850500  8 29  9  12.2  995 241  4.8 7  8.4  92    1  139 344 -389  0
4218500 2850500  8 29 10  12.4  995 266  4.6 8  8.6  94    0  146 344 -394  0
4218500 2850500  8 29 11  12.7  995 268  5.6 8  8.8  96    0  140 351 -398  0
4218500 2850500  8 29 12  12.6  996 291  6.0 7  8.8  94    0  155 348 -405  0
4218500 2850500  8 29 13  13.4  996 288  7.0 8  8.7  92    0  178 350 -411  0
4218500 2850500  8 29 14  13.1  996 285  6.0 7  8.6  89   24  248 349 -414  0
4218500 2850500  8 29 15  14.1  997 272  5.9 5  8.1  82  130  251 334 -414  0
4218500 2850500  8 29 16  13.7  997 281  5.4 6  7.7  76   35  194 329 -407  0
4218500 2850500  8 29 17  14.0  997 287  5.6 6  7.6  76   13  135 330 -401  0
4218500 2850500  8 29 18  12.9  997 300  4.1 7  7.5  77   20   92 332 -401  0
4218500 2850500  8 29 19  12.8  997 284  2.9 6  7.6  81    0   23 330 -397  0
4218500 2850500  8 29 20  12.7  997 267  3.7 6  8.0  85    0    0 326 -392  0
4218500 2850500  8 29 21  12.1  998 264  3.9 5  8.2  89    0    0 321 -388  0
4218500 2850500  8 29 22  11.5  998 261  3.4 4  8.1  92    0    0 311 -385  0
4218500 2850500  8 29 23  11.7  998 262  3.4 5  8.1  94    0    0 310 -383  0
4218500 2850500  8 29 24  12.0  999 271  3.9 6  8.0  90    0    0 319 -381  0
4218500 2850500  8 30  1  11.8  999 270  3.8 4  7.9  89    0    0 315 -379  0
4218500 2850500  8 30  2  11.5  999 268  4.1 4  8.0  92    0    0 305 -378  0
4218500 2850500  8 30  3  11.6 1000 271  4.4 4  7.9  91    0    0 305 -376  0
4218500 2850500  8 30  4  11.8 1000 270  4.5 5  7.9  91    0    0 309 -374  0
4218500 2850500  8 30  5  11.3 1000 271  4.5 6  8.0  92    0    0 318 -373  0
4218500 2850500  8 30  6  11.3 1001 273  4.6 7  8.0  94    8   11 327 -371  0
4218500 2850500  8 30  7  11.7 1001 270  4.9 7  8.1  94    2   48 333 -372  0
4218500 2850500  8 30  8  12.2 1002 281  5.8 6  8.0  90    2   90 330 -377  0
4218500 2850500  8 30  9  12.5 1002 273  5.7 8  8.1  89    0  103 337 -383  0
4218500 2850500  8 30 10  12.9 1003 269  5.3 8  8.5  91    0  141 348 -391  0
4218500 2850500  8 30 11  13.6 1003 281  6.2 8  8.8  91   17  217 350 -400  0
4218500 2850500  8 30 12  14.8 1004 270  5.1 7  8.9  87   35  233 347 -411  0
4218500 2850500  8 30 13  16.1 1004 283  6.7 8  9.0  82   12  217 350 -420  0
4218500 2850500  8 30 14  16.7 1004 288  7.5 7  9.1  77   30  215 350 -427  0
4218500 2850500  8 30 15  15.0 1004 298  5.9 7  9.2  81   32  196 342 -431  0
4218500 2850500  8 30 16  15.0 1004 284  5.6 8  9.2  85    0  116 341 -428  0
4218500 2850500  8 30 17  14.7 1005 279  4.8 8  8.8  82    0  101 342 -422  0
4218500 2850500  8 30 18  14.8 1005 267  4.3 7  9.0  85    0   51 340 -417  0
4218500 2850500  8 30 19  15.1 1006 281  4.6 6  9.4  88    0   17 335 -410  0
4218500 2850500  8 30 20  14.7 1006 278  5.1 6  9.4  88    0    0 333 -404  0
4218500 2850500  8 30 21  14.7 1007 278  6.4 5  9.2  87    0    0 330 -397  0
4218500 2850500  8 30 22  14.3 1007 278  6.6 5  9.1  88    0    0 327 -392  0
4218500 2850500  8 30 23  14.2 1008 293  6.6 5  9.2  90    0    0 326 -387  0
4218500 2850500  8 30 24  14.1 1008 293  7.0 6  9.2  90    0    0 330 -382  0
4218500 2850500  8 31  1  14.1 1009 294  6.6 6  8.8  87    0    0 333 -378  0
4218500 2850500  8 31  2  14.1 1009 289  6.2 7  8.5  85    0    0 337 -374  0
4218500 2850500  8 31  3  14.5 1010 291  6.6 7  8.8  86    0    0 343 -371  0
4218500 2850500  8 31  4  14.5 1010 293  6.5 7  9.0  87    0    0 344 -371  0
4218500 2850500  8 31  5  14.6 1011 289  6.2 7  9.1  88    0    0 345 -373  0
4218500 2850500  8 31  6  14.1 1011 291  5.9 7  8.8  86    6   16 346 -373  0
4218500 2850500  8 31  7  14.1 1012 301  6.2 7  8.6  86   17   59 347 -374  0
4218500 2850500  8 31  8  14.5 1013 301  6.4 7  8.6  84    6  110 349 -377  0
4218500 2850500  8 31  9  15.5 1013 300  7.5 7  8.6  81   61  196 351 -385  0
4218500 2850500  8 31 10  16.9 1014 302  7.9 5  8.7  75  371  140 345 -398  0
4218500 2850500  8 31 11  17.7 1014 282  7.9 4  8.3  67  322  226 336 -414  0
4218500 2850500  8 31 12  17.9 1015 282  6.4 4  7.8  62  257  281 335 -426  0
4218500 2850500  8 31 13  18.4 1015 288  7.4 6  7.3  56  158  300 344 -436  0
4218500 2850500  8 31 14  19.9 1015 301  7.6 4  7.0  50   46  265 347 -443  0
4218500 2850500  8 31 15  18.2 1015 283  5.3 4  6.7  49   75  249 340 -443  0
4218500 2850500  8 31 16  18.4 1015 277  6.2 4  6.3  48  138  205 337 -442  0
4218500 2850500  8 31 17  18.2 1015 280  4.6 6  6.2  48   43  155 345 -437  0
4218500 2850500  8 31 18  17.9 1015 272  3.7 5  6.3  48   27   98 349 -421  0
4218500 2850500  8 31 19  16.3 1014 255  2.9 5  6.3  52    0   19 341 -407  0
4218500 2850500  8 31 20  15.2 1014 238  3.0 5  6.6  59    0    0 337 -398  0
4218500 2850500  8 31 21  14.9 1014 238  3.1 6  7.0  66    0    0 341 -394  0
4218500 2850500  8 31 22  15.8 1014 234  3.5 7  7.1  65    0    0 351 -390  0
4218500 2850500  8 31 23  16.0 1014 260  3.6 7  7.1  63    0    0 357 -386  0
4218500 2850500  8 31 24  16.0 1014 244  2.9 7  7.5  66    0    0 358 -384  0
4218500 2850500  9  1  1  15.8 1013 211  3.4 8  8.2  73    0    0 367 -385  0
4218500 2850500  9  1  2  15.6 1013 232  4.0 7  8.2  73    0    0 364 -385  0
4218500 2850500  9  1  3  15.8 1012 242  4.5 7  8.3  74    0    0 362 -387  0
4218500 2850500  9  1  4  16.1 1012 249  5.0 8  8.6  76    0    0 369 -387  0
4218500 2850500  9  1  5  16.0 1012 242  4.4 8  8.9  78    0    0 374 -388  0
4218500 2850500  9  1  6  16.1 1011 240  4.0 8  9.3  81    0    1 373 -388  0
4218500 2850500  9  1  7  16.2 1011 251  4.8 6  9.7  84   30   38 367 -388  0
4218500 2850500  9  1  8  15.9 1011 251  5.2 6 10.1  88   28  109 360 -392  0
4218500 2850500  9  1  9  15.6 1011 253  4.2 7 10.4  93    6  151 359 -396  0
4218500 2850500  9  1 10  16.3 1012 244  3.7 7 10.8  95   11  203 361 -401  0
4218500 2850500  9  1 11  16.9 1012 255  3.3 8 11.2  94    0  169 365 -407  0
4218500 2850500  9  1 12  17.2 1012 251  3.1 8 11.5  94    0  187 367 -417  0
4218500 2850500  9  1 13  18.4 1012 230  1.9 7 11.9  93   35  275 367 -430  0
4218500 2850500  9  1 14  19.6 1011 274  3.0 7 12.1  87    5  211 369 -441  0
4218500 2850500  9  1 15  20.8 1011 256  2.1 7 11.8  79   15  218 372 -450  0
4218500 2850500  9  1 16  21.2 1011 231  2.2 6 11.4  73   39  190 371 -452  0
4218500 2850500  9  1 17  20.7 1011 215  2.9 7 11.0  71   30  138 369 -449  0
4218500 2850500  9  1 18  20.6 1010 211  3.1 5 10.7  70    7   67 365 -440  0
4218500 2850500  9  1 19  19.8 1010 223  3.1 7 10.7  72    1   13 364 -428  0
4218500 2850500  9  1 20  19.0 1010 237  3.8 7 10.5  74    0    0 364 -417  0
4218500 2850500  9  1 21  17.2 1010 242  2.9 5 10.0  77    0    0 354 -410  0
4218500 2850500  9  1 22  16.4 1010 231  3.0 4  9.7  81    0    0 341 -407  0
4218500 2850500  9  1 23  16.6 1011 205  2.6 4  9.8  83    0    0 337 -405  0
4218500 2850500  9  1 24  15.6 1010 215  2.1 5  9.9  86    0    0 338 -403  0
4218500 2850500  9  2  1  15.8 1010 200  2.3 7 10.1  90    0    0 346 -402  0
4218500 2850500  9  2  2  15.9 1010 219  2.4 7 10.3  90    0    0 353 -401  0
4218500 2850500  9  2  3  15.7 1010 179  2.6 7 10.3  91    0    0 354 -400  0
4218500 2850500  9  2  4  15.7 1010 170  2.5 7 10.2  91    0    0 355 -397  0
4218500 2850500  9  2  5  15.6 1010 160  2.3 8 10.1  90    0    0 358 -392  0
4218500 2850500  9  2  6  15.3 1009 153  2.2 7 10.0  90    0    2 357 -388  0
4218500 2850500  9  2  7  16.1 1009 169  2.8 7  9.9  88    8   45 353 -388  0
4218500 2850500  9  2  8  17.2 1009 179  3.3 6  9.8  82   97  113 350 -395  0
4218500 2850500  9  2  9  19.6 1009 176  3.3 6  9.6  72  218  153 350 -407  0
4218500 2850500  9  2 10  21.9 1009 168  3.6 4  9.9  64  368  161 352 -421  0
4218500 2850500  9  2 11  24.1 1008 171  4.3 5 10.4  59  340  240 359 -429  0
4218500 2850500  9  2 12  24.4 1008 185  4.7 6 10.2  53  219  324 371 -427  0
4218500 2850500  9  2 13  24.4 1008 192  4.1 7  9.8  51  131  340 378 -426  0
4218500 2850500  9  2 14  25.3 1007 204  4.4 7  9.6  48  124  324 386 -426  0
4218500 2850500  9  2 15  25.6 1007 191  4.6 5  9.6  47  171  277 380 -426  0
4218500 2850500  9  2 16  25.3 1007 193  4.5 4  9.3  45  178  211 366 -430  0
4218500 2850500  9  2 17  24.9 1006 210  4.0 5  8.9  44  144  133 363 -432  0
4218500 2850500  9  2 18  24.4 1006 193  3.3 3  9.2  47   63   79 352 -428  0
4218500 2850500  9  2 19  22.5 1006 182  3.2 7  9.9  54    0   11 357 -419  0
4218500 2850500  9  2 20  21.9 1006 189  3.4 7 10.1  60    0    0 378 -410  0
4218500 2850500  9  2 21  21.1 1006 192  3.7 7  9.9  61    0    0 375 -403  0
4218500 2850500  9  2 22  21.1 1006 218  3.9 7  9.7  62    0    0 374 -400  0
4218500 2850500  9  2 23  20.4 1006 266  2.5 7 10.1  65    0    0 374 -398  0
4218500 2850500  9  2 24  19.0 1006 176  2.4 8 10.7  74    0    0 378 -397  0
4218500 2850500  9  3  1  18.4 1006 231  2.3 8 11.2  82    0    0 382 -395  0
4218500 2850500  9  3  2  17.9 1005 249  2.6 8 11.5  88    0    0 382 -395  0
4218500 2850500  9  3  3  17.6 1005 185  2.3 8 11.8  92    0    0 383 -395  0
4218500 2850500  9  3  4  17.4 1005 194  2.5 8 11.9  94    0    0 384 -396  0
4218500 2850500  9  3  5  17.3 1005 191  3.2 8 11.8  94    0    0 383 -397  0
4218500 2850500  9  3  6  17.6 1005 198  4.4 7 11.8  93    0    2 377 -396  0
4218500 2850500  9  3  7  17.9 1004 202  4.7 7 11.4  89    0   27 373 -396  0
4218500 2850500  9  3  8  18.8 1004 213  5.3 7 10.9  82    4   91 376 -397  0
4218500 2850500  9  3  9  19.7 1004 223  5.6 7 10.7  75   24  162 382 -399  0
4218500 2850500  9  3 10  19.9 1004 229  5.6 7 10.6  73    6  185 386 -406  0
4218500 2850500  9  3 11  20.4 1004 238  6.5 7 10.7  72    1  192 391 -420  0
4218500 2850500  9  3 12  20.6 1004 229  5.8 7 10.7  70    0  174 393 -434  0
4218500 2850500  9  3 13  20.9 1004 229  5.8 7 10.9  70    0  193 395 -448  0
4218500 2850500  9  3 14  21.0 1004 220  6.0 8 10.9  69    0  118 400 -458  0
4218500 2850500  9  3 15  21.4 1003 216  6.4 7 11.0  69    0   95 401 -463  0
4218500 2850500  9  3 16  20.5 1003 206  6.3 7 11.7  74    0   83 397 -460  0
4218500 2850500  9  3 17  19.7 1002 229  6.4 8 12.4  83    0   58 398 -454  0
4218500 2850500  9  3 18  20.4 1002 231  5.9 6 12.6  84    0   52 393 -448  0
4218500 2850500  9  3 19  19.7 1002 226  5.9 6 12.7  85    0    4 386 -440  0
4218500 2850500  9  3 20  19.6 1002 222  5.1 6 13.1  90    0    0 385 -432  0
4218500 2850500  9  3 21  19.8 1001 252  6.5 3 12.7  87    0    0 373 -428  0
4218500 2850500  9  3 22  19.7 1002 246  7.7 1 12.3  84    0    0 351 -426  0
4218500 2850500  9  3 23  20.0 1002 257  6.5 3 12.1  82    0    0 349 -424  0
4218500 2850500  9  3 24  19.7 1003 263  6.7 3 11.4  78    0    0 357 -421  0
4218500 2850500  9  4  1  19.2 1004 253  6.2 2 11.1  77    0    0 351 -417  0
4218500 2850500  9  4  2  19.1 1004 254  6.6 5 11.3  80    0    0 358 -415  0
4218500 2850500  9  4  3  18.3 1004 267  7.9 6 11.5  84    0    0 373 -413  0
4218500 2850500  9  4  4  17.7 1004 280  8.3 6 11.3  86    0    0 373 -411  0
4218500 2850500  9  4  5  17.2 1005 282  7.5 4 10.6  84    0    0 362 -410  0
4218500 2850500  9  4  6  16.8 1006 279  6.5 3 10.2  83    7   10 345 -408  0
4218500 2850500  9  4  7  17.0 1007 282  7.2 2  9.8  81   82   44 333 -406  0
4218500 2850500  9  4  8  17.2 1009 278  7.0 2  9.2  75  215   65 326 -409  0
4218500 2850500  9  4  9  17.6 1010 282  8.1 2  8.7  69  284  100 325 -415  0
4218500 2850500  9  4 10  18.8 1011 283  7.9 3  8.3  63  415  107 332 -424  0
4218500 2850500  9  4 11  19.3 1011 273  9.0 4  8.4  60  231  264 345 -432  0
4218500 2850500  9  4 12  19.7 1012 284  7.5 5  8.3  58  219  300 355 -439  0
4218500 2850500  9  4 13  19.8 1012 269  7.7 6  8.1  56   51  306 364 -445  0
4218500 2850500  9  4 14  20.4 1012 295  6.6 7  8.1  55   30  278 373 -448  0
4218500 2850500  9  4 15  20.3 1012 256  7.4 6  8.1  54   26  242 374 -449  0
4218500 2850500  9  4 16  20.2 1012 271  7.8 6  8.1  54    8  167 370 -445  0
4218500 2850500  9  4 17  20.1 1012 269  8.3 7  7.9  54   21  143 375 -438  0
4218500 2850500  9  4 18  19.6 1012 280  7.3 3  8.0  55   36   72 362 -431  0
4218500 2850500  9  4 19  19.0 1012 270  6.8 3  8.0  57    0    8 343 -421  0
4218500 2850500  9  4 20  18.3 1013 280  6.0 3  7.9  58    0    0 341 -412  0
4218500 2850500  9  4 21  17.8 1013 280  7.1 2  7.7  60    0    0 333 -406  0
4218500 2850500  9  4 22  17.4 1013 281  6.8 2  7.9  63    0    0 325 -401  0
4218500 2850500  9  4 23  16.5 1014 286  6.9 2  8.0  66    0    0 321 -397  0
4218500 2850500  9  4 24  15.6 1014 281  5.6 2  7.8  69    0    0 317 -393  0
4218500 2850500  9  5  1  15.3 1014 278  6.1 3  7.8  72    0    0 318 -389  0
4218500 2850500  9  5  2  14.7 1015 272  5.4 2  7.8  73    0    0 315 -387  0
4218500 2850500  9  5  3  14.0 1014 270  5.3 1  7.8  76    0    0 303 -385  0
4218500 2850500  9  5  4  13.9 1014 271  5.8 1  8.0  81    0    0 298 -383  0
4218500 2850500  9  5  5  13.8 1015 269  5.5 3  8.1  82    0    0 308 -381  0
4218500 2850500  9  5  6  13.7 1015 271  5.9 4  8.0  82    2    8 324 -380  0
4218500 2850500  9  5  7  13.9 1015 279  6.5 4  8.0  81   50   32 330 -380  0
4218500 2850500  9  5  8  15.0 1016 279  7.2 3  7.9  77  181   48 329 -386  0
4218500 2850500  9  5  9  16.8 1016 282  7.7 4  8.2  72  131  160 336 -396  0
4218500 2850500  9  5 10  16.7 1016 282  6.8 6  8.3  70   62  232 353 -408  0
4218500 2850500  9  5 11  17.5 1017 291  7.8 5  8.4  69  141  264 358 -421  0
4218500 2850500  9  5 12  18.1 1016 287  7.6 4  8.3  65  197  281 353 -432  0
4218500 2850500  9  5 13  19.4 1016 299  7.2 4  8.1  60  265  260 351 -439  0
4218500 2850500  9  5 14  19.7 1016 298  6.4 4  7.9  56  302  224 352 -443  0
4218500 2850500  9  5 15  20.9 1016 298  6.7 4  7.6  51  284  189 352 -445  0
4218500 2850500  9  5 16  20.5 1016 291  6.8 5  7.5  50  211  159 353 -443  0
4218500 2850500  9  5 17  20.6 1016 284  5.8 4  7.4  49  197   78 351 -437  0
4218500 2850500  9  5 18  19.8 1016 276  5.6 2  7.4  50   76   58 342 -429  0
4218500 2850500  9  5 19  18.3 1016 282  4.2 2  7.4  54    0    8 333 -419  0
4218500 2850500  9  5 20  17.2 1016 273  3.8 1  7.4  59    0    0 325 -409  0
4218500 2850500  9  5 21  16.2 1016 285  3.7 0  7.6  64    0    0 317 -401  0
4218500 2850500  9  5 22  14.9 1016 279  3.2 1  7.6  69    0    0 313 -395  0
4218500 2850500  9  5 23  14.8 1016 281  3.1 2  7.7  73    0    0 315 -390  0
4218500 2850500  9  5 24  14.6 1016 276  2.9 5  8.0  76    0    0 323 -386  0
4218500 2850500  9  6  1  15.1 1016 269  2.6 6  8.1  77    0    0 332 -382  0
4218500 2850500  9  6  2  15.7 1015 260  2.0 7  8.3  76    0    0 339 -378  0
4218500 2850500  9  6  3  15.9 1015 234  2.1 8  8.5  76    0    0 345 -375  0
4218500 2850500  9  6  4  15.7 1015 216  1.7 8  8.8  79    0    0 348 -373  0
4218500 2850500  9  6  5  16.0 1015 227  1.9 8  9.2  82    0    0 348 -371  0
4218500 2850500  9  6  6  16.0 1015 221  2.4 8  9.6  85    0    3 350 -370  0
4218500 2850500  9  6  7  15.5 1014 196  2.0 8 10.2  91    0   31 351 -372  0
4218500 2850500  9  6  8  16.6 1014 237  2.5 7 10.8  95    8  103 351 -380  0
4218500 2850500  9  6  9  18.4 1014 256  3.4 7 11.7  93    7  155 354 -396  0
4218500 2850500  9  6 10  19.2 1014 257  4.0 7 12.3  90   16  219 359 -417  0
4218500 2850500  9  6 11  21.0 1014 249  4.0 6 12.1  82  130  288 361 -436  0
4218500 2850500  9  6 12  21.9 1014 212  4.1 6 11.6  72  150  315 364 -452  0
4218500 2850500  9  6 13  22.7 1013 268  3.3 5 11.0  65   75  316 366 -461  0
4218500 2850500  9  6 14  23.2 1013 250  3.9 6 10.4  59   44  289 368 -467  0
4218500 2850500  9  6 15  23.7 1012 262  4.1 5 10.3  57  118  266 371 -470  0
4218500 2850500  9  6 16  23.6 1012 253  3.7 4 10.5  57  113  212 368 -467  0
4218500 2850500  9  6 17  23.3 1012 256  4.0 3 10.4  58   97  145 364 -461  0
4218500 2850500  9  6 18  22.5 1011 260  3.0 0 10.4  59   41   71 355 -451  0
4218500 2850500  9  6 19  20.2 1011 195  2.8 1 10.4  65    0    5 348 -438  0
4218500 2850500  9  6 20  18.7 1011 173  2.8 1 10.4  74    0    0 344 -426  0
4218500 2850500  9  6 21  17.5 1011 161  2.7 1 10.4  80    0    0 340 -419  0
4218500 2850500  9  6 22  17.4 1010 168  3.2 3 10.5  84    0    0 343 -414  0
4218500 2850500  9  6 23  16.7 1010 171  2.8 4 10.4  85    0    0 348 -412  0
4218500 2850500  9  6 24  16.4 1010 191  3.0 2 10.3  87    0    0 344 -409  0
4218500 2850500  9  7  1  15.9 1010 186  2.3 1 10.1  88    0    0 335 -405  0
4218500 2850500  9  7  2  15.7 1009 209  2.7 3 10.1  90    0    0 337 -402  0
4218500 2850500  9  7  3  16.1 1009 227  2.5 5 10.3  90    0    0 347 -399  0
4218500 2850500  9  7  4  15.0 1009 219  2.1 6 10.2  91    0    0 352 -397  0
4218500 2850500  9  7  5  14.5 1009 244  2.1 5  9.9  93    0    0 348 -398  0
4218500 2850500  9  7  6  14.5 1009 222  1.8 5  9.8  95    0    4 343 -398  0
4218500 2850500  9  7  7  15.3 1008 188  1.7 4 10.1  95   26   44 341 -399  0
4218500 2850500  9  7  8  17.5 1008 179  0.9 4 10.7  90   81  111 342 -405  0
4218500 2850500  9  7  9  19.8 1008 176  2.2 4 11.2  82  193  154 350 -416  0
4218500 2850500  9  7 10  22.0 1008 181  2.9 3 11.4  73  348  155 354 -428  0
4218500 2850500  9  7 11  24.1 1007 179  3.8 2 11.7  66  478  145 356 -435  0
4218500 2850500  9  7 12  25.7 1006 200  4.4 1 11.9  60  540  146 356 -437  0
4218500 2850500  9  7 13  26.7 1006 220  4.4 1 12.1  56  465  191 358 -442  0
4218500 2850500  9  7 14  26.9 1005 260  3.6 3 12.3  55  229  293 368 -447  0
4218500 2850500  9  7 15  26.8 1005 295  4.7 5 12.3  55   50  261 381 -446  0
4218500 2850500  9  7 16  26.1 1005 290  4.4 3 12.7  58   53  211 380 -440  0
4218500 2850500  9  7 17  21.1 1004 317  7.6 3 12.1  65   56  153 362 -434  0
4218500 2850500  9  7 18  18.0 1006 317  6.6 3 10.7  74   45   73 346 -426  0
4218500 2850500  9  7 19  16.6 1007 314  6.3 7  9.6  77    0    5 352 -415  0
4218500 2850500  9  7 20  15.9 1008 301  5.0 7  8.6  74    0    0 363 -405  0
4218500 2850500  9  7 21  15.4 1009 293  5.7 7  8.3  74    0    0 360 -397  0
4218500 2850500  9  7 22  14.8 1009 284  4.9 5  8.4  78    0    0 352 -390  0
4218500 2850500  9  7 23  14.1 1010 285  5.1 3  8.4  81    0    0 332 -384  0
4218500 2850500  9  7 24  13.6 1010 271  5.1 2  8.0  81    0    0 313 -379  0
4218500 2850500  9  8  1  13.8 1011 272  5.0 3  7.9  80    0    0 311 -375  0
4218500 2850500  9  8  2  13.0 1011 282  6.1 5  7.8  82    0    0 326 -371  0
4218500 2850500  9  8  3  12.5 1011 281  5.6 3  7.9  86    0    0 326 -368  0
4218500 2850500  9  8  4  12.5 1012 270  5.6 2  8.0  88    0    0 308 -364  0
4218500 2850500  9  8  5  12.9 1012 272  5.7 4  7.9  86    0    0 313 -361  0
4218500 2850500  9  8  6  13.1 1013 273  6.6 6  7.8  84    0    3 333 -359  0
4218500 2850500  9  8  7  13.5 1013 282  6.6 7  7.7  81    0   33 348 -358  0
4218500 2850500  9  8  8  13.7 1014 282  6.4 8  7.7  80    1   83 360 -362  0
4218500 2850500  9  8  9  14.8 1015 292  6.5 8  8.0  79   11  157 368 -373  0
4218500 2850500  9  8 10  16.5 1016 309  6.6 7  8.4  76   70  230 368 -387  0
4218500 2850500  9  8 11  16.5 1017 310  6.9 7  8.2  70   97  265 364 -400  0
4218500 2850500  9  8 12  17.9 1017 308  7.2 4  7.8  64  242  257 343 -412  0
4218500 2850500  9  8 13  18.8 1018 302  7.1 2  7.3  56  362  206 318 -421  0
4218500 2850500  9  8 14  19.0 1018 288  6.8 3  6.7  50  486  108 312 -426  0
4218500 2850500  9  8 15  18.9 1018 293  6.1 3  6.3  46  263  191 315 -427  0
4218500 2850500  9  8 16  18.5 1019 298  6.0 3  6.1  46  121  187 314 -423  0
4218500 2850500  9  8 17  18.5 1019 313  6.1 3  6.1  46  102  126 315 -416  0
4218500 2850500  9  8 18  17.6 1019 305  5.3 1  6.2  48   53   57 306 -407  0
4218500 2850500  9  8 19  16.2 1020 296  4.2 2  6.2  52    0    4 299 -397  0
4218500 2850500  9  8 20  14.8 1020 304  3.8 2  6.2  57    0    0 298 -386  0
4218500 2850500  9  8 21  14.4 1021 294  4.1 2  6.3  61    0    0 294 -379  0
4218500 2850500  9  8 22  13.8 1021 293  3.9 2  6.5  65    0    0 293 -373  0
4218500 2850500  9  8 23  12.9 1022 292  3.9 1  6.6  70    0    0 287 -368  0
4218500 2850500  9  8 24  11.8 1022 294  3.6 0  6.6  75    0    0 275 -364  0
4218500 2850500  9  9  1  11.2 1021 299  3.4 0  6.7  79    0    0 269 -362  0
4218500 2850500  9  9  2  10.6 1021 302  3.1 0  6.7  82    0    0 268 -359  0
4218500 2850500  9  9  3  10.2 1021 281  2.7 0  6.7  85    0    0 267 -358  0
4218500 2850500  9  9  4   9.7 1022 280  2.9 0  6.7  89    0    0 267 -356  0
4218500 2850500  9  9  5   9.0 1022 270  2.8 0  6.7  93    0    0 265 -354  0
4218500 2850500  9  9  6   9.1 1022 273  2.7 0  6.8  95    4    8 266 -353  0
4218500 2850500  9  9  7  10.2 1022 272  2.7 2  7.0  94   66   44 276 -354  0
4218500 2850500  9  9  8  11.8 1023 282  3.3 0  7.4  91  196   71 280 -360  0
4218500 2850500  9  9  9  13.5 1024 287  3.4 2  7.8  86  268  104 286 -374  0
4218500 2850500  9  9 10  15.7 1024 283  3.1 3  8.0  78  426  106 308 -391  0
4218500 2850500  9  9 11  16.6 1024 300  3.4 2  8.1  71  311  230 315 -407  0
4218500 2850500  9  9 12  17.4 1024 293  3.7 4  8.0  67   60  304 323 -420  0
4218500 2850500  9  9 13  18.1 1024 302  3.4 6  8.0  64   18  267 342 -430  0
4218500 2850500  9  9 14  18.0 1024 309  3.7 6  8.2  64    8  229 352 -436  0
4218500 2850500  9  9 15  18.1 1024 292  3.0 6  8.4  66    4  192 353 -440  0
4218500 2850500  9  9 16  17.6 1024 335  3.1 6  8.3  65    4  151 352 -438  0
4218500 2850500  9  9 17  17.4 1024 311  2.6 6  8.0  64    3  111 351 -431  0
4218500 2850500  9  9 18  16.8 1023 312  2.4 5  8.1  67    3   61 345 -422  0
4218500 2850500  9  9 19  16.2 1023 316  2.1 6  8.2  70    0    2 339 -410  0
4218500 2850500  9  9 20  16.1 1023 295  2.0 6  8.0  71    0    0 336 -399  0
4218500 2850500  9  9 21  16.1 1024 285  1.2 6  8.3  73    0    0 333 -390  0
4218500 2850500  9  9 22  15.6 1024 313  1.1 7  8.6  77    0    0 333 -385  0
4218500 2850500  9  9 23  15.5 1024 307  1.0 6  8.7  79    0    0 330 -381  0
4218500 2850500  9  9 24  13.8 1024 339  1.5 3  8.5  82    0    0 315 -378  0
4218500 2850500  9 10  1  12.7 1024 350  1.1 2  8.1  86    0    0 299 -375  0
4218500 2850500  9 10  2  11.3 1023 349  1.2 1  7.8  90    0    0 289 -372  0
4218500 2850500  9 10  3  10.8 1023  76  1.2 1  7.6  94    0    0 283 -370  0
4218500 2850500  9 10  4   9.9 1023 112  1.1 1  7.3  94    0    0 280 -367  0
4218500 2850500  9 10  5   9.4 1023  91  1.4 2  7.1  95    0    0 278 -364  0
4218500 2850500  9 10  6   9.7 1023  93  1.2 3  7.0  95    2    8 279 -363  0
4218500 2850500  9 10  7  10.4 1023  94  1.4 2  7.3  95   56   40 280 -364  0
4218500 2850500  9 10  8  13.3 1023 104  1.4 1  8.2  96  179   69 282 -371  0
4218500 2850500  9 10  9  17.0 1024 127  2.5 1  8.8  82  321   82 291 -386  0
4218500 2850500  9 10 10  18.5 1024 139  2.9 2  8.2  66  430   95 300 -405  0
4218500 2850500  9 10 11  19.5 1024 136  3.0 2  7.7  57  521  100 306 -424  0
4218500 2850500  9 10 12  20.4 1024 133  2.9 1  7.7  54  572  101 309 -440  0
4218500 2850500  9 10 13  21.3 1023 142  2.9 1  7.6  50  577  101 312 -452  0
4218500 2850500  9 10 14  21.9 1023 175  2.8 1  7.4  46  517  110 316 -458  0
4218500 2850500  9 10 15  22.5 1023 125  2.5 0  7.6  46  417  118 316 -460  0
4218500 2850500  9 10 16  22.4 1022 143  3.2 0  7.8  46  294  117 316 -458  0
4218500 2850500  9 10 17  21.6 1022 117  3.2 1  7.5  46  164  101 314 -449  0
4218500 2850500  9 10 18  20.4 1021 110  2.8 1  7.4  48   43   61 312 -435  0
4218500 2850500  9 10 19  17.6 1021  93  2.2 1  7.6  56    0    2 306 -420  0
4218500 2850500  9 10 20  15.0 1021  76  2.7 1  7.7  67    0    0 296 -407  0
4218500 2850500  9 10 21  14.1 1022  92  3.3 0  7.9  77    0    0 289 -400  0
4218500 2850500  9 10 22  14.0 1022 103  2.8 0  8.2  83    0    0 286 -394  0
4218500 2850500  9 10 23  12.6 1022 112  2.9 0  8.3  87    0    0 283 -389  0
4218500 2850500  9 10 24  12.6 1022 111  2.9 0  8.2  91    0    0 281 -384  0
4218500 2850500  9 11  1  11.9 1022 112  2.8 0  8.1  92    0    0 280 -381  0
4218500 2850500  9 11  2  11.5 1022  95  2.4 0  7.9  93    0    0 278 -378  0
4218500 2850500  9 11  3  11.6 1022  94  2.7 0  7.9  94    0    0 277 -375  0
4218500 2850500  9 11  4  11.3 1021  88  2.9 1  7.9  94    0    0 279 -373  0
4218500 2850500  9 11  5  10.6 1021  98  2.8 1  7.7  95    0    0 279 -371  0
4218500 2850500  9 11  6  10.4 1020  95  2.5 1  7.5  95    2    8 277 -369  0
4218500 2850500  9 11  7  11.5 1020 104  2.4 1  7.6  94   56   38 277 -368  0
4218500 2850500  9 11  8  13.9 1021 117  2.9 0  8.0  88  181   61 279 -374  0
4218500 2850500  9 11  9  17.5 1021 118  2.9 0  8.0  72  319   72 285 -388  0
4218500 2850500  9 11 10  19.5 1021 129  3.6 0  7.9  60  434   81 294 -406  0
4218500 2850500  9 11 11  22.1 1021 131  4.5 0  8.0  52  522   84 302 -423  0
4218500 2850500  9 11 12  23.7 1021 147  5.3 1  7.8  45  571   85 313 -438  0
4218500 2850500  9 11 13  23.9 1020 128  5.3 0  7.5  41  573   88 316 -448  0
4218500 2850500  9 11 14  24.8 1020 135  4.7 0  7.3  38  510  101 317 -454  0
4218500 2850500  9 11 15  25.1 1019 126  4.6 0  7.0  36  407  112 319 -455  0
4218500 2850500  9 11 16  25.1 1019 118  4.2 0  6.9  35  282  114 320 -452  0
4218500 2850500  9 11 17  24.0 1018 116  4.5 0  6.7  35  155   98 317 -445  0
4218500 2850500  9 11 18  22.5 1018 105  2.7 1  6.7  38   39   57 315 -433  0
4218500 2850500  9 11 19  19.8 1018  98  2.9 1  7.1  45    0    1 311 -420  0
4218500 2850500  9 11 20  16.8 1018 106  3.1 1  7.7  59    0    0 303 -408  0
4218500 2850500  9 11 21  16.7 1018 107  2.9 0  7.9  67    0    0 296 -400  0
4218500 2850500  9 11 22  14.7 1018 126  3.5 0  8.0  72    0    0 291 -395  0
4218500 2850500  9 11 23  14.6 1018 125  3.4 0  8.1  78    0    0 287 -391  0
4218500 2850500  9 11 24  13.9 1018 126  3.4 0  8.2  81    0    0 286 -388  0
4218500 2850500  9 12  1  13.5 1018 126  3.5 0  8.1  84    0    0 284 -384  0
4218500 2850500  9 12  2  12.3 1018 125  3.5 0  8.1  87    0    0 281 -381  0
4218500 2850500  9 12  3  13.1 1018 127  3.2 0  8.0  88    0    0 280 -377  0
4218500 2850500  9 12  4  12.4 1018 127  3.2 0  7.9  86    0    0 280 -374  0
4218500 2850500  9 12  5  11.6 1018 126  3.0 1  7.7  89    0    0 279 -372  0
4218500 2850500  9 12  6  11.2 1018 115  3.0 1  7.6  91    1    7 279 -370  0
4218500 2850500  9 12  7  12.1 1018 125  2.9 1  7.8  91   51   35 279 -368  0
4218500 2850500  9 12  8  15.7 1018 135  3.0 0  8.2  83  174   57 283 -373  0
4218500 2850500  9 12  9  19.1 1018 137  3.4 1  8.3  67  309   68 292 -384  0
4218500 2850500  9 12 10  21.0 1018 141  4.9 1  8.2  56  424   74 303 -401  0
4218500 2850500  9 12 11  22.6 1018 149  5.2 1  8.0  49  512   76 308 -418  0
4218500 2850500  9 12 12  24.3 1017 130  5.8 2  7.6  42  554   83 317 -434  0
4218500 2850500  9 12 13  24.9 1017 122  5.5 2  7.3  38  556   85 325 -445  0
4218500 2850500  9 12 14  25.6 1017 142  4.6 2  7.2  36  491  101 329 -452  0
4218500 2850500  9 12 15  25.9 1016 115  4.1 2  7.3  35  377  122 332 -453  0
4218500 2850500  9 12 16  25.7 1016 135  4.3 3  7.2  35  265  116 336 -450  0
4218500 2850500  9 12 17  25.0 1015 136  4.0 3  6.9  34  148   94 337 -442  0
4218500 2850500  9 12 18  22.4 1015 128  3.4 4  6.9  38   38   53 334 -432  0
4218500 2850500  9 12 19  19.6 1015 111  3.1 2  7.1  46    0    1 322 -420  0
4218500 2850500  9 12 20  19.0 1015 119  3.3 2  7.5  54    0    0 311 -410  0
4218500 2850500  9 12 21  17.2 1015 119  3.5 1  7.8  60    0    0 305 -403  0
4218500 2850500  9 12 22  17.0 1015 126  3.3 0  7.9  65    0    0 296 -398  0
4218500 2850500  9 12 23  15.6 1015 118  3.3 0  7.9  68    0    0 291 -393  0
4218500 2850500  9 12 24  14.5 1015 126  3.4 0  8.0  75    0    0 287 -389  0
4218500 2850500  9 13  1  14.1 1015 127  3.6 0  8.1  79    0    0 285 -384  0
4218500 2850500  9 13  2  13.8 1015 138  3.4 0  8.0  80    0    0 283 -380  0
4218500 2850500  9 13  3  12.8 1014 130  3.3 0  7.8  82    0    0 280 -376  0
4218500 2850500  9 13  4  12.2 1014 130  3.4 0  7.7  85    0    0 278 -373  0
4218500 2850500  9 13  5  11.7 1014 130  3.1 0  7.7  88    0    0 275 -371  0
4218500 2850500  9 13  6  11.8 1014 129  3.5 1  7.6  88    0    6 276 -370  0
4218500 2850500  9 13  7  13.4 1014 128  3.2 0  7.6  84   44   37 278 -370  0
4218500 2850500  9 13  8  15.7 1014 140  2.8 0  7.8  75  163   67 277 -375  0
4218500 2850500  9 13  9  18.1 1014 151  3.9 0  7.8  65  297   83 282 -388  0
4218500 2850500  9 13 10  20.4 1014 142  3.9 0  7.8  56  411   94 289 -406  0
4218500 2850500  9 13 11  22.0 1014 135  4.3 0  7.8  50  495  102 296 -424  0
4218500 2850500  9 13 12  23.4 1014 143  4.7 0  8.0  46  540  107 302 -440  0
4218500 2850500  9 13 13  24.2 1013 142  4.8 0  8.0  44  546  107 308 -452  0
4218500 2850500  9 13 14  25.3 1013 147  3.9 0  7.9  40  484  118 312 -459  0
4218500 2850500  9 13 15  25.6 1013 148  3.8 0  7.7  38  380  128 315 -461  0
4218500 2850500  9 13 16  25.5 1012 141  4.0 0  7.5  36  255  128 316 -458  0
4218500 2850500  9 13 17  24.9 1012 141  3.2 0  7.2  36  132  105 314 -451  0
4218500 2850500  9 13 18  22.9 1011 129  3.5 0  7.1  38   27   53 311 -440  0
4218500 2850500  9 13 19  20.2 1011 121  2.9 0  7.3  45    0    0 305 -429  0
4218500 2850500  9 13 20  18.9 1011 121  3.5 0  7.5  53    0    0 299 -419  0
4218500 2850500  9 13 21  17.3 1011 129  2.8 0  7.7  59    0    0 296 -412  0
4218500 2850500  9 13 22  16.1 1011 131  3.1 0  7.8  66    0    0 292 -406  0
4218500 2850500  9 13 23  14.6 1011 122  3.3 0  7.8  71    0    0 286 -400  0
4218500 2850500  9 13 24  14.7 1011 131  3.1 0  7.7  74    0    0 284 -397  0
4218500 2850500  9 14  1  13.4 1011 119  3.2 0  7.6  76    0    0 282 -394  0
4218500 2850500  9 14  2  12.7 1011 119  3.0 1  7.5  80    0    0 282 -392  0
4218500 2850500  9 14  3  12.0 1011 109  3.1 1  7.4  83    0    0 282 -391  0
4218500 2850500  9 14  4  11.9 1010 119  2.8 1  7.4  85    0    0 281 -389  0
4218500 2850500  9 14  5  11.4 1010 120  3.2 1  7.4  86    0    0 280 -386  0
4218500 2850500  9 14  6  11.3 1010 121  3.5 1  7.4  88    0    6 279 -384  0
4218500 2850500  9 14  7  12.2 1010 121  3.2 0  7.5  86   45   35 277 -382  0
4218500 2850500  9 14  8  15.4 1010 131  3.4 0  7.6  76  165   65 279 -385  0
4218500 2850500  9 14  9  18.4 1010 135  3.7 0  7.6  63  300   80 288 -396  0
4218500 2850500  9 14 10  20.8 1010 129  3.5 0  7.7  54  414   90 298 -412  0
4218500 2850500  9 14 11  22.6 1010 110  3.5 0  7.9  48  500   96 307 -429  0
4218500 2850500  9 14 12  24.0 1009 116  4.6 0  7.8  44  543  102 314 -444  0
4218500 2850500  9 14 13  25.0 1009 119  4.5 0  7.9  41  543  105 321 -455  0
4218500 2850500  9 14 14  25.6 1009 118  4.5 0  7.9  39  480  117 326 -461  0
4218500 2850500  9 14 15  25.9 1008 114  4.6 0  7.9  38  376  127 329 -462  0
4218500 2850500  9 14 16  25.9 1007 105  4.7 0  7.9  38  258  121 331 -458  0
4218500 2850500  9 14 17  24.6 1007 100  5.0 0  7.8  38  130  101 328 -451  0
4218500 2850500  9 14 18  23.5 1007 110  4.0 0  7.7  41   25   51 325 -440  0
4218500 2850500  9 14 19  20.4 1007  94  3.7 1  7.7  46    0    0 320 -428  0
4218500 2850500  9 14 20  20.2 1007  96  4.1 1  7.8  52    0    0 317 -418  0
4218500 2850500  9 14 21  19.3 1008  98  3.7 2  8.2  56    0    0 318 -412  0
4218500 2850500  9 14 22  18.2 1008  98  4.0 1  8.2  61    0    0 315 -407  0
4218500 2850500  9 14 23  17.5 1008  97  4.0 1  8.1  63    0    0 310 -402  0
4218500 2850500  9 14 24  16.5 1008  97  4.1 1  7.9  65    0    0 306 -397  0
4218500 2850500  9 15  1  15.9 1008  97  4.0 0  7.7  66    0    0 301 -392  0
4218500 2850500  9 15  2  15.5 1008  77  3.5 0  7.5  67    0    0 297 -389  0
4218500 2850500  9 15  3  14.7 1007  77  3.7 0  7.5  69    0    0 295 -386  0
4218500 2850500  9 15  4  14.5 1007  79  3.9 1  7.4  71    0    0 295 -384  0
4218500 2850500  9 15  5  14.1 1007  75  4.1 1  7.4  73    0    0 297 -381  0
4218500 2850500  9 15  6  14.2 1007  77  3.8 2  7.5  74    0    5 299 -380  0
4218500 2850500  9 15  7  14.8 1007  80  4.4 1  7.7  74   34   36 300 -379  0
4218500 2850500  9 15  8  16.5 1007  78  4.9 1  8.1  72  133   80 302 -384  0
4218500 2850500  9 15  9  18.7 1008  80  5.1 1  8.4  66  257  107 308 -397  0
4218500 2850500  9 15 10  21.4 1008  86  6.1 1  8.6  58  363  126 319 -414  0
4218500 2850500  9 15 11  23.1 1008  90  7.7 1  8.8  52  445  139 330 -432  0
4218500 2850500  9 15 12  24.6 1007  90  7.3 1  8.9  48  491  146 340 -447  0
4218500 2850500  9 15 13  26.1 1007  95  7.7 1  8.9  44  496  148 348 -458  0
4218500 2850500  9 15 14  26.6 1007  95  7.2 0  8.9  41  439  155 354 -463  0
4218500 2850500  9 15 15  26.8 1006  81  7.6 0  8.8  40  336  160 356 -464  0
4218500 2850500  9 15 16  26.5 1006 119  3.0 0  8.6  39  224  143 356 -461  0
4218500 2850500  9 15 17  25.8 1006 103  6.0 1  8.5  40  114  108 355 -455  0
4218500 2850500  9 15 18  24.8 1006 102  6.7 2  8.0  39   23   49 352 -446  0
4218500 2850500  9 15 19  23.6 1006  99  5.3 3  7.6  40    0    0 350 -434  0
4218500 2850500  9 15 20  22.7 1007  94  5.6 2  7.6  43    0    0 348 -425  0
4218500 2850500  9 15 21  21.9 1008  96  5.8 1  7.9  46    0    0 342 -419  0
4218500 2850500  9 15 22  21.0 1008  87  5.3 1  8.2  51    0    0 336 -416  0
4218500 2850500  9 15 23  20.5 1008  87  5.4 1  8.2  53    0    0 334 -413  0
4218500 2850500  9 15 24  19.7 1009  86  4.9 4  8.1  55    0    0 340 -410  0
4218500 2850500  9 16  1  19.7 1009  84  4.6 6  7.9  55    0    0 353 -407  0
4218500 2850500  9 16  2  19.4 1008  89  4.2 6  7.7  54    0    0 359 -406  0
4218500 2850500  9 16  3  18.8 1009  87  4.8 6  7.6  55    0    0 359 -406  0
4218500 2850500  9 16  4  17.5 1009  87  4.5 6  7.6  58    0    0 357 -408  0
4218500 2850500  9 16  5  16.9 1009  87  5.0 5  7.8  63    0    0 351 -410  0
4218500 2850500  9 16  6  16.5 1008  78  4.8 5  7.9  66    0    2 345 -411  0
4218500 2850500  9 16  7  15.6 1009  86  5.2 5  8.1  70   12   30 342 -411  0
4218500 2850500  9 16  8  16.9 1009  89  5.5 5  8.4  72   34   96 342 -413  0
4218500 2850500  9 16  9  18.4 1009  90  5.0 5  8.7  68  202  119 346 -414  0
4218500 2850500  9 16 10  20.6 1010  92  5.1 4  8.9  62  357  126 348 -416  0
4218500 2850500  9 16 11  23.3 1010 113  6.1 4  9.0  55  351  177 351 -424  0
4218500 2850500  9 16 12  25.1 1009 106  5.9 4  8.8  46  268  254 358 -434  0
4218500 2850500  9 16 13  24.3 1009 101  5.9 6  8.4  43   97  293 369 -440  0
4218500 2850500  9 16 14  23.8 1008  98  5.9 7  8.2  43   22  235 379 -443  0
4218500 2850500  9 16 15  23.6 1008 109  5.1 6  8.2  44   36  224 378 -450  0
4218500 2850500  9 16 16  24.3 1008 102  5.2 6  8.3  44   22  166 375 -456  0
4218500 2850500  9 16 17  23.8 1008 109  4.6 7  8.2  44    2   91 380 -455  0
4218500 2850500  9 16 18  23.2 1008 106  4.6 7  7.9  44    0   38 383 -449  0
4218500 2850500  9 16 19  22.4 1008 107  4.6 7  7.9  45    0    0 380 -442  0
4218500 2850500  9 16 20  21.9 1008 108  4.5 7  8.0  48    0    0 378 -437  0
4218500 2850500  9 16 21  21.2 1008 109  5.4 7  8.1  50    0    0 377 -433  0
4218500 2850500  9 16 22  20.1 1008 109  4.4 6  8.0  52    0    0 367 -430  0
4218500 2850500  9 16 23  18.5 1008  94  4.1 5  7.9  56    0    0 353 -427  0
4218500 2850500  9 16 24  17.9 1008  98  4.0 5  8.1  62    0    0 346 -422  0
4218500 2850500  9 17  1  17.2 1008 109  4.0 3  8.2  65    0    0 335 -418  0
4218500 2850500  9 17  2  17.2 1008 108  3.4 3  8.3  67    0    0 326 -417  0
4218500 2850500  9 17  3  17.1 1007 105  3.4 3  8.3  68    0    0 327 -416  0
4218500 2850500  9 17  4  17.7 1007  98  2.9 5  8.5  68    0    0 338 -413  0
4218500 2850500  9 17  5  17.4 1007 100  3.1 6  8.6  68    0    0 353 -410  0
4218500 2850500  9 17  6  17.1 1006  93  3.3 6  8.7  70    0    5 357 -408  0
4218500 2850500  9 17  7  16.6 1006  96  3.3 6  8.6  71   11   28 356 -405  0
4218500 2850500  9 17  8  17.2 1007  88  3.7 6  8.6  71   21   94 356 -406  0
4218500 2850500  9 17  9  18.3 1007  98  3.5 7  8.8  69   15  147 362 -410  0
4218500 2850500  9 17 10  19.1 1007  89  4.0 7  9.2  68   15  193 369 -417  0
4218500 2850500  9 17 11  20.4 1007  82  4.0 5  9.5  66  212  241 364 -426  0
4218500 2850500  9 17 12  23.1 1006  95  4.2 4  9.8  60  434  157 360 -438  0
4218500 2850500  9 17 13  24.8 1006  85  4.6 4 10.1  54  428  166 365 -450  0
4218500 2850500  9 17 14  25.0 1005  79  4.4 4 10.1  51  403  155 371 -458  0
4218500 2850500  9 17 15  25.7 1005 108  4.4 4  9.9  48  251  192 373 -461  0
4218500 2850500  9 17 16  25.8 1005 108  3.7 4  9.7  46  109  182 375 -458  0
4218500 2850500  9 17 17  24.0 1004  97  3.4 6  9.7  49   50  120 379 -451  0
4218500 2850500  9 17 18  22.3 1004  84  2.7 7  9.9  56    5   38 384 -441  0
4218500 2850500  9 17 19  20.3 1004  93  2.9 7 10.1  63    0    0 383 -431  0
4218500 2850500  9 17 20  18.9 1005  76  3.2 6 10.1  70    0    0 374 -422  0
4218500 2850500  9 17 21  19.0 1005  95  3.5 4 10.0  72    0    0 362 -416  0
4218500 2850500  9 17 22  17.9 1005 103  2.6 3 10.0  74    0    0 349 -410  0
4218500 2850500  9 17 23  16.5 1005 111  2.7 2 10.0  81    0    0 338 -405  0
4218500 2850500  9 17 24  16.3 1005 115  2.5 2 10.0  85    0    0 331 -400  0
4218500 2850500  9 18  1  15.4 1005 111  2.7 1  9.8  86    0    0 325 -397  0
4218500 2850500  9 18  2  14.9 1005 120  2.7 0  9.6  89    0    0 315 -394  0
4218500 2850500  9 18  3  15.3 1005 131  2.8 0  9.7  90    0    0 312 -392  0
4218500 2850500  9 18  4  14.4 1005 141  2.5 0  9.6  90    0    0 311 -389  0
4218500 2850500  9 18  5  13.7 1005 120  2.5 0  9.2  91    0    0 308 -387  0
4218500 2850500  9 18  6  13.7 1005 131  2.4 1  9.2  93    0    2 311 -385  0
4218500 2850500  9 18  7  13.8 1005 132  2.3 1  9.3  94   31   32 314 -384  0
4218500 2850500  9 18  8  17.0 1005 148  1.9 1  9.6  87  142   66 319 -388  0
4218500 2850500  9 18  9  19.1 1005 169  2.3 0  9.9  76  280   79 323 -401  0
4218500 2850500  9 18 10  21.5 1005 145  2.1 1 10.1  67  403   83 331 -419  0
4218500 2850500  9 18 11  23.0 1005 173  2.5 1 10.0  59  487   94 342 -436  0
4218500 2850500  9 18 12  25.1 1005 176  3.4 1  9.8  52  522  106 350 -452  0
4218500 2850500  9 18 13  26.0 1005 196  3.4 1  9.9  48  504  123 357 -462  0
4218500 2850500  9 18 14  26.7 1005 192  2.9 1  9.8  45  222  239 361 -469  0
4218500 2850500  9 18 15  27.1 1004 234  2.7 3  9.6  43   40  220 371 -470  0
4218500 2850500  9 18 16  26.1 1004 256  2.6 3  9.6  43   61  178 377 -464  0
4218500 2850500  9 18 17  25.4 1004 271  2.3 8  9.7  46   12  103 393 -455  0
4218500 2850500  9 18 18  24.1 1004 304  2.0 5  9.9  50    0   14 398 -445  0
4218500 2850500  9 18 19  22.0 1004 280  1.9 6 10.1  57    0    0 383 -435  0
4218500 2850500  9 18 20  21.2 1004 304  3.2 5 10.2  63    0    0 379 -427  0
4218500 2850500  9 18 21  19.9 1005 299  3.7 3 10.6  69    0    0 362 -424  0
4218500 2850500  9 18 22  18.9 1005 287  3.5 3 11.2  78    0    0 351 -422  0
4218500 2850500  9 18 23  17.9 1006 294  3.7 3 11.6  86    0    0 348 -418  0
4218500 2850500  9 18 24  17.3 1006 308  4.0 4 11.4  90    0    0 349 -416  0
4218500 2850500  9 19  1  17.4 1006 289  3.1 4 11.1  89    0    0 353 -415  0
4218500 2850500  9 19  2  17.2 1006 278  3.5 5 10.9  87    0    0 357 -412  0
4218500 2850500  9 19  3  17.6 1006 288  2.7 6 10.7  85    0    0 365 -409  0
4218500 2850500  9 19  4  16.7 1006 277  2.7 6 10.6  86    0    0 368 -406  0
4218500 2850500  9 19  5  16.2 1006 276  2.6 6 10.5  88    0    0 365 -405  0
4218500 2850500  9 19  6  16.2 1006 253  2.1 7 10.4  89    0    0 369 -405  0
4218500 2850500  9 19  7  16.6 1006 271  2.1 8 10.5  89    0   18 379 -406  0
4218500 2850500  9 19  8  17.0 1007 266  2.8 7 10.6  87    0   41 381 -408  0
4218500 2850500  9 19  9  17.2 1007 274  3.2 7 10.4  84    0   89 375 -412  0
4218500 2850500  9 19 10  18.7 1007 250  2.8 6 10.1  78   40  172 373 -413  0
4218500 2850500  9 19 11  18.8 1007 262  3.2 7 10.0  73    0  133 375 -414  0
4218500 2850500  9 19 12  18.4 1007 264  3.2 8 10.0  74    0  108 386 -414  0
4218500 2850500  9 19 13  19.2 1007 253  2.1 7 10.1  74   16  202 387 -409  0
4218500 2850500  9 19 14  19.5 1007 233  2.6 8 10.1  72    0  163 389 -412  0
4218500 2850500  9 19 15  19.4 1007 282  3.6 8 10.0  70    0   57 392 -427  0
4218500 2850500  9 19 16  19.5 1007 270  4.0 8  9.8  69    0   75 389 -437  0
4218500 2850500  9 19 17  19.2 1007 245  2.7 6  9.3  66   61   78 379 -433  0
4218500 2850500  9 19 18  19.0 1007 280  2.8 6  8.7  62   19   25 367 -426  0
4218500 2850500  9 19 19  17.0 1007 261  2.1 5  8.0  62    0    0 356 -420  0
4218500 2850500  9 19 20  16.2 1007 237  2.7 6  7.9  66    0    0 348 -413  0
4218500 2850500  9 19 21  16.7 1008 241  2.5 6  8.1  68    0    0 349 -407  0
4218500 2850500  9 19 22  16.8 1008 238  3.3 7  8.2  69    0    0 351 -401  0
4218500 2850500  9 19 23  16.9 1008 293  3.6 7  8.4  70    0    0 355 -394  0
4218500 2850500  9 19 24  16.4 1009 303  4.3 7  8.7  73    0    0 354 -388  0
4218500 2850500  9 20  1  15.7 1009 298  3.9 8  8.7  76    0    0 353 -383  0
4218500 2850500  9 20  2  15.6 1010 280  4.0 8  8.3  75    0    0 349 -379  0
4218500 2850500  9 20  3  15.2 1010 277  2.6 8  8.3  76    0    0 343 -375  0
4218500 2850500  9 20  4  14.4 1010 281  2.7 8  8.4  80    0    0 338 -371  0
4218500 2850500  9 20  5  14.3 1010 272  3.0 5  8.5  83    0    0 325 -369  0
4218500 2850500  9 20  6  13.7 1011 271  3.6 4  8.5  85    0    0 308 -368  0
4218500 2850500  9 20  7  13.5 1011 281  3.5 5  8.5  87   29   29 304 -367  0
4218500 2850500  9 20  8  14.3 1012 291  3.9 4  8.6  86  108   66 304 -372  0
4218500 2850500  9 20  9  15.3 1013 279  3.4 5  8.5  80  228   89 308 -383  0
4218500 2850500  9 20 10  16.5 1013 289  3.8 5  8.2  72  250  151 315 -397  0
4218500 2850500  9 20 11  17.9 1014 266  3.7 5  7.8  64  246  214 320 -410  0
4218500 2850500  9 20 12  18.8 1014 251  4.5 4  7.3  56  261  239 321 -421  0
4218500 2850500  9 20 13  19.9 1014 239  4.7 4  6.8  49  176  273 322 -428  0
4218500 2850500  9 20 14  19.5 1014 274  3.8 4  6.5  46  161  256 323 -432  0
4218500 2850500  9 20 15  20.0 1014 247  4.1 3  6.3  44  253  176 321 -433  0
4218500 2850500  9 20 16  19.6 1014 264  3.3 3  6.0  42  214  116 319 -431  0
4218500 2850500  9 20 17  19.1 1014 259  2.6 2  6.0  43   92   93 317 -428  0
4218500 2850500  9 20 18  17.4 1014 289  1.4 4  6.3  48   13   36 319 -420  0
4218500 2850500  9 20 19  15.5 1014 168  1.5 4  6.7  57    0    0 320 -410  0
4218500 2850500  9 20 20  14.0 1014 192  1.5 3  6.8  65    0    0 312 -400  0
4218500 2850500  9 20 21  12.8 1014 177  1.8 2  6.9  72    0    0 302 -394  0
4218500 2850500  9 20 22  12.3 1015 174  2.2 1  7.0  77    0    0 293 -390  0
4218500 2850500  9 20 23  12.2 1015 183  2.4 1  7.0  78    0    0 289 -386  0
4218500 2850500  9 20 24  10.3 1015 171  2.1 1  6.9  83    0    0 286 -384  0
4218500 2850500  9 21  1   9.7 1015 172  2.3 0  6.9  90    0    0 280 -382  0
4218500 2850500  9 21  2   9.4 1014 145  2.3 0  6.8  91    0    0 276 -380  0
4218500 2850500  9 21  3   9.4 1015 153  2.3 0  6.8  92    0    0 276 -377  0
4218500 2850500  9 21  4   9.0 1015 155  2.3 0  6.7  92    0    0 275 -375  0
4218500 2850500  9 21  5   8.6 1015 143  2.3 1  6.6  93    0    0 276 -372  0
4218500 2850500  9 21  6   7.9 1014 138  2.5 3  6.4  94    0    0 282 -370  0
4218500 2850500  9 21  7   8.9 1014 151  2.3 4  6.5  94   23   27 287 -369  0
4218500 2850500  9 21  8  11.9 1016 165  2.5 3  6.7  85  118   66 290 -373  0
4218500 2850500  9 21  9  15.2 1016 171  3.1 3  7.0  72  249   86 296 -386  0
4218500 2850500  9 21 10  18.0 1016 157  2.7 3  7.4  63  365   96 307 -404  0
4218500 2850500  9 21 11  20.4 1016 175  2.9 2  7.6  55  446  105 314 -422  0
4218500 2850500  9 21 12  22.3 1016 144  3.7 2  7.5  47  477  117 321 -439  0
4218500 2850500  9 21 13  23.2 1015 159  3.5 1  7.2  42  462  129 324 -452  0
4218500 2850500  9 21 14  23.8 1015 142  3.7 1  7.1  40  409  132 325 -460  0
4218500 2850500  9 21 15  24.0 1014 133  4.1 1  7.2  39  325  128 326 -462  0
4218500 2850500  9 21 16  23.8 1014 138  4.1 1  6.9  38  212  117 325 -460  0
4218500 2850500  9 21 17  22.6 1013 131  3.9 1  6.6  37   96   91 322 -451  0
4218500 2850500  9 21 18  20.9 1013 118  3.7 2  6.6  41   10   36 318 -438  0
4218500 2850500  9 21 19  17.6 1013 111  3.6 1  6.8  49    0    0 309 -424  0
4218500 2850500  9 21 20  17.9 1013 126  4.1 1  7.0  55    0    0 303 -414  0
4218500 2850500  9 21 21  17.4 1013 127  4.3 0  7.3  58    0    0 301 -407  0
4218500 2850500  9 21 22  16.1 1013 123  3.9 0  7.6  64    0    0 297 -401  0
4218500 2850500  9 21 23  15.1 1013 121  3.7 0  7.8  70    0    0 294 -396  0
4218500 2850500  9 21 24  14.6 1013 122  3.5 0  8.1  76    0    0 292 -392  0
4218500 2850500  9 22  1  13.6 1013 120  3.3 0  8.3  82    0    0 290 -389  0
4218500 2850500  9 22  2  13.0 1013 120  3.2 0  8.3  87    0    0 288 -386  0
4218500 2850500  9 22  3  12.4 1013 120  3.2 0  8.2  90    0    0 286 -385  0
4218500 2850500  9 22  4  12.0 1013 121  3.4 0  8.2  92    0    0 285 -383  0
4218500 2850500  9 22  5  11.8 1013 119  3.5 0  8.1  93    0    0 284 -382  0
4218500 2850500  9 22  6  12.0 1013 118  3.9 1  8.1  93    0    0 286 -380  0
4218500 2850500  9 22  7  12.6 1013 122  3.8 1  8.2  92   25   26 289 -379  0
4218500 2850500  9 22  8  14.4 1013 136  3.6 0  8.4  87  127   63 290 -383  0
4218500 2850500  9 22  9  17.6 1014 129  3.3 0  8.6  76  256   80 295 -395  0
4218500 2850500  9 22 10  20.2 1014 127  4.1 0  8.9  65  365   91 304 -413  0
4218500 2850500  9 22 11  22.2 1014 129  3.8 0  9.1  58  448   98 313 -432  0
4218500 2850500  9 22 12  23.5 1014 123  4.6 0  9.0  52  482  108 321 -449  0
4218500 2850500  9 22 13  25.2 1013 123  4.9 0  8.5  45  462  123 327 -463  0
4218500 2850500  9 22 14  25.7 1013 113  5.1 0  7.9  39  401  132 331 -472  0
4218500 2850500  9 22 15  26.5 1013 123  6.0 0  7.1  34  316  129 334 -475  0
4218500 2850500  9 22 16  25.5 1012 119  5.8 0  6.4  30  211  112 331 -473  0
4218500 2850500  9 22 17  24.6 1012 103  4.8 0  5.7  29   97   84 327 -465  0
4218500 2850500  9 22 18  22.5 1012 109  5.1 0  5.7  31   10   32 322 -453  0
4218500 2850500  9 22 19  21.1 1012 111  5.3 1  6.1  38    0    0 320 -440  0
4218500 2850500  9 22 20  19.6 1013 118  4.8 1  6.5  44    0    0 318 -431  0
4218500 2850500  9 22 21  18.4 1014 118  4.2 0  7.0  51    0    0 313 -423  0
4218500 2850500  9 22 22  17.3 1014 112  4.2 0  7.3  57    0    0 308 -417  0
4218500 2850500  9 22 23  16.6 1014 116  4.7 0  7.5  62    0    0 306 -412  0
4218500 2850500  9 22 24  16.4 1014 118  4.4 0  7.6  65    0    0 304 -408  0
4218500 2850500  9 23  1  15.6 1014 109  4.0 0  7.5  66    0    0 301 -404  0
4218500 2850500  9 23  2  15.2 1014 118  4.2 0  7.3  67    0    0 297 -400  0
4218500 2850500  9 23  3  14.5 1014 115  3.6 1  7.3  69    0    0 297 -397  0
4218500 2850500  9 23  4  13.6 1014 109  3.9 0  7.1  71    0    0 293 -394  0
4218500 2850500  9 23  5  13.4 1014 109  4.1 0  7.1  74    0    0 286 -391  0
4218500 2850500  9 23  6  12.8 1014 118  3.6 0  7.2  76    0    0 284 -388  0
4218500 2850500  9 23  7  12.4 1014 118  3.7 1  7.2  79   28   22 285 -387  0
4218500 2850500  9 23  8  14.0 1014 110  4.0 0  7.4  78  136   49 284 -389  0
4218500 2850500  9 23  9  16.6 1014 128  4.9 0  7.6  70  272   55 285 -398  0
4218500 2850500  9 23 10  18.8 1014 122  4.6 0  7.7  61  371   76 292 -410  0
4218500 2850500  9 23 11  20.7 1014 122  5.5 0  7.7  54  443   90 300 -425  0
4218500 2850500  9 23 12  22.3 1014 129  5.0 0  7.8  49  522   55 308 -438  0
4218500 2850500  9 23 13  23.2 1014 131  5.3 0  7.9  46  496   76 314 -448  0
4218500 2850500  9 23 14  24.2 1013 125  5.4 0  7.8  43  428   94 319 -454  0
4218500 2850500  9 23 15  24.0 1013 128  5.4 0  7.4  40  348   92 322 -454  0
4218500 2850500  9 23 16  23.5 1012 127  5.6 0  7.1  39  225   89 320 -450  0
4218500 2850500  9 23 17  22.5 1012 119  6.0 0  7.1  40  108   70 318 -442  0
4218500 2850500  9 23 18  21.0 1011 120  5.1 1  7.1  44   11   28 317 -432  0
4218500 2850500  9 23 19  19.6 1011 116  5.1 1  7.0  47    0    0 316 -421  0
4218500 2850500  9 23 20  18.5 1012 119  4.5 1  7.0  51    0    0 311 -413  0
4218500 2850500  9 23 21  17.7 1012 120  4.0 0  7.2  55    0    0 304 -407  0
4218500 2850500  9 23 22  16.5 1012 126  4.0 0  7.4  61    0    0 296 -402  0
4218500 2850500  9 23 23  16.3 1012 121  4.1 0  7.7  66    0    0 293 -399  0
4218500 2850500  9 23 24  14.9 1012 120  3.7 0  7.9  71    0    0 291 -395  0
4218500 2850500  9 24  1  14.4 1012 110  4.0 0  7.9  76    0    0 288 -392  0
4218500 2850500  9 24  2  14.1 1011 108  3.8 1  8.0  79    0    0 292 -390  0
4218500 2850500  9 24  3  13.7 1011 110  3.2 0  8.1  81    0    0 291 -388  0
4218500 2850500  9 24  4  13.3 1011 120  3.6 0  8.1  84    0    0 287 -385  0
4218500 2850500  9 24  5  13.0 1010 121  4.0 1  8.2  87    0    0 290 -383  0
4218500 2850500  9 24  6  12.9 1010 120  3.6 1  8.2  87    0    0 294 -380  0
4218500 2850500  9 24  7  13.5 1010 112  4.0 0  8.1  86   26   22 290 -378  0
4218500 2850500  9 24  8  16.0 1010 127  4.9 0  8.4  80  132   49 291 -381  0
4218500 2850500  9 24  9  19.3 1010 131  4.9 0  8.5  67  263   60 298 -392  0
4218500 2850500  9 24 10  21.6 1010 140  5.4 0  8.7  57  375   65 307 -407  0
4218500 2850500  9 24 11  23.7 1010 141  5.9 0  8.5  50  454   71 315 -424  0
4218500 2850500  9 24 12  25.0 1009 145  6.9 0  8.3  43  476   89 322 -439  0
4218500 2850500  9 24 13  26.5 1009 144  6.6 0  8.3  40  464  100 328 -451  0
4218500 2850500  9 24 14  27.2 1008 139  6.7 0  8.3  37  430   94 333 -458  0
4218500 2850500  9 24 15  27.3 1008 141  6.1 0  8.0  35  343   94 335 -460  0
4218500 2850500  9 24 16  26.8 1007 129  5.9 0  7.8  35  224   90 334 -458  0
4218500 2850500  9 24 17  26.0 1007 136  4.7 0  7.8  36   94   75 331 -451  0
4218500 2850500  9 24 18  23.5 1007 128  3.8 1  7.6  39    8   26 329 -440  0
4218500 2850500  9 24 19  20.0 1007 126  3.4 0  7.6  46    0    0 319 -429  0
4218500 2850500  9 24 20  20.1 1007 122  4.2 0  8.1  55    0    0 312 -421  0
4218500 2850500  9 24 21  18.8 1007 115  3.1 0  8.5  60    0    0 311 -415  0
4218500 2850500  9 24 22  18.5 1007 120  4.1 0  8.6  64    0    0 308 -410  0
4218500 2850500  9 24 23  18.1 1007 121  3.9 0  8.7  66    0    0 307 -405  0
4218500 2850500  9 24 24  17.4 1007 120  4.0 0  8.5  66    0    0 306 -401  0
4218500 2850500  9 25  1  16.5 1007 119  4.0 1  8.3  68    0    0 305 -396  0
4218500 2850500  9 25  2  16.3 1007 106  4.2 1  8.2  70    0    0 305 -393  0
4218500 2850500  9 25  3  16.3 1006 118  4.3 1  8.1  70    0    0 306 -389  0
4218500 2850500  9 25  4  16.1 1006 118  4.5 1  8.2  70    0    0 306 -386  0
4218500 2850500  9 25  5  15.3 1006 115  4.2 1  8.1  72    0    0 304 -383  0
4218500 2850500  9 25  6  15.0 1006 105  3.7 1  8.0  74    0    0 303 -381  0
4218500 2850500  9 25  7  15.4 1006 102  3.8 0  8.1  74   22   23 301 -379  0
4218500 2850500  9 25  8  17.4 1006 116  4.9 0  8.3  71  118   58 302 -382  0
4218500 2850500  9 25  9  19.8 1006 121  5.8 0  8.7  65  239   78 309 -392  0
4218500 2850500  9 25 10  21.7 1006 131  7.1 0  9.0  58  343   91 317 -408  0
4218500 2850500  9 25 11  22.9 1006 132  7.6 0  8.8  52  410  107 323 -427  0
4218500 2850500  9 25 12  23.9 1005 150  7.1 0  8.5  47  435  123 327 -443  0
4218500 2850500  9 25 13  24.8 1005 133  7.1 0  8.3  43  425  131 331 -454  0
4218500 2850500  9 25 14  25.4 1005 139  6.1 0  8.2  41  395  122 335 -461  0
4218500 2850500  9 25 15  25.6 1004 140  6.4 0  8.2  40  309  120 337 -463  0
4218500 2850500  9 25 16  25.4 1004 132  5.4 0  8.2  40  201  104 337 -459  0
4218500 2850500  9 25 17  24.3 1004 132  4.1 0  8.2  42   83   77 335 -451  0
4218500 2850500  9 25 18  22.1 1004 129  3.0 1  8.3  46    5   21 331 -439  0
4218500 2850500  9 25 19  19.6 1005 118  2.9 1  8.6  55    0    0 325 -426  0
4218500 2850500  9 25 20  17.9 1005 110  3.4 1  8.9  66    0    0 317 -417  0
4218500 2850500  9 25 21  17.9 1006 110  3.5 1  8.8  68    0    0 314 -410  0
4218500 2850500  9 25 22  17.9 1006 118  3.4 0  8.9  69    0    0 309 -405  0
4218500 2850500  9 25 23  16.7 1006 118  3.2 0  9.0  72    0    0 304 -400  0
4218500 2850500  9 25 24  15.5 1006 117  3.2 1  9.0  78    0    0 304 -396  0
4218500 2850500  9 26  1  14.8 1007 115  2.9 0  9.0  82    0    0 301 -392  0
4218500 2850500  9 26  2  14.4 1007 107  2.8 0  8.9  85    0    0 293 -388  0
4218500 2850500  9 26  3  13.8 1007 105  2.8 0  8.7  86    0    0 289 -386  0
4218500 2850500  9 26  4  13.3 1007  90  2.7 0  8.5  87    0    0 286 -384  0
4218500 2850500  9 26  5  12.6 1007  88  2.5 0  8.3  88    0    0 284 -382  0
4218500 2850500  9 26  6  12.0 1007  96  2.1 0  8.1  90    0    0 280 -379  0
4218500 2850500  9 26  7  12.6 1008  89  2.4 1  8.3  93   18   23 284 -377  0
4218500 2850500  9 26  8  15.1 1008 107  2.5 1  8.5  86  106   59 293 -381  0
4218500 2850500  9 26  9  18.2 1009 107  2.3 1  8.6  72  226   79 300 -393  0
4218500 2850500  9 26 10  20.8 1009 117  2.1 1  8.8  62  323   97 310 -410  0
4218500 2850500  9 26 11  22.7 1009 145  2.5 1  8.8  54  399  109 321 -426  0
4218500 2850500  9 26 12  23.7 1008 153  2.7 0  8.8  49  428  122 323 -430  0
4218500 2850500  9 26 13  24.4 1008 153  3.4 1  8.8  47  357  167 327 -430  0
4218500 2850500  9 26 14  24.9 1008 160  3.6 1  8.7  45  250  196 333 -430  0
4218500 2850500  9 26 15  25.4 1008 148  3.9 1  8.7  43  168  182 335 -423  0
4218500 2850500  9 26 16  24.1 1008 194  2.9 1  8.6  44   99  139 331 -418  0
4218500 2850500  9 26 17  22.7 1008 216  2.3 3  8.6  48   39   86 335 -416  0
4218500 2850500  9 26 18  20.9 1008 282  1.9 3  9.1  55    1   18 339 -413  0
4218500 2850500  9 26 19  18.6 1009 309  2.1 4  9.5  66    0    0 337 -407  0
4218500 2850500  9 26 20  18.5 1009 325  1.7 5  9.6  72    0    0 343 -404  0
4218500 2850500  9 26 21  18.4 1009 272  2.6 4  9.6  72    0    0 343 -402  0
4218500 2850500  9 26 22  17.5 1010 278  2.9 2  9.7  75    0    0 329 -399  0
4218500 2850500  9 26 23  16.6 1010 279  2.5 2 10.2  83    0    0 319 -397  0
4218500 2850500  9 26 24  15.9 1010 291  2.8 2 10.3  88    0    0 316 -395  0
4218500 2850500  9 27  1  15.8 1010 283  3.1 1 10.2  90    0    0 311 -391  0
4218500 2850500  9 27  2  15.7 1010 278  2.6 2 10.1  90    0    0 312 -386  0
4218500 2850500  9 27  3  16.2 1010 289  2.7 3 10.2  89    0    0 320 -381  0
4218500 2850500  9 27  4  15.9 1010 262  2.2 5 10.1  88    0    0 334 -376  0
4218500 2850500  9 27  5  16.2 1010 272  2.7 6 10.1  88    0    0 346 -376  0
4218500 2850500  9 27  6  16.2 1010 283  2.9 7 10.3  88    0    0 355 -378  0
4218500 2850500  9 27  7  16.3 1010 286  3.2 7 10.5  90    0    3 360 -381  0
4218500 2850500  9 27  8  16.6 1010 278  3.1 7 10.7  90    0   47 361 -385  0
4218500 2850500  9 27  9  16.8 1010 284  3.4 8 10.8  91   35   91 366 -391  0
4218500 2850500  9 27 10  17.0 1010 279  3.4 8 10.9  90    0  111 370 -398  0
4218500 2850500  9 27 11  17.4 1010 279  3.0 8 10.9  88    0  104 371 -408  0
4218500 2850500  9 27 12  17.3 1010 284  2.6 8 11.0  88    0   90 372 -421  0
4218500 2850500  9 27 13  17.1 1010 288  3.4 8 10.9  89    0   75 370 -430  0
4218500 2850500  9 27 14  17.8 1010 305  3.5 7 10.9  87    0   98 366 -432  0
4218500 2850500  9 27 15  17.6 1010 313  3.1 6 10.5  82    0  100 359 -429  0
4218500 2850500  9 27 16  18.0 1010 296  2.9 6 10.1  78    5   89 355 -425  0
4218500 2850500  9 27 17  18.0 1010 288  2.4 7  9.9  76   15   61 358 -420  0
4218500 2850500  9 27 18  17.2 1009 242  1.9 5  9.8  78    0   12 353 -413  0
4218500 2850500  9 27 19  16.0 1009 238  1.8 5  9.9  83    0    0 342 -407  0
4218500 2850500  9 27 20  16.1 1009 266  1.9 5 10.0  87    0    0 340 -404  0
4218500 2850500  9 27 21  15.0 1010 274  1.6 6  9.9  89    0    0 343 -401  0
4218500 2850500  9 27 22  15.0 1010 261  1.6 5  9.8  92    0    0 340 -397  0
4218500 2850500  9 27 23  13.9 1009 261  1.7 3  9.4  91    0    0 325 -392  0
4218500 2850500  9 27 24  12.8 1009 265  1.6 2  8.9  93    0    0 307 -386  0
4218500 2850500  9 28  1  13.0 1009 280  1.2 3  9.1  97    0    0 303 -382  0
4218500 2850500  9 28  2  12.1 1009 270  1.9 3  8.9  97    0    0 305 -379  0
4218500 2850500  9 28  3  12.7 1009 207  1.3 5  8.6  95    0    0 314 -377  0
4218500 2850500  9 28  4  12.7 1008 201  1.5 6  8.9  96    0    0 329 -375  0
4218500 2850500  9 28  5  12.7 1008 189  1.1 6  8.9  97    0    0 334 -374  0
4218500 2850500  9 28  6  12.6 1008 194  1.4 7  8.9  97    0    0 338 -373  0
4218500 2850500  9 28  7  12.7 1008 167  1.4 7  8.9  96    0   13 342 -374  0
4218500 2850500  9 28  8  13.3 1008 168  1.1 7  9.0  96    6   63 343 -378  0
4218500 2850500  9 28  9  14.2 1008 177  1.5 8  9.2  93   15  124 350 -387  0
4218500 2850500  9 28 10  15.8 1008 166  2.4 7  9.3  87   54  185 354 -399  0
4218500 2850500  9 28 11  17.1 1008 191  2.8 7  9.6  81  109  218 356 -412  0
4218500 2850500  9 28 12  18.5 1008 194  3.5 6  9.5  74  104  243 357 -422  0
4218500 2850500  9 28 13  19.5 1008 219  3.2 6  9.1  66  151  239 357 -428  0
4218500 2850500  9 28 14  20.5 1008 227  3.0 6  9.0  61  149  221 361 -432  0
4218500 2850500  9 28 15  21.1 1007 215  2.6 5  8.6  56  115  185 360 -433  0
4218500 2850500  9 28 16  20.6 1007 245  1.8 4  8.6  55  135  119 352 -432  0
4218500 2850500  9 28 17  19.4 1007 187  1.7 6  9.0  61   19   81 355 -428  0
4218500 2850500  9 28 18  18.1 1007 167  1.9 7  9.2  67    0   14 365 -422  0
4218500 2850500  9 28 19  16.3 1007 161  2.0 7  9.2  74    0    0 365 -415  0
4218500 2850500  9 28 20  15.2 1007 197  2.1 6  9.1  81    0    0 356 -412  0
4218500 2850500  9 28 21  14.6 1007 202  2.5 6  9.1  86    0    0 349 -411  0
4218500 2850500  9 28 22  14.6 1008 181  2.3 6  9.3  88    0    0 350 -410  0
4218500 2850500  9 28 23  14.0 1008 172  2.1 6  9.2  90    0    0 349 -407  0
4218500 2850500  9 28 24  13.3 1008 192  2.5 6  8.9  90    0    0 346 -405  0
4218500 2850500  9 29  1  13.2 1008 188  2.3 7  8.8  92    0    0 350 -404  0
4218500 2850500  9 29  2  12.9 1008 179  2.2 6  8.8  93    0    0 350 -404  0
4218500 2850500  9 29  3  12.6 1008 176  2.1 5  8.5  92    0    0 341 -404  0
4218500 2850500  9 29  4  11.7 1008 191  2.2 3  8.1  91    0    0 326 -402  0
4218500 2850500  9 29  5  10.7 1008 183  1.7 2  7.8  94    0    0 307 -400  0
4218500 2850500  9 29  6  10.8 1008 200  1.9 2  7.8  96    0    0 299 -398  0
4218500 2850500  9 29  7  11.0 1008 186  1.7 2  7.8  96    7   21 300 -395  0
4218500 2850500  9 29  8  12.9 1008 172  1.4 2  8.3  95   85   62 305 -396  0
4218500 2850500  9 29  9  15.9 1009 179  1.5 1  9.0  87  202   88 312 -402  0
4218500 2850500  9 29 10  18.9 1009 142  1.7 0  9.2  74  299  110 319 -411  0
4218500 2850500  9 29 11  20.9 1009 158  2.6 0  9.4  64  373  123 331 -417  0
4218500 2850500  9 29 12  22.3 1008 182  3.1 0  9.1  56  404  136 340 -419  0
4218500 2850500  9 29 13  23.3 1008 174  3.2 0  8.9  51  387  150 343 -419  0
4218500 2850500  9 29 14  23.7 1008 162  2.9 1  9.1  50  346  149 348 -418  0
4218500 2850500  9 29 15  24.0 1007 163  3.8 1  8.6  46  272  136 350 -419  0
4218500 2850500  9 29 16  23.6 1007 162  3.3 1  8.3  44  160  120 347 -422  0
4218500 2850500  9 29 17  22.4 1006 175  2.4 2  8.3  47   60   80 344 -422  0
4218500 2850500  9 29 18  19.6 1006 156  2.1 3  8.5  54    1   19 339 -417  0
4218500 2850500  9 29 19  17.5 1006 141  2.4 3  8.8  65    0    0 331 -410  0
4218500 2850500  9 29 20  16.0 1007 142  2.6 3  8.8  73    0    0 324 -406  0
4218500 2850500  9 29 21  14.6 1007 122  2.2 2  8.7  80    0    0 313 -405  0
4218500 2850500  9 29 22  14.9 1007 136  2.8 3  8.8  83    0    0 310 -403  0
4218500 2850500  9 29 23  13.8 1007 130  2.7 3  8.8  86    0    0 312 -402  0
4218500 2850500  9 29 24  13.2 1007 154  2.9 3  8.7  89    0    0 309 -400  0
4218500 2850500  9 30  1  14.0 1007 148  2.5 2  8.7  88    0    0 305 -399  0
4218500 2850500  9 30  2  13.6 1007 161  2.4 3  8.7  87    0    0 306 -398  0
4218500 2850500  9 30  3  13.3 1007 155  2.1 5  8.6  89    0    0 320 -397  0
4218500 2850500  9 30  4  14.0 1007 178  2.2 7  8.7  88    0    0 341 -397  0
4218500 2850500  9 30  5  14.0 1007 175  2.1 7  8.7  86    0    0 351 -396  0
4218500 2850500  9 30  6  13.5 1007 160  2.0 7  8.7  87    0    0 349 -394  0
4218500 2850500  9 30  7  13.3 1006 153  2.1 6  8.7  90    0   16 342 -394  0
4218500 2850500  9 30  8  14.3 1007 181  1.9 5  9.0  90   65   68 332 -396  0
4218500 2850500  9 30  9  17.1 1007 193  2.0 4  9.1  81  185   96 327 -403  0
4218500 2850500  9 30 10  19.8 1007 212  2.9 3  9.2  69  248  138 326 -415  0
4218500 2850500  9 30 11  21.9 1007 193  4.1 3  9.5  61  321  155 331 -425  0
4218500 2850500  9 30 12  22.9 1007 193  4.1 3  9.4  55  341  178 339 -433  0
4218500 2850500  9 30 13  24.1 1007 213  4.3 3  9.3  51  318  195 344 -438  0
4218500 2850500  9 30 14  23.7 1006 228  5.1 3  8.8  47  287  182 345 -435  0
4218500 2850500  9 30 15  24.0 1006 247  3.9 3  8.5  46  205  168 346 -429  0
4218500 2850500  9 30 16  23.6 1006 239  3.4 4  8.7  47   72  145 352 -427  0
4218500 2850500  9 30 17  22.5 1006 232  3.3 5  8.5  48    1   65 357 -424  0
4218500 2850500  9 30 18  20.8 1007 236  2.7 6  8.2  50    0    4 361 -418  0
4218500 2850500  9 30 19  18.6 1007 211  2.8 4  8.7  60    0    0 351 -411  0
4218500 2850500  9 30 20  17.5 1007 209  2.7 3  9.1  70    0    0 331 -407  0
4218500 2850500  9 30 21  15.9 1007 209  2.9 3  9.3  78    0    0 319 -405  0
4218500 2850500  9 30 22  16.5 1008 220  2.7 2  9.5  82    0    0 311 -402  0
4218500 2850500  9 30 23  15.0 1008 221  2.1 2  9.5  84    0    0 305 -401  0
4218500 2850500  9 30 24  14.1 1008 207  2.6 3  9.3  89    0    0 306 -401  0
4218500 2850500 10  1  1  14.4 1007 161  1.8 5  8.9  87    0    0 330 -401  0
4218500 2850500 10  1  2  14.4 1007 188  2.2 5  9.2  89    0    0 331 -401  0
4218500 2850500 10  1  3  14.0 1008 202  1.7 7  9.4  92    0    0 342 -400  0
4218500 2850500 10  1  4  13.7 1008 261  1.2 7  9.1  92    0    0 351 -397  0
4218500 2850500 10  1  5  14.2 1007 124  1.2 8  9.2  92    0    0 358 -395  0
4218500 2850500 10  1  6  13.5 1007 349  0.7 8  9.2  92    0    0 362 -394  0
4218500 2850500 10  1  7  14.6 1007 213  2.5 8  9.2  91    0    0 363 -394  0
4218500 2850500 10  1  8  14.8 1008 241  1.9 8  9.6  91    0    5 365 -393  0
4218500 2850500 10  1  9  14.8 1008 167  1.7 8  9.9  93    0   46 366 -400  0
4218500 2850500 10  1 10  15.7 1008   6  0.9 7 10.4  95   65   83 363 -413  0
4218500 2850500 10  1 11  17.4 1008  89  2.1 7 10.9  92  137  118 364 -427  0
4218500 2850500 10  1 12  19.1 1007 171  3.4 6 11.0  83   82  140 367 -437  0
4218500 2850500 10  1 13  19.6 1007 173  4.0 5 10.9  77   38  132 364 -444  0
4218500 2850500 10  1 14  19.8 1007 205  3.3 6 10.4  72  172  174 365 -442  0
4218500 2850500 10  1 15  20.3 1007 213  2.6 4  9.9  67   87  121 361 -434  0
4218500 2850500 10  1 16  20.1 1006 178  2.4 4  9.9  66   82   98 352 -432  0
4218500 2850500 10  1 17  19.3 1006 164  2.4 7 10.3  71   25   48 365 -432  0
4218500 2850500 10  1 18  18.4 1006 143  2.9 6 10.7  78    8    7 370 -428  0
4218500 2850500 10  1 19  17.9 1006 149  2.9 5 11.0  83    0    0 358 -423  0
4218500 2850500 10  1 20  17.2 1006 170  3.1 4 10.9  86    0    0 342 -420  0
4218500 2850500 10  1 21  16.8 1006 195  3.1 2 10.5  86    0    0 318 -418  0
4218500 2850500 10  1 22  16.3 1005 205  3.1 3 10.1  85    0    0 305 -412  0
4218500 2850500 10  1 23  15.5 1005 210  2.8 3  9.8  86    0    0 306 -405  0
4218500 2850500 10  1 24  14.7 1005 208  3.1 4  9.5  88    0    0 307 -402  0
4218500 2850500 10  2  1  14.8 1005 209  3.4 6  9.4  89    0    0 325 -401  0
4218500 2850500 10  2  2  14.6 1005 209  2.8 7  9.5  90    0    0 342 -401  0
4218500 2850500 10  2  3  14.7 1005 180  2.5 7  9.4  89    0    0 346 -402  0
4218500 2850500 10  2  4  14.4 1004 187  2.7 8  9.4  90    0    0 351 -401  0
4218500 2850500 10  2  5  14.7 1004 184  3.4 6  9.4  90    0    0 345 -400  0
4218500 2850500 10  2  6  14.6 1003 188  4.0 5  9.5  90    0    0 332 -400  0
4218500 2850500 10  2  7  14.5 1003 199  3.8 6  9.6  91    5   13 334 -397  0
4218500 2850500 10  2  8  15.3 1003 212  3.8 7  9.7  91   33   64 345 -394  0
4218500 2850500 10  2  9  16.3 1003 222  4.8 7  9.7  86   41   91 352 -399  0
4218500 2850500 10  2 10  17.7 1003 231  5.7 7  9.5  78   85  166 356 -408  0
4218500 2850500 10  2 11  19.3 1004 233  7.1 6  9.3  69  136  225 359 -418  0
4218500 2850500 10  2 12  19.3 1003 240  6.5 7  8.5  60   93  207 361 -428  0
4218500 2850500 10  2 13  19.3 1003 226  7.9 7  8.1  57   37  147 364 -433  0
4218500 2850500 10  2 14  19.2 1003 239  7.5 7  8.2  58   45  144 366 -433  0
4218500 2850500 10  2 15  18.7 1003 229  6.0 7  8.1  58   11   95 365 -430  0
4218500 2850500 10  2 16  18.4 1003 219  6.0 7  7.9  59   14   76 362 -428  0
4218500 2850500 10  2 17  17.8 1002 217  5.7 7  7.8  60    2   29 357 -426  0
4218500 2850500 10  2 18  17.3 1002 217  6.0 7  7.6  60    0    2 353 -421  0
4218500 2850500 10  2 19  16.7 1002 211  5.5 7  7.5  61    0    0 351 -416  0
4218500 2850500 10  2 20  16.2 1002 201  5.6 7  7.7  65    0    0 350 -413  0
4218500 2850500 10  2 21  15.8 1001 203  5.0 7  8.1  71    0    0 351 -412  0
4218500 2850500 10  2 22  15.3 1001 202  5.1 7  7.9  71    0    0 349 -410  0
4218500 2850500 10  2 23  14.7 1001 200  4.5 7  7.4  69    0    0 346 -407  0
4218500 2850500 10  2 24  14.4 1001 209  4.4 8  7.2  69    0    0 350 -403  0
4218500 2850500 10  3  1  13.8 1001 210  4.5 8  7.4  73    0    0 354 -400  0
4218500 2850500 10  3  2  13.5 1000 203  4.3 7  7.4  75    0    0 348 -399  0
4218500 2850500 10  3  3  13.2 1000 202  4.1 6  7.2  74    0    0 339 -397  0
4218500 2850500 10  3  4  13.0 1000 204  3.7 7  7.4  78    0    0 341 -395  0
4218500 2850500 10  3  5  12.7 1000 200  3.6 8  7.9  84    0    0 351 -394  0
4218500 2850500 10  3  6  12.4  999 192  3.3 8  7.8  85    0    0 357 -395  0
4218500 2850500 10  3  7  12.3  999 190  3.4 7  7.8  86    6   12 353 -396  0
4218500 2850500 10  3  8  12.8  998 189  3.2 7  7.9  86   19   31 349 -396  0
4218500 2850500 10  3  9  13.6  999 200  3.3 8  8.1  84    9   56 357 -398  0
4218500 2850500 10  3 10  14.6  998 198  3.7 7  8.2  80   15   97 360 -402  0
4218500 2850500 10  3 11  14.9  998 189  3.9 6  8.2  77   36  117 350 -407  0
4218500 2850500 10  3 12  16.7  998 189  4.2 7  8.2  72  143  193 353 -409  0
4218500 2850500 10  3 13  16.3  997 163  3.5 7  8.2  69  126  161 362 -409  0
4218500 2850500 10  3 14  16.2  996 178  3.4 7  8.4  72   45  133 362 -410  0
4218500 2850500 10  3 15  16.0  996 171  2.5 8  8.6  74   17   93 368 -410  0
4218500 2850500 10  3 16  15.8  995 149  3.3 7  8.7  76   17   72 368 -407  0
4218500 2850500 10  3 17  15.3  995 153  2.2 7  8.8  78    0   20 363 -403  0
4218500 2850500 10  3 18  14.7  995 155  2.1 7  9.1  83    0    0 360 -399  0
4218500 2850500 10  3 19  14.0  995 125  1.8 8  9.3  89    0    0 363 -394  0
4218500 2850500 10  3 20  13.4  995 138  2.0 8  9.3  93    0    0 365 -391  0
4218500 2850500 10  3 21  13.0  995 168  1.3 7  9.2  96    0    0 358 -390  0
4218500 2850500 10  3 22  13.5  995 180  1.7 8  9.4  96    0    0 359 -389  0
4218500 2850500 10  3 23  13.5  996 209  1.5 8  9.6  97    0    0 364 -389  0
4218500 2850500 10  3 24  13.2  996 224  1.5 8  9.5  98    0    0 365 -388  0
4218500 2850500 10  4  1  12.9  996 242  1.8 7  9.4  98    0    0 359 -387  0
4218500 2850500 10  4  2  13.0  996 272  2.5 7  9.1  96    0    0 353 -386  0
4218500 2850500 10  4  3  12.7  996 287  2.3 6  9.0  95    0    0 347 -384  0
4218500 2850500 10  4  4  12.8  996 303  2.8 6  8.9  95    0    0 339 -382  0
4218500 2850500 10  4  5  12.9  997 281  2.8 7  8.8  93    0    0 342 -380  0
4218500 2850500 10  4  6  12.7  997 282  4.1 8  8.7  93    0    0 350 -379  0
4218500 2850500 10  4  7  12.9  998 262  3.6 8  8.6  92    0    2 353 -376  0
4218500 2850500 10  4  8  12.7  999 238  3.5 8  8.5  91   18   43 353 -376  0
4218500 2850500 10  4  9  14.1 1000 256  4.4 8  8.5  87   66  144 352 -382  0
4218500 2850500 10  4 10  14.5 1001 249  4.5 7  8.2  80   63  127 347 -391  0
4218500 2850500 10  4 11  15.3 1001 253  4.6 8  7.8  72   63  140 346 -401  0
4218500 2850500 10  4 12  15.6 1001 253  4.9 8  7.5  68   59  181 349 -410  0
4218500 2850500 10  4 13  15.9 1002 225  4.6 8  7.7  68    7  125 349 -417  0
4218500 2850500 10  4 14  14.3 1002 245  3.4 8  8.3  76    2  100 347 -418  0
4218500 2850500 10  4 15  14.4 1002 246  5.2 7  9.0  87   17   99 342 -416  0
4218500 2850500 10  4 16  14.3 1003 262  4.2 7  8.8  85   14   82 338 -414  0
4218500 2850500 10  4 17  14.4 1003 234  3.8 7  8.4  82   20   61 337 -410  0
4218500 2850500 10  4 18  14.3 1003 249  3.6 8  8.5  82    0    6 340 -402  0
4218500 2850500 10  4 19  14.0 1004 236  3.1 7  8.5  83    0    0 340 -395  0
4218500 2850500 10  4 20  13.5 1005 233  3.6 7  8.4  85    0    0 333 -391  0
4218500 2850500 10  4 21  12.7 1005 220  3.5 7  8.3  87    0    0 331 -387  0
4218500 2850500 10  4 22  12.2 1006 239  3.3 5  8.1  89    0    0 323 -385  0
4218500 2850500 10  4 23  12.2 1006 269  3.6 5  7.9  89    0    0 314 -382  0
4218500 2850500 10  4 24  11.6 1007 279  3.7 4  7.7  88    0    0 310 -381  0
4218500 2850500 10  5  1  11.0 1007 272  3.2 3  7.5  89    0    0 298 -379  0
4218500 2850500 10  5  2  10.7 1008 243  2.2 3  7.5  92    0    0 293 -379  0
4218500 2850500 10  5  3  10.5 1008 245  2.2 5  7.6  94    0    0 302 -381  0
4218500 2850500 10  5  4  10.5 1008 234  2.3 7  7.6  95    0    0 321 -380  0
4218500 2850500 10  5  5  10.7 1008 221  2.5 7  7.7  95    0    0 332 -375  0
4218500 2850500 10  5  6  10.7 1009 262  2.5 7  7.7  95    0    0 331 -369  0
4218500 2850500 10  5  7  11.4 1009 259  2.7 7  7.8  94    0    2 332 -363  0
4218500 2850500 10  5  8  11.8 1010 268  2.9 7  7.9  92   11   28 333 -362  0
4218500 2850500 10  5  9  12.4 1010 261  3.2 8  8.0  90   23   50 339 -368  0
4218500 2850500 10  5 10  12.7 1011 276  3.6 8  8.0  88   11   90 345 -379  0
4218500 2850500 10  5 11  13.2 1011 261  3.7 8  7.8  84  133   99 347 -391  0
4218500 2850500 10  5 12  14.4 1012 263  3.5 7  7.5  76    0  103 343 -402  0
4218500 2850500 10  5 13  14.8 1012 267  3.6 6  7.3  70   52  128 335 -408  0
4218500 2850500 10  5 14  15.8 1012 258  3.2 6  7.1  65   51  120 331 -409  0
4218500 2850500 10  5 15  16.3 1012 273  3.6 3  6.4  57  152  144 320 -410  0
4218500 2850500 10  5 16  16.2 1012 237  4.1 3  6.0  52  159  109 309 -408  0
4218500 2850500 10  5 17  15.0 1012 225  3.3 4  6.0  54   63   51 309 -403  0
4218500 2850500 10  5 18  13.5 1012 250  2.7 4  6.6  65    0    0 309 -396  0
4218500 2850500 10  5 19  12.0 1012 216  3.2 3  7.1  77    0    0 302 -391  0
4218500 2850500 10  5 20  11.8 1012 216  2.8 2  6.9  79    0    0 293 -389  0
4218500 2850500 10  5 21  11.3 1012 201  3.2 2  6.8  80    0    0 290 -388  0
4218500 2850500 10  5 22  10.0 1012 186  2.8 1  6.9  86    0    0 283 -384  0
4218500 2850500 10  5 23   9.6 1012 189  3.5 2  6.7  89    0    0 281 -379  0
4218500 2850500 10  5 24   9.2 1012 191  3.6 2  6.6  89    0    0 282 -374  0
4218500 2850500 10  6  1   9.3 1011 191  4.1 0  6.4  88    0    0 273 -371  0
4218500 2850500 10  6  2   9.1 1011 192  4.3 1  6.5  89    0    0 269 -370  0
4218500 2850500 10  6  3   9.2 1010 192  4.4 1  6.5  89    0    0 275 -368  0
4218500 2850500 10  6  4   9.8 1010 190  5.0 2  6.6  88    0    0 283 -367  0
4218500 2850500 10  6  5  10.5 1009 192  5.5 5  6.7  86    0    0 304 -369  0
4218500 2850500 10  6  6  10.4 1008 203  6.1 7  6.8  86    0    0 326 -371  0
4218500 2850500 10  6  7  10.8 1008 201  6.4 7  7.1  89    0    2 336 -374  0
4218500 2850500 10  6  8  11.1 1007 203  6.5 8  7.5  92   21   34 342 -377  0
4218500 2850500 10  6  9  11.7 1007 211  6.1 7  7.9  93   29   62 345 -380  0
4218500 2850500 10  6 10  12.2 1007 212  6.1 7  8.2  94   45   86 344 -384  0
4218500 2850500 10  6 11  13.3 1007 220  5.8 7  8.5  92   31  120 349 -390  0
4218500 2850500 10  6 12  14.3 1008 219  5.5 7  8.8  89   47  141 354 -396  0
4218500 2850500 10  6 13  16.4 1007 214  6.0 7  9.1  83   59  149 361 -400  0
4218500 2850500 10  6 14  16.9 1007 221  5.5 8  9.0  76    3   95 371 -400  0
4218500 2850500 10  6 15  17.2 1006 222  5.8 6  8.6  70   39  106 368 -401  0
4218500 2850500 10  6 16  17.2 1006 212  5.5 6  8.6  69   36   89 360 -401  0
4218500 2850500 10  6 17  16.4 1006 214  6.0 5  8.3  69   20   52 354 -399  0
4218500 2850500 10  6 18  15.8 1005 190  4.5 5  7.9  69    0    0 346 -395  0
4218500 2850500 10  6 19  15.5 1005 191  4.6 7  7.9  71    0    0 353 -391  0
4218500 2850500 10  6 20  15.5 1005 201  4.7 7  8.0  72    0    0 363 -387  0
4218500 2850500 10  6 21  15.2 1005 193  4.5 7  8.2  75    0    0 362 -384  0
4218500 2850500 10  6 22  15.2 1005 192  4.4 7  8.4  77    0    0 362 -381  0
4218500 2850500 10  6 23  14.8 1004 182  4.6 7  8.4  78    0    0 359 -380  0
4218500 2850500 10  6 24  13.9 1004 182  4.6 7  8.3  80    0    0 356 -380  0
4218500 2850500 10  7  1  13.6 1003 181  4.7 7  8.2  83    0    0 352 -382  0
4218500 2850500 10  7  2  13.5 1003 182  5.1 7  8.2  84    0    0 350 -383  0
4218500 2850500 10  7  3  13.1 1002 182  4.5 6  8.2  85    0    0 344 -384  0
4218500 2850500 10  7  4  13.0 1001 180  4.7 6  8.2  86    0    0 337 -386  0
4218500 2850500 10  7  5  13.2 1001 191  4.6 6  8.1  85    0    0 336 -387  0
4218500 2850500 10  7  6  12.8 1001 190  3.7 7  8.4  88    0    0 340 -388  0
4218500 2850500 10  7  7  13.1 1000 200  4.5 7  8.6  91    0    3 345 -389  0
4218500 2850500 10  7  8  13.6 1000 211  4.4 6  8.9  92   20   32 341 -390  0
4218500 2850500 10  7  9  15.0 1001 228  4.4 6  9.1  88   61   76 338 -390  0
4218500 2850500 10  7 10  15.8 1001 231  5.6 8  8.9  80   26   97 354 -388  0
4218500 2850500 10  7 11  16.2 1002 244  6.0 7  8.5  74   25  123 363 -389  0
4218500 2850500 10  7 12  16.7 1002 234  6.7 6  8.4  71  104  159 352 -389  0
4218500 2850500 10  7 13  17.4 1002 241  5.8 6  8.4  68   83  141 347 -393  0
4218500 2850500 10  7 14  13.5 1002 236  4.7 7  8.5  76    0   66 347 -402  0
4218500 2850500 10  7 15  13.9 1003 246  5.3 7  9.0  90    9   90 347 -405  0
4218500 2850500 10  7 16  13.9 1004 238  5.0 7  9.0  90    3   52 348 -401  0
4218500 2850500 10  7 17  13.6 1005 233  4.8 5  8.4  85   17   46 337 -397  0
4218500 2850500 10  7 18  13.3 1006 260  5.2 4  7.8  80    0    0 321 -392  0
4218500 2850500 10  7 19  13.1 1007 271  4.9 6  7.3  77    0    0 324 -386  0
4218500 2850500 10  7 20  12.6 1009 253  5.3 6  7.0  75    0    0 332 -384  0
4218500 2850500 10  7 21  12.1 1009 252  5.6 4  7.0  78    0    0 322 -382  0
4218500 2850500 10  7 22  12.2 1010 260  5.1 4  7.1  80    0    0 313 -379  0
4218500 2850500 10  7 23  11.7 1011 259  5.2 4  7.0  80    0    0 312 -376  0
4218500 2850500 10  7 24  11.2 1013 250  4.9 1  6.9  82    0    0 296 -374  0
4218500 2850500 10  8  1  10.8 1013 259  4.9 1  6.6  81    0    0 280 -372  0
4218500 2850500 10  8  2  10.5 1014 250  4.9 1  6.4  80    0    0 278 -370  0
4218500 2850500 10  8  3  10.2 1014 241  4.2 1  6.4  82    0    0 277 -371  0
4218500 2850500 10  8  4  10.0 1015 247  4.4 1  6.5  84    0    0 274 -372  0
4218500 2850500 10  8  5  11.0 1015 240  4.7 5  6.5  82    0    0 291 -371  0
4218500 2850500 10  8  6  10.7 1015 239  4.3 7  6.7  82    0    0 319 -371  0
4218500 2850500 10  8  7  10.9 1015 224  4.0 6  6.6  82    0    7 322 -368  0
4218500 2850500 10  8  8  11.2 1015 238  5.4 6  6.5  79   43   53 316 -367  0
4218500 2850500 10  8  9  12.6 1015 241  5.8 5  6.5  75  156  105 312 -373  0
4218500 2850500 10  8 10  14.2 1016 254  7.5 5  6.6  69  244  141 312 -382  0
4218500 2850500 10  8 11  15.4 1016 253  6.9 5  6.7  64  298  170 315 -388  0
4218500 2850500 10  8 12  16.3 1016 260  7.4 5  6.7  60  201  201 320 -396  0
4218500 2850500 10  8 13  15.8 1016 259  6.2 5  6.7  59   58  148 320 -408  0
4218500 2850500 10  8 14  15.4 1016 261  5.2 7  6.8  61    0   82 324 -416  0
4218500 2850500 10  8 15  15.8 1016 265  4.6 7  7.0  63   21  104 329 -417  0
4218500 2850500 10  8 16  15.7 1016 281  4.1 6  7.2  64   26   89 327 -413  0
4218500 2850500 10  8 17  15.4 1016 274  3.3 6  7.1  65    5   43 323 -405  0
4218500 2850500 10  8 18  14.3 1016 270  2.4 5  7.1  67    0    0 313 -394  0
4218500 2850500 10  8 19  14.8 1017 267  2.6 4  7.1  69    0    0 304 -385  0
4218500 2850500 10  8 20  13.8 1017 288  2.6 3  7.1  70    0    0 298 -378  0
4218500 2850500 10  8 21  12.1 1017 286  3.0 2  7.1  76    0    0 289 -374  0
4218500 2850500 10  8 22  11.6 1017 255  2.6 1  7.2  83    0    0 282 -369  0
4218500 2850500 10  8 23   9.6 1017 224  2.1 1  6.9  87    0    0 275 -366  0
4218500 2850500 10  8 24   9.2 1016 228  2.5 0  6.6  91    0    0 270 -363  0
4218500 2850500 10  9  1   7.7 1016 227  2.4 2  6.4  93    0    0 268 -361  0
4218500 2850500 10  9  2   7.2 1017 252  2.1 2  6.1  95    0    0 267 -359  0
4218500 2850500 10  9  3   6.2 1017 192  2.2 2  5.9  98    0    0 264 -357  0
4218500 2850500 10  9  4   6.4 1017 194  2.2 3  5.8  99    0    0 264 -355  0
4218500 2850500 10  9  5   6.3 1017 176  2.3 2  5.7  97    0    0 264 -354  0
4218500 2850500 10  9  6   6.0 1017 146  2.2 2  5.6  96    0    0 262 -352  0
4218500 2850500 10  9  7   5.8 1016 138  2.5 2  5.5  96    6    9 261 -351  0
4218500 2850500 10  9  8   7.6 1016 159  1.9 2  5.8  95   76   44 263 -352  0
4218500 2850500 10  9  9  11.1 1017 152  2.6 1  6.5  89  202   66 269 -359  0
4218500 2850500 10  9 10  14.0 1018 169  2.7 1  7.0  77  316   77 276 -372  0
4218500 2850500 10  9 11  16.2 1018 156  3.1 1  6.9  64  393   88 284 -388  0
4218500 2850500 10  9 12  18.0 1017 165  3.0 1  6.8  56  430   94 290 -402  0
4218500 2850500 10  9 13  19.2 1017 137  3.5 1  6.6  50  408  102 295 -413  0
4218500 2850500 10  9 14  19.7 1016 141  3.8 1  6.3  45  350  106 298 -419  0
4218500 2850500 10  9 15  19.9 1016 147  3.7 2  6.3  44  250  107 302 -421  0
4218500 2850500 10  9 16  19.1 1016 168  3.1 2  6.2  44  123   96 304 -417  0
4218500 2850500 10  9 17  16.4 1016 148  2.4 4  6.2  50   31   49 304 -409  0
4218500 2850500 10  9 18  13.7 1015 130  2.8 5  6.4  60    0    0 303 -398  0
4218500 2850500 10  9 19  11.6 1015 140  2.9 4  6.6  72    0    0 298 -389  0
4218500 2850500 10  9 20  10.9 1016 148  2.0 5  6.7  80    0    0 296 -383  0
4218500 2850500 10  9 21   9.8 1016 149  2.3 5  6.7  85    0    0 297 -379  0
4218500 2850500 10  9 22   9.4 1015 162  2.2 5  6.6  88    0    0 297 -375  0
4218500 2850500 10  9 23   8.8 1015 154  2.2 4  6.5  91    0    0 294 -372  0
4218500 2850500 10  9 24   8.6 1015 163  2.5 2  6.5  93    0    0 289 -370  0
4218500 2850500 10 10  1   8.8 1015 185  2.2 3  6.5  93    0    0 288 -368  0
4218500 2850500 10 10  2   8.4 1016 186  2.2 4  6.5  93    0    0 293 -367  0
4218500 2850500 10 10  3   8.5 1016 181  1.9 5  6.3  92    0    0 297 -366  0
4218500 2850500 10 10  4   7.7 1016 191  2.0 4  6.2  93    0    0 297 -363  0
4218500 2850500 10 10  5   7.1 1016 222  1.8 3  6.1  95    0    0 290 -361  0
4218500 2850500 10 10  6   7.0 1016 240  1.5 4  6.0  97    0    0 289 -359  0
4218500 2850500 10 10  7   7.0 1017 238  1.5 5  6.0  97    0    6 293 -357  0
4218500 2850500 10 10  8   9.2 1017 214  0.5 6  6.4  95   18   44 302 -358  0
4218500 2850500 10 10  9  10.9 1017 348  0.4 7  7.1  93   55   96 314 -366  0
4218500 2850500 10 10 10  12.9 1018 359  0.2 7  7.4  86  119  146 324 -381  0
4218500 2850500 10 10 11  14.8 1018 320  0.5 6  7.4  76  218  180 329 -396  0
4218500 2850500 10 10 12  16.9 1018 309  1.2 6  7.6  68  284  186 334 -411  0
4218500 2850500 10 10 13  17.9 1018 331  1.3 5  7.7  62  278  190 338 -422  0
4218500 2850500 10 10 14  18.6 1018 334  1.7 5  7.5  58  205  194 338 -428  0
4218500 2850500 10 10 15  18.3 1018 340  1.7 5  7.4  56  127  172 337 -429  0
4218500 2850500 10 10 16  17.7 1017 348  1.7 5  7.7  60   46  121 337 -424  0
4218500 2850500 10 10 17  16.8 1017  26  1.6 4  8.1  66    7   50 331 -414  0
4218500 2850500 10 10 18  14.9 1017  47  1.5 3  8.1  72    0    0 320 -401  0
4218500 2850500 10 10 19  13.2 1017  54  1.3 2  8.1  81    0    0 308 -392  0
4218500 2850500 10 10 20  12.1 1018  63  1.5 1  7.9  87    0    0 297 -388  0
4218500 2850500 10 10 21  11.5 1018  68  2.1 0  7.8  90    0    0 289 -385  0
4218500 2850500 10 10 22  10.4 1018  85  2.1 2  7.6  93    0    0 289 -382  0
4218500 2850500 10 10 23  10.6 1017  69  1.9 2  7.5  94    0    0 292 -379  0
4218500 2850500 10 10 24   9.8 1017  75  2.5 2  7.4  95    0    0 291 -377  0
4218500 2850500 10 11  1   9.2 1016  67  2.3 2  7.1  96    0    0 288 -375  0
4218500 2850500 10 11  2   9.0 1016  76  2.8 3  6.9  95    0    0 289 -374  0
4218500 2850500 10 11  3   9.2 1015  71  2.6 4  6.8  95    0    0 293 -373  0
4218500 2850500 10 11  4   8.7 1015  77  2.9 2  6.8  96    0    0 288 -372  0
4218500 2850500 10 11  5   8.5 1015  68  2.7 1  6.7  96    0    0 278 -370  0
4218500 2850500 10 11  6   8.9 1014  67  2.8 3  6.7  95    0    0 280 -369  0
4218500 2850500 10 11  7   9.5 1014  77  2.9 6  6.9  95    4   11 296 -369  0
4218500 2850500 10 11  8   9.4 1014  76  2.7 5  7.1  96   54   57 302 -370  0
4218500 2850500 10 11  9  12.0 1015  79  2.6 5  7.7  96   96  112 302 -376  0
4218500 2850500 10 11 10  13.5 1015  97  2.4 5  8.2  89  155  160 308 -388  0
4218500 2850500 10 11 11  15.6 1015  98  3.0 5  8.2  79  189  199 314 -401  0
4218500 2850500 10 11 12  17.1 1014  95  3.4 6  7.9  68  245  205 322 -414  0
4218500 2850500 10 11 13  18.8 1013  72  3.2 5  7.3  57  232  213 326 -423  0
4218500 2850500 10 11 14  18.8 1013  71  3.7 5  7.0  52  173  207 324 -428  0
4218500 2850500 10 11 15  18.2 1012  83  3.6 5  6.9  52   94  176 322 -428  0
4218500 2850500 10 11 16  17.5 1012  79  3.7 6  7.1  56   26  116 324 -425  0
4218500 2850500 10 11 17  16.5 1012  85  2.8 7  7.5  62    0   37 329 -418  0
4218500 2850500 10 11 18  14.8 1012  82  2.5 6  8.0  72    0    0 326 -408  0
4218500 2850500 10 11 19  13.8 1012  86  2.3 5  8.4  82    0    0 315 -399  0
4218500 2850500 10 11 20  13.1 1012  93  3.0 4  8.3  86    0    0 306 -392  0
4218500 2850500 10 11 21  12.3 1012  80  2.6 3  8.1  88    0    0 297 -387  0
4218500 2850500 10 11 22  11.6 1011  68  2.5 3  7.9  91    0    0 290 -383  0
4218500 2850500 10 11 23  11.0 1012  68  2.7 3  7.8  93    0    0 288 -379  0
4218500 2850500 10 11 24  10.5 1012  88  2.7 2  7.6  94    0    0 283 -376  0
4218500 2850500 10 12  1  10.4 1011 112  2.5 3  7.5  95    0    0 283 -373  0
4218500 2850500 10 12  2   9.9 1011 104  2.4 3  7.4  96    0    0 285 -369  0
4218500 2850500 10 12  3   9.2 1012 112  2.4 3  7.1  96    0    0 284 -366  0
4218500 2850500 10 12  4   8.8 1012 113  2.2 2  6.9  96    0    0 279 -363  0
4218500 2850500 10 12  5   8.1 1011 117  2.3 1  6.6  96    0    0 270 -362  0
4218500 2850500 10 12  6   7.8 1011 118  2.3 0  6.3  95    0    0 260 -360  0
4218500 2850500 10 12  7   7.1 1011 148  1.7 2  6.2  96    2   10 261 -359  0
4218500 2850500 10 12  8   8.6 1012 152  1.7 3  6.4  97   48   50 272 -360  0
4218500 2850500 10 12  9  10.6 1013 191  1.6 2  7.0  93  145   88 276 -366  0
4218500 2850500 10 12 10  13.1 1014 232  0.9 2  7.2  83  232  116 279 -377  0
4218500 2850500 10 12 11  15.3 1014 235  1.1 3  7.3  72  295  135 290 -391  0
4218500 2850500 10 12 12  16.9 1015 180  1.0 3  7.5  66  359  136 300 -404  0
4218500 2850500 10 12 13  18.6 1015 214  1.6 2  7.5  59  352  139 302 -414  0
4218500 2850500 10 12 14  18.8 1015 267  2.6 1  7.3  54  300  137 298 -421  0
4218500 2850500 10 12 15  18.8 1015 277  2.1 2  7.2  53  203  127 298 -421  0
4218500 2850500 10 12 16  17.2 1016 286  2.3 3  7.3  57   84  106 302 -417  0
4218500 2850500 10 12 17  15.9 1016 345  2.2 5  7.7  66    0   39 309 -407  0
4218500 2850500 10 12 18  13.5 1017 329  2.1 5  7.9  76    0    0 312 -393  0
4218500 2850500 10 12 19  12.3 1018 319  2.2 6  7.9  85    0    0 310 -381  0
4218500 2850500 10 12 20  11.3 1018 317  2.5 6  7.9  92    0    0 311 -373  0
4218500 2850500 10 12 21  11.1 1019 314  2.5 6  8.0  97    0    0 309 -366  0
4218500 2850500 10 12 22  11.1 1019 318  2.2 6  8.0  98    0    0 310 -363  0
4218500 2850500 10 12 23  11.0 1020 309  2.6 6  8.0  98    0    0 311 -365  0
4218500 2850500 10 12 24  11.2 1020 325  2.0 8  8.0  97    0    0 321 -365  0
4218500 2850500 10 13  1  11.6 1021 330  2.6 8  8.0  96    0    0 333 -362  0
4218500 2850500 10 13  2  11.6 1021 327  2.4 8  8.1  96    0    0 335 -360  0
4218500 2850500 10 13  3  11.4 1021 321  2.1 7  8.1  96    0    0 330 -359  0
4218500 2850500 10 13  4  11.2 1021 327  2.2 8  8.1  97    0    0 330 -357  0
4218500 2850500 10 13  5  11.2 1021 338  2.6 8  8.1  98    0    0 335 -355  0
4218500 2850500 10 13  6  11.0 1021 328  2.5 8  8.0  97    0    0 336 -354  0
4218500 2850500 10 13  7  10.5 1022 346  3.0 8  7.8  97    0    5 335 -352  0
4218500 2850500 10 13  8  10.9 1022   4  2.1 8  7.7  97    2   37 335 -353  0
4218500 2850500 10 13  9  11.5 1023   3  2.7 7  7.9  96    4   86 332 -360  0
4218500 2850500 10 13 10  12.3 1023  20  2.4 7  8.2  95    2  118 331 -374  0
4218500 2850500 10 13 11  13.1 1025  16  2.3 7  8.4  93    0  119 335 -389  0
4218500 2850500 10 13 12  13.8 1025  16  2.1 7  8.6  90    0  126 338 -403  0
4218500 2850500 10 13 13  14.2 1025  24  2.1 7  8.5  86    0  141 341 -413  0
4218500 2850500 10 13 14  14.9 1026  37  2.0 7  8.2  80   12  149 342 -418  0
4218500 2850500 10 13 15  15.1 1026  16  2.1 7  8.4  80   10  124 343 -418  0
4218500 2850500 10 13 16  14.7 1026  20  3.0 7  8.5  82    2   74 342 -414  0
4218500 2850500 10 13 17  14.4 1026  45  1.9 8  8.2  81    0   26 343 -406  0
4218500 2850500 10 13 18  13.9 1026  63  3.0 8  8.3  84    0    0 344 -395  0
4218500 2850500 10 13 19  13.0 1027  58  3.0 8  8.4  89    0    0 342 -386  0
4218500 2850500 10 13 20  12.6 1026  49  2.7 8  8.1  89    0    0 339 -382  0
4218500 2850500 10 13 21  11.8 1026  95  2.7 8  7.9  90    0    0 337 -378  0
4218500 2850500 10 13 22  11.7 1027  84  3.1 8  7.7  90    0    0 334 -375  0
4218500 2850500 10 13 23  11.4 1027  72  2.3 8  7.5  89    0    0 331 -372  0
4218500 2850500 10 13 24  11.6 1027  34  2.0 8  7.9  94    0    0 331 -368  0
4218500 2850500 10 14  1  11.8 1027  46  1.8 7  7.9  93    0    0 328 -364  0
4218500 2850500 10 14  2  12.0 1027  42  2.0 7  7.6  88    0    0 324 -360  0
4218500 2850500 10 14  3  12.0 1027  77  2.9 8  7.7  89    0    0 327 -357  0
4218500 2850500 10 14  4  11.9 1027  97  2.9 7  7.8  91    0    0 327 -353  0
4218500 2850500 10 14  5  11.8 1027 103  1.8 8  7.7  90    0    0 327 -351  0
4218500 2850500 10 14  6  11.9 1027  74  2.4 8  7.7  90    0    0 331 -350  0
4218500 2850500 10 14  7  12.0 1027  52  3.3 8  7.6  88    0    2 331 -349  0
4218500 2850500 10 14  8  11.9 1028  65  3.4 8  7.4  86    0   28 330 -349  0
4218500 2850500 10 14  9  11.6 1028  66  3.6 7  7.4  87    0   69 325 -354  0
4218500 2850500 10 14 10  11.7 1028  69  3.8 7  7.3  86    0   91 319 -366  0
4218500 2850500 10 14 11  11.1 1029  92  3.4 7  7.2  87    0   81 316 -379  0
4218500 2850500 10 14 12  10.7 1029  82  3.1 7  7.1  89    0   83 311 -392  0
4218500 2850500 10 14 13  10.4 1029  84  3.3 7  7.0  89    0   74 306 -402  0
4218500 2850500 10 14 14  10.2 1028  62  3.0 8  6.9  89    0   63 305 -408  0
4218500 2850500 10 14 15  10.0 1028  77  2.9 8  6.8  90    0   57 302 -409  0
4218500 2850500 10 14 16   9.7 1028  62  3.0 8  6.7  89    0   41 297 -405  0
4218500 2850500 10 14 17   9.5 1028  57  2.9 8  6.6  90    0   16 294 -397  0
4218500 2850500 10 14 18   9.2 1028  70  3.1 8  6.7  92    0    0 292 -387  0
4218500 2850500 10 14 19   9.1 1028  78  2.5 8  6.7  94    0    0 291 -379  0
4218500 2850500 10 14 20   9.0 1028  91  2.5 8  6.8  96    0    0 291 -374  0
4218500 2850500 10 14 21   9.0 1028  57  2.5 8  6.8  96    0    0 290 -369  0
4218500 2850500 10 14 22   8.7 1028  81  1.7 8  6.7  96    0    0 288 -365  0
4218500 2850500 10 14 23   8.5 1028  53  1.9 8  6.6  96    0    0 286 -361  0
4218500 2850500 10 14 24   8.4 1028  50  2.2 8  6.6  97    0    0 285 -357  0
4218500 2850500 10 15  1   8.4 1028  43  2.6 8  6.5  97    0    0 283 -354  0
4218500 2850500 10 15  2   8.2 1028  77  2.4 8  6.4  95    0    0 284 -351  0
4218500 2850500 10 15  3   8.1 1028  39  2.5 8  6.3  94    0    0 286 -349  0
4218500 2850500 10 15  4   8.0 1028  47  2.5 8  6.2  94    0    0 289 -347  0
4218500 2850500 10 15  5   8.0 1028  77  2.1 8  6.1  93    0    0 293 -344  0
4218500 2850500 10 15  6   7.9 1028  66  1.8 8  6.0  91    0    0 298 -343  0
4218500 2850500 10 15  7   7.7 1027  38  1.7 8  5.9  91    0    1 302 -341  0
4218500 2850500 10 15  8   8.0 1027  84  1.8 8  5.8  88    0   28 306 -341  0
4218500 2850500 10 15  9   8.4 1028  93  1.6 7  5.6  84    2   89 308 -346  0
4218500 2850500 10 15 10   9.0 1028  79  2.2 7  5.7  82    7  144 309 -357  0
4218500 2850500 10 15 11   9.8 1028  84  1.9 7  5.7  78   11  174 314 -372  0
4218500 2850500 10 15 12  10.7 1028  73  1.4 5  5.6  74   51  225 314 -386  0
4218500 2850500 10 15 13  11.6 1027  86  1.1 6  5.6  69    6  171 316 -397  0
4218500 2850500 10 15 14  11.7 1027  25  1.6 6  5.7  68    0  117 325 -403  0
4218500 2850500 10 15 15  11.7 1026 357  1.4 7  6.1  72    0  101 333 -403  0
4218500 2850500 10 15 16  11.6 1026  26  1.8 8  6.4  75    0   51 344 -399  0
4218500 2850500 10 15 17  11.3 1026  20  1.5 8  6.3  76    0   19 349 -390  0
4218500 2850500 10 15 18  11.0 1026 358  1.6 8  6.5  80    0    0 345 -380  0
4218500 2850500 10 15 19  11.1 1026  97  1.4 7  6.5  81    0    0 338 -372  0
4218500 2850500 10 15 20  10.9 1026 311  0.8 8  6.4  80    0    0 339 -367  0
4218500 2850500 10 15 21  11.0 1026 286  1.4 8  6.6  82    0    0 344 -364  0
4218500 2850500 10 15 22  11.0 1026 305  0.8 8  6.7  83    0    0 344 -362  0
4218500 2850500 10 15 23  10.9 1025 346  1.4 8  6.7  84    0    0 343 -360  0
4218500 2850500 10 15 24  10.9 1025 334  1.6 7  6.7  84    0    0 337 -359  0
4218500 2850500 10 16  1  10.9 1025 337  1.3 8  6.6  82    0    0 335 -359  0
4218500 2850500 10 16  2   9.5 1025 302  2.1 6  6.4  84    0    0 327 -360  0
4218500 2850500 10 16  3   8.9 1024 348  1.8 4  6.3  88    0    0 308 -357  0
4218500 2850500 10 16  4   9.3 1024 353  2.0 5  6.3  89    0    0 304 -353  0
4218500 2850500 10 16  5   8.0 1024   6  1.1 3  6.2  90    0    0 297 -349  0
4218500 2850500 10 16  6   7.0 1024 351  1.0 3  6.0  94    0    0 284 -345  0
4218500 2850500 10 16  7   7.2 1024 359  0.9 5  6.0  96    0    3 291 -342  0
4218500 2850500 10 16  8   9.1 1024 352  1.0 6  6.5  97    1   34 308 -342  0
4218500 2850500 10 16  9  10.6 1024  53  1.1 6  7.3  97   43   99 320 -345  0
4218500 2850500 10 16 10  13.6 1024  73  1.6 4  7.6  87  211  100 319 -355  0
4218500 2850500 10 16 11  15.2 1025  73  2.2 4  6.9  68  148  170 313 -368  0
4218500 2850500 10 16 12  14.9 1025  97  2.6 2  6.8  64  165  188 301 -380  0
4218500 2850500 10 16 13  15.6 1024 120  3.5 1  7.3  68  186  184 288 -388  0
4218500 2850500 10 16 14  15.0 1024 133  4.3 4  7.0  65   78  181 289 -392  0
4218500 2850500 10 16 15  13.6 1023 130  3.2 3  7.0  69   94  144 290 -391  0
4218500 2850500 10 16 16  12.8 1023 145  2.7 3  7.1  76   67   95 286 -385  0
4218500 2850500 10 16 17  11.3 1022 138  1.8 2  6.8  78    5   34 279 -376  0
4218500 2850500 10 16 18   9.5 1021 126  1.4 1  6.4  82    0    0 269 -365  0
4218500 2850500 10 16 19   8.3 1021  96  1.5 1  6.2  88    0    0 260 -357  0
4218500 2850500 10 16 20   6.8 1021  93  1.8 0  5.9  92    0    0 253 -352  0
4218500 2850500 10 16 21   6.6 1021  87  1.9 1  5.7  95    0    0 251 -348  0
4218500 2850500 10 16 22   6.7 1020 105  2.3 1  5.8  95    0    0 255 -345  0
4218500 2850500 10 16 23   5.9 1020 136  2.4 1  5.6  94    0    0 254 -342  0
4218500 2850500 10 16 24   5.1 1020 127  2.7 0  5.3  94    0    0 247 -339  0
4218500 2850500 10 17  1   5.0 1020 126  2.4 1  5.1  94    0    0 246 -337  0
4218500 2850500 10 17  2   4.2 1019 109  2.6 0  5.0  94    0    0 243 -335  0
4218500 2850500 10 17  3   3.7 1019 128  2.3 0  4.8  95    0    0 237 -333  0
4218500 2850500 10 17  4   3.5 1018 126  2.4 0  4.6  94    0    0 235 -331  0
4218500 2850500 10 17  5   2.8 1018 108  2.4 0  4.5  94    0    0 233 -329  0
4218500 2850500 10 17  6   2.9 1018 108  2.7 0  4.4  95    0    0 232 -328  0
4218500 2850500 10 17  7   2.6 1017 131  2.6 0  4.4  95    1    7 232 -326  0
4218500 2850500 10 17  8   3.7 1018 131  2.9 0  4.5  96   51   34 232 -327  0
4218500 2850500 10 17  9   6.0 1017 140  2.1 0  4.9  92  174   50 237 -332  0
4218500 2850500 10 17 10   8.8 1017 160  2.4 0  5.0  78  291   55 244 -343  0
4218500 2850500 10 17 11  10.3 1017 187  2.2 0  4.9  67  366   63 250 -357  0
4218500 2850500 10 17 12  12.3 1017 173  3.1 0  4.9  59  415   55 254 -370  0
4218500 2850500 10 17 13  14.0 1016 147  2.5 0  4.8  51  382   72 261 -381  0
4218500 2850500 10 17 14  14.9 1016 158  3.2 0  4.7  46  318   81 264 -387  0
4218500 2850500 10 17 15  15.4 1015 158  3.1 0  4.6  43  218   87 267 -388  0
4218500 2850500 10 17 16  14.0 1014 139  3.7 0  4.5  44   85   83 265 -385  0
4218500 2850500 10 17 17  12.2 1014 141  3.0 0  4.8  51    6   34 261 -377  0
4218500 2850500 10 17 18  10.0 1014 132  2.9 1  5.1  62    0    0 258 -367  0
4218500 2850500 10 17 19   8.4 1012 129  3.5 0  5.1  70    0    0 253 -359  0
4218500 2850500 10 17 20   7.1 1012 131  3.2 0  5.0  76    0    0 247 -354  0
4218500 2850500 10 17 21   6.3 1011 130  3.1 0  4.9  80    0    0 243 -350  0
4218500 2850500 10 17 22   6.0 1011 132  3.9 0  4.8  81    0    0 242 -346  0
4218500 2850500 10 17 23   4.8 1011 145  3.1 0  4.6  82    0    0 240 -342  0
4218500 2850500 10 17 24   3.9 1010 143  3.0 0  4.4  85    0    0 237 -339  0
4218500 2850500 10 18  1   3.2 1010 154  3.3 0  4.4  89    0    0 236 -337  0
4218500 2850500 10 18  2   3.7 1009 162  3.6 0  4.4  90    0    0 235 -336  0
4218500 2850500 10 18  3   3.0 1009 151  3.1 0  4.3  90    0    0 236 -335  0
4218500 2850500 10 18  4   2.5 1008 142  3.0 0  4.3  92    0    0 235 -334  0
4218500 2850500 10 18  5   1.9 1008 161  3.0 1  4.2  93    0    0 235 -333  0
4218500 2850500 10 18  6   1.9 1007 168  3.1 1  4.1  93    0    0 236 -332  0
4218500 2850500 10 18  7   2.1 1007 180  3.0 3  4.2  94    0    4 241 -331  0
4218500 2850500 10 18  8   3.8 1007 181  2.9 4  4.3  90   19   37 248 -332  0
4218500 2850500 10 18  9   5.6 1007 182  3.1 5  4.4  83   97   87 254 -337  0
4218500 2850500 10 18 10   8.2 1007 190  3.3 6  4.7  75  206  112 262 -350  0
4218500 2850500 10 18 11  11.1 1007 191  3.3 5  4.7  63  283  129 271 -366  0
4218500 2850500 10 18 12  13.0 1007 169  3.3 4  4.8  55  298  146 279 -382  0
4218500 2850500 10 18 13  14.6 1006 166  3.4 4  5.0  51  285  153 287 -396  0
4218500 2850500 10 18 14  15.3 1005 177  4.4 4  5.2  48  231  152 294 -405  0
4218500 2850500 10 18 15  15.4 1005 182  3.6 4  5.5  50   96  147 300 -409  0
4218500 2850500 10 18 16  14.6 1004 161  2.9 6  5.8  54    5   79 306 -407  0
4218500 2850500 10 18 17  13.8 1004 151  3.2 7  6.0  58    0   17 312 -400  0
4218500 2850500 10 18 18  12.5 1003 158  3.2 7  6.1  64    0    0 314 -393  0
4218500 2850500 10 18 19  12.4 1003 163  3.5 7  6.4  70    0    0 315 -388  0
4218500 2850500 10 18 20  12.3 1003 169  3.4 7  6.5  72    0    0 318 -385  0
4218500 2850500 10 18 21  11.6 1003 173  3.2 6  6.6  75    0    0 318 -383  0
4218500 2850500 10 18 22  10.0 1003 164  3.7 4  6.4  78    0    0 309 -381  0
4218500 2850500 10 18 23   9.2 1003 174  3.7 2  5.9  78    0    0 293 -378  0
4218500 2850500 10 18 24   8.2 1003 180  3.4 0  5.5  78    0    0 277 -374  0
4218500 2850500 10 19  1   7.2 1003 176  3.2 1  5.4  81    0    0 268 -371  0
4218500 2850500 10 19  2   5.8 1002 169  3.0 1  5.3  87    0    0 266 -369  0
4218500 2850500 10 19  3   6.0 1001 157  3.4 1  5.1  88    0    0 262 -367  0
4218500 2850500 10 19  4   5.3 1001 136  2.5 2  5.1  88    0    0 264 -367  0
4218500 2850500 10 19  5   4.9 1000 122  2.6 4  5.1  92    0    0 272 -367  0
4218500 2850500 10 19  6   5.9 1000 140  2.7 5  5.2  91    0    0 283 -365  0
4218500 2850500 10 19  7   5.3 1000 150  3.1 5  5.2  90    0    6 285 -363  0
4218500 2850500 10 19  8   6.3 1000 141  3.0 3  5.1  88   27   45 270 -361  0
4218500 2850500 10 19  9   8.9 1000 160  3.6 3  5.2  78   71  102 259 -364  0
4218500 2850500 10 19 10  10.6 1000 167  2.9 5  5.3  70   95  160 272 -370  0
4218500 2850500 10 19 11  13.0 1000 163  2.8 6  5.6  64   88  202 295 -381  0
4218500 2850500 10 19 12  14.2 1000 173  3.6 5  5.8  59  141  224 297 -393  0
4218500 2850500 10 19 13  16.2 1000 154  3.1 4  6.0  55  162  223 285 -403  0
4218500 2850500 10 19 14  16.5 1000 152  3.1 3  6.1  52  114  206 271 -409  0
4218500 2850500 10 19 15  16.7  999 153  3.0 5  6.2  52   37  153 285 -412  0
4218500 2850500 10 19 16  15.7  999 141  3.1 5  6.4  55   12   90 305 -411  0
4218500 2850500 10 19 17  14.7  999 128  2.8 7  6.6  60    0   13 323 -406  0
4218500 2850500 10 19 18  14.1  999 137  3.3 7  6.7  65    0    0 341 -398  0
4218500 2850500 10 19 19  12.6  999 137  3.4 7  6.6  68    0    0 341 -391  0
4218500 2850500 10 19 20  13.0  999 140  3.5 6  6.5  69    0    0 335 -388  0
4218500 2850500 10 19 21  12.0  999 146  3.1 4  6.3  69    0    0 315 -386  0
4218500 2850500 10 19 22   9.9  999 142  2.9 3  6.1  74    0    0 295 -384  0
4218500 2850500 10 19 23   9.4  999 141  2.7 4  5.9  77    0    0 294 -383  0
4218500 2850500 10 19 24   9.0  998 139  2.5 5  5.7  78    0    0 304 -385  0
4218500 2850500 10 20  1   8.4  998 142  3.0 6  5.8  81    0    0 312 -387  0
4218500 2850500 10 20  2   8.5  998 149  2.9 6  5.9  84    0    0 316 -388  0
4218500 2850500 10 20  3   9.4  998 159  3.1 6  5.9  82    0    0 317 -387  0
4218500 2850500 10 20  4   9.2  997 159  2.9 6  5.9  80    0    0 317 -383  0
4218500 2850500 10 20  5   9.4  997 159  2.4 6  6.0  80    0    0 317 -381  0
4218500 2850500 10 20  6   9.3  997 169  2.5 6  6.0  81    0    0 318 -381  0
4218500 2850500 10 20  7   9.4  997 158  2.3 8  6.1  82    0    0 327 -379  0
4218500 2850500 10 20  8   9.5  997 140  2.1 8  6.3  84    0   20 337 -377  0
4218500 2850500 10 20  9   9.6  997 150  2.1 7  6.7  88    0   47 331 -378  0
4218500 2850500 10 20 10   9.9  997 164  2.0 8  7.0  91    0   52 330 -386  0
4218500 2850500 10 20 11  10.3  997 166  2.5 8  7.3  93    0   66 336 -397  0
4218500 2850500 10 20 12  10.7  997 186  2.8 8  7.6  94    0   78 338 -407  0
4218500 2850500 10 20 13  11.0  997 181  3.0 7  8.0  96    0  125 336 -414  0
4218500 2850500 10 20 14  12.3  997 200  2.2 7  8.3  96    0  104 334 -416  0
4218500 2850500 10 20 15  12.9  997 141  2.1 8  8.7  94    0   88 343 -416  0
4218500 2850500 10 20 16  13.6  997 147  2.4 7  8.9  92    8   85 347 -413  0
4218500 2850500 10 20 17  12.9  996 149  2.8 7  8.9  92    0   10 342 -409  0
4218500 2850500 10 20 18  12.3  996 140  3.0 5  8.8  95    0    0 331 -406  0
4218500 2850500 10 20 19  11.5  996 163  2.6 3  8.5  96    0    0 309 -404  0
4218500 2850500 10 20 20  10.4  997 177  2.9 2  8.0  96    0    0 293 -403  0
4218500 2850500 10 20 21  10.2  997 167  3.1 1  7.7  97    0    0 283 -400  0
4218500 2850500 10 20 22   9.4  997 163  2.9 1  7.5  98    0    0 277 -395  0
4218500 2850500 10 20 23   9.8  997 169  3.2 1  7.4  98    0    0 276 -391  0
4218500 2850500 10 20 24   8.6  997 172  3.1 0  7.3  98    0    0 267 -388  0
4218500 2850500 10 21  1   8.5  997 168  2.9 0  7.1 100    0    0 258 -388  0
4218500 2850500 10 21  2   9.1  997 157  2.8 3  7.1  98    0    0 277 -388  0
4218500 2850500 10 21  3   9.0  997 156  3.2 6  7.1  97    0    0 309 -389  0
4218500 2850500 10 21  4   9.3  997 157  3.3 6  7.1  96    0    0 323 -390  0
4218500 2850500 10 21  5   9.7  996 167  3.2 6  7.1  94    0    0 324 -390  0
4218500 2850500 10 21  6   9.7  996 169  2.8 7  7.1  93    0    0 330 -390  0
4218500 2850500 10 21  7   9.7  996 175  3.2 6  7.2  95    0    2 329 -390  0
4218500 2850500 10 21  8  10.4  997 191  2.9 6  7.5  96    5   30 324 -389  0
4218500 2850500 10 21  9  12.7  997 210  3.4 6  8.0  93   43   86 328 -391  0
4218500 2850500 10 21 10  14.6  997 210  3.7 6  8.7  88  125  124 336 -395  0
4218500 2850500 10 21 11  16.7  998 228  4.1 6  9.2  81  252  121 342 -400  0
4218500 2850500 10 21 12  18.1  998 214  4.1 6  9.2  73  231  154 347 -402  0
4218500 2850500 10 21 13  19.2  998 248  4.5 5  9.2  67  125  193 345 -404  0
4218500 2850500 10 21 14  19.2  998 240  3.9 5  9.1  64   81  174 340 -409  0
4218500 2850500 10 21 15  19.5  998 219  4.1 5  9.0  63   94  132 338 -411  0
4218500 2850500 10 21 16  18.7  998 218  4.6 4  8.9  64   38   85 330 -409  0
4218500 2850500 10 21 17  17.0  998 209  3.1 5  8.9  69    0   20 326 -404  0
4218500 2850500 10 21 18  14.6  998 188  3.3 4  8.7  77    0    0 320 -397  0
4218500 2850500 10 21 19  13.6  999 181  3.5 2  8.6  84    0    0 301 -394  0
4218500 2850500 10 21 20  13.5  999 190  3.3 2  8.8  90    0    0 294 -392  0
4218500 2850500 10 21 21  12.7  999 192  3.4 1  9.0  94    0    0 291 -392  0
4218500 2850500 10 21 22  12.0 1000 193  3.3 2  8.8  97    0    0 290 -391  0
4218500 2850500 10 21 23  11.8 1000 231  3.1 3  8.7  99    0    0 300 -390  0
4218500 2850500 10 21 24  12.4 1000 211  2.8 3  8.6  96    0    0 306 -389  0
4218500 2850500 10 22  1  12.0 1001 207  3.4 4  8.3  92    0    0 311 -387  0
4218500 2850500 10 22  2  11.0 1001 201  3.3 4  7.9  93    0    0 313 -384  0
4218500 2850500 10 22  3  10.1 1001 189  3.2 5  7.6  95    0    0 314 -381  0
4218500 2850500 10 22  4  10.5 1001 189  3.3 6  7.6  96    0    0 324 -377  0
4218500 2850500 10 22  5  10.1 1001 191  3.4 5  7.6  95    0    0 325 -375  0
4218500 2850500 10 22  6  10.5 1001 189  3.3 5  7.5  95    0    0 319 -373  0
4218500 2850500 10 22  7  10.3 1001 198  3.1 6  7.6  96    0    3 324 -372  0
4218500 2850500 10 22  8  10.9 1001 200  3.1 5  7.8  97   34   32 324 -372  0
4218500 2850500 10 22  9  13.8 1001 201  4.0 4  8.2  91  127   62 318 -377  0
4218500 2850500 10 22 10  15.9 1001 224  4.7 3  8.5  79  223   75 316 -386  0
4218500 2850500 10 22 11  17.5 1002 222  4.9 3  8.6  71  289   87 318 -397  0
4218500 2850500 10 22 12  18.5 1002 239  5.1 3  8.5  65  234  139 324 -409  0
4218500 2850500 10 22 13  18.6 1002 240  4.4 5  8.1  60   96  183 334 -417  0
4218500 2850500 10 22 14  18.9 1002 216  4.6 4  7.9  58  167  142 338 -421  0
4218500 2850500 10 22 15  17.9 1002 204  4.3 4  7.7  57  103  121 333 -420  0
4218500 2850500 10 22 16  17.3 1001 219  3.4 6  7.5  59    5   67 337 -415  0
4218500 2850500 10 22 17  16.1 1001 196  3.2 8  7.6  63    0   12 346 -408  0
4218500 2850500 10 22 18  13.6 1001 171  3.4 7  7.7  72    0    0 341 -398  0
4218500 2850500 10 22 19  12.7 1001 171  3.1 7  7.8  82    0    0 331 -390  0
4218500 2850500 10 22 20  12.9 1000 170  3.4 7  7.9  84    0    0 330 -385  0
4218500 2850500 10 22 21  11.8 1000 160  3.7 6  8.0  88    0    0 325 -381  0
4218500 2850500 10 22 22  11.2 1000 172  3.5 5  7.9  92    0    0 317 -378  0
4218500 2850500 10 22 23  11.3  999 169  3.8 5  7.7  92    0    0 313 -376  0
4218500 2850500 10 22 24  11.1  999 159  4.0 3  7.7  92    0    0 305 -374  0
4218500 2850500 10 23  1  11.5  998 160  4.4 4  7.8  91    0    0 302 -372  0
4218500 2850500 10 23  2  12.3  997 162  4.1 6  7.7  88    0    0 316 -369  0
4218500 2850500 10 23  3  12.3  997 174  4.2 8  7.7  85    0    0 330 -367  0
4218500 2850500 10 23  4  12.8  996 171  3.9 8  7.8  85    0    0 335 -367  0
4218500 2850500 10 23  5  12.7  996 182  3.4 8  8.0  85    0    0 337 -366  0
4218500 2850500 10 23  6  12.6  996 182  3.6 8  8.1  87    0    0 339 -366  0
4218500 2850500 10 23  7  13.1  995 169  4.3 8  8.3  88    0    1 344 -368  0
4218500 2850500 10 23  8  13.1  995 169  4.5 8  8.5  88    5   30 349 -371  0
4218500 2850500 10 23  9  13.9  995 182  5.3 7  8.7  88    4   74 349 -377  0
4218500 2850500 10 23 10  16.7  994 203  6.0 6  9.1  82   36  150 343 -382  0
4218500 2850500 10 23 11  17.7  994 204  6.1 5  9.5  76  122  200 336 -388  0
4218500 2850500 10 23 12  19.1  995 213  6.0 5  9.8  72  180  212 333 -390  0
4218500 2850500 10 23 13  19.5  994 220  6.6 5  9.9  70  125  226 337 -391  0
4218500 2850500 10 23 14  19.9  994 220  5.6 6 10.0  68   97  203 347 -397  0
4218500 2850500 10 23 15  19.5  994 212  5.4 5 10.1  69   76  158 348 -403  0
4218500 2850500 10 23 16  18.6  994 203  5.1 6 10.0  71   18   91 348 -405  0
4218500 2850500 10 23 17  18.1  994 192  5.0 6 10.0  74    0   16 352 -403  0
4218500 2850500 10 23 18  17.4  994 190  4.8 6 10.0  77    0    0 350 -399  0
4218500 2850500 10 23 19  16.9  994 191  3.8 6 10.0  80    0    0 348 -394  0
4218500 2850500 10 23 20  15.7  994 184  3.1 6  9.9  83    0    0 344 -390  0
4218500 2850500 10 23 21  15.3  994 178  3.4 7  9.8  87    0    0 348 -389  0
4218500 2850500 10 23 22  15.1  994 180  3.5 6  9.7  88    0    0 348 -389  0
4218500 2850500 10 23 23  14.5  994 160  3.4 6  9.6  90    0    0 342 -390  0
4218500 2850500 10 23 24  14.7  993 161  3.9 6  9.6  90    0    0 343 -391  0
4218500 2850500 10 24  1  14.7  992 169  4.0 6  9.6  90    0    0 344 -393  0
4218500 2850500 10 24  2  15.0  992 160  3.9 7  9.6  89    0    0 352 -395  0
4218500 2850500 10 24  3  14.6  991 171  4.8 8  9.8  91    0    0 366 -397  0
4218500 2850500 10 24  4  14.8  990 171  5.2 8 10.2  96    0    0 373 -398  0
4218500 2850500 10 24  5  15.5  990 192  5.5 8 10.6  96    0    0 376 -400  0
4218500 2850500 10 24  6  15.6  990 210  5.4 8 10.8  95    0    0 378 -399  0
4218500 2850500 10 24  7  15.7  990 199  4.8 8 10.8  95    0    0 377 -395  0
4218500 2850500 10 24  8  15.7  991 191  5.1 8 10.7  93    0   15 376 -394  0
4218500 2850500 10 24  9  15.8  990 191  5.7 7 10.5  92    0   58 369 -394  0
4218500 2850500 10 24 10  16.4  990 189  5.4 5 10.5  89   76  137 351 -395  0
4218500 2850500 10 24 11  18.1  991 208  7.0 4 10.3  82  246  131 337 -398  0
4218500 2850500 10 24 12  19.2  991 229  9.1 2  9.3  68  249  151 324 -402  0
4218500 2850500 10 24 13  19.4  991 228 10.4 4  7.9  55   69  189 327 -402  0
4218500 2850500 10 24 14  18.3  991 211  9.1 6  7.2  52    0   64 346 -403  0
4218500 2850500 10 24 15  17.7  991 202  7.6 6  7.3  55    0   53 353 -404  0
4218500 2850500 10 24 16  17.4  991 200  6.9 7  7.5  58    0   29 358 -401  0
4218500 2850500 10 24 17  17.2  991 209  6.6 7  7.5  60    0   10 361 -399  0
4218500 2850500 10 24 18  16.3  991 201  7.1 7  7.6  62    0    0 359 -397  0
4218500 2850500 10 24 19  15.9  992 204  7.7 7  7.7  66    0    0 356 -395  0
4218500 2850500 10 24 20  15.7  992 218  8.2 6  7.5  66    0    0 350 -391  0
4218500 2850500 10 24 21  14.9  992 228  8.0 7  7.6  69    0    0 349 -388  0
4218500 2850500 10 24 22  13.1  993 229  7.7 8  8.1  80    0    0 357 -387  0
4218500 2850500 10 24 23  13.1  994 247  7.6 8  8.7  90    0    0 357 -386  0
4218500 2850500 10 24 24  13.2  995 259  7.1 8  8.8  91    0    0 354 -382  0
4218500 2850500 10 25  1  13.5  997 269  8.1 7  8.4  86    0    0 347 -377  0
4218500 2850500 10 25  2  12.8  998 272  7.6 7  7.9  82    0    0 341 -374  0
4218500 2850500 10 25  3  12.7 1000 279  7.2 8  7.7  82    0    0 342 -371  0
4218500 2850500 10 25  4  12.6 1002 278  6.6 7  7.7  83    0    0 339 -368  0
4218500 2850500 10 25  5  12.0 1003 270  5.6 6  7.6  84    0    0 322 -367  0
4218500 2850500 10 25  6  12.2 1004 270  5.5 6  7.6  85    0    0 314 -368  0
4218500 2850500 10 25  7  11.8 1005 263  5.3 5  7.4  84    0    0 307 -369  0
4218500 2850500 10 25  8  12.0 1006 269  4.4 6  7.3  84    7   24 306 -369  0
4218500 2850500 10 25  9  12.3 1007 269  4.5 5  7.5  84   74   60 307 -371  0
4218500 2850500 10 25 10  13.2 1008 279  3.8 5  7.6  82  165   78 307 -377  0
4218500 2850500 10 25 11  14.3 1009 269  4.3 4  7.6  77  234   91 308 -386  0
4218500 2850500 10 25 12  15.0 1009 296  4.1 3  7.4  70  264  102 301 -395  0
4218500 2850500 10 25 13  15.6 1010 270  3.6 3  7.0  64   73  164 298 -403  0
4218500 2850500 10 25 14  16.1 1010 261  3.3 3  6.6  58   71  147 300 -407  0
4218500 2850500 10 25 15  16.0 1010 294  2.6 4  6.1  53   54  114 308 -407  0
4218500 2850500 10 25 16  15.1 1010 297  1.5 3  5.8  53   25   70 310 -403  0
4218500 2850500 10 25 17  12.6 1010  62  0.9 2  5.9  60    0   15 304 -397  0
4218500 2850500 10 25 18  11.2 1011 137  1.7 2  6.1  70    0    0 300 -393  0
4218500 2850500 10 25 19   8.8 1011 151  2.5 2  6.1  79    0    0 299 -391  0
4218500 2850500 10 25 20   8.3 1010 142  2.7 1  6.0  87    0    0 296 -390  0
4218500 2850500 10 25 21   7.9 1010 136  3.1 0  6.0  89    0    0 290 -389  0
4218500 2850500 10 25 22   7.6 1010 124  3.3 1  6.0  91    0    0 291 -388  0
4218500 2850500 10 25 23   8.2 1010 127  3.7 2  6.1  92    0    0 300 -385  0
4218500 2850500 10 25 24   8.5 1010 127  3.9 2  6.2  91    0    0 307 -383  0
4218500 2850500 10 26  1   8.8 1010 130  4.7 1  6.2  88    0    0 307 -383  0
4218500 2850500 10 26  2   9.3 1010 131  4.4 2  6.0  83    0    0 307 -384  0
4218500 2850500 10 26  3   9.1 1010 133  4.4 4  5.9  81    0    0 314 -384  0
4218500 2850500 10 26  4   9.7 1009 132  4.8 6  5.8  79    0    0 323 -386  0
4218500 2850500 10 26  5  10.1 1008 141  4.0 7  6.0  78    0    0 331 -388  0
4218500 2850500 10 26  6  10.4 1008 140  4.6 6  6.0  77    0    0 331 -388  0
4218500 2850500 10 26  7  10.1 1007 140  4.8 4  6.0  77    0    0 323 -387  0
4218500 2850500 10 26  8  10.8 1006 149  4.9 3  6.1  77   19   26 316 -387  0
4218500 2850500 10 26  9  12.6 1006 160  5.4 3  6.4  74   94   66 315 -391  0
4218500 2850500 10 26 10  14.9 1006 168  5.4 5  6.8  69  173   94 322 -401  0
4218500 2850500 10 26 11  18.1 1006 177  6.1 6  6.9  59  219  119 333 -413  0
4218500 2850500 10 26 12  20.8 1005 181  5.7 5  6.9  49  277  117 340 -424  0
4218500 2850500 10 26 13  21.9 1005 189  5.9 3  7.1  44  264  122 340 -433  0
4218500 2850500 10 26 14  22.2 1004 189  6.3 4  7.3  44  111  157 339 -440  0
4218500 2850500 10 26 15  22.4 1004 191  5.1 5  7.4  44   54  124 346 -441  0
4218500 2850500 10 26 16  21.8 1004 181  4.5 6  7.5  45    1   51 351 -437  0
4218500 2850500 10 26 17  19.8 1004 170  4.7 7  7.6  49    0    7 354 -430  0
4218500 2850500 10 26 18  18.4 1003 170  4.6 6  7.6  55    0    0 351 -423  0
4218500 2850500 10 26 19  18.4 1003 185  4.7 5  7.7  58    0    0 347 -418  0
4218500 2850500 10 26 20  18.4 1003 179  4.5 3  7.7  58    0    0 341 -416  0
4218500 2850500 10 26 21  17.5 1003 190  4.3 3  7.5  58    0    0 335 -416  0
4218500 2850500 10 26 22  16.6 1003 180  4.2 4  7.4  60    0    0 335 -418  0
4218500 2850500 10 26 23  16.1 1003 181  4.5 4  7.5  64    0    0 337 -419  0
4218500 2850500 10 26 24  16.1 1004 222  4.0 2  7.6  66    0    0 329 -419  0
4218500 2850500 10 27  1  16.1 1004 199  4.5 4  7.6  66    0    0 328 -415  0
4218500 2850500 10 27  2  17.9 1004 208  4.7 6  7.8  64    0    0 346 -407  0
4218500 2850500 10 27  3  18.1 1004 209  5.4 6  7.8  60    0    0 357 -399  0
4218500 2850500 10 27  4  18.3 1004 220  5.5 6  7.8  60    0    0 358 -386  0
4218500 2850500 10 27  5  18.3 1005 230  5.4 4  8.1  61    0    0 349 -373  0
4218500 2850500 10 27  6  18.5 1006 230  5.9 3  8.5  64    0    0 334 -368  0
4218500 2850500 10 27  7  18.4 1006 247  6.1 4  8.8  66    0    0 334 -366  0
4218500 2850500 10 27  8  17.9 1007 251  7.2 4  8.6  65   19   23 338 -362  0
4218500 2850500 10 27  9  18.1 1008 261  8.2 3  8.1  62   87   57 328 -361  0
4218500 2850500 10 27 10  17.1 1009 271  9.1 2  7.5  59  193   68 312 -364  0
4218500 2850500 10 27 11  17.0 1011 279  9.7 2  6.3  52  287   68 299 -369  0
4218500 2850500 10 27 12  16.8 1012 279  9.1 1  5.4  45  319   74 288 -374  0
4218500 2850500 10 27 13  16.5 1012 278  8.2 1  5.5  47  292   88 280 -379  0
4218500 2850500 10 27 14  16.2 1013 268  7.8 1  5.9  51  236   92 279 -381  0
4218500 2850500 10 27 15  16.5 1013 283  7.6 1  6.0  52  108  105 277 -381  0
4218500 2850500 10 27 16  14.9 1014 290  6.2 3  6.0  54   13   66 281 -377  0
4218500 2850500 10 27 17  14.1 1015 289  5.7 5  5.9  58    0    7 290 -371  0
4218500 2850500 10 27 18  13.8 1015 274  4.6 5  5.9  60    0    0 294 -366  0
4218500 2850500 10 27 19  13.8 1016 281  4.5 5  5.9  60    0    0 291 -364  0
4218500 2850500 10 27 20  13.7 1016 270  3.9 6  5.8  60    0    0 296 -364  0
4218500 2850500 10 27 21  13.2 1017 260  3.4 5  6.0  62    0    0 299 -365  0
4218500 2850500 10 27 22  12.8 1017 260  3.6 6  6.3  67    0    0 301 -365  0
4218500 2850500 10 27 23  12.5 1017 269  3.4 6  6.4  70    0    0 306 -365  0
4218500 2850500 10 27 24  12.3 1017 262  3.2 7  6.5  72    0    0 311 -364  0
4218500 2850500 10 28  1  11.1 1018 260  3.7 7  6.8  79    0    0 315 -363  0
4218500 2850500 10 28  2  10.3 1018 260  3.7 7  7.1  89    0    0 315 -362  0
4218500 2850500 10 28  3  10.1 1018 270  3.4 8  7.2  94    0    0 322 -362  0
4218500 2850500 10 28  4  10.1 1018 272  4.2 8  7.3  95    0    0 329 -361  0
4218500 2850500 10 28  5  10.2 1018 280  4.1 7  7.3  95    0    0 327 -359  0
4218500 2850500 10 28  6   9.3 1019 269  3.1 6  7.3  97    0    0 319 -354  0
4218500 2850500 10 28  7  10.0 1019 267  3.2 5  7.2  97    0    0 310 -350  0
4218500 2850500 10 28  8   9.8 1019 280  3.1 6  7.2  95    6   27 311 -346  0
4218500 2850500 10 28  9  10.2 1020 263  2.6 4  7.2  94   47   88 306 -346  0
4218500 2850500 10 28 10  11.0 1020 247  1.9 6  7.2  91   35  138 307 -353  0
4218500 2850500 10 28 11  11.6 1020 209  3.0 6  7.1  86   41  174 318 -364  0
4218500 2850500 10 28 12  12.1 1020 202  3.3 7  7.1  83   14  166 322 -375  0
4218500 2850500 10 28 13  12.9 1019 213  3.4 6  7.1  79   32  184 321 -382  0
4218500 2850500 10 28 14  13.7 1018 226  2.8 7  7.0  73   10  138 323 -385  0
4218500 2850500 10 28 15  13.5 1018 221  3.6 8  6.5  68    0   43 334 -385  0
4218500 2850500 10 28 16  13.2 1017 220  3.5 8  6.2  66    0   17 341 -382  0
4218500 2850500 10 28 17  12.1 1016 215  3.4 8  6.3  70    0    2 341 -377  0
4218500 2850500 10 28 18  11.6 1015 212  3.6 8  6.7  77    0    0 343 -372  0
4218500 2850500 10 28 19  11.2 1014 222  4.0 8  7.0  83    0    0 345 -368  0
4218500 2850500 10 28 20  11.2 1013 224  3.8 8  7.2  86    0    0 349 -368  0
4218500 2850500 10 28 21  11.1 1013 218  3.6 8  7.4  90    0    0 352 -368  0
4218500 2850500 10 28 22  11.0 1012 230  3.6 8  7.7  93    0    0 355 -368  0
4218500 2850500 10 28 23  11.0 1011 231  4.2 8  7.8  95    0    0 357 -368  0
4218500 2850500 10 28 24  10.6 1010 214  4.1 8  7.8  97    0    0 359 -366  0
4218500 2850500 10 29  1  11.0 1008 221  4.9 8  8.0  98    0    0 360 -366  0
4218500 2850500 10 29  2  12.4 1007 239  5.3 8  8.5  99    0    0 366 -368  0
4218500 2850500 10 29  3  13.4 1005 251  6.7 8  9.3  99    0    0 371 -369  0
4218500 2850500 10 29  4  14.0 1004 260  6.6 8  9.7  98    0    0 376 -371  0
4218500 2850500 10 29  5  14.3 1003 261  6.6 8 10.0  98    0    0 378 -372  0
4218500 2850500 10 29  6  14.8 1003 269  7.3 8 10.2  97    0    0 381 -373  0
4218500 2850500 10 29  7  14.8 1002 290  7.4 7 10.0  94    0    0 373 -374  0
4218500 2850500 10 29  8  14.7 1003 289  7.5 7  9.5  90   11   19 366 -375  0
4218500 2850500 10 29  9  14.7 1003 289  7.2 6  9.1  86   22   62 359 -377  0
4218500 2850500 10 29 10  15.3 1003 291  7.4 5  8.8  82   90   85 345 -380  0
4218500 2850500 10 29 11  15.5 1003 303  7.4 7  8.5  76    7  121 353 -383  0
4218500 2850500 10 29 12  15.1 1003 302  8.3 7  8.2  75    0  108 366 -388  0
4218500 2850500 10 29 13  14.1 1003 295  8.3 7  8.2  78    0   98 364 -392  0
4218500 2850500 10 29 14  11.8 1003 325  7.8 6  7.7  81    0   74 352 -393  0
4218500 2850500 10 29 15  11.6 1004 319  6.9 7  7.4  85    0   38 345 -395  0
4218500 2850500 10 29 16  10.7 1005 323  4.5 8  7.6  91    0   13 352 -393  0
4218500 2850500 10 29 17  10.6 1007 343  4.8 8  7.6  94    0    0 354 -386  0
4218500 2850500 10 29 18   9.9 1008   2  5.6 8  7.2  91    0    0 349 -381  0
4218500 2850500 10 29 19   9.4 1010   3  5.0 7  6.6  88    0    0 339 -379  0
4218500 2850500 10 29 20   9.2 1012  21  4.0 7  6.3  86    0    0 330 -376  0
4218500 2850500 10 29 21   8.4 1013  23  3.4 7  6.0  84    0    0 327 -372  0
4218500 2850500 10 29 22   7.3 1014  34  2.0 6  5.6  85    0    0 319 -369  0
4218500 2850500 10 29 23   7.5 1015  15  1.7 6  5.6  87    0    0 312 -366  0
4218500 2850500 10 29 24   7.6 1016  39  1.1 7  5.7  88    0    0 318 -365  0
4218500 2850500 10 30  1   6.5 1016 100  1.2 6  5.6  90    0    0 315 -366  0
4218500 2850500 10 30  2   6.8 1017 171  1.2 6  5.6  93    0    0 307 -367  0
4218500 2850500 10 30  3   6.5 1017 154  1.9 6  5.8  95    0    0 306 -367  0
4218500 2850500 10 30  4   6.2 1017 187  1.5 6  5.6  94    0    0 304 -367  0
4218500 2850500 10 30  5   6.0 1017 209  1.7 7  5.4  92    0    0 309 -366  0
4218500 2850500 10 30  6   6.4 1018 196  2.4 6  5.1  88    0    0 309 -363  0
4218500 2850500 10 30  7   5.9 1017 189  2.4 6  4.9  85    0    0 303 -361  0
4218500 2850500 10 30  8   6.2 1018 188  2.8 6  4.8  83    1   18 303 -362  0
4218500 2850500 10 30  9   6.6 1018 189  3.2 7  4.6  77    4   60 307 -364  0
4218500 2850500 10 30 10   7.1 1018 200  3.5 7  4.6  75    0   82 313 -365  0
4218500 2850500 10 30 11   7.3 1018 189  4.1 7  4.6  74    0  105 313 -367  0
4218500 2850500 10 30 12   8.0 1017 178  3.5 7  4.6  71    4  124 314 -370  0
4218500 2850500 10 30 13   9.0 1017 190  3.2 6  4.8  70   25  149 312 -375  0
4218500 2850500 10 30 14   9.1 1016 180  4.1 6  5.3  74   29  135 311 -379  0
4218500 2850500 10 30 15   9.0 1015 181  4.3 6  5.6  78   15  101 312 -378  0
4218500 2850500 10 30 16   9.2 1015 182  3.8 6  5.7  79    4   54 312 -377  0
4218500 2850500 10 30 17   8.9 1014 181  3.3 7  5.7  79    0    0 317 -373  0
4218500 2850500 10 30 18   8.5 1014 171  2.9 7  5.7  81    0    0 323 -370  0
4218500 2850500 10 30 19   8.4 1013 180  3.3 6  5.6  82    0    0 319 -369  0
4218500 2850500 10 30 20   8.0 1013 189  3.1 6  5.6  82    0    0 317 -368  0
4218500 2850500 10 30 21   8.1 1012 170  3.3 7  5.7  85    0    0 324 -367  0
4218500 2850500 10 30 22   8.5 1011 183  3.6 7  5.8  85    0    0 331 -367  0
4218500 2850500 10 30 23   8.6 1011 192  4.0 7  6.0  86    0    0 334 -367  0
4218500 2850500 10 30 24   9.2 1011 192  3.8 7  6.1  86    0    0 336 -367  0
4218500 2850500 10 31  1   9.5 1010 191  4.4 7  6.2  85    0    0 337 -368  0
4218500 2850500 10 31  2   9.8 1009 201  4.3 8  6.4  85    0    0 342 -368  0
4218500 2850500 10 31  3  10.1 1008 193  4.4 8  6.6  86    0    0 348 -368  0
4218500 2850500 10 31  4  10.4 1007 200  4.5 7  6.7  85    0    0 347 -369  0
4218500 2850500 10 31  5  10.5 1006 202  4.7 7  6.8  86    0    0 345 -369  0
4218500 2850500 10 31  6  10.7 1006 192  5.0 7  6.9  86    0    0 345 -369  0
4218500 2850500 10 31  7  11.1 1004 201  5.5 7  6.8  83    0    0 345 -369  0
4218500 2850500 10 31  8  11.1 1003 209  5.4 8  6.6  80    0   18 348 -369  0
4218500 2850500 10 31  9  11.3 1003 194  5.3 6  6.6  79    3   63 344 -369  0
4218500 2850500 10 31 10  12.0 1002 205  5.5 5  6.6  76   32  134 335 -374  0
4218500 2850500 10 31 11  13.7 1001 212  6.1 5  6.3  67   70  181 333 -379  0
4218500 2850500 10 31 12  13.5 1000 203  5.9 7  6.1  62   34  184 339 -384  0
4218500 2850500 10 31 13  14.1  999 202  6.4 7  6.0  60   12  157 344 -389  0
4218500 2850500 10 31 14  14.5  998 202  6.4 7  5.7  56    7  129 345 -392  0
4218500 2850500 10 31 15  14.5  996 202  6.5 7  5.5  52    2   88 345 -395  0
4218500 2850500 10 31 16  14.3  995 220  5.5 7  5.4  52    0   34 344 -396  0
4218500 2850500 10 31 17  13.9  994 211  6.2 7  5.5  54    0    1 341 -395  0
4218500 2850500 10 31 18  12.6  994 236  5.6 8  5.7  59    0    0 343 -395  0
4218500 2850500 10 31 19  11.0  994 214  5.1 7  6.4  73    0    0 341 -393  0
4218500 2850500 10 31 20  11.0  994 222  5.7 6  6.9  83    0    0 329 -391  0
4218500 2850500 10 31 21  11.4  993 247  6.5 7  6.8  80    0    0 330 -386  0
4218500 2850500 10 31 22  11.5  993 249  7.2 5  6.7  78    0    0 325 -380  0
4218500 2850500 10 31 23  11.4  993 251  6.7 5  6.7  78    0    0 314 -376  0
4218500 2850500 10 31 24  11.5  992 241  7.3 6  6.6  77    0    0 319 -371  0
4218500 2850500 11  1  1  11.1  992 252  8.1 8  6.5  77    0    0 340 -367  0
4218500 2850500 11  1  2   9.5  992 277  6.9 8  6.6  83    0    0 340 -366  0
4218500 2850500 11  1  3   8.3  992 284  6.7 8  6.6  91    0    0 334 -361  0
4218500 2850500 11  1  4   8.4  993 273  8.0 6  6.0  86    0    0 319 -355  0
4218500 2850500 11  1  5   7.6  994 258  7.1 4  5.3  78    0    0 293 -348  0
4218500 2850500 11  1  6   6.9  994 260  9.2 2  4.8  74    0    0 267 -345  0
4218500 2850500 11  1  7   6.4  994 246  9.4 2  4.5  72    0    0 253 -345  0
4218500 2850500 11  1  8   6.8  993 234  8.7 2  4.3  70    1   12 250 -345  0
4218500 2850500 11  1  9   5.5  993 239  9.9 7  4.5  74    0   20 274 -342  0
4218500 2850500 11  1 10   5.1  992 251  9.1 8  4.9  87    0   53 304 -342  0
4218500 2850500 11  1 11   6.2  992 282  9.5 7  5.3  91    0   70 305 -342  0
4218500 2850500 11  1 12   5.9  994 290 11.5 6  5.1  85   19  144 294 -342  0
4218500 2850500 11  1 13   5.4  996 282 11.9 6  4.6  79    9  130 286 -342  0
4218500 2850500 11  1 14   4.3  996 291 11.9 7  4.3  79    0   75 288 -341  0
4218500 2850500 11  1 15   3.3  998 292 10.7 7  4.2  83    5   81 290 -338  0
4218500 2850500 11  1 16   3.1 1000 301  9.5 8  4.2  86   10   46 293 -335  0
4218500 2850500 11  1 17   2.8 1002 302  8.8 8  4.1  86    0    0 296 -332  0
4218500 2850500 11  1 18   2.5 1003 302  8.6 8  4.0  86    0    0 294 -329  0
4218500 2850500 11  1 19   2.0 1005 301  7.2 7  3.9  87    0    0 287 -325  0
4218500 2850500 11  1 20   1.7 1006 300  7.4 7  3.8  86    0    0 279 -320  0
4218500 2850500 11  1 21   1.1 1007 294  7.1 5  3.7  87    0    0 268 -316  0
4218500 2850500 11  1 22   0.9 1008 302  6.9 4  3.6  88    0    0 253 -314  0
4218500 2850500 11  1 23   0.7 1009 304  5.9 4  3.4  84    0    0 244 -313  0
4218500 2850500 11  1 24   0.4 1011 303  6.2 4  3.2  81    0    0 241 -311  0
4218500 2850500 11  2  1  -0.2 1012 304  6.1 2  3.2  83    0    0 231 -308  0
4218500 2850500 11  2  2  -0.5 1013 302  6.1 2  3.2  85    0    0 222 -308  0
4218500 2850500 11  2  3  -0.7 1014 297  5.8 1  3.1  86    0    0 216 -308  0
4218500 2850500 11  2  4  -0.8 1014 291  5.8 1  3.1  87    0    0 212 -307  0
4218500 2850500 11  2  5  -1.2 1015 290  5.3 1  3.1  88    0    0 210 -307  0
4218500 2850500 11  2  6  -1.4 1015 289  5.3 0  3.1  89    0    0 205 -307  0
4218500 2850500 11  2  7  -1.6 1015 281  4.9 1  3.0  88    0    0 203 -306  0
4218500 2850500 11  2  8  -1.3 1016 292  5.3 1  3.0  89   16   14 206 -305  0
4218500 2850500 11  2  9  -0.1 1017 302  6.5 1  3.0  84  107   41 208 -306  0
4218500 2850500 11  2 10   1.3 1017 300  5.9 1  2.9  74  198   56 210 -309  0
4218500 2850500 11  2 11   2.8 1018 303  5.6 1  2.9  67  280   57 213 -313  0
4218500 2850500 11  2 12   3.6 1018 294  5.5 1  2.9  62  309   62 214 -319  0
4218500 2850500 11  2 13   4.4 1018 297  5.0 2  3.0  59  288   70 217 -327  0
4218500 2850500 11  2 14   4.6 1018 304  4.9 2  3.0  58  227   75 222 -332  0
4218500 2850500 11  2 15   4.8 1017 302  3.9 4  3.0  58  125   77 230 -333  0
4218500 2850500 11  2 16   4.5 1017 290  3.9 3  3.0  57   29   46 233 -330  0
4218500 2850500 11  2 17   2.7 1017 297  3.3 2  2.9  60    0    0 223 -324  0
4218500 2850500 11  2 18   2.3 1017 290  4.0 2  3.1  69    0    0 219 -318  0
4218500 2850500 11  2 19   1.1 1017 293  3.4 2  3.4  80    0    0 219 -315  0
4218500 2850500 11  2 20   0.5 1017 291  3.5 2  3.5  88    0    0 218 -314  0
4218500 2850500 11  2 21   0.7 1017 333  2.1 4  3.6  91    0    0 226 -313  0
4218500 2850500 11  2 22   0.3 1017 312  1.8 6  3.6  93    0    0 242 -311  0
4218500 2850500 11  2 23  -0.3 1017 303  2.5 5  3.6  95    0    0 246 -311  0
4218500 2850500 11  2 24  -0.2 1017 295  3.0 4  3.6  96    0    0 239 -310  0
4218500 2850500 11  3  1  -0.5 1017 304  3.6 2  3.6  96    0    0 226 -308  0
4218500 2850500 11  3  2  -0.7 1018 313  3.7 2  3.5  97    0    0 217 -308  0
4218500 2850500 11  3  3  -1.2 1018 314  3.5 1  3.4  98    0    0 211 -307  0
4218500 2850500 11  3  4  -1.5 1018 323  3.1 1  3.3  98    0    0 206 -306  0
4218500 2850500 11  3  5  -1.5 1018 306  3.4 1  3.3  98    0    0 206 -305  0
4218500 2850500 11  3  6  -1.9 1019 313  3.5 1  3.2  98    0    0 205 -303  0
4218500 2850500 11  3  7  -2.0 1019 314  3.4 1  3.2  98    0    0 205 -302  0
4218500 2850500 11  3  8  -2.1 1020 302  3.5 1  3.2  98   17   10 205 -301  0
4218500 2850500 11  3  9  -0.4 1020 306  3.6 0  3.3  96  113   31 203 -302  0
4218500 2850500 11  3 10   1.5 1021 324  3.6 1  3.5  89  214   43 208 -305  0
4218500 2850500 11  3 11   2.9 1021 334  4.4 1  3.3  75  273   56 216 -310  0
4218500 2850500 11  3 12   3.4 1021 336  4.0 3  3.0  65  240   81 225 -317  0
4218500 2850500 11  3 13   3.5 1022 338  4.2 4  2.9  61  142  126 237 -323  0
4218500 2850500 11  3 14   3.7 1022 317  5.2 3  2.8  58  134  105 238 -328  0
4218500 2850500 11  3 15   4.1 1021 328  4.2 3  2.9  58  114   73 236 -331  0
4218500 2850500 11  3 16   3.8 1022 298  2.9 2  2.9  58   33   43 234 -327  0
4218500 2850500 11  3 17   1.5 1022 295  2.7 1  2.8  62    0    0 223 -320  0
4218500 2850500 11  3 18   0.9 1022 292  2.9 1  2.9  70    0    0 217 -314  0
4218500 2850500 11  3 19   0.7 1022 303  2.9 3  3.1  77    0    0 223 -312  0
4218500 2850500 11  3 20  -0.1 1022 294  2.7 4  3.2  82    0    0 233 -310  0
4218500 2850500 11  3 21  -1.4 1023 278  2.7 3  3.2  89    0    0 230 -309  0
4218500 2850500 11  3 22  -0.9 1023 255  2.6 2  3.2  92    0    0 223 -310  0
4218500 2850500 11  3 23  -2.2 1023 258  2.2 3  3.1  93    0    0 223 -309  0
4218500 2850500 11  3 24  -2.1 1022 234  2.2 6  3.1  96    0    0 237 -308  0
4218500 2850500 11  4  1  -1.7 1022 220  2.4 5  3.1  95    0    0 246 -307  0
4218500 2850500 11  4  2  -2.0 1022 244  2.2 5  3.2  97    0    0 243 -307  0
4218500 2850500 11  4  3  -2.5 1021 241  2.0 5  3.2 100    0    0 242 -308  0
4218500 2850500 11  4  4  -1.1 1021 248  2.3 6  3.2  98    0    0 249 -310  0
4218500 2850500 11  4  5  -0.6 1021 231  3.1 6  3.4  97    0    0 257 -311  0
4218500 2850500 11  4  6   0.9 1020 267  3.7 7  3.7  97    0    0 265 -313  0
4218500 2850500 11  4  7   1.8 1020 261  4.2 8  4.0  97    0    0 280 -314  0
4218500 2850500 11  4  8   2.2 1020 251  4.1 8  4.2  97    0    9 289 -316  0
4218500 2850500 11  4  9   3.1 1019 272  5.2 8  4.5  98    2   48 294 -319  0
4218500 2850500 11  4 10   4.1 1019 274  5.5 7  4.8  98    0   69 294 -325  0
4218500 2850500 11  4 11   5.4 1019 284  5.7 8  5.2  98    0   68 300 -333  0
4218500 2850500 11  4 12   7.1 1019 282  6.1 8  5.6  96    0  105 312 -341  0
4218500 2850500 11  4 13   8.1 1018 291  6.1 7  5.8  90    1  113 313 -347  0
4218500 2850500 11  4 14   8.3 1017 282  6.6 6  5.8  87    0   81 307 -350  0
4218500 2850500 11  4 15   8.3 1017 287  5.8 7  5.9  88    0   42 311 -351  0
4218500 2850500 11  4 16   8.5 1017 279  6.2 8  5.9  87    0   19 323 -351  0
4218500 2850500 11  4 17   8.5 1016 271  5.9 8  5.9  85    0    0 329 -348  0
4218500 2850500 11  4 18   8.6 1016 281  6.8 7  5.9  85    0    0 325 -344  0
4218500 2850500 11  4 19   8.7 1016 281  6.2 7  5.8  84    0    0 321 -343  0
4218500 2850500 11  4 20   7.9 1016 271  5.9 8  6.1  89    0    0 325 -344  0
4218500 2850500 11  4 21   8.0 1015 278  6.4 8  6.4  96    0    0 330 -345  0
4218500 2850500 11  4 22   8.2 1015 281  7.1 8  6.5  96    0    0 331 -344  0
4218500 2850500 11  4 23   8.5 1015 282  6.0 8  6.5  96    0    0 332 -344  0
4218500 2850500 11  4 24   8.5 1014 283  6.4 8  6.5  95    0    0 332 -345  0
4218500 2850500 11  5  1   8.8 1014 283  6.6 8  6.5  93    0    0 333 -346  0
4218500 2850500 11  5  2   8.9 1014 288  6.3 8  6.5  92    0    0 333 -346  0
4218500 2850500 11  5  3   8.9 1013 280  6.8 8  6.4  91    0    0 333 -345  0
4218500 2850500 11  5  4   9.1 1013 289  7.1 8  6.4  90    0    0 335 -344  0
4218500 2850500 11  5  5   9.1 1012 281  7.2 8  6.5  90    0    0 336 -343  0
4218500 2850500 11  5  6   8.8 1012 280  7.4 8  6.5  91    0    0 337 -343  0
4218500 2850500 11  5  7   8.9 1011 281  7.7 8  6.6  93    0    0 338 -344  0
4218500 2850500 11  5  8   9.0 1012 272  7.7 8  6.7  93    0    3 341 -345  0
4218500 2850500 11  5  9   9.2 1012 271  7.4 8  6.8  94    0   17 343 -346  0
4218500 2850500 11  5 10   9.8 1011 281  8.6 7  6.7  91    0   39 340 -348  0
4218500 2850500 11  5 11   9.9 1011 280  8.4 8  6.7  89    0   49 341 -351  0
4218500 2850500 11  5 12   9.7 1010 282  8.4 7  7.0  92    0   56 342 -353  0
4218500 2850500 11  5 13  10.0 1010 281  8.1 7  7.3  96    0   56 340 -354  0
4218500 2850500 11  5 14  10.2 1009 290  8.4 7  7.5  97    0   54 340 -355  0
4218500 2850500 11  5 15  10.4 1009 282  7.6 7  7.8  99    0   48 341 -355  0
4218500 2850500 11  5 16  10.5 1009 291  7.6 8  7.9 100    0   24 344 -355  0
4218500 2850500 11  5 17  10.8 1010 292  7.9 8  7.9  98    0    0 346 -357  0
4218500 2850500 11  5 18  10.9 1010 297  8.7 8  8.0  98    0    0 346 -359  0
4218500 2850500 11  5 19  11.2 1011 300  8.2 8  7.9  96    0    0 345 -361  0
4218500 2850500 11  5 20  11.3 1011 291  7.6 8  7.7  93    0    0 344 -361  0
4218500 2850500 11  5 21  11.2 1012 292  7.5 8  7.6  91    0    0 344 -359  0
4218500 2850500 11  5 22  11.3 1012 291  7.4 8  7.5  90    0    0 345 -357  0
4218500 2850500 11  5 23  11.1 1013 282  6.7 8  7.4  89    0    0 347 -357  0
4218500 2850500 11  5 24  11.1 1013 290  7.5 8  7.2  87    0    0 348 -358  0
4218500 2850500 11  6  1  11.1 1013 280  7.2 8  7.0  85    0    0 349 -359  0
4218500 2850500 11  6  2  11.1 1013 281  7.1 8  7.0  85    0    0 349 -359  0
4218500 2850500 11  6  3  11.1 1013 280  7.7 8  6.9  83    0    0 349 -359  0
4218500 2850500 11  6  4  10.9 1013 278  7.1 8  6.9  84    0    0 348 -360  0
4218500 2850500 11  6  5  11.0 1014 279  6.7 8  6.9  84    0    0 348 -361  0
4218500 2850500 11  6  6  10.9 1014 280  5.8 8  6.8  83    0    0 347 -362  0
4218500 2850500 11  6  7  10.9 1014 279  5.8 8  6.8  83    0    0 347 -363  0
4218500 2850500 11  6  8  10.9 1014 282  7.1 8  6.8  83    0    8 346 -364  0
4218500 2850500 11  6  9  11.0 1014 279  7.1 7  6.8  83    0   34 339 -364  0
4218500 2850500 11  6 10  11.4 1014 281  7.6 7  6.8  82    3   82 333 -366  0
4218500 2850500 11  6 11  11.9 1014 281  8.2 7  6.9  80   17  132 334 -368  0
4218500 2850500 11  6 12  12.3 1014 293  8.2 7  6.9  78    5  126 335 -370  0
4218500 2850500 11  6 13  13.3 1015 279  8.2 6  6.9  75   17  145 330 -371  0
4218500 2850500 11  6 14  13.5 1014 296  8.1 6  6.8  71    6  113 326 -373  0
4218500 2850500 11  6 15  13.2 1015 281  7.4 7  6.6  70    0   69 331 -373  0
4218500 2850500 11  6 16  12.8 1015 279  7.7 7  6.7  71    0   34 336 -371  0
4218500 2850500 11  6 17  12.5 1015 281  8.1 7  6.7  73    0    0 335 -369  0
4218500 2850500 11  6 18  11.5 1015 281  6.6 6  6.7  76    0    0 328 -365  0
4218500 2850500 11  6 19  11.1 1015 282  6.5 5  6.7  80    0    0 316 -361  0
4218500 2850500 11  6 20  10.6 1016 281  6.1 4  6.7  82    0    0 305 -356  0
4218500 2850500 11  6 21  10.5 1016 281  6.1 4  6.6  84    0    0 298 -352  0
4218500 2850500 11  6 22  10.3 1016 278  5.4 5  6.6  84    0    0 301 -350  0
4218500 2850500 11  6 23  10.1 1016 278  5.4 5  6.5  84    0    0 302 -348  0
4218500 2850500 11  6 24  10.4 1016 270  5.2 6  6.4  83    0    0 304 -346  0
4218500 2850500 11  7  1  10.1 1016 270  5.2 6  6.3  81    0    0 307 -344  0
4218500 2850500 11  7  2   9.4 1016 269  5.2 3  6.1  82    0    0 290 -342  0
4218500 2850500 11  7  3   9.1 1016 260  4.5 1  6.0  83    0    0 267 -340  0
4218500 2850500 11  7  4   8.8 1016 268  4.7 3  6.0  84    0    0 267 -339  0
4218500 2850500 11  7  5   9.0 1016 260  5.1 5  6.1  86    0    0 279 -338  0
4218500 2850500 11  7  6   9.4 1016 269  5.1 6  6.1  85    0    0 288 -337  0
4218500 2850500 11  7  7   9.5 1016 260  4.8 8  6.1  82    0    0 295 -335  0
4218500 2850500 11  7  8   9.5 1016 251  4.6 8  6.0  81    2   12 299 -334  0
4218500 2850500 11  7  9  10.1 1016 258  5.2 6  5.9  78    8   51 294 -335  0
4218500 2850500 11  7 10  10.2 1016 268  5.3 7  5.8  75    0   71 290 -340  0
4218500 2850500 11  7 11  10.4 1016 259  4.6 8  5.7  74    0   58 296 -349  0
4218500 2850500 11  7 12  10.6 1017 263  5.5 7  5.7  73    0   93 299 -360  0
4218500 2850500 11  7 13  11.0 1017 275  6.0 7  5.6  70    2  110 299 -369  0
4218500 2850500 11  7 14  10.4 1016 256  5.8 7  5.5  69   18  121 298 -375  0
4218500 2850500 11  7 15  10.2 1016 255  5.6 5  5.4  70   45  100 292 -376  0
4218500 2850500 11  7 16   9.4 1015 257  4.1 6  5.4  71   16   48 288 -373  0
4218500 2850500 11  7 17   8.2 1014 257  3.3 6  5.3  75    0    0 287 -368  0
4218500 2850500 11  7 18   7.6 1014 259  2.8 5  5.4  81    0    0 281 -361  0
4218500 2850500 11  7 19   6.3 1015 260  2.9 4  5.4  87    0    0 272 -358  0
4218500 2850500 11  7 20   5.9 1015 268  3.0 4  5.3  91    0    0 264 -356  0
4218500 2850500 11  7 21   5.5 1015 254  2.5 5  5.3  93    0    0 264 -354  0
4218500 2850500 11  7 22   4.7 1015 235  2.0 6  5.2  95    0    0 268 -355  0
4218500 2850500 11  7 23   3.7 1015 221  2.0 5  5.0  97    0    0 265 -356  0
4218500 2850500 11  7 24   4.0 1015 209  2.5 5  4.9  99    0    0 260 -356  0
4218500 2850500 11  8  1   4.3 1014 199  2.8 5  5.0  99    0    0 261 -357  0
4218500 2850500 11  8  2   4.4 1014 195  2.2 6  5.1  98    0    0 265 -356  0
4218500 2850500 11  8  3   4.1 1014 186  2.0 7  5.0  97    0    0 271 -356  0
4218500 2850500 11  8  4   3.8 1014 178  2.6 7  4.9  98    0    0 277 -356  0
4218500 2850500 11  8  5   4.2 1013 189  2.8 7  5.0  98    0    0 282 -355  0
4218500 2850500 11  8  6   4.1 1013 199  2.1 7  4.9  96    0    0 288 -354  0
4218500 2850500 11  8  7   3.8 1012 179  2.2 8  4.8  95    0    0 295 -354  0
4218500 2850500 11  8  8   4.1 1012 209  2.1 7  4.8  95    4   11 299 -353  0
4218500 2850500 11  8  9   4.2 1012 212  3.4 5  4.8  94   61   46 293 -354  0
4218500 2850500 11  8 10   6.8 1012 249  3.1 4  5.0  89  146   72 288 -359  0
4218500 2850500 11  8 11   9.4 1011 268  4.4 3  5.1  76  191   98 291 -364  0
4218500 2850500 11  8 12  10.4 1013 260  5.6 2  5.1  67  222  109 293 -366  0
4218500 2850500 11  8 13  11.4 1012 261  5.3 1  5.0  62  208  115 291 -368  0
4218500 2850500 11  8 14  12.1 1012 265  5.4 1  5.0  58  151  114 291 -371  0
4218500 2850500 11  8 15  11.7 1011 268  5.6 2  4.8  56   80   90 297 -376  0
4218500 2850500 11  8 16  10.9 1011 274  4.0 2  4.7  56   15   44 299 -378  0
4218500 2850500 11  8 17   8.3 1011 268  3.6 2  4.7  63    0    0 292 -378  0
4218500 2850500 11  8 18   7.8 1010 271  2.9 3  4.8  71    0    0 287 -375  0
4218500 2850500 11  8 19   5.9 1010 285  3.6 5  4.9  80    0    0 295 -373  0
4218500 2850500 11  8 20   6.1 1010 250  3.5 5  5.1  87    0    0 301 -373  0
4218500 2850500 11  8 21   7.1 1010 231  4.4 6  5.3  86    0    0 308 -374  0
4218500 2850500 11  8 22   6.5 1009 220  5.2 7  5.3  86    0    0 321 -374  0
4218500 2850500 11  8 23   8.0 1009 221  5.9 7  5.4  84    0    0 328 -375  0
4218500 2850500 11  8 24   8.5 1009 239  5.9 8  5.8  85    0    0 338 -375  0
4218500 2850500 11  9  1   9.5 1009 236  6.6 8  6.4  88    0    0 348 -374  0
4218500 2850500 11  9  2  11.1 1009 255  6.9 8  6.7  85    0    0 352 -372  0
4218500 2850500 11  9  3  11.6 1008 251  6.8 8  7.0  83    0    0 357 -371  0
4218500 2850500 11  9  4  11.4 1008 252  7.2 7  7.3  85    0    0 351 -369  0
4218500 2850500 11  9  5  11.3 1008 250  7.4 6  7.3  86    0    0 335 -366  0
4218500 2850500 11  9  6  11.1 1007 263  6.6 6  7.2  86    0    0 326 -362  0
4218500 2850500 11  9  7  10.3 1007 271  8.0 7  6.8  85    0    0 327 -358  0
4218500 2850500 11  9  8   9.9 1008 283  6.9 7  6.4  83    1   10 331 -353  0
4218500 2850500 11  9  9  10.0 1009 281  7.3 4  6.1  80   65   36 309 -350  0
4218500 2850500 11  9 10  10.2 1010 285  7.3 4  6.0  78   71   86 291 -351  0
4218500 2850500 11  9 11  10.6 1011 279  7.8 6  5.9  75   16  115 304 -354  0
4218500 2850500 11  9 12  10.1 1011 279  8.3 7  5.6  72    0   92 321 -358  0
4218500 2850500 11  9 13  10.1 1011 283  8.9 7  5.5  71    4  107 323 -362  0
4218500 2850500 11  9 14   9.8 1012 290  8.7 8  5.4  70    2   88 324 -363  0
4218500 2850500 11  9 15   9.6 1012 290  9.0 5  5.1  68   15   80 311 -362  0
4218500 2850500 11  9 16   8.6 1011 282  7.4 5  4.9  68   21   41 295 -357  0
4218500 2850500 11  9 17   5.2 1012 291  6.4 4  4.8  78    0    0 285 -350  0
4218500 2850500 11  9 18   6.0 1013 279  6.4 2  4.9  87    0    0 267 -344  0
4218500 2850500 11  9 19   6.3 1014 273  6.5 3  5.0  85    0    0 261 -341  0
4218500 2850500 11  9 20   6.4 1015 272  6.4 3  5.0  83    0    0 265 -339  0
4218500 2850500 11  9 21   6.4 1015 281  7.0 5  4.9  82    0    0 274 -337  0
4218500 2850500 11  9 22   6.4 1015 281  7.5 5  4.9  82    0    0 285 -335  0
4218500 2850500 11  9 23   6.6 1015 282  8.1 6  5.0  83    0    0 290 -333  0
4218500 2850500 11  9 24   6.3 1016 304  7.2 7  5.1  86    0    0 301 -331  0
4218500 2850500 11 10  1   5.9 1017 294  6.0 5  5.1  87    0    0 294 -328  0
4218500 2850500 11 10  2   5.5 1018 291  5.7 3  5.0  88    0    0 270 -326  0
4218500 2850500 11 10  3   5.5 1019 291  5.8 2  5.0  89    0    0 253 -324  0
4218500 2850500 11 10  4   5.5 1020 291  4.8 3  5.0  90    0    0 252 -322  0
4218500 2850500 11 10  5   5.8 1021 300  4.2 5  5.0  89    0    0 266 -321  0
4218500 2850500 11 10  6   5.1 1022 292  4.0 5  5.0  89    0    0 275 -318  0
4218500 2850500 11 10  7   4.7 1023 292  4.0 4  4.9  93    0    0 268 -316  0
4218500 2850500 11 10  8   4.1 1024 282  3.6 3  4.9  95    1   10 255 -315  0
4218500 2850500 11 10  9   4.6 1025 283  3.9 3  4.9  96   40   46 247 -315  0
4218500 2850500 11 10 10   5.5 1026 291  4.2 3  5.0  93   96   84 247 -318  0
4218500 2850500 11 10 11   7.1 1026 282  3.5 3  5.2  88  189   92 248 -324  0
4218500 2850500 11 10 12   8.0 1026 284  5.4 3  5.3  83  189  114 251 -331  0
4218500 2850500 11 10 13   8.9 1027 285  5.4 3  5.1  76  196  109 251 -337  0
4218500 2850500 11 10 14   8.9 1027 283  5.0 2  4.9  70  116  112 246 -340  0
4218500 2850500 11 10 15   9.1 1026 290  4.5 6  4.8  68   28   85 256 -339  0
4218500 2850500 11 10 16   8.5 1026 282  4.6 6  4.8  68    2   36 268 -334  0
4218500 2850500 11 10 17   7.6 1026 280  3.6 6  4.7  71    0    0 263 -327  0
4218500 2850500 11 10 18   7.0 1026 262  3.3 6  4.8  76    0    0 260 -323  0
4218500 2850500 11 10 19   6.3 1026 262  3.3 6  4.8  80    0    0 259 -321  0
4218500 2850500 11 10 20   5.9 1026 249  3.1 6  4.7  82    0    0 259 -320  0
4218500 2850500 11 10 21   5.4 1025 232  2.9 6  4.7  83    0    0 258 -320  0
4218500 2850500 11 10 22   4.9 1024 239  3.0 6  4.6  85    0    0 260 -320  0
4218500 2850500 11 10 23   4.6 1024 211  2.5 7  4.6  88    0    0 266 -321  0
4218500 2850500 11 10 24   3.9 1023 201  2.7 7  4.6  91    0    0 272 -320  0
4218500 2850500 11 11  1   4.3 1022 192  3.4 8  4.7  92    0    0 280 -321  0
4218500 2850500 11 11  2   4.3 1021 184  3.7 8  4.7  92    0    0 288 -322  0
4218500 2850500 11 11  3   4.4 1019 184  4.5 7  4.6  90    0    0 288 -322  0
4218500 2850500 11 11  4   4.4 1018 183  4.6 8  4.5  88    0    0 291 -322  0
4218500 2850500 11 11  5   4.5 1016 193  4.8 8  4.5  86    0    0 300 -323  0
4218500 2850500 11 11  6   4.7 1014 194  4.7 8  4.4  84    0    0 305 -324  0
4218500 2850500 11 11  7   4.9 1012 191  5.0 8  4.3  80    0    0 309 -326  0
4218500 2850500 11 11  8   5.1 1011 188  5.2 8  4.1  76    0    3 312 -327  0
4218500 2850500 11 11  9   5.2 1010 190  5.0 8  4.1  75    0   18 314 -330  0
4218500 2850500 11 11 10   5.9 1008 192  5.2 8  4.1  73    0   32 318 -333  0
4218500 2850500 11 11 11   6.4 1007 197  5.6 8  4.1  70    0   43 322 -337  0
4218500 2850500 11 11 12   5.0 1005 222  5.0 8  4.6  80    0   45 325 -339  0
4218500 2850500 11 11 13   5.1 1004 215  5.7 8  5.1  93    0   48 327 -338  0
4218500 2850500 11 11 14   5.5 1003 233  6.0 7  5.3  94    0   39 322 -336  0
4218500 2850500 11 11 15   5.9 1002 238  5.6 7  5.6  97    0   29 315 -337  0
4218500 2850500 11 11 16   6.9 1002 246  5.8 8  5.9  98    0   28 326 -340  0
4218500 2850500 11 11 17   7.6 1002 255  6.2 8  6.3  98    0    0 337 -343  0
4218500 2850500 11 11 18   8.1 1002 250  6.2 8  6.5  97    0    0 338 -346  0
4218500 2850500 11 11 19   8.1 1002 248  5.6 7  6.4  94    0    0 330 -348  0
4218500 2850500 11 11 20   8.2 1002 249  5.8 7  6.2  92    0    0 318 -348  0
4218500 2850500 11 11 21   8.1 1001 240  5.6 7  6.1  89    0    0 314 -345  0
4218500 2850500 11 11 22   7.6 1001 233  5.6 7  6.0  89    0    0 313 -342  0
4218500 2850500 11 11 23   8.1 1000 230  6.4 7  6.0  89    0    0 315 -341  0
4218500 2850500 11 11 24   8.5  999 241  7.5 7  5.7  82    0    0 317 -342  0
4218500 2850500 11 12  1   7.4  998 250  7.9 8  5.6  82    0    0 322 -342  0
4218500 2850500 11 12  2   7.4  997 271  7.5 7  5.6  86    0    0 320 -342  0
4218500 2850500 11 12  3   6.7  997 273  6.6 5  5.5  86    0    0 300 -342  0
4218500 2850500 11 12  4   6.8  997 273  6.2 6  5.3  86    0    0 292 -341  0
4218500 2850500 11 12  5   6.3  997 276  6.4 6  5.1  83    0    0 296 -341  0
4218500 2850500 11 12  6   5.7  998 268  6.2 4  4.9  84    0    0 284 -340  0
4218500 2850500 11 12  7   5.9  998 271  5.4 5  5.0  85    0    0 276 -340  0
4218500 2850500 11 12  8   6.2  998 265  6.4 7  5.0  85    0    0 293 -339  0
4218500 2850500 11 12  9   6.4  998 269  7.4 7  5.1  84   28   40 308 -339  0
4218500 2850500 11 12 10   6.8  998 268  7.5 5  5.1  82   46   82 295 -340  0
4218500 2850500 11 12 11   6.7  999 275  6.3 7  5.2  84    0   67 293 -342  0
4218500 2850500 11 12 12   6.9  999 271  7.7 8  5.2  83    0   57 313 -343  0
4218500 2850500 11 12 13   7.0  998 280  7.4 7  5.1  82    0   58 312 -344  0
4218500 2850500 11 12 14   7.2  998 276  7.7 6  5.2  81    2   83 298 -346  0
4218500 2850500 11 12 15   7.1  998 287  7.6 6  5.0  78   11   73 293 -345  0
4218500 2850500 11 12 16   6.9  999 278  7.8 7  4.8  76    0   16 298 -343  0
4218500 2850500 11 12 17   6.8  999 272  7.1 6  4.7  76    0    0 297 -341  0
4218500 2850500 11 12 18   6.0 1000 271  6.9 6  4.8  79    0    0 292 -339  0
4218500 2850500 11 12 19   6.0 1000 271  7.4 6  4.8  81    0    0 290 -338  0
4218500 2850500 11 12 20   6.2 1000 281  7.6 6  4.7  80    0    0 289 -338  0
4218500 2850500 11 12 21   6.3 1000 283  8.4 7  4.7  78    0    0 297 -338  0
4218500 2850500 11 12 22   5.7 1000 291  7.7 8  4.8  82    0    0 307 -337  0
4218500 2850500 11 12 23   5.5 1001 291  6.5 8  5.0  88    0    0 313 -337  0
4218500 2850500 11 12 24   5.1 1001 280  6.5 7  5.1  91    0    0 306 -336  0
4218500 2850500 11 13  1   5.1 1002 281  6.5 6  5.1  92    0    0 293 -335  0
4218500 2850500 11 13  2   5.3 1002 280  6.5 7  5.1  91    0    0 292 -332  0
4218500 2850500 11 13  3   5.3 1003 281  5.8 7  5.0  89    0    0 298 -329  0
4218500 2850500 11 13  4   4.8 1003 272  4.8 6  4.8  87    0    0 291 -327  0
4218500 2850500 11 13  5   5.1 1003 271  5.5 6  4.6  85    0    0 286 -325  0
4218500 2850500 11 13  6   4.9 1003 270  5.3 7  4.5  83    0    0 294 -325  0
4218500 2850500 11 13  7   4.8 1004 260  4.6 7  4.6  84    0    0 302 -326  0
4218500 2850500 11 13  8   5.0 1003 249  4.2 7  4.7  87    1   11 304 -327  0
4218500 2850500 11 13  9   5.4 1003 221  4.5 7  4.9  88    8   48 307 -330  0
4218500 2850500 11 13 10   5.8 1002 215  4.5 7  4.9  87    1   64 311 -334  0
4218500 2850500 11 13 11   6.2 1002 213  4.7 8  5.0  86    0   41 319 -337  0
4218500 2850500 11 13 12   6.3 1001 204  5.7 8  5.3  88    0   45 327 -340  0
4218500 2850500 11 13 13   6.6 1000 211  5.9 8  5.6  92    0   37 330 -342  0
4218500 2850500 11 13 14   6.7  999 201  6.0 7  5.9  95    0   41 327 -345  0
4218500 2850500 11 13 15   6.7  997 201  6.3 7  6.1  98    0   37 322 -347  0
4218500 2850500 11 13 16   7.1  996 212  6.8 8  6.2  99    0   15 331 -350  0
4218500 2850500 11 13 17   7.6  995 220  6.8 8  6.4  99    0    0 341 -354  0
4218500 2850500 11 13 18   8.4  994 221  6.7 8  6.7  98    0    0 343 -358  0
4218500 2850500 11 13 19   9.5  993 265  7.8 8  7.1  97    0    0 347 -359  0
4218500 2850500 11 13 20   9.8  994 250  6.4 8  7.4  96    0    0 349 -360  0
4218500 2850500 11 13 21   9.8  994 261  6.3 7  7.4  96    0    0 343 -361  0
4218500 2850500 11 13 22   9.8  995 279  7.0 6  7.2  93    0    0 326 -360  0
4218500 2850500 11 13 23   9.7  996 271  6.4 6  6.9  90    0    0 318 -359  0
4218500 2850500 11 13 24   9.6  997 267  5.8 6  6.7  88    0    0 316 -356  0
4218500 2850500 11 14  1   9.4  998 252  5.9 7  6.7  89    0    0 323 -355  0
4218500 2850500 11 14  2   8.9  999 260  5.3 6  6.7  91    0    0 321 -355  0
4218500 2850500 11 14  3   8.9  999 258  5.6 5  6.5  91    0    0 304 -355  0
4218500 2850500 11 14  4   8.8 1000 250  5.5 5  6.4  90    0    0 296 -355  0
4218500 2850500 11 14  5   9.0 1000 258  5.4 6  6.3  88    0    0 304 -354  0
4218500 2850500 11 14  6   8.9 1000 241  4.4 6  6.3  87    0    0 312 -353  0
4218500 2850500 11 14  7   8.5 1001 230  4.9 7  6.3  88    0    0 318 -352  0
4218500 2850500 11 14  8   9.1 1001 240  4.4 7  6.3  88    0    6 327 -353  0
4218500 2850500 11 14  9   9.7 1001 237  4.2 7  6.4  86   14   46 330 -355  0
4218500 2850500 11 14 10  10.5 1001 239  5.2 6  6.5  83   22   94 327 -357  0
4218500 2850500 11 14 11  10.8 1001 240  5.2 6  6.5  80    8  106 324 -359  0
4218500 2850500 11 14 12  11.4 1002 251  5.0 6  6.6  79    9  122 327 -362  0
4218500 2850500 11 14 13  11.9 1002 247  4.7 7  6.6  77    1   96 336 -364  0
4218500 2850500 11 14 14  11.7 1002 250  5.2 7  6.5  75    0   69 343 -367  0
4218500 2850500 11 14 15  12.1 1002 252  5.4 7  6.4  73    0   39 343 -368  0
4218500 2850500 11 14 16  11.8 1003 251  4.9 7  6.3  72    0   19 344 -366  0
4218500 2850500 11 14 17  11.4 1003 231  3.9 7  6.4  75    0    0 343 -364  0
4218500 2850500 11 14 18  11.5 1004 229  4.4 8  6.6  78    0    0 349 -365  0
4218500 2850500 11 14 19  11.9 1004 241  4.0 7  6.6  77    0    0 351 -366  0
4218500 2850500 11 14 20  11.8 1005 239  3.6 7  6.7  76    0    0 347 -367  0
4218500 2850500 11 14 21  11.0 1005 230  3.4 6  6.7  79    0    0 342 -368  0
4218500 2850500 11 14 22  10.4 1006 228  3.3 5  6.6  82    0    0 331 -370  0
4218500 2850500 11 14 23  10.6 1006 229  3.7 7  6.7  84    0    0 335 -370  0
4218500 2850500 11 14 24  10.8 1006 218  3.2 7  6.7  83    0    0 345 -369  0
4218500 2850500 11 15  1  10.8 1006 208  3.5 8  6.8  84    0    0 350 -368  0
4218500 2850500 11 15  2  11.3 1006 208  4.2 8  7.3  88    0    0 354 -367  0
4218500 2850500 11 15  3  11.4 1006 202  3.7 8  7.9  94    0    0 355 -367  0
4218500 2850500 11 15  4  11.9 1006 218  4.8 8  8.4  97    0    0 356 -366  0
4218500 2850500 11 15  5  12.2 1006 230  5.0 8  8.5  96    0    0 357 -365  0
4218500 2850500 11 15  6  12.0 1006 220  4.7 7  8.5  95    0    0 350 -364  0
4218500 2850500 11 15  7  12.1 1007 222  5.4 7  8.3  93    0    0 344 -363  0
4218500 2850500 11 15  8  12.0 1007 222  5.1 7  8.1  91    3    8 343 -361  0
4218500 2850500 11 15  9  12.2 1007 230  5.1 4  7.9  89   54   35 329 -361  0
4218500 2850500 11 15 10  13.3 1008 241  5.9 2  7.7  83  108   60 310 -362  0
4218500 2850500 11 15 11  13.6 1009 233  5.3 3  7.4  76   63  110 308 -364  0
4218500 2850500 11 15 12  14.5 1009 242  5.0 4  7.3  72   94  126 314 -369  0
4218500 2850500 11 15 13  15.3 1009 242  5.5 2  7.2  68  176   96 312 -373  0
4218500 2850500 11 15 14  15.5 1009 245  5.4 2  7.2  66  137   90 306 -376  0
4218500 2850500 11 15 15  14.7 1009 214  4.6 3  7.2  67   77   71 308 -375  0
4218500 2850500 11 15 16  13.9 1008 210  3.5 3  7.2  71    2   28 309 -372  0
4218500 2850500 11 15 17  12.8 1008 209  3.5 3  7.3  76    0    0 305 -367  0
4218500 2850500 11 15 18  11.3 1008 188  3.6 1  7.3  83    0    0 295 -365  0
4218500 2850500 11 15 19  10.7 1008 181  3.5 1  7.3  88    0    0 283 -364  0
4218500 2850500 11 15 20  10.2 1008 179  3.5 0  7.1  90    0    0 276 -363  0
4218500 2850500 11 15 21   9.4 1008 170  3.7 0  6.9  91    0    0 267 -362  0
4218500 2850500 11 15 22   9.6 1008 170  3.6 1  6.8  92    0    0 266 -361  0
4218500 2850500 11 15 23   9.2 1007 179  3.5 1  6.8  92    0    0 266 -360  0
4218500 2850500 11 15 24   8.7 1007 179  3.4 0  6.7  93    0    0 259 -359  0
4218500 2850500 11 16  1   8.2 1007 182  3.5 1  6.5  94    0    0 256 -356  0
4218500 2850500 11 16  2   8.6 1006 183  3.4 3  6.5  94    0    0 268 -355  0
4218500 2850500 11 16  3   8.8 1006 182  3.5 4  6.6  93    0    0 278 -355  0
4218500 2850500 11 16  4   8.4 1006 178  3.4 1  6.6  93    0    0 272 -355  0
4218500 2850500 11 16  5   8.0 1005 178  3.4 1  6.6  96    0    0 261 -355  0
4218500 2850500 11 16  6   8.2 1005 180  3.5 1  6.6  97    0    0 260 -355  0
4218500 2850500 11 16  7   8.0 1004 190  3.6 1  6.6  97    0    0 261 -355  0
4218500 2850500 11 16  8   7.4 1004 197  3.0 2  6.4  97    1    7 263 -355  0
4218500 2850500 11 16  9   9.9 1004 193  3.6 4  6.7  94   41   35 273 -356  0
4218500 2850500 11 16 10  12.3 1004 205  3.7 4  7.2  87  120   56 287 -359  0
4218500 2850500 11 16 11  15.3 1005 205  5.2 4  7.3  74  175   70 294 -366  0
4218500 2850500 11 16 12  17.1 1004 203  5.5 5  7.2  62  205   78 303 -375  0
4218500 2850500 11 16 13  18.0 1004 210  5.8 4  7.3  58  203   82 307 -382  0
4218500 2850500 11 16 14  18.2 1004 209  5.6 3  7.3  56  150   82 305 -387  0
4218500 2850500 11 16 15  17.8 1004 199  5.3 3  7.1  55   74   70 302 -387  0
4218500 2850500 11 16 16  16.2 1004 192  3.6 4  6.9  56   10   33 302 -383  0
4218500 2850500 11 16 17  14.0 1004 171  3.7 5  6.8  63    0    0 303 -377  0
4218500 2850500 11 16 18  13.4 1004 162  4.0 6  6.9  70    0    0 306 -373  0
4218500 2850500 11 16 19  12.8 1004 170  4.7 4  7.0  74    0    0 303 -370  0
4218500 2850500 11 16 20  12.0 1004 170  4.1 3  7.1  78    0    0 293 -367  0
4218500 2850500 11 16 21  12.6 1004 171  4.8 4  6.9  76    0    0 294 -364  0
4218500 2850500 11 16 22  11.2 1004 156  4.2 3  6.6  75    0    0 294 -361  0
4218500 2850500 11 16 23  10.4 1004 163  4.0 2  6.6  81    0    0 286 -359  0
4218500 2850500 11 16 24   9.3 1004 158  3.8 1  6.5  85    0    0 276 -358  0
4218500 2850500 11 17  1   9.0 1004 158  3.9 1  6.5  89    0    0 271 -359  0
4218500 2850500 11 17  2   8.6 1003 166  3.6 1  6.5  92    0    0 270 -360  0
4218500 2850500 11 17  3   8.9 1003 165  3.9 0  6.5  91    0    0 267 -359  0
4218500 2850500 11 17  4   8.3 1003 171  3.7 0  6.4  92    0    0 262 -358  0
4218500 2850500 11 17  5   8.2 1003 172  3.7 2  6.3  92    0    0 269 -357  0
4218500 2850500 11 17  6   8.7 1003 181  3.2 3  6.2  89    0    0 281 -355  0
4218500 2850500 11 17  7   9.4 1003 191  3.9 4  6.2  86    0    0 292 -352  0
4218500 2850500 11 17  8  10.2 1003 183  4.0 4  6.2  82    0    4 299 -352  0
4218500 2850500 11 17  9  10.6 1004 182  4.2 5  6.2  78    9   37 305 -355  0
4218500 2850500 11 17 10  12.0 1004 193  4.0 7  6.4  76    5   71 321 -359  0
4218500 2850500 11 17 11  13.2 1005 201  4.1 7  6.7  72    0   77 334 -367  0
4218500 2850500 11 17 12  14.6 1005 184  4.5 6  6.9  69   10  122 331 -376  0
4218500 2850500 11 17 13  15.6 1005 186  4.3 6  7.0  64   35  142 328 -384  0
4218500 2850500 11 17 14  15.1 1005 181  4.0 6  6.8  62   39  125 326 -388  0
4218500 2850500 11 17 15  14.6 1005 178  3.7 6  6.8  64   18   81 325 -387  0
4218500 2850500 11 17 16  13.7 1005 178  3.6 7  6.8  67    0   18 326 -385  0
4218500 2850500 11 17 17  12.9 1006 188  3.7 7  6.7  70    0    0 326 -381  0
4218500 2850500 11 17 18  12.1 1007 208  3.0 7  6.6  72    0    0 322 -377  0
4218500 2850500 11 17 19  11.6 1007 212  3.0 6  6.5  75    0    0 314 -374  0
4218500 2850500 11 17 20  10.3 1008 208  2.5 6  6.7  82    0    0 307 -373  0
4218500 2850500 11 17 21   9.7 1008 197  1.9 7  6.8  88    0    0 309 -370  0
4218500 2850500 11 17 22   9.7 1008 168  2.2 7  6.9  91    0    0 314 -367  0
4218500 2850500 11 17 23   9.1 1009 162  2.3 8  6.9  93    0    0 318 -363  0
4218500 2850500 11 17 24   9.3 1009 156  2.6 8  6.9  94    0    0 322 -360  0
4218500 2850500 11 18  1   9.1 1009 166  2.4 8  7.0  95    0    0 321 -358  0
4218500 2850500 11 18  2  10.0 1009 159  2.7 8  7.1  95    0    0 322 -356  0
4218500 2850500 11 18  3  10.2 1009 153  2.8 8  7.3  94    0    0 324 -353  0
4218500 2850500 11 18  4  10.2 1009 159  2.0 8  7.4  94    0    0 325 -352  0
4218500 2850500 11 18  5   9.9 1008 148  2.7 8  7.4  96    0    0 326 -351  0
4218500 2850500 11 18  6   9.7 1008 198  2.1 8  7.4  98    0    0 325 -353  0
4218500 2850500 11 18  7   9.9 1008 169  2.6 8  7.4  97    0    0 326 -356  0
4218500 2850500 11 18  8   9.3 1009 139  1.2 8  7.3  97    0    5 326 -358  0
4218500 2850500 11 18  9   9.5 1009 146  2.1 7  7.2  98    1   29 320 -359  0
4218500 2850500 11 18 10  10.1 1009 196  1.8 8  7.3  96    0   34 323 -364  0
4218500 2850500 11 18 11  10.5 1010 186  2.1 5  7.4  94   23  118 314 -369  0
4218500 2850500 11 18 12  11.6 1010 197  1.9 6  7.5  90    8  119 308 -374  0
4218500 2850500 11 18 13  13.2 1010 200  1.8 6  7.7  85   29  138 318 -378  0
4218500 2850500 11 18 14  14.1 1010 230  4.1 6  7.9  80   29  120 322 -380  0
4218500 2850500 11 18 15  14.0 1010 232  3.8 5  7.6  76   10   74 318 -378  0
4218500 2850500 11 18 16  13.0 1010 205  3.3 5  7.4  76    0   25 310 -372  0
4218500 2850500 11 18 17  11.2 1011 234  3.2 3  7.3  83    0    0 295 -366  0
4218500 2850500 11 18 18  10.4 1012 227  3.0 2  7.2  89    0    0 277 -361  0
4218500 2850500 11 18 19  10.7 1013 221  3.0 4  7.3  92    0    0 285 -358  0
4218500 2850500 11 18 20  10.9 1013 240  3.0 5  7.4  92    0    0 301 -356  0
4218500 2850500 11 18 21  11.2 1014 286  2.9 6  7.3  89    0    0 311 -353  0
4218500 2850500 11 18 22  11.0 1015 250  2.1 6  7.3  88    0    0 316 -351  0
4218500 2850500 11 18 23  11.0 1015 260  2.3 6  7.2  88    0    0 314 -350  0
4218500 2850500 11 18 24  10.5 1016 279  2.7 6  7.2  89    0    0 312 -349  0
4218500 2850500 11 19  1   9.9 1016 279  2.9 7  7.0  90    0    0 315 -351  0
4218500 2850500 11 19  2   9.5 1016 293  2.4 7  6.8  91    0    0 319 -351  0
4218500 2850500 11 19  3   8.9 1016 294  2.0 7  6.6  91    0    0 320 -349  0
4218500 2850500 11 19  4   7.9 1017 285  1.7 6  6.3  92    0    0 314 -347  0
4218500 2850500 11 19  5   7.0 1017 302  1.0 6  6.0  94    0    0 305 -346  0
4218500 2850500 11 19  6   6.5 1017 275  1.4 6  5.9  96    0    0 302 -345  0
4218500 2850500 11 19  7   6.2 1017 167  1.1 6  5.7  97    0    0 301 -346  0
4218500 2850500 11 19  8   6.5 1017 117  0.9 7  5.7  97    0    0 306 -346  0
4218500 2850500 11 19  9   6.8 1017 129  2.3 7  5.9  97    2   28 311 -345  0
4218500 2850500 11 19 10   8.1 1016 129  2.9 7  6.3  98   15   85 314 -347  0
4218500 2850500 11 19 11   9.6 1015 142  3.4 5  6.6  94   50  131 309 -351  0
4218500 2850500 11 19 12  11.0 1016 136  3.3 5  6.9  89   72  157 304 -357  0
4218500 2850500 11 19 13  11.3 1015 132  4.3 6  7.0  85   15  133 310 -363  0
4218500 2850500 11 19 14  11.3 1014 135  3.6 8  6.8  82    0   62 325 -366  0
4218500 2850500 11 19 15  11.0 1012 143  4.5 8  6.6  80    0   52 337 -366  0
4218500 2850500 11 19 16  10.6 1011 153  4.9 7  6.5  80    0   19 331 -365  0
4218500 2850500 11 19 17  10.5 1011 149  4.2 7  6.4  81    0    0 325 -363  0
4218500 2850500 11 19 18  10.0 1010 161  4.3 8  6.5  83    0    0 331 -362  0
4218500 2850500 11 19 19   9.5 1010 159  4.4 8  6.7  89    0    0 337 -362  0
4218500 2850500 11 19 20   9.3 1009 181  4.3 8  7.0  95    0    0 339 -363  0
4218500 2850500 11 19 21   9.4 1009 182  4.0 8  7.1  97    0    0 340 -364  0
4218500 2850500 11 19 22   9.6 1009 199  3.8 8  7.2  97    0    0 342 -363  0
4218500 2850500 11 19 23   9.5 1009 233  4.4 8  7.3  98    0    0 342 -361  0
4218500 2850500 11 19 24   7.5 1009 279  5.9 8  6.6  96    0    0 338 -358  0
4218500 2850500 11 20  1   6.8 1009 291  5.7 8  5.8  91    0    0 330 -354  0
4218500 2850500 11 20  2   6.6 1010 291  4.3 7  5.6  91    0    0 320 -351  0
4218500 2850500 11 20  3   6.2 1011 283  4.3 8  5.5  92    0    0 317 -345  0
4218500 2850500 11 20  4   6.0 1012 292  4.1 7  5.3  91    0    0 313 -339  0
4218500 2850500 11 20  5   5.9 1012 279  3.8 7  5.1  88    0    0 304 -334  0
4218500 2850500 11 20  6   5.5 1012 280  3.1 7  5.1  89    0    0 300 -329  0
4218500 2850500 11 20  7   5.0 1013 255  2.7 8  4.9  89    0    0 303 -325  0
4218500 2850500 11 20  8   5.1 1013 227  2.9 8  4.8  88    0    1 306 -322  0
4218500 2850500 11 20  9   5.2 1014 186  3.2 8  4.8  88    0   25 307 -320  0
4218500 2850500 11 20 10   5.7 1014 200  3.8 8  4.9  87    1   59 309 -321  0
4218500 2850500 11 20 11   7.4 1013 196  3.4 6  4.9  81   59  120 301 -327  0
4218500 2850500 11 20 12   8.1 1013 203  5.5 5  4.7  72  134  129 287 -334  0
4218500 2850500 11 20 13   8.4 1012 211  5.9 5  4.4  65   93  140 282 -340  0
4218500 2850500 11 20 14   8.2 1011 191  5.7 6  4.3  64   56  122 288 -343  0
4218500 2850500 11 20 15   7.7 1011 182  5.1 7  4.4  66   11   74 300 -343  0
4218500 2850500 11 20 16   7.2 1010 171  4.9 7  4.4  69    0   16 304 -341  0
4218500 2850500 11 20 17   6.3 1009 169  4.3 7  4.4  72    0    0 302 -337  0
4218500 2850500 11 20 18   5.9 1008 161  4.7 6  4.4  75    0    0 293 -334  0
4218500 2850500 11 20 19   5.7 1008 160  4.3 7  4.5  78    0    0 291 -332  0
4218500 2850500 11 20 20   5.7 1007 169  4.7 7  4.6  80    0    0 298 -332  0
4218500 2850500 11 20 21   5.6 1006 178  4.8 6  4.6  80    0    0 290 -333  0
4218500 2850500 11 20 22   5.5 1005 169  5.1 6  4.5  80    0    0 282 -333  0
4218500 2850500 11 20 23   5.6 1004 171  5.3 8  4.5  78    0    0 298 -334  0
4218500 2850500 11 20 24   6.0 1003 170  5.4 7  4.4  76    0    0 309 -335  0
4218500 2850500 11 21  1   5.9 1002 169  5.1 7  4.4  75    0    0 299 -337  0
4218500 2850500 11 21  2   6.0 1001 168  5.8 6  4.3  74    0    0 289 -339  0
4218500 2850500 11 21  3   6.0 1000 170  4.9 6  4.3  73    0    0 280 -339  0
4218500 2850500 11 21  4   6.3 1000 170  5.2 7  4.3  72    0    0 292 -339  0
4218500 2850500 11 21  5   5.6  999 163  4.8 7  4.5  76    0    0 304 -339  0
4218500 2850500 11 21  6   5.3  998 161  4.2 8  4.7  83    0    0 314 -339  0
4218500 2850500 11 21  7   5.2  997 159  4.7 8  5.0  89    0    0 323 -340  0
4218500 2850500 11 21  8   5.2  996 160  4.9 8  5.1  91    0    1 323 -341  0
4218500 2850500 11 21  9   5.8  996 161  4.7 8  5.1  88    2   30 324 -342  0
4218500 2850500 11 21 10   7.0  995 177  5.1 7  5.2  86    0   53 319 -344  0
4218500 2850500 11 21 11   8.1  995 186  5.2 7  5.5  84    2   88 316 -346  0
4218500 2850500 11 21 12   8.8  994 189  5.6 7  5.7  82    0   81 320 -347  0
4218500 2850500 11 21 13   9.1  993 191  5.6 7  6.1  84    0   54 322 -348  0
4218500 2850500 11 21 14   8.7  993 190  5.5 7  6.4  88    0   58 322 -349  0
4218500 2850500 11 21 15   8.8  993 191  4.8 7  6.5  91    0   54 322 -349  0
4218500 2850500 11 21 16   8.9  992 188  4.4 8  6.7  92    0    4 327 -349  0
4218500 2850500 11 21 17   9.0  992 189  3.8 8  6.7  92    0    0 334 -349  0
4218500 2850500 11 21 18   8.9  992 175  3.4 8  6.7  92    0    0 333 -348  0
4218500 2850500 11 21 19   8.9  992 171  2.7 8  6.6  91    0    0 332 -347  0
4218500 2850500 11 21 20   8.5  992 179  2.6 7  6.6  92    0    0 322 -346  0
4218500 2850500 11 21 21   8.4  992 179  2.3 8  6.6  93    0    0 321 -345  0
4218500 2850500 11 21 22   8.1  992 179  2.7 8  6.5  93    0    0 329 -345  0
4218500 2850500 11 21 23   7.8  993 204  2.1 8  6.4  94    0    0 328 -345  0
4218500 2850500 11 21 24   7.6  993 200  1.9 8  6.3  94    0    0 327 -344  0
4218500 2850500 11 22  1   7.4  993 207  2.1 7  6.3  95    0    0 321 -342  0
4218500 2850500 11 22  2   6.6  993 202  1.5 5  6.1  96    0    0 300 -338  0
4218500 2850500 11 22  3   5.5  993 180  2.3 3  5.7  96    0    0 271 -334  0
4218500 2850500 11 22  4   4.9  993 235  2.2 2  5.5  98    0    0 250 -330  0
4218500 2850500 11 22  5   3.7  993 234  1.4 1  5.1  97    0    0 233 -326  0
4218500 2850500 11 22  6   3.2  993 214  1.8 1  4.9  98    0    0 223 -325  0
4218500 2850500 11 22  7   2.8  993 246  1.3 3  4.7  98    0    0 233 -324  0
4218500 2850500 11 22  8   2.7  993 225  1.9 5  4.6  97    0    4 258 -323  0
4218500 2850500 11 22  9   3.1  994 249  1.7 6  4.7  98   14   29 280 -325  0
4218500 2850500 11 22 10   4.2  995 253  1.7 5  5.0  99   69   67 283 -329  0
4218500 2850500 11 22 11   5.8  996 251  1.4 6  5.5  99   85  100 288 -335  0
4218500 2850500 11 22 12   6.6  996 214  1.6 6  5.7  94   44  126 298 -342  0
4218500 2850500 11 22 13   7.0  996 177  2.0 5  5.5  88   48  126 294 -346  0
4218500 2850500 11 22 14   8.2  996 191  2.4 4  5.4  82   51  109 288 -348  0
4218500 2850500 11 22 15   7.9  996 195  2.9 2  5.3  77   45   71 277 -347  0
4218500 2850500 11 22 16   7.0  996 182  3.3 2  5.1  78    0   22 267 -345  0
4218500 2850500 11 22 17   5.6  996 181  2.9 1  5.0  83    0    0 261 -343  0
4218500 2850500 11 22 18   5.0  997 191  3.1 0  5.0  89    0    0 249 -338  0
4218500 2850500 11 22 19   3.9  996 205  3.4 1  4.9  92    0    0 244 -331  0
4218500 2850500 11 22 20   3.6  996 192  2.8 2  4.7  93    0    0 248 -327  0
4218500 2850500 11 22 21   3.2  996 175  3.2 2  4.6  93    0    0 250 -328  0
4218500 2850500 11 22 22   3.1  996 173  3.2 3  4.5  94    0    0 253 -331  0
4218500 2850500 11 22 23   2.6  996 183  3.8 2  4.4  93    0    0 251 -331  0
4218500 2850500 11 22 24   2.7  996 182  4.4 2  4.4  93    0    0 243 -329  0
4218500 2850500 11 23  1   2.7  996 181  3.7 0  4.3  93    0    0 230 -327  0
4218500 2850500 11 23  2   2.1  996 185  4.4 1  4.3  94    0    0 221 -327  0
4218500 2850500 11 23  3   2.4  996 175  3.5 3  4.3  94    0    0 237 -326  0
4218500 2850500 11 23  4   2.5  996 170  4.0 4  4.3  93    0    0 254 -324  0
4218500 2850500 11 23  5   2.4  995 160  4.2 4  4.3  94    0    0 260 -322  0
4218500 2850500 11 23  6   2.6  994 152  4.1 5  4.4  94    0    0 266 -319  0
4218500 2850500 11 23  7   2.6  994 153  4.6 5  4.4  95    0    0 271 -316  0
4218500 2850500 11 23  8   3.1  993 160  5.1 5  4.4  92    0    0 272 -315  0
4218500 2850500 11 23  9   3.8  993 152  5.3 6  4.3  86    0   19 279 -315  0
4218500 2850500 11 23 10   4.5  993 160  5.5 7  4.2  81    5   45 293 -317  0
4218500 2850500 11 23 11   6.0  993 170  6.2 7  4.2  75    0   67 300 -323  0
4218500 2850500 11 23 12   6.5  993 171  5.8 7  4.1  69   15   84 302 -329  0
4218500 2850500 11 23 13   7.6  992 178  6.1 7  4.1  64    0   84 305 -335  0
4218500 2850500 11 23 14   8.1  992 172  6.0 7  4.2  62    0   47 309 -338  0
4218500 2850500 11 23 15   7.8  991 178  6.5 7  4.7  69    0   39 313 -340  0
4218500 2850500 11 23 16   7.4  991 173  6.4 8  5.3  80    0    6 322 -340  0
4218500 2850500 11 23 17   7.0  991 181  6.3 8  5.8  89    0    0 330 -340  0
4218500 2850500 11 23 18   7.2  991 182  6.2 8  6.1  95    0    0 332 -342  0
4218500 2850500 11 23 19   7.4  991 180  5.7 8  6.4  98    0    0 334 -342  0
4218500 2850500 11 23 20   7.6  992 183  5.3 8  6.5  98    0    0 335 -342  0
4218500 2850500 11 23 21   8.1  992 181  5.6 8  6.6  98    0    0 338 -342  0
4218500 2850500 11 23 22   8.4  992 182  5.4 8  6.8  98    0    0 340 -343  0
4218500 2850500 11 23 23   8.9  992 189  5.1 8  7.0  99    0    0 342 -344  0
4218500 2850500 11 23 24   9.3  992 189  5.3 8  7.3  99    0    0 343 -346  0
4218500 2850500 11 24  1   9.6  993 189  4.6 8  7.4  98    0    0 346 -347  0
4218500 2850500 11 24  2   9.8  993 191  4.4 8  7.5  98    0    0 349 -349  0
4218500 2850500 11 24  3   9.8  993 213  4.4 8  7.6  98    0    0 351 -350  0
4218500 2850500 11 24  4   9.7  994 190  3.6 8  7.5  98    0    0 352 -352  0
4218500 2850500 11 24  5   9.7  995 223  3.6 7  7.5  98    0    0 346 -353  0
4218500 2850500 11 24  6   9.4  996 210  3.0 6  7.4  97    0    0 332 -355  0
4218500 2850500 11 24  7   8.9  997 210  2.8 4  7.1  96    0    0 311 -356  0
4218500 2850500 11 24  8   8.6  998 210  3.5 4  6.9  97    0    2 297 -355  0
4218500 2850500 11 24  9   9.0  999 212  3.8 4  7.1  98   23   28 296 -354  0
4218500 2850500 11 24 10  10.1 1000 201  3.8 1  7.3  97   83   63 283 -355  0
4218500 2850500 11 24 11  11.5 1001 212  3.3 2  7.5  91  140   81 278 -359  0
4218500 2850500 11 24 12  12.1 1002 212  3.1 3  7.3  83  160   92 289 -363  0
4218500 2850500 11 24 13  12.2 1002 215  3.0 5  7.1  80  111  112 302 -366  0
4218500 2850500 11 24 14  12.8 1003 199  1.9 6  7.1  78   66  104 315 -367  0
4218500 2850500 11 24 15  12.8 1002 194  2.4 6  7.0  75   31   70 320 -366  0
4218500 2850500 11 24 16  11.0 1003 164  2.4 6  7.0  80    0   16 316 -364  0
4218500 2850500 11 24 17   9.8 1003 159  2.9 7  7.2  90    0    0 317 -362  0
4218500 2850500 11 24 18  10.8 1003 138  3.5 7  7.3  92    0    0 322 -362  0
4218500 2850500 11 24 19  10.9 1003 140  4.0 7  7.4  90    0    0 323 -363  0
4218500 2850500 11 24 20  10.2 1002 154  4.2 7  7.1  89    0    0 322 -363  0
4218500 2850500 11 24 21  10.1 1002 150  3.9 7  6.8  87    0    0 323 -363  0
4218500 2850500 11 24 22  10.1 1002 142  3.9 8  6.7  86    0    0 332 -362  0
4218500 2850500 11 24 23  10.1 1003 148  5.2 8  6.5  83    0    0 340 -361  0
4218500 2850500 11 24 24   9.8 1002 159  4.4 7  6.1  79    0    0 334 -359  0
4218500 2850500 11 25  1   9.4 1002 151  4.4 7  5.8  77    0    0 326 -358  0
4218500 2850500 11 25  2   9.0 1002 160  5.0 7  5.6  76    0    0 325 -356  0
4218500 2850500 11 25  3   8.8 1002 150  4.5 7  5.5  77    0    0 325 -355  0
4218500 2850500 11 25  4   8.8 1002 152  4.4 7  5.6  78    0    0 326 -355  0
4218500 2850500 11 25  5   8.4 1002 151  4.2 6  5.5  79    0    0 319 -355  0
4218500 2850500 11 25  6   8.5 1002 142  4.9 6  5.5  79    0    0 313 -356  0
4218500 2850500 11 25  7   8.3 1001 150  4.5 6  5.5  79    0    0 316 -359  0
4218500 2850500 11 25  8   8.4 1001 142  4.5 7  5.5  80    0    0 325 -360  0
4218500 2850500 11 25  9   8.6 1001 141  4.6 6  5.6  80    4   20 325 -362  0
4218500 2850500 11 25 10   9.1 1001 151  4.8 7  5.7  80    4   52 326 -363  0
4218500 2850500 11 25 11  10.2 1002 159  4.9 7  5.9  78    9   85 333 -365  0
4218500 2850500 11 25 12  11.4 1002 171  5.5 7  6.1  74    5   94 335 -369  0
4218500 2850500 11 25 13  11.6 1002 169  4.6 7  6.1  71    0   60 334 -373  0
4218500 2850500 11 25 14  12.1 1003 170  5.1 7  6.1  70    0   56 333 -375  0
4218500 2850500 11 25 15  12.3 1003 171  5.2 7  6.2  70    0   19 332 -376  0
4218500 2850500 11 25 16  12.3 1003 170  5.1 8  6.2  69    0    3 337 -374  0
4218500 2850500 11 25 17  11.8 1004 169  4.7 8  6.1  69    0    0 339 -371  0
4218500 2850500 11 25 18  11.5 1004 160  4.3 8  6.2  72    0    0 337 -369  0
4218500 2850500 11 25 19  11.8 1004 170  4.5 7  6.2  72    0    0 333 -368  0
4218500 2850500 11 25 20  11.8 1005 169  4.3 7  6.2  71    0    0 328 -367  0
4218500 2850500 11 25 21  12.1 1005 178  4.1 7  6.1  69    0    0 327 -365  0
4218500 2850500 11 25 22  11.7 1006 171  3.8 6  6.0  69    0    0 322 -363  0
4218500 2850500 11 25 23  11.5 1006 181  4.2 6  6.1  71    0    0 316 -362  0
4218500 2850500 11 25 24  11.9 1007 197  4.3 7  6.2  71    0    0 322 -361  0
4218500 2850500 11 26  1  12.3 1008 210  4.8 7  6.2  70    0    0 328 -360  0
4218500 2850500 11 26  2  12.1 1009 199  3.7 7  6.3  71    0    0 328 -359  0
4218500 2850500 11 26  3  11.7 1010 202  3.8 7  6.2  72    0    0 326 -358  0
4218500 2850500 11 26  4  11.6 1010 216  3.8 7  6.3  73    0    0 324 -359  0
4218500 2850500 11 26  5  11.3 1011 191  2.9 8  6.3  74    0    0 328 -359  0
4218500 2850500 11 26  6  10.7 1012 184  3.2 8  6.3  76    0    0 333 -359  0
4218500 2850500 11 26  7  10.2 1013 200  2.6 7  6.2  79    0    0 325 -357  0
4218500 2850500 11 26  8  10.0 1014 190  2.7 7  6.3  82    0    0 319 -356  0
4218500 2850500 11 26  9   9.7 1015 166  2.3 6  6.3  84   11   25 312 -355  0
4218500 2850500 11 26 10  10.6 1015 152  2.1 5  6.4  83   63   58 302 -357  0
4218500 2850500 11 26 11  11.8 1015 177  1.4 6  6.5  79   17   96 306 -360  0
4218500 2850500 11 26 12  12.6 1016 164  1.6 7  6.6  74   22  114 319 -365  0
4218500 2850500 11 26 13  12.3 1016 161  2.4 7  6.7  74    2   91 323 -368  0
4218500 2850500 11 26 14  12.9 1016 178  1.7 7  6.8  74    5   85 323 -370  0
4218500 2850500 11 26 15  12.3 1016 166  2.1 7  6.8  74    0   26 322 -370  0
4218500 2850500 11 26 16  11.7 1016 167  1.7 8  6.7  77    0    6 324 -367  0
4218500 2850500 11 26 17  11.3 1016 178  1.7 8  6.7  80    0    0 326 -364  0
4218500 2850500 11 26 18  10.8 1017 185  1.8 7  6.7  82    0    0 320 -362  0
4218500 2850500 11 26 19   9.5 1016 191  1.8 5  6.7  86    0    0 307 -363  0
4218500 2850500 11 26 20   9.1 1016 203  2.1 6  6.7  92    0    0 301 -363  0
4218500 2850500 11 26 21   9.9 1017 187  2.8 6  6.9  94    0    0 306 -360  0
4218500 2850500 11 26 22   9.8 1017 181  3.0 3  7.0  92    0    0 296 -357  0
4218500 2850500 11 26 23   8.3 1017 231  2.1 1  6.7  93    0    0 275 -355  0
4218500 2850500 11 26 24   7.1 1017 200  2.2 1  6.3  96    0    0 264 -354  0
4218500 2850500 11 27  1   6.4 1018 201  2.4 1  6.0  98    0    0 261 -354  0
4218500 2850500 11 27  2   5.7 1018 191  2.1 1  5.8  99    0    0 260 -353  0
4218500 2850500 11 27  3   5.1 1018 160  2.4 1  5.6 100    0    0 259 -353  0
4218500 2850500 11 27  4   4.5 1018 171  2.2 1  5.3 100    0    0 259 -353  0
4218500 2850500 11 27  5   4.7 1018 158  2.4 1  5.2  99    0    0 258 -353  0
4218500 2850500 11 27  6   4.1 1018 120  2.0 1  5.1  98    0    0 259 -353  0
4218500 2850500 11 27  7   3.9 1018 140  1.9 2  5.0  99    0    0 262 -353  0
4218500 2850500 11 27  8   4.0 1018 142  2.1 4  5.0 100    0    0 271 -351  0
4218500 2850500 11 27  9   4.6 1019 143  1.8 5  5.1 100    2   23 283 -350  0
4218500 2850500 11 27 10   7.2 1019 161  1.9 6  5.7  99   21   69 294 -351  0
4218500 2850500 11 27 11   8.8 1019 160  2.5 6  6.3  94   60  103 305 -355  0
4218500 2850500 11 27 12   9.4 1019 152  2.7 5  6.3  88  100  116 304 -360  0
4218500 2850500 11 27 13  11.1 1018 153  2.4 5  6.3  81  103  117 304 -364  0
4218500 2850500 11 27 14  11.8 1019 162  3.2 5  6.5  77   74  102 308 -366  0
4218500 2850500 11 27 15  11.6 1019 153  3.3 3  6.6  78   29   71 303 -365  0
4218500 2850500 11 27 16  10.7 1019 149  3.4 3  6.7  81    0   15 295 -362  0
4218500 2850500 11 27 17   9.8 1018 151  3.4 2  6.5  84    0    0 288 -358  0
4218500 2850500 11 27 18   9.0 1018 150  3.2 2  6.4  88    0    0 283 -356  0
4218500 2850500 11 27 19   8.5 1018 151  3.2 3  6.5  93    0    0 282 -354  0
4218500 2850500 11 27 20   7.4 1018 150  2.9 3  6.3  96    0    0 282 -353  0
4218500 2850500 11 27 21   7.7 1018 150  3.2 2  6.3  97    0    0 279 -352  0
4218500 2850500 11 27 22   7.1 1018 151  3.1 1  6.2  97    0    0 276 -351  0
4218500 2850500 11 27 23   6.5 1018 150  2.7 2  6.0  98    0    0 274 -350  0
4218500 2850500 11 27 24   6.0 1018 151  2.7 3  5.8  99    0    0 275 -350  0
4218500 2850500 11 28  1   6.1 1018 162  3.3 2  5.7  98    0    0 274 -349  0
4218500 2850500 11 28  2   5.8 1018 160  3.2 1  5.6  98    0    0 270 -348  0
4218500 2850500 11 28  3   5.8 1018 157  3.2 1  5.6  99    0    0 268 -348  0
4218500 2850500 11 28  4   5.4 1018 160  3.1 0  5.5  98    0    0 265 -347  0
4218500 2850500 11 28  5   5.4 1018 171  3.0 0  5.3  95    0    0 261 -347  0
4218500 2850500 11 28  6   4.5 1018 152  2.5 0  5.1  96    0    0 260 -346  0
4218500 2850500 11 28  7   4.2 1018 172  2.8 0  5.1  98    0    0 258 -346  0
4218500 2850500 11 28  8   3.9 1018 160  2.4 1  4.9  98    0    0 258 -345  0
4218500 2850500 11 28  9   4.9 1018 142  2.5 1  5.0  97   10   26 261 -345  0
4218500 2850500 11 28 10   6.2 1018 160  1.8 1  5.3  94   61   64 263 -347  0
4218500 2850500 11 28 11   7.6 1018 160  2.5 1  5.4  88  115   86 266 -352  0
4218500 2850500 11 28 12   8.6 1018 153  2.7 0  5.6  83  149   95 266 -358  0
4218500 2850500 11 28 13   9.5 1017 152  2.7 1  5.7  79  147   96 268 -363  0
4218500 2850500 11 28 14   9.2 1017 145  2.9 1  5.7  79  112   88 271 -365  0
4218500 2850500 11 28 15   8.3 1016 135  2.2 4  5.8  83   26   69 276 -363  0
4218500 2850500 11 28 16   7.5 1016 131  2.5 5  5.9  89    0    7 283 -358  0
4218500 2850500 11 28 17   6.7 1016 138  3.0 6  5.9  95    0    0 286 -353  0
4218500 2850500 11 28 18   6.6 1016 131  3.2 5  5.9  98    0    0 286 -349  0
4218500 2850500 11 28 19   6.4 1016 140  3.1 6  5.9  98    0    0 288 -347  0
4218500 2850500 11 28 20   6.6 1016 152  3.4 7  5.9  98    0    0 296 -345  0
4218500 2850500 11 28 21   6.5 1015 144  3.3 7  5.8  96    0    0 301 -343  0
4218500 2850500 11 28 22   5.9 1015 163  3.1 7  5.6  96    0    0 301 -342  0
4218500 2850500 11 28 23   5.1 1016 160  3.3 6  5.4  97    0    0 297 -340  0
4218500 2850500 11 28 24   4.6 1015 139  2.6 3  5.2  97    0    0 280 -339  0
4218500 2850500 11 29  1   4.1 1016 150  2.7 5  5.1  98    0    0 275 -338  0
4218500 2850500 11 29  2   4.1 1016 142  2.4 5  5.0  99    0    0 282 -337  0
4218500 2850500 11 29  3   3.8 1016 173  2.5 6  4.9  98    0    0 285 -336  0
4218500 2850500 11 29  4   3.8 1016 194  2.2 6  4.9  98    0    0 290 -335  0
4218500 2850500 11 29  5   3.7 1016 213  2.4 5  4.9  98    0    0 286 -335  0
4218500 2850500 11 29  6   3.4 1017 212  2.7 5  4.8  98    0    0 280 -334  0
4218500 2850500 11 29  7   3.9 1017 233  2.8 5  4.8  98    0    0 281 -335  0
4218500 2850500 11 29  8   4.9 1018 252  2.4 6  5.1  98    0    0 290 -335  0
4218500 2850500 11 29  9   5.8 1019 263  2.1 7  5.4  98    0   15 303 -336  0
4218500 2850500 11 29 10   6.8 1019 260  2.6 6  5.7  97    9   76 306 -339  0
4218500 2850500 11 29 11   7.8 1020 270  2.8 7  6.0  95    0   62 308 -345  0
4218500 2850500 11 29 12   8.4 1021 263  2.6 8  6.2  93    0   37 321 -353  0
4218500 2850500 11 29 13   8.4 1021 273  2.8 8  6.5  96    0   26 328 -359  0
4218500 2850500 11 29 14   8.6 1022 264  2.7 7  6.8  99    0   34 323 -361  0
4218500 2850500 11 29 15   8.9 1022 262  2.9 7  6.9  98    0   34 319 -361  0
4218500 2850500 11 29 16   9.1 1023 283  3.1 8  7.0  99    0    1 327 -360  0
4218500 2850500 11 29 17   9.3 1024 268  2.9 7  7.1  98    0    0 331 -359  0
4218500 2850500 11 29 18   9.5 1025 279  3.2 8  7.2  99    0    0 334 -358  0
4218500 2850500 11 29 19   9.4 1026 283  2.9 7  7.1  98    0    0 336 -358  0
4218500 2850500 11 29 20   9.0 1026 303  2.8 6  6.9  96    0    0 322 -356  0
4218500 2850500 11 29 21   7.8 1027 263  2.7 4  6.5  96    0    0 300 -356  0
4218500 2850500 11 29 22   7.9 1028 273  3.1 6  6.3  97    0    0 299 -356  0
4218500 2850500 11 29 23   8.2 1028 275  3.0 7  6.4  97    0    0 320 -356  0
4218500 2850500 11 29 24   8.4 1029 274  2.6 7  6.5  97    0    0 328 -356  0
4218500 2850500 11 30  1   8.1 1029 276  3.0 8  6.5  97    0    0 335 -356  0
4218500 2850500 11 30  2   7.8 1030 271  2.7 7  6.3  96    0    0 334 -355  0
4218500 2850500 11 30  3   7.3 1030 259  2.8 8  6.2  97    0    0 332 -354  0
4218500 2850500 11 30  4   7.3 1031 235  2.5 8  6.1  97    0    0 336 -353  0
4218500 2850500 11 30  5   7.0 1031 254  2.4 7  5.9  96    0    0 331 -353  0
4218500 2850500 11 30  6   7.1 1031 253  2.2 7  5.9  95    0    0 325 -353  0
4218500 2850500 11 30  7   6.0 1031 250  2.4 6  5.7  97    0    0 319 -352  0
4218500 2850500 11 30  8   5.4 1031 221  2.5 5  5.4  97    0    0 304 -353  0
4218500 2850500 11 30  9   4.7 1032 252  2.4 2  5.1  96    9   24 281 -353  0
4218500 2850500 11 30 10   6.8 1032 243  2.3 1  5.3  95   63   61 261 -354  0
4218500 2850500 11 30 11   8.8 1032 234  3.0 1  5.6  87  120   81 264 -356  0
4218500 2850500 11 30 12   9.8 1032 254  2.5 2  5.4  76  140   95 272 -359  0
4218500 2850500 11 30 13  10.2 1031 175  2.5 3  5.1  68  110  109 283 -361  0
4218500 2850500 11 30 14  10.1 1031 210  2.5 4  5.0  66   77   97 291 -362  0
4218500 2850500 11 30 15   9.5 1031 210  2.8 5  5.0  67   18   67 298 -360  0
4218500 2850500 11 30 16   7.7 1031 178  2.0 4  4.9  72    0    9 291 -355  0
4218500 2850500 11 30 17   5.9 1030 180  2.5 3  4.9  81    0    0 274 -351  0
4218500 2850500 11 30 18   5.5 1030 189  3.1 2  5.0  88    0    0 259 -349  0
4218500 2850500 11 30 19   5.3 1030 171  2.9 2  5.0  91    0    0 252 -347  0
4218500 2850500 11 30 20   3.8 1030 152  2.6 1  4.8  93    0    0 244 -346  0
4218500 2850500 11 30 21   2.6 1030 152  3.2 1  4.5  96    0    0 234 -344  0
4218500 2850500 11 30 22   2.8 1029 160  2.9 3  4.5  98    0    0 242 -342  0
4218500 2850500 11 30 23   2.0 1029 161  2.8 4  4.4  99    0    0 255 -340  0
4218500 2850500 11 30 24   1.5 1028 161  2.6 5  4.2  99    0    0 262 -338  0
4218500 2850500 12  1  1   0.9 1027 143  1.9 4  4.0  99    0    0 253 -336  0
4218500 2850500 12  1  2   0.9 1027 132  2.1 5  4.0  99    0    0 256 -335  0
4218500 2850500 12  1  3   0.8 1027 143  3.3 5  3.9  99    0    0 259 -333  0
4218500 2850500 12  1  4   0.7 1025 159  2.3 2  3.9 100    0    0 245 -331  0
4218500 2850500 12  1  5   0.3 1025 142  2.6 1  3.9 100    0    0 229 -330  0
4218500 2850500 12  1  6   0.6 1024 134  3.3 1  3.8  98    0    0 227 -329  0
4218500 2850500 12  1  7   0.4 1024 141  3.2 1  3.8  97    0    0 228 -328  0
4218500 2850500 12  1  8   1.7 1024 144  3.8 1  4.0  98    0    0 231 -327  0
4218500 2850500 12  1  9   2.6 1023 160  3.6 2  4.3  98   18   18 239 -325  0
4218500 2850500 12  1 10   3.8 1023 169  3.8 1  4.6  98   81   49 244 -326  0
4218500 2850500 12  1 11   5.8 1023 181  4.1 1  4.9  93  137   68 245 -330  0
4218500 2850500 12  1 12   7.4 1023 193  5.5 1  5.2  86  174   77 250 -336  0
4218500 2850500 12  1 13   8.3 1022 193  4.4 2  5.4  83  160   82 258 -341  0
4218500 2850500 12  1 14   8.9 1021 203  4.9 3  5.6  81   95   82 267 -344  0
4218500 2850500 12  1 15   9.0 1021 202  4.0 5  5.6  79   40   58 277 -343  0
4218500 2850500 12  1 16   8.2 1020 203  4.1 5  5.5  80    3   16 283 -340  0
4218500 2850500 12  1 17   7.0 1021 193  4.3 5  5.5  85    0    0 280 -336  0
4218500 2850500 12  1 18   6.6 1020 189  4.2 3  5.4  89    0    0 271 -334  0
4218500 2850500 12  1 19   6.2 1020 183  5.2 1  5.4  91    0    0 259 -333  0
4218500 2850500 12  1 20   6.1 1020 201  4.3 1  5.3  91    0    0 254 -331  0
4218500 2850500 12  1 21   5.7 1020 190  4.3 2  5.2  91    0    0 256 -331  0
4218500 2850500 12  1 22   5.2 1020 193  4.5 3  5.1  91    0    0 261 -330  0
4218500 2850500 12  1 23   4.8 1019 191  4.0 3  5.0  93    0    0 262 -329  0
4218500 2850500 12  1 24   4.3 1019 190  3.9 3  4.9  94    0    0 262 -328  0
4218500 2850500 12  2  1   4.1 1019 190  4.4 4  4.8  94    0    0 264 -327  0
4218500 2850500 12  2  2   3.8 1018 194  4.1 4  4.8  95    0    0 268 -327  0
4218500 2850500 12  2  3   3.9 1018 193  4.7 3  4.8  96    0    0 266 -327  0
4218500 2850500 12  2  4   3.7 1017 185  4.3 3  4.8  96    0    0 264 -326  0
4218500 2850500 12  2  5   3.1 1017 180  4.6 3  4.6  96    0    0 264 -326  0
4218500 2850500 12  2  6   2.6 1016 182  4.9 1  4.5  97    0    0 257 -325  0
4218500 2850500 12  2  7   3.0 1016 198  4.5 1  4.5  98    0    0 252 -325  0
4218500 2850500 12  2  8   2.8 1016 190  4.9 2  4.5  96    0    0 256 -325  0
4218500 2850500 12  2  9   3.2 1015 193  4.8 2  4.5  96   17   18 261 -326  0
4218500 2850500 12  2 10   4.2 1015 194  5.1 1  4.6  93   80   49 261 -328  0
4218500 2850500 12  2 11   5.6 1015 194  5.5 1  4.7  88  136   69 261 -332  0
4218500 2850500 12  2 12   6.7 1015 191  5.7 1  4.8  81  172   79 266 -339  0
4218500 2850500 12  2 13   7.4 1014 197  5.5 1  4.8  77  163   83 269 -345  0
4218500 2850500 12  2 14   7.7 1013 182  5.1 1  4.9  76  119   76 273 -348  0
4218500 2850500 12  2 15   7.6 1012 190  5.2 2  4.9  75   43   59 277 -348  0
4218500 2850500 12  2 16   6.5 1012 189  5.3 2  4.8  77    3   16 279 -346  0
4218500 2850500 12  2 17   5.7 1011 187  5.2 4  4.8  82    0    0 283 -343  0
4218500 2850500 12  2 18   5.5 1011 190  5.1 5  4.8  84    0    0 289 -342  0
4218500 2850500 12  2 19   5.5 1011 191  4.8 6  4.8  85    0    0 295 -344  0
4218500 2850500 12  2 20   5.5 1011 192  5.1 6  4.8  84    0    0 298 -347  0
4218500 2850500 12  2 21   5.4 1011 200  4.9 6  4.7  84    0    0 299 -348  0
4218500 2850500 12  2 22   5.1 1010 192  4.5 6  4.7  85    0    0 299 -350  0
4218500 2850500 12  2 23   4.9 1010 191  4.5 5  4.7  87    0    0 294 -352  0
4218500 2850500 12  2 24   4.6 1010 183  4.1 5  4.7  88    0    0 289 -353  0
4218500 2850500 12  3  1   4.6 1010 191  4.1 5  4.7  88    0    0 288 -355  0
4218500 2850500 12  3  2   4.8 1010 199  4.2 5  4.7  88    0    0 288 -355  0
4218500 2850500 12  3  3   4.8 1009 190  4.0 6  4.7  88    0    0 293 -355  0
4218500 2850500 12  3  4   4.8 1009 196  4.2 6  4.7  88    0    0 299 -355  0
4218500 2850500 12  3  5   5.2 1009 198  3.7 6  4.8  88    0    0 300 -356  0
4218500 2850500 12  3  6   5.7 1009 199  3.8 6  4.9  87    0    0 300 -356  0
4218500 2850500 12  3  7   5.7 1009 189  3.5 7  4.9  86    0    0 306 -356  0
4218500 2850500 12  3  8   6.1 1008 190  4.1 7  5.0  86    0    0 313 -356  0
4218500 2850500 12  3  9   6.2 1008 182  3.9 7  5.0  85   17   17 312 -357  0
4218500 2850500 12  3 10   6.5 1008 172  4.0 6  5.0  83   10   49 305 -358  0
4218500 2850500 12  3 11   7.2 1007 180  4.2 7  5.1  82    0   56 307 -360  0
4218500 2850500 12  3 12   7.9 1007 182  5.6 6  5.2  79   37  105 311 -362  0
4218500 2850500 12  3 13   9.7 1007 184  5.7 2  5.3  75  153   78 292 -364  0
4218500 2850500 12  3 14  10.2 1006 183  5.2 3  5.5  72   58   89 286 -366  0
4218500 2850500 12  3 15  10.3 1005 172  5.4 4  5.6  71   23   57 297 -367  0
4218500 2850500 12  3 16   9.5 1004 170  5.7 2  5.6  72    0   13 293 -366  0
4218500 2850500 12  3 17   8.9 1003 167  5.6 1  5.5  76    0    0 277 -364  0
4218500 2850500 12  3 18   8.0 1002 170  6.1 1  5.4  78    0    0 266 -365  0
4218500 2850500 12  3 19   7.1 1001 161  6.1 2  5.2  80    0    0 262 -365  0
4218500 2850500 12  3 20   7.0 1001 169  5.8 3  5.1  80    0    0 268 -364  0
4218500 2850500 12  3 21   7.2 1000 161  5.4 6  5.0  79    0    0 290 -365  0
4218500 2850500 12  3 22   7.8  999 169  6.0 7  5.1  78    0    0 313 -367  0
4218500 2850500 12  3 23   7.7  999 179  6.2 8  5.3  80    0    0 325 -368  0
4218500 2850500 12  3 24   7.5  998 181  5.4 7  5.6  85    0    0 325 -369  0
4218500 2850500 12  4  1   7.5  998 208  5.8 8  6.0  92    0    0 324 -367  0
4218500 2850500 12  4  2   7.5  998 200  5.0 8  6.2  95    0    0 330 -366  0
4218500 2850500 12  4  3   7.7  998 206  4.4 7  6.2  94    0    0 324 -365  0
4218500 2850500 12  4  4   7.5  998 217  4.6 5  6.1  92    0    0 305 -362  0
4218500 2850500 12  4  5   6.7  998 203  4.5 2  5.8  90    0    0 273 -359  0
4218500 2850500 12  4  6   6.3  998 201  5.2 1  5.5  90    0    0 248 -355  0
4218500 2850500 12  4  7   6.5  998 209  5.8 2  5.5  90    0    0 248 -352  0
4218500 2850500 12  4  8   6.7  998 192  4.9 4  5.4  88    0    0 267 -350  0
4218500 2850500 12  4  9   7.3  998 201  5.8 6  5.3  84   10   20 293 -347  0
4218500 2850500 12  4 10   7.5  998 202  6.1 4  5.2  80   42   62 295 -346  0
4218500 2850500 12  4 11   8.5  999 203  5.8 4  5.2  77   43   98 288 -347  0
4218500 2850500 12  4 12   9.4  998 209  5.6 6  5.3  73   17  109 302 -350  0
4218500 2850500 12  4 13  10.5  998 212  6.3 4  5.3  68   53  124 305 -354  0
4218500 2850500 12  4 14  10.2  997 194  6.1 5  5.2  66   18   95 302 -356  0
4218500 2850500 12  4 15  10.1  997 202  5.7 8  5.4  69    0   24 322 -357  0
4218500 2850500 12  4 16   9.6  996 201  5.8 8  5.7  74    0    1 338 -358  0
4218500 2850500 12  4 17   9.6  996 203  6.3 8  5.9  77    0    0 338 -359  0
4218500 2850500 12  4 18   9.6  996 209  5.3 7  6.0  79    0    0 334 -359  0
4218500 2850500 12  4 19   8.4  996 253  4.7 7  6.2  85    0    0 328 -357  0
4218500 2850500 12  4 20   7.5  997 223  3.7 6  6.2  92    0    0 318 -356  0
4218500 2850500 12  4 21   7.9  998 220  4.2 4  6.4  96    0    0 296 -356  0
4218500 2850500 12  4 22   7.5  998 211  4.5 4  6.4  97    0    0 282 -357  0
4218500 2850500 12  4 23   7.8  999 211  4.1 5  6.4  97    0    0 293 -358  0
4218500 2850500 12  4 24   7.5  999 211  4.2 4  6.3  95    0    0 294 -358  0
4218500 2850500 12  5  1   7.2  999 212  4.3 4  6.1  94    0    0 284 -358  0
4218500 2850500 12  5  2   7.2  999 202  4.9 6  6.0  93    0    0 294 -359  0
4218500 2850500 12  5  3   7.5  999 190  5.2 7  6.0  92    0    0 319 -360  0
4218500 2850500 12  5  4   8.2  998 191  5.0 7  6.1  90    0    0 330 -361  0
4218500 2850500 12  5  5   7.6  997 201  5.0 8  6.3  93    0    0 340 -363  0
4218500 2850500 12  5  6   8.8  997 209  5.7 8  6.7  97    0    0 350 -365  0
4218500 2850500 12  5  7   9.5  996 209  6.2 8  7.1  97    0    0 354 -366  0
4218500 2850500 12  5  8  10.9  996 214  5.3 8  7.5  95    0    0 358 -367  0
4218500 2850500 12  5  9  11.6  997 211  6.3 8  7.9  93    0   10 361 -368  0
4218500 2850500 12  5 10  12.6  997 211  6.2 7  8.1  90    0   29 358 -368  0
4218500 2850500 12  5 11  13.1  998 220  6.1 7  8.2  87    4   67 354 -370  0
4218500 2850500 12  5 12  14.0  998 215  6.4 7  8.2  83   20   98 355 -372  0
4218500 2850500 12  5 13  15.0  998 220  7.2 6  7.9  76   50  103 352 -373  0
4218500 2850500 12  5 14  14.8  997 221  7.3 5  7.6  71   14   83 342 -375  0
4218500 2850500 12  5 15  14.7  998 222  7.5 6  7.3  68    6   50 341 -376  0
4218500 2850500 12  5 16  14.4  998 214  6.1 7  6.9  66    0    4 350 -376  0
4218500 2850500 12  5 17  13.5  998 200  5.8 6  6.7  67    0    0 348 -374  0
4218500 2850500 12  5 18  13.3  998 196  5.8 7  6.8  70    0    0 345 -372  0
4218500 2850500 12  5 19  13.3  997 200  7.2 7  7.0  73    0    0 348 -371  0
4218500 2850500 12  5 20  13.2  997 199  6.9 7  7.0  73    0    0 347 -370  0
4218500 2850500 12  5 21  13.2  996 201  6.5 7  7.0  72    0    0 345 -369  0
4218500 2850500 12  5 22  13.2  996 199  5.9 8  7.0  73    0    0 348 -367  0
4218500 2850500 12  5 23  13.2  996 189  6.6 8  7.0  73    0    0 352 -366  0
4218500 2850500 12  5 24  13.9  996 198  6.5 7  7.1  72    0    0 347 -365  0
4218500 2850500 12  6  1  14.1  995 199  6.4 7  7.2  71    0    0 343 -366  0
4218500 2850500 12  6  2  14.0  995 199  6.5 7  7.1  70    0    0 343 -367  0
4218500 2850500 12  6  3  14.1  995 200  5.9 7  7.1  70    0    0 344 -367  0
4218500 2850500 12  6  4  13.9  995 201  5.8 7  7.2  71    0    0 343 -367  0
4218500 2850500 12  6  5  13.5  995 201  6.0 6  7.1  72    0    0 336 -367  0
4218500 2850500 12  6  6  13.8  995 201  6.0 7  7.0  71    0    0 333 -368  0
4218500 2850500 12  6  7  12.0  994 308  5.1 7  7.3  77    0    0 336 -368  0
4218500 2850500 12  6  8  10.1  995 282  3.4 7  7.5  90    0    0 329 -368  0
4218500 2850500 12  6  9   9.7  996 231  2.6 8  7.4  95    0    6 331 -368  0
4218500 2850500 12  6 10  10.1  996 234  3.4 8  7.3  94    0   34 336 -367  0
4218500 2850500 12  6 11  10.6  997 232  4.4 8  7.3  91    0   43 335 -365  0
4218500 2850500 12  6 12  10.8  998 214  4.2 8  7.1  87    0   49 334 -364  0
4218500 2850500 12  6 13  11.0  997 231  4.6 7  6.7  81    0   68 329 -364  0
4218500 2850500 12  6 14  11.3  998 231  4.7 6  6.4  76    6   87 320 -364  0
4218500 2850500 12  6 15  11.1  998 224  4.8 7  6.2  74    1   44 320 -365  0
4218500 2850500 12  6 16  10.6  999 212  3.8 8  6.1  74    0   11 331 -361  0
4218500 2850500 12  6 17  10.2 1000 222  5.1 7  6.1  76    0    0 329 -355  0
4218500 2850500 12  6 18   9.9 1001 214  4.8 7  6.0  77    0    0 322 -350  0
4218500 2850500 12  6 19   9.7 1001 203  5.1 7  5.9  78    0    0 319 -347  0
4218500 2850500 12  6 20   9.7 1002 226  5.7 7  5.9  78    0    0 317 -345  0
4218500 2850500 12  6 21   9.5 1002 221  5.4 8  5.8  78    0    0 322 -345  0
4218500 2850500 12  6 22   9.6 1003 223  4.9 7  5.7  77    0    0 322 -346  0
4218500 2850500 12  6 23   9.7 1004 222  4.4 7  5.6  75    0    0 317 -344  0
4218500 2850500 12  6 24   9.3 1004 231  5.0 6  5.6  74    0    0 312 -342  0
4218500 2850500 12  7  1   9.1 1005 222  4.1 7  5.5  75    0    0 311 -342  0
4218500 2850500 12  7  2   8.7 1005 216  4.2 7  5.4  76    0    0 314 -343  0
4218500 2850500 12  7  3   8.1 1005 220  4.4 6  5.4  78    0    0 308 -341  0
4218500 2850500 12  7  4   7.3 1006 212  4.4 4  5.3  80    0    0 290 -336  0
4218500 2850500 12  7  5   6.8 1005 205  4.0 2  5.1  81    0    0 268 -332  0
4218500 2850500 12  7  6   6.1 1005 208  4.0 1  5.0  83    0    0 252 -330  0
4218500 2850500 12  7  7   5.6 1004 190  3.7 0  4.9  85    0    0 240 -328  0
4218500 2850500 12  7  8   5.1 1004 189  4.4 0  4.9  88    0    0 234 -327  0
4218500 2850500 12  7  9   5.4 1004 190  4.4 0  4.9  89   12   16 231 -326  0
4218500 2850500 12  7 10   6.8 1004 191  4.8 1  5.1  86   67   46 236 -326  0
4218500 2850500 12  7 11   8.0 1004 173  5.5 1  5.1  79  120   66 245 -329  0
4218500 2850500 12  7 12   9.2 1003 182  6.8 2  5.1  73  148   77 253 -334  0
4218500 2850500 12  7 13  10.0 1002 199  8.3 3  5.0  67  124   86 264 -338  0
4218500 2850500 12  7 14   9.3 1001 182  8.3 4  4.8  64   57   88 269 -342  0
4218500 2850500 12  7 15   9.1 1000 179  6.8 7  4.7  64   39   56 290 -344  0
4218500 2850500 12  7 16   8.7  999 171  6.6 6  4.5  63    0    6 302 -344  0
4218500 2850500 12  7 17   8.6  998 169  6.6 7  4.5  63    0    0 301 -344  0
4218500 2850500 12  7 18   8.7  997 179  7.0 7  4.5  63    0    0 310 -344  0
4218500 2850500 12  7 19   8.9  996 180  8.0 8  4.5  62    0    0 318 -345  0
4218500 2850500 12  7 20   7.7  996 190  7.3 8  4.7  68    0    0 324 -346  0
4218500 2850500 12  7 21   8.4  996 191  7.4 8  4.9  73    0    0 325 -347  0
4218500 2850500 12  7 22   9.0  996 200  6.7 8  4.9  69    0    0 330 -348  0
4218500 2850500 12  7 23   9.3  996 191  6.6 8  4.9  67    0    0 334 -347  0
4218500 2850500 12  7 24   8.9  996 200  6.1 5  5.0  68    0    0 314 -346  0
4218500 2850500 12  8  1   8.5  997 191  5.8 2  5.0  70    0    0 275 -346  0
4218500 2850500 12  8  2   8.0  997 191  5.6 2  5.0  72    0    0 260 -346  0
4218500 2850500 12  8  3   7.8  997 191  5.5 3  5.0  74    0    0 265 -345  0
4218500 2850500 12  8  4   7.9  997 198  5.6 3  5.0  74    0    0 269 -344  0
4218500 2850500 12  8  5   7.6  997 187  5.6 3  4.9  74    0    0 268 -344  0
4218500 2850500 12  8  6   7.5  997 190  6.0 2  4.9  74    0    0 256 -346  0
4218500 2850500 12  8  7   7.3  996 178  5.1 4  4.9  76    0    0 254 -346  0
4218500 2850500 12  8  8   7.0  996 170  4.9 5  5.0  78    0    0 271 -346  0
4218500 2850500 12  8  9   6.7  996 163  4.0 6  5.1  81    7   17 283 -347  0
4218500 2850500 12  8 10   8.1  996 168  5.5 5  5.3  81   38   53 283 -349  0
4218500 2850500 12  8 11  10.7  996 158  5.9 5  5.6  75   62   86 278 -352  0
4218500 2850500 12  8 12  11.5  995 158  6.0 5  5.8  69   75  108 279 -355  0
4218500 2850500 12  8 13  12.1  993 152  6.1 4  5.8  66   69  113 272 -356  0
4218500 2850500 12  8 14  12.0  993 151  6.0 3  5.8  65   47   95 258 -357  0
4218500 2850500 12  8 15  12.3  992 152  5.1 7  5.7  63    1   44 289 -358  0
4218500 2850500 12  8 16  12.0  991 149  5.1 7  5.8  64    0    2 322 -358  0
4218500 2850500 12  8 17  11.6  991 156  5.4 6  5.7  65    0    0 315 -358  0
4218500 2850500 12  8 18  11.0  990 160  5.4 6  5.5  64    0    0 306 -358  0
4218500 2850500 12  8 19  11.1  990 169  5.5 6  5.5  66    0    0 304 -359  0
4218500 2850500 12  8 20  11.6  990 169  5.1 7  5.6  66    0    0 312 -358  0
4218500 2850500 12  8 21  11.7  990 190  6.8 7  5.7  65    0    0 319 -358  0
4218500 2850500 12  8 22  12.1  990 189  5.7 7  5.6  64    0    0 319 -358  0
4218500 2850500 12  8 23  11.9  991 200  6.2 7  5.7  64    0    0 319 -358  0
4218500 2850500 12  8 24  12.4  991 210  6.3 7  5.7  64    0    0 322 -358  0
4218500 2850500 12  9  1  12.1  992 209  4.6 8  5.7  63    0    0 332 -359  0
4218500 2850500 12  9  2  11.7  993 222  5.9 8  5.6  63    0    0 340 -359  0
4218500 2850500 12  9  3  11.3  994 231  5.5 8  5.2  61    0    0 338 -358  0
4218500 2850500 12  9  4  10.5  995 231  4.6 8  4.9  59    0    0 335 -358  0
4218500 2850500 12  9  5   9.6  995 203  4.5 8  4.7  61    0    0 331 -358  0
4218500 2850500 12  9  6   9.1  996 193  4.3 7  4.7  64    0    0 320 -358  0
4218500 2850500 12  9  7   9.0  997 202  3.5 7  4.7  65    0    0 311 -358  0
4218500 2850500 12  9  8   9.0  998 190  4.5 7  4.7  65    0    0 311 -358  0
4218500 2850500 12  9  9   8.7  999 199  3.7 7  4.7  66    0    7 310 -354  0
4218500 2850500 12  9 10   8.9 1000 202  3.2 8  4.8  68    2   35 318 -351  0
4218500 2850500 12  9 11   9.1 1001 201  3.5 5  5.0  69   32   59 304 -350  0
4218500 2850500 12  9 12   9.3 1002 243  3.4 6  5.0  68    6   76 292 -351  0
4218500 2850500 12  9 13   9.5 1002 269  3.4 7  5.0  67    0   56 306 -352  0
4218500 2850500 12  9 14   9.4 1002 272  3.2 7  5.0  67    0   44 313 -353  0
4218500 2850500 12  9 15   8.9 1003 280  2.7 8  5.0  69    0   23 318 -352  0
4218500 2850500 12  9 16   8.5 1003 265  1.9 8  5.0  71    0    4 320 -350  0
4218500 2850500 12  9 17   8.0 1004 271  2.2 8  5.1  75    0    0 318 -347  0
4218500 2850500 12  9 18   8.0 1005 282  2.4 8  5.2  77    0    0 319 -345  0
4218500 2850500 12  9 19   7.9 1006 283  2.4 8  5.1  77    0    0 320 -344  0
4218500 2850500 12  9 20   7.6 1006 276  2.7 8  5.1  77    0    0 321 -343  0
4218500 2850500 12  9 21   7.3 1006 290  3.3 8  5.1  78    0    0 321 -342  0
4218500 2850500 12  9 22   7.0 1007 302  3.4 8  5.1  80    0    0 321 -341  0
4218500 2850500 12  9 23   6.8 1007 302  3.7 8  5.1  82    0    0 322 -340  0
4218500 2850500 12  9 24   6.4 1008 294  3.5 8  5.2  85    0    0 321 -339  0
4218500 2850500 12 10  1   6.0 1009 282  4.1 8  5.2  88    0    0 320 -338  0
4218500 2850500 12 10  2   5.6 1010 283  3.7 8  5.2  89    0    0 320 -337  0
4218500 2850500 12 10  3   5.2 1011 283  4.5 8  5.1  91    0    0 319 -336  0
4218500 2850500 12 10  4   5.2 1012 292  4.0 8  5.1  92    0    0 321 -335  0
4218500 2850500 12 10  5   4.9 1012 293  4.1 8  5.1  93    0    0 322 -334  0
4218500 2850500 12 10  6   4.6 1013 291  4.1 8  5.0  94    0    0 322 -333  0
4218500 2850500 12 10  7   4.2 1014 283  3.8 6  4.9  94    0    0 310 -332  0
4218500 2850500 12 10  8   3.5 1015 274  3.3 6  4.8  95    0    0 297 -331  0
4218500 2850500 12 10  9   3.4 1016 279  3.5 6  4.7  97    5   13 295 -330  0
4218500 2850500 12 10 10   3.6 1017 280  3.7 5  4.7  97   48   49 289 -330  0
4218500 2850500 12 10 11   4.4 1018 280  3.9 6  4.7  94   34   87 290 -332  0
4218500 2850500 12 10 12   5.2 1019 280  3.5 4  4.8  90   68  106 286 -333  0
4218500 2850500 12 10 13   6.4 1020 266  3.3 2  4.8  85  122   94 266 -334  0
4218500 2850500 12 10 14   7.0 1020 259  3.6 0  4.9  81   90   85 247 -335  0
4218500 2850500 12 10 15   6.5 1021 260  3.0 1  4.9  81   37   59 244 -334  0
4218500 2850500 12 10 16   5.2 1021 260  3.5 1  4.8  84    1   15 248 -330  0
4218500 2850500 12 10 17   4.6 1022 241  3.2 1  4.7  88    0    0 246 -325  0
4218500 2850500 12 10 18   4.1 1023 233  3.1 0  4.7  92    0    0 241 -323  0
4218500 2850500 12 10 19   3.7 1023 223  3.3 0  4.7  94    0    0 237 -324  0
4218500 2850500 12 10 20   2.9 1023 239  3.5 0  4.6  96    0    0 234 -327  0
4218500 2850500 12 10 21   2.2 1023 229  3.3 0  4.3  96    0    0 228 -330  0
4218500 2850500 12 10 22   2.3 1023 212  3.2 0  4.2  95    0    0 224 -332  0
4218500 2850500 12 10 23   2.0 1024 209  3.5 0  4.2  95    0    0 223 -333  0
4218500 2850500 12 10 24   1.3 1024 205  3.3 0  4.1  96    0    0 221 -331  0
4218500 2850500 12 11  1   1.1 1023 190  3.5 1  4.0  97    0    0 225 -327  0
4218500 2850500 12 11  2   1.0 1023 210  3.8 1  4.0  98    0    0 229 -324  0
4218500 2850500 12 11  3   1.0 1023 201  4.2 0  3.9  97    0    0 224 -321  0
4218500 2850500 12 11  4   0.8 1022 192  3.6 0  3.9  97    0    0 219 -319  0
4218500 2850500 12 11  5   0.5 1021 193  4.2 1  3.8  96    0    0 225 -318  0
4218500 2850500 12 11  6   0.4 1021 191  4.3 0  3.7  95    0    0 228 -318  0
4218500 2850500 12 11  7   0.9 1020 190  5.0 0  3.8  96    0    0 228 -318  0
4218500 2850500 12 11  8   1.9 1019 199  5.3 0  3.9  94    0    0 233 -320  0
4218500 2850500 12 11  9   1.9 1019 193  5.1 1  3.9  91    9   13 239 -321  0
4218500 2850500 12 11 10   2.6 1018 201  5.8 3  3.9  89   73   38 255 -323  0
4218500 2850500 12 11 11   4.4 1018 204  6.8 4  4.0  83   70   72 274 -325  0
4218500 2850500 12 11 12   4.8 1017 202  7.4 6  4.0  77   25   99 291 -327  0
4218500 2850500 12 11 13   5.5 1016 203  7.0 7  4.0  74    3   78 306 -328  0
4218500 2850500 12 11 14   6.0 1015 204  7.3 7  4.0  71    0   44 315 -330  0
4218500 2850500 12 11 15   6.3 1014 202  6.9 8  4.0  69    0   16 322 -331  0
4218500 2850500 12 11 16   6.2 1013 202  6.6 8  4.0  68    0    2 326 -332  0
4218500 2850500 12 11 17   5.5 1013 203  6.6 8  4.1  71    0    0 327 -333  0
4218500 2850500 12 11 18   4.8 1013 202  6.2 8  4.3  78    0    0 327 -333  0
4218500 2850500 12 11 19   4.2 1012 203  6.4 8  4.6  88    0    0 327 -333  0
4218500 2850500 12 11 20   4.0 1012 202  6.8 8  4.9  96    0    0 326 -334  0
4218500 2850500 12 11 21   4.3 1011 203  6.3 8  5.0  98    0    0 327 -334  0
4218500 2850500 12 11 22   4.5 1011 205  5.6 8  5.1  98    0    0 328 -334  0
4218500 2850500 12 11 23   4.7 1011 213  5.6 8  5.2  99    0    0 329 -335  0
4218500 2850500 12 11 24   4.7 1011 222  5.4 8  5.3 100    0    0 329 -335  0
4218500 2850500 12 12  1   4.9 1011 221  5.0 8  5.3 100    0    0 330 -335  0
4218500 2850500 12 12  2   5.1 1010 220  4.4 8  5.4  99    0    0 330 -335  0
4218500 2850500 12 12  3   5.2 1010 219  4.7 8  5.4  99    0    0 332 -336  0
4218500 2850500 12 12  4   5.3 1010 223  4.5 8  5.5  99    0    0 332 -336  0
4218500 2850500 12 12  5   5.5 1010 231  4.7 8  5.5  99    0    0 333 -336  0
4218500 2850500 12 12  6   5.7 1010 249  4.5 8  5.6  99    0    0 333 -336  0
4218500 2850500 12 12  7   6.0 1011 257  3.9 8  5.7  98    0    0 333 -336  0
4218500 2850500 12 12  8   6.0 1011 258  3.5 8  5.7  97    0    0 334 -337  0
4218500 2850500 12 12  9   5.8 1011 249  3.5 8  5.7  98    0    5 332 -338  0
4218500 2850500 12 12 10   6.0 1012 241  3.9 8  5.7  98    3   39 332 -339  0
4218500 2850500 12 12 11   6.2 1013 242  4.1 5  5.7  98   47   72 315 -341  0
4218500 2850500 12 12 12   6.7 1014 282  4.8 6  5.8  96    0   50 303 -343  0
4218500 2850500 12 12 13   7.3 1014 261  5.1 4  5.7  92   48   94 300 -343  0
4218500 2850500 12 12 14   7.5 1014 259  4.8 4  5.6  87   53   78 288 -343  0
4218500 2850500 12 12 15   7.0 1014 251  4.9 3  5.4  86   35   49 282 -342  0
4218500 2850500 12 12 16   6.5 1014 251  3.7 2  5.3  87    0   13 266 -340  0
4218500 2850500 12 12 17   5.6 1015 219  3.4 2  5.2  90    0    0 257 -338  0
4218500 2850500 12 12 18   4.5 1015 220  3.7 1  5.1  95    0    0 248 -337  0
4218500 2850500 12 12 19   4.1 1015 222  3.9 1  5.0  96    0    0 239 -336  0
4218500 2850500 12 12 20   3.6 1016 201  4.3 1  4.8  95    0    0 239 -332  0
4218500 2850500 12 12 21   3.5 1016 209  4.7 3  4.6  94    0    0 248 -327  0
4218500 2850500 12 12 22   3.4 1015 212  4.8 6  4.5  94    0    0 276 -323  0
4218500 2850500 12 12 23   3.8 1015 202  5.4 6  4.6  94    0    0 292 -320  0
4218500 2850500 12 12 24   4.4 1015 204  5.9 7  4.6  91    0    0 299 -318  0
4218500 2850500 12 13  1   4.4 1014 212  5.8 7  4.6  89    0    0 305 -317  0
4218500 2850500 12 13  2   4.8 1014 212  6.0 7  4.6  86    0    0 303 -316  0
4218500 2850500 12 13  3   4.7 1013 220  5.8 7  4.6  86    0    0 303 -315  0
4218500 2850500 12 13  4   4.5 1013 221  6.3 7  4.9  92    0    0 303 -315  0
4218500 2850500 12 13  5   4.5 1013 215  6.3 8  5.0  96    0    0 309 -316  0
4218500 2850500 12 13  6   4.7 1013 231  6.6 8  5.0  95    0    0 315 -317  0
4218500 2850500 12 13  7   4.8 1013 232  6.0 7  5.1  95    0    0 312 -320  0
4218500 2850500 12 13  8   4.9 1014 231  5.7 7  5.1  94    0    0 307 -322  0
4218500 2850500 12 13  9   5.5 1014 219  6.8 7  5.1  93    0    8 309 -323  0
4218500 2850500 12 13 10   6.1 1014 221  6.3 7  5.2  91    9   43 313 -325  0
4218500 2850500 12 13 11   7.1 1015 238  7.2 7  5.3  88    4   69 317 -328  0
4218500 2850500 12 13 12   8.0 1015 238  7.5 5  5.4  84   12   93 310 -331  0
4218500 2850500 12 13 13   8.3 1015 239  6.7 6  5.5  81   16   97 306 -334  0
4218500 2850500 12 13 14   8.4 1016 239  6.3 6  5.5  81   18   85 312 -337  0
4218500 2850500 12 13 15   8.5 1016 239  5.5 8  5.5  80    1   46 324 -338  0
4218500 2850500 12 13 16   7.9 1016 222  5.4 7  5.5  82    0    8 329 -338  0
4218500 2850500 12 13 17   8.0 1017 227  6.3 7  5.6  85    0    0 324 -337  0
4218500 2850500 12 13 18   8.0 1017 228  5.0 7  5.7  86    0    0 325 -337  0
4218500 2850500 12 13 19   8.2 1017 221  5.9 8  5.7  86    0    0 332 -337  0
4218500 2850500 12 13 20   8.2 1017 220  5.5 8  5.8  85    0    0 337 -338  0
4218500 2850500 12 13 21   8.1 1017 210  5.9 8  5.7  85    0    0 336 -339  0
4218500 2850500 12 13 22   8.5 1017 222  6.1 8  5.8  85    0    0 335 -340  0
4218500 2850500 12 13 23   8.6 1017 221  6.1 8  5.8  85    0    0 333 -340  0
4218500 2850500 12 13 24   8.5 1017 213  6.4 8  5.8  85    0    0 329 -340  0
4218500 2850500 12 14  1   8.8 1017 221  6.9 7  5.9  85    0    0 323 -339  0
4218500 2850500 12 14  2   8.8 1016 223  6.7 7  5.9  84    0    0 316 -337  0
4218500 2850500 12 14  3   8.8 1016 224  6.3 7  5.8  83    0    0 313 -335  0
4218500 2850500 12 14  4   8.9 1016 231  6.8 7  5.8  83    0    0 309 -333  0
4218500 2850500 12 14  5   8.8 1016 220  6.3 7  5.8  82    0    0 306 -332  0
4218500 2850500 12 14  6   8.2 1016 220  5.4 7  5.6  82    0    0 302 -332  0
4218500 2850500 12 14  7   8.0 1016 215  5.8 6  5.6  83    0    0 296 -330  0
4218500 2850500 12 14  8   8.1 1016 224  5.7 7  5.5  83    0    0 294 -329  0
4218500 2850500 12 14  9   8.1 1016 224  5.3 8  5.5  82    0    9 296 -328  0
4218500 2850500 12 14 10   8.7 1017 232  5.9 7  5.5  80   44    9 296 -328  0
4218500 2850500 12 14 11   9.2 1018 238  6.2 8  5.5  78    5   54 296 -331  0
4218500 2850500 12 14 12   9.6 1018 231  6.3 8  5.5  75    0   45 298 -334  0
4218500 2850500 12 14 13   9.9 1018 242  7.1 8  5.5  74    0   43 298 -337  0
4218500 2850500 12 14 14  10.0 1018 242  6.7 8  5.6  73    0   36 296 -339  0
4218500 2850500 12 14 15  10.3 1018 240  6.0 7  5.6  73    0   30 294 -339  0
4218500 2850500 12 14 16  10.2 1017 223  5.1 7  5.7  73    0    4 292 -337  0
4218500 2850500 12 14 17   9.2 1018 217  5.3 6  5.5  74    0    0 287 -334  0
4218500 2850500 12 14 18   8.3 1018 213  5.5 6  5.3  76    0    0 282 -332  0
4218500 2850500 12 14 19   8.3 1018 213  5.6 7  5.2  77    0    0 283 -330  0
4218500 2850500 12 14 20   8.5 1019 222  5.4 7  5.3  77    0    0 286 -327  0
4218500 2850500 12 14 21   8.7 1019 215  5.3 8  5.4  78    0    0 291 -325  0
4218500 2850500 12 14 22   8.2 1019 222  5.5 8  5.4  79    0    0 294 -323  0
4218500 2850500 12 14 23   8.0 1019 220  4.9 7  5.3  80    0    0 292 -321  0
4218500 2850500 12 14 24   7.9 1019 213  4.5 7  5.3  80    0    0 290 -320  0
4218500 2850500 12 15  1   6.8 1019 213  5.5 7  5.2  81    0    0 289 -318  0
4218500 2850500 12 15  2   6.4 1019 218  5.3 6  5.0  83    0    0 285 -318  0
4218500 2850500 12 15  3   6.1 1019 219  5.2 6  5.0  84    0    0 281 -317  0
4218500 2850500 12 15  4   5.9 1019 222  4.5 6  5.0  86    0    0 280 -316  0
4218500 2850500 12 15  5   5.5 1019 207  4.6 7  4.9  87    0    0 283 -316  0
4218500 2850500 12 15  6   6.0 1019 217  4.0 7  4.9  87    0    0 287 -316  0
4218500 2850500 12 15  7   5.6 1019 221  3.8 6  4.9  86    0    0 284 -315  0
4218500 2850500 12 15  8   3.7 1019 200  3.8 5  4.7  89    0    0 274 -315  0
4218500 2850500 12 15  9   3.5 1019 189  3.5 4  4.5  92    7   13 264 -315  0
4218500 2850500 12 15 10   4.2 1019 201  3.8 5  4.6  92   45   44 265 -316  0
4218500 2850500 12 15 11   5.3 1020 210  3.7 8  4.6  87   53   77 286 -318  0
4218500 2850500 12 15 12   6.6 1020 204  3.7 6  4.6  81   70   96 295 -323  0
4218500 2850500 12 15 13   8.1 1019 203  3.6 5  4.7  74   69  100 286 -327  0
4218500 2850500 12 15 14   9.2 1019 220  4.6 4  4.7  68   70   82 280 -330  0
4218500 2850500 12 15 15   8.4 1018 206  3.2 4  4.6  66   36   56 277 -329  0
4218500 2850500 12 15 16   7.5 1018 209  3.1 3  4.5  68    0   12 269 -326  0
4218500 2850500 12 15 17   5.6 1018 192  3.4 3  4.3  71    0    0 260 -322  0
4218500 2850500 12 15 18   5.8 1017 209  3.5 2  4.3  75    0    0 253 -319  0
4218500 2850500 12 15 19   4.9 1017 209  4.1 2  4.3  77    0    0 249 -317  0
4218500 2850500 12 15 20   4.8 1017 219  3.8 1  4.1  78    0    0 246 -316  0
4218500 2850500 12 15 21   4.8 1017 220  3.9 1  4.0  76    0    0 245 -315  0
4218500 2850500 12 15 22   4.8 1017 204  4.6 1  4.0  76    0    0 247 -315  0
4218500 2850500 12 15 23   5.5 1017 210  4.7 1  4.1  75    0    0 250 -314  0
4218500 2850500 12 15 24   5.3 1016 202  4.8 0  4.0  73    0    0 249 -314  0
4218500 2850500 12 16  1   4.7 1016 200  4.5 1  4.0  74    0    0 249 -313  0
4218500 2850500 12 16  2   4.6 1015 202  4.6 0  4.0  75    0    0 248 -312  0
4218500 2850500 12 16  3   4.6 1015 196  4.6 0  3.9  74    0    0 244 -312  0
4218500 2850500 12 16  4   5.2 1015 202  5.5 0  3.9  73    0    0 244 -312  0
4218500 2850500 12 16  5   4.6 1015 201  4.9 0  3.9  73    0    0 243 -312  0
4218500 2850500 12 16  6   4.5 1014 202  5.6 0  3.9  74    0    0 240 -312  0
4218500 2850500 12 16  7   4.3 1013 201  5.3 0  3.9  75    0    0 237 -312  0
4218500 2850500 12 16  8   4.2 1013 201  4.7 1  3.8  75    0    0 239 -312  0
4218500 2850500 12 16  9   4.9 1012 211  6.1 2  3.8  73    6   12 246 -312  0
4218500 2850500 12 16 10   6.9 1012 211  6.4 4  3.9  68   31   47 260 -313  0
4218500 2850500 12 16 11   8.8 1012 223  6.7 6  4.2  63   21   79 280 -315  0
4218500 2850500 12 16 12   9.3 1011 222  6.1 6  4.4  61   29  102 292 -319  0
4218500 2850500 12 16 13   9.8 1012 232  7.8 6  4.6  62   46  107 294 -325  0
4218500 2850500 12 16 14  10.1 1011 230  7.9 5  4.9  64   33   89 290 -329  0
4218500 2850500 12 16 15  10.1 1010 222  6.7 8  5.0  65    0   40 301 -331  0
4218500 2850500 12 16 16  10.0 1010 230  6.3 8  5.1  66    0    3 320 -331  0
4218500 2850500 12 16 17   9.9 1010 231  6.5 8  5.0  66    0    0 324 -330  0
4218500 2850500 12 16 18   9.9 1010 251  6.5 8  5.1  67    0    0 329 -330  0
4218500 2850500 12 16 19   8.4 1011 270  6.5 8  5.4  75    0    0 332 -332  0
4218500 2850500 12 16 20   7.4 1010 270  5.1 8  5.9  89    0    0 332 -335  0
4218500 2850500 12 16 21   6.7 1011 277  4.4 8  6.0  96    0    0 332 -337  0
4218500 2850500 12 16 22   6.4 1012 300  4.4 8  5.8  96    0    0 333 -338  0
4218500 2850500 12 16 23   6.0 1013 291  3.9 8  5.6  95    0    0 334 -339  0
4218500 2850500 12 16 24   5.6 1014 293  3.5 8  5.4  95    0    0 332 -339  0
4218500 2850500 12 17  1   5.8 1015 300  4.2 8  5.3  94    0    0 332 -339  0
4218500 2850500 12 17  2   5.7 1015 302  3.9 7  5.2  91    0    0 325 -338  0
4218500 2850500 12 17  3   5.5 1016 289  4.3 7  5.1  90    0    0 316 -337  0
4218500 2850500 12 17  4   5.4 1017 281  4.6 7  5.1  91    0    0 315 -337  0
4218500 2850500 12 17  5   5.4 1017 278  3.9 7  5.1  92    0    0 313 -337  0
4218500 2850500 12 17  6   5.0 1017 270  4.0 7  5.0  92    0    0 311 -336  0
4218500 2850500 12 17  7   4.5 1017 267  4.1 6  4.9  93    0    0 302 -334  0
4218500 2850500 12 17  8   4.0 1017 251  3.9 5  4.8  94    0    0 287 -333  0
4218500 2850500 12 17  9   3.1 1018 230  3.4 4  4.7  96    5   12 272 -332  0
4218500 2850500 12 17 10   3.7 1018 223  3.4 3  4.6  96   51   43 257 -332  0
4218500 2850500 12 17 11   4.7 1018 216  3.7 5  4.7  92   21   76 264 -332  0
4218500 2850500 12 17 12   5.5 1018 222  4.4 6  4.6  85   27   98 287 -332  0
4218500 2850500 12 17 13   5.8 1017 227  4.4 6  4.5  80    3   83 294 -333  0
4218500 2850500 12 17 14   5.5 1017 223  4.5 6  4.4  79    0   37 294 -333  0
4218500 2850500 12 17 15   5.7 1016 235  4.8 7  4.5  80    0   27 300 -334  0
4218500 2850500 12 17 16   5.7 1016 227  4.6 7  4.5  79    0    2 307 -333  0
4218500 2850500 12 17 17   5.4 1016 221  4.4 6  4.4  78    0    0 300 -333  0
4218500 2850500 12 17 18   4.7 1015 202  4.3 5  4.3  80    0    0 286 -333  0
4218500 2850500 12 17 19   4.3 1015 218  4.6 7  4.3  82    0    0 291 -332  0
4218500 2850500 12 17 20   4.0 1015 238  5.5 7  4.3  85    0    0 302 -331  0
4218500 2850500 12 17 21   3.9 1015 231  4.6 8  4.5  90    0    0 307 -331  0
4218500 2850500 12 17 22   4.3 1015 248  4.7 8  4.6  91    0    0 313 -331  0
4218500 2850500 12 17 23   4.5 1015 245  4.6 8  4.7  91    0    0 313 -330  0
4218500 2850500 12 17 24   4.6 1015 268  4.7 8  4.8  91    0    0 312 -329  0
4218500 2850500 12 18  1   4.4 1016 281  4.5 8  4.8  91    0    0 311 -327  0
4218500 2850500 12 18  2   4.2 1016 281  4.4 8  4.7  91    0    0 310 -326  0
4218500 2850500 12 18  3   4.0 1017 281  3.9 8  4.6  91    0    0 308 -327  0
4218500 2850500 12 18  4   3.7 1017 283  4.5 7  4.5  91    0    0 302 -327  0
4218500 2850500 12 18  5   3.5 1018 288  4.6 8  4.5  92    0    0 300 -327  0
4218500 2850500 12 18  6   3.3 1018 281  4.3 8  4.5  92    0    0 304 -327  0
4218500 2850500 12 18  7   3.4 1019 290  3.8 7  4.5  93    0    0 297 -325  0
4218500 2850500 12 18  8   3.5 1019 275  3.2 7  4.4  92    0    0 292 -321  0
4218500 2850500 12 18  9   3.5 1020 277  3.3 7  4.4  91    0    6 292 -317  0
4218500 2850500 12 18 10   3.7 1020 272  3.4 7  4.5  92    1   37 293 -316  0
4218500 2850500 12 18 11   3.9 1021 265  3.1 7  4.5  91    5   71 295 -319  0
4218500 2850500 12 18 12   4.3 1021 284  3.6 5  4.5  89   36  109 285 -322  0
4218500 2850500 12 18 13   4.6 1021 298  3.8 5  4.5  87   29  109 273 -324  0
4218500 2850500 12 18 14   4.5 1022 299  3.7 7  4.5  86    0   45 284 -325  0
4218500 2850500 12 18 15   4.4 1022 309  3.9 8  4.3  84    0   12 299 -324  0
4218500 2850500 12 18 16   4.2 1022 310  3.6 8  4.1  80    0    2 302 -323  0
4218500 2850500 12 18 17   4.3 1022 290  2.3 7  4.0  79    0    0 295 -322  0
4218500 2850500 12 18 18   3.2 1023 296  3.3 6  4.0  80    0    0 281 -321  0
4218500 2850500 12 18 19   1.8 1023 289  2.7 4  3.8  85    0    0 260 -320  0
4218500 2850500 12 18 20   2.5 1024 274  2.6 5  4.0  90    0    0 254 -319  0
4218500 2850500 12 18 21   2.7 1024 276  2.9 6  4.2  92    0    0 268 -319  0
4218500 2850500 12 18 22   3.0 1024 278  2.8 7  4.3  93    0    0 283 -318  0
4218500 2850500 12 18 23   3.0 1024 276  2.9 7  4.4  94    0    0 290 -316  0
4218500 2850500 12 18 24   3.1 1025 290  3.1 8  4.4  94    0    0 298 -315  0
4218500 2850500 12 19  1   3.0 1025 281  3.0 7  4.4  94    0    0 298 -315  0
4218500 2850500 12 19  2   3.0 1025 282  3.3 7  4.4  94    0    0 291 -315  0
4218500 2850500 12 19  3   3.1 1025 287  2.9 7  4.4  94    0    0 292 -315  0
4218500 2850500 12 19  4   3.4 1025 283  2.7 7  4.3  91    0    0 294 -314  0
4218500 2850500 12 19  5   3.3 1025 293  3.9 7  4.2  88    0    0 295 -314  0
4218500 2850500 12 19  6   3.3 1025 294  3.2 7  4.1  87    0    0 295 -313  0
4218500 2850500 12 19  7   3.2 1025 289  3.1 8  4.2  88    0    0 300 -313  0
4218500 2850500 12 19  8   2.9 1025 297  3.2 7  4.2  90    0    0 301 -313  0
4218500 2850500 12 19  9   3.1 1026 296  3.6 7  4.3  92    0    7 295 -313  0
4218500 2850500 12 19 10   3.5 1026 305  3.8 7  4.3  92   17   45 296 -313  0
4218500 2850500 12 19 11   4.3 1027 295  3.2 5  4.4  89   34   81 288 -314  0
4218500 2850500 12 19 12   5.0 1027 298  2.9 6  4.5  85    2   77 284 -314  0
4218500 2850500 12 19 13   5.4 1027 304  3.4 6  4.5  84    7   89 290 -315  0
4218500 2850500 12 19 14   5.6 1027 297  4.2 5  4.6  82   44   91 285 -316  0
4218500 2850500 12 19 15   5.3 1026 292  3.7 5  4.5  82   17   57 278 -316  0
4218500 2850500 12 19 16   4.3 1027 286  3.8 5  4.4  84    0   15 275 -314  0
4218500 2850500 12 19 17   3.5 1027 282  3.4 3  4.3  87    0    0 262 -311  0
4218500 2850500 12 19 18   3.8 1027 289  3.6 5  4.3  89    0    0 260 -309  0
4218500 2850500 12 19 19   3.5 1027 281  4.0 5  4.3  89    0    0 269 -308  0
4218500 2850500 12 19 20   2.9 1028 270  3.7 5  4.3  90    0    0 268 -307  0
4218500 2850500 12 19 21   2.7 1028 270  3.9 6  4.3  94    0    0 272 -307  0
4218500 2850500 12 19 22   2.7 1028 278  3.5 6  4.3  95    0    0 276 -306  0
4218500 2850500 12 19 23   3.1 1028 287  4.1 7  4.4  96    0    0 281 -305  0
4218500 2850500 12 19 24   2.7 1028 278  4.5 7  4.4  95    0    0 286 -304  0
4218500 2850500 12 20  1   2.6 1028 278  3.9 7  4.3  95    0    0 285 -303  0
4218500 2850500 12 20  2   2.9 1027 277  3.5 8  4.3  94    0    0 292 -302  0
4218500 2850500 12 20  3   3.1 1027 260  3.5 8  4.3  93    0    0 299 -302  0
4218500 2850500 12 20  4   3.4 1027 268  4.3 8  4.3  92    0    0 301 -302  0
4218500 2850500 12 20  5   3.4 1026 268  4.6 7  4.4  92    0    0 296 -302  0
4218500 2850500 12 20  6   3.8 1026 271  4.7 7  4.5  92    0    0 293 -302  0
4218500 2850500 12 20  7   4.4 1026 270  4.8 7  4.6  91    0    0 296 -303  0
4218500 2850500 12 20  8   4.7 1026 270  5.2 8  4.6  88    0    0 305 -304  0
4218500 2850500 12 20  9   5.0 1025 270  5.7 8  4.5  85    0    0 315 -306  0
4218500 2850500 12 20 10   5.2 1025 279  5.5 8  4.5  83    0   15 318 -309  0
4218500 2850500 12 20 11   5.0 1025 275  5.6 7  4.6  85    0   53 315 -312  0
4218500 2850500 12 20 12   4.9 1025 270  5.1 7  4.8  89    0   50 312 -314  0
4218500 2850500 12 20 13   4.9 1025 273  4.8 8  4.9  93    0   37 319 -315  0
4218500 2850500 12 20 14   5.0 1025 273  4.2 7  5.1  95    0   31 321 -317  0
4218500 2850500 12 20 15   5.1 1025 280  4.6 7  5.2  97    0   17 318 -318  0
4218500 2850500 12 20 16   5.3 1025 272  4.2 8  5.3  97    0    2 325 -318  0
4218500 2850500 12 20 17   5.7 1026 283  4.3 7  5.4  97    0    0 326 -318  0
4218500 2850500 12 20 18   5.9 1026 289  3.7 7  5.6  98    0    0 321 -317  0
4218500 2850500 12 20 19   6.0 1027 300  3.4 8  5.6  98    0    0 327 -317  0
4218500 2850500 12 20 20   6.1 1027 303  2.7 8  5.7  99    0    0 332 -317  0
4218500 2850500 12 20 21   6.4 1028 313  2.9 7  5.7  98    0    0 329 -319  0
4218500 2850500 12 20 22   6.4 1028 322  2.6 7  5.7  97    0    0 324 -320  0
4218500 2850500 12 20 23   6.5 1029 315  1.7 7  5.8  97    0    0 324 -321  0
4218500 2850500 12 20 24   6.5 1029 313  1.7 7  5.8  98    0    0 325 -321  0
4218500 2850500 12 21  1   6.4 1030 307  2.3 7  5.8  99    0    0 324 -321  0
4218500 2850500 12 21  2   5.5 1030 315  2.0 7  5.7  99    0    0 323 -321  0
4218500 2850500 12 21  3   5.4 1031 303  1.3 7  5.4  99    0    0 321 -322  0
4218500 2850500 12 21  4   5.3 1031 292  1.8 7  5.4  98    0    0 319 -323  0
4218500 2850500 12 21  5   5.5 1031 309  1.6 8  5.4  99    0    0 326 -324  0
4218500 2850500 12 21  6   5.4 1031 303  1.4 8  5.5  99    0    0 331 -324  0
4218500 2850500 12 21  7   5.5 1032 306  1.5 8  5.4  99    0    0 331 -324  0
4218500 2850500 12 21  8   5.3 1032 281  1.4 7  5.4  98    0    0 325 -325  0
4218500 2850500 12 21  9   5.7 1032 246  1.9 7  5.4  99    0    9 320 -325  0
4218500 2850500 12 21 10   6.1 1033 254  1.7 7  5.6  98    0   33 321 -325  0
4218500 2850500 12 21 11   6.6 1034 270  1.8 7  5.6  96    0   54 322 -327  0
4218500 2850500 12 21 12   7.1 1034 282  2.3 7  5.6  93    1   75 323 -329  0
4218500 2850500 12 21 13   7.0 1034 290  2.7 6  5.6  92    6   87 318 -331  0
4218500 2850500 12 21 14   7.0 1034 305  2.6 6  5.6  92    0   62 311 -332  0
4218500 2850500 12 21 15   7.1 1034 292  2.0 5  5.6  91    0   43 305 -332  0
4218500 2850500 12 21 16   6.9 1034 273  2.3 7  5.5  90    0    7 309 -331  0
4218500 2850500 12 21 17   6.8 1034 273  2.0 7  5.6  92    0    0 319 -329  0
4218500 2850500 12 21 18   6.8 1034 300  3.8 6  5.5  92    0    0 314 -328  0
4218500 2850500 12 21 19   6.6 1035 307  2.4 7  5.3  89    0    0 313 -328  0
4218500 2850500 12 21 20   6.5 1035 298  2.7 8  5.1  87    0    0 322 -328  0
4218500 2850500 12 21 21   6.3 1035 297  3.0 8  5.2  88    0    0 327 -328  0
4218500 2850500 12 21 22   6.1 1035 285  2.0 7  5.2  90    0    0 321 -327  0
4218500 2850500 12 21 23   6.1 1035 259  2.2 7  5.1  90    0    0 316 -327  0
4218500 2850500 12 21 24   6.3 1035 269  2.4 8  5.1  89    0    0 321 -327  0
4218500 2850500 12 22  1   6.2 1035 282  2.7 8  5.2  90    0    0 326 -327  0
4218500 2850500 12 22  2   6.1 1035 293  3.1 8  5.3  91    0    0 326 -327  0
4218500 2850500 12 22  3   6.1 1035 301  3.0 8  5.2  91    0    0 327 -327  0
4218500 2850500 12 22  4   6.0 1035 301  2.8 8  5.2  90    0    0 327 -327  0
4218500 2850500 12 22  5   6.2 1035 284  2.9 7  5.0  87    0    0 322 -326  0
4218500 2850500 12 22  6   6.1 1035 268  2.8 8  4.8  84    0    0 322 -326  0
4218500 2850500 12 22  7   6.1 1035 270  2.8 7  4.8  83    0    0 322 -326  0
4218500 2850500 12 22  8   6.2 1035 289  3.2 8  4.7  82    0    0 322 -325  0
4218500 2850500 12 22  9   6.3 1035 294  3.3 7  4.6  80    0    3 322 -325  0
4218500 2850500 12 22 10   6.2 1036 294  3.0 7  4.6  79    0   21 316 -325  0
4218500 2850500 12 22 11   6.3 1036 294  3.2 8  4.6  79    0   27 322 -326  0
4218500 2850500 12 22 12   6.3 1036 294  3.3 8  4.6  79    0   30 327 -327  0
4218500 2850500 12 22 13   6.3 1035 295  3.6 8  4.6  79    0   28 327 -329  0
4218500 2850500 12 22 14   6.2 1035 295  4.2 7  4.5  78    0   23 321 -329  0
4218500 2850500 12 22 15   6.3 1035 290  3.7 7  4.5  78    0   12 314 -329  0
4218500 2850500 12 22 16   6.2 1035 293  3.0 8  4.6  80    0    1 318 -329  0
4218500 2850500 12 22 17   6.3 1035 299  3.9 8  4.7  81    0    0 323 -328  0
4218500 2850500 12 22 18   6.2 1035 309  3.8 8  4.7  80    0    0 323 -328  0
4218500 2850500 12 22 19   5.8 1036 328  3.5 7  4.6  81    0    0 317 -327  0
4218500 2850500 12 22 20   5.5 1036 302  3.0 7  4.4  80    0    0 311 -325  0
4218500 2850500 12 22 21   5.0 1036 314  3.1 7  4.3  80    0    0 310 -324  0
4218500 2850500 12 22 22   4.9 1036 328  3.7 8  4.3  81    0    0 315 -323  0
4218500 2850500 12 22 23   4.6 1037 298  3.2 8  4.3  83    0    0 321 -322  0
4218500 2850500 12 22 24   4.6 1037 283  3.0 8  4.3  84    0    0 321 -322  0
4218500 2850500 12 23  1   4.7 1036 290  3.4 7  4.3  84    0    0 316 -322  0
4218500 2850500 12 23  2   4.6 1036 295  3.7 7  4.3  84    0    0 311 -322  0
4218500 2850500 12 23  3   4.6 1036 295  3.2 8  4.4  85    0    0 316 -321  0
4218500 2850500 12 23  4   4.4 1036 305  2.8 8  4.5  88    0    0 321 -321  0
4218500 2850500 12 23  5   4.5 1037 292  2.2 8  4.6  90    0    0 321 -321  0
4218500 2850500 12 23  6   4.6 1036 293  2.8 8  4.8  93    0    0 321 -321  0
4218500 2850500 12 23  7   4.6 1036 299  2.8 8  4.9  95    0    0 321 -321  0
4218500 2850500 12 23  8   4.7 1036 300  2.5 8  4.9  95    0    0 321 -321  0
4218500 2850500 12 23  9   4.8 1037 307  2.0 8  5.0  95    0    1 322 -321  0
4218500 2850500 12 23 10   5.0 1037 290  2.0 8  5.0  94    1   38 321 -322  0
4218500 2850500 12 23 11   5.3 1037 278  2.8 7  4.9  92    0   50 317 -324  0
4218500 2850500 12 23 12   5.5 1037 286  2.8 8  4.9  90    0   28 316 -327  0
4218500 2850500 12 23 13   5.5 1037 259  2.9 8  4.8  88    0   41 319 -329  0
4218500 2850500 12 23 14   5.3 1037 285  3.1 7  4.8  88    0   37 312 -331  0
4218500 2850500 12 23 15   5.3 1036 287  2.5 8  4.8  88    0   20 308 -330  0
4218500 2850500 12 23 16   5.0 1036 276  2.8 8  4.8  89    0    2 309 -329  0
4218500 2850500 12 23 17   4.8 1036 298  2.8 8  4.7  90    0    0 308 -327  0
4218500 2850500 12 23 18   4.6 1036 294  2.8 8  4.7  90    0    0 307 -325  0
4218500 2850500 12 23 19   4.5 1036 282  2.8 7  4.6  89    0    0 302 -325  0
4218500 2850500 12 23 20   4.3 1036 278  2.9 7  4.6  90    0    0 299 -324  0
4218500 2850500 12 23 21   4.1 1036 285  3.3 7  4.6  92    0    0 298 -324  0
4218500 2850500 12 23 22   4.0 1035 285  2.7 8  4.6  93    0    0 303 -324  0
4218500 2850500 12 23 23   4.0 1035 279  3.0 8  4.6  94    0    0 307 -324  0
4218500 2850500 12 23 24   3.9 1035 277  3.2 8  4.6  94    0    0 307 -324  0
4218500 2850500 12 24  1   4.0 1035 287  2.9 8  4.7  94    0    0 307 -324  0
4218500 2850500 12 24  2   3.8 1035 274  2.9 8  4.7  96    0    0 306 -324  0
4218500 2850500 12 24  3   3.7 1034 270  2.9 8  4.8  99    0    0 306 -324  0
4218500 2850500 12 24  4   3.6 1034 292  2.5 7  4.8  99    0    0 301 -323  0
4218500 2850500 12 24  5   3.4 1034 274  3.1 7  4.7  98    0    0 297 -322  0
4218500 2850500 12 24  6   3.2 1033 269  3.3 8  4.6  98    0    0 300 -321  0
4218500 2850500 12 24  7   3.2 1032 277  3.2 8  4.6  98    0    0 305 -321  0
4218500 2850500 12 24  8   2.9 1032 277  3.9 8  4.5  98    0    0 305 -320  0
4218500 2850500 12 24  9   2.8 1032 272  3.6 8  4.5  98    0    5 305 -319  0
4218500 2850500 12 24 10   2.8 1032 291  4.1 7  4.5  98    0   32 301 -318  0
4218500 2850500 12 24 11   2.9 1032 293  4.4 8  4.5  98    0   36 300 -318  0
4218500 2850500 12 24 12   2.8 1032 279  4.3 7  4.5  98    0   39 299 -321  0
4218500 2850500 12 24 13   2.9 1032 288  3.7 7  4.5  98    0   38 293 -324  0
4218500 2850500 12 24 14   3.2 1031 293  3.8 7  4.5  98    0   26 292 -326  0
4218500 2850500 12 24 15   3.5 1031 292  3.7 8  4.7  98    0   13 295 -325  0
4218500 2850500 12 24 16   3.8 1030 289  3.2 8  4.8  99    0    2 298 -321  0
4218500 2850500 12 24 17   4.2 1030 300  3.5 8  4.9  99    0    0 300 -317  0
4218500 2850500 12 24 18   4.3 1030 281  2.9 8  5.0  99    0    0 301 -315  0
4218500 2850500 12 24 19   4.4 1030 281  2.8 8  5.0  99    0    0 302 -315  0
4218500 2850500 12 24 20   4.6 1030 284  2.7 8  5.1  99    0    0 303 -314  0
4218500 2850500 12 24 21   4.9 1030 285  3.0 8  5.2  99    0    0 304 -314  0
4218500 2850500 12 24 22   5.2 1030 290  2.5 8  5.3  98    0    0 307 -313  0
4218500 2850500 12 24 23   5.2 1030 276  2.6 8  5.3  98    0    0 310 -313  0
4218500 2850500 12 24 24   5.3 1030 287  2.6 8  5.4  99    0    0 311 -312  0
4218500 2850500 12 25  1   5.4 1030 298  2.4 8  5.4  99    0    0 312 -312  0
4218500 2850500 12 25  2   5.5 1030 280  1.6 8  5.5  99    0    0 315 -312  0
4218500 2850500 12 25  3   5.5 1030 282  2.1 8  5.5  99    0    0 316 -312  0
4218500 2850500 12 25  4   5.5 1030 305  1.9 8  5.5  99    0    0 318 -312  0
4218500 2850500 12 25  5   5.7 1030 318  1.7 8  5.5  99    0    0 319 -312  0
4218500 2850500 12 25  6   5.8 1030 345  2.1 8  5.5  98    0    0 321 -312  0
4218500 2850500 12 25  7   5.8 1030 357  2.0 8  5.5  97    0    0 320 -311  0
4218500 2850500 12 25  8   5.8 1030 357  1.5 8  5.4  96    0    0 319 -311  0
4218500 2850500 12 25  9   5.8 1031 316  1.2 8  5.5  97    0    2 319 -311  0
4218500 2850500 12 25 10   6.1 1031 293  0.9 7  5.6  98    1   32 314 -311  0
4218500 2850500 12 25 11   6.7 1032 295  1.2 6  5.6  96   22   76 306 -312  0
4218500 2850500 12 25 12   6.9 1032 342  1.8 5  5.5  91   75   91 296 -314  0
4218500 2850500 12 25 13   7.7 1032   2  1.9 4  5.3  84   72   93 286 -317  0
4218500 2850500 12 25 14   6.7 1031 352  1.2 3  5.1  82   41   83 276 -319  0
4218500 2850500 12 25 15   6.7 1031   2  1.4 5  5.0  84    8   48 278 -317  0
4218500 2850500 12 25 16   5.5 1031 358  1.7 3  4.9  85    0    8 276 -315  0
4218500 2850500 12 25 17   3.8 1031  35  1.7 2  4.6  89    0    0 256 -314  0
4218500 2850500 12 25 18   2.6 1032  43  0.5 2  4.4  94    0    0 246 -312  0
4218500 2850500 12 25 19   2.0 1032 104  0.8 2  4.2  95    0    0 242 -311  0
4218500 2850500 12 25 20   1.1 1032 228  1.1 1  4.0  97    0    0 235 -310  0
4218500 2850500 12 25 21   1.1 1032 358  1.3 4  4.0  99    0    0 243 -310  0
4218500 2850500 12 25 22   2.4 1033  97  2.4 7  4.2  99    0    0 276 -309  0
4218500 2850500 12 25 23   3.0 1033  99  2.6 7  4.5  99    0    0 292 -309  0
4218500 2850500 12 25 24   2.4 1033 118  2.2 6  4.4  98    0    0 286 -309  0
4218500 2850500 12 26  1   1.5 1033 113  1.4 4  4.2  99    0    0 269 -309  0
4218500 2850500 12 26  2   0.6 1032 148  1.0 3  3.9  98    0    0 252 -309  0
4218500 2850500 12 26  3   1.0 1032 141  1.0 3  3.8  97    0    0 246 -309  0
4218500 2850500 12 26  4   1.6 1032 129  1.0 5  4.0  98    0    0 256 -308  0
4218500 2850500 12 26  5   1.5 1032 129  1.0 6  4.1  99    0    0 269 -307  0
4218500 2850500 12 26  6   1.6 1032 184  0.9 5  4.1  99    0    0 268 -305  0
4218500 2850500 12 26  7   1.0 1032 141  1.3 6  4.0  99    0    0 266 -304  0
4218500 2850500 12 26  8   0.5 1032 170  1.6 8  3.9  99    0    0 275 -302  0
4218500 2850500 12 26  9   0.2 1032 170  1.9 8  3.8 100    0    8 281 -302  0
4218500 2850500 12 26 10   0.3 1032 173  2.0 8  3.8  99    3   44 280 -302  0
4218500 2850500 12 26 11  -0.5 1032 178  2.3 7  3.7  99    2   64 273 -305  0
4218500 2850500 12 26 12   0.2 1032 208  1.9 7  3.7 100    1   77 268 -309  0
4218500 2850500 12 26 13   0.8 1032 216  2.0 8  3.8 100    0   67 271 -312  0
4218500 2850500 12 26 14   1.2 1031 208  1.6 8  4.0 100    0   39 272 -313  0
4218500 2850500 12 26 15   1.6 1031 231  1.9 7  4.1  99    0   18 266 -314  0
4218500 2850500 12 26 16   1.9 1031 222  1.4 8  4.2  99    0    2 263 -312  0
4218500 2850500 12 26 17   1.8 1030 223  1.8 8  4.2  99    0    0 260 -310  0
4218500 2850500 12 26 18   1.7 1030 213  2.4 8  4.2  99    0    0 254 -308  0
4218500 2850500 12 26 19   1.8 1030 202  2.5 8  4.2  99    0    0 250 -307  0
4218500 2850500 12 26 20   2.0 1030 210  2.2 8  4.1  97    0    0 249 -306  0
4218500 2850500 12 26 21   2.0 1030 201  2.8 8  4.1  95    0    0 249 -305  0
4218500 2850500 12 26 22   1.4 1029 203  2.6 8  4.1  96    0    0 246 -304  0
4218500 2850500 12 26 23   1.1 1029 226  2.6 8  4.0  98    0    0 244 -304  0
4218500 2850500 12 26 24   0.7 1029 221  2.9 8  3.9  98    0    0 242 -303  0
4218500 2850500 12 27  1   0.7 1028 246  2.0 8  3.9  99    0    0 240 -303  0
4218500 2850500 12 27  2   0.5 1028 275  1.9 8  3.9 100    0    0 240 -303  0
4218500 2850500 12 27  3   0.6 1028 300  1.9 8  3.9 100    0    0 239 -302  0
4218500 2850500 12 27  4   0.2 1028 279  2.1 7  3.8  99    0    0 237 -302  0
4218500 2850500 12 27  5   0.1 1027 256  1.8 7  3.7  99    0    0 234 -302  0
4218500 2850500 12 27  6  -0.2 1027 244  2.2 8  3.7  99    0    0 235 -301  0
4218500 2850500 12 27  7  -0.4 1027 250  2.5 8  3.6  99    0    0 236 -301  0
4218500 2850500 12 27  8  -0.7 1027 272  2.4 8  3.6  99    0    0 236 -301  0
4218500 2850500 12 27  9  -0.7 1027 274  2.4 8  3.5  99    0    4 234 -300  0
4218500 2850500 12 27 10  -0.8 1027 283  2.3 8  3.5  99    0   30 234 -301  0
4218500 2850500 12 27 11  -0.5 1027 276  2.9 7  3.5  99    0   38 234 -304  0
4218500 2850500 12 27 12  -0.3 1027 266  3.2 7  3.6  99    0   37 233 -307  0
4218500 2850500 12 27 13  -0.5 1026 263  2.7 8  3.6  98    0   34 234 -310  0
4218500 2850500 12 27 14  -0.5 1025 270  2.7 8  3.6  99    0   24 235 -312  0
4218500 2850500 12 27 15  -0.4 1025 302  2.8 8  3.5  98    0   14 236 -312  0
4218500 2850500 12 27 16  -0.7 1025 294  2.5 8  3.5  96    0    2 237 -310  0
4218500 2850500 12 27 17  -0.6 1024 284  2.5 8  3.4  96    0    0 237 -308  0
4218500 2850500 12 27 18  -0.9 1024 299  2.3 8  3.4  97    0    0 238 -306  0
4218500 2850500 12 27 19  -1.0 1024 289  3.0 8  3.4  97    0    0 237 -306  0
4218500 2850500 12 27 20  -1.0 1024 284  3.1 8  3.4  98    0    0 238 -305  0
4218500 2850500 12 27 21  -0.8 1024 275  2.1 8  3.4  98    0    0 239 -304  0
4218500 2850500 12 27 22  -0.8 1023 288  2.9 8  3.4  97    0    0 241 -303  0
4218500 2850500 12 27 23  -0.8 1023 267  3.7 7  3.4  97    0    0 241 -301  0
4218500 2850500 12 27 24  -0.8 1023 288  3.6 7  3.4  96    0    0 242 -299  0
4218500 2850500 12 28  1  -0.9 1023 279  2.8 8  3.4  96    0    0 247 -298  0
4218500 2850500 12 28  2  -0.8 1022 270  4.0 8  3.4  97    0    0 252 -298  0
4218500 2850500 12 28  3  -0.6 1022 279  3.9 8  3.5  97    0    0 253 -297  0
4218500 2850500 12 28  4  -0.6 1022 277  4.2 8  3.5  96    0    0 255 -297  0
4218500 2850500 12 28  5  -0.7 1021 277  4.0 8  3.4  95    0    0 257 -297  0
4218500 2850500 12 28  6  -0.8 1021 269  5.0 8  3.3  93    0    0 259 -296  0
4218500 2850500 12 28  7  -0.7 1020 261  4.3 8  3.3  92    0    0 261 -297  0
4218500 2850500 12 28  8  -0.5 1020 250  4.5 8  3.3  91    0    0 264 -298  0
4218500 2850500 12 28  9  -0.4 1020 247  4.3 8  3.3  91    0    0 267 -299  0
4218500 2850500 12 28 10  -0.4 1019 238  4.1 8  3.3  91    0   15 269 -302  0
4218500 2850500 12 28 11  -0.3 1019 241  5.1 7  3.3  91    0   28 271 -306  0
4218500 2850500 12 28 12  -0.3 1018 211  4.3 8  3.4  92    0   31 275 -310  0
4218500 2850500 12 28 13  -0.1 1018 222  4.4 7  3.5  93    0   58 279 -313  0
4218500 2850500 12 28 14  -0.2 1017 220  3.6 8  3.6  95    0   20 285 -316  0
4218500 2850500 12 28 15  -0.1 1016 216  3.6 8  3.7  98    0   18 291 -318  0
4218500 2850500 12 28 16  -0.1 1015 231  3.3 8  3.7  99    0    9 293 -319  0
4218500 2850500 12 28 17   0.2 1015 229  2.5 8  3.8  99    0    0 297 -320  0
4218500 2850500 12 28 18   0.3 1015 230  2.4 8  3.8  99    0    0 300 -321  0
4218500 2850500 12 28 19   0.3 1015 262  2.3 8  3.8  99    0    0 302 -322  0
4218500 2850500 12 28 20   0.6 1016 270  3.0 8  3.9  99    0    0 303 -323  0
4218500 2850500 12 28 21   0.7 1016 288  2.6 7  3.9  98    0    0 301 -325  0
4218500 2850500 12 28 22   0.6 1017 289  2.2 8  3.9  99    0    0 301 -325  0
4218500 2850500 12 28 23   0.8 1017 282  2.2 8  3.9  99    0    0 307 -326  0
4218500 2850500 12 28 24   0.7 1018 300  2.7 8  3.9  98    0    0 308 -326  0
4218500 2850500 12 29  1   0.8 1019 296  1.9 8  3.9  98    0    0 308 -326  0
4218500 2850500 12 29  2   0.9 1019 285  2.2 8  3.9  98    0    0 308 -326  0
4218500 2850500 12 29  3   1.0 1020 277  1.6 8  4.0  98    0    0 309 -325  0
4218500 2850500 12 29  4   1.3 1020 272  2.3 8  4.0  99    0    0 310 -325  0
4218500 2850500 12 29  5   1.7 1020 276  1.4 8  4.1  99    0    0 311 -325  0
4218500 2850500 12 29  6   1.9 1021 267  1.1 8  4.2  98    0    0 312 -324  0
4218500 2850500 12 29  7   2.1 1021 219  1.4 8  4.3  98    0    0 311 -324  0
4218500 2850500 12 29  8   2.2 1022 180  1.5 8  4.3  98    0    0 311 -323  0
4218500 2850500 12 29  9   2.0 1022 191  1.6 8  4.3  99    0    6 309 -323  0
4218500 2850500 12 29 10   2.4 1023 193  1.4 8  4.3  99    0   35 308 -324  0
4218500 2850500 12 29 11   2.7 1023 162  1.8 8  4.4  98    0   39 307 -326  0
4218500 2850500 12 29 12   3.0 1023 180  1.6 8  4.6  99    0   37 307 -330  0
4218500 2850500 12 29 13   3.4 1023 171  1.7 8  4.7  99    0   35 306 -332  0
4218500 2850500 12 29 14   3.7 1023 192  2.3 8  4.8  99    0   31 305 -334  0
4218500 2850500 12 29 15   3.8 1023 171  2.2 7  4.9  99    0   37 300 -334  0
4218500 2850500 12 29 16   3.9 1023 153  3.0 7  4.9  99    0    4 294 -331  0
4218500 2850500 12 29 17   3.7 1022 162  3.3 7  4.9  99    0    0 293 -325  0
4218500 2850500 12 29 18   3.2 1022 173  3.5 7  4.8  99    0    0 290 -320  0
4218500 2850500 12 29 19   3.0 1022 166  4.0 7  4.6  99    0    0 285 -317  0
4218500 2850500 12 29 20   2.3 1022 161  3.8 6  4.5  99    0    0 275 -315  0
4218500 2850500 12 29 21   1.9 1022 164  3.8 4  4.3  99    0    0 254 -315  0
4218500 2850500 12 29 22   1.2 1021 159  4.2 2  4.2  99    0    0 228 -315  0
4218500 2850500 12 29 23   0.8 1021 160  4.1 1  4.0  99    0    0 210 -314  0
4218500 2850500 12 29 24   0.4 1020 170  3.5 0  3.9  99    0    0 201 -313  0
4218500 2850500 12 30  1   0.1 1020 159  3.7 2  3.8  98    0    0 209 -313  0
4218500 2850500 12 30  2   0.3 1020 169  3.6 4  3.7  98    0    0 229 -313  0
4218500 2850500 12 30  3   0.0 1019 191  3.4 5  3.7  98    0    0 243 -313  0
4218500 2850500 12 30  4   0.2 1019 182  4.0 5  3.8  99    0    0 249 -313  0
4218500 2850500 12 30  5   0.4 1019 173  3.8 4  3.8  98    0    0 247 -313  0
4218500 2850500 12 30  6   0.4 1019 188  4.6 4  3.8  97    0    0 243 -313  0
4218500 2850500 12 30  7   1.1 1018 183  4.6 5  3.8  95    0    0 251 -314  0
4218500 2850500 12 30  8   1.3 1018 182  5.1 7  3.8  93    0    0 270 -314  0
4218500 2850500 12 30  9   1.8 1018 182  5.7 7  3.8  90    0    5 285 -315  0
4218500 2850500 12 30 10   2.2 1018 181  5.5 7  3.7  86   27   46 289 -316  0
4218500 2850500 12 30 11   3.1 1017 180  5.7 7  3.7  81   23   81 293 -319  0
4218500 2850500 12 30 12   4.0 1017 181  6.3 7  3.8  77   15   93 298 -324  0
4218500 2850500 12 30 13   4.5 1016 193  6.4 6  3.8  74   12   91 297 -329  0
4218500 2850500 12 30 14   4.9 1016 193  6.8 7  3.8  72    0   48 300 -333  0
4218500 2850500 12 30 15   5.7 1015 198  6.6 7  3.8  69    0   28 308 -337  0
4218500 2850500 12 30 16   5.1 1015 199  5.9 8  4.0  72    0    3 313 -339  0
4218500 2850500 12 30 17   4.6 1015 191  5.0 8  4.4  82    0    0 319 -340  0
4218500 2850500 12 30 18   4.6 1015 192  4.9 8  4.7  89    0    0 320 -341  0
4218500 2850500 12 30 19   4.6 1014 191  4.9 8  4.8  91    0    0 323 -342  0
4218500 2850500 12 30 20   5.0 1014 190  4.9 8  4.8  90    0    0 325 -342  0
4218500 2850500 12 30 21   5.4 1013 190  5.2 8  4.7  86    0    0 328 -343  0
4218500 2850500 12 30 22   5.8 1013 191  5.8 8  4.7  83    0    0 331 -343  0
4218500 2850500 12 30 23   5.6 1012 182  6.3 8  4.8  85    0    0 334 -344  0
4218500 2850500 12 30 24   5.9 1010 182  7.2 8  5.2  90    0    0 336 -345  0
4218500 2850500 12 31  1   6.7 1008 190  7.3 8  5.4  90    0    0 339 -347  0
4218500 2850500 12 31  2   7.3 1007 201  7.7 8  5.4  86    0    0 341 -349  0
4218500 2850500 12 31  3   7.7 1006 209  7.3 6  5.5  85    0    0 329 -350  0
4218500 2850500 12 31  4   8.8 1007 211  7.5 6  5.7  84    0    0 318 -351  0
4218500 2850500 12 31  5  10.1 1007 238  9.1 7  5.9  79    0    0 328 -352  0
4218500 2850500 12 31  6   9.8 1007 259 10.6 6  5.7  75    0    0 329 -353  0
4218500 2850500 12 31  7   9.7 1008 246 11.2 6  5.5  73    0    0 321 -353  0
4218500 2850500 12 31  8   8.9 1010 258 11.6 6  5.4  73    0    0 318 -353  0
4218500 2850500 12 31  9   8.0 1010 261 10.3 6  5.3  77    0    1 313 -351  0
4218500 2850500 12 31 10   8.1 1012 253  9.0 6  5.4  80   30   38 311 -349  0
4218500 2850500 12 31 11   8.9 1013 260  9.8 6  5.3  77    7   66 312 -347  0
4218500 2850500 12 31 12   9.4 1014 257  8.6 8  5.3  73    0   31 326 -348  0
4218500 2850500 12 31 13   9.6 1015 249  6.9 7  5.3  72    0   22 334 -350  0
4218500 2850500 12 31 14   9.4 1015 257  8.2 8  5.4  73    0   35 334 -351  0
4218500 2850500 12 31 15   9.6 1015 271  8.3 5  5.5  74    5   47 320 -350  0
4218500 2850500 12 31 16   8.8 1016 254  6.6 6  5.4  75    5   17 304 -349  0
4218500 2850500 12 31 17   8.5 1016 249  5.2 5  5.4  77    0    0 299 -348  0
4218500 2850500 12 31 18   8.5 1016 223  4.8 6  5.4  78    0    0 297 -347  0
4218500 2850500 12 31 19   7.7 1016 228  5.0 6  5.4  80    0    0 302 -347  0
4218500 2850500 12 31 20   8.4 1015 223  5.5 7  5.5  80    0    0 307 -346  0
4218500 2850500 12 31 21   8.5 1015 222  5.8 7  5.5  80    0    0 316 -343  0
4218500 2850500 12 31 22   8.5 1014 217  5.9 7  5.4  78    0    0 317 -339  0
4218500 2850500 12 31 23   7.6 1013 212  5.6 7  5.2  80    0    0 318 -337  0
4218500 2850500 12 31 24   6.3 1012 207  5.2 8  5.0  83    0    0 324 -338  0
