Koordinatensystem : Lambert konform konisch
Rechtswert        : 4218500 Meter
Hochwert          : 2850500 Meter
Hoehenlage        : 45 Meter ueber NN
Erstellung des Datensatzes im Mai 2016

Art des TRY       : extremer Winter
Bezugszeitraum    : 1995-2012
Datenbasis        : Beobachtungsdaten Zeitraum 1995-2012

Format: (i7,1x,i7,1x,i2,1x,i2,1x,i2,1x,f5.1,1x,i4,1x,3i,1x,f4.1,1x,i1,1x,f4.1,1x,i3,1x,i4,1x,i4,1x,i3,1x,i4,2x,i1)

Reihenfolge der Parameter:
RW Rechtswert                                                    [m]       {3670500;3671500..4389500}
HW Hochwert                                                      [m]       {2242500;2243500..3179500}
MM Monat                                                                   {1..12}
DD Tag                                                                     {1..28,30,31}
HH Stunde (MEZ)                                                            {1..24}
t  Lufttemperatur in 2m Hoehe ueber Grund                        [GradC]
p  Luftdruck in Standorthoehe                                    [hPa]
WR Windrichtung in 10 m Hoehe ueber Grund                        [Grad]    {0..360;999}
WG Windgeschwindigkeit in 10 m Hoehe ueber Grund                 [m/s]
N  Bedeckungsgrad                                                [Achtel]  {0..8;9}
x  Wasserdampfgehalt, Mischungsverhaeltnis                       [g/kg]
RF Relative Feuchte in 2 m Hoehe ueber Grund                     [Prozent] {1..100}
B  Direkte Sonnenbestrahlungsstaerke (horiz. Ebene)              [W/m^2]   abwaerts gerichtet: positiv
D  Diffuse Sonnenbetrahlungsstaerke (horiz. Ebene)               [W/m^2]   abwaerts gerichtet: positiv
A  Bestrahlungsstaerke d. atm. Waermestrahlung (horiz. Ebene)    [W/m^2]   abwaerts gerichtet: positiv
E  Bestrahlungsstaerke d. terr. Waermestrahlung                  [W/m^2]   aufwaerts gerichtet: negativ
IL Qualitaetsbit bezueglich der Auswahlkriterien                           {0;1;2;3;4}


     RW      HW MM DD HH     t    p  WR   WG N    x  RF    B    D   A    E IL
*** 
4218500 2850500  1  1  1  -8.4 1014 130  4.1 0  1.5  75    0    0 182 -291  0
4218500 2850500  1  1  2  -8.9 1014 129  4.4 0  1.5  75    0    0 181 -291  0
4218500 2850500  1  1  3  -9.5 1014 126  4.1 0  1.4  75    0    0 179 -290  0
4218500 2850500  1  1  4 -10.0 1013 132  3.8 0  1.4  76    0    0 178 -289  0
4218500 2850500  1  1  5 -10.6 1013 117  3.7 0  1.3  77    0    0 176 -289  0
4218500 2850500  1  1  6 -11.1 1012 129  3.7 0  1.3  78    0    0 174 -289  0
4218500 2850500  1  1  7 -11.4 1011 136  3.6 0  1.3  78    0    0 172 -291  0
4218500 2850500  1  1  8 -12.0 1011 144  3.6 1  1.2  79    0    0 175 -292  0
4218500 2850500  1  1  9 -11.5 1010 139  3.5 2  1.2  79    0    3 186 -292  0
4218500 2850500  1  1 10 -10.3 1009 148  4.2 5  1.3  78    4   44 211 -294  0
4218500 2850500  1  1 11  -9.5 1009 155  3.8 6  1.3  74    0   50 239 -297  0
4218500 2850500  1  1 12  -8.2 1008 151  3.7 7  1.4  72    0   42 255 -300  0
4218500 2850500  1  1 13  -7.5 1006 157  3.5 7  1.5  70    0   42 263 -302  0
4218500 2850500  1  1 14  -6.9 1005 157  3.3 7  1.6  71    0   35 261 -304  0
4218500 2850500  1  1 15  -6.2 1003 155  3.4 8  1.7  74    0   17 268 -305  0
4218500 2850500  1  1 16  -5.5 1002 152  3.8 8  1.8  74    0    5 277 -306  0
4218500 2850500  1  1 17  -5.1 1001 144  3.8 8  2.0  77    0    0 280 -306  0
4218500 2850500  1  1 18  -4.6 1000 140  4.3 8  2.1  80    0    0 282 -306  0
4218500 2850500  1  1 19  -3.7  998 144  3.8 8  2.3  83    0    0 284 -307  0
4218500 2850500  1  1 20  -3.0  996 145  4.3 8  2.6  86    0    0 288 -308  0
4218500 2850500  1  1 21  -2.1  994 146  4.1 8  2.9  91    0    0 291 -309  0
4218500 2850500  1  1 22  -1.2  992 141  4.1 8  3.2  95    0    0 295 -311  0
4218500 2850500  1  1 23  -0.4  990 150  4.1 8  3.5  97    0    0 300 -313  0
4218500 2850500  1  1 24   0.1  989 159  3.8 8  3.7  98    0    0 304 -314  0
4218500 2850500  1  2  1   0.7  987 161  4.8 8  3.9  98    0    0 308 -315  0
4218500 2850500  1  2  2   2.0  986 183  4.8 8  4.2  98    0    0 312 -315  0
4218500 2850500  1  2  3   2.7  986 193  5.0 8  4.5  98    0    0 318 -315  0
4218500 2850500  1  2  4   3.7  985 204  5.2 8  4.8  98    0    0 322 -315  0
4218500 2850500  1  2  5   4.5  984 224  6.0 8  5.2  99    0    0 326 -316  0
4218500 2850500  1  2  6   5.7  983 240  6.8 8  5.5  98    0    0 330 -316  0
4218500 2850500  1  2  7   6.2  983 240  5.7 8  5.8  98    0    0 333 -316  0
4218500 2850500  1  2  8   7.0  983 237  6.1 8  6.0  96    0    0 336 -322  0
4218500 2850500  1  2  9   7.2  983 241  5.9 8  6.1  95    0    7 338 -330  0
4218500 2850500  1  2 10   7.2  984 231  4.8 7  6.2  94    2   43 329 -333  0
4218500 2850500  1  2 11   7.2  984 234  5.4 7  6.2  95    0   50 318 -339  0
4218500 2850500  1  2 12   7.4  984 240  4.3 7  6.3  97    1   76 318 -342  0
4218500 2850500  1  2 13   7.3  984 232  3.6 7  6.4  97    0   61 322 -342  0
4218500 2850500  1  2 14   7.2  983 252  2.7 7  6.3  96    0   40 323 -341  0
4218500 2850500  1  2 15   6.8  982 211  2.7 7  6.3  97    0   24 322 -339  0
4218500 2850500  1  2 16   6.3  981 163  2.5 8  6.2  99    0    5 327 -336  0
4218500 2850500  1  2 17   6.0  980 129  2.7 8  6.0  98    0    0 333 -332  0
4218500 2850500  1  2 18   5.8  979 163  3.2 8  5.9  98    0    0 332 -330  0
4218500 2850500  1  2 19   5.8  979 196  2.8 8  5.8  98    0    0 332 -330  0
4218500 2850500  1  2 20   5.0  978  23  0.9 8  5.7  98    0    0 330 -330  0
4218500 2850500  1  2 21   4.9  977  77  1.7 8  5.5  98    0    0 330 -329  0
4218500 2850500  1  2 22   5.0  977  66  2.7 8  5.5  98    0    0 329 -329  0
4218500 2850500  1  2 23   4.3  977  59  3.3 8  5.4  98    0    0 328 -329  0
4218500 2850500  1  2 24   3.3  977  67  3.2 8  5.1  99    0    0 325 -329  0
4218500 2850500  1  3  1   2.8  977  56  3.8 8  4.8  98    0    0 321 -328  0
4218500 2850500  1  3  2   1.8  978  53  4.0 8  4.5  98    0    0 318 -327  0
4218500 2850500  1  3  3   1.1  978  45  3.9 8  4.2  97    0    0 314 -326  0
4218500 2850500  1  3  4   0.7  979  36  4.0 8  4.1  97    0    0 312 -325  0
4218500 2850500  1  3  5   0.6  980  39  3.1 8  4.0  98    0    0 310 -323  0
4218500 2850500  1  3  6   0.3  980  32  4.0 8  4.0  98    0    0 309 -321  0
4218500 2850500  1  3  7   0.1  981   7  4.2 8  3.9  97    0    0 308 -318  0
4218500 2850500  1  3  8  -0.1  982 328  3.4 8  3.8  97    0    0 306 -316  0
4218500 2850500  1  3  9  -0.1  985 326  3.3 8  3.8  97    0    5 305 -316  0
4218500 2850500  1  3 10  -0.4  986 305  2.8 8  3.7  97    0   34 304 -315  0
4218500 2850500  1  3 11  -0.4  988 321  3.2 7  3.7  98    0   54 296 -315  0
4218500 2850500  1  3 12  -0.4  989 320  2.8 7  3.7  99    0   37 289 -314  0
4218500 2850500  1  3 13  -0.2  989 319  2.0 7  3.7  97    0   59 287 -314  0
4218500 2850500  1  3 14  -0.1  990 345  2.2 7  3.7  96    0   37 287 -313  0
4218500 2850500  1  3 15  -0.1  990  16  1.7 4  3.6  92    0   44 267 -313  0
4218500 2850500  1  3 16  -0.2  991  30  2.0 8  3.4  89    0   16 273 -311  0
4218500 2850500  1  3 17  -0.5  991 351  0.4 7  3.4  91    0    0 290 -309  0
4218500 2850500  1  3 18  -0.4  991  35  1.7 7  3.5  94    0    0 283 -307  0
4218500 2850500  1  3 19  -0.2  992  81  1.6 7  3.6  94    0    0 282 -306  0
4218500 2850500  1  3 20  -0.4  992  91  1.6 7  3.5  93    0    0 281 -304  0
4218500 2850500  1  3 21  -0.5  992  94  1.8 8  3.5  93    0    0 283 -300  0
4218500 2850500  1  3 22  -0.6  992  63  2.4 8  3.5  94    0    0 286 -297  0
4218500 2850500  1  3 23  -0.6  992  65  2.2 8  3.5  94    0    0 284 -293  0
4218500 2850500  1  3 24  -0.7  992  63  2.4 8  3.4  93    0    0 283 -291  0
4218500 2850500  1  4  1  -1.0  992  45  3.2 8  3.3  91    0    0 281 -290  0
4218500 2850500  1  4  2  -1.4  993  32  3.5 8  3.1  88    0    0 277 -288  0
4218500 2850500  1  4  3  -1.5  993  36  3.0 8  3.0  87    0    0 275 -287  0
4218500 2850500  1  4  4  -1.5  994  18  3.1 8  3.0  87    0    0 274 -286  0
4218500 2850500  1  4  5  -1.5  995  17  2.8 8  3.0  86    0    0 273 -286  0
4218500 2850500  1  4  6  -1.4  995   2  3.0 8  3.0  86    0    0 271 -286  0
4218500 2850500  1  4  7  -1.6  996  19  3.6 8  3.0  86    0    0 271 -285  0
4218500 2850500  1  4  8  -1.8  997  24  3.0 7  2.9  86    0    0 264 -285  0
4218500 2850500  1  4  9  -2.1  998  18  3.3 7  2.8  84    0    7 257 -285  0
4218500 2850500  1  4 10  -2.4  999  23  3.0 6  2.7  84   20   46 250 -285  0
4218500 2850500  1  4 11  -2.1 1000  27  3.1 6  2.7  82   13   77 244 -288  0
4218500 2850500  1  4 12  -1.6 1000  29  3.5 6  2.5  75   14   99 245 -291  0
4218500 2850500  1  4 13  -1.9 1001  18  3.0 5  2.5  74   41  120 242 -294  0
4218500 2850500  1  4 14  -1.8 1001  29  2.6 3  2.5  76   68  104 227 -295  0
4218500 2850500  1  4 15  -1.6 1002   1  3.0 2  2.5  75   31   77 213 -295  0
4218500 2850500  1  4 16  -2.5 1002   4  3.0 2  2.4  74    4   27 209 -294  0
4218500 2850500  1  4 17  -3.2 1003   2  2.9 1  2.4  76    0    0 203 -291  0
4218500 2850500  1  4 18  -2.6 1004   1  3.0 2  2.4  78    0    0 205 -288  0
4218500 2850500  1  4 19  -3.0 1004 360  3.0 2  2.4  79    0    0 212 -286  0
4218500 2850500  1  4 20  -3.6 1004   0  3.8 2  2.5  82    0    0 212 -284  0
4218500 2850500  1  4 21  -3.8 1005 351  3.3 3  2.5  85    0    0 217 -281  0
4218500 2850500  1  4 22  -3.8 1005 359  3.9 5  2.4  84    0    0 232 -279  0
4218500 2850500  1  4 23  -4.6 1006 352  3.2 5  2.2  80    0    0 242 -278  0
4218500 2850500  1  4 24  -5.8 1006 360  3.8 5  2.1  81    0    0 239 -277  0
4218500 2850500  1  5  1  -7.1 1007 352  1.9 3  2.0  83    0    0 224 -276  0
4218500 2850500  1  5  2  -8.0 1007 358  2.3 2  1.8  84    0    0 206 -275  0
4218500 2850500  1  5  3  -8.9 1007 309  2.5 1  1.7  85    0    0 193 -274  0
4218500 2850500  1  5  4  -8.7 1008 315  2.8 1  1.7  88    0    0 188 -274  0
4218500 2850500  1  5  5  -8.8 1007 317  2.3 1  1.8  90    0    0 189 -273  0
4218500 2850500  1  5  6  -8.8 1007 320  2.1 3  1.8  90    0    0 198 -273  0
4218500 2850500  1  5  7  -8.6 1007 299  1.4 6  1.7  88    0    0 223 -272  0
4218500 2850500  1  5  8  -9.5 1007 314  1.6 3  1.7  87    0    0 222 -272  0
4218500 2850500  1  5  9  -9.2 1007 292  1.6 2  1.6  87    3    8 201 -274  0
4218500 2850500  1  5 10  -7.8 1007 256  1.7 2  1.7  86   41   43 197 -279  0
4218500 2850500  1  5 11  -7.1 1007 237  2.0 3  1.8  84   18   80 205 -285  0
4218500 2850500  1  5 12  -6.3 1007 255  2.4 6  1.9  83    7   89 228 -290  0
4218500 2850500  1  5 13  -5.9 1007 234  3.1 7  2.0  82    0   62 251 -293  0
4218500 2850500  1  5 14  -5.2 1006 243  2.9 6  2.0  81   21  100 253 -295  0
4218500 2850500  1  5 15  -4.7 1005 236  2.5 4  2.1  78   17   71 238 -296  0
4218500 2850500  1  5 16  -4.5 1005 210  3.2 6  2.1  76    0   18 238 -297  0
4218500 2850500  1  5 17  -4.5 1005 193  3.7 7  2.1  76    0    0 254 -297  0
4218500 2850500  1  5 18  -4.6 1004 190  3.7 8  2.1  78    0    0 264 -298  0
4218500 2850500  1  5 19  -4.7 1004 184  4.0 7  2.2  82    0    0 266 -299  0
4218500 2850500  1  5 20  -4.7 1004 177  3.7 7  2.4  87    0    0 261 -300  0
4218500 2850500  1  5 21  -4.7 1004 187  3.8 8  2.4  88    0    0 267 -301  0
4218500 2850500  1  5 22  -4.3 1003 181  3.8 8  2.4  88    0    0 274 -302  0
4218500 2850500  1  5 23  -4.0 1003 176  3.6 8  2.4  86    0    0 274 -304  0
4218500 2850500  1  5 24  -3.8 1002 188  3.4 8  2.5  86    0    0 273 -305  0
4218500 2850500  1  6  1  -3.6 1002 172  3.7 8  2.5  85    0    0 273 -305  0
4218500 2850500  1  6  2  -3.8 1002 170  3.6 8  2.5  86    0    0 273 -304  0
4218500 2850500  1  6  3  -3.8 1002 164  3.5 8  2.6  89    0    0 272 -303  0
4218500 2850500  1  6  4  -3.6 1002 170  3.4 8  2.6  90    0    0 271 -300  0
4218500 2850500  1  6  5  -3.5 1002 169  3.0 8  2.7  90    0    0 271 -298  0
4218500 2850500  1  6  6  -3.4 1002 164  2.8 8  2.7  91    0    0 270 -295  0
4218500 2850500  1  6  7  -3.2 1002 154  2.3 8  2.8  92    0    0 270 -293  0
4218500 2850500  1  6  8  -3.3 1003 154  2.8 8  2.8  94    0    0 269 -290  0
4218500 2850500  1  6  9  -3.2 1003 135  2.7 8  2.8  94    1   10 269 -288  0
4218500 2850500  1  6 10  -3.3 1004  98  2.5 8  2.8  93    8   53 270 -287  0
4218500 2850500  1  6 11  -3.7 1005 103  2.9 7  2.7  92    0   48 265 -285  0
4218500 2850500  1  6 12  -3.7 1006  92  2.9 8  2.6  91    0   41 265 -284  0
4218500 2850500  1  6 13  -4.0 1006  72  3.1 6  2.6  90    1   80 258 -285  0
4218500 2850500  1  6 14  -4.4 1006  74  4.0 7  2.5  89    0   61 250 -286  0
4218500 2850500  1  6 15  -4.7 1007  76  4.2 8  2.4  87    0   32 257 -285  0
4218500 2850500  1  6 16  -5.1 1008  84  4.2 7  2.3  86    0   10 256 -283  0
4218500 2850500  1  6 17  -5.3 1009  79  4.1 8  2.2  85    0    0 255 -281  0
4218500 2850500  1  6 18  -5.9 1010  71  4.6 8  2.1  85    0    0 259 -278  0
4218500 2850500  1  6 19  -6.4 1011  70  4.8 7  2.0  85    0    0 253 -276  0
4218500 2850500  1  6 20  -7.2 1012  66  5.1 7  1.9  84    0    0 245 -274  0
4218500 2850500  1  6 21  -7.9 1013  69  5.0 7  1.8  86    0    0 242 -274  0
4218500 2850500  1  6 22  -8.5 1014  87  4.0 7  1.8  87    0    0 238 -273  0
4218500 2850500  1  6 23  -8.6 1014  80  4.2 7  1.7  86    0    0 235 -274  0
4218500 2850500  1  6 24  -8.8 1014  64  3.2 8  1.7  86    0    0 238 -276  0
4218500 2850500  1  7  1  -8.6 1015  69  2.9 8  1.7  86    0    0 241 -276  0
4218500 2850500  1  7  2  -9.2 1015  80  2.9 7  1.7  86    0    0 235 -276  0
4218500 2850500  1  7  3  -9.3 1016  65  2.9 7  1.6  87    0    0 230 -277  0
4218500 2850500  1  7  4  -9.5 1016  54  2.6 8  1.6  86    0    0 233 -276  0
4218500 2850500  1  7  5  -9.8 1016  39  2.9 7  1.5  84    0    0 232 -275  0
4218500 2850500  1  7  6 -10.3 1016  70  2.8 7  1.5  85    0    0 228 -276  0
4218500 2850500  1  7  7 -10.5 1016  31  2.6 6  1.4  84    0    0 223 -275  0
4218500 2850500  1  7  8 -10.8 1016  46  1.7 7  1.4  84    0    0 222 -272  0
4218500 2850500  1  7  9 -11.2 1016  94  2.0 7  1.4  85    0    8 223 -271  0
4218500 2850500  1  7 10 -10.9 1017 122  1.0 6  1.4  85   33   38 218 -270  0
4218500 2850500  1  7 11 -10.3 1018 222  1.0 4  1.4  84   64   71 209 -271  0
4218500 2850500  1  7 12  -9.6 1017 332  1.5 2  1.4  81   82   92 197 -275  0
4218500 2850500  1  7 13  -9.2 1016 353  1.5 1  1.5  78  106   87 187 -277  0
4218500 2850500  1  7 14  -8.5 1016 331  1.2 0  1.5  76   95   79 180 -278  0
4218500 2850500  1  7 15  -8.6 1016 341  2.6 0  1.5  74   45   65 177 -277  0
4218500 2850500  1  7 16  -9.3 1015 343  2.0 0  1.4  72    6   27 176 -273  0
4218500 2850500  1  7 17 -10.7 1015 312  1.1 0  1.3  76    0    0 175 -269  0
4218500 2850500  1  7 18 -12.1 1016 299  1.4 1  1.3  81    0    0 176 -265  0
4218500 2850500  1  7 19 -12.4 1016 339  1.3 0  1.2  84    0    0 173 -263  0
4218500 2850500  1  7 20 -13.4 1016 332  1.2 0  1.2  86    0    0 168 -262  0
4218500 2850500  1  7 21 -13.9 1016 168  1.1 0  1.2  87    0    0 166 -261  0
4218500 2850500  1  7 22 -13.7 1016 143  1.2 2  1.2  88    0    0 173 -261  0
4218500 2850500  1  7 23 -12.7 1015 177  1.1 3  1.2  90    0    0 185 -260  0
4218500 2850500  1  7 24 -11.4 1015   4  0.2 6  1.3  90    0    0 203 -260  0
4218500 2850500  1  8  1 -11.4 1015 323  0.8 6  1.4  88    0    0 215 -260  0
4218500 2850500  1  8  2 -12.0 1015 324  1.7 5  1.3  87    0    0 212 -260  0
4218500 2850500  1  8  3 -12.1 1015 321  1.3 5  1.3  86    0    0 209 -261  0
4218500 2850500  1  8  4 -12.6 1015 340  1.6 4  1.3  86    0    0 206 -263  0
4218500 2850500  1  8  5 -12.8 1015 336  1.1 4  1.2  86    0    0 201 -264  0
4218500 2850500  1  8  6 -13.9 1015 341  1.1 4  1.2  89    0    0 199 -265  0
4218500 2850500  1  8  7 -14.0 1016 290  0.9 4  1.1  88    0    0 196 -267  0
4218500 2850500  1  8  8 -13.3 1016 358  0.3 6  1.1  87    0    0 205 -269  0
4218500 2850500  1  8  9 -12.7 1016 296  1.0 7  1.2  87    2    9 219 -270  0
4218500 2850500  1  8 10 -12.3 1016 320  1.1 5  1.3  88   35   42 216 -274  0
4218500 2850500  1  8 11 -10.8 1017 351  1.0 4  1.4  88   76   71 206 -279  0
4218500 2850500  1  8 12  -9.0 1017 320  0.9 2  1.5  85  132   77 197 -284  0
4218500 2850500  1  8 13  -7.8 1016 173  1.7 1  1.6  78  141   77 191 -287  0
4218500 2850500  1  8 14  -8.1 1016 115  1.7 1  1.6  75   99   84 189 -289  0
4218500 2850500  1  8 15  -7.6 1016  97  1.3 1  1.6  76   55   66 190 -287  0
4218500 2850500  1  8 16  -9.1 1016 113  1.2 0  1.6  79    7   29 187 -282  0
4218500 2850500  1  8 17 -10.1 1016  97  1.2 0  1.5  82    0    0 183 -272  0
4218500 2850500  1  8 18 -10.9 1017 168  1.2 0  1.4  85    0    0 183 -260  0
4218500 2850500  1  8 19 -11.8 1017  74  0.9 1  1.4  88    0    0 183 -252  0
4218500 2850500  1  8 20 -12.5 1017  85  2.2 1  1.3  90    0    0 185 -249  0
4218500 2850500  1  8 21 -12.3 1018 121  1.6 0  1.3  90    0    0 183 -247  0
4218500 2850500  1  8 22 -12.7 1018 111  1.7 0  1.3  91    0    0 181 -246  0
4218500 2850500  1  8 23 -13.5 1018 123  1.7 0  1.2  91    0    0 180 -245  0
4218500 2850500  1  8 24 -13.5 1018 118  2.3 0  1.2  90    0    0 180 -244  0
4218500 2850500  1  9  1 -13.8 1018 113  2.3 0  1.1  87    0    0 179 -243  0
4218500 2850500  1  9  2 -14.5 1018  88  2.0 0  1.1  87    0    0 178 -243  0
4218500 2850500  1  9  3 -14.7 1018  80  2.2 0  1.1  88    0    0 175 -242  0
4218500 2850500  1  9  4 -13.9 1018  42  1.9 1  1.1  87    0    0 178 -241  0
4218500 2850500  1  9  5 -14.4 1018  78  2.1 2  1.1  86    0    0 184 -241  0
4218500 2850500  1  9  6 -13.1 1017 124  1.4 4  1.1  87    0    0 193 -243  0
4218500 2850500  1  9  7 -12.6 1017 131  1.3 8  1.2  86    0    0 213 -254  0
4218500 2850500  1  9  8 -12.2 1017 140  1.4 8  1.2  83    0    0 227 -261  0
4218500 2850500  1  9  9 -11.4 1017  78  0.7 8  1.2  81    0    7 230 -262  0
4218500 2850500  1  9 10 -10.3 1018 113  0.8 8  1.3  79   23   25 234 -263  0
4218500 2850500  1  9 11 -10.0 1018  55  0.8 7  1.4  78    6   55 232 -266  0
4218500 2850500  1  9 12  -7.9 1018  49  0.9 5  1.5  76   29   73 225 -271  0
4218500 2850500  1  9 13  -6.9 1017 194  0.8 6  1.5  71   23   83 226 -275  0
4218500 2850500  1  9 14  -6.5 1017 165  1.3 6  1.5  67    6   68 230 -277  0
4218500 2850500  1  9 15  -6.7 1016 319  0.9 7  1.5  66    0   43 234 -277  0
4218500 2850500  1  9 16  -6.6 1016 352  1.8 8  1.6  69    0   12 241 -275  0
4218500 2850500  1  9 17  -6.9 1016 348  2.2 8  1.6  71    0    0 245 -272  0
4218500 2850500  1  9 18  -7.5 1016 356  1.5 8  1.6  72    0    0 242 -269  0
4218500 2850500  1  9 19  -7.9 1016 341  1.4 5  1.7  78    0    0 233 -268  0
4218500 2850500  1  9 20  -8.7 1016 311  1.1 4  1.7  83    0    0 219 -268  0
4218500 2850500  1  9 21  -9.6 1016 319  1.8 2  1.6  86    0    0 207 -269  0
4218500 2850500  1  9 22  -9.5 1016   3  1.9 4  1.6  87    0    0 206 -270  0
4218500 2850500  1  9 23  -8.4 1016  24  1.8 6  1.6  86    0    0 219 -270  0
4218500 2850500  1  9 24  -8.1 1016 323  1.2 7  1.7  86    0    0 227 -271  0
4218500 2850500  1 10  1  -7.6 1016 302  1.3 8  1.9  89    0    0 234 -271  0
4218500 2850500  1 10  2  -7.5 1016 336  2.0 8  2.0  92    0    0 237 -271  0
4218500 2850500  1 10  3  -7.5 1016 321  2.1 8  2.0  94    0    0 238 -271  0
4218500 2850500  1 10  4  -7.5 1016 325  2.3 8  2.0  95    0    0 239 -271  0
4218500 2850500  1 10  5  -7.5 1016 322  2.1 8  2.0  94    0    0 240 -272  0
4218500 2850500  1 10  6  -7.2 1016 298  2.4 8  2.0  94    0    0 242 -272  0
4218500 2850500  1 10  7  -7.2 1016 323  2.5 8  2.1  94    0    0 243 -272  0
4218500 2850500  1 10  8  -6.8 1016 341  3.0 7  2.1  94    0    0 242 -272  0
4218500 2850500  1 10  9  -6.4 1017 315  2.3 7  2.1  93    0    8 240 -273  0
4218500 2850500  1 10 10  -5.9 1017 311  2.6 8  2.2  94   11   49 246 -275  0
4218500 2850500  1 10 11  -5.3 1018 308  2.4 7  2.4  96    0   44 250 -282  0
4218500 2850500  1 10 12  -5.0 1018 312  2.7 8  2.5  96    0   23 254 -290  0
4218500 2850500  1 10 13  -5.1 1018 311  3.1 8  2.5  95    0   29 259 -295  0
4218500 2850500  1 10 14  -5.0 1018 305  3.1 7  2.5  95    0   44 256 -299  0
4218500 2850500  1 10 15  -4.4 1018 323  2.9 6  2.6  96    0   38 250 -300  0
4218500 2850500  1 10 16  -4.1 1019 329  2.8 8  2.6  96    0    6 257 -300  0
4218500 2850500  1 10 17  -3.7 1019 342  2.7 8  2.7  95    0    0 267 -299  0
4218500 2850500  1 10 18  -3.2 1020 354  3.1 8  2.8  95    0    0 269 -296  0
4218500 2850500  1 10 19  -3.5 1020   6  3.1 6  2.8  94    0    0 260 -295  0
4218500 2850500  1 10 20  -3.7 1021   7  3.3 3  2.7  94    0    0 236 -295  0
4218500 2850500  1 10 21  -4.4 1022  13  3.3 1  2.6  93    0    0 211 -296  0
4218500 2850500  1 10 22  -5.0 1023  23  2.6 1  2.5  93    0    0 199 -296  0
4218500 2850500  1 10 23  -5.4 1024  14  2.2 1  2.4  93    0    0 198 -295  0
4218500 2850500  1 10 24  -6.7 1024   9  2.5 0  2.2  93    0    0 191 -292  0
4218500 2850500  1 11  1  -7.1 1025  14  2.3 1  2.1  93    0    0 187 -289  0
4218500 2850500  1 11  2  -7.8 1025   4  2.0 1  2.0  94    0    0 188 -285  0
4218500 2850500  1 11  3  -8.1 1025   8  2.0 1  1.9  94    0    0 185 -282  0
4218500 2850500  1 11  4  -8.8 1026   5  2.0 0  1.8  93    0    0 179 -280  0
4218500 2850500  1 11  5  -9.6 1026  14  1.9 1  1.8  94    0    0 177 -277  0
4218500 2850500  1 11  6  -9.4 1027   7  2.1 2  1.7  95    0    0 184 -275  0
4218500 2850500  1 11  7 -10.2 1027   8  1.9 2  1.6  92    0    0 188 -272  0
4218500 2850500  1 11  8  -9.7 1028 340  1.9 4  1.6  91    0    0 196 -271  0
4218500 2850500  1 11  9  -9.1 1028 342  1.4 6  1.7  91    3    7 212 -270  0
4218500 2850500  1 11 10  -8.3 1029 295  1.2 7  1.7  90   37   34 224 -270  0
4218500 2850500  1 11 11  -7.0 1029 264  1.3 7  1.9  89   13   69 233 -272  0
4218500 2850500  1 11 12  -5.9 1029 292  1.1 6  2.0  88   11   89 235 -277  0
4218500 2850500  1 11 13  -5.1 1029 278  1.8 6  2.1  86   26  101 234 -282  0
4218500 2850500  1 11 14  -4.4 1029 284  1.9 6  2.2  85    1   70 239 -286  0
4218500 2850500  1 11 15  -4.7 1029 270  2.2 6  2.2  84   18   65 242 -288  0
4218500 2850500  1 11 16  -5.3 1029 258  2.4 7  2.1  84   11   29 249 -289  0
4218500 2850500  1 11 17  -5.7 1029 234  2.5 6  2.1  84    0    0 251 -289  0
4218500 2850500  1 11 18  -6.5 1029 239  2.7 4  2.0  87    0    0 240 -290  0
4218500 2850500  1 11 19  -6.8 1029 225  3.1 2  2.0  89    0    0 224 -291  0
4218500 2850500  1 11 20  -7.0 1029 234  3.7 2  2.0  92    0    0 219 -292  0
4218500 2850500  1 11 21  -6.6 1028 235  3.9 5  2.0  90    0    0 234 -294  0
4218500 2850500  1 11 22  -6.2 1028 243  4.3 7  2.0  87    0    0 259 -296  0
4218500 2850500  1 11 23  -5.5 1027 234  4.4 7  2.1  86    0    0 270 -298  0
4218500 2850500  1 11 24  -5.3 1027 234  4.9 7  2.1  85    0    0 275 -301  0
4218500 2850500  1 12  1  -4.8 1027 227  5.1 7  2.2  84    0    0 278 -303  0
4218500 2850500  1 12  2  -4.1 1026 243  4.2 8  2.3  84    0    0 285 -306  0
4218500 2850500  1 12  3  -3.8 1025 254  5.3 8  2.4  85    0    0 293 -308  0
4218500 2850500  1 12  4  -3.8 1025 234  4.5 8  2.5  87    0    0 294 -310  0
4218500 2850500  1 12  5  -3.7 1024 236  5.1 8  2.5  89    0    0 295 -312  0
4218500 2850500  1 12  6  -3.3 1023 245  4.5 8  2.6  91    0    0 295 -313  0
4218500 2850500  1 12  7  -2.5 1023 244  4.3 7  2.8  92    0    0 292 -314  0
4218500 2850500  1 12  8  -2.1 1023 249  4.6 7  2.9  92    0    0 287 -314  0
4218500 2850500  1 12  9  -1.7 1023 258  5.1 7  3.0  92    0    5 288 -314  0
4218500 2850500  1 12 10  -1.2 1023 258  5.6 7  3.1  92    8   56 287 -315  0
4218500 2850500  1 12 11  -0.9 1023 262  5.9 7  3.2  92    0   51 288 -315  0
4218500 2850500  1 12 12  -0.7 1023 268  5.2 7  3.3  94    0   42 288 -315  0
4218500 2850500  1 12 13  -0.3 1023 262  5.4 8  3.4  94    0   35 294 -315  0
4218500 2850500  1 12 14   0.1 1023 271  5.7 8  3.5  94    0   25 301 -315  0
4218500 2850500  1 12 15   0.4 1023 275  6.2 8  3.6  94    0   21 300 -316  0
4218500 2850500  1 12 16   0.4 1022 268  5.9 8  3.6  94    0    9 299 -316  0
4218500 2850500  1 12 17   0.7 1022 268  5.8 8  3.6  93    0    0 298 -316  0
4218500 2850500  1 12 18   0.6 1022 270  5.5 8  3.6  92    0    0 296 -315  0
4218500 2850500  1 12 19   0.8 1022 271  5.0 8  3.6  92    0    0 295 -315  0
4218500 2850500  1 12 20   0.8 1022 253  4.9 8  3.6  91    0    0 294 -315  0
4218500 2850500  1 12 21   0.6 1022 250  5.0 8  3.5  90    0    0 293 -315  0
4218500 2850500  1 12 22   0.8 1021 250  5.8 8  3.4  87    0    0 293 -315  0
4218500 2850500  1 12 23   0.8 1021 242  5.8 8  3.3  83    0    0 293 -315  0
4218500 2850500  1 12 24   0.8 1020 233  6.5 7  3.2  80    0    0 291 -315  0
4218500 2850500  1 13  1   0.8 1019 233  6.6 7  3.1  78    0    0 290 -315  0
4218500 2850500  1 13  2   0.7 1018 231  6.9 8  3.1  78    0    0 293 -316  0
4218500 2850500  1 13  3   0.5 1017 231  7.2 8  3.1  78    0    0 299 -316  0
4218500 2850500  1 13  4  -0.8 1016 223  7.1 8  3.1  83    0    0 300 -316  0
4218500 2850500  1 13  5  -0.9 1015 230  6.9 8  3.3  93    0    0 302 -316  0
4218500 2850500  1 13  6  -0.9 1014 233  7.4 8  3.4  95    0    0 304 -316  0
4218500 2850500  1 13  7  -0.5 1013 234  7.5 8  3.4  95    0    0 307 -316  0
4218500 2850500  1 13  8  -0.3 1012 251  7.9 8  3.5  95    0    0 309 -318  0
4218500 2850500  1 13  9   0.5 1012 261  7.4 8  3.6  94    0    3 311 -320  0
4218500 2850500  1 13 10   0.8 1012 260  6.2 8  3.7  92    0   30 314 -320  0
4218500 2850500  1 13 11   1.1 1012 261  6.2 7  3.8  92    0   31 306 -322  0
4218500 2850500  1 13 12   1.3 1012 251  5.6 8  3.8  93    0   25 308 -323  0
4218500 2850500  1 13 13   1.6 1012 260  5.9 8  4.0  94    0   33 319 -324  0
4218500 2850500  1 13 14   1.8 1012 251  6.0 8  4.1  95    0   38 321 -325  0
4218500 2850500  1 13 15   1.9 1011 249  5.6 7  4.1  94    0   24 313 -327  0
4218500 2850500  1 13 16   1.9 1011 249  4.9 8  4.0  93    0    9 313 -328  0
4218500 2850500  1 13 17   2.1 1011 249  4.8 8  4.1  94    0    0 322 -329  0
4218500 2850500  1 13 18   2.2 1011 240  4.6 8  4.2  96    0    0 323 -329  0
4218500 2850500  1 13 19   2.2 1011 242  4.1 7  4.3  96    0    0 314 -330  0
4218500 2850500  1 13 20   1.9 1011 226  3.4 8  4.3  97    0    0 313 -330  0
4218500 2850500  1 13 21   2.4 1011 258  4.8 8  4.3  98    0    0 323 -331  0
4218500 2850500  1 13 22   3.0 1012 268  4.1 8  4.5  98    0    0 325 -331  0
4218500 2850500  1 13 23   3.4 1013 263  4.1 8  4.6  97    0    0 327 -331  0
4218500 2850500  1 13 24   3.3 1013 260  4.0 8  4.7  98    0    0 328 -331  0
4218500 2850500  1 14  1   3.5 1013 251  4.6 8  4.8  98    0    0 328 -330  0
4218500 2850500  1 14  2   3.9 1013 260  5.0 8  4.8  98    0    0 329 -329  0
4218500 2850500  1 14  3   4.1 1013 270  5.4 8  4.9  98    0    0 331 -329  0
4218500 2850500  1 14  4   4.6 1014 271  5.3 8  5.1  98    0    0 333 -329  0
4218500 2850500  1 14  5   4.9 1014 271  5.9 8  5.2  98    0    0 334 -328  0
4218500 2850500  1 14  6   5.1 1014 261  5.8 8  5.3  98    0    0 334 -328  0
4218500 2850500  1 14  7   5.2 1014 260  5.5 7  5.4  98    0    0 328 -328  0
4218500 2850500  1 14  8   5.6 1015 269  6.4 8  5.4  97    0    0 328 -328  0
4218500 2850500  1 14  9   5.9 1015 260  6.4 8  5.5  97    0    5 336 -329  0
4218500 2850500  1 14 10   5.9 1015 259  6.6 8  5.6  97    0   13 336 -329  0
4218500 2850500  1 14 11   6.0 1016 242  7.0 8  5.6  97    0   29 336 -330  0
4218500 2850500  1 14 12   6.1 1015 250  7.4 7  5.7  98    0   32 331 -330  0
4218500 2850500  1 14 13   6.3 1015 257  7.1 8  5.7  97    0   26 331 -331  0
4218500 2850500  1 14 14   6.4 1015 260  6.9 8  5.6  94    0   21 336 -331  0
4218500 2850500  1 14 15   6.4 1015 252  7.4 8  5.5  93    0   15 335 -331  0
4218500 2850500  1 14 16   6.5 1015 261  7.6 8  5.6  94    0   13 335 -331  0
4218500 2850500  1 14 17   6.8 1015 262  6.9 8  5.7  93    0    0 334 -331  0
4218500 2850500  1 14 18   6.6 1015 260  5.8 8  5.7  93    0    0 333 -331  0
4218500 2850500  1 14 19   6.6 1015 254  7.3 8  5.7  94    0    0 331 -331  0
4218500 2850500  1 14 20   6.6 1015 260  7.0 8  5.7  94    0    0 329 -330  0
4218500 2850500  1 14 21   6.9 1016 259  7.1 8  5.7  94    0    0 327 -328  0
4218500 2850500  1 14 22   7.0 1016 260  7.1 8  5.7  92    0    0 325 -327  0
4218500 2850500  1 14 23   7.0 1016 262  6.9 8  5.6  90    0    0 323 -326  0
4218500 2850500  1 14 24   7.1 1017 260  6.5 8  5.6  90    0    0 320 -326  0
4218500 2850500  1 15  1   6.9 1017 253  7.6 8  5.6  90    0    0 318 -323  0
4218500 2850500  1 15  2   6.8 1017 262  7.4 8  5.4  87    0    0 314 -321  0
4218500 2850500  1 15  3   7.0 1017 259  7.1 8  5.1  83    0    0 313 -320  0
4218500 2850500  1 15  4   6.6 1017 250  7.9 8  4.9  80    0    0 311 -320  0
4218500 2850500  1 15  5   6.5 1017 250  6.7 8  4.7  79    0    0 308 -320  0
4218500 2850500  1 15  6   6.5 1017 249  6.7 8  4.6  76    0    0 306 -319  0
4218500 2850500  1 15  7   6.4 1017 249  7.2 8  4.4  74    0    0 307 -318  0
4218500 2850500  1 15  8   6.4 1017 246  6.8 8  4.3  72    0    0 306 -317  0
4218500 2850500  1 15  9   6.2 1017 246  6.2 8  4.2  71    0    3 305 -316  0
4218500 2850500  1 15 10   6.1 1017 248  6.2 8  4.1  70    0   23 305 -317  0
4218500 2850500  1 15 11   6.4 1017 238  6.7 7  4.1  70    0   26 299 -321  0
4218500 2850500  1 15 12   6.5 1017 240  6.6 8  4.1  69    0   25 298 -325  0
4218500 2850500  1 15 13   5.6 1017 229  6.0 8  4.1  71    0   26 300 -329  0
4218500 2850500  1 15 14   5.8 1017 224  5.7 8  4.0  71    0   23 297 -332  0
4218500 2850500  1 15 15   5.6 1016 229  6.4 7  3.9  70    0   17 293 -331  0
4218500 2850500  1 15 16   5.5 1016 230  7.3 8  3.7  66    0    9 291 -327  0
4218500 2850500  1 15 17   5.0 1016 223  5.4 8  3.5  64    0    0 292 -322  0
4218500 2850500  1 15 18   5.0 1015 230  7.2 8  3.4  63    0    0 292 -318  0
4218500 2850500  1 15 19   4.1 1015 216  6.4 8  3.4  66    0    0 291 -316  0
4218500 2850500  1 15 20   3.7 1015 215  6.5 8  3.6  73    0    0 292 -315  0
4218500 2850500  1 15 21   3.6 1014 216  6.2 8  3.6  74    0    0 295 -315  0
4218500 2850500  1 15 22   3.7 1014 218  6.4 8  3.6  73    0    0 297 -315  0
4218500 2850500  1 15 23   3.8 1013 210  6.0 8  3.5  71    0    0 297 -314  0
4218500 2850500  1 15 24   3.7 1013 221  6.6 8  3.5  70    0    0 298 -315  0
4218500 2850500  1 16  1   3.8 1013 221  5.7 8  3.6  72    0    0 300 -316  0
4218500 2850500  1 16  2   3.1 1013 225  5.7 8  3.8  78    0    0 301 -320  0
4218500 2850500  1 16  3   3.3 1012 225  5.7 8  4.0  84    0    0 302 -322  0
4218500 2850500  1 16  4   3.6 1012 229  6.2 8  4.0  83    0    0 304 -323  0
4218500 2850500  1 16  5   3.9 1012 249  5.8 8  4.0  81    0    0 306 -324  0
4218500 2850500  1 16  6   4.3 1012 248  6.8 8  4.0  79    0    0 309 -325  0
4218500 2850500  1 16  7   4.6 1012 241  6.4 7  4.2  80    0    0 305 -324  0
4218500 2850500  1 16  8   4.8 1012 242  6.8 7  4.3  82    0    0 303 -324  0
4218500 2850500  1 16  9   5.0 1012 246  7.9 7  4.4  82    0    7 303 -325  0
4218500 2850500  1 16 10   5.4 1013 251  7.9 6  4.4  79   15   66 300 -326  0
4218500 2850500  1 16 11   6.0 1013 250  7.5 5  4.3  76    4   82 291 -327  0
4218500 2850500  1 16 12   6.0 1014 258  6.8 7  4.2  73    0   67 296 -329  0
4218500 2850500  1 16 13   6.3 1014 255  7.3 8  4.4  75    0   44 313 -330  0
4218500 2850500  1 16 14   6.2 1014 260  6.4 7  4.6  78    0   42 313 -331  0
4218500 2850500  1 16 15   6.5 1015 260  7.3 7  4.4  74    0   21 306 -332  0
4218500 2850500  1 16 16   6.4 1015 263  7.3 8  4.2  70    0    9 312 -332  0
4218500 2850500  1 16 17   6.1 1016 252  7.0 7  4.3  73    0    0 312 -330  0
4218500 2850500  1 16 18   5.9 1017 260  7.3 7  4.4  76    0    0 305 -329  0
4218500 2850500  1 16 19   5.7 1018 257  7.1 7  4.3  75    0    0 304 -328  0
4218500 2850500  1 16 20   5.3 1019 261  6.1 6  4.2  75    0    0 296 -327  0
4218500 2850500  1 16 21   4.7 1019 256  5.9 5  4.1  77    0    0 283 -326  0
4218500 2850500  1 16 22   5.0 1020 247  6.2 6  4.3  80    0    0 286 -326  0
4218500 2850500  1 16 23   5.4 1020 241  5.8 6  4.5  82    0    0 295 -325  0
4218500 2850500  1 16 24   5.6 1020 250  6.4 6  4.5  80    0    0 299 -324  0
4218500 2850500  1 17  1   5.7 1020 261  5.9 7  4.4  78    0    0 305 -323  0
4218500 2850500  1 17  2   5.8 1020 250  4.9 7  4.3  75    0    0 309 -321  0
4218500 2850500  1 17  3   5.4 1021 227  4.5 8  4.2  74    0    0 313 -321  0
4218500 2850500  1 17  4   5.0 1020 216  4.5 8  4.1  75    0    0 316 -319  0
4218500 2850500  1 17  5   4.5 1020 219  4.3 7  4.0  76    0    0 309 -317  0
4218500 2850500  1 17  6   2.8 1020 215  4.3 4  3.9  80    0    0 287 -315  0
4218500 2850500  1 17  7   1.5 1020 206  4.5 1  3.7  84    0    0 252 -315  0
4218500 2850500  1 17  8   1.3 1020 195  3.9 1  3.6  87    0    0 235 -313  0
4218500 2850500  1 17  9   1.3 1020 207  4.8 1  3.7  90    8   11 234 -311  0
4218500 2850500  1 17 10   1.8 1020 210  4.3 1  3.7  88   81   39 233 -311  0
4218500 2850500  1 17 11   3.4 1020 216  3.8 0  3.7  82  151   53 229 -313  0
4218500 2850500  1 17 12   5.2 1020 201  3.0 0  3.7  72  206   58 229 -314  0
4218500 2850500  1 17 13   5.6 1019 192  4.8 0  3.6  66  219   61 231 -316  0
4218500 2850500  1 17 14   5.5 1018 197  5.0 0  3.6  65  183   63 231 -318  0
4218500 2850500  1 17 15   5.6 1017 183  4.8 0  3.7  66  104   63 231 -318  0
4218500 2850500  1 17 16   4.9 1016 192  4.3 0  3.7  67   26   41 230 -316  0
4218500 2850500  1 17 17   3.9 1016 185  3.8 1  3.6  69    0    6 230 -315  0
4218500 2850500  1 17 18   2.8 1015 184  4.4 1  3.5  72    0    0 230 -315  0
4218500 2850500  1 17 19   2.3 1015 177  3.9 1  3.4  75    0    0 228 -313  0
4218500 2850500  1 17 20   1.6 1015 173  4.0 1  3.5  79    0    0 228 -312  0
4218500 2850500  1 17 21   1.5 1014 184  4.7 2  3.5  82    0    0 231 -311  0
4218500 2850500  1 17 22   1.1 1013 171  4.6 1  3.4  83    0    0 231 -310  0
4218500 2850500  1 17 23   0.7 1013 181  4.9 2  3.3  82    0    0 229 -310  0
4218500 2850500  1 17 24   1.0 1012 181  4.8 1  3.2  80    0    0 230 -310  0
4218500 2850500  1 18  1   0.7 1011 183  4.4 1  3.2  79    0    0 227 -309  0
4218500 2850500  1 18  2   0.3 1010 185  4.5 1  3.1  79    0    0 228 -308  0
4218500 2850500  1 18  3   0.6 1010 184  4.8 1  3.1  78    0    0 228 -308  0
4218500 2850500  1 18  4   0.4 1009 204  4.6 1  3.1  78    0    0 228 -310  0
4218500 2850500  1 18  5  -0.1 1009 217  4.6 0  3.1  81    0    0 221 -312  0
4218500 2850500  1 18  6  -0.4 1009 208  4.1 0  3.2  84    0    0 214 -313  0
4218500 2850500  1 18  7  -0.6 1010 207  3.7 1  3.2  88    0    0 219 -313  0
4218500 2850500  1 18  8  -0.7 1010 209  3.9 3  3.2  89    0    0 235 -314  0
4218500 2850500  1 18  9   0.2 1010 221  4.1 5  3.3  88    0    9 258 -315  0
4218500 2850500  1 18 10   1.0 1010 209  3.7 7  3.4  85    3   49 283 -315  0
4218500 2850500  1 18 11   1.5 1011 222  3.6 7  3.4  83    0   50 296 -315  0
4218500 2850500  1 18 12   2.1 1011 230  4.1 8  3.5  81    0   35 302 -317  0
4218500 2850500  1 18 13   2.2 1011 225  3.7 8  3.6  80    0   49 309 -319  0
4218500 2850500  1 18 14   2.9 1011 245  4.6 8  3.6  80    0   45 310 -321  0
4218500 2850500  1 18 15   2.9 1011 271  4.8 8  3.6  78    0   30 311 -321  0
4218500 2850500  1 18 16   2.9 1012 263  3.4 8  3.7  78    0   11 312 -320  0
4218500 2850500  1 18 17   3.1 1012 225  2.8 8  3.7  79    0    1 312 -319  0
4218500 2850500  1 18 18   2.9 1013 221  2.6 8  3.7  79    0    0 312 -318  0
4218500 2850500  1 18 19   2.6 1013 221  2.5 8  3.7  81    0    0 312 -318  0
4218500 2850500  1 18 20   2.7 1013 219  2.6 8  3.8  83    0    0 311 -318  0
4218500 2850500  1 18 21   2.6 1013 203  2.4 8  3.8  84    0    0 311 -318  0
4218500 2850500  1 18 22   2.5 1013 217  2.5 8  3.7  82    0    0 309 -317  0
4218500 2850500  1 18 23   2.3 1013 216  2.4 8  3.7  82    0    0 309 -316  0
4218500 2850500  1 18 24   2.3 1013 209  2.7 7  3.7  83    0    0 302 -315  0
4218500 2850500  1 19  1   2.0 1013 212  3.0 7  3.8  85    0    0 296 -313  0
4218500 2850500  1 19  2   2.0 1013 193  2.9 8  3.6  83    0    0 299 -311  0
4218500 2850500  1 19  3   1.9 1012 188  3.4 7  3.5  80    0    0 298 -310  0
4218500 2850500  1 19  4   1.9 1012 184  3.3 8  3.5  80    0    0 296 -310  0
4218500 2850500  1 19  5   1.8 1011 168  3.6 7  3.5  81    0    0 295 -310  0
4218500 2850500  1 19  6   2.0 1011 183  3.9 8  3.4  79    0    0 292 -310  0
4218500 2850500  1 19  7   1.5 1011 186  4.0 8  3.4  79    0    0 296 -310  0
4218500 2850500  1 19  8   1.3 1010 180  4.6 8  3.4  80    0    0 293 -309  0
4218500 2850500  1 19  9   1.4 1010 158  3.2 7  3.5  83    0    8 286 -308  0
4218500 2850500  1 19 10   2.2 1009 148  4.0 7  3.6  83   17   53 281 -309  0
4218500 2850500  1 19 11   3.6 1009 154  5.0 5  3.6  76   64   90 271 -310  0
4218500 2850500  1 19 12   4.3 1008 155  5.6 5  3.5  70  130  103 263 -313  0
4218500 2850500  1 19 13   4.6 1007 166  5.7 5  3.6  69  135  112 263 -314  0
4218500 2850500  1 19 14   4.8 1006 153  5.1 6  3.7  69   88  115 267 -315  0
4218500 2850500  1 19 15   4.7 1005 147  5.0 5  3.6  68   52   90 266 -315  0
4218500 2850500  1 19 16   4.1 1005 155  4.7 6  3.6  68    7   42 264 -315  0
4218500 2850500  1 19 17   3.3 1004 152  5.0 8  3.5  71    0    3 273 -315  0
4218500 2850500  1 19 18   2.8 1004 148  5.0 7  3.6  75    0    0 278 -314  0
4218500 2850500  1 19 19   2.5 1003 153  5.2 7  3.6  79    0    0 277 -312  0
4218500 2850500  1 19 20   1.9 1003 157  5.4 7  3.6  80    0    0 280 -311  0
4218500 2850500  1 19 21   1.6 1002 165  4.9 6  3.5  80    0    0 277 -310  0
4218500 2850500  1 19 22   1.7 1002 165  5.7 5  3.3  77    0    0 270 -309  0
4218500 2850500  1 19 23   1.8 1002 171  4.6 5  3.3  76    0    0 268 -308  0
4218500 2850500  1 19 24   2.8 1002 196  4.0 7  3.3  74    0    0 283 -308  0
4218500 2850500  1 20  1   3.2 1002 214  4.0 8  3.6  75    0    0 305 -308  0
4218500 2850500  1 20  2   3.2 1002 204  4.6 8  4.0  83    0    0 313 -310  0
4218500 2850500  1 20  3   3.2 1002 203  4.5 8  4.4  91    0    0 316 -313  0
4218500 2850500  1 20  4   3.3 1002 204  4.4 8  4.5  94    0    0 315 -313  0
4218500 2850500  1 20  5   3.4 1003 209  4.7 8  4.6  94    0    0 316 -313  0
4218500 2850500  1 20  6   3.7 1003 194  4.3 8  4.6  94    0    0 317 -313  0
4218500 2850500  1 20  7   3.8 1003 196  4.3 7  4.7  94    0    0 315 -313  0
4218500 2850500  1 20  8   3.4 1003 196  4.1 6  4.7  94    0    0 305 -312  0
4218500 2850500  1 20  9   3.5 1003 192  4.0 5  4.6  94    5   13 296 -313  0
4218500 2850500  1 20 10   4.2 1003 191  4.1 7  4.7  93   14   54 301 -314  0
4218500 2850500  1 20 11   5.8 1003 209  4.3 4  4.8  88   78   87 297 -315  0
4218500 2850500  1 20 12   7.3 1003 212  5.1 3  4.9  80  197   78 279 -318  0
4218500 2850500  1 20 13   8.1 1003 206  4.6 3  4.8  73  204   84 277 -321  0
4218500 2850500  1 20 14   8.4 1003 204  4.8 3  4.7  69  172   82 276 -323  0
4218500 2850500  1 20 15   8.4 1003 206  4.8 2  4.6  66  114   70 269 -322  0
4218500 2850500  1 20 16   7.7 1002 195  4.2 3  4.4  65   33   43 267 -320  0
4218500 2850500  1 20 17   6.2 1002 183  4.2 5  4.3  69    0    7 277 -317  0
4218500 2850500  1 20 18   5.8 1001 185  4.5 5  4.5  77    0    0 282 -315  0
4218500 2850500  1 20 19   4.9 1001 190  4.3 4  4.4  79    0    0 274 -315  0
4218500 2850500  1 20 20   3.8 1000 165  4.4 4  4.3  82    0    0 267 -315  0
4218500 2850500  1 20 21   3.7 1000 160  4.9 4  4.2  83    0    0 267 -315  0
4218500 2850500  1 20 22   2.7  999 162  4.4 6  4.0  82    0    0 274 -315  0
4218500 2850500  1 20 23   2.7  999 165  4.7 7  3.8  82    0    0 281 -315  0
4218500 2850500  1 20 24   2.6  998 153  3.7 7  3.8  82    0    0 282 -315  0
4218500 2850500  1 21  1   2.3  998 153  4.5 7  3.8  84    0    0 280 -314  0
4218500 2850500  1 21  2   2.4  997 151  4.3 7  3.7  82    0    0 278 -314  0
4218500 2850500  1 21  3   2.3  997 150  4.3 8  3.8  83    0    0 281 -314  0
4218500 2850500  1 21  4   2.4  996 151  4.4 8  3.8  84    0    0 284 -314  0
4218500 2850500  1 21  5   2.4  995 150  4.4 8  3.8  84    0    0 285 -313  0
4218500 2850500  1 21  6   2.3  994 150  4.7 7  3.8  83    0    0 283 -313  0
4218500 2850500  1 21  7   2.5  994 152  4.1 7  3.8  82    0    0 281 -312  0
4218500 2850500  1 21  8   2.1  993 147  4.2 6  3.7  81    0    0 278 -312  0
4218500 2850500  1 21  9   2.0  993 158  4.6 5  3.6  81    2   15 269 -311  0
4218500 2850500  1 21 10   2.5  993 164  4.9 7  3.6  78   22   76 274 -311  0
4218500 2850500  1 21 11   3.9  993 174  4.1 6  3.6  73   32  124 281 -313  0
4218500 2850500  1 21 12   5.4  994 168  4.0 6  3.7  70   39  157 281 -314  0
4218500 2850500  1 21 13   4.6  994 161  3.7 7  3.7  67    6  124 287 -316  0
4218500 2850500  1 21 14   4.9  993 162  3.7 7  3.7  68    0   71 292 -318  0
4218500 2850500  1 21 15   5.7  993 159  4.1 6  3.9  68    4   83 289 -320  0
4218500 2850500  1 21 16   5.3  992 157  4.1 6  3.7  65    3   46 285 -319  0
4218500 2850500  1 21 17   4.6  992 166  4.5 7  3.5  64    0    1 289 -317  0
4218500 2850500  1 21 18   4.0  992 156  4.4 7  3.4  65    0    0 294 -316  0
4218500 2850500  1 21 19   3.3  991 154  4.1 8  3.5  70    0    0 300 -315  0
4218500 2850500  1 21 20   2.5  991 158  4.6 8  3.4  71    0    0 305 -315  0
4218500 2850500  1 21 21   1.5  991 164  4.2 8  3.1  70    0    0 303 -315  0
4218500 2850500  1 21 22   0.8  991 162  2.7 7  3.0  71    0    0 294 -315  0
4218500 2850500  1 21 23   0.3  991 156  3.2 6  2.9  71    0    0 273 -315  0
4218500 2850500  1 21 24  -0.1  991 150  3.6 6  2.8  72    0    0 259 -315  0
4218500 2850500  1 22  1  -0.3  991 144  3.9 6  2.9  76    0    0 260 -315  0
4218500 2850500  1 22  2  -0.5  991 152  3.7 7  2.9  77    0    0 272 -315  0
4218500 2850500  1 22  3  -0.8  991 143  3.5 7  2.8  77    0    0 283 -315  0
4218500 2850500  1 22  4  -1.0  991 160  3.4 7  2.8  77    0    0 282 -315  0
4218500 2850500  1 22  5  -1.0  991 146  3.0 6  2.8  79    0    0 274 -314  0
4218500 2850500  1 22  6  -1.2  991 144  3.2 4  2.8  80    0    0 250 -315  0
4218500 2850500  1 22  7  -1.2  991 155  3.4 4  2.8  80    0    0 230 -315  0
4218500 2850500  1 22  8  -0.9  991 158  3.6 6  2.8  79    0    0 249 -315  0
4218500 2850500  1 22  9  -0.5  991 166  2.8 7  2.9  78    2   13 276 -315  0
4218500 2850500  1 22 10   0.1  991 152  3.5 6  2.9  77   37   58 278 -315  0
4218500 2850500  1 22 11   1.0  992 143  3.5 5  3.0  75  103   89 265 -315  0
4218500 2850500  1 22 12   3.0  992 157  3.1 4  3.1  70  154  105 255 -319  0
4218500 2850500  1 22 13   4.3  992 166  3.3 5  3.3  65  165  110 259 -323  0
4218500 2850500  1 22 14   5.9  993 184  3.5 4  3.5  63  147  102 262 -324  0
4218500 2850500  1 22 15   6.4  993 177  3.5 2  3.6  60   96   84 242 -325  0
4218500 2850500  1 22 16   5.8  994 173  3.1 2  3.6  61   35   49 233 -326  0
4218500 2850500  1 22 17   4.3  994 162  3.1 3  3.7  66    0    9 243 -324  0
4218500 2850500  1 22 18   3.9  994 157  3.3 3  3.7  71    0    0 249 -321  0
4218500 2850500  1 22 19   3.2  995 168  3.8 4  3.7  75    0    0 252 -319  0
4218500 2850500  1 22 20   2.9  995 171  3.6 3  3.8  80    0    0 253 -318  0
4218500 2850500  1 22 21   2.6  995 179  3.5 3  3.8  81    0    0 247 -317  0
4218500 2850500  1 22 22   2.1  996 188  3.5 2  3.8  82    0    0 234 -316  0
4218500 2850500  1 22 23   1.9  996 193  3.1 2  3.7  84    0    0 213 -316  0
4218500 2850500  1 22 24   1.7  997 170  2.4 4  3.7  85    0    0 221 -316  0
4218500 2850500  1 23  1   1.2  997 181  2.7 5  3.8  88    0    0 248 -315  0
4218500 2850500  1 23  2   1.3  997 183  2.8 7  3.8  91    0    0 274 -315  0
4218500 2850500  1 23  3   2.0  998 185  2.6 7  4.0  91    0    0 295 -315  0
4218500 2850500  1 23  4   2.3  999 183  2.3 7  4.0  90    0    0 296 -315  0
4218500 2850500  1 23  5   2.5  999 177  1.9 7  4.0  88    0    0 297 -315  0
4218500 2850500  1 23  6   2.0  999 226  1.7 7  4.0  90    0    0 298 -315  0
4218500 2850500  1 23  7   1.6 1000 191  1.9 7  4.0  91    0    0 298 -315  0
4218500 2850500  1 23  8   1.7 1000 215  1.4 7  4.0  91    0    0 299 -315  0
4218500 2850500  1 23  9   2.4 1001 200  1.5 7  4.1  93    2   13 302 -315  0
4218500 2850500  1 23 10   2.9 1002 239  1.1 7  4.3  92   26   65 306 -317  0
4218500 2850500  1 23 11   4.0 1003 263  1.9 7  4.4  90    1   72 309 -322  0
4218500 2850500  1 23 12   4.9 1004 295  1.5 8  4.6  87    0   47 321 -328  0
4218500 2850500  1 23 13   5.5 1004 296  1.7 8  4.8  86    0   42 329 -332  0
4218500 2850500  1 23 14   5.4 1005 294  1.9 8  4.8  85    0   82 330 -334  0
4218500 2850500  1 23 15   5.6 1006 286  2.9 7  4.8  84    0   65 323 -335  0
4218500 2850500  1 23 16   5.3 1007 286  2.4 7  4.8  85    0   27 316 -334  0
4218500 2850500  1 23 17   5.0 1008 293  2.7 8  5.0  90    0    3 322 -331  0
4218500 2850500  1 23 18   4.6 1009 313  2.3 8  5.1  95    0    0 327 -329  0
4218500 2850500  1 23 19   4.8 1010 315  3.2 7  5.1  96    0    0 321 -329  0
4218500 2850500  1 23 20   4.5 1011 314  2.8 7  5.1  96    0    0 314 -329  0
4218500 2850500  1 23 21   4.1 1012 333  3.4 8  5.0  97    0    0 319 -329  0
4218500 2850500  1 23 22   3.8 1013 322  3.1 7  4.9  98    0    0 318 -329  0
4218500 2850500  1 23 23   3.7 1014 332  3.8 7  4.8  97    0    0 312 -328  0
4218500 2850500  1 23 24   3.4 1015 340  4.1 7  4.7  96    0    0 312 -326  0
4218500 2850500  1 24  1   3.3 1016 333  4.8 7  4.6  94    0    0 311 -326  0
4218500 2850500  1 24  2   3.3 1018 332  4.6 8  4.5  94    0    0 316 -326  0
4218500 2850500  1 24  3   3.3 1019 332  4.3 8  4.5  94    0    0 322 -326  0
4218500 2850500  1 24  4   3.5 1020 332  4.7 8  4.5  94    0    0 323 -326  0
4218500 2850500  1 24  5   3.5 1021 333  5.1 8  4.6  96    0    0 323 -326  0
4218500 2850500  1 24  6   3.5 1022 335  4.9 8  4.7  96    0    0 322 -325  0
4218500 2850500  1 24  7   3.3 1023 355  3.6 8  4.6  96    0    0 321 -325  0
4218500 2850500  1 24  8   3.1 1024   0  3.7 8  4.5  94    0    0 319 -324  0
4218500 2850500  1 24  9   3.1 1025 341  3.4 8  4.3  92    0   10 317 -322  0
4218500 2850500  1 24 10   2.7 1026 347  4.1 8  4.2  91   28   29 317 -322  0
4218500 2850500  1 24 11   2.7 1027 359  3.8 8  4.2  92    0   55 315 -324  0
4218500 2850500  1 24 12   2.8 1028 338  3.5 7  4.1  89    0   51 309 -326  0
4218500 2850500  1 24 13   3.4 1028 333  3.4 7  4.0  87    0   77 304 -327  0
4218500 2850500  1 24 14   3.6 1028 335  3.5 6  4.2  87    0   68 299 -327  0
4218500 2850500  1 24 15   3.7 1028 327  3.4 7  4.2  87    0   36 300 -327  0
4218500 2850500  1 24 16   3.4 1029 323  3.4 7  4.2  87    0   16 304 -325  0
4218500 2850500  1 24 17   3.5 1029 344  3.3 8  4.2  88    0    1 310 -323  0
4218500 2850500  1 24 18   3.2 1030 320  2.6 8  4.2  89    0    0 316 -320  0
4218500 2850500  1 24 19   3.2 1031 340  2.3 7  4.1  88    0    0 309 -318  0
4218500 2850500  1 24 20   3.0 1031 290  1.8 8  4.1  88    0    0 308 -318  0
4218500 2850500  1 24 21   2.9 1031 281  1.4 7  4.1  90    0    0 307 -318  0
4218500 2850500  1 24 22   2.7 1031 265  1.6 7  4.1  90    0    0 301 -318  0
4218500 2850500  1 24 23   2.9 1031 272  1.9 7  4.1  89    0    0 301 -318  0
4218500 2850500  1 24 24   2.7 1031 265  2.0 7  4.0  89    0    0 301 -317  0
4218500 2850500  1 25  1   2.7 1031 253  1.6 8  4.0  89    0    0 305 -316  0
4218500 2850500  1 25  2   2.7 1030 208  1.7 8  4.0  87    0    0 309 -315  0
4218500 2850500  1 25  3   2.5 1030 207  2.1 8  3.9  87    0    0 309 -315  0
4218500 2850500  1 25  4   2.2 1030 216  2.4 8  3.9  89    0    0 307 -313  0
4218500 2850500  1 25  5   2.2 1029 219  2.2 8  4.0  92    0    0 306 -312  0
4218500 2850500  1 25  6   2.2 1029 217  2.2 8  4.1  93    0    0 307 -312  0
4218500 2850500  1 25  7   2.2 1029 219  2.7 8  4.0  92    0    0 306 -314  0
4218500 2850500  1 25  8   2.3 1029 221  3.0 8  4.0  92    0    0 305 -314  0
4218500 2850500  1 25  9   2.5 1029 212  3.7 8  4.1  92    1   11 305 -315  0
4218500 2850500  1 25 10   2.5 1029 208  4.2 8  4.0  90   14   52 305 -315  0
4218500 2850500  1 25 11   2.8 1028 212  4.5 7  3.7  82    2   70 300 -315  0
4218500 2850500  1 25 12   3.3 1028 206  4.6 6  3.7  79    2   90 290 -316  0
4218500 2850500  1 25 13   3.8 1027 220  5.4 6  3.7  76   28  116 287 -319  0
4218500 2850500  1 25 14   4.1 1026 212  4.8 6  3.5  71   25  107 287 -322  0
4218500 2850500  1 25 15   4.3 1025 206  4.8 6  3.5  69   19   81 289 -324  0
4218500 2850500  1 25 16   4.2 1024 195  4.7 6  3.4  68    3   42 290 -325  0
4218500 2850500  1 25 17   3.8 1024 185  4.2 6  3.4  68    0    5 289 -324  0
4218500 2850500  1 25 18   3.6 1023 194  4.1 7  3.4  70    0    0 294 -322  0
4218500 2850500  1 25 19   3.6 1022 199  3.5 7  3.4  70    0    0 300 -320  0
4218500 2850500  1 25 20   3.2 1022 182  4.3 7  3.4  72    0    0 299 -317  0
4218500 2850500  1 25 21   2.8 1021 192  4.6 7  3.5  74    0    0 297 -316  0
4218500 2850500  1 25 22   2.6 1020 202  4.7 8  3.5  76    0    0 302 -317  0
4218500 2850500  1 25 23   2.3 1020 202  4.9 8  3.4  77    0    0 307 -318  0
4218500 2850500  1 25 24   2.7 1020 221  4.8 8  3.4  76    0    0 309 -321  0
4218500 2850500  1 26  1   2.2 1020 237  4.6 8  3.5  77    0    0 311 -322  0
4218500 2850500  1 26  2   1.0 1020 221  3.8 8  3.6  86    0    0 309 -322  0
4218500 2850500  1 26  3   0.9 1019 231  4.0 7  3.8  94    0    0 302 -323  0
4218500 2850500  1 26  4   1.3 1020 243  4.1 7  4.0  98    0    0 298 -324  0
4218500 2850500  1 26  5   1.9 1019 252  3.7 7  4.1  98    0    0 301 -325  0
4218500 2850500  1 26  6   2.0 1019 218  3.2 8  4.2  97    0    0 309 -326  0
4218500 2850500  1 26  7   2.2 1019 251  3.8 8  4.3  98    0    0 317 -326  0
4218500 2850500  1 26  8   2.7 1019 249  4.1 7  4.3  96    0    0 312 -326  0
4218500 2850500  1 26  9   2.3 1019 229  4.0 7  4.3  96    1   15 305 -326  0
4218500 2850500  1 26 10   2.6 1019 221  3.9 6  4.3  96    6   63 297 -326  0
4218500 2850500  1 26 11   2.9 1020 229  4.4 8  4.4  96    0   43 304 -327  0
4218500 2850500  1 26 12   3.5 1020 233  4.6 8  4.5  95    0   80 321 -329  0
4218500 2850500  1 26 13   3.9 1019 236  4.7 8  4.6  94    1   99 323 -331  0
4218500 2850500  1 26 14   4.7 1019 249  5.4 8  4.8  92    0   53 324 -331  0
4218500 2850500  1 26 15   5.0 1019 248  5.1 8  4.9  91    0   31 327 -332  0
4218500 2850500  1 26 16   5.0 1018 223  4.1 7  4.8  90    0   17 318 -332  0
4218500 2850500  1 26 17   5.1 1019 241  4.5 8  4.8  88    0    8 319 -330  0
4218500 2850500  1 26 18   4.9 1019 225  4.3 8  4.7  87    0    0 328 -329  0
4218500 2850500  1 26 19   4.7 1019 226  5.0 8  4.6  87    0    0 327 -329  0
4218500 2850500  1 26 20   4.4 1018 236  5.1 8  4.5  87    0    0 327 -328  0
4218500 2850500  1 26 21   4.4 1019 222  4.4 8  4.5  87    0    0 327 -328  0
4218500 2850500  1 26 22   4.4 1019 221  4.2 8  4.5  86    0    0 327 -328  0
4218500 2850500  1 26 23   4.4 1018 222  4.9 8  4.3  83    0    0 327 -328  0
4218500 2850500  1 26 24   4.5 1018 232  5.2 8  4.2  80    0    0 326 -328  0
4218500 2850500  1 27  1   4.2 1017 223  4.8 7  4.1  80    0    0 320 -328  0
4218500 2850500  1 27  2   4.1 1016 222  5.2 7  4.1  81    0    0 315 -328  0
4218500 2850500  1 27  3   3.9 1015 215  4.9 8  4.2  84    0    0 320 -328  0
4218500 2850500  1 27  4   3.8 1015 216  5.1 8  4.3  86    0    0 326 -328  0
4218500 2850500  1 27  5   3.4 1014 223  5.4 8  4.4  90    0    0 326 -328  0
4218500 2850500  1 27  6   3.4 1013 226  5.7 8  4.6  95    0    0 326 -329  0
4218500 2850500  1 27  7   3.6 1013 237  5.5 8  4.8  98    0    0 327 -329  0
4218500 2850500  1 27  8   4.2 1012 244  5.1 8  5.0  99    0    0 327 -330  0
4218500 2850500  1 27  9   4.9 1012 252  4.9 7  5.2  98    0   12 323 -330  0
4218500 2850500  1 27 10   5.8 1012 261  5.1 6  5.5  98    5   61 315 -331  0
4218500 2850500  1 27 11   6.8 1011 271  5.5 7  5.9  98    1   73 320 -334  0
4218500 2850500  1 27 12   7.6 1011 273  5.9 8  6.3  99    0   76 336 -337  0
4218500 2850500  1 27 13   8.1 1011 273  6.0 7  6.5  98    0   76 340 -341  0
4218500 2850500  1 27 14   8.4 1010 275  6.0 7  6.7  98    0   42 336 -345  0
4218500 2850500  1 27 15   8.7 1010 273  5.9 8  6.8  98    0   20 343 -347  0
4218500 2850500  1 27 16   8.7 1011 272  6.6 6  6.9  99    0   42 340 -349  0
4218500 2850500  1 27 17   8.6 1011 272  6.0 8  7.0 100    0    9 340 -349  0
4218500 2850500  1 27 18   8.6 1011 273  6.2 8  6.9  99    0    0 351 -349  0
4218500 2850500  1 27 19   8.8 1010 272  6.2 8  7.0  99    0    0 352 -350  0
4218500 2850500  1 27 20   8.8 1010 272  6.4 8  6.9  98    0    0 352 -350  0
4218500 2850500  1 27 21   9.0 1010 272  6.0 8  6.8  95    0    0 353 -350  0
4218500 2850500  1 27 22   8.9 1009 261  5.8 8  6.7  93    0    0 353 -351  0
4218500 2850500  1 27 23   9.2 1008 261  5.9 8  6.7  92    0    0 353 -351  0
4218500 2850500  1 27 24   9.1 1007 252  7.4 8  6.7  92    0    0 354 -351  0
4218500 2850500  1 28  1   9.4 1006 251  7.6 8  6.6  90    0    0 354 -351  0
4218500 2850500  1 28  2   9.6 1005 258  8.1 8  6.5  87    0    0 353 -350  0
4218500 2850500  1 28  3   9.7 1003 260  7.8 8  6.4  85    0    0 352 -350  0
4218500 2850500  1 28  4   9.2 1002 259  7.9 8  6.4  86    0    0 351 -350  0
4218500 2850500  1 28  5   8.6 1000 287  7.3 8  6.5  91    0    0 348 -349  0
4218500 2850500  1 28  6   6.1 1000 293  6.3 8  5.9  91    0    0 341 -348  0
4218500 2850500  1 28  7   5.7 1000 282  6.2 8  5.2  88    0    0 333 -346  0
4218500 2850500  1 28  8   5.8  999 278  7.3 8  5.0  86    0    0 328 -342  0
4218500 2850500  1 28  9   5.5  999 293  8.7 8  4.8  84    0    6 324 -339  0
4218500 2850500  1 28 10   5.3  998 282  7.6 5  4.5  79   16   66 299 -336  0
4218500 2850500  1 28 11   5.7  998 271  7.5 4  4.1  73   64  117 272 -335  0
4218500 2850500  1 28 12   5.2  997 271  8.1 7  4.2  74    2   97 283 -333  0
4218500 2850500  1 28 13   5.6  997 277 10.0 6  4.2  74   33  144 293 -332  0
4218500 2850500  1 28 14   4.2  996 267  6.7 7  4.4  80    0   81 291 -332  0
4218500 2850500  1 28 15   3.8  996 261  7.7 8  4.6  89    0   49 299 -333  0
4218500 2850500  1 28 16   4.7  996 257  8.8 7  4.5  86    0   35 301 -332  0
4218500 2850500  1 28 17   5.1  995 262  8.5 8  4.3  78    0    2 302 -330  0
4218500 2850500  1 28 18   5.3  996 261  8.5 7  4.1  74    0    0 303 -328  0
4218500 2850500  1 28 19   5.0  995 257  7.1 7  4.1  73    0    0 300 -327  0
4218500 2850500  1 28 20   3.2  994 247  6.7 6  4.2  80    0    0 293 -324  0
4218500 2850500  1 28 21   2.4  993 269  6.3 6  4.3  92    0    0 286 -323  0
4218500 2850500  1 28 22   2.1  993 263  7.4 8  4.3  93    0    0 295 -324  0
4218500 2850500  1 28 23   1.8  992 238  4.8 8  4.2  94    0    0 305 -324  0
4218500 2850500  1 28 24   2.5  991 241  5.7 7  4.2  94    0    0 300 -323  0
4218500 2850500  1 29  1   2.0  990 250  5.1 8  4.3  94    0    0 300 -323  0
4218500 2850500  1 29  2   1.8  990 247  4.9 7  4.2  94    0    0 298 -322  0
4218500 2850500  1 29  3   1.9  989 231  4.6 7  4.2  94    0    0 290 -321  0
4218500 2850500  1 29  4   1.8  988 230  4.9 7  4.1  93    0    0 289 -320  0
4218500 2850500  1 29  5   1.6  988 240  5.1 7  4.0  91    0    0 288 -320  0
4218500 2850500  1 29  6   0.9  987 219  4.5 8  3.9  92    0    0 292 -320  0
4218500 2850500  1 29  7   0.6  987 211  4.6 8  3.9  95    0    0 298 -320  0
4218500 2850500  1 29  8   1.0  986 230  3.8 8  4.0  96    0    0 297 -319  0
4218500 2850500  1 29  9   1.3  986 235  4.0 8  4.1  96    4   17 297 -316  0
4218500 2850500  1 29 10   1.5  986 239  4.3 6  4.2  97   15   65 284 -315  0
4218500 2850500  1 29 11   1.9  986 246  3.9 7  4.3  97    0   59 277 -318  0
4218500 2850500  1 29 12   2.6  986 254  3.9 8  4.4  96    0   50 291 -324  0
4218500 2850500  1 29 13   3.3  988 280  3.7 7  4.5  94    2  105 291 -328  0
4218500 2850500  1 29 14   3.7  988 273  4.6 6  4.4  88    7  111 277 -331  0
4218500 2850500  1 29 15   3.2  988 279  4.2 8  4.2  84    0   47 282 -331  0
4218500 2850500  1 29 16   3.1  988 256  3.4 8  4.2  86    0   19 297 -329  0
4218500 2850500  1 29 17   3.1  988 274  4.5 7  4.2  87    0    5 288 -327  0
4218500 2850500  1 29 18   2.8  988 260  3.7 8  4.2  87    0    0 286 -324  0
4218500 2850500  1 29 19   1.9  987 283  4.3 7  4.1  89    0    0 283 -322  0
4218500 2850500  1 29 20   1.8  987 295  5.1 7  4.1  92    0    0 273 -318  0
4218500 2850500  1 29 21   1.3  987 315  4.4 7  4.1  95    0    0 272 -316  0
4218500 2850500  1 29 22   0.8  988   6  6.6 8  3.9  93    0    0 281 -315  0
4218500 2850500  1 29 23   0.4  989 354  5.0 8  3.6  89    0    0 286 -314  0
4218500 2850500  1 29 24   0.2  989 343  4.5 8  3.5  88    0    0 285 -311  0
4218500 2850500  1 30  1   0.1  990 341  3.9 8  3.4  88    0    0 284 -310  0
4218500 2850500  1 30  2  -0.1  990 326  2.9 8  3.3  86    0    0 282 -309  0
4218500 2850500  1 30  3  -0.1  990 307  2.6 8  3.3  86    0    0 281 -309  0
4218500 2850500  1 30  4  -0.1  990 298  3.4 8  3.4  88    0    0 281 -308  0
4218500 2850500  1 30  5  -0.3  990 275  2.3 8  3.4  90    0    0 280 -306  0
4218500 2850500  1 30  6  -0.5  990 210  1.3 8  3.5  93    0    0 279 -305  0
4218500 2850500  1 30  7  -0.4  990 197  1.6 8  3.6  97    0    0 278 -305  0
4218500 2850500  1 30  8  -0.1  990 192  2.6 8  3.7  98    0    0 277 -303  0
4218500 2850500  1 30  9  -0.1  989 194  2.4 8  3.8  98    0    8 276 -301  0
4218500 2850500  1 30 10   0.2  989 215  2.7 8  3.8  97    0   43 276 -302  0
4218500 2850500  1 30 11   0.5  989 209  2.5 7  3.8  96    2   79 267 -304  0
4218500 2850500  1 30 12   0.4  989 204  2.7 8  3.8  96    1   90 269 -307  0
4218500 2850500  1 30 13   0.3  989 230  2.3 8  3.8  96    0   87 278 -309  0
4218500 2850500  1 30 14   0.9  989 273  3.5 8  3.9  95    0   78 280 -310  0
4218500 2850500  1 30 15   1.4  989 262  3.9 8  3.9  93    0   34 281 -310  0
4218500 2850500  1 30 16   1.2  989 255  3.4 5  3.9  91    2   50 257 -308  0
4218500 2850500  1 30 17   0.9  990 280  3.5 6  3.8  91    4   16 241 -306  0
4218500 2850500  1 30 18   0.1  990 265  2.6 6  3.6  91    0    0 245 -304  0
4218500 2850500  1 30 19  -0.1  991 214  1.9 6  3.5  91    0    0 243 -302  0
4218500 2850500  1 30 20   0.2  991 227  2.5 7  3.6  92    0    0 248 -300  0
4218500 2850500  1 30 21   0.1  992 226  2.3 6  3.6  92    0    0 247 -298  0
4218500 2850500  1 30 22  -0.4  992 228  2.7 6  3.6  93    0    0 241 -297  0
4218500 2850500  1 30 23  -0.8  993 205  2.5 6  3.5  94    0    0 239 -295  0
4218500 2850500  1 30 24  -0.7  993 203  2.2 7  3.4  94    0    0 244 -293  0
4218500 2850500  1 31  1  -0.8  994 209  1.7 6  3.4  94    0    0 245 -292  0
4218500 2850500  1 31  2  -1.6  994 212  1.5 4  3.3  94    0    0 228 -292  0
4218500 2850500  1 31  3  -2.1  995 182  1.6 3  3.2  95    0    0 214 -294  0
4218500 2850500  1 31  4  -2.3  996 150  1.8 3  3.2  96    0    0 211 -297  0
4218500 2850500  1 31  5  -2.6  996 194  1.7 4  3.1  96    0    0 215 -298  0
4218500 2850500  1 31  6  -2.4  997 199  1.1 4  3.1  96    0    0 219 -297  0
4218500 2850500  1 31  7  -2.4  998 221  1.0 5  3.1  96    0    0 223 -295  0
4218500 2850500  1 31  8  -2.3  999   1  1.0 6  3.1  96    0    0 231 -294  0
4218500 2850500  1 31  9  -1.9 1000   6  0.9 7  3.2  97    2   19 238 -293  0
4218500 2850500  1 31 10  -1.2 1001  92  0.9 7  3.3  96   13   73 243 -294  0
4218500 2850500  1 31 11  -0.6 1003  89  1.7 7  3.4  95   14  111 246 -297  0
4218500 2850500  1 31 12  -0.3 1004  86  2.6 7  3.5  93    3  112 249 -300  0
4218500 2850500  1 31 13  -0.3 1005  67  3.5 6  3.4  92    0   69 247 -302  0
4218500 2850500  1 31 14  -0.6 1005  44  3.6 7  3.4  91    0   39 247 -304  0
4218500 2850500  1 31 15  -1.3 1006  32  5.2 8  3.3  92    0   23 255 -303  0
4218500 2850500  1 31 16  -1.6 1007  37  5.2 7  3.1  90    0   21 253 -302  0
4218500 2850500  1 31 17  -1.8 1009  32  4.6 8  2.9  87    0    4 250 -299  0
4218500 2850500  1 31 18  -2.2 1010  25  5.0 8  2.8  86    0    0 248 -295  0
4218500 2850500  1 31 19  -2.6 1011  42  5.2 8  2.7  84    0    0 243 -292  0
4218500 2850500  1 31 20  -3.0 1012  21  4.2 7  2.5  82    0    0 235 -289  0
4218500 2850500  1 31 21  -3.6 1013  16  4.3 4  2.4  82    0    0 220 -286  0
4218500 2850500  1 31 22  -4.2 1014  19  4.7 2  2.4  84    0    0 202 -284  0
4218500 2850500  1 31 23  -5.2 1015  25  3.7 2  2.3  87    0    0 194 -282  0
4218500 2850500  1 31 24  -5.5 1016  14  2.2 0  2.2  87    0    0 186 -279  0
4218500 2850500  2  1  1  -6.9 1017 356  2.4 0  2.0  89    0    0 177 -275  0
4218500 2850500  2  1  2  -7.4 1017 328  1.8 0  2.0  91    0    0 175 -275  0
4218500 2850500  2  1  3  -7.3 1017 331  1.8 0  2.0  91    0    0 173 -273  0
4218500 2850500  2  1  4  -8.0 1017 321  1.6 0  1.9  90    0    0 172 -272  0
4218500 2850500  2  1  5  -8.7 1017 284  1.7 0  1.8  91    0    0 170 -271  0
4218500 2850500  2  1  6  -8.9 1018 295  1.0 0  1.8  92    0    0 169 -270  0
4218500 2850500  2  1  7  -9.3 1018 288  1.5 1  1.8  94    0    0 172 -269  0
4218500 2850500  2  1  8  -8.3 1018 252  1.1 4  1.8  95    0    0 186 -268  0
4218500 2850500  2  1  9  -7.3 1018 211  1.1 6  2.0  95   23   28 204 -268  0
4218500 2850500  2  1 10  -6.1 1018 213  2.0 4  2.1  93  114   54 208 -270  0
4218500 2850500  2  1 11  -4.2 1019 199  2.2 2  2.2  86  199   65 198 -276  0
4218500 2850500  2  1 12  -3.9 1018 198  3.2 3  2.2  78  116  143 199 -283  0
4218500 2850500  2  1 13  -3.8 1018 215  3.8 5  2.2  77   12  139 212 -289  0
4218500 2850500  2  1 14  -3.7 1017 212  4.6 6  2.2  77    0   85 226 -293  0
4218500 2850500  2  1 15  -3.9 1017 198  4.8 6  2.1  74    0   83 230 -292  0
4218500 2850500  2  1 16  -4.2 1016 190  4.3 7  2.1  75    0   46 233 -290  0
4218500 2850500  2  1 17  -4.3 1016 164  4.3 7  2.1  76    0   18 235 -286  0
4218500 2850500  2  1 18  -5.1 1016 153  4.3 6  2.1  78    0    0 229 -281  0
4218500 2850500  2  1 19  -6.3 1015 150  4.2 3  2.0  82    0    0 215 -279  0
4218500 2850500  2  1 20  -6.9 1015 152  4.2 3  2.0  85    0    0 207 -277  0
4218500 2850500  2  1 21  -7.3 1015 144  4.2 3  2.0  88    0    0 208 -276  0
4218500 2850500  2  1 22  -7.5 1014 144  4.2 3  2.0  90    0    0 208 -275  0
4218500 2850500  2  1 23  -7.7 1014 151  3.9 3  1.9  91    0    0 209 -275  0
4218500 2850500  2  1 24  -7.7 1013 151  4.0 2  1.9  90    0    0 206 -275  0
4218500 2850500  2  2  1  -7.3 1012 159  4.0 4  1.9  89    0    0 209 -275  0
4218500 2850500  2  2  2  -7.6 1012 159  4.5 4  1.9  89    0    0 214 -274  0
4218500 2850500  2  2  3  -7.2 1011 160  4.9 5  1.9  88    0    0 217 -274  0
4218500 2850500  2  2  4  -6.7 1010 163  4.6 4  1.9  86    0    0 219 -275  0
4218500 2850500  2  2  5  -7.0 1009 160  5.0 4  1.9  85    0    0 216 -275  0
4218500 2850500  2  2  6  -7.3 1009 160  4.7 5  1.9  86    0    0 219 -275  0
4218500 2850500  2  2  7  -6.6 1008 160  4.3 6  1.9  86    0    0 228 -276  0
4218500 2850500  2  2  8  -6.1 1008 153  3.7 6  2.0  86    0    0 234 -277  0
4218500 2850500  2  2  9  -5.5 1007 161  4.5 5  2.1  86    8   38 233 -278  0
4218500 2850500  2  2 10  -4.1 1007 167  4.3 6  2.2  82   29  103 236 -281  0
4218500 2850500  2  2 11  -2.9 1007 182  4.9 6  2.3  77   43  160 243 -286  0
4218500 2850500  2  2 12  -2.3 1006 200  5.1 6  2.3  74   13  155 247 -292  0
4218500 2850500  2  2 13  -2.0 1005 185  5.3 7  2.4  73    0  104 254 -297  0
4218500 2850500  2  2 14  -1.9 1004 183  5.7 8  2.5  76    0   61 265 -301  0
4218500 2850500  2  2 15  -2.1 1004 180  5.3 7  2.7  82    0   54 269 -302  0
4218500 2850500  2  2 16  -1.6 1003 174  4.8 7  2.8  85    0   60 268 -302  0
4218500 2850500  2  2 17  -1.9 1002 162  4.7 7  2.8  82    0   21 269 -303  0
4218500 2850500  2  2 18  -2.3 1001 161  5.4 6  2.7  83    0    0 262 -302  0
4218500 2850500  2  2 19  -2.1 1001 166  5.3 6  2.7  84    0    0 257 -300  0
4218500 2850500  2  2 20  -1.9 1000 169  4.8 6  2.7  83    0    0 258 -298  0
4218500 2850500  2  2 21  -1.6  999 169  5.1 7  2.8  82    0    0 264 -298  0
4218500 2850500  2  2 22  -0.8  998 180  6.1 8  2.9  82    0    0 276 -300  0
4218500 2850500  2  2 23  -1.0  996 180  5.6 8  3.1  87    0    0 284 -301  0
4218500 2850500  2  2 24  -0.4  995 182  5.2 8  3.5  94    0    0 288 -302  0
4218500 2850500  2  3  1   0.2  994 193  5.3 8  3.7  95    0    0 291 -303  0
4218500 2850500  2  3  2   0.4  993 191  5.4 8  3.8  95    0    0 292 -305  0
4218500 2850500  2  3  3   0.5  992 190  5.1 8  3.8  95    0    0 295 -307  0
4218500 2850500  2  3  4   0.9  990 191  4.9 8  3.9  95    0    0 299 -309  0
4218500 2850500  2  3  5   0.8  989 191  5.2 8  4.0  96    0    0 301 -310  0
4218500 2850500  2  3  6   1.1  989 192  5.3 8  4.0  96    0    0 304 -310  0
4218500 2850500  2  3  7   0.4  988 212  5.4 8  4.0  96    0    0 303 -311  0
4218500 2850500  2  3  8   1.5  988 229  4.4 7  4.0  96    0    0 297 -312  0
4218500 2850500  2  3  9   1.4  988 229  4.4 7  4.2  97    3   28 291 -313  0
4218500 2850500  2  3 10   2.2  988 216  4.5 6  4.2  95   63   80 285 -314  0
4218500 2850500  2  3 11   3.3  988 212  5.0 3  4.2  88  123  114 262 -314  0
4218500 2850500  2  3 12   3.3  989 211  5.5 5  4.0  82   70  158 251 -315  0
4218500 2850500  2  3 13   3.2  988 208  6.0 8  4.0  81    4  127 279 -315  0
4218500 2850500  2  3 14   3.2  987 197  5.9 8  4.1  84    0   98 299 -316  0
4218500 2850500  2  3 15   3.0  986 223  5.7 6  4.2  85   20  117 284 -316  0
4218500 2850500  2  3 16   2.7  986 222  4.5 6  4.0  83   20   77 267 -316  0
4218500 2850500  2  3 17   1.5  985 216  4.1 4  3.7  82    6   27 251 -315  0
4218500 2850500  2  3 18   0.9  984 209  4.3 4  3.6  85    0    0 229 -315  0
4218500 2850500  2  3 19   0.3  984 201  3.5 4  3.6  89    0    0 224 -315  0
4218500 2850500  2  3 20  -0.4  983 178  3.4 3  3.6  93    0    0 214 -315  0
4218500 2850500  2  3 21   0.0  983 181  4.1 3  3.7  96    0    0 209 -313  0
4218500 2850500  2  3 22  -0.3  982 174  3.9 3  3.7  95    0    0 210 -312  0
4218500 2850500  2  3 23  -0.1  982 202  3.5 4  3.6  94    0    0 214 -311  0
4218500 2850500  2  3 24   0.3  981 219  3.0 6  3.7  95    0    0 235 -310  0
4218500 2850500  2  4  1  -0.4  981 198  3.6 5  3.8  96    0    0 241 -309  0
4218500 2850500  2  4  2  -0.4  981 224  3.7 3  3.7  98    0    0 218 -309  0
4218500 2850500  2  4  3  -0.3  981 238  4.2 4  3.7  97    0    0 208 -308  0
4218500 2850500  2  4  4  -0.1  981 224  4.1 6  3.6  94    0    0 232 -307  0
4218500 2850500  2  4  5   0.2  981 248  3.8 7  3.6  91    0    0 256 -305  0
4218500 2850500  2  4  6   0.8  982 259  5.1 7  3.5  87    0    0 264 -304  0
4218500 2850500  2  4  7   0.9  982 260  4.0 6  3.5  83    0    0 258 -303  0
4218500 2850500  2  4  8   0.6  983 239  3.6 6  3.3  81    0    0 252 -303  0
4218500 2850500  2  4  9   0.8  983 208  3.2 6  3.3  81    9   34 252 -304  0
4218500 2850500  2  4 10   0.8  983 232  3.7 5  3.4  82   67   92 245 -307  0
4218500 2850500  2  4 11   1.7  984 243  4.0 6  3.4  80   32  136 242 -310  0
4218500 2850500  2  4 12   1.7  984 241  3.8 7  3.3  76    0  104 257 -313  0
4218500 2850500  2  4 13   2.2  984 252  4.5 5  3.2  72   33  174 248 -314  0
4218500 2850500  2  4 14   1.9  985 243  4.5 8  3.2  71    0   47 258 -315  0
4218500 2850500  2  4 15   2.1  985 243  3.6 8  3.4  74    0   51 277 -315  0
4218500 2850500  2  4 16   2.3  985 232  3.8 6  3.3  72    0   57 263 -315  0
4218500 2850500  2  4 17   1.4  986 203  3.4 4  3.1  69    2   26 239 -314  0
4218500 2850500  2  4 18   0.9  986 220  3.6 3  3.0  72    0    0 222 -311  0
4218500 2850500  2  4 19   0.1  987 202  3.6 2  3.1  78    0    0 209 -310  0
4218500 2850500  2  4 20  -0.4  987 171  3.9 3  3.2  82    0    0 206 -309  0
4218500 2850500  2  4 21  -0.2  988 189  4.2 5  3.2  84    0    0 224 -307  0
4218500 2850500  2  4 22  -0.4  988 201  4.4 8  3.4  91    0    0 253 -306  0
4218500 2850500  2  4 23  -0.2  988 215  4.1 8  3.7  96    0    0 269 -306  0
4218500 2850500  2  4 24   0.1  988 240  3.7 8  3.8  97    0    0 271 -305  0
4218500 2850500  2  5  1   0.6  989 262  3.8 8  3.9  97    0    0 273 -304  0
4218500 2850500  2  5  2   0.6  989 268  3.5 8  3.9  96    0    0 274 -303  0
4218500 2850500  2  5  3   0.5  990 260  2.9 7  3.9  95    0    0 269 -303  0
4218500 2850500  2  5  4   0.2  990 231  2.4 6  3.8  95    0    0 260 -303  0
4218500 2850500  2  5  5  -0.7  991 267  2.1 6  3.7  96    0    0 254 -303  0
4218500 2850500  2  5  6  -1.5  991 210  1.7 5  3.4  96    0    0 246 -302  0
4218500 2850500  2  5  7  -2.3  991 211  2.1 2  3.2  96    0    0 223 -301  0
4218500 2850500  2  5  8  -3.5  992 224  1.5 3  3.0  96    0    0 208 -302  0
4218500 2850500  2  5  9  -1.8  992 341  0.6 6  3.1  96    6   35 228 -303  0
4218500 2850500  2  5 10  -0.7  993 190  1.2 7  3.4  97   13   85 252 -305  0
4218500 2850500  2  5 11  -0.1  994 200  0.9 7  3.6  96    7  113 262 -308  0
4218500 2850500  2  5 12   0.6  994 311  1.0 6  3.5  90    4  127 259 -309  0
4218500 2850500  2  5 13   1.3  995 331  2.0 5  3.5  86   22  170 251 -310  0
4218500 2850500  2  5 14   1.1  995 335  3.1 6  3.6  86    5  129 254 -308  0
4218500 2850500  2  5 15   0.8  996 346  2.8 7  3.5  84    0   51 265 -305  0
4218500 2850500  2  5 16   0.5  996 332  3.0 7  3.3  81    0   54 269 -302  0
4218500 2850500  2  5 17  -0.4  997 306  2.8 5  3.1  81    1   25 259 -299  0
4218500 2850500  2  5 18  -0.7  998 299  2.5 7  3.2  87    0    0 255 -296  0
4218500 2850500  2  5 19  -0.3  999 320  2.7 7  3.3  90    0    0 263 -293  0
4218500 2850500  2  5 20  -0.4 1000 325  2.7 7  3.4  90    0    0 261 -292  0
4218500 2850500  2  5 21  -0.7 1001 314  2.6 7  3.3  90    0    0 261 -291  0
4218500 2850500  2  5 22  -1.5 1001 310  3.0 4  3.2  90    0    0 244 -290  0
4218500 2850500  2  5 23  -1.9 1002 326  2.8 3  3.1  90    0    0 224 -289  0
4218500 2850500  2  5 24  -1.6 1002 353  2.5 4  3.0  90    0    0 224 -288  0
4218500 2850500  2  6  1  -1.7 1003 340  2.6 5  3.0  87    0    0 234 -287  0
4218500 2850500  2  6  2  -2.9 1003 327  2.5 4  2.8  88    0    0 232 -287  0
4218500 2850500  2  6  3  -2.1 1004 329  2.3 5  2.9  91    0    0 231 -286  0
4218500 2850500  2  6  4  -2.0 1004 312  2.5 8  3.0  92    0    0 253 -285  0
4218500 2850500  2  6  5  -1.7 1005 311  2.9 8  3.1  92    0    0 270 -284  0
4218500 2850500  2  6  6  -1.5 1005 310  3.1 8  3.1  92    0    0 272 -284  0
4218500 2850500  2  6  7  -1.1 1006 305  3.5 8  3.3  94    0    0 273 -283  0
4218500 2850500  2  6  8  -1.0 1006 333  4.1 8  3.3  92    0    0 273 -282  0
4218500 2850500  2  6  9  -1.3 1007 339  4.3 7  3.0  87    6   38 268 -281  0
4218500 2850500  2  6 10  -1.4 1008 331  5.3 6  2.8  82   27  110 258 -282  0
4218500 2850500  2  6 11  -1.5 1009 333  5.1 6  2.7  79    6  118 253 -285  0
4218500 2850500  2  6 12  -2.5 1010 320  6.0 7  2.6  79    0   95 258 -290  0
4218500 2850500  2  6 13  -2.7 1010 312  5.9 7  2.5  80    0   78 262 -296  0
4218500 2850500  2  6 14  -2.6 1011 337  5.5 7  2.3  74    0   61 262 -300  0
4218500 2850500  2  6 15  -2.7 1011 331  5.3 7  2.1  69    0   54 262 -303  0
4218500 2850500  2  6 16  -2.6 1012 320  5.8 7  2.1  66    0   35 261 -304  0
4218500 2850500  2  6 17  -2.8 1012 313  4.5 6  2.1  67    0    9 255 -304  0
4218500 2850500  2  6 18  -2.7 1012 322  4.4 7  2.1  68    0    0 254 -303  0
4218500 2850500  2  6 19  -2.9 1013 337  4.6 8  2.1  67    0    0 263 -303  0
4218500 2850500  2  6 20  -2.9 1014 320  3.8 7  2.0  66    0    0 264 -303  0
4218500 2850500  2  6 21  -2.8 1015 311  3.2 7  2.1  69    0    0 262 -304  0
4218500 2850500  2  6 22  -2.6 1015 294  3.2 7  2.2  71    0    0 266 -305  0
4218500 2850500  2  6 23  -2.6 1015 284  3.7 7  2.2  71    0    0 269 -306  0
4218500 2850500  2  6 24  -2.4 1016 287  3.1 8  2.3  72    0    0 277 -306  0
4218500 2850500  2  7  1  -2.6 1016 289  4.1 7  2.3  74    0    0 278 -304  0
4218500 2850500  2  7  2  -2.9 1016 281  3.6 7  2.3  75    0    0 273 -301  0
4218500 2850500  2  7  3  -3.8 1016 279  3.5 5  2.3  78    0    0 260 -299  0
4218500 2850500  2  7  4  -4.7 1016 278  3.0 1  2.3  82    0    0 225 -300  0
4218500 2850500  2  7  5  -5.6 1016 274  2.6 0  2.2  86    0    0 187 -302  0
4218500 2850500  2  7  6  -6.3 1016 267  2.7 0  2.2  90    0    0 168 -303  0
4218500 2850500  2  7  7  -6.2 1016 201  1.9 1  2.2  91    0    0 171 -304  0
4218500 2850500  2  7  8  -5.7 1016 210  2.5 3  2.2  91    0    0 190 -305  0
4218500 2850500  2  7  9  -4.1 1016 209  1.9 4  2.3  88    5   28 211 -306  0
4218500 2850500  2  7 10  -2.9 1017 208  1.6 6  2.3  81   39   68 238 -308  0
4218500 2850500  2  7 11  -2.1 1017 209  1.9 6  2.3  74   61  107 256 -311  0
4218500 2850500  2  7 12  -1.5 1017 231  2.1 7  2.4  71   10  122 266 -313  0
4218500 2850500  2  7 13  -1.1 1017 199  2.0 7  2.4  71    5  124 277 -314  0
4218500 2850500  2  7 14  -0.9 1017 215  2.1 7  2.4  69   22  127 279 -315  0
4218500 2850500  2  7 15  -0.5 1016 208  2.0 7  2.4  67   11  101 281 -315  0
4218500 2850500  2  7 16  -0.7 1016 193  2.1 8  2.4  67    0   50 291 -315  0
4218500 2850500  2  7 17  -1.2 1016 201  2.3 8  2.5  72    0   15 301 -315  0
4218500 2850500  2  7 18  -1.4 1016 208  2.3 7  2.7  78    0    0 291 -315  0
4218500 2850500  2  7 19  -1.6 1017 202  2.1 7  2.7  81    0    0 278 -316  0
4218500 2850500  2  7 20  -1.7 1017 172  1.9 8  2.8  84    0    0 288 -316  0
4218500 2850500  2  7 21  -1.6 1017 169  2.3 8  2.9  87    0    0 299 -316  0
4218500 2850500  2  7 22  -1.8 1017 165  2.2 8  3.0  90    0    0 299 -316  0
4218500 2850500  2  7 23  -1.8 1017 170  1.5 8  3.1  93    0    0 299 -316  0
4218500 2850500  2  7 24  -1.9 1017 170  2.0 8  3.1  95    0    0 299 -316  0
4218500 2850500  2  8  1  -1.8 1017 166  2.0 8  3.2  97    0    0 299 -316  0
4218500 2850500  2  8  2  -1.8 1017 176  1.9 8  3.2  97    0    0 299 -316  0
4218500 2850500  2  8  3  -1.7 1017 168  2.2 7  3.2  96    0    0 290 -316  0
4218500 2850500  2  8  4  -1.6 1017 146  1.9 8  3.2  97    0    0 291 -317  0
4218500 2850500  2  8  5  -1.4 1017 149  1.7 8  3.3  98    0    0 302 -317  0
4218500 2850500  2  8  6  -1.6 1017 144  1.6 8  3.3  98    0    0 302 -317  0
4218500 2850500  2  8  7  -1.4 1017 117  2.0 8  3.3  98    0    0 302 -317  0
4218500 2850500  2  8  8  -1.3 1018 119  2.1 8  3.3  98    0    0 302 -317  0
4218500 2850500  2  8  9  -1.1 1018 127  2.3 8  3.4  98   22   27 304 -317  0
4218500 2850500  2  8 10  -0.5 1018 130  2.2 8  3.5  98    4   72 305 -319  0
4218500 2850500  2  8 11   0.0 1019 138  3.1 8  3.6  97    0   78 306 -322  0
4218500 2850500  2  8 12   0.1 1019 121  3.0 7  3.6  95    0   90 298 -325  0
4218500 2850500  2  8 13   0.1 1019 121  2.8 8  3.5  93    0   89 297 -326  0
4218500 2850500  2  8 14   0.3 1020 157  2.9 7  3.5  91    0   71 297 -328  0
4218500 2850500  2  8 15   0.8 1019 113  2.2 6  3.5  89    1   89 284 -331  0
4218500 2850500  2  8 16   1.1 1020 148  1.9 4  3.6  88   42   72 267 -332  0
4218500 2850500  2  8 17   0.2 1020 126  2.2 2  3.4  86   15   26 241 -329  0
4218500 2850500  2  8 18  -1.1 1020 113  2.3 1  3.1  85    0    0 219 -325  0
4218500 2850500  2  8 19  -2.1 1021  97  3.4 1  2.9  88    0    0 209 -323  0
4218500 2850500  2  8 20  -2.3 1021  96  3.7 1  2.8  87    0    0 207 -323  0
4218500 2850500  2  8 21  -2.9 1022 110  3.1 1  2.6  84    0    0 203 -323  0
4218500 2850500  2  8 22  -3.0 1022 119  3.6 1  2.5  82    0    0 202 -323  0
4218500 2850500  2  8 23  -3.0 1022 121  3.4 1  2.4  81    0    0 202 -322  0
4218500 2850500  2  8 24  -3.6 1022 119  3.6 1  2.4  81    0    0 203 -322  0
4218500 2850500  2  9  1  -3.4 1022 111  4.3 1  2.4  84    0    0 203 -322  0
4218500 2850500  2  9  2  -3.7 1023 118  4.3 1  2.4  84    0    0 203 -322  0
4218500 2850500  2  9  3  -4.1 1023 101  3.4 1  2.3  83    0    0 199 -322  0
4218500 2850500  2  9  4  -5.0 1023 101  3.3 1  2.3  85    0    0 195 -322  0
4218500 2850500  2  9  5  -5.8 1023 102  3.1 3  2.2  88    0    0 207 -322  0
4218500 2850500  2  9  6  -5.6 1022 106  3.1 1  2.2  89    0    0 208 -322  0
4218500 2850500  2  9  7  -5.2 1022 111  3.5 1  2.2  88    0    0 197 -321  0
4218500 2850500  2  9  8  -5.0 1022 113  4.0 3  2.2  88    0    1 212 -321  0
4218500 2850500  2  9  9  -4.4 1022 118  3.7 2  2.3  87   36   39 220 -321  0
4218500 2850500  2  9 10  -2.8 1022 119  4.2 3  2.4  85   92   83 224 -322  0
4218500 2850500  2  9 11  -0.8 1022 122  5.5 3  2.7  81  131  126 236 -323  0
4218500 2850500  2  9 12   0.2 1022 129  5.2 2  2.8  76  167  151 234 -325  0
4218500 2850500  2  9 13   1.1 1021 143  5.6 2  2.8  71  132  163 229 -326  0
4218500 2850500  2  9 14   0.1 1021 128  4.6 4  2.8  71   10  135 243 -327  0
4218500 2850500  2  9 15  -0.2 1021 126  4.3 7  2.7  72    0   74 275 -327  0
4218500 2850500  2  9 16  -0.4 1021 122  4.1 8  2.7  72    0   57 301 -325  0
4218500 2850500  2  9 17  -1.2 1021 120  3.3 4  2.7  75    2   27 279 -323  0
4218500 2850500  2  9 18  -2.4 1021 109  3.1 1  2.5  77    0    0 231 -321  0
4218500 2850500  2  9 19  -2.4 1021  98  3.5 0  2.4  78    0    0 206 -318  0
4218500 2850500  2  9 20  -2.6 1021 110  3.4 0  2.4  77    0    0 202 -316  0
4218500 2850500  2  9 21  -2.6 1021 109  3.8 0  2.4  76    0    0 201 -314  0
4218500 2850500  2  9 22  -3.2 1021 107  3.5 0  2.3  77    0    0 200 -309  0
4218500 2850500  2  9 23  -3.6 1021 107  3.4 0  2.3  79    0    0 198 -305  0
4218500 2850500  2  9 24  -3.8 1021 116  4.2 1  2.3  80    0    0 202 -304  0
4218500 2850500  2 10  1  -3.9 1022 116  4.0 0  2.3  80    0    0 202 -303  0
4218500 2850500  2 10  2  -4.3 1021 115  3.6 0  2.3  83    0    0 195 -301  0
4218500 2850500  2 10  3  -4.5 1022 100  3.2 2  2.3  86    0    0 207 -297  0
4218500 2850500  2 10  4  -3.3 1022 117  3.1 5  2.5  88    0    0 240 -293  0
4218500 2850500  2 10  5  -2.3 1021 125  3.4 7  2.7  87    0    0 273 -290  0
4218500 2850500  2 10  6  -2.1 1022 114  3.2 7  2.7  84    0    0 286 -289  0
4218500 2850500  2 10  7  -1.9 1022 117  3.5 7  2.7  82    0    0 284 -288  0
4218500 2850500  2 10  8  -1.8 1022 110  3.4 8  2.7  81    0    1 286 -287  0
4218500 2850500  2 10  9  -1.7 1022 115  3.4 8  2.7  81    2   36 290 -287  0
4218500 2850500  2 10 10  -1.5 1023 120  3.4 8  2.7  81    1   77 287 -290  0
4218500 2850500  2 10 11  -1.3 1023 121  4.0 8  2.7  80    0   71 287 -295  0
4218500 2850500  2 10 12  -1.0 1023 117  4.1 8  2.7  78    0   68 285 -301  0
4218500 2850500  2 10 13  -0.9 1023 119  4.4 8  2.7  76    0   67 284 -306  0
4218500 2850500  2 10 14  -0.7 1023 122  4.5 8  2.7  77    0   57 281 -309  0
4218500 2850500  2 10 15  -0.8 1022 130  4.2 8  2.8  78    0   50 279 -310  0
4218500 2850500  2 10 16  -1.0 1022 125  3.8 8  2.8  80    0   35 278 -308  0
4218500 2850500  2 10 17  -1.1 1022 108  3.2 8  2.8  80    0   12 278 -304  0
4218500 2850500  2 10 18  -1.1 1023 113  3.1 8  2.8  80    0    0 279 -299  0
4218500 2850500  2 10 19  -1.4 1023 126  3.2 7  2.7  79    0    0 271 -295  0
4218500 2850500  2 10 20  -1.5 1023 112  3.1 8  2.7  79    0    0 267 -292  0
4218500 2850500  2 10 21  -1.9 1024 120  3.1 7  2.6  79    0    0 265 -289  0
4218500 2850500  2 10 22  -1.9 1024 108  2.9 8  2.6  79    0    0 264 -287  0
4218500 2850500  2 10 23  -2.1 1024 128  3.4 8  2.6  80    0    0 267 -285  0
4218500 2850500  2 10 24  -2.0 1024 139  3.1 8  2.6  81    0    0 265 -283  0
4218500 2850500  2 11  1  -2.2 1024 125  2.6 7  2.6  82    0    0 259 -282  0
4218500 2850500  2 11  2  -2.5 1025 114  3.0 6  2.6  83    0    0 248 -280  0
4218500 2850500  2 11  3  -2.7 1025 126  3.1 6  2.6  83    0    0 242 -279  0
4218500 2850500  2 11  4  -2.7 1025 120  3.6 7  2.5  82    0    0 246 -278  0
4218500 2850500  2 11  5  -2.7 1025 122  4.1 7  2.5  82    0    0 249 -277  0
4218500 2850500  2 11  6  -2.7 1025 133  3.4 7  2.5  81    0    0 248 -276  0
4218500 2850500  2 11  7  -2.6 1025 126  3.2 8  2.5  80    0    0 251 -276  0
4218500 2850500  2 11  8  -2.6 1025 130  3.6 8  2.5  81    0    1 253 -275  0
4218500 2850500  2 11  9  -2.6 1026 122  4.4 8  2.5  81   12   34 253 -275  0
4218500 2850500  2 11 10  -2.1 1026 123  4.2 8  2.5  80   14   82 254 -280  0
4218500 2850500  2 11 11  -2.0 1027 128  3.4 8  2.5  78    0   93 254 -287  0
4218500 2850500  2 11 12  -1.7 1027 120  4.3 8  2.6  78    0   85 253 -295  0
4218500 2850500  2 11 13  -1.3 1027 121  3.9 8  2.6  77    0   88 250 -302  0
4218500 2850500  2 11 14   0.2 1027 135  3.1 5  2.6  72   54  148 239 -306  0
4218500 2850500  2 11 15   1.1 1027 142  2.7 2  2.5  64  214   43 223 -307  0
4218500 2850500  2 11 16   1.3 1027 100  2.8 1  2.4  60  127   39 212 -306  0
4218500 2850500  2 11 17   0.0 1026 116  2.2 0  2.4  62   24   28 204 -302  0
4218500 2850500  2 11 18  -1.0 1026  90  2.5 0  2.4  65    0    0 199 -296  0
4218500 2850500  2 11 19  -1.8 1027 112  3.1 2  2.4  70    0    0 203 -291  0
4218500 2850500  2 11 20  -1.8 1027 116  3.2 2  2.4  72    0    0 207 -288  0
4218500 2850500  2 11 21  -1.9 1027 119  3.6 1  2.4  73    0    0 205 -285  0
4218500 2850500  2 11 22  -2.5 1028 124  4.2 0  2.4  75    0    0 199 -283  0
4218500 2850500  2 11 23  -2.5 1028 119  3.4 0  2.3  74    0    0 197 -281  0
4218500 2850500  2 11 24  -3.6 1028 117  3.5 0  2.2  74    0    0 195 -280  0
4218500 2850500  2 12  1  -4.2 1028 118  3.5 0  2.1  77    0    0 193 -278  0
4218500 2850500  2 12  2  -4.5 1029 110  3.7 0  2.1  79    0    0 192 -277  0
4218500 2850500  2 12  3  -4.7 1028 119  4.1 0  2.2  82    0    0 192 -276  0
4218500 2850500  2 12  4  -5.2 1028 119  3.8 0  2.2  84    0    0 191 -274  0
4218500 2850500  2 12  5  -5.6 1029 123  3.6 0  2.1  84    0    0 189 -274  0
4218500 2850500  2 12  6  -6.2 1029 117  3.1 0  2.0  85    0    0 188 -273  0
4218500 2850500  2 12  7  -6.2 1029 114  2.9 0  2.0  86    0    0 188 -272  0
4218500 2850500  2 12  8  -6.6 1029 107  3.1 1  2.0  86    0    4 190 -271  0
4218500 2850500  2 12  9  -5.7 1030  98  3.5 0  2.0  87   71   22 190 -271  0
4218500 2850500  2 12 10  -3.0 1030 111  3.7 0  2.2  80  169   34 191 -276  0
4218500 2850500  2 12 11  -1.9 1030 123  3.4 0  2.2  71  242   49 194 -283  0
4218500 2850500  2 12 12  -1.4 1030  97  3.4 0  2.2  67  127  132 196 -291  0
4218500 2850500  2 12 13  -1.2 1030  91  3.9 0  2.2  66  158  130 196 -298  0
4218500 2850500  2 12 14  -1.1 1030  75  4.2 0  2.2  63  262   74 196 -302  0
4218500 2850500  2 12 15  -2.0 1030  68  3.8 0  2.1  63  223   57 195 -302  0
4218500 2850500  2 12 16  -1.9 1030  76  3.5 0  2.1  64  127   53 194 -300  0
4218500 2850500  2 12 17  -2.8 1029  68  4.0 1  2.0  64   26   34 197 -295  0
4218500 2850500  2 12 18  -3.7 1030  77  3.8 1  2.0  68    0    1 198 -289  0
4218500 2850500  2 12 19  -4.4 1030  88  3.8 0  2.0  72    0    0 194 -283  0
4218500 2850500  2 12 20  -4.7 1030  85  3.9 0  1.9  73    0    0 191 -280  0
4218500 2850500  2 12 21  -5.4 1030  96  3.8 1  1.9  73    0    0 192 -277  0
4218500 2850500  2 12 22  -6.5 1030  97  3.8 0  1.8  75    0    0 190 -275  0
4218500 2850500  2 12 23  -7.2 1030  96  3.7 0  1.7  77    0    0 185 -273  0
4218500 2850500  2 12 24  -7.6 1030  91  3.4 1  1.7  78    0    0 186 -271  0
4218500 2850500  2 13  1  -8.3 1030  84  3.5 0  1.6  79    0    0 184 -269  0
4218500 2850500  2 13  2  -8.8 1030  76  3.5 0  1.6  82    0    0 181 -268  0
4218500 2850500  2 13  3  -9.3 1030  77  3.0 1  1.6  85    0    0 182 -267  0
4218500 2850500  2 13  4  -9.9 1030  76  3.2 1  1.6  87    0    0 183 -266  0
4218500 2850500  2 13  5  -9.3 1029  78  3.5 1  1.5  86    0    0 183 -265  0
4218500 2850500  2 13  6 -10.0 1030  80  3.4 0  1.5  84    0    0 180 -265  0
4218500 2850500  2 13  7 -10.5 1030  77  2.9 0  1.4  83    0    0 177 -264  0
4218500 2850500  2 13  8 -10.2 1029  77  3.1 0  1.4  82    0    5 177 -263  0
4218500 2850500  2 13  9  -8.9 1030  96  3.0 0  1.4  78   75   22 177 -264  0
4218500 2850500  2 13 10  -6.4 1029  88  3.7 1  1.4  69  171   35 183 -268  0
4218500 2850500  2 13 11  -4.0 1029  96  3.4 1  1.4  56  258   52 190 -276  0
4218500 2850500  2 13 12  -2.0 1029  85  3.5 1  1.3  43  283   57 194 -283  0
4218500 2850500  2 13 13  -0.3 1029  89  4.0 1  1.2  35  296   61 197 -290  0
4218500 2850500  2 13 14   0.6 1029  79  3.9 1  1.2  32  220  100 201 -293  0
4218500 2850500  2 13 15   0.8 1028  73  3.9 1  1.2  30  155   98 203 -295  0
4218500 2850500  2 13 16   0.4 1028  72  3.6 1  1.2  32  114   60 204 -293  0
4218500 2850500  2 13 17  -1.2 1027  66  3.9 1  1.3  37   27   33 203 -289  0
4218500 2850500  2 13 18  -2.4 1027  64  3.5 2  1.4  44    0    2 204 -283  0
4218500 2850500  2 13 19  -2.8 1027  63  3.7 0  1.4  46    0    0 199 -279  0
4218500 2850500  2 13 20  -3.0 1027  69  3.9 0  1.4  47    0    0 193 -277  0
4218500 2850500  2 13 21  -3.7 1027  84  2.8 0  1.4  47    0    0 193 -275  0
4218500 2850500  2 13 22  -4.2 1027  68  2.7 0  1.4  50    0    0 191 -273  0
4218500 2850500  2 13 23  -4.9 1028  83  3.1 0  1.4  52    0    0 191 -272  0
4218500 2850500  2 13 24  -5.0 1027  83  3.1 0  1.4  54    0    0 190 -270  0
4218500 2850500  2 14  1  -6.2 1027  76  2.5 0  1.4  56    0    0 190 -269  0
4218500 2850500  2 14  2  -6.7 1027  76  2.6 1  1.3  57    0    0 189 -267  0
4218500 2850500  2 14  3  -6.9 1027  82  2.0 1  1.2  55    0    0 190 -266  0
4218500 2850500  2 14  4  -7.4 1027  78  2.3 1  1.2  55    0    0 189 -265  0
4218500 2850500  2 14  5  -6.9 1026  74  1.9 1  1.2  56    0    0 190 -264  0
4218500 2850500  2 14  6  -7.6 1026  57  1.5 2  1.2  57    0    0 192 -264  0
4218500 2850500  2 14  7  -7.3 1027  59  1.7 2  1.3  59    0    0 194 -263  0
4218500 2850500  2 14  8  -8.0 1026  42  1.1 3  1.3  62    0    6 196 -262  0
4218500 2850500  2 14  9  -5.9 1026  29  0.8 4  1.4  65   44   39 202 -263  0
4218500 2850500  2 14 10  -3.5 1026 332  1.1 4  1.6  61  161   64 210 -268  0
4218500 2850500  2 14 11  -1.7 1026 328  1.4 4  1.5  50  182   99 215 -277  0
4218500 2850500  2 14 12   0.1 1026 252  1.1 3  1.3  38  216  122 214 -286  0
4218500 2850500  2 14 13   1.5 1026 314  2.1 1  1.2  31  299   95 208 -293  0
4218500 2850500  2 14 14   2.1 1025 317  2.5 1  1.2  29  258  101 205 -298  0
4218500 2850500  2 14 15   2.5 1025 290  2.9 0  1.3  29  172  107 205 -300  0
4218500 2850500  2 14 16   2.5 1024 311  2.7 0  1.3  30   96   83 204 -299  0
4218500 2850500  2 14 17   1.3 1024 344  3.8 0  1.3  31   22   41 202 -294  0
4218500 2850500  2 14 18  -1.6 1024  15  4.2 1  1.5  40    0    3 202 -288  0
4218500 2850500  2 14 19  -3.6 1025  42  4.2 1  2.0  63    0    0 201 -283  0
4218500 2850500  2 14 20  -3.2 1025  19  3.6 4  2.3  80    0    0 207 -280  0
4218500 2850500  2 14 21  -2.8 1026  27  3.9 7  2.5  84    0    0 222 -278  0
4218500 2850500  2 14 22  -2.6 1026  27  4.2 8  2.6  86    0    0 233 -276  0
4218500 2850500  2 14 23  -2.3 1026  14  3.7 8  2.7  86    0    0 237 -275  0
4218500 2850500  2 14 24  -2.3 1026   2  3.0 8  2.8  87    0    0 239 -274  0
4218500 2850500  2 15  1  -2.4 1026  11  2.9 8  2.8  90    0    0 240 -273  0
4218500 2850500  2 15  2  -2.0 1026  29  2.9 8  2.9  92    0    0 242 -271  0
4218500 2850500  2 15  3  -1.9 1026  58  3.4 8  3.0  92    0    0 244 -270  0
4218500 2850500  2 15  4  -1.5 1026   2  2.2 8  3.0  90    0    0 247 -270  0
4218500 2850500  2 15  5  -1.4 1026 352  2.4 8  3.0  88    0    0 251 -269  0
4218500 2850500  2 15  6  -1.5 1026 324  3.1 8  3.0  89    0    0 254 -270  0
4218500 2850500  2 15  7  -1.5 1026 325  3.0 8  3.0  90    0    0 258 -269  0
4218500 2850500  2 15  8  -1.1 1026 346  3.8 8  3.1  91    0    4 261 -268  0
4218500 2850500  2 15  9  -1.0 1027 344  3.7 8  3.1  91    2   47 263 -270  0
4218500 2850500  2 15 10  -0.5 1027 339  3.9 8  3.2  91    1   89 265 -276  0
4218500 2850500  2 15 11   0.2 1027 350  3.3 8  3.3  89    0   83 268 -286  0
4218500 2850500  2 15 12   0.5 1028 354  3.8 8  3.3  87    0   69 271 -293  0
4218500 2850500  2 15 13   1.0 1028  18  5.0 8  3.3  84    0   52 276 -299  0
4218500 2850500  2 15 14   1.3 1028  25  5.0 8  3.0  74    0   46 279 -306  0
4218500 2850500  2 15 15   1.0 1028  17  6.2 8  2.7  66    0   44 280 -310  0
4218500 2850500  2 15 16   0.9 1028  12  6.5 7  2.5  63    0   40 276 -312  0
4218500 2850500  2 15 17  -0.4 1028  14  5.6 6  2.4  63    0   31 263 -310  0
4218500 2850500  2 15 18  -0.7 1028  30  5.7 4  2.4  66    0    2 248 -307  0
4218500 2850500  2 15 19  -1.1 1029  19  6.3 6  2.3  66    0    0 247 -304  0
4218500 2850500  2 15 20  -1.1 1029  26  5.6 7  2.2  64    0    0 257 -304  0
4218500 2850500  2 15 21  -1.5 1030  43  6.4 7  2.2  64    0    0 260 -304  0
4218500 2850500  2 15 22  -2.0 1030  43  5.7 7  2.1  65    0    0 259 -304  0
4218500 2850500  2 15 23  -2.2 1031  52  5.2 7  2.1  64    0    0 259 -304  0
4218500 2850500  2 15 24  -2.2 1031  36  4.5 8  2.0  64    0    0 262 -303  0
4218500 2850500  2 16  1  -2.1 1031  44  4.3 7  2.0  64    0    0 263 -302  0
4218500 2850500  2 16  2  -2.4 1032  37  4.3 7  2.0  65    0    0 258 -301  0
4218500 2850500  2 16  3  -3.2 1032  42  4.3 7  2.1  68    0    0 256 -300  0
4218500 2850500  2 16  4  -3.8 1032  37  4.1 8  2.0  71    0    0 257 -298  0
4218500 2850500  2 16  5  -4.0 1032  44  3.7 8  2.0  72    0    0 258 -296  0
4218500 2850500  2 16  6  -4.5 1032  33  3.4 8  2.0  73    0    0 255 -295  0
4218500 2850500  2 16  7  -5.2 1033  55  3.8 6  1.9  75    0    0 244 -294  0
4218500 2850500  2 16  8  -6.3 1033  47  3.2 4  1.9  79    3    9 225 -293  0
4218500 2850500  2 16  9  -6.1 1034  40  3.0 3  1.9  82   82   33 211 -293  0
4218500 2850500  2 16 10  -5.4 1034  58  3.5 1  1.9  77  189   49 200 -296  0
4218500 2850500  2 16 11  -4.2 1034  51  3.1 0  1.8  70  277   59 189 -300  0
4218500 2850500  2 16 12  -3.7 1034  50  3.5 0  1.8  65  336   64 186 -304  0
4218500 2850500  2 16 13  -2.9 1034  53  4.3 0  1.8  62  290   97 189 -306  0
4218500 2850500  2 16 14  -2.5 1034  47  4.4 0  1.8  60  274   90 191 -307  0
4218500 2850500  2 16 15  -2.3 1034  64  4.8 0  1.8  59  226   79 192 -307  0
4218500 2850500  2 16 16  -3.1 1034  68  4.9 0  1.8  58  129   70 190 -306  0
4218500 2850500  2 16 17  -5.1 1034  87  5.3 2  1.8  66   29   43 196 -304  0
4218500 2850500  2 16 18  -5.7 1034  83  3.9 4  1.9  77    0    5 211 -301  0
4218500 2850500  2 16 19  -5.7 1035  72  3.8 5  1.9  79    0    0 219 -298  0
4218500 2850500  2 16 20  -6.7 1035  86  2.8 5  1.9  80    0    0 219 -295  0
4218500 2850500  2 16 21  -6.2 1036 101  2.7 4  1.9  81    0    0 214 -294  0
4218500 2850500  2 16 22  -6.4 1035  85  2.4 5  1.9  80    0    0 214 -291  0
4218500 2850500  2 16 23  -6.8 1036  84  2.4 6  1.9  82    0    0 220 -290  0
4218500 2850500  2 16 24  -7.4 1036  95  2.3 6  1.8  84    0    0 221 -289  0
4218500 2850500  2 17  1  -7.9 1036  94  1.6 6  1.8  85    0    0 220 -286  0
4218500 2850500  2 17  2  -7.4 1036 170  1.8 7  1.8  87    0    0 224 -285  0
4218500 2850500  2 17  3  -7.0 1036 173  1.6 8  1.9  89    0    0 234 -284  0
4218500 2850500  2 17  4  -6.9 1036 163  1.0 8  1.9  87    0    0 239 -282  0
4218500 2850500  2 17  5  -7.3 1036  45  1.0 8  1.9  88    0    0 240 -279  0
4218500 2850500  2 17  6  -7.0 1036 194  1.0 8  1.9  88    0    0 240 -277  0
4218500 2850500  2 17  7  -6.8 1036 276  1.1 7  1.9  87    0    0 237 -276  0
4218500 2850500  2 17  8  -6.8 1036 351  1.1 7  1.9  86    0    5 234 -275  0
4218500 2850500  2 17  9  -6.5 1036 242  1.1 8  2.0  87   14   53 236 -275  0
4218500 2850500  2 17 10  -6.2 1036 203  1.8 7  2.0  86   13  118 238 -279  0
4218500 2850500  2 17 11  -5.1 1036 255  1.6 6  2.0  83   51  181 236 -285  0
4218500 2850500  2 17 12  -3.7 1036 333  2.0 5  2.1  77  114  217 233 -292  0
4218500 2850500  2 17 13  -3.4 1036 328  2.0 5  2.1  72  124  220 232 -298  0
4218500 2850500  2 17 14  -2.1 1035 323  2.0 5  2.1  69   69  220 234 -302  0
4218500 2850500  2 17 15  -2.2 1034 310  2.2 5  2.1  67   39  177 235 -303  0
4218500 2850500  2 17 16  -1.9 1033 294  2.3 4  2.1  66   45  124 232 -302  0
4218500 2850500  2 17 17  -3.0 1033 312  1.5 3  2.1  67   11   51 224 -298  0
4218500 2850500  2 17 18  -5.0 1033 296  2.4 1  2.0  74    0    7 208 -293  0
4218500 2850500  2 17 19  -5.9 1032 302  1.9 0  2.0  81    0    0 194 -288  0
4218500 2850500  2 17 20  -6.4 1032 319  2.2 0  1.9  82    0    0 189 -285  0
4218500 2850500  2 17 21  -7.0 1032 331  2.2 1  1.9  85    0    0 191 -282  0
4218500 2850500  2 17 22  -6.8 1032 332  2.2 1  1.9  86    0    0 193 -280  0
4218500 2850500  2 17 23  -7.4 1032 322  1.9 1  1.9  87    0    0 193 -278  0
4218500 2850500  2 17 24  -8.1 1032 323  1.8 0  1.8  89    0    0 189 -276  0
4218500 2850500  2 18  1  -8.0 1031 349  1.5 3  1.8  90    0    0 193 -274  0
4218500 2850500  2 18  2  -7.4 1032 292  1.3 5  1.8  88    0    0 205 -273  0
4218500 2850500  2 18  3  -8.6 1031 313  1.1 3  1.8  89    0    0 205 -272  0
4218500 2850500  2 18  4  -8.3 1030 325  1.7 3  1.8  91    0    0 200 -271  0
4218500 2850500  2 18  5  -8.3 1030 291  1.2 5  1.8  91    0    0 206 -270  0
4218500 2850500  2 18  6  -6.0 1029 291  1.8 7  2.0  90    0    0 218 -269  0
4218500 2850500  2 18  7  -6.1 1029 304  1.6 8  2.1  90    0    0 226 -269  0
4218500 2850500  2 18  8  -5.4 1029 324  1.5 8  2.2  90    0    8 228 -268  0
4218500 2850500  2 18  9  -4.5 1029 314  1.2 8  2.3  89    4   54 230 -269  0
4218500 2850500  2 18 10  -4.3 1029 321  1.5 8  2.5  91    1   94 229 -275  0
4218500 2850500  2 18 11  -3.7 1029  75  1.0 8  2.6  93    0   92 229 -283  0
4218500 2850500  2 18 12  -3.0 1028  71  1.1 8  2.6  90    0   90 229 -292  0
4218500 2850500  2 18 13  -2.5 1028 188  1.3 8  2.7  88    0   80 229 -299  0
4218500 2850500  2 18 14  -2.3 1028  88  2.3 8  2.7  88    0   63 230 -304  0
4218500 2850500  2 18 15  -2.1 1028  73  2.6 8  2.8  87    0   64 231 -306  0
4218500 2850500  2 18 16  -2.0 1027  84  1.3 7  2.8  88    0   54 230 -305  0
4218500 2850500  2 18 17  -2.0 1027  77  1.6 8  2.9  89    0   26 231 -301  0
4218500 2850500  2 18 18  -1.9 1027  76  1.9 8  2.9  91    0    2 235 -295  0
4218500 2850500  2 18 19  -1.8 1027 104  1.4 8  3.0  92    0    0 236 -289  0
4218500 2850500  2 18 20  -2.0 1027 158  0.8 8  3.1  95    0    0 236 -286  0
4218500 2850500  2 18 21  -2.2 1027  12  0.5 8  3.1  96    0    0 234 -284  0
4218500 2850500  2 18 22  -1.8 1027  72  1.1 8  3.1  96    0    0 231 -283  0
4218500 2850500  2 18 23  -1.6 1026  72  1.5 8  3.2  97    0    0 229 -281  0
4218500 2850500  2 18 24  -1.2 1026  73  2.1 8  3.3  98    0    0 228 -280  0
4218500 2850500  2 19  1  -1.2 1026  65  2.0 8  3.4  98    0    0 229 -279  0
4218500 2850500  2 19  2  -1.1 1026  62  2.1 8  3.3  97    0    0 235 -277  0
4218500 2850500  2 19  3  -1.0 1025  11  1.2 8  3.3  96    0    0 244 -277  0
4218500 2850500  2 19  4  -1.0 1024  12  1.5 8  3.3  96    0    0 250 -276  0
4218500 2850500  2 19  5  -1.0 1024  19  2.9 8  3.3  95    0    0 250 -276  0
4218500 2850500  2 19  6  -1.3 1024  17  2.3 7  3.3  95    0    0 244 -275  0
4218500 2850500  2 19  7  -1.2 1023  28  2.8 8  3.3  96    0    0 241 -275  0
4218500 2850500  2 19  8  -1.5 1023  31  2.6 8  3.3  96    0    6 243 -275  0
4218500 2850500  2 19  9  -1.3 1023  10  1.6 8  3.2  95    4   54 245 -277  0
4218500 2850500  2 19 10  -0.9 1022  20  1.9 7  3.2  92    0   92 243 -283  0
4218500 2850500  2 19 11  -0.9 1022   7  2.9 8  3.2  91    0   77 246 -292  0
4218500 2850500  2 19 12  -0.8 1022 358  2.1 8  3.3  92    0   73 250 -302  0
4218500 2850500  2 19 13  -0.7 1021 338  2.7 8  3.3  93    0   77 249 -309  0
4218500 2850500  2 19 14  -0.4 1020 315  3.0 8  3.3  92    0   58 250 -313  0
4218500 2850500  2 19 15  -0.4 1019 325  2.7 8  3.4  92    0   62 251 -314  0
4218500 2850500  2 19 16  -0.3 1019 323  2.4 8  3.4  91    0   50 253 -315  0
4218500 2850500  2 19 17  -0.6 1018 326  1.2 7  3.3  91    0   27 249 -313  0
4218500 2850500  2 19 18  -0.7 1018 333  2.0 8  3.3  91    0    2 248 -307  0
4218500 2850500  2 19 19  -0.9 1018   5  2.3 8  3.2  90    0    0 248 -301  0
4218500 2850500  2 19 20  -1.1 1018 349  2.0 8  3.1  89    0    0 245 -297  0
4218500 2850500  2 19 21  -1.1 1017   9  2.2 8  3.1  88    0    0 246 -294  0
4218500 2850500  2 19 22  -1.1 1017  38  2.1 8  3.0  87    0    0 247 -292  0
4218500 2850500  2 19 23  -1.3 1017   3  1.8 8  3.0  88    0    0 248 -290  0
4218500 2850500  2 19 24  -1.3 1017  16  2.4 8  3.0  88    0    0 249 -289  0
4218500 2850500  2 20  1  -1.3 1016  54  2.2 8  3.0  89    0    0 251 -288  0
4218500 2850500  2 20  2  -1.2 1016  63  1.9 8  3.1  88    0    0 254 -287  0
4218500 2850500  2 20  3  -1.3 1016  95  1.6 8  3.1  88    0    0 256 -287  0
4218500 2850500  2 20  4  -1.5 1016  96  2.2 8  3.1  90    0    0 258 -285  0
4218500 2850500  2 20  5  -1.8 1016 127  1.0 8  3.0  91    0    0 257 -283  0
4218500 2850500  2 20  6  -1.6 1016  98  1.2 8  3.1  92    0    0 258 -282  0
4218500 2850500  2 20  7  -1.7 1015  88  2.0 8  3.1  92    0    0 258 -281  0
4218500 2850500  2 20  8  -1.8 1016 119  1.8 8  3.1  92    0    8 257 -281  0
4218500 2850500  2 20  9  -1.8 1016 116  1.8 8  3.1  93    1   50 257 -282  0
4218500 2850500  2 20 10  -1.6 1016 126  1.1 8  3.1  94    0   81 257 -287  0
4218500 2850500  2 20 11  -1.3 1016  61  1.0 8  3.2  93    0   71 255 -296  0
4218500 2850500  2 20 12  -1.1 1016  73  1.5 8  3.2  93    0   70 253 -305  0
4218500 2850500  2 20 13  -0.9 1016  92  1.9 8  3.2  92    0   65 251 -311  0
4218500 2850500  2 20 14  -0.8 1016  66  2.1 8  3.2  91    0   48 248 -315  0
4218500 2850500  2 20 15  -0.8 1016  79  2.4 8  3.3  92    0   58 247 -317  0
4218500 2850500  2 20 16  -1.0 1016  71  2.8 8  3.2  92    0   45 248 -317  0
4218500 2850500  2 20 17  -1.1 1017  81  2.3 7  3.2  92    0   28 245 -315  0
4218500 2850500  2 20 18  -1.2 1017  77  2.6 8  3.2  92    0    3 245 -311  0
4218500 2850500  2 20 19  -1.2 1017  76  1.9 8  3.2  92    0    0 248 -304  0
4218500 2850500  2 20 20  -1.6 1018  96  2.8 8  3.1  92    0    0 248 -300  0
4218500 2850500  2 20 21  -1.9 1018 114  2.6 8  3.1  93    0    0 248 -297  0
4218500 2850500  2 20 22  -2.1 1018 111  3.1 8  3.1  95    0    0 249 -295  0
4218500 2850500  2 20 23  -1.9 1019 101  2.9 8  3.1  95    0    0 250 -293  0
4218500 2850500  2 20 24  -1.8 1019 107  2.7 8  3.1  96    0    0 251 -291  0
4218500 2850500  2 21  1  -1.8 1019  90  3.6 8  3.1  95    0    0 252 -290  0
4218500 2850500  2 21  2  -1.7 1019 115  3.3 8  3.1  94    0    0 252 -288  0
4218500 2850500  2 21  3  -1.9 1019 124  4.1 7  3.1  94    0    0 250 -287  0
4218500 2850500  2 21  4  -2.2 1020 118  3.8 8  3.1  95    0    0 249 -286  0
4218500 2850500  2 21  5  -2.0 1020 118  3.9 8  3.1  95    0    0 253 -285  0
4218500 2850500  2 21  6  -2.0 1020 117  4.1 8  3.1  95    0    0 254 -284  0
4218500 2850500  2 21  7  -2.3 1020  96  4.1 8  3.1  96    0    0 251 -282  0
4218500 2850500  2 21  8  -2.5 1021 103  4.0 8  3.0  96    0    9 249 -282  0
4218500 2850500  2 21  9  -2.4 1022 115  4.2 8  3.0  96    5   51 248 -283  0
4218500 2850500  2 21 10  -2.1 1022 119  4.4 8  3.0  96    0   82 246 -288  0
4218500 2850500  2 21 11  -1.6 1022 118  4.4 8  3.1  95    0   70 246 -297  0
4218500 2850500  2 21 12  -1.0 1023 128  4.7 8  3.2  92    0   67 253 -305  0
4218500 2850500  2 21 13  -0.3 1023 125  4.6 7  3.2  89    0   64 257 -311  0
4218500 2850500  2 21 14   0.2 1023 126  3.8 7  3.2  85    0   54 262 -314  0
4218500 2850500  2 21 15   0.9 1023 127  4.3 7  3.1  80    0   82 268 -316  0
4218500 2850500  2 21 16   1.4 1023 112  4.4 7  3.2  77    1   87 274 -316  0
4218500 2850500  2 21 17   1.2 1024 123  4.0 6  3.2  78    2   47 271 -314  0
4218500 2850500  2 21 18   0.8 1024 126  4.9 7  3.2  79    0    5 268 -311  0
4218500 2850500  2 21 19   0.7 1024 119  5.1 7  3.2  81    0    0 270 -306  0
4218500 2850500  2 21 20   0.5 1025 117  4.7 7  3.2  83    0    0 267 -303  0
4218500 2850500  2 21 21   0.3 1025 118  4.5 7  3.2  83    0    0 264 -301  0
4218500 2850500  2 21 22   0.3 1025 116  4.4 7  3.2  83    0    0 263 -299  0
4218500 2850500  2 21 23   0.2 1026 120  5.0 8  3.2  83    0    0 265 -297  0
4218500 2850500  2 21 24   0.0 1026 113  4.7 7  3.2  85    0    0 265 -296  0
4218500 2850500  2 22  1  -0.3 1026 118  4.4 7  3.2  86    0    0 262 -294  0
4218500 2850500  2 22  2  -0.3 1026 119  4.5 7  3.2  87    0    0 262 -293  0
4218500 2850500  2 22  3  -0.3 1027 119  4.4 7  3.2  87    0    0 262 -291  0
4218500 2850500  2 22  4  -0.4 1027 118  3.9 7  3.2  87    0    0 263 -289  0
4218500 2850500  2 22  5  -1.7 1027  89  2.8 4  3.0  88    0    0 251 -288  0
4218500 2850500  2 22  6  -2.3 1027  96  3.4 0  2.9  91    0    0 223 -287  0
4218500 2850500  2 22  7  -2.5 1027 105  3.0 2  3.0  94    0    0 214 -286  0
4218500 2850500  2 22  8  -2.6 1027 109  3.3 4  3.0  95    7   13 228 -284  0
4218500 2850500  2 22  9  -2.1 1027 115  3.2 5  3.0  96   76   57 240 -285  0
4218500 2850500  2 22 10  -0.2 1027 125  3.1 1  3.1  90  172   91 231 -289  0
4218500 2850500  2 22 11   2.1 1028 123  3.5 0  3.2  79  247  116 215 -297  0
4218500 2850500  2 22 12   3.5 1028 128  4.5 0  3.1  69  290  137 215 -304  0
4218500 2850500  2 22 13   4.1 1027 131  4.5 0  3.1  63  306  144 217 -310  0
4218500 2850500  2 22 14   5.2 1027 130  4.7 0  3.0  58  282  141 219 -314  0
4218500 2850500  2 22 15   5.6 1027 139  4.8 0  2.9  53  222  128 221 -315  0
4218500 2850500  2 22 16   5.7 1027 129  4.2 0  2.9  52  140  100 221 -316  0
4218500 2850500  2 22 17   4.5 1027 130  3.3 0  2.8  53   48   58 220 -314  0
4218500 2850500  2 22 18   2.7 1027 108  2.9 0  2.8  58    2   10 217 -310  0
4218500 2850500  2 22 19   1.6 1027 100  3.5 0  2.8  65    0    0 214 -305  0
4218500 2850500  2 22 20   1.6 1027 111  4.3 0  2.9  68    0    0 213 -301  0
4218500 2850500  2 22 21   1.1 1027 114  4.3 0  2.9  70    0    0 212 -298  0
4218500 2850500  2 22 22   0.3 1028 116  3.8 0  2.8  72    0    0 211 -296  0
4218500 2850500  2 22 23  -0.7 1028 117  3.6 0  2.8  77    0    0 209 -294  0
4218500 2850500  2 22 24  -1.1 1028 112  3.8 0  2.9  82    0    0 207 -292  0
4218500 2850500  2 23  1  -1.2 1028 117  3.7 0  2.9  83    0    0 208 -292  0
4218500 2850500  2 23  2  -1.7 1028 118  3.7 0  2.9  85    0    0 207 -292  0
4218500 2850500  2 23  3  -1.8 1028 123  3.7 0  2.8  86    0    0 206 -292  0
4218500 2850500  2 23  4  -1.9 1028 118  3.9 0  2.8  85    0    0 206 -291  0
4218500 2850500  2 23  5  -2.1 1028 118  3.8 0  2.8  86    0    0 206 -291  0
4218500 2850500  2 23  6  -2.6 1028 120  3.6 0  2.7  87    0    0 205 -290  0
4218500 2850500  2 23  7  -2.9 1028 119  3.5 0  2.7  87    0    0 204 -289  0
4218500 2850500  2 23  8  -2.6 1029 127  3.5 0  2.7  87   13   12 203 -289  0
4218500 2850500  2 23  9  -1.4 1029 128  3.6 1  2.7  84  106   49 209 -290  0
4218500 2850500  2 23 10   1.4 1029 135  3.4 0  2.7  72  214   70 213 -294  0
4218500 2850500  2 23 11   3.5 1029 143  4.4 0  2.6  59  311   82 213 -300  0
4218500 2850500  2 23 12   4.9 1029 146  4.4 0  2.5  50  366   91 217 -307  0
4218500 2850500  2 23 13   6.2 1029 153  3.5 0  2.5  44  377   98 220 -312  0
4218500 2850500  2 23 14   7.6 1029 148  4.2 0  2.4  39  342  101 223 -315  0
4218500 2850500  2 23 15   7.7 1028 157  4.0 0  2.3  36  275   94 225 -318  0
4218500 2850500  2 23 16   7.8 1028 146  3.6 0  2.2  34  172   82 226 -318  0
4218500 2850500  2 23 17   6.7 1028 151  3.7 0  2.0  33   63   54 225 -316  0
4218500 2850500  2 23 18   4.5 1027 121  2.8 0  2.0  36    3   11 222 -313  0
4218500 2850500  2 23 19   2.5 1028 132  2.6 0  2.0  42    0    0 218 -309  0
4218500 2850500  2 23 20   1.6 1028 130  3.4 0  2.1  48    0    0 215 -305  0
4218500 2850500  2 23 21   0.2 1028 134  3.3 0  2.1  54    0    0 214 -302  0
4218500 2850500  2 23 22  -1.2 1028 140  3.3 0  2.2  60    0    0 211 -300  0
4218500 2850500  2 23 23  -1.1 1028 145  3.3 0  2.2  65    0    0 210 -299  0
4218500 2850500  2 23 24  -1.9 1028 141  2.9 0  2.3  68    0    0 209 -297  0
4218500 2850500  2 24  1  -2.8 1028 133  2.8 0  2.3  73    0    0 208 -296  0
4218500 2850500  2 24  2  -2.4 1028 143  2.7 0  2.3  76    0    0 208 -295  0
4218500 2850500  2 24  3  -3.0 1028 155  3.0 0  2.3  77    0    0 209 -295  0
4218500 2850500  2 24  4  -3.0 1028 154  2.9 0  2.4  79    0    0 209 -294  0
4218500 2850500  2 24  5  -3.6 1027 139  2.7 0  2.4  81    0    0 210 -293  0
4218500 2850500  2 24  6  -4.4 1028 133  2.5 0  2.4  85    0    0 209 -293  0
4218500 2850500  2 24  7  -4.7 1027 140  2.7 0  2.3  87    0    0 207 -292  0
4218500 2850500  2 24  8  -4.5 1027 131  2.8 0  2.3  87   16   12 206 -291  0
4218500 2850500  2 24  9  -1.6 1027 140  2.6 0  2.5  83  114   50 210 -293  0
4218500 2850500  2 24 10   2.0 1027 139  2.2 0  2.6  69  227   71 215 -299  0
4218500 2850500  2 24 11   3.9 1027 168  2.9 0  2.6  57  319   84 221 -307  0
4218500 2850500  2 24 12   5.4 1027 179  3.0 0  2.7  51  379   92 225 -313  0
4218500 2850500  2 24 13   7.0 1027 153  2.9 0  2.7  46  385  100 228 -320  0
4218500 2850500  2 24 14   7.8 1026 168  2.5 0  2.6  42  355   99 230 -326  0
4218500 2850500  2 24 15   8.7 1026 139  3.0 0  2.6  39  280   95 233 -326  0
4218500 2850500  2 24 16   8.2 1026 140  2.8 0  2.6  38  177   82 233 -323  0
4218500 2850500  2 24 17   7.3 1025 146  2.9 0  2.5  39   70   53 232 -318  0
4218500 2850500  2 24 18   4.6 1025 120  2.8 0  2.5  43    5   11 227 -315  0
4218500 2850500  2 24 19   3.3 1025 111  2.8 0  2.5  50    0    0 222 -312  0
4218500 2850500  2 24 20   2.1 1025 124  3.1 0  2.5  55    0    0 220 -308  0
4218500 2850500  2 24 21   0.0 1025 106  2.4 0  2.5  62    0    0 217 -306  0
4218500 2850500  2 24 22  -0.2 1025 109  3.2 0  2.5  67    0    0 214 -304  0
4218500 2850500  2 24 23  -0.4 1025 114  3.1 0  2.5  69    0    0 215 -301  0
4218500 2850500  2 24 24  -1.3 1025 118  3.1 0  2.5  72    0    0 213 -299  0
4218500 2850500  2 25  1  -0.8 1025 119  3.3 0  2.5  73    0    0 214 -296  0
4218500 2850500  2 25  2  -2.1 1025 107  3.0 0  2.5  75    0    0 213 -294  0
4218500 2850500  2 25  3  -3.3 1025 108  3.1 0  2.5  81    0    0 210 -292  0
4218500 2850500  2 25  4  -2.9 1024 105  3.0 1  2.5  84    0    0 213 -291  0
4218500 2850500  2 25  5  -3.2 1024 106  3.3 1  2.5  85    0    0 216 -289  0
4218500 2850500  2 25  6  -3.7 1024 106  2.9 0  2.5  88    0    0 211 -288  0
4218500 2850500  2 25  7  -3.8 1024  96  2.7 0  2.5  88    0    0 207 -286  0
4218500 2850500  2 25  8  -3.4 1023 106  3.3 0  2.5  88   17   13 207 -285  0
4218500 2850500  2 25  9  -0.7 1024 110  2.6 0  2.7  84  117   53 209 -286  0
4218500 2850500  2 25 10   0.9 1024 108  2.3 0  2.8  75  235   73 214 -292  0
4218500 2850500  2 25 11   3.8 1024 107  2.2 0  2.8  64  337   85 217 -301  0
4218500 2850500  2 25 12   6.5 1023  98  2.4 0  2.7  50  399   92 223 -309  0
4218500 2850500  2 25 13   8.0 1023  79  2.9 0  2.6  42  411   97 228 -314  0
4218500 2850500  2 25 14  10.5 1022  85  3.0 0  2.5  35  370  101 232 -319  0
4218500 2850500  2 25 15  10.5 1021  92  3.6 0  2.4  30  298   93 234 -322  0
4218500 2850500  2 25 16   9.8 1021  68  3.2 0  2.4  32  195   78 234 -320  0
4218500 2850500  2 25 17   8.6 1020  92  4.1 0  2.3  33   78   53 231 -317  0
4218500 2850500  2 25 18   6.2 1020  82  3.8 0  2.3  37    5   12 227 -314  0
4218500 2850500  2 25 19   4.4 1020  91  4.5 0  2.5  45    0    0 222 -309  0
4218500 2850500  2 25 20   3.8 1020 101  4.9 0  2.4  48    0    0 219 -302  0
4218500 2850500  2 25 21   3.1 1020 116  4.4 0  2.2  46    0    0 216 -297  0
4218500 2850500  2 25 22   2.0 1019 127  4.0 0  2.2  48    0    0 214 -293  0
4218500 2850500  2 25 23   0.2 1019 106  3.6 0  2.2  53    0    0 210 -289  0
4218500 2850500  2 25 24   0.5 1019  96  3.7 0  2.1  55    0    0 209 -287  0
4218500 2850500  2 26  1  -0.4 1019  99  3.9 0  2.1  56    0    0 208 -286  0
4218500 2850500  2 26  2  -1.1 1018  90  3.8 1  2.2  62    0    0 209 -289  0
4218500 2850500  2 26  3  -1.8 1018  90  3.9 1  2.3  68    0    0 211 -290  0
4218500 2850500  2 26  4  -1.7 1017  90  3.7 1  2.4  71    0    0 209 -288  0
4218500 2850500  2 26  5  -2.5 1017  81  3.3 1  2.4  74    0    0 208 -286  0
4218500 2850500  2 26  6  -2.7 1016  95  3.3 0  2.4  76    0    0 205 -285  0
4218500 2850500  2 26  7  -2.1 1016  86  3.8 0  2.4  76    0    0 203 -284  0
4218500 2850500  2 26  8  -2.2 1016  86  3.8 0  2.5  77   18   15 203 -283  0
4218500 2850500  2 26  9  -0.8 1016  94  3.6 0  2.5  75  116   59 205 -286  0
4218500 2850500  2 26 10   2.3 1016 112  3.4 0  2.6  65  228   84 209 -293  0
4218500 2850500  2 26 11   3.9 1015 121  3.6 0  2.5  54  321  101 215 -302  0
4218500 2850500  2 26 12   5.1 1014 120  3.3 0  2.5  47  381  111 218 -310  0
4218500 2850500  2 26 13   6.6 1014 124  3.6 0  2.5  43  397  114 222 -315  0
4218500 2850500  2 26 14   7.0 1013 139  3.8 0  2.5  40  362  114 224 -320  0
4218500 2850500  2 26 15   7.1 1013 127  3.6 0  2.4  39  290  105 224 -322  0
4218500 2850500  2 26 16   7.3 1012 121  3.8 0  2.4  38  186   87 226 -320  0
4218500 2850500  2 26 17   6.2 1012 124  3.9 0  2.4  39   75   56 224 -317  0
4218500 2850500  2 26 18   4.3 1012 113  2.9 0  2.3  42    6   12 220 -314  0
4218500 2850500  2 26 19   2.0 1012 109  3.1 1  2.2  47    0    0 217 -309  0
4218500 2850500  2 26 20   1.5 1012 107  3.1 1  2.2  52    0    0 218 -305  0
4218500 2850500  2 26 21   0.5 1011 113  3.0 0  2.3  57    0    0 212 -301  0
4218500 2850500  2 26 22  -1.0 1011  98  2.5 0  2.4  63    0    0 206 -298  0
4218500 2850500  2 26 23  -1.1 1011 114  2.7 0  2.4  69    0    0 204 -296  0
4218500 2850500  2 26 24  -1.6 1011 116  2.7 0  2.5  72    0    0 204 -293  0
4218500 2850500  2 27  1  -2.1 1011 122  2.3 0  2.5  75    0    0 202 -292  0
4218500 2850500  2 27  2  -3.7 1010 108  1.9 0  2.5  81    0    0 199 -290  0
4218500 2850500  2 27  3  -3.6 1010  95  2.0 0  2.5  85    0    0 196 -288  0
4218500 2850500  2 27  4  -3.5 1010 124  2.0 0  2.5  84    0    0 196 -286  0
4218500 2850500  2 27  5  -4.2 1010 121  1.8 0  2.5  87    0    0 196 -285  0
4218500 2850500  2 27  6  -4.1 1010  99  1.4 0  2.5  90    0    0 194 -283  0
4218500 2850500  2 27  7  -4.2 1010 108  1.2 0  2.6  92    0    0 194 -282  0
4218500 2850500  2 27  8  -4.1 1010 136  1.0 0  2.6  92   18   18 194 -281  0
4218500 2850500  2 27  9  -1.1 1010 188  1.0 0  2.8  88  110   73 197 -283  0
4218500 2850500  2 27 10   1.7 1010 250  0.8 0  3.0  78  211  111 204 -291  0
4218500 2850500  2 27 11   4.2 1010 335  0.9 0  3.1  66  295  137 210 -301  0
4218500 2850500  2 27 12   6.3 1010 290  1.2 0  3.1  57  352  154 215 -309  0
4218500 2850500  2 27 13   8.0 1010 311  1.3 0  3.1  49  370  158 220 -315  0
4218500 2850500  2 27 14   9.0 1010 294  2.1 0  3.0  44  347  152 223 -320  0
4218500 2850500  2 27 15   9.6 1010 302  2.5 0  3.0  42  271  138 226 -322  0
4218500 2850500  2 27 16   8.9 1010 297  1.8 0  3.1  42  173  109 227 -319  0
4218500 2850500  2 27 17   7.7 1010 301  2.3 0  3.0  43   71   66 225 -316  0
4218500 2850500  2 27 18   5.2 1011 312  2.3 0  2.8  48    6   13 220 -314  0
4218500 2850500  2 27 19   3.2 1011 322  2.9 1  2.7  53    0    0 215 -309  0
4218500 2850500  2 27 20   0.9 1012 320  2.6 0  2.6  59    0    0 206 -305  0
4218500 2850500  2 27 21   1.2 1013   2  3.1 0  2.7  65    0    0 198 -302  0
4218500 2850500  2 27 22   0.9 1013  13  2.6 1  2.8  68    0    0 202 -300  0
4218500 2850500  2 27 23  -0.3 1014   3  2.9 1  2.9  75    0    0 204 -298  0
4218500 2850500  2 27 24  -0.8 1015  15  3.1 0  3.1  84    0    0 197 -296  0
4218500 2850500  2 28  1  -2.8 1015  25  3.6 0  3.0  92    0    0 188 -295  0
4218500 2850500  2 28  2  -2.5 1016  31  2.8 2  3.0  96    0    0 194 -293  0
4218500 2850500  2 28  3  -2.2 1016  19  2.9 6  3.1  97    0    0 222 -291  0
4218500 2850500  2 28  4  -2.0 1017  43  2.6 7  3.1  96    0    0 247 -289  0
4218500 2850500  2 28  5  -1.7 1017  18  2.2 8  3.1  94    0    0 260 -289  0
4218500 2850500  2 28  6  -1.6 1018  38  2.4 8  3.0  91    0    0 267 -288  0
4218500 2850500  2 28  7  -1.6 1018  63  2.0 7  3.0  89    0    0 263 -288  0
4218500 2850500  2 28  8  -1.2 1019  77  1.8 8  3.0  88    4   16 266 -289  0
4218500 2850500  2 28  9  -0.6 1019  92  1.5 6  3.1  87   12   68 261 -292  0
4218500 2850500  2 28 10  -0.2 1020  75  1.7 6  3.1  84   17  142 249 -299  0
4218500 2850500  2 28 11   0.8 1020  95  1.7 7  3.0  79   63  211 259 -307  0
4218500 2850500  2 28 12   2.4 1020  83  1.6 5  3.0  71  177  234 257 -314  0
4218500 2850500  2 28 13   2.6 1020  84  1.6 6  3.0  67  167  250 256 -320  0
4218500 2850500  2 28 14   3.5 1020  87  1.8 5  3.0  65  152  238 260 -324  0
4218500 2850500  2 28 15   4.2 1019 106  1.8 4  3.1  62  120  204 252 -323  0
4218500 2850500  2 28 16   4.2 1019  67  1.7 6  3.0  60   34  145 259 -321  0
4218500 2850500  2 28 17   3.0 1019 120  1.9 8  3.0  62    1   57 280 -318  0
4218500 2850500  2 28 18   2.6 1019  92  3.0 8  3.0  66    0    6 290 -315  0
4218500 2850500  2 28 19   1.6 1019  87  2.5 8  3.1  70    0    0 290 -314  0
4218500 2850500  2 28 20   1.3 1019 102  3.0 8  3.2  76    0    0 290 -312  0
4218500 2850500  2 28 21   1.2 1019  90  3.1 8  3.1  76    0    0 292 -311  0
4218500 2850500  2 28 22   0.7 1019  96  3.2 8  3.0  75    0    0 293 -311  0
4218500 2850500  2 28 23   0.7 1019 100  3.3 8  2.9  74    0    0 293 -310  0
4218500 2850500  2 28 24   0.6 1018 108  2.2 8  3.0  76    0    0 295 -310  0
4218500 2850500  3  1  1   0.6 1018  94  2.8 8  3.0  77    0    0 296 -309  0
4218500 2850500  3  1  2   0.1 1018  95  3.3 8  3.1  79    0    0 296 -310  0
4218500 2850500  3  1  3  -0.2 1018  94  3.1 7  3.1  82    0    0 291 -309  0
4218500 2850500  3  1  4   0.1 1017  91  3.4 8  3.1  83    0    0 292 -309  0
4218500 2850500  3  1  5   0.0 1017  97  2.8 8  3.2  84    0    0 300 -309  0
4218500 2850500  3  1  6  -0.1 1017 109  3.0 7  3.2  85    0    0 295 -310  0
4218500 2850500  3  1  7  -0.1 1016  94  3.5 8  3.2  85    0    0 295 -310  0
4218500 2850500  3  1  8  -0.1 1016  99  3.3 8  3.3  87    0   21 300 -310  0
4218500 2850500  3  1  9   0.5 1016 100  3.7 7  3.3  86    3   79 296 -311  0
4218500 2850500  3  1 10   1.2 1017 122  3.7 7  3.3  83    7  137 293 -312  0
4218500 2850500  3  1 11   2.0 1017 117  4.3 7  3.4  80    7  173 296 -314  0
4218500 2850500  3  1 12   3.2 1017 110  2.8 6  3.5  77    9  200 292 -316  0
4218500 2850500  3  1 13   4.3 1016 103  3.4 6  3.5  71   58  257 289 -321  0
4218500 2850500  3  1 14   5.1 1016 101  2.8 6  3.6  67   35  231 291 -325  0
4218500 2850500  3  1 15   5.8 1016 104  3.1 6  3.6  65   24  200 293 -325  0
4218500 2850500  3  1 16   5.4 1015  99  2.8 7  3.7  65    7  133 299 -324  0
4218500 2850500  3  1 17   5.3 1015 100  3.0 5  3.6  66    0   55 292 -322  0
4218500 2850500  3  1 18   4.3 1015 109  3.5 7  3.6  67    0   13 291 -320  0
4218500 2850500  3  1 19   3.9 1015  94  2.7 7  3.5  69    0    0 302 -318  0
4218500 2850500  3  1 20   3.2 1015  98  3.3 7  3.5  71    0    0 301 -317  0
4218500 2850500  3  1 21   2.6 1015 102  3.1 7  3.4  74    0    0 299 -317  0
4218500 2850500  3  1 22   2.3 1015  98  3.1 7  3.4  75    0    0 298 -317  0
4218500 2850500  3  1 23   1.5 1015  98  3.5 7  3.3  76    0    0 296 -317  0
4218500 2850500  3  1 24   1.1 1015  98  3.8 7  3.2  78    0    0 294 -316  0
4218500 2850500  3  2  1   0.7 1014 101  3.4 8  3.2  79    0    0 300 -317  0
4218500 2850500  3  2  2   0.5 1014 108  3.4 7  3.2  82    0    0 299 -317  0
4218500 2850500  3  2  3   0.4 1014 107  3.4 7  3.3  83    0    0 293 -317  0
4218500 2850500  3  2  4   0.3 1013  97  3.6 7  3.2  84    0    0 293 -317  0
4218500 2850500  3  2  5   0.2 1013 117  3.0 7  3.2  84    0    0 293 -317  0
4218500 2850500  3  2  6   0.3 1012  97  4.0 7  3.2  84    0    0 293 -316  0
4218500 2850500  3  2  7  -0.1 1012  95  3.8 7  3.2  84    0    0 292 -316  0
4218500 2850500  3  2  8   0.0 1012  93  4.6 7  3.2  85    5   32 291 -316  0
4218500 2850500  3  2  9   0.6 1011 104  4.0 6  3.2  84   15   87 285 -317  0
4218500 2850500  3  2 10   1.5 1011 107  4.3 5  3.3  80   68  168 273 -319  0
4218500 2850500  3  2 11   3.6 1011  91  5.0 4  3.4  74  146  212 263 -323  0
4218500 2850500  3  2 12   4.4 1010  95  4.6 5  3.5  69   52  234 268 -328  0
4218500 2850500  3  2 13   5.3 1010  99  4.5 6  3.6  66   15  211 284 -332  0
4218500 2850500  3  2 14   5.8 1009 100  4.7 7  3.6  64    1  152 299 -334  0
4218500 2850500  3  2 15   5.6 1008  95  4.9 8  3.6  63    0   39 314 -333  0
4218500 2850500  3  2 16   5.1 1008 105  4.9 8  3.5  63    0   27 319 -331  0
4218500 2850500  3  2 17   4.4 1008  96  5.2 8  3.4  64    0   12 316 -330  0
4218500 2850500  3  2 18   3.9 1008  96  5.1 8  3.3  65    0    2 314 -327  0
4218500 2850500  3  2 19   3.4 1008 105  4.9 8  3.2  66    0    0 313 -325  0
4218500 2850500  3  2 20   2.1 1008  98  5.3 8  3.3  70    0    0 312 -323  0
4218500 2850500  3  2 21   1.2 1009 107  4.8 8  3.4  79    0    0 310 -322  0
4218500 2850500  3  2 22   0.6 1009  99  5.1 8  3.4  84    0    0 308 -321  0
4218500 2850500  3  2 23   0.2 1009  96  5.3 8  3.4  87    0    0 306 -319  0
4218500 2850500  3  2 24  -0.1 1009  99  4.4 8  3.4  89    0    0 306 -319  0
4218500 2850500  3  3  1  -0.5 1009  89  5.0 8  3.4  90    0    0 305 -318  0
4218500 2850500  3  3  2  -0.7 1009  89  4.6 8  3.3  92    0    0 304 -318  0
4218500 2850500  3  3  3  -0.9 1010  95  3.8 8  3.3  91    0    0 303 -317  0
4218500 2850500  3  3  4  -1.1 1010  82  3.5 8  3.2  90    0    0 303 -317  0
4218500 2850500  3  3  5  -1.5 1010  80  4.0 8  3.1  89    0    0 303 -317  0
4218500 2850500  3  3  6  -1.8 1011  75  3.6 8  3.0  88    0    0 303 -317  0
4218500 2850500  3  3  7  -1.9 1011  68  3.9 8  2.9  88    0    0 302 -317  0
4218500 2850500  3  3  8  -2.2 1011  77  3.9 8  2.9  89    0   19 302 -317  0
4218500 2850500  3  3  9  -2.4 1012  74  4.1 8  2.9  90    0   57 301 -317  0
4218500 2850500  3  3 10  -2.1 1012  87  4.0 8  2.9  90    0   90 300 -318  0
4218500 2850500  3  3 11  -1.6 1013  80  3.2 8  2.9  89    0  102 301 -320  0
4218500 2850500  3  3 12  -1.1 1013  79  3.6 8  3.0  87    0  139 303 -322  0
4218500 2850500  3  3 13  -0.7 1013  86  3.0 8  3.0  85    0  123 304 -323  0
4218500 2850500  3  3 14  -0.2 1014  79  2.9 7  3.0  82    0   99 300 -323  0
4218500 2850500  3  3 15   0.7 1014  86  2.6 7  3.1  79    0  126 297 -324  0
4218500 2850500  3  3 16   1.1 1015  94  1.9 8  3.1  76    1  111 304 -325  0
4218500 2850500  3  3 17   1.3 1015  95  2.2 6  3.1  74    2   72 298 -323  0
4218500 2850500  3  3 18   1.0 1015 139  2.0 8  3.1  75    0   15 297 -321  0
4218500 2850500  3  3 19   0.5 1016 127  2.3 8  3.2  79    0    0 305 -319  0
4218500 2850500  3  3 20   0.4 1016 144  2.3 8  3.2  81    0    0 303 -317  0
4218500 2850500  3  3 21  -0.5 1017 122  2.9 8  3.0  80    0    0 300 -316  0
4218500 2850500  3  3 22  -0.6 1017 120  3.3 7  2.9  79    0    0 292 -316  0
4218500 2850500  3  3 23  -1.2 1018 122  3.0 7  2.8  78    0    0 286 -316  0
4218500 2850500  3  3 24  -1.1 1018 126  3.1 7  2.7  77    0    0 284 -315  0
4218500 2850500  3  4  1  -1.4 1018 117  2.3 8  2.6  77    0    0 288 -315  0
4218500 2850500  3  4  2  -1.4 1018 111  2.0 8  2.6  78    0    0 291 -315  0
4218500 2850500  3  4  3  -1.7 1019 103  1.7 8  2.6  79    0    0 291 -315  0
4218500 2850500  3  4  4  -1.8 1018  95  2.7 8  2.6  80    0    0 290 -315  0
4218500 2850500  3  4  5  -1.9 1019  97  2.8 8  2.6  80    0    0 290 -315  0
4218500 2850500  3  4  6  -2.0 1019  99  2.7 8  2.6  80    0    0 290 -315  0
4218500 2850500  3  4  7  -2.0 1019 117  2.4 8  2.6  80    0    0 290 -315  0
4218500 2850500  3  4  8  -1.7 1020 102  2.1 7  2.6  79    0   18 284 -315  0
4218500 2850500  3  4  9  -1.4 1020 111  2.5 8  2.6  78    0   57 284 -315  0
4218500 2850500  3  4 10  -0.9 1021 118  3.0 8  2.7  77    2  115 289 -318  0
4218500 2850500  3  4 11  -0.3 1021 122  3.0 8  2.7  75    2  149 290 -323  0
4218500 2850500  3  4 12   0.3 1021 148  2.7 7  2.7  73    6  179 286 -326  0
4218500 2850500  3  4 13   0.7 1021 174  2.5 7  2.8  71   25  206 280 -331  0
4218500 2850500  3  4 14   1.1 1021 204  2.9 6  2.8  70   43  202 277 -338  0
4218500 2850500  3  4 15   1.9 1021 213  2.3 5  2.8  68  105  178 267 -339  0
4218500 2850500  3  4 16   2.3 1021 162  2.4 3  2.9  66  194   82 251 -336  0
4218500 2850500  3  4 17   1.7 1020 165  2.4 1  2.9  67  104   60 226 -332  0
4218500 2850500  3  4 18   0.5 1021 181  2.0 4  2.9  70    6   24 227 -326  0
4218500 2850500  3  4 19  -0.5 1021 139  1.9 4  2.8  75    0    0 241 -319  0
4218500 2850500  3  4 20  -1.5 1021 146  2.0 3  2.8  80    0    0 233 -315  0
4218500 2850500  3  4 21  -1.8 1021 118  2.3 2  2.8  83    0    0 220 -314  0
4218500 2850500  3  4 22  -2.2 1021 123  3.1 2  2.8  86    0    0 214 -312  0
4218500 2850500  3  4 23  -1.9 1021 114  3.3 2  2.8  88    0    0 214 -311  0
4218500 2850500  3  4 24  -1.8 1021 120  3.4 1  2.8  85    0    0 209 -311  0
4218500 2850500  3  5  1  -2.3 1020 129  3.3 1  2.7  83    0    0 202 -310  0
4218500 2850500  3  5  2  -2.8 1020 129  3.3 1  2.6  85    0    0 201 -310  0
4218500 2850500  3  5  3  -3.2 1020 120  3.5 1  2.6  87    0    0 198 -310  0
4218500 2850500  3  5  4  -3.1 1020 123  3.6 1  2.6  87    0    0 196 -310  0
4218500 2850500  3  5  5  -3.6 1019 131  3.1 0  2.6  87    0    0 186 -311  0
4218500 2850500  3  5  6  -3.5 1019 121  3.2 1  2.5  88    0    0 183 -311  0
4218500 2850500  3  5  7  -3.5 1019 121  3.9 3  2.5  88    0    0 201 -312  0
4218500 2850500  3  5  8  -3.1 1019 112  4.3 6  2.6  88    0    8 239 -313  0
4218500 2850500  3  5  9  -2.1 1019 111  3.4 6  2.7  86   54   98 266 -314  0
4218500 2850500  3  5 10  -0.2 1019 111  3.9 3  2.9  82  131  159 248 -316  0
4218500 2850500  3  5 11   2.0 1019 127  3.9 4  3.1  76  179  202 240 -320  0
4218500 2850500  3  5 12   3.3 1019 119  3.9 6  3.2  71  148  241 268 -324  0
4218500 2850500  3  5 13   4.7 1018 100  3.7 6  3.3  65  165  247 287 -325  0
4218500 2850500  3  5 14   5.8 1018 107  4.2 6  3.4  62  105  247 292 -325  0
4218500 2850500  3  5 15   6.5 1017 108  4.0 5  3.4  58   89  214 288 -328  0
4218500 2850500  3  5 16   6.1 1017 101  3.9 4  3.2  55   75  156 278 -330  0
4218500 2850500  3  5 17   5.1 1016  93  4.1 5  3.0  53   26   90 277 -332  0
4218500 2850500  3  5 18   3.6 1017 103  4.3 6  2.7  53    0   20 284 -332  0
4218500 2850500  3  5 19   2.5 1017 103  4.9 6  2.6  56    0    0 283 -330  0
4218500 2850500  3  5 20   2.0 1017 104  5.3 5  2.7  60    0    0 275 -328  0
4218500 2850500  3  5 21   0.8 1017 113  5.7 3  2.6  62    0    0 258 -327  0
4218500 2850500  3  5 22   0.1 1018 121  6.1 4  2.5  63    0    0 249 -326  0
4218500 2850500  3  5 23  -0.7 1018 116  5.8 3  2.5  67    0    0 245 -326  0
4218500 2850500  3  5 24  -1.0 1018 125  5.5 2  2.5  70    0    0 234 -327  0
4218500 2850500  3  6  1  -1.3 1018 125  5.5 2  2.5  71    0    0 226 -328  0
4218500 2850500  3  6  2  -1.7 1018 123  4.9 2  2.4  71    0    0 222 -326  0
4218500 2850500  3  6  3  -2.0 1017 125  5.1 1  2.4  72    0    0 212 -327  0
4218500 2850500  3  6  4  -2.1 1017 125  4.9 1  2.4  75    0    0 206 -328  0
4218500 2850500  3  6  5  -2.2 1017 128  5.2 1  2.5  78    0    0 206 -327  0
4218500 2850500  3  6  6  -2.4 1016 123  5.5 2  2.6  80    0    0 210 -324  0
4218500 2850500  3  6  7  -2.4 1016 129  6.9 3  2.6  81    0    0 217 -320  0
4218500 2850500  3  6  8  -1.9 1015 124  7.8 5  2.6  80    0   20 231 -318  0
4218500 2850500  3  6  9  -0.9 1015 123  7.2 6  2.7  78   18   80 250 -320  0
4218500 2850500  3  6 10   0.6 1015 126  6.6 6  2.7  72   93  135 260 -326  0
4218500 2850500  3  6 11   1.7 1015 132  7.2 6  2.6  64  162  163 263 -334  0
4218500 2850500  3  6 12   3.3 1014 135  7.6 6  2.5  56  236  162 267 -344  0
4218500 2850500  3  6 13   4.4 1014 141  7.5 7  2.4  49  236  171 277 -352  0
4218500 2850500  3  6 14   5.1 1013 138  8.1 7  2.4  45  129  205 287 -355  0
4218500 2850500  3  6 15   5.3 1012 137  6.9 7  2.3  42   68  184 290 -356  0
4218500 2850500  3  6 16   5.1 1011 129  6.8 7  2.3  42   18  134 292 -356  0
4218500 2850500  3  6 17   4.3 1011 121  6.1 7  2.4  45    5   70 294 -354  0
4218500 2850500  3  6 18   3.7 1011 124  6.0 7  2.4  48    0   15 295 -350  0
4218500 2850500  3  6 19   2.8 1011 122  5.3 8  2.4  50    0    0 299 -345  0
4218500 2850500  3  6 20   2.1 1011 132  4.8 8  2.4  54    0    0 304 -340  0
4218500 2850500  3  6 21   1.8 1011 139  5.1 7  2.5  58    0    0 300 -338  0
4218500 2850500  3  6 22   1.6 1012 132  4.8 8  2.6  61    0    0 301 -336  0
4218500 2850500  3  6 23   1.4 1012 139  4.7 8  2.7  63    0    0 305 -332  0
4218500 2850500  3  6 24   1.4 1012 150  4.2 8  2.7  65    0    0 304 -328  0
4218500 2850500  3  7  1   1.0 1012 142  3.3 8  2.8  67    0    0 304 -327  0
4218500 2850500  3  7  2   1.1 1013 140  2.5 8  2.8  70    0    0 304 -328  0
4218500 2850500  3  7  3   0.5 1013 183  1.9 8  3.0  75    0    0 304 -328  0
4218500 2850500  3  7  4   0.0 1013   1  0.3 8  3.3  85    0    0 303 -328  0
4218500 2850500  3  7  5  -0.1 1013 300  0.6 8  3.6  94    0    0 301 -327  0
4218500 2850500  3  7  6   0.0 1014 302  0.8 8  3.6  96    0    0 298 -326  0
4218500 2850500  3  7  7   0.3 1015 276  1.7 7  3.7  96    0    0 293 -325  0
4218500 2850500  3  7  8   0.6 1015 288  2.2 8  3.8  97    0   23 293 -324  0
4218500 2850500  3  7  9   1.1 1016 302  2.4 7  4.0  98   22  103 292 -324  0
4218500 2850500  3  7 10   1.5 1017 293  2.6 6  4.1  98    4  140 283 -327  0
4218500 2850500  3  7 11   2.5 1017 298  3.3 7  4.3  99    0   90 283 -330  0
4218500 2850500  3  7 12   3.5 1017 298  3.5 7  4.6  99    0  101 290 -334  0
4218500 2850500  3  7 13   4.7 1018 298  3.2 7  4.9  96    0  148 292 -340  0
4218500 2850500  3  7 14   5.8 1018 292  2.9 7  4.8  88    0  131 293 -347  0
4218500 2850500  3  7 15   6.0 1018 288  3.0 8  4.4  77    0   98 295 -352  0
4218500 2850500  3  7 16   5.8 1018 263  2.5 8  4.0  70    0   53 295 -352  0
4218500 2850500  3  7 17   5.6 1018 262  2.3 6  3.9  69    0   66 283 -347  0
4218500 2850500  3  7 18   5.2 1017 251  2.2 7  3.7  67    1   26 277 -339  0
4218500 2850500  3  7 19   3.5 1017 225  1.3 6  3.6  70    0    0 270 -331  0
4218500 2850500  3  7 20   1.8 1017 163  1.8 5  3.6  79    0    0 256 -327  0
4218500 2850500  3  7 21   1.7 1017 148  2.7 5  3.7  87    0    0 249 -324  0
4218500 2850500  3  7 22   2.4 1017 144  3.2 7  4.1  94    0    0 258 -321  0
4218500 2850500  3  7 23   2.4 1017 145  3.2 6  4.4  98    0    0 263 -319  0
4218500 2850500  3  7 24   2.4 1016 157  3.3 8  4.4  98    0    0 268 -317  0
4218500 2850500  3  8  1   2.0 1016 167  2.9 8  4.4  99    0    0 276 -317  0
4218500 2850500  3  8  2   1.7 1016 151  3.7 7  4.3 100    0    0 272 -316  0
4218500 2850500  3  8  3   1.2 1015 154  3.7 7  4.2 100    0    0 270 -315  0
4218500 2850500  3  8  4   0.5 1015 156  3.6 4  4.0 100    0    0 257 -315  0
4218500 2850500  3  8  5   0.1 1014 158  3.9 2  3.8  99    0    0 233 -315  0
4218500 2850500  3  8  6   0.0 1013 162  4.6 1  3.7  99    0    0 219 -314  0
4218500 2850500  3  8  7   0.0 1012 166  4.2 3  3.7  98    0    0 225 -313  0
4218500 2850500  3  8  8   0.8 1012 175  4.0 3  3.7  96   34   38 239 -313  0
4218500 2850500  3  8  9   2.7 1012 204  4.0 4  3.9  89   29   87 249 -314  0
4218500 2850500  3  8 10   3.1 1012 198  4.3 8  3.9  84    0   78 279 -319  0
4218500 2850500  3  8 11   5.6 1012 206  4.6 5  4.1  79   86  206 291 -331  0
4218500 2850500  3  8 12   9.0 1012 219  5.0 3  4.2  66  469   91 276 -342  0
4218500 2850500  3  8 13   9.4 1012 232  4.6 5  4.3  59  159  234 285 -347  0
4218500 2850500  3  8 14   9.8 1012 234  5.7 6  4.1  56    0  130 299 -347  0
4218500 2850500  3  8 15   9.6 1012 224  5.6 5  4.0  53    0  127 301 -346  0
4218500 2850500  3  8 16   9.4 1012 244  4.4 7  3.9  53    0   45 302 -345  0
4218500 2850500  3  8 17   9.0 1012 252  5.9 7  3.8  53    0   39 307 -342  0
4218500 2850500  3  8 18   8.8 1012 251  5.7 8  3.8  54    0   22 308 -337  0
4218500 2850500  3  8 19   8.3 1012 241  4.8 7  3.8  55    0    0 306 -330  0
4218500 2850500  3  8 20   7.0 1013 207  3.7 7  3.9  59    0    0 300 -324  0
4218500 2850500  3  8 21   7.3 1013 245  5.3 7  4.0  64    0    0 302 -322  0
4218500 2850500  3  8 22   6.7 1013 221  3.2 8  4.3  68    0    0 310 -323  0
4218500 2850500  3  8 23   6.1 1013 181  4.0 8  4.4  74    0    0 313 -325  0
4218500 2850500  3  8 24   6.0 1012 200  5.1 8  4.5  77    0    0 313 -326  0
4218500 2850500  3  9  1   5.7 1012 202  5.1 8  4.7  81    0    0 313 -327  0
4218500 2850500  3  9  2   6.3 1011 201  5.1 8  4.7  81    0    0 312 -328  0
4218500 2850500  3  9  3   6.3 1011 212  4.8 8  4.6  77    0    0 315 -329  0
4218500 2850500  3  9  4   5.9 1010 214  5.1 8  4.6  78    0    0 315 -330  0
4218500 2850500  3  9  5   5.5 1010 213  5.2 8  4.9  86    0    0 317 -331  0
4218500 2850500  3  9  6   5.6 1010 219  4.9 8  5.1  91    0    0 319 -332  0
4218500 2850500  3  9  7   5.6 1010 219  5.5 8  5.2  92    0    0 320 -332  0
4218500 2850500  3  9  8   5.7 1009 228  5.4 8  5.4  94    0   11 321 -333  0
4218500 2850500  3  9  9   6.1 1009 232  5.2 7  5.6  96    0   44 319 -335  0
4218500 2850500  3  9 10   6.7 1010 237  5.4 8  5.9  98    0   68 321 -339  0
4218500 2850500  3  9 11   7.3 1010 248  5.9 7  6.1  97    0   89 322 -343  0
4218500 2850500  3  9 12   7.8 1010 260  6.1 8  6.3  97    0   77 323 -348  0
4218500 2850500  3  9 13   8.1 1010 261  5.5 8  6.4  96    0   66 328 -353  0
4218500 2850500  3  9 14   8.1 1011 260  5.8 8  6.4  95    0   61 328 -357  0
4218500 2850500  3  9 15   8.6 1011 262  5.3 8  6.3  92    0   58 329 -357  0
4218500 2850500  3  9 16   8.6 1011 272  5.4 7  6.1  88    0   56 323 -357  0
4218500 2850500  3  9 17   8.3 1011 265  4.0 7  6.0  88    0   66 315 -356  0
4218500 2850500  3  9 18   8.2 1012 262  3.7 8  6.1  89    0   17 318 -355  0
4218500 2850500  3  9 19   8.0 1012 256  3.9 8  6.1  90    0    0 317 -351  0
4218500 2850500  3  9 20   7.9 1013 246  3.3 8  6.1  91    0    0 314 -347  0
4218500 2850500  3  9 21   7.7 1013 234  4.0 8  6.1  92    0    0 313 -343  0
4218500 2850500  3  9 22   7.9 1014 250  3.9 8  6.0  92    0    0 312 -339  0
4218500 2850500  3  9 23   7.7 1014 249  3.3 8  5.9  89    0    0 313 -336  0
4218500 2850500  3  9 24   7.9 1014 256  3.7 7  5.6  86    0    0 310 -333  0
4218500 2850500  3 10  1   7.2 1015 232  3.4 7  5.5  86    0    0 308 -330  0
4218500 2850500  3 10  2   6.6 1014 217  3.7 4  5.4  87    0    0 293 -328  0
4218500 2850500  3 10  3   5.4 1015 223  3.8 1  5.1  88    0    0 262 -326  0
4218500 2850500  3 10  4   4.8 1014 227  3.8 0  4.9  89    0    0 240 -325  0
4218500 2850500  3 10  5   4.5 1014 225  3.2 3  4.7  89    0    0 251 -324  0
4218500 2850500  3 10  6   5.0 1014 212  3.6 6  4.7  89    0    0 283 -322  0
4218500 2850500  3 10  7   5.7 1015 222  4.0 7  4.7  85    0    0 303 -320  0
4218500 2850500  3 10  8   6.2 1015 225  3.8 7  4.6  80   21   39 308 -320  0
4218500 2850500  3 10  9   7.3 1015 231  3.8 7  4.7  76   12   87 310 -324  0
4218500 2850500  3 10 10   8.7 1016 201  3.4 7  4.8  72   15  147 313 -333  0
4218500 2850500  3 10 11  10.8 1015 250  4.7 7  5.0  67   37  198 317 -345  0
4218500 2850500  3 10 12  11.6 1016 267  4.6 6  5.4  65   26  215 314 -356  0
4218500 2850500  3 10 13  12.1 1017 265  4.9 7  5.6  66    0  111 311 -364  0
4218500 2850500  3 10 14  12.8 1016 252  4.5 6  5.8  64    3  160 311 -370  0
4218500 2850500  3 10 15  13.3 1016 270  5.1 6  5.8  62   10  166 310 -372  0
4218500 2850500  3 10 16  13.6 1016 265  4.9 5  5.5  58   54  152 306 -371  0
4218500 2850500  3 10 17  12.8 1017 259  2.9 5  5.2  56   67   86 300 -368  0
4218500 2850500  3 10 18  12.0 1016 234  2.7 7  5.4  61    0   23 305 -363  0
4218500 2850500  3 10 19  10.2 1016 236  3.0 7  5.6  68    0    0 309 -357  0
4218500 2850500  3 10 20  10.4 1016 250  3.6 7  5.5  70    0    0 305 -352  0
4218500 2850500  3 10 21  10.6 1016 261  4.0 7  5.3  67    0    0 305 -347  0
4218500 2850500  3 10 22   9.9 1015 232  3.5 7  5.1  66    0    0 305 -345  0
4218500 2850500  3 10 23   9.4 1015 249  3.9 7  5.0  68    0    0 304 -343  0
4218500 2850500  3 10 24   9.2 1016 251  3.4 8  5.0  69    0    0 308 -342  0
4218500 2850500  3 11  1   8.2 1015 223  3.2 7  5.0  72    0    0 307 -342  0
4218500 2850500  3 11  2   7.5 1015 228  3.5 6  5.1  77    0    0 299 -342  0
4218500 2850500  3 11  3   7.2 1015 242  3.8 5  5.2  82    0    0 291 -341  0
4218500 2850500  3 11  4   7.0 1014 232  3.3 6  5.2  84    0    0 291 -340  0
4218500 2850500  3 11  5   6.6 1014 203  3.1 8  5.3  86    0    0 304 -339  0
4218500 2850500  3 11  6   7.1 1014 220  3.8 7  5.3  86    0    0 309 -339  0
4218500 2850500  3 11  7   7.6 1014 221  3.7 8  5.3  83    0    1 312 -338  0
4218500 2850500  3 11  8   8.1 1013 210  4.1 8  5.3  80    0   22 319 -339  0
4218500 2850500  3 11  9   8.7 1013 209  4.1 8  5.4  78    0   74 320 -344  0
4218500 2850500  3 11 10  10.1 1013 205  4.2 7  5.4  73    7  141 318 -351  0
4218500 2850500  3 11 11  11.7 1013 225  4.5 7  5.3  65   55  220 317 -359  0
4218500 2850500  3 11 12  12.3 1013 226  5.3 7  5.2  60   14  208 321 -367  0
4218500 2850500  3 11 13  11.2 1012 228  4.7 8  5.4  64    0  101 328 -373  0
4218500 2850500  3 11 14  10.4 1011 216  4.6 8  5.8  72    0   68 334 -375  0
4218500 2850500  3 11 15   9.9 1009 185  4.0 7  6.1  79    0   78 329 -375  0
4218500 2850500  3 11 16   9.9 1008 191  4.7 7  6.5  85    0   62 326 -371  0
4218500 2850500  3 11 17   9.8 1008 191  3.9 8  6.7  88    0   33 335 -367  0
4218500 2850500  3 11 18  10.3 1006 216  4.9 8  6.8  89    0   15 344 -362  0
4218500 2850500  3 11 19  10.7 1005 230  5.3 8  6.9  86    0    0 348 -359  0
4218500 2850500  3 11 20  10.2 1005 235  5.7 8  7.0  88    0    0 350 -358  0
4218500 2850500  3 11 21  10.1 1005 243  6.1 8  7.1  92    0    0 351 -358  0
4218500 2850500  3 11 22   9.0 1005 292  5.3 8  7.1  94    0    0 350 -358  0
4218500 2850500  3 11 23   8.1 1005 282  4.4 8  6.6  94    0    0 347 -359  0
4218500 2850500  3 11 24   7.7 1005 275  4.1 8  6.3  94    0    0 345 -360  0
4218500 2850500  3 12  1   7.4 1006 276  4.5 8  6.3  96    0    0 344 -361  0
4218500 2850500  3 12  2   7.2 1005 261  4.1 8  6.2  97    0    0 343 -357  0
4218500 2850500  3 12  3   7.2 1005 261  4.2 8  6.3  98    0    0 343 -351  0
4218500 2850500  3 12  4   7.4 1005 259  4.1 8  6.3  98    0    0 343 -348  0
4218500 2850500  3 12  5   7.4 1006 255  4.8 8  6.3  97    0    0 343 -348  0
4218500 2850500  3 12  6   7.3 1006 250  5.1 8  6.2  97    0    0 343 -347  0
4218500 2850500  3 12  7   7.4 1006 256  4.4 8  6.2  96    0    1 341 -347  0
4218500 2850500  3 12  8   7.7 1006 252  5.4 8  6.2  94   30   25 341 -347  0
4218500 2850500  3 12  9   8.1 1007 250  5.7 7  6.2  93   27   78 335 -348  0
4218500 2850500  3 12 10   8.1 1007 270  5.7 8  6.3  93    0   76 335 -348  0
4218500 2850500  3 12 11   7.7 1007 293  5.3 8  6.1  92    0   81 340 -349  0
4218500 2850500  3 12 12   8.9 1008 309  4.8 7  6.2  90   90  165 333 -352  0
4218500 2850500  3 12 13   8.2 1009 303  3.5 6  6.1  88    2  158 322 -352  0
4218500 2850500  3 12 14   8.9 1009 310  5.7 7  5.8  84    0   86 320 -351  0
4218500 2850500  3 12 15   8.8 1010 320  5.3 7  5.9  83    0  102 325 -352  0
4218500 2850500  3 12 16   8.2 1010 332  6.4 6  5.8  83    0   91 318 -353  0
4218500 2850500  3 12 17   7.5 1011 344  5.7 7  5.6  84    0   45 315 -351  0
4218500 2850500  3 12 18   7.0 1013 351  5.1 7  5.5  86    0   24 318 -345  0
4218500 2850500  3 12 19   6.3 1014 332  4.4 7  5.4  88    0    0 316 -340  0
4218500 2850500  3 12 20   6.4 1016 330  4.5 7  5.3  89    0    0 314 -336  0
4218500 2850500  3 12 21   5.9 1018 347  5.3 7  5.1  87    0    0 313 -334  0
4218500 2850500  3 12 22   5.0 1019  16  5.0 8  4.7  84    0    0 315 -333  0
4218500 2850500  3 12 23   4.3 1020  19  4.2 8  4.3  81    0    0 316 -331  0
4218500 2850500  3 12 24   3.7 1022 354  2.8 7  4.0  79    0    0 308 -330  0
4218500 2850500  3 13  1   3.2 1023 345  3.3 7  3.7  76    0    0 298 -327  0
4218500 2850500  3 13  2   2.5 1023 327  3.3 6  3.5  77    0    0 290 -325  0
4218500 2850500  3 13  3   1.7 1024 319  3.5 3  3.6  83    0    0 266 -322  0
4218500 2850500  3 13  4   1.2 1024 323  3.7 1  3.7  88    0    0 237 -319  0
4218500 2850500  3 13  5   0.6 1025 332  3.7 1  3.6  90    0    0 225 -316  0
4218500 2850500  3 13  6   0.3 1025 333  4.1 0  3.4  88    0    0 217 -315  0
4218500 2850500  3 13  7  -0.2 1026 332  4.2 1  3.2  86    0    5 214 -312  0
4218500 2850500  3 13  8   1.1 1026 344  4.8 1  3.2  82   68   36 219 -310  0
4218500 2850500  3 13  9   2.2 1026 345  4.8 0  3.2  76  174   59 218 -311  0
4218500 2850500  3 13 10   3.6 1027 343  4.8 0  3.2  70  339   57 215 -314  0
4218500 2850500  3 13 11   4.9 1027 337  5.5 1  3.1  61  411   94 222 -320  0
4218500 2850500  3 13 12   5.6 1027   9  7.4 2  2.8  52  261  176 234 -328  0
4218500 2850500  3 13 13   6.0 1027   9  7.9 2  2.5  45  358  143 240 -333  0
4218500 2850500  3 13 14   5.8 1027  10  6.8 1  2.2  39  384  115 235 -335  0
4218500 2850500  3 13 15   6.2 1027   7  6.6 1  2.0  35  397   52 229 -334  0
4218500 2850500  3 13 16   5.9 1027 355  7.3 1  1.7  30  268   69 229 -331  0
4218500 2850500  3 13 17   5.0 1027  19  7.4 1  1.6  30  134   62 228 -326  0
4218500 2850500  3 13 18   4.1 1028  11  6.4 1  1.6  32   21   31 225 -319  0
4218500 2850500  3 13 19   2.8 1028   2  4.7 1  1.6  33    0    0 223 -315  0
4218500 2850500  3 13 20   2.1 1029 351  4.1 0  1.6  36    0    0 216 -312  0
4218500 2850500  3 13 21   1.6 1029 338  3.5 0  1.7  40    0    0 210 -309  0
4218500 2850500  3 13 22   1.2 1029 333  4.1 0  1.8  43    0    0 209 -308  0
4218500 2850500  3 13 23   1.5 1029 344  4.4 0  2.0  50    0    0 210 -308  0
4218500 2850500  3 13 24   1.1 1029 350  4.6 0  2.4  60    0    0 213 -308  0
4218500 2850500  3 14  1   0.0 1029 356  3.8 0  2.7  69    0    0 214 -308  0
4218500 2850500  3 14  2  -0.1 1029 357  4.7 0  2.8  75    0    0 214 -308  0
4218500 2850500  3 14  3  -0.2 1028   0  4.0 1  2.7  74    0    0 220 -308  0
4218500 2850500  3 14  4   0.1 1027   3  4.1 4  2.8  75    0    0 240 -307  0
4218500 2850500  3 14  5   0.2 1028  20  5.0 6  2.9  78    0    0 265 -306  0
4218500 2850500  3 14  6   0.3 1028  21  4.3 6  3.0  80    0    0 276 -306  0
4218500 2850500  3 14  7   0.4 1029  35  3.9 7  3.1  81    0    2 282 -306  0
4218500 2850500  3 14  8   0.8 1029  45  4.2 7  3.2  82    8   47 287 -308  0
4218500 2850500  3 14  9   1.4 1030  25  4.0 7  3.3  81    7   99 290 -311  0
4218500 2850500  3 14 10   2.0 1030  23  4.3 7  3.3  79   13  159 293 -314  0
4218500 2850500  3 14 11   2.8 1031  43  4.2 7  3.4  77   19  198 296 -315  0
4218500 2850500  3 14 12   4.3 1031  36  3.5 6  3.5  73   61  250 294 -318  0
4218500 2850500  3 14 13   5.6 1031  50  3.9 3  3.6  67  270  243 278 -322  0
4218500 2850500  3 14 14   6.3 1031  64  4.5 2  3.5  61  178  259 260 -323  0
4218500 2850500  3 14 15   6.6 1031  68  4.4 6  3.4  58   12  176 277 -324  0
4218500 2850500  3 14 16   7.1 1031  45  4.6 7  3.3  55    6  122 303 -325  0
4218500 2850500  3 14 17   6.4 1031  65  3.7 4  3.2  53   27  100 291 -325  0
4218500 2850500  3 14 18   6.1 1031  27  3.0 5  3.2  55    2   36 280 -323  0
4218500 2850500  3 14 19   5.6 1031  27  3.8 6  3.4  61    0    0 288 -320  0
4218500 2850500  3 14 20   4.3 1032  16  4.3 7  3.7  70    0    0 295 -318  0
4218500 2850500  3 14 21   1.8 1032  19  3.7 4  3.7  79    0    0 278 -317  0
4218500 2850500  3 14 22   1.2 1033  20  3.4 2  3.6  87    0    0 250 -316  0
4218500 2850500  3 14 23   0.6 1033  25  3.1 2  3.6  91    0    0 239 -316  0
4218500 2850500  3 14 24  -0.3 1033  17  3.2 1  3.5  94    0    0 233 -315  0
4218500 2850500  3 15  1   0.5 1033  10  3.1 0  3.5  93    0    0 223 -316  0
4218500 2850500  3 15  2  -0.6 1033  38  2.7 0  3.4  93    0    0 218 -316  0
4218500 2850500  3 15  3  -0.8 1033  35  2.8 0  3.4  96    0    0 216 -316  0
4218500 2850500  3 15  4  -1.1 1034  32  2.8 2  3.4  98    0    0 225 -315  0
4218500 2850500  3 15  5  -0.1 1034  21  2.6 5  3.5  98    0    0 250 -315  0
4218500 2850500  3 15  6   0.2 1034  41  2.3 6  3.5  95    0    0 270 -315  0
4218500 2850500  3 15  7  -0.2 1035  61  2.3 6  3.5  95    1    7 275 -315  0
4218500 2850500  3 15  8   1.4 1036  60  2.3 4  3.6  92   52   52 268 -315  0
4218500 2850500  3 15  9   3.2 1037  73  2.4 3  3.6  83  131  100 257 -318  0
4218500 2850500  3 15 10   4.8 1037 118  2.3 0  3.6  72  291  106 240 -322  0
4218500 2850500  3 15 11   5.8 1038 101  2.3 0  3.2  60  387  117 225 -327  0
4218500 2850500  3 15 12   7.0 1038  99  2.1 1  2.9  50  439  127 232 -331  0
4218500 2850500  3 15 13   7.8 1038  22  1.4 1  2.9  47  444  137 242 -334  0
4218500 2850500  3 15 14   8.1 1038  21  1.5 1  2.9  45  398  145 244 -336  0
4218500 2850500  3 15 15   8.7 1037  59  1.7 1  2.9  43  335  129 246 -339  0
4218500 2850500  3 15 16   8.8 1037  31  1.9 1  2.9  42  229  116 248 -339  0
4218500 2850500  3 15 17   8.4 1037  33  1.0 1  2.9  43  110   91 247 -337  0
4218500 2850500  3 15 18   7.2 1037 338  2.2 3  2.9  45   19   38 255 -332  0
4218500 2850500  3 15 19   6.2 1037 350  2.4 5  3.0  50    0    0 270 -325  0
4218500 2850500  3 15 20   3.9 1038  46  2.5 4  3.0  56    0    0 269 -319  0
4218500 2850500  3 15 21   3.1 1038  43  2.7 3  3.1  66    0    0 256 -316  0
4218500 2850500  3 15 22   2.6 1039  21  1.7 2  3.3  73    0    0 246 -315  0
4218500 2850500  3 15 23   3.0 1039  25  2.5 2  3.4  75    0    0 242 -315  0
4218500 2850500  3 15 24   1.4 1038 350  1.5 2  3.4  78    0    0 239 -313  0
4218500 2850500  3 16  1   0.3 1038   8  1.2 1  3.3  85    0    0 231 -312  0
4218500 2850500  3 16  2  -0.4 1038 327  2.4 0  3.3  91    0    0 218 -311  0
4218500 2850500  3 16  3  -1.0 1038 343  1.9 0  3.3  94    0    0 212 -312  0
4218500 2850500  3 16  4  -1.2 1038 326  1.8 0  3.3  96    0    0 210 -311  0
4218500 2850500  3 16  5  -1.5 1038 327  1.7 0  3.3  97    0    0 208 -310  0
4218500 2850500  3 16  6  -2.0 1038 326  1.6 2  3.2  98    0    0 215 -309  0
4218500 2850500  3 16  7  -1.9 1038 330  2.4 2  3.2  98    1    8 222 -309  0
4218500 2850500  3 16  8   0.2 1038 331  1.7 2  3.4  96   56   51 225 -309  0
4218500 2850500  3 16  9   2.8 1038 315  1.7 3  3.7  89  136   96 235 -312  0
4218500 2850500  3 16 10   4.3 1038 342  2.5 5  3.8  80  178  159 255 -318  0
4218500 2850500  3 16 11   5.6 1038 323  1.9 5  3.6  68  266  179 267 -326  0
4218500 2850500  3 16 12   8.1 1038 327  2.3 4  3.3  56  447  118 266 -333  0
4218500 2850500  3 16 13   9.4 1037 288  1.9 3  3.4  50  452  127 262 -342  0
4218500 2850500  3 16 14  10.7 1037 287  2.5 2  3.6  49  405  137 255 -348  0
4218500 2850500  3 16 15  11.5 1036 276  3.0 1  3.8  48  346  118 247 -350  0
4218500 2850500  3 16 16  11.8 1035 274  3.4 1  4.0  48  242  106 245 -349  0
4218500 2850500  3 16 17  11.3 1034 289  3.6 2  4.1  50  119   86 247 -345  0
4218500 2850500  3 16 18  10.2 1034 287  3.8 3  4.1  52   22   38 251 -337  0
4218500 2850500  3 16 19   8.6 1034 285  3.7 3  4.0  56    0    0 248 -328  0
4218500 2850500  3 16 20   7.3 1034 283  3.7 2  3.8  59    0    0 239 -321  0
4218500 2850500  3 16 21   6.1 1033 284  3.5 2  3.8  64    0    0 233 -317  0
4218500 2850500  3 16 22   5.6 1033 271  3.8 1  3.9  70    0    0 229 -315  0
4218500 2850500  3 16 23   4.8 1032 272  2.8 2  3.9  73    0    0 228 -315  0
4218500 2850500  3 16 24   3.8 1032 292  3.4 1  3.8  76    0    0 226 -314  0
4218500 2850500  3 17  1   3.5 1031 274  3.4 1  3.8  79    0    0 224 -312  0
4218500 2850500  3 17  2   2.9 1031 265  3.4 0  3.8  81    0    0 222 -310  0
4218500 2850500  3 17  3   2.4 1030 274  3.7 1  3.8  83    0    0 223 -310  0
4218500 2850500  3 17  4   2.3 1029 286  3.6 3  3.8  85    0    0 224 -309  0
4218500 2850500  3 17  5   2.0 1028 266  3.9 4  3.7  85    0    0 226 -309  0
4218500 2850500  3 17  6   1.8 1027 277  3.4 7  3.7  85    0    0 231 -308  0
4218500 2850500  3 17  7   1.9 1027 274  3.0 7  3.7  86    0    1 239 -307  0
4218500 2850500  3 17  8   2.4 1026 291  4.9 7  3.7  85    6   54 242 -308  0
4218500 2850500  3 17  9   3.1 1026 306  4.7 6  3.8  82   17  131 243 -311  0
4218500 2850500  3 17 10   3.1 1025 320  5.9 6  3.8  82   47  217 240 -317  0
4218500 2850500  3 17 11   2.6 1026 322  5.2 7  3.8  83   18  223 238 -327  0
4218500 2850500  3 17 12   3.0 1026 332  5.0 8  3.8  83    0  132 237 -338  0
4218500 2850500  3 17 13   3.9 1026 334  4.4 8  3.8  80    0   94 242 -348  0
4218500 2850500  3 17 14   4.5 1026 317  4.0 7  3.8  75    0   84 247 -355  0
4218500 2850500  3 17 15   5.3 1026 337  3.5 7  3.8  72    0   93 251 -356  0
4218500 2850500  3 17 16   6.3 1025 333  3.5 7  3.8  67   15  129 254 -354  0
4218500 2850500  3 17 17   6.5 1025 327  2.6 4  3.8  64   40  123 250 -348  0
4218500 2850500  3 17 18   6.3 1025 299  2.3 4  3.7  64   13   45 246 -340  0
4218500 2850500  3 17 19   4.5 1025 298  2.8 3  3.7  67    0    0 243 -330  0
4218500 2850500  3 17 20   3.5 1026 302  2.7 2  3.7  75    0    0 235 -323  0
4218500 2850500  3 17 21   2.8 1026 337  3.1 1  3.8  82    0    0 230 -319  0
4218500 2850500  3 17 22   2.2 1026  15  2.6 1  3.9  86    0    0 228 -316  0
4218500 2850500  3 17 23   2.0 1027   7  2.8 1  3.9  89    0    0 226 -315  0
4218500 2850500  3 17 24   1.4 1027 358  2.2 2  3.9  91    0    0 226 -315  0
4218500 2850500  3 18  1   0.4 1027 353  2.0 3  3.8  94    0    0 225 -314  0
4218500 2850500  3 18  2   0.0 1027 330  2.7 1  3.6  96    0    0 224 -313  0
4218500 2850500  3 18  3  -0.2 1027 310  2.4 0  3.6  96    0    0 220 -311  0
4218500 2850500  3 18  4  -1.4 1027 284  2.4 0  3.4  96    0    0 216 -310  0
4218500 2850500  3 18  5  -1.3 1027 285  2.6 1  3.3  97    0    0 217 -310  0
4218500 2850500  3 18  6  -1.1 1027 296  2.9 2  3.3  96    0    0 225 -310  0
4218500 2850500  3 18  7   0.1 1027 285  2.8 5  3.5  96    2    8 246 -309  0
4218500 2850500  3 18  8   1.0 1027 289  2.7 6  3.8  97   53   42 269 -310  0
4218500 2850500  3 18  9   3.4 1027 306  2.8 5  4.0  92  152   83 277 -312  0
4218500 2850500  3 18 10   5.5 1027 309  2.6 4  4.1  80  345   62 275 -319  0
4218500 2850500  3 18 11   8.3 1027 311  3.2 3  4.1  67  442   64 273 -329  0
4218500 2850500  3 18 12  10.6 1027 306  3.4 2  4.1  56  505   67 269 -340  0
4218500 2850500  3 18 13  11.6 1026 319  4.0 3  4.0  49  494   83 274 -351  0
4218500 2850500  3 18 14  12.4 1026 344  4.2 3  3.8  44  383  133 282 -357  0
4218500 2850500  3 18 15  12.7 1025 336  4.7 4  3.6  41   85  209 289 -359  0
4218500 2850500  3 18 16  12.9 1024 340  4.6 5  3.5  39    0   96 300 -358  0
4218500 2850500  3 18 17  12.8 1024 318  4.3 2  3.4  38   78   94 289 -355  0
4218500 2850500  3 18 18  11.4 1023 327  3.9 1  3.3  38   28   38 264 -349  0
4218500 2850500  3 18 19  10.6 1023 335  3.5 1  3.1  39    0    0 254 -340  0
4218500 2850500  3 18 20   7.7 1023 323  2.9 1  3.0  43    0    0 248 -331  0
4218500 2850500  3 18 21   5.6 1024 326  2.9 1  3.0  51    0    0 240 -327  0
4218500 2850500  3 18 22   4.3 1023 298  2.4 0  3.2  60    0    0 232 -324  0
4218500 2850500  3 18 23   3.5 1023 259  3.0 0  3.3  66    0    0 225 -320  0
4218500 2850500  3 18 24   4.3 1023 271  3.7 0  3.3  67    0    0 226 -318  0
4218500 2850500  3 19  1   4.3 1023 281  3.7 0  3.5  68    0    0 228 -316  0
4218500 2850500  3 19  2   3.5 1022 290  4.0 0  3.5  70    0    0 227 -315  0
4218500 2850500  3 19  3   2.9 1022 290  3.9 0  3.5  73    0    0 224 -315  0
4218500 2850500  3 19  4   1.8 1021 296  3.4 0  3.5  79    0    0 222 -314  0
4218500 2850500  3 19  5   1.9 1021 312  4.2 4  3.7  87    0    0 236 -313  0
4218500 2850500  3 19  6   2.2 1021 310  4.8 7  4.0  92    0    0 267 -312  0
4218500 2850500  3 19  7   2.7 1021 303  4.2 8  4.2  94    0    3 288 -312  0
4218500 2850500  3 19  8   3.4 1021 311  4.5 8  4.3  91    0   33 298 -312  0
4218500 2850500  3 19  9   3.7 1021 301  4.5 8  4.2  87    0   62 303 -315  0
4218500 2850500  3 19 10   3.9 1021 302  5.0 8  4.2  84    0   85 306 -324  0
4218500 2850500  3 19 11   4.2 1020 307  5.2 8  4.1  82    0   80 306 -339  0
4218500 2850500  3 19 12   4.4 1020 299  4.9 8  4.1  80    0   73 302 -351  0
4218500 2850500  3 19 13   4.8 1020 298  5.2 8  4.1  79    0   69 290 -359  0
4218500 2850500  3 19 14   4.8 1019 306  5.3 8  4.0  76    0   57 273 -365  0
4218500 2850500  3 19 15   4.8 1019 309  5.4 8  4.0  74    0   57 261 -367  0
4218500 2850500  3 19 16   4.9 1019 299  4.9 8  4.0  75    0   56 252 -366  0
4218500 2850500  3 19 17   5.0 1018 296  4.7 8  4.0  75    0   43 245 -361  0
4218500 2850500  3 19 18   4.9 1018 319  5.3 8  4.0  74    0   22 238 -353  0
4218500 2850500  3 19 19   4.9 1018 300  4.2 8  3.9  73    0    0 235 -344  0
4218500 2850500  3 19 20   4.8 1018 294  4.1 8  3.9  73    0    0 234 -339  0
4218500 2850500  3 19 21   4.6 1018 294  4.3 7  3.9  75    0    0 235 -335  0
4218500 2850500  3 19 22   4.7 1018 295  4.2 8  3.9  74    0    0 242 -332  0
4218500 2850500  3 19 23   4.5 1018 302  3.7 8  3.8  72    0    0 255 -330  0
4218500 2850500  3 19 24   4.4 1018 301  3.7 8  3.7  72    0    0 266 -327  0
4218500 2850500  3 20  1   4.0 1018 294  4.1 8  3.8  74    0    0 276 -325  0
4218500 2850500  3 20  2   3.7 1018 291  4.2 8  3.9  78    0    0 287 -322  0
4218500 2850500  3 20  3   3.5 1018 296  4.2 8  3.8  79    0    0 295 -320  0
4218500 2850500  3 20  4   3.2 1018 299  4.5 8  3.8  79    0    0 299 -318  0
4218500 2850500  3 20  5   3.0 1018 298  5.0 8  3.8  80    0    0 300 -316  0
4218500 2850500  3 20  6   2.6 1018 311  4.9 8  3.7  80    0    0 297 -315  0
4218500 2850500  3 20  7   2.6 1018 297  4.1 8  3.6  79    0    4 292 -315  0
4218500 2850500  3 20  8   2.4 1018 291  4.5 8  3.8  83    0   44 290 -315  0
4218500 2850500  3 20  9   2.1 1018 306  4.6 7  4.0  90    0   78 282 -318  0
4218500 2850500  3 20 10   2.2 1019 313  4.4 7  4.1  93    0  100 273 -329  0
4218500 2850500  3 20 11   2.5 1019 306  4.8 7  4.1  92    0  104 273 -342  0
4218500 2850500  3 20 12   3.0 1019 306  4.2 7  4.0  86    0  105 274 -352  0
4218500 2850500  3 20 13   3.3 1020 320  3.3 8  3.8  81    0   99 282 -359  0
4218500 2850500  3 20 14   3.5 1020 311  3.1 8  3.9  80    0   84 286 -364  0
4218500 2850500  3 20 15   3.9 1020 323  2.9 8  3.9  79    0   79 283 -366  0
4218500 2850500  3 20 16   4.1 1020 324  2.9 8  3.9  77    0   58 279 -363  0
4218500 2850500  3 20 17   4.3 1020 348  2.3 8  4.0  78    0   40 280 -358  0
4218500 2850500  3 20 18   3.7 1020 355  2.5 8  3.9  78    0   14 282 -351  0
4218500 2850500  3 20 19   2.2 1021 338  2.2 6  3.8  81    0    0 272 -344  0
4218500 2850500  3 20 20   1.1 1022 352  2.3 3  3.6  86    0    0 249 -338  0
4218500 2850500  3 20 21   1.8 1022  33  4.2 2  3.2  78    0    0 230 -335  0
4218500 2850500  3 20 22   0.5 1023  52  5.0 4  2.8  68    0    0 231 -335  0
4218500 2850500  3 20 23  -0.2 1024  49  5.0 4  2.4  63    0    0 236 -333  0
4218500 2850500  3 20 24  -1.2 1024  60  4.7 3  2.2  62    0    0 227 -328  0
4218500 2850500  3 21  1  -1.9 1025  70  4.4 2  2.1  63    0    0 212 -324  0
4218500 2850500  3 21  2  -2.6 1025  79  4.6 3  2.0  64    0    0 209 -320  0
4218500 2850500  3 21  3  -3.1 1025  78  4.1 2  2.0  65    0    0 208 -317  0
4218500 2850500  3 21  4  -3.5 1026  81  4.5 2  1.9  66    0    0 202 -315  0
4218500 2850500  3 21  5  -4.0 1026  80  4.8 2  1.9  67    0    0 202 -312  0
4218500 2850500  3 21  6  -4.4 1027  88  4.6 1  1.8  67    0    0 196 -307  0
4218500 2850500  3 21  7  -4.3 1027  84  4.1 0  1.9  69    9   14 184 -306  0
4218500 2850500  3 21  8  -3.0 1027  93  4.7 1  1.9  67   99   55 185 -307  0
4218500 2850500  3 21  9  -1.6 1028 102  5.1 1  1.9  61  186   96 194 -309  0
4218500 2850500  3 21 10  -0.3 1028 112  4.6 3  1.9  55  349   90 210 -311  0
4218500 2850500  3 21 11   1.2 1028  92  4.5 4  1.9  48  426  103 233 -316  0
4218500 2850500  3 21 12   1.7 1028  81  4.1 5  1.8  43  486  109 248 -322  0
4218500 2850500  3 21 13   2.5 1028  71  4.4 3  1.7  40  516  105 245 -329  0
4218500 2850500  3 21 14   3.1 1028  84  4.1 3  1.7  38  462  116 237 -336  0
4218500 2850500  3 21 15   3.9 1027  99  4.5 1  1.7  36  385  115 229 -339  0
4218500 2850500  3 21 16   3.9 1027  83  4.4 1  1.7  35  276  106 222 -338  0
4218500 2850500  3 21 17   3.4 1027  93  4.0 0  1.7  34  153   85 217 -332  0
4218500 2850500  3 21 18   2.2 1027  74  3.8 1  1.7  36   36   45 215 -323  0
4218500 2850500  3 21 19   0.8 1027  82  4.1 1  1.7  40    0    2 214 -316  0
4218500 2850500  3 21 20   0.1 1027  78  3.6 1  1.6  42    0    0 208 -311  0
4218500 2850500  3 21 21  -0.1 1027  98  3.8 0  1.6  43    0    0 202 -308  0
4218500 2850500  3 21 22  -1.0 1027 109  2.9 1  1.6  45    0    0 201 -306  0
4218500 2850500  3 21 23  -1.5 1027 114  3.5 0  1.6  48    0    0 198 -305  0
4218500 2850500  3 21 24  -2.0 1028 118  3.3 0  1.6  50    0    0 193 -304  0
4218500 2850500  3 22  1  -2.7 1028 120  3.2 0  1.6  52    0    0 190 -302  0
4218500 2850500  3 22  2  -2.4 1028 126  3.8 0  1.6  53    0    0 187 -299  0
4218500 2850500  3 22  3  -2.6 1027 127  3.3 0  1.6  53    0    0 185 -297  0
4218500 2850500  3 22  4  -3.5 1027 129  3.3 0  1.6  55    0    0 181 -296  0
4218500 2850500  3 22  5  -4.1 1027 128  3.2 0  1.6  58    0    0 178 -295  0
4218500 2850500  3 22  6  -3.9 1027 137  3.1 1  1.7  60    0    0 179 -295  0
4218500 2850500  3 22  7  -3.7 1027 131  3.3 1  1.7  60   12   13 183 -294  0
4218500 2850500  3 22  8  -1.7 1027 139  3.5 1  1.7  55  113   47 185 -297  0
4218500 2850500  3 22  9   0.5 1028 134  3.1 0  1.7  47  205   82 185 -303  0
4218500 2850500  3 22 10   2.6 1028 134  3.4 1  1.6  39  398   58 190 -310  0
4218500 2850500  3 22 11   4.1 1028 147  4.0 2  1.6  34  501   60 205 -319  0
4218500 2850500  3 22 12   5.7 1028 125  3.1 2  1.5  29  549   67 215 -329  0
4218500 2850500  3 22 13   6.6 1028 142  3.6 3  1.5  26  542   78 222 -338  0
4218500 2850500  3 22 14   7.0 1027 171  3.3 3  1.5  24  477  100 227 -347  0
4218500 2850500  3 22 15   8.0 1027 146  3.9 1  1.4  22  410   97 224 -349  0
4218500 2850500  3 22 16   8.4 1026 144  3.2 1  1.4  21  296   93 221 -346  0
4218500 2850500  3 22 17   7.7 1026 145  3.0 1  1.4  21  160   80 220 -339  0
4218500 2850500  3 22 18   6.6 1025 145  3.3 2  1.2  20   40   43 218 -329  0
4218500 2850500  3 22 19   5.0 1025 147  2.6 2  1.2  22    0    2 217 -320  0
4218500 2850500  3 22 20   3.0 1025 130  2.2 2  1.3  27    0    0 213 -315  0
4218500 2850500  3 22 21   1.1 1025 130  2.3 1  1.4  33    0    0 208 -313  0
4218500 2850500  3 22 22   0.7 1025 125  2.8 0  1.5  39    0    0 201 -310  0
4218500 2850500  3 22 23   0.2 1025 138  3.0 0  1.7  43    0    0 198 -309  0
4218500 2850500  3 22 24   0.1 1025 141  2.8 0  1.8  47    0    0 199 -308  0
4218500 2850500  3 23  1  -0.6 1025 143  2.4 0  1.8  48    0    0 197 -308  0
4218500 2850500  3 23  2  -1.5 1024 131  2.5 0  1.8  51    0    0 195 -307  0
4218500 2850500  3 23  3  -2.1 1024 127  2.2 0  1.8  55    0    0 194 -305  0
4218500 2850500  3 23  4  -2.4 1024 123  2.3 0  1.8  58    0    0 194 -304  0
4218500 2850500  3 23  5  -2.8 1024 129  1.9 0  1.9  61    0    0 195 -302  0
4218500 2850500  3 23  6  -3.1 1024 140  1.9 0  2.0  65    0    0 195 -301  0
4218500 2850500  3 23  7  -2.9 1025 147  1.8 1  2.1  68   13   12 201 -301  0
4218500 2850500  3 23  8   0.0 1025 167  1.4 1  2.1  63  117   35 210 -303  0
4218500 2850500  3 23  9   3.8 1025 178  1.8 0  2.1  50  203   63 215 -308  0
4218500 2850500  3 23 10   6.6 1025 193  2.4 0  2.1  38  344   70 220 -317  0
4218500 2850500  3 23 11   9.0 1025 175  2.7 0  2.0  32  425   87 227 -328  0
4218500 2850500  3 23 12  10.8 1024 179  3.3 0  2.0  27  507   58 233 -341  0
4218500 2850500  3 23 13  12.2 1024 204  3.2 0  2.0  24  482   89 238 -355  0
4218500 2850500  3 23 14  13.5 1023 212  2.4 0  2.0  22  425  108 242 -363  0
4218500 2850500  3 23 15  14.5 1024 195  2.3 0  2.0  20  403   58 247 -367  0
4218500 2850500  3 23 16  14.7 1023 203  2.9 0  2.0  20  265   92 248 -366  0
4218500 2850500  3 23 17  14.2 1023 198  2.5 0  2.1  20  165   58 248 -359  0
4218500 2850500  3 23 18  13.1 1023 198  2.4 1  2.0  21   41   39 247 -349  0
4218500 2850500  3 23 19  10.8 1022 203  2.3 0  1.9  22    0    2 242 -337  0
4218500 2850500  3 23 20   7.6 1022 194  2.4 0  2.0  29    0    0 236 -329  0
4218500 2850500  3 23 21   5.5 1022 210  2.6 0  2.3  39    0    0 231 -323  0
4218500 2850500  3 23 22   4.5 1022 206  3.0 0  2.4  45    0    0 227 -319  0
4218500 2850500  3 23 23   2.9 1022 203  2.8 0  2.4  48    0    0 224 -317  0
4218500 2850500  3 23 24   2.9 1022 197  3.0 0  2.4  52    0    0 222 -315  0
4218500 2850500  3 24  1   2.2 1022 236  2.9 0  2.5  55    0    0 221 -314  0
4218500 2850500  3 24  2   1.5 1022 237  3.2 0  2.4  57    0    0 219 -313  0
4218500 2850500  3 24  3   0.5 1021 207  3.5 0  2.5  61    0    0 217 -312  0
4218500 2850500  3 24  4  -0.2 1021 204  2.9 0  2.6  68    0    0 216 -312  0
4218500 2850500  3 24  5  -0.7 1021 192  3.1 0  2.6  71    0    0 214 -311  0
4218500 2850500  3 24  6  -1.2 1021 192  2.1 0  2.6  73    0    0 213 -311  0
4218500 2850500  3 24  7  -0.7 1020 202  1.9 0  2.6  75   15   17 212 -310  0
4218500 2850500  3 24  8   3.4 1020 235  1.5 0  2.9  69  122   55 219 -311  0
4218500 2850500  3 24  9   8.5 1020 244  1.5 0  3.1  53  217   88 230 -315  0
4218500 2850500  3 24 10  11.5 1020 269  2.7 0  3.0  40  404   70 237 -325  0
4218500 2850500  3 24 11  13.9 1021 260  2.0 0  2.9  32  507   74 243 -342  0
4218500 2850500  3 24 12  15.3 1020 260  3.3 0  2.8  27  560   79 248 -358  0
4218500 2850500  3 24 13  16.8 1020 278  4.3 0  2.8  25  556   87 252 -372  0
4218500 2850500  3 24 14  17.7 1019 304  4.6 0  2.8  23  508   95 257 -380  0
4218500 2850500  3 24 15  17.9 1019 284  4.6 0  2.6  21  423  100 258 -384  0
4218500 2850500  3 24 16  17.4 1018 283  4.5 0  2.6  21  307   97 258 -382  0
4218500 2850500  3 24 17  17.2 1018 290  3.8 0  2.7  22  169   82 257 -375  0
4218500 2850500  3 24 18  16.3 1018 292  2.6 0  2.8  24   41   51 256 -364  0
4218500 2850500  3 24 19  12.5 1018 302  2.8 0  2.7  27    0    3 249 -350  0
4218500 2850500  3 24 20  10.1 1017 287  3.2 0  2.7  32    0    0 240 -341  0
4218500 2850500  3 24 21   7.7 1017 273  3.4 0  2.8  40    0    0 236 -336  0
4218500 2850500  3 24 22   7.1 1017 258  2.8 0  3.0  47    0    0 234 -333  0
4218500 2850500  3 24 23   6.3 1017 261  3.0 0  3.1  51    0    0 234 -331  0
4218500 2850500  3 24 24   5.4 1017 256  3.3 2  3.2  56    0    0 239 -330  0
4218500 2850500  3 25  1   5.6 1017 232  2.8 4  3.3  59    0    0 249 -331  0
4218500 2850500  3 25  2   7.1 1016 193  3.0 6  3.5  58    0    0 264 -332  0
4218500 2850500  3 25  3   7.4 1016 192  2.9 6  3.5  56    0    0 273 -332  0
4218500 2850500  3 25  4   7.8 1015 216  3.1 7  3.6  55    0    0 278 -332  0
4218500 2850500  3 25  5   7.2 1015 237  2.8 7  3.9  61    0    0 282 -331  0
4218500 2850500  3 25  6   8.1 1015 280  3.3 7  4.4  67    0    0 284 -329  0
4218500 2850500  3 25  7   7.8 1015 291  3.0 4  4.5  68    9   19 279 -327  0
4218500 2850500  3 25  8   9.4 1016 282  2.9 1  4.7  68   77   78 267 -330  0
4218500 2850500  3 25  9  10.6 1016 278  3.4 2  5.0  66   59  163 264 -338  0
4218500 2850500  3 25 10  11.1 1017 273  3.8 6  5.1  64   56  233 276 -352  0
4218500 2850500  3 25 11  12.2 1016 263  4.7 4  5.3  62  275  231 282 -366  0
4218500 2850500  3 25 12  13.7 1016 275  4.9 2  5.6  60  321  250 274 -382  0
4218500 2850500  3 25 13  14.5 1016 272  4.3 1  5.7  58  402  214 268 -395  0
4218500 2850500  3 25 14  14.4 1016 298  5.0 1  5.6  55  324  241 264 -404  0
4218500 2850500  3 25 15  14.2 1016 294  4.8 2  5.6  55  262  225 266 -408  0
4218500 2850500  3 25 16  13.9 1015 324  4.6 2  5.6  56  221  167 269 -406  0
4218500 2850500  3 25 17  13.1 1015 315  4.5 1  5.5  57  128  115 262 -398  0
4218500 2850500  3 25 18  11.8 1016 326  3.9 3  5.4  60   28   58 260 -385  0
4218500 2850500  3 25 19  11.0 1016 351  3.0 2  5.3  63    0    3 260 -371  0
4218500 2850500  3 25 20  10.1 1016 360  2.8 0  5.2  66    0    0 242 -361  0
4218500 2850500  3 25 21   8.9 1016 352  2.6 0  5.1  70    0    0 231 -356  0
4218500 2850500  3 25 22   7.8 1016  16  1.7 1  5.0  74    0    0 234 -353  0
4218500 2850500  3 25 23   6.4 1016  10  1.1 1  4.9  79    0    0 233 -349  0
4218500 2850500  3 25 24   5.1 1017  30  1.1 0  4.8  85    0    0 220 -346  0
4218500 2850500  3 26  1   4.4 1017  35  0.9 0  4.8  90    0    0 206 -344  0
4218500 2850500  3 26  2   3.3 1017  70  0.8 0  4.6  92    0    0 201 -342  0
4218500 2850500  3 26  3   2.8 1017  65  0.7 0  4.4  94    0    0 198 -340  0
4218500 2850500  3 26  4   2.3 1017 167  0.9 0  4.3  95    0    0 199 -338  0
4218500 2850500  3 26  5   2.1 1017 280  1.0 0  4.2  96    0    0 202 -338  0
4218500 2850500  3 26  6   1.8 1017   0  1.1 1  4.2  96    0    0 210 -337  0
4218500 2850500  3 26  7   1.8 1017  88  2.4 3  4.2  97    0   15 228 -336  0
4218500 2850500  3 26  8   3.2 1018  84  1.9 5  4.4  98    2   74 251 -338  0
4218500 2850500  3 26  9   3.8 1018  95  1.7 6  4.8  98    1  119 271 -347  0
4218500 2850500  3 26 10   4.3 1018  96  1.9 7  5.0  98    1  167 285 -359  0
4218500 2850500  3 26 11   4.5 1019  98  2.1 7  5.1  98    1  194 294 -370  0
4218500 2850500  3 26 12   5.4 1019 107  1.4 7  5.2  97    6  245 299 -380  0
4218500 2850500  3 26 13   7.4 1019  88  1.9 5  5.4  90   88  363 295 -388  0
4218500 2850500  3 26 14   9.9 1018  91  2.6 3  5.3  76  233  343 282 -395  0
4218500 2850500  3 26 15  11.4 1018 107  2.2 2  5.3  67  202  303 275 -398  0
4218500 2850500  3 26 16  12.2 1018 112  3.3 2  5.6  65  133  247 275 -397  0
4218500 2850500  3 26 17  12.2 1018  76  3.3 0  5.6  64   79  158 268 -390  0
4218500 2850500  3 26 18  10.8 1018  60  2.9 0  5.4  64   21   69 257 -379  0
4218500 2850500  3 26 19   9.3 1016  53  2.5 0  5.2  68    0    3 254 -370  0
4218500 2850500  3 26 20   8.2 1016  58  3.0 0  5.1  73    0    0 249 -362  0
4218500 2850500  3 26 21   8.3 1017  80  3.5 0  5.2  76    0    0 247 -358  0
4218500 2850500  3 26 22   7.9 1017  85  3.8 1  5.1  76    0    0 250 -356  0
4218500 2850500  3 26 23   7.3 1017  89  4.0 1  4.9  76    0    0 252 -355  0
4218500 2850500  3 26 24   6.8 1016  91  3.8 0  4.9  78    0    0 245 -354  0
4218500 2850500  3 27  1   6.3 1016  90  4.0 0  4.9  81    0    0 239 -352  0
4218500 2850500  3 27  2   6.0 1016  95  3.8 0  4.7  81    0    0 237 -352  0
4218500 2850500  3 27  3   5.2 1016 102  3.5 0  4.5  80    0    0 235 -352  0
4218500 2850500  3 27  4   4.9 1015 110  3.0 0  4.4  81    0    0 233 -352  0
4218500 2850500  3 27  5   5.1 1015 112  3.2 0  4.3  80    0    0 231 -352  0
4218500 2850500  3 27  6   4.0 1015 102  3.5 0  4.3  82    0    0 230 -351  0
4218500 2850500  3 27  7   5.0 1015 105  3.6 3  4.3  82    2   16 246 -351  0
4218500 2850500  3 27  8   6.6 1015 106  2.6 5  4.4  77   15   80 277 -355  0
4218500 2850500  3 27  9   8.2 1014 103  2.8 6  4.5  71   22  146 297 -362  0
4218500 2850500  3 27 10  10.8 1014 115  2.7 7  4.7  63   38  209 315 -369  0
4218500 2850500  3 27 11  12.3 1015 169  2.5 8  4.7  56    9  219 332 -378  0
4218500 2850500  3 27 12  14.2 1015 233  2.3 5  4.8  51  154  275 328 -389  0
4218500 2850500  3 27 13  13.9 1014 238  1.7 6  4.7  48   45  275 321 -399  0
4218500 2850500  3 27 14  14.0 1014 338  1.3 7  4.6  47    6  207 330 -403  0
4218500 2850500  3 27 15  14.4 1014 328  1.6 7  4.8  48    0  144 339 -402  0
4218500 2850500  3 27 16  12.8 1013  89  2.1 8  5.3  55    0   75 345 -396  0
4218500 2850500  3 27 17  13.3 1012  85  2.3 8  5.8  62    0   35 350 -390  0
4218500 2850500  3 27 18  13.1 1012 296  2.0 6  5.9  62    0   40 342 -384  0
4218500 2850500  3 27 19  11.1 1012 291  1.8 7  6.1  69    0    1 335 -377  0
4218500 2850500  3 27 20   9.7 1012 328  1.7 7  6.1  77    0    0 334 -372  0
4218500 2850500  3 27 21   9.0 1012 322  2.4 6  5.9  81    0    0 328 -369  0
4218500 2850500  3 27 22   8.4 1011 339  1.9 6  5.9  84    0    0 322 -369  0
4218500 2850500  3 27 23   7.6 1011 298  2.2 6  5.8  87    0    0 321 -367  0
4218500 2850500  3 27 24   7.2 1011 288  2.1 5  5.8  90    0    0 315 -365  0
4218500 2850500  3 28  1   5.8 1011 293  2.3 4  5.6  93    0    0 303 -365  0
4218500 2850500  3 28  2   5.3 1011 285  2.7 4  5.4  96    0    0 295 -365  0
4218500 2850500  3 28  3   5.3 1011 281  2.4 4  5.4  98    0    0 293 -364  0
4218500 2850500  3 28  4   4.5 1010 300  2.8 7  5.3  98    0    0 305 -363  0
4218500 2850500  3 28  5   3.7 1011 305  2.5 8  5.0  98    0    0 320 -362  0
4218500 2850500  3 28  6   3.7 1011 311  2.2 8  4.9  99    0    0 324 -361  0
4218500 2850500  3 28  7   3.8 1011 304  2.2 6  4.9  99    2   18 315 -360  0
4218500 2850500  3 28  8   4.3 1011 331  1.6 7  5.0  99   17   88 312 -361  0
4218500 2850500  3 28  9   5.8 1011 322  1.8 5  5.4  98   43  174 310 -365  0
4218500 2850500  3 28 10   8.1 1011 313  1.7 3  5.4  87  117  253 297 -371  0
4218500 2850500  3 28 11   9.5 1012   2  1.2 2  5.3  75  212  290 288 -380  0
4218500 2850500  3 28 12  11.6 1013   9  1.5 2  5.5  69  199  334 290 -390  0
4218500 2850500  3 28 13  12.9 1013 129  1.5 2  5.4  60  212  344 296 -399  0
4218500 2850500  3 28 14  13.7 1012  79  2.1 2  5.4  57  282  294 300 -403  0
4218500 2850500  3 28 15  14.3 1012  85  1.9 2  5.4  54  200  282 301 -404  0
4218500 2850500  3 28 16  14.4 1012  54  2.3 2  5.1  50  140  228 299 -401  0
4218500 2850500  3 28 17  13.9 1011  74  1.4 2  5.2  52   17  139 296 -394  0
4218500 2850500  3 28 18  12.6 1011 155  1.3 4  5.2  55   15   64 299 -383  0
4218500 2850500  3 28 19  12.5 1011 187  1.6 5  5.1  56    0    4 307 -371  0
4218500 2850500  3 28 20  10.2 1012  88  1.7 3  5.0  60    0    0 298 -363  0
4218500 2850500  3 28 21   8.8 1012  70  2.2 1  5.0  68    0    0 272 -358  0
4218500 2850500  3 28 22   7.6 1012  62  2.0 1  4.7  70    0    0 256 -354  0
4218500 2850500  3 28 23   6.7 1012  77  1.7 0  4.5  71    0    0 247 -350  0
4218500 2850500  3 28 24   5.5 1012  44  1.5 0  4.4  75    0    0 238 -347  0
4218500 2850500  3 29  1   4.5 1012  50  1.4 0  4.4  81    0    0 234 -345  0
4218500 2850500  3 29  2   4.0 1011  60  1.7 0  4.4  86    0    0 230 -343  0
4218500 2850500  3 29  3   3.6 1011  73  1.7 0  4.4  89    0    0 226 -342  0
4218500 2850500  3 29  4   3.1 1011  67  1.7 0  4.3  90    0    0 223 -342  0
4218500 2850500  3 29  5   2.5 1010  54  1.6 0  4.2  91    0    0 216 -341  0
4218500 2850500  3 29  6   2.4 1010  65  1.5 1  4.2  92    0    0 215 -339  0
4218500 2850500  3 29  7   2.7 1010 135  1.1 0  4.2  92   13   24 208 -338  0
4218500 2850500  3 29  8   5.3 1011  97  1.1 1  4.6  90   91   91 207 -343  0
4218500 2850500  3 29  9   8.2 1011 112  1.1 1  4.7  77  152  150 225 -352  0
4218500 2850500  3 29 10  10.7 1012 105  1.5 0  4.5  61  292  184 230 -363  0
4218500 2850500  3 29 11  12.1 1012 115  2.0 0  4.3  51  381  213 233 -374  0
4218500 2850500  3 29 12  13.8 1011 120  1.8 0  4.1  44  429  231 241 -386  0
4218500 2850500  3 29 13  14.8 1011 110  1.8 0  3.9  39  447  232 255 -392  0
4218500 2850500  3 29 14  15.9 1010 113  2.1 1  4.0  37  420  223 270 -396  0
4218500 2850500  3 29 15  16.3 1010 143  2.6 1  4.0  35  327  210 283 -399  0
4218500 2850500  3 29 16  15.9 1009 169  1.9 2  3.9  34  218  184 288 -397  0
4218500 2850500  3 29 17  15.6 1009 176  1.6 5  3.7  33  117  129 302 -393  0
4218500 2850500  3 29 18  14.6 1009 189  1.6 6  3.8  36   30   63 315 -384  0
4218500 2850500  3 29 19  12.3 1009 151  1.8 7  3.9  40    0    4 316 -374  0
4218500 2850500  3 29 20  10.4 1009 155  2.0 6  3.8  46    0    0 311 -367  0
4218500 2850500  3 29 21   9.5 1009 150  2.3 5  3.8  50    0    0 301 -363  0
4218500 2850500  3 29 22   9.3 1009 177  2.1 6  4.0  54    0    0 302 -361  0
4218500 2850500  3 29 23   8.0 1009 196  2.3 5  4.0  58    0    0 302 -359  0
4218500 2850500  3 29 24   7.4 1008 181  2.2 4  4.0  61    0    0 292 -359  0
4218500 2850500  3 30  1   6.7 1008 185  2.3 5  4.1  65    0    0 291 -358  0
4218500 2850500  3 30  2   6.6 1008 193  2.3 5  4.1  67    0    0 295 -357  0
4218500 2850500  3 30  3   5.1 1008 186  2.6 4  4.1  72    0    0 289 -355  0
4218500 2850500  3 30  4   5.3 1007 183  2.9 5  4.2  76    0    0 286 -353  0
4218500 2850500  3 30  5   6.5 1007 205  2.4 7  4.4  76    0    0 302 -347  0
4218500 2850500  3 30  6   7.8 1007 203  2.3 8  4.6  73    0    0 321 -340  0
4218500 2850500  3 30  7   8.1 1007 205  2.4 7  4.8  71    9   19 325 -339  0
4218500 2850500  3 30  8   9.3 1007 234  2.1 4  4.9  70   74   78 308 -346  0
4218500 2850500  3 30  9  11.6 1008 288  3.0 3  5.5  69  118  145 294 -357  0
4218500 2850500  3 30 10  13.1 1008 284  3.1 3  6.3  70  186  209 297 -371  0
4218500 2850500  3 30 11  13.8 1008 284  4.7 3  6.8  70  290  224 302 -385  0
4218500 2850500  3 30 12  15.1 1008 286  4.5 3  6.1  59  418  197 305 -399  0
4218500 2850500  3 30 13  16.3 1007 296  5.6 2  5.1  45  470  188 303 -408  0
4218500 2850500  3 30 14  16.9 1007 292  6.3 2  4.8  40  448  179 302 -412  0
4218500 2850500  3 30 15  16.7 1007 294  6.4 2  4.6  39  366  171 300 -412  0
4218500 2850500  3 30 16  16.2 1006 288  7.2 2  4.6  39  257  153 297 -406  0
4218500 2850500  3 30 17  13.1 1006 311  6.8 1  4.8  46  146  116 287 -397  0
4218500 2850500  3 30 18  11.1 1006 314  6.5 2  4.8  54   43   63 276 -385  0
4218500 2850500  3 30 19   9.6 1007 316  4.1 3  4.6  59    0    6 275 -370  0
4218500 2850500  3 30 20   9.2 1008 305  4.6 3  4.6  63    0    0 274 -359  0
4218500 2850500  3 30 21   8.7 1008 303  5.5 2  4.3  60    0    0 267 -353  0
4218500 2850500  3 30 22   8.2 1008 302  5.4 2  4.1  59    0    0 261 -348  0
4218500 2850500  3 30 23   7.3 1008 301  5.1 1  4.2  64    0    0 254 -343  0
4218500 2850500  3 30 24   6.7 1008 308  6.2 1  4.3  69    0    0 250 -340  0
4218500 2850500  3 31  1   5.9 1008 301  6.5 1  4.4  74    0    0 250 -336  0
4218500 2850500  3 31  2   5.1 1009 282  5.9 1  4.5  80    0    0 249 -333  0
4218500 2850500  3 31  3   4.6 1009 283  6.1 1  4.4  82    0    0 247 -330  0
4218500 2850500  3 31  4   4.6 1009 282  6.6 1  4.3  81    0    0 245 -327  0
4218500 2850500  3 31  5   4.3 1009 290  6.0 2  4.3  82    0    0 249 -325  0
4218500 2850500  3 31  6   4.3 1009 286  7.1 5  4.3  83    0    0 267 -323  0
4218500 2850500  3 31  7   4.5 1010 292  6.8 7  4.3  82    8   17 293 -322  0
4218500 2850500  3 31  8   5.2 1011 292  7.0 7  4.3  80   20   82 304 -324  0
4218500 2850500  3 31  9   6.4 1012 296  7.0 7  4.3  75   25  153 306 -331  0
4218500 2850500  3 31 10   7.9 1012 317  6.5 5  4.1  65  265  148 297 -342  0
4218500 2850500  3 31 11   9.5 1014 318  6.4 3  3.7  53  498  101 279 -356  0
4218500 2850500  3 31 12  10.0 1014 310  5.7 2  3.3  44  582   96 267 -368  0
4218500 2850500  3 31 13  11.0 1015 306  6.1 2  3.2  40  587  100 263 -376  0
4218500 2850500  3 31 14  11.5 1016 300  5.9 2  3.0  37  545  100 263 -381  0
4218500 2850500  3 31 15  12.1 1017 319  5.6 2  3.0  34  462  101 262 -383  0
4218500 2850500  3 31 16  12.0 1017 315  4.7 1  2.9  34  352   93 257 -380  0
4218500 2850500  3 31 17  11.5 1017 321  5.1 1  2.8  33  214   80 251 -374  0
4218500 2850500  3 31 18  10.6 1017 316  4.2 2  2.7  34   67   54 250 -364  0
4218500 2850500  3 31 19   9.3 1017 327  3.9 2  2.7  36    0    8 247 -351  0
4218500 2850500  3 31 20   7.3 1018 344  2.6 2  2.6  38    0    0 240 -340  0
4218500 2850500  3 31 21   5.9 1019   7  2.2 1  2.6  43    0    0 230 -333  0
4218500 2850500  3 31 22   5.5 1019  38  1.6 0  2.7  49    0    0 219 -327  0
4218500 2850500  3 31 23   4.8 1019  95  1.5 0  2.9  53    0    0 212 -322  0
4218500 2850500  3 31 24   3.2 1020 113  1.7 0  3.0  60    0    0 207 -317  0
4218500 2850500  4  1  1   2.5 1019 143  2.2 0  3.2  70    0    0 201 -315  0
4218500 2850500  4  1  2   1.1 1019 149  2.4 0  3.2  74    0    0 197 -316  0
4218500 2850500  4  1  3   0.9 1018 196  2.0 1  3.2  78    0    0 197 -317  0
4218500 2850500  4  1  4   0.4 1018 174  2.4 1  3.1  79    0    0 199 -318  0
4218500 2850500  4  1  5  -0.2 1018 158  2.6 0  3.1  83    0    0 192 -318  0
4218500 2850500  4  1  6   0.1 1017 184  2.7 1  3.2  85    0    0 191 -318  0
4218500 2850500  4  1  7   2.5 1017 188  2.8 2  3.3  80   23   41 206 -317  0
4218500 2850500  4  1  8   4.4 1017 202  3.1 2  3.6  74  114   93 216 -321  0
4218500 2850500  4  1  9   7.5 1016 214  3.7 3  3.8  66  226  135 227 -331  0
4218500 2850500  4  1 10  10.2 1015 198  5.2 5  3.9  55  302  182 250 -344  0
4218500 2850500  4  1 11  11.8 1015 197  6.2 6  3.7  45  312  241 270 -359  0
4218500 2850500  4  1 12  12.5 1014 187  5.8 6  3.5  40  279  288 278 -373  0
4218500 2850500  4  1 13  13.2 1012 192  6.0 6  3.3  36  241  306 281 -383  0
4218500 2850500  4  1 14  14.1 1011 187  6.4 6  3.1  32  241  289 285 -390  0
4218500 2850500  4  1 15  14.6 1009 191  7.7 6  2.7  26  204  257 286 -393  0
4218500 2850500  4  1 16  15.1 1007 194  8.0 6  2.5  24  203  197 287 -392  0
4218500 2850500  4  1 17  14.9 1005 200  7.2 5  2.7  25  149  139 285 -387  0
4218500 2850500  4  1 18  14.0 1004 184  4.6 6  2.8  27   18   82 286 -378  0
4218500 2850500  4  1 19  13.3 1002 174  4.3 7  2.9  29    0   10 292 -368  0
4218500 2850500  4  1 20  12.4 1001 173  5.3 8  3.0  32    0    0 298 -359  0
4218500 2850500  4  1 21  12.0  999 180  5.0 8  3.0  34    0    0 302 -354  0
4218500 2850500  4  1 22  11.8  998 182  5.4 7  3.1  35    0    0 300 -350  0
4218500 2850500  4  1 23  12.3  996 203  6.1 8  3.2  36    0    0 303 -346  0
4218500 2850500  4  1 24  11.7  995 226  6.1 8  3.6  40    0    0 309 -343  0
4218500 2850500  4  2  1  11.0  994 284  6.4 8  4.2  50    0    0 311 -342  0
4218500 2850500  4  2  2   9.9  993 270  3.6 8  4.9  60    0    0 314 -343  0
4218500 2850500  4  2  3   8.5  992 229  4.3 8  5.5  74    0    0 315 -345  0
4218500 2850500  4  2  4   7.8  991 228  4.3 8  6.0  87    0    0 315 -347  0
4218500 2850500  4  2  5   7.6  990 207  4.3 8  6.3  94    0    0 316 -348  0
4218500 2850500  4  2  6   7.1  990 271  4.9 7  6.2  95    0    0 312 -348  0
4218500 2850500  4  2  7   6.3  990 289  7.2 8  5.8  92    0   17 311 -347  0
4218500 2850500  4  2  8   6.1  991 271  6.9 7  5.4  90   43   85 311 -348  0
4218500 2850500  4  2  9   7.0  991 278  5.7 8  5.4  87   60  139 313 -349  0
4218500 2850500  4  2 10   7.6  992 276  6.1 7  5.3  81   20  188 317 -352  0
4218500 2850500  4  2 11   7.4  992 254  7.0 6  5.3  81   31  219 306 -360  0
4218500 2850500  4  2 12   7.4  992 290  7.8 4  5.3  81   68  243 289 -368  0
4218500 2850500  4  2 13   8.2  993 271  5.6 5  4.8  72   37  242 285 -372  0
4218500 2850500  4  2 14  10.1  994 273  5.1 3  4.7  64  246  167 286 -372  0
4218500 2850500  4  2 15   8.0  993 283  8.0 4  4.8  66  261  125 285 -373  0
4218500 2850500  4  2 16   8.9  994 256  6.8 5  4.8  68   95  150 293 -375  0
4218500 2850500  4  2 17   6.5  994 279  6.0 4  4.5  68  174   60 289 -368  0
4218500 2850500  4  2 18   6.5  995 254  3.3 6  4.5  73    4   63 289 -356  0
4218500 2850500  4  2 19   6.0  996 243  4.1 5  4.8  79    0   10 291 -348  0
4218500 2850500  4  2 20   4.9  996 277  2.3 7  4.8  85    0    0 291 -345  0
4218500 2850500  4  2 21   5.0  996 261  3.4 6  5.0  91    0    0 294 -343  0
4218500 2850500  4  2 22   4.6  996 275  4.0 5  5.0  92    0    0 286 -341  0
4218500 2850500  4  2 23   4.5  997 279  3.6 5  4.9  92    0    0 280 -340  0
4218500 2850500  4  2 24   4.9  997 280  4.7 5  4.9  90    0    0 279 -338  0
4218500 2850500  4  3  1   4.8  998 270  4.7 6  4.8  87    0    0 283 -333  0
4218500 2850500  4  3  2   4.3  999 272  4.8 6  4.6  86    0    0 286 -327  0
4218500 2850500  4  3  3   4.1  999 264  4.8 6  4.4  86    0    0 285 -324  0
4218500 2850500  4  3  4   4.0 1000 261  4.4 6  4.4  86    0    0 285 -322  0
4218500 2850500  4  3  5   4.1 1000 269  4.7 6  4.4  85    0    0 285 -322  0
4218500 2850500  4  3  6   3.5 1001 270  5.2 6  4.2  83    0    0 285 -324  0
4218500 2850500  4  3  7   3.8 1001 270  4.5 7  4.1  82    6   28 290 -327  0
4218500 2850500  4  3  8   4.1 1002 274  5.4 8  4.2  82   12   81 301 -330  0
4218500 2850500  4  3  9   4.4 1003 272  4.8 7  4.3  83   15  130 303 -333  0
4218500 2850500  4  3 10   4.8 1004 269  4.5 7  4.4  82    0  133 300 -336  0
4218500 2850500  4  3 11   4.7 1005 270  4.1 7  4.5  84    0  124 300 -339  0
4218500 2850500  4  3 12   4.5 1006 268  3.7 8  4.8  90    0  103 304 -341  0
4218500 2850500  4  3 13   6.3 1007 282  3.8 6  5.2  92   68  221 302 -347  0
4218500 2850500  4  3 14   6.8 1007 277  3.6 6  5.4  88   75  206 297 -356  0
4218500 2850500  4  3 15   6.9 1008 267  2.8 6  5.2  84   12  182 298 -360  0
4218500 2850500  4  3 16   6.5 1008 284  2.9 7  5.1  84    0  133 301 -358  0
4218500 2850500  4  3 17   6.8 1008 257  3.4 6  5.0  82    0   87 300 -357  0
4218500 2850500  4  3 18   7.3 1009 305  3.2 4  4.7  75   53   45 288 -353  0
4218500 2850500  4  3 19   5.4 1010  26  2.5 6  4.5  75    0   14 283 -344  0
4218500 2850500  4  3 20   5.3 1012 310  1.6 6  4.7  84    0    0 288 -333  0
4218500 2850500  4  3 21   5.0 1013 334  4.2 5  4.3  78    0    0 281 -326  0
4218500 2850500  4  3 22   4.2 1014 334  3.6 4  3.7  70    0    0 267 -320  0
4218500 2850500  4  3 23   4.6 1015 330  3.3 5  3.4  66    0    0 265 -316  0
4218500 2850500  4  3 24   3.6 1016 332  3.0 5  3.3  64    0    0 268 -314  0
4218500 2850500  4  4  1   2.2 1017 309  3.4 1  3.1  67    0    0 247 -311  0
4218500 2850500  4  4  2   1.4 1017 315  3.3 0  3.0  70    0    0 222 -309  0
4218500 2850500  4  4  3   0.7 1018 313  3.2 0  2.9  72    0    0 214 -308  0
4218500 2850500  4  4  4   0.1 1018 311  3.3 0  2.9  75    0    0 213 -307  0
4218500 2850500  4  4  5  -0.5 1018 310  3.1 0  2.9  79    0    0 211 -307  0
4218500 2850500  4  4  6  -0.8 1019 304  3.0 1  2.9  82    0    0 215 -306  0
4218500 2850500  4  4  7   0.2 1019 304  2.8 1  3.0  80   48   36 220 -306  0
4218500 2850500  4  4  8   2.3 1020 327  2.9 0  3.1  76  190   60 220 -309  0
4218500 2850500  4  4  9   4.4 1020 317  3.5 0  3.4  70  340   70 221 -314  0
4218500 2850500  4  4 10   5.8 1020 325  3.5 0  3.3  61  454   89 225 -322  0
4218500 2850500  4  4 11   7.6 1020 327  5.0 1  3.1  50  544   93 235 -336  0
4218500 2850500  4  4 12   8.6 1020 287  4.4 1  2.9  44  568  115 246 -350  0
4218500 2850500  4  4 13   9.1 1019 270  4.9 1  2.7  39  549  134 249 -362  0
4218500 2850500  4  4 14   9.9 1019 266  5.2 1  2.5  34  505  140 252 -370  0
4218500 2850500  4  4 15   9.8 1018 265  6.1 2  2.5  34  428  134 260 -373  0
4218500 2850500  4  4 16  10.1 1017 262  6.5 2  2.6  34  286  143 267 -371  0
4218500 2850500  4  4 17   9.8 1016 274  6.2 4  2.7  36  122  133 278 -365  0
4218500 2850500  4  4 18   9.5 1015 255  5.5 6  2.9  39   17   78 298 -356  0
4218500 2850500  4  4 19   9.2 1014 257  5.9 7  3.1  42    1   19 314 -352  0
4218500 2850500  4  4 20   8.9 1013 269  7.3 8  3.2  45    0    0 323 -350  0
4218500 2850500  4  4 21   8.5 1013 276  6.5 8  3.8  54    0    0 331 -349  0
4218500 2850500  4  4 22   7.8 1012 278  7.2 8  4.4  66    0    0 333 -349  0
4218500 2850500  4  4 23   7.6 1011 289  7.0 8  4.9  74    0    0 333 -349  0
4218500 2850500  4  4 24   7.4 1011 292  6.6 8  5.1  78    0    0 334 -349  0
4218500 2850500  4  5  1   7.2 1011 306  7.0 7  5.0  79    0    0 328 -347  0
4218500 2850500  4  5  2   6.9 1011 299  6.6 7  4.9  79    0    0 321 -345  0
4218500 2850500  4  5  3   6.6 1011 306  5.7 7  4.8  78    0    0 318 -343  0
4218500 2850500  4  5  4   5.7 1011 304  5.5 8  4.6  78    0    0 321 -340  0
4218500 2850500  4  5  5   5.1 1011 297  5.9 7  4.5  80    0    0 319 -337  0
4218500 2850500  4  5  6   4.4 1010 300  6.2 8  4.4  82    0    0 316 -333  0
4218500 2850500  4  5  7   4.3 1011 295  5.9 8  4.4  84    0   22 318 -331  0
4218500 2850500  4  5  8   4.6 1010 301  5.8 8  4.5  85    0   75 315 -331  0
4218500 2850500  4  5  9   4.8 1010 303  5.8 8  4.5  84    0   79 311 -334  0
4218500 2850500  4  5 10   5.2 1010 299  5.9 8  4.4  82    2  175 308 -340  0
4218500 2850500  4  5 11   5.6 1010 300  6.8 8  4.5  80   37  244 307 -349  0
4218500 2850500  4  5 12   7.8 1009 308  7.0 7  4.5  73  105  276 304 -356  0
4218500 2850500  4  5 13   8.4 1009 295  8.3 4  4.2  63  254  249 288 -357  0
4218500 2850500  4  5 14   8.6 1008 308 10.4 4  3.8  55  117  260 274 -354  0
4218500 2850500  4  5 15   8.0 1008 316  9.4 8  3.5  51    9  197 287 -350  0
4218500 2850500  4  5 16   8.1 1007 347 10.5 7  2.9  44    9  162 295 -344  0
4218500 2850500  4  5 17   6.6 1008 351  9.6 5  2.3  37  107  122 278 -338  0
4218500 2850500  4  5 18   5.1 1009 349  7.9 4  2.0  35   51   69 258 -333  0
4218500 2850500  4  5 19   3.7 1010   8  7.3 5  2.0  38    1   19 250 -327  0
4218500 2850500  4  5 20   3.3 1012   0  6.3 6  2.1  42    0    0 252 -320  0
4218500 2850500  4  5 21   3.3 1013 357  4.9 5  1.9  40    0    0 247 -314  0
4218500 2850500  4  5 22   2.5 1013 326  3.6 2  1.9  41    0    0 228 -312  0
4218500 2850500  4  5 23   1.6 1014 309  4.0 1  2.1  47    0    0 210 -309  0
4218500 2850500  4  5 24   1.0 1014 307  4.7 0  2.1  51    0    0 198 -308  0
4218500 2850500  4  6  1   0.9 1014 318  4.8 0  2.1  52    0    0 192 -306  0
4218500 2850500  4  6  2   0.3 1014 312  4.9 0  2.2  56    0    0 193 -305  0
4218500 2850500  4  6  3   0.2 1013 320  5.7 0  2.3  61    0    0 195 -305  0
4218500 2850500  4  6  4   0.1 1013 314  5.2 1  2.4  63    0    0 200 -305  0
4218500 2850500  4  6  5   0.0 1013 322  5.3 2  2.5  66    0    0 207 -304  0
4218500 2850500  4  6  6   0.0 1013 325  5.5 2  2.5  67    0    3 211 -303  0
4218500 2850500  4  6  7   0.7 1013 323  5.4 2  2.5  64   75   28 211 -303  0
4218500 2850500  4  6  8   2.1 1013 333  7.0 2  2.4  57  208   47 213 -305  0
4218500 2850500  4  6  9   2.4 1013 356  7.5 3  2.3  52  196   95 220 -310  0
4218500 2850500  4  6 10   3.0 1013 347  8.2 7  2.1  45   98  206 240 -317  0
4218500 2850500  4  6 11   2.9 1013   6  6.3 6  2.0  43  140  233 255 -325  0
4218500 2850500  4  6 12   2.9 1014  25  8.7 5  2.1  45  154  255 249 -333  0
4218500 2850500  4  6 13   3.1 1014   1  7.5 5  2.1  44  115  264 246 -338  0
4218500 2850500  4  6 14   3.8 1014   9  9.1 3  1.9  39  440  119 239 -341  0
4218500 2850500  4  6 15   3.0 1014  12  6.7 5  1.9  39  226  182 239 -338  0
4218500 2850500  4  6 16   3.6 1014   6  7.5 3  1.9  41  363   74 239 -336  0
4218500 2850500  4  6 17   3.0 1015   7  6.3 2  1.9  40  149   97 227 -334  0
4218500 2850500  4  6 18   2.2 1015  13  6.5 5  1.9  43   16   72 232 -327  0
4218500 2850500  4  6 19   0.7 1016  28  4.9 5  2.0  48    4   19 241 -319  0
4218500 2850500  4  6 20   0.0 1017  15  4.0 5  2.2  58    0    0 237 -315  0
4218500 2850500  4  6 21  -1.7 1017  21  6.0 5  2.6  74    0    0 233 -312  0
4218500 2850500  4  6 22  -2.1 1018 346  4.7 5  2.9  90    0    0 231 -307  0
4218500 2850500  4  6 23  -2.3 1018 344  4.1 4  3.0  92    0    0 227 -305  0
4218500 2850500  4  6 24  -2.0 1017 348  4.3 4  2.9  89    0    0 221 -304  0
4218500 2850500  4  7  1  -2.5 1017 345  5.4 5  2.8  87    0    0 225 -302  0
4218500 2850500  4  7  2  -2.4 1017 343  5.1 4  2.7  86    0    0 225 -300  0
4218500 2850500  4  7  3  -2.2 1017 344  5.2 5  2.7  86    0    0 226 -298  0
4218500 2850500  4  7  4  -2.4 1017 343  4.7 7  2.8  87    0    0 238 -297  0
4218500 2850500  4  7  5  -2.3 1017 334  4.8 7  2.8  87    0    0 244 -296  0
4218500 2850500  4  7  6  -2.2 1017 336  4.0 7  2.7  86    0    1 244 -296  0
4218500 2850500  4  7  7  -1.6 1017 337  4.9 6  2.7  82    6   35 240 -297  0
4218500 2850500  4  7  8  -1.0 1017 346  5.3 7  2.7  78   13   95 243 -300  0
4218500 2850500  4  7  9  -0.2 1017 353  5.7 7  2.7  76   33  154 250 -306  0
4218500 2850500  4  7 10   0.5 1017 354  6.0 7  2.8  72  103  206 254 -314  0
4218500 2850500  4  7 11   1.2 1017 353  6.0 7  2.7  68   30  233 258 -322  0
4218500 2850500  4  7 12   1.3 1017 340  6.5 7  2.8  68   23  246 261 -330  0
4218500 2850500  4  7 13   1.4 1017 338  7.0 7  2.9  69    3  213 263 -338  0
4218500 2850500  4  7 14   2.3 1018 354  5.7 6  2.8  65   37  244 261 -341  0
4218500 2850500  4  7 15   1.5 1017 356  5.8 7  2.7  63    0  128 262 -342  0
4218500 2850500  4  7 16   1.5 1018 335  4.9 7  2.7  65    0   79 265 -341  0
4218500 2850500  4  7 17   0.9 1018 354  4.3 8  2.9  70    0   83 267 -337  0
4218500 2850500  4  7 18   0.7 1018 352  5.1 7  2.9  72    6   66 265 -331  0
4218500 2850500  4  7 19   0.0 1019  12  5.4 6  2.7  69    3   19 252 -324  0
4218500 2850500  4  7 20  -0.6 1019 339  5.0 4  2.7  74    0    0 236 -317  0
4218500 2850500  4  7 21  -0.9 1019  10  3.7 4  2.8  78    0    0 225 -311  0
4218500 2850500  4  7 22  -0.6 1020 351  3.4 6  2.8  78    0    0 230 -308  0
4218500 2850500  4  7 23  -0.3 1020   0  3.9 7  2.8  76    0    0 240 -306  0
4218500 2850500  4  7 24  -0.7 1020 358  3.1 7  2.7  75    0    0 244 -306  0
4218500 2850500  4  8  1  -1.2 1020 341  2.9 5  2.7  76    0    0 236 -304  0
4218500 2850500  4  8  2  -2.3 1020 318  2.8 2  2.6  80    0    0 216 -302  0
4218500 2850500  4  8  3  -2.1 1019 318  3.1 2  2.6  82    0    0 206 -300  0
4218500 2850500  4  8  4  -2.9 1019 315  2.5 3  2.6  82    0    0 209 -298  0
4218500 2850500  4  8  5  -1.9 1019 316  2.5 5  2.5  81    0    0 221 -296  0
4218500 2850500  4  8  6  -1.6 1019 314  2.7 8  2.5  76    0    2 243 -295  0
4218500 2850500  4  8  7  -1.1 1019 297  2.8 7  2.4  70    7   40 252 -295  0
4218500 2850500  4  8  8  -0.2 1018 295  4.0 6  2.3  65   59  104 247 -299  0
4218500 2850500  4  8  9   0.6 1018 319  4.3 6  2.3  59  127  142 245 -307  0
4218500 2850500  4  8 10   1.0 1018 319  3.4 7  2.2  56   46  229 256 -316  0
4218500 2850500  4  8 11   2.1 1018 298  4.1 7  2.2  53   41  258 266 -327  0
4218500 2850500  4  8 12   0.1 1017 315  4.4 7  2.3  58    0  174 267 -337  0
4218500 2850500  4  8 13   2.0 1017 299  3.5 7  2.6  64   18  258 270 -347  0
4218500 2850500  4  8 14   2.2 1016 358  5.2 6  2.4  55  103  276 268 -350  0
4218500 2850500  4  8 15   3.8 1016   7  3.3 5  2.0  42  129  240 260 -351  0
4218500 2850500  4  8 16   3.3 1016 344  4.0 6  1.8  38   74  194 260 -350  0
4218500 2850500  4  8 17   2.8 1015 349  4.7 6  1.7  37   47  141 262 -345  0
4218500 2850500  4  8 18   2.4 1015  10  3.3 3  1.8  40   51   78 248 -339  0
4218500 2850500  4  8 19   0.8 1015  17  3.6 3  2.0  47   12   22 233 -332  0
4218500 2850500  4  8 20  -0.4 1015  18  3.4 2  1.9  51    0    0 225 -325  0
4218500 2850500  4  8 21  -0.4 1015   8  3.1 2  1.9  51    0    0 220 -320  0
4218500 2850500  4  8 22  -1.0 1015  20  3.2 1  1.8  52    0    0 215 -317  0
4218500 2850500  4  8 23  -1.9 1015  19  3.1 2  1.9  55    0    0 213 -315  0
4218500 2850500  4  8 24  -2.4 1015  18  3.1 3  1.9  60    0    0 219 -314  0
4218500 2850500  4  9  1  -2.3 1015 315  1.9 5  2.0  64    0    0 230 -312  0
4218500 2850500  4  9  2  -3.1 1014 353  2.5 4  2.1  68    0    0 233 -311  0
4218500 2850500  4  9  3  -2.7 1014 314  2.4 4  2.2  70    0    0 227 -311  0
4218500 2850500  4  9  4  -3.5 1013 325  2.3 5  2.2  72    0    0 230 -311  0
4218500 2850500  4  9  5  -3.9 1012 305  2.6 4  2.2  76    0    0 228 -312  0
4218500 2850500  4  9  6  -4.5 1012 299  2.8 2  2.2  77    0    9 213 -312  0
4218500 2850500  4  9  7  -3.3 1012 294  3.9 2  2.1  75   53   70 205 -312  0
4218500 2850500  4  9  8  -1.8 1011 292  4.5 2  2.2  69  151  124 207 -314  0
4218500 2850500  4  9  9   1.0 1010 291  5.2 4  2.1  57  254  169 223 -319  0
4218500 2850500  4  9 10   2.3 1010 297  6.2 6  2.2  52  282  221 251 -330  0
4218500 2850500  4  9 11   2.3 1008 290  6.1 6  2.3  52   86  305 267 -342  0
4218500 2850500  4  9 12   2.8 1007 289  6.1 7  2.2  49    0  216 274 -353  0
4218500 2850500  4  9 13   1.6 1007 306  6.6 7  2.2  50    0  184 280 -362  0
4218500 2850500  4  9 14  -0.1 1006 314  5.8 8  2.7  67    0  141 286 -367  0
4218500 2850500  4  9 15  -0.4 1006 328  3.9 8  3.3  89    0  126 294 -368  0
4218500 2850500  4  9 16  -0.2 1005 293  4.4 8  3.6  95    0  133 294 -368  0
4218500 2850500  4  9 17  -0.1 1005 298  3.9 7  3.6  95    5  132 289 -364  0
4218500 2850500  4  9 18  -0.2 1005 297  2.5 7  3.5  92    3   73 281 -357  0
4218500 2850500  4  9 19  -0.3 1004 272  3.3 7  3.4  90    0   14 279 -348  0
4218500 2850500  4  9 20  -0.3 1004 248  2.5 7  3.4  90    0    0 278 -341  0
4218500 2850500  4  9 21  -0.4 1004 260  2.8 7  3.3  89    0    0 277 -335  0
4218500 2850500  4  9 22  -0.7 1004 265  2.6 7  3.3  90    0    0 277 -332  0
4218500 2850500  4  9 23  -0.6 1003 239  2.8 7  3.3  90    0    0 278 -329  0
4218500 2850500  4  9 24  -0.7 1003 235  2.2 7  3.3  91    0    0 281 -328  0
4218500 2850500  4 10  1  -0.7 1003 225  2.4 7  3.4  93    0    0 282 -329  0
4218500 2850500  4 10  2  -0.9 1003 226  2.1 6  3.4  94    0    0 277 -329  0
4218500 2850500  4 10  3  -1.3 1002 216  2.4 7  3.4  95    0    0 278 -329  0
4218500 2850500  4 10  4  -1.3 1002 229  2.5 7  3.3  95    0    0 282 -329  0
4218500 2850500  4 10  5  -1.8 1002 209  2.0 6  3.2  95    0    0 276 -329  0
4218500 2850500  4 10  6  -1.8 1001 224  1.9 5  3.2  95    1    6 265 -329  0
4218500 2850500  4 10  7  -1.2 1001 213  2.2 4  3.3  95   57   49 254 -329  0
4218500 2850500  4 10  8  -0.2 1001 199  2.5 2  3.3  91  200   70 239 -331  0
4218500 2850500  4 10  9   0.6 1001 226  2.9 3  3.2  81  229  125 234 -335  0
4218500 2850500  4 10 10   2.3 1001 209  2.7 5  3.0  71  216  202 253 -340  0
4218500 2850500  4 10 11   2.3 1000 203  2.3 4  3.0  65  122  273 261 -347  0
4218500 2850500  4 10 12   2.5 1000 242  1.6 5  2.9  63   72  298 263 -354  0
4218500 2850500  4 10 13   3.4 1000 238  1.9 6  2.9  60   80  302 276 -360  0
4218500 2850500  4 10 14   3.8  999 307  1.6 6  2.7  55   22  260 283 -368  0
4218500 2850500  4 10 15   4.6  999 294  1.8 6  2.7  52   36  241 284 -370  0
4218500 2850500  4 10 16   4.9  999   3  1.2 5  2.7  49   81  205 280 -368  0
4218500 2850500  4 10 17   5.2  999 213  0.8 4  2.6  47  102  142 270 -364  0
4218500 2850500  4 10 18   5.3  999 198  1.4 4  2.5  46   40   84 264 -357  0
4218500 2850500  4 10 19   4.1  999 226  1.1 2  2.5  46   10   24 252 -349  0
4218500 2850500  4 10 20   2.1  999 288  1.3 1  2.5  53    0    0 236 -345  0
4218500 2850500  4 10 21   0.2 1000 321  2.1 1  2.7  64    0    0 226 -343  0
4218500 2850500  4 10 22   0.0 1000 353  1.6 2  2.8  73    0    0 228 -342  0
4218500 2850500  4 10 23  -0.6 1001  70  1.5 3  2.9  76    0    0 239 -342  0
4218500 2850500  4 10 24  -0.6 1001 354  0.3 2  2.9  78    0    0 239 -342  0
4218500 2850500  4 11  1  -0.9 1001 163  1.1 1  2.9  79    0    0 230 -340  0
4218500 2850500  4 11  2  -2.1 1001 281  1.0 1  2.9  84    0    0 223 -338  0
4218500 2850500  4 11  3  -2.3 1001 316  1.2 1  2.9  90    0    0 220 -335  0
4218500 2850500  4 11  4  -2.4 1002 253  1.3 1  2.9  90    0    0 220 -332  0
4218500 2850500  4 11  5  -2.5 1002 247  2.1 0  2.8  88    0    0 214 -329  0
4218500 2850500  4 11  6  -2.8 1002 252  2.1 0  2.8  90    1    9 210 -326  0
4218500 2850500  4 11  7  -1.0 1003 274  1.8 1  3.1  92   54   60 217 -327  0
4218500 2850500  4 11  8   2.8 1003 245  2.2 1  3.2  77  192  100 227 -332  0
4218500 2850500  4 11  9   4.9 1004 238  3.2 1  3.0  59  341  121 233 -341  0
4218500 2850500  4 11 10   6.4 1004 248  4.1 1  3.0  52  448  144 236 -352  0
4218500 2850500  4 11 11   6.5 1004 265  4.5 2  3.1  52  462  185 244 -363  0
4218500 2850500  4 11 12   8.0 1004 235  5.1 3  3.2  51  228  314 257 -375  0
4218500 2850500  4 11 13   7.4 1005 258  4.4 6  3.2  49    2  230 276 -386  0
4218500 2850500  4 11 14   8.2 1005 197  5.4 7  3.1  46    2  214 290 -393  0
4218500 2850500  4 11 15   8.8 1006 222  4.7 6  3.0  42   18  239 290 -392  0
4218500 2850500  4 11 16   8.5 1007 238  5.1 6  2.8  40   39  212 283 -387  0
4218500 2850500  4 11 17   8.6 1007 262  4.9 6  2.8  41   25  151 281 -381  0
4218500 2850500  4 11 18   7.9 1007 243  3.5 3  2.9  42   64   92 267 -372  0
4218500 2850500  4 11 19   6.8 1007 234  2.4 4  2.8  43    9   27 254 -359  0
4218500 2850500  4 11 20   4.7 1007 215  2.6 4  2.7  48    0    0 251 -349  0
4218500 2850500  4 11 21   4.3 1008 230  2.6 3  2.8  54    0    0 241 -343  0
4218500 2850500  4 11 22   3.5 1009 251  2.3 1  2.9  58    0    0 221 -339  0
4218500 2850500  4 11 23   1.5 1009 234  2.0 1  2.9  64    0    0 200 -336  0
4218500 2850500  4 11 24   1.7 1009 233  1.7 3  3.0  70    0    0 208 -335  0
4218500 2850500  4 12  1   0.9 1010 230  2.0 3  3.1  74    0    0 217 -335  0
4218500 2850500  4 12  2  -0.4 1010 248  1.8 1  3.0  78    0    0 208 -335  0
4218500 2850500  4 12  3  -0.5 1010 182  2.1 1  3.0  83    0    0 199 -337  0
4218500 2850500  4 12  4  -0.8 1011 180  2.6 0  3.1  85    0    0 206 -338  0
4218500 2850500  4 12  5  -1.8 1011 167  2.5 0  3.0  87    0    0 207 -338  0
4218500 2850500  4 12  6  -1.9 1011 165  2.1 0  3.0  90    0    9 201 -339  0
4218500 2850500  4 12  7   0.1 1012 179  2.6 0  3.1  86   43   58 183 -340  0
4218500 2850500  4 12  8   2.3 1012 181  1.8 0  3.2  78  157  105 175 -343  0
4218500 2850500  4 12  9   5.6 1012 168  2.0 0  3.4  67  294  132 190 -348  0
4218500 2850500  4 12 10   8.3 1013 152  2.5 0  3.4  54  417  150 206 -355  0
4218500 2850500  4 12 11  10.2 1013 163  3.1 0  3.2  44  493  169 218 -362  0
4218500 2850500  4 12 12  10.6 1014 163  3.6 1  2.9  38  521  190 232 -372  0
4218500 2850500  4 12 13  11.9 1013 162  2.7 1  3.0  36  531  195 249 -387  0
4218500 2850500  4 12 14  12.3 1013 124  3.1 1  3.0  34  484  199 257 -401  0
4218500 2850500  4 12 15  12.5 1013 178  2.8 1  3.0  33  394  197 263 -408  0
4218500 2850500  4 12 16  12.3 1013 161  1.7 2  2.9  33  281  181 270 -407  0
4218500 2850500  4 12 17  12.4 1013 134  1.7 2  2.9  32  162  148 276 -401  0
4218500 2850500  4 12 18  11.9 1013 141  1.7 3  2.9  33   58   93 280 -391  0
4218500 2850500  4 12 19  10.1 1014 105  2.2 4  2.9  36    3   26 286 -382  0
4218500 2850500  4 12 20   8.6 1014  91  2.9 4  2.9  40    0    0 286 -376  0
4218500 2850500  4 12 21   7.0 1015 264  1.9 3  2.9  45    0    0 278 -373  0
4218500 2850500  4 12 22   6.3 1015  61  2.6 1  3.0  49    0    0 262 -369  0
4218500 2850500  4 12 23   5.3 1016  76  2.5 1  3.0  53    0    0 250 -360  0
4218500 2850500  4 12 24   4.6 1016  81  2.8 2  3.0  56    0    0 251 -352  0
4218500 2850500  4 13  1   3.9 1017  77  2.7 1  3.0  59    0    0 248 -349  0
4218500 2850500  4 13  2   3.1 1017  87  2.7 1  3.0  62    0    0 243 -346  0
4218500 2850500  4 13  3   2.1 1018  91  2.3 0  3.0  65    0    0 237 -344  0
4218500 2850500  4 13  4   1.9 1018  83  2.1 0  3.0  69    0    0 232 -343  0
4218500 2850500  4 13  5   1.2 1018  82  2.5 0  3.1  73    0    0 231 -342  0
4218500 2850500  4 13  6   1.1 1019  83  2.2 0  3.2  77    0   10 230 -341  0
4218500 2850500  4 13  7   2.9 1020  91  2.1 0  3.4  78   44   62 232 -340  0
4218500 2850500  4 13  8   6.8 1020 105  1.6 0  3.7  70  160  112 237 -341  0
4218500 2850500  4 13  9  10.1 1021 111  1.8 0  3.9  58  293  142 246 -342  0
4218500 2850500  4 13 10  12.2 1021 123  2.7 0  4.0  50  408  164 252 -346  0
4218500 2850500  4 13 11  13.2 1022  95  3.1 0  3.9  43  489  182 258 -353  0
4218500 2850500  4 13 12  13.4 1022 125  2.7 0  3.7  39  535  195 262 -360  0
4218500 2850500  4 13 13  14.3 1022  79  2.6 0  3.6  37  542  200 266 -366  0
4218500 2850500  4 13 14  15.5 1021  99  2.5 0  3.7  35  508  196 269 -370  0
4218500 2850500  4 13 15  15.5 1021  91  3.0 0  3.7  34  414  196 270 -371  0
4218500 2850500  4 13 16  15.5 1021  91  3.1 0  3.7  34  306  178 268 -373  0
4218500 2850500  4 13 17  15.4 1021  73  4.0 0  3.7  34  186  144 265 -374  0
4218500 2850500  4 13 18  14.0 1021  51  3.7 0  3.7  36   81   91 261 -370  0
4218500 2850500  4 13 19  12.4 1021  83  3.2 0  3.6  38   10   29 256 -361  0
4218500 2850500  4 13 20  10.7 1020 146  3.0 0  3.5  41    0    0 249 -350  0
4218500 2850500  4 13 21  10.2 1020  93  3.4 0  3.4  44    0    0 244 -340  0
4218500 2850500  4 13 22  10.0 1021 106  3.7 0  3.4  45    0    0 240 -333  0
4218500 2850500  4 13 23   8.8 1021 102  3.8 0  3.3  46    0    0 236 -330  0
4218500 2850500  4 13 24   7.9 1021 110  3.2 0  3.3  49    0    0 230 -329  0
4218500 2850500  4 14  1   6.8 1021 115  4.0 0  3.3  53    0    0 224 -324  0
4218500 2850500  4 14  2   6.1 1021 103  3.5 1  3.4  57    0    0 224 -324  0
4218500 2850500  4 14  3   6.6 1021 102  3.6 0  3.4  57    0    0 222 -326  0
4218500 2850500  4 14  4   5.5 1021 100  3.6 0  3.4  60    0    0 212 -325  0
4218500 2850500  4 14  5   4.8 1021  81  3.4 0  3.5  65    0    0 207 -323  0
4218500 2850500  4 14  6   4.9 1022  90  4.2 0  3.5  66    1   11 204 -321  0
4218500 2850500  4 14  7   6.4 1022  93  3.6 0  3.7  65   59   61 205 -322  0
4218500 2850500  4 14  8   8.8 1022  99  3.4 0  3.9  60  196   98 209 -330  0
4218500 2850500  4 14  9  12.0 1023 106  4.4 0  4.1  53  334  121 215 -342  0
4218500 2850500  4 14 10  12.8 1023 124  6.3 0  4.0  45  456  138 222 -355  0
4218500 2850500  4 14 11  14.2 1023 111  6.9 0  3.9  41  536  154 231 -367  0
4218500 2850500  4 14 12  16.0 1023  88  7.7 0  4.1  39  585  162 242 -376  0
4218500 2850500  4 14 13  16.3 1023 108  6.1 0  4.1  36  595  164 250 -384  0
4218500 2850500  4 14 14  17.5 1022 112  5.9 0  3.9  33  548  166 258 -389  0
4218500 2850500  4 14 15  18.0 1022 101  5.5 0  3.9  32  461  163 266 -389  0
4218500 2850500  4 14 16  17.9 1021  99  5.5 0  3.8  30  355  147 271 -387  0
4218500 2850500  4 14 17  17.7 1021  96  5.4 0  3.7  29  220  127 272 -380  0
4218500 2850500  4 14 18  16.6 1021  93  5.7 0  3.7  30   98   88 273 -370  0
4218500 2850500  4 14 19  14.9 1021  88  5.6 1  3.6  33   12   31 274 -360  0
4218500 2850500  4 14 20  13.4 1021  85  4.9 2  3.5  36    0    0 274 -351  0
4218500 2850500  4 14 21  12.7 1022  94  5.0 1  3.5  38    0    0 270 -345  0
4218500 2850500  4 14 22  11.7 1022  91  5.0 1  3.5  40    0    0 265 -342  0
4218500 2850500  4 14 23  10.7 1022  96  4.9 1  3.6  44    0    0 261 -340  0
4218500 2850500  4 14 24  10.5 1022  92  3.2 2  3.7  47    0    0 262 -339  0
4218500 2850500  4 15  1  10.2 1022  84  3.9 2  3.8  49    0    0 263 -338  0
4218500 2850500  4 15  2   8.5 1022  93  4.2 2  3.9  54    0    0 260 -336  0
4218500 2850500  4 15  3   7.7 1022  88  4.3 1  3.9  59    0    0 254 -335  0
4218500 2850500  4 15  4   7.4 1023  86  4.4 1  3.9  60    0    0 248 -335  0
4218500 2850500  4 15  5   7.3 1023  88  3.6 1  3.9  62    0    0 247 -335  0
4218500 2850500  4 15  6   6.3 1023  86  3.8 1  4.0  65    2   12 245 -334  0
4218500 2850500  4 15  7   7.6 1023  97  3.5 1  4.1  67   67   63 244 -336  0
4218500 2850500  4 15  8  10.1 1024  89  3.2 1  4.4  63  210   95 248 -343  0
4218500 2850500  4 15  9  13.0 1024  83  3.8 1  4.6  56  355  112 257 -354  0
4218500 2850500  4 15 10  15.2 1025  96  4.6 1  4.8  48  469  129 264 -367  0
4218500 2850500  4 15 11  17.6 1025 119  6.6 2  4.8  42  548  144 274 -383  0
4218500 2850500  4 15 12  18.3 1025 114  5.3 3  4.8  38  588  155 286 -397  0
4218500 2850500  4 15 13  19.1 1024 115  5.3 3  4.7  35  566  173 292 -409  0
4218500 2850500  4 15 14  19.9 1024 110  5.2 3  4.5  32  531  173 296 -417  0
4218500 2850500  4 15 15  20.5 1024  98  5.7 2  4.6  31  459  163 297 -420  0
4218500 2850500  4 15 16  19.9 1023  88  5.2 2  4.4  30  345  152 295 -417  0
4218500 2850500  4 15 17  19.5 1023  82  5.2 2  4.1  29  223  126 292 -411  0
4218500 2850500  4 15 18  18.6 1023  86  4.8 2  4.1  30   88   90 290 -400  0
4218500 2850500  4 15 19  16.9 1023  76  4.7 4  4.0  32   10   29 292 -386  0
4218500 2850500  4 15 20  15.5 1023  87  4.5 5  3.9  35    0    0 297 -373  0
4218500 2850500  4 15 21  14.3 1024  86  3.8 4  3.9  37    0    0 293 -364  0
4218500 2850500  4 15 22  13.1 1024  94  4.2 3  4.0  41    0    0 284 -359  0
4218500 2850500  4 15 23  12.9 1024  98  4.6 3  4.0  43    0    0 278 -355  0
4218500 2850500  4 15 24  11.4 1024  92  4.2 2  3.9  45    0    0 270 -351  0
4218500 2850500  4 16  1  10.4 1024  88  3.7 3  3.8  47    0    0 265 -348  0
4218500 2850500  4 16  2  10.1 1024  82  3.4 3  3.7  49    0    0 265 -344  0
4218500 2850500  4 16  3   9.1 1024  89  3.4 3  3.7  50    0    0 262 -341  0
4218500 2850500  4 16  4   8.7 1024  79  3.5 4  3.7  53    0    0 263 -339  0
4218500 2850500  4 16  5   7.8 1024  74  3.0 4  3.7  55    0    0 265 -337  0
4218500 2850500  4 16  6   7.1 1024  81  3.4 4  3.7  58    3   13 265 -336  0
4218500 2850500  4 16  7   9.2 1025  75  4.1 4  3.8  57   68   63 267 -337  0
4218500 2850500  4 16  8  11.1 1025  89  4.2 2  4.1  53  214   94 264 -343  0
4218500 2850500  4 16  9  14.0 1025  90  5.0 1  4.4  49  361  115 260 -354  0
4218500 2850500  4 16 10  16.0 1027  98  5.4 2  4.6  44  482  127 268 -369  0
4218500 2850500  4 16 11  16.8 1026 108  5.7 1  4.3  38  563  139 273 -386  0
4218500 2850500  4 16 12  17.6 1026 112  5.6 1  4.0  33  607  148 271 -401  0
4218500 2850500  4 16 13  18.3 1026  97  5.0 1  4.1  32  608  153 276 -413  0
4218500 2850500  4 16 14  19.1 1026 101  5.4 1  4.0  31  570  152 279 -421  0
4218500 2850500  4 16 15  19.6 1026  87  5.1 1  4.2  30  480  152 281 -425  0
4218500 2850500  4 16 16  19.3 1026  84  6.2 1  4.3  31  366  142 282 -423  0
4218500 2850500  4 16 17  18.6 1025  75  6.7 0  3.7  28  235  121 274 -417  0
4218500 2850500  4 16 18  17.9 1025  90  5.1 1  3.6  28  104   88 271 -406  0
4218500 2850500  4 16 19  16.1 1025  80  4.8 1  3.8  32   15   31 272 -394  0
4218500 2850500  4 16 20  14.5 1025  82  3.7 0  3.7  35    0    0 263 -381  0
4218500 2850500  4 16 21  13.4 1026  84  3.7 0  3.7  38    0    0 255 -372  0
4218500 2850500  4 16 22  12.0 1025  89  3.6 0  3.7  41    0    0 253 -366  0
4218500 2850500  4 16 23  11.3 1026  97  3.3 0  3.7  44    0    0 250 -363  0
4218500 2850500  4 16 24  11.0 1026  98  3.6 0  3.7  45    0    0 250 -359  0
4218500 2850500  4 17  1   9.2 1026  73  2.8 0  3.7  48    0    0 248 -356  0
4218500 2850500  4 17  2   8.0 1026  77  2.7 0  3.7  54    0    0 244 -353  0
4218500 2850500  4 17  3   7.7 1027  66  2.7 0  3.7  57    0    0 243 -350  0
4218500 2850500  4 17  4   7.3 1027  66  2.5 0  3.7  59    0    0 242 -347  0
4218500 2850500  4 17  5   6.3 1027  63  2.3 0  3.7  61    0    0 241 -344  0
4218500 2850500  4 17  6   6.3 1027  73  2.4 1  3.8  65    3   14 245 -342  0
4218500 2850500  4 17  7   9.4 1027  72  1.9 1  4.1  62   63   63 253 -343  0
4218500 2850500  4 17  8  11.5 1027  61  1.8 0  4.3  55  197   95 255 -349  0
4218500 2850500  4 17  9  14.2 1027  57  1.9 0  4.3  47  330  117 257 -360  0
4218500 2850500  4 17 10  16.4 1028  58  3.2 0  4.5  42  445  130 267 -376  0
4218500 2850500  4 17 11  17.2 1028  54  3.2 0  4.6  39  518  148 274 -392  0
4218500 2850500  4 17 12  17.7 1028  36  3.2 0  4.6  38  562  159 278 -407  0
4218500 2850500  4 17 13  18.8 1028  66  3.9 1  4.7  36  549  180 286 -418  0
4218500 2850500  4 17 14  19.1 1027  52  2.8 2  4.6  34  500  188 296 -425  0
4218500 2850500  4 17 15  19.6 1027  25  3.3 1  4.7  34  409  189 298 -427  0
4218500 2850500  4 17 16  19.7 1026   2  4.0 1  4.8  34  305  172 295 -424  0
4218500 2850500  4 17 17  19.2 1025   4  5.4 1  4.4  32  200  134 293 -418  0
4218500 2850500  4 17 18  17.7 1025  28  6.6 1  3.6  28   97   88 286 -407  0
4218500 2850500  4 17 19  15.8 1025  27  6.1 1  3.3  28   15   33 279 -394  0
4218500 2850500  4 17 20  13.9 1026  18  5.2 1  3.6  35    0    0 272 -381  0
4218500 2850500  4 17 21  12.4 1025  19  5.6 0  3.8  41    0    0 263 -372  0
4218500 2850500  4 17 22  10.8 1025  22  5.9 0  4.0  48    0    0 256 -365  0
4218500 2850500  4 17 23   9.5 1026  20  5.4 0  4.3  56    0    0 252 -359  0
4218500 2850500  4 17 24   8.3 1026  38  5.2 0  4.4  62    0    0 249 -355  0
4218500 2850500  4 18  1   7.4 1026  39  6.0 0  4.3  65    0    0 246 -354  0
4218500 2850500  4 18  2   6.6 1026  40  5.0 0  4.1  67    0    0 243 -352  0
4218500 2850500  4 18  3   5.6 1026  19  4.7 0  4.0  70    0    0 241 -351  0
4218500 2850500  4 18  4   5.0 1025   5  4.5 0  3.9  71    0    0 237 -351  0
4218500 2850500  4 18  5   3.9 1025  14  7.0 3  3.8  75    0    0 245 -350  0
4218500 2850500  4 18  6   4.4 1025  25  5.5 6  3.9  78    0    6 266 -348  0
4218500 2850500  4 18  7   5.5 1025  16  6.1 6  4.0  74   11   55 281 -348  0
4218500 2850500  4 18  8   5.8 1024  19  7.7 6  4.0  72   14  126 283 -353  0
4218500 2850500  4 18  9   6.0 1024  19  7.1 7  4.2  74    0  137 290 -361  0
4218500 2850500  4 18 10   6.3 1024  20  6.8 7  4.4  76    0  138 294 -373  0
4218500 2850500  4 18 11   6.4 1024  28  6.2 7  4.5  77    0  111 294 -385  0
4218500 2850500  4 18 12   7.9 1024  19  5.8 7  4.6  74    0  137 294 -395  0
4218500 2850500  4 18 13   8.1 1023  21  6.3 7  4.5  68    0  143 296 -399  0
4218500 2850500  4 18 14   8.0 1023  14  6.4 7  4.3  65    0  112 296 -403  0
4218500 2850500  4 18 15   7.1 1023  11  6.9 6  4.2  66    5  206 290 -404  0
4218500 2850500  4 18 16   6.7 1022  24  6.5 5  4.3  70   31  213 280 -400  0
4218500 2850500  4 18 17   6.6 1022  21  5.6 4  4.3  72   41  170 271 -395  0
4218500 2850500  4 18 18   6.7 1022  16  6.4 6  4.5  74   23  103 273 -387  0
4218500 2850500  4 18 19   6.4 1021  20  6.1 7  4.6  77    0   29 284 -377  0
4218500 2850500  4 18 20   6.0 1021  23  6.1 7  4.7  80    0    0 287 -368  0
4218500 2850500  4 18 21   5.7 1021  20  6.1 7  4.7  82    0    0 287 -362  0
4218500 2850500  4 18 22   5.5 1021  31  6.1 8  4.7  83    0    0 291 -358  0
4218500 2850500  4 18 23   5.2 1021  28  5.6 8  4.6  83    0    0 294 -355  0
4218500 2850500  4 18 24   4.8 1020  28  5.5 7  4.6  85    0    0 288 -352  0
4218500 2850500  4 19  1   4.4 1020  28  5.6 8  4.8  91    0    0 287 -349  0
4218500 2850500  4 19  2   4.4 1019  28  5.9 8  4.9  96    0    0 291 -346  0
4218500 2850500  4 19  3   4.6 1019  27  5.5 8  4.9  95    0    0 291 -342  0
4218500 2850500  4 19  4   4.8 1018  29  5.5 8  4.9  93    0    0 292 -339  0
4218500 2850500  4 19  5   4.8 1017  27  5.5 8  4.9  93    0    0 294 -336  0
4218500 2850500  4 19  6   4.8 1017  28  5.1 7  5.0  93    0    3 291 -334  0
4218500 2850500  4 19  7   5.8 1017  41  5.1 7  5.0  91   12   65 289 -334  0
4218500 2850500  4 19  8   7.1 1017  48  5.4 6  5.1  85   35  154 288 -340  0
4218500 2850500  4 19  9   9.8 1016  60  5.6 6  5.1  75  109  240 290 -351  0
4218500 2850500  4 19 10  11.2 1016  61  6.5 2  5.1  65  295  259 280 -366  0
4218500 2850500  4 19 11  13.1 1017  77  8.5 3  4.7  54  234  347 273 -380  0
4218500 2850500  4 19 12  13.1 1016  71  8.5 4  4.4  47  268  374 285 -393  0
4218500 2850500  4 19 13  14.1 1016  76  8.4 6  4.4  45  184  397 300 -398  0
4218500 2850500  4 19 14  13.9 1015  83  8.7 7  4.2  43  124  379 314 -402  0
4218500 2850500  4 19 15  13.8 1015  98  7.5 8  4.0  41   44  298 321 -403  0
4218500 2850500  4 19 16  13.6 1015  79  7.6 8  3.9  40    8  195 325 -400  0
4218500 2850500  4 19 17  12.8 1014  89  8.5 8  3.8  40    0  102 325 -398  0
4218500 2850500  4 19 18  11.1 1014 105  8.2 8  4.0  46    0   36 326 -391  0
4218500 2850500  4 19 19  10.8 1015 100  8.1 8  4.2  52    0   13 325 -380  0
4218500 2850500  4 19 20  10.9 1014  89  7.4 7  4.1  51    0    0 321 -369  0
4218500 2850500  4 19 21  10.3 1014  88  7.0 5  3.9  49    0    0 307 -360  0
4218500 2850500  4 19 22  10.1 1014  87  6.3 3  3.7  48    0    0 288 -355  0
4218500 2850500  4 19 23  10.1 1013  86  6.3 4  3.6  46    0    0 282 -350  0
4218500 2850500  4 19 24  10.4 1013  88  5.3 5  3.5  45    0    0 289 -346  0
4218500 2850500  4 20  1  10.0 1012  88  6.6 6  3.4  44    0    0 295 -342  0
4218500 2850500  4 20  2   9.9 1012  94  6.8 6  3.3  44    0    0 298 -339  0
4218500 2850500  4 20  3   8.9 1011  94  6.7 5  3.3  45    0    0 292 -337  0
4218500 2850500  4 20  4   8.4 1010  95  6.0 2  3.3  47    0    0 274 -336  0
4218500 2850500  4 20  5   8.1 1010  97  5.4 1  3.2  48    0    0 257 -335  0
4218500 2850500  4 20  6   8.0 1010 104  5.8 1  3.2  48    0    8 253 -333  0
4218500 2850500  4 20  7   8.9 1010 106  5.1 1  3.4  49   49   74 253 -334  0
4218500 2850500  4 20  8  10.5 1011 110  5.3 1  3.6  48  195  123 257 -341  0
4218500 2850500  4 20  9  13.3 1012 102  6.6 2  4.0  46  325  152 267 -351  0
4218500 2850500  4 20 10  15.2 1012 117  7.9 2  4.2  42  450  171 279 -365  0
4218500 2850500  4 20 11  16.9 1012 127  6.5 2  4.5  39  534  187 285 -379  0
4218500 2850500  4 20 12  18.2 1012 115  6.3 1  4.6  37  582  196 287 -391  0
4218500 2850500  4 20 13  19.1 1011 111  7.3 0  4.7  35  587  198 285 -402  0
4218500 2850500  4 20 14  20.1 1011 121  7.2 0  4.8  34  549  194 287 -411  0
4218500 2850500  4 20 15  20.7 1011 103  6.9 0  4.7  32  457  192 290 -414  0
4218500 2850500  4 20 16  20.2 1010 110  6.1 0  4.6  30  346  176 291 -412  0
4218500 2850500  4 20 17  19.9 1010 117  6.1 0  4.5  31  219  148 289 -407  0
4218500 2850500  4 20 18  19.3 1010 114  6.5 0  4.5  32  100  103 287 -400  0
4218500 2850500  4 20 19  17.9 1010 102  4.3 1  4.4  33   17   39 284 -390  0
4218500 2850500  4 20 20  16.4 1011  97  4.5 1  4.2  35    0    0 281 -378  0
4218500 2850500  4 20 21  14.9 1011  91  5.2 0  4.1  37    0    0 271 -370  0
4218500 2850500  4 20 22  14.4 1012  96  5.0 0  3.9  38    0    0 265 -365  0
4218500 2850500  4 20 23  13.3 1012  97  4.4 0  3.7  38    0    0 261 -359  0
4218500 2850500  4 20 24  12.1 1012  94  4.4 0  3.5  39    0    0 256 -354  0
4218500 2850500  4 21  1  10.9 1012  79  4.6 0  3.5  42    0    0 252 -350  0
4218500 2850500  4 21  2   9.9 1012  78  4.3 0  3.5  44    0    0 247 -347  0
4218500 2850500  4 21  3   9.3 1012  86  4.2 0  3.3  45    0    0 244 -344  0
4218500 2850500  4 21  4   8.9 1011  78  4.5 1  3.2  45    0    0 245 -343  0
4218500 2850500  4 21  5   8.0 1011  78  4.3 0  3.2  47    0    0 241 -342  0
4218500 2850500  4 21  6   8.1 1011  86  4.9 1  3.3  49    5   19 239 -342  0
4218500 2850500  4 21  7   9.1 1011  88  5.0 1  3.4  48   17   69 242 -344  0
4218500 2850500  4 21  8  11.1 1013  89  5.0 0  3.6  46  139  124 239 -351  0
4218500 2850500  4 21  9  13.6 1013  76  4.6 0  3.9  44  334  152 240 -362  0
4218500 2850500  4 21 10  16.1 1013  89  5.6 0  4.4  42  449  172 249 -376  0
4218500 2850500  4 21 11  18.0 1013  92  6.1 0  4.7  39  534  188 258 -392  0
4218500 2850500  4 21 12  19.6 1012  94  7.3 0  4.9  36  581  197 266 -406  0
4218500 2850500  4 21 13  21.2 1012 106  6.6 0  4.9  32  585  200 273 -417  0
4218500 2850500  4 21 14  21.0 1012 101  5.6 0  4.7  30  553  193 276 -423  0
4218500 2850500  4 21 15  20.9 1011  88  5.2 0  4.3  28  465  189 275 -424  0
4218500 2850500  4 21 16  20.9 1011 106  5.2 0  4.1  27  349  176 274 -421  0
4218500 2850500  4 21 17  20.2 1011  89  6.5 0  4.0  27  224  148 274 -415  0
4218500 2850500  4 21 18  19.4 1011 103  5.1 0  3.9  27  102  104 271 -408  0
4218500 2850500  4 21 19  17.4 1010  88  4.7 0  3.9  30   18   40 266 -395  0
4218500 2850500  4 21 20  15.0 1010  85  4.3 0  3.9  34    0    0 258 -382  0
4218500 2850500  4 21 21  14.9 1011  86  3.8 0  3.8  36    0    0 254 -373  0
4218500 2850500  4 21 22  13.6 1011  92  4.0 0  3.6  36    0    0 252 -368  0
4218500 2850500  4 21 23  12.5 1011  86  3.7 0  3.4  36    0    0 248 -363  0
4218500 2850500  4 21 24  11.1 1012  78  3.5 0  3.2  38    0    0 244 -359  0
4218500 2850500  4 22  1  10.8 1012  84  3.5 0  3.2  39    0    0 242 -354  0
4218500 2850500  4 22  2  10.1 1012  80  3.4 0  3.2  41    0    0 241 -350  0
4218500 2850500  4 22  3   8.5 1011  78  3.3 0  3.3  45    0    0 239 -346  0
4218500 2850500  4 22  4   8.3 1010  84  3.1 0  3.4  49    0    0 237 -341  0
4218500 2850500  4 22  5   7.5 1010  81  3.2 0  3.4  51    0    0 236 -337  0
4218500 2850500  4 22  6   7.4 1010  77  3.3 0  3.5  54    7   22 235 -335  0
4218500 2850500  4 22  7   9.7 1010  79  3.0 0  3.7  53   77   77 236 -337  0
4218500 2850500  4 22  8  12.2 1011  92  2.7 0  3.9  48  232  105 241 -345  0
4218500 2850500  4 22  9  14.7 1011  88  1.9 0  4.1  43  372  125 249 -362  0
4218500 2850500  4 22 10  17.4 1011  63  3.0 0  4.3  38  482  142 258 -382  0
4218500 2850500  4 22 11  19.0 1011  65  3.5 0  4.2  32  565  155 267 -401  0
4218500 2850500  4 22 12  20.3 1011  98  2.8 0  4.0  28  614  162 273 -418  0
4218500 2850500  4 22 13  20.3 1010  75  2.2 0  3.7  25  603  175 276 -430  0
4218500 2850500  4 22 14  20.3 1010   7  2.3 0  3.4  23  562  175 277 -437  0
4218500 2850500  4 22 15  21.1 1009  93  2.6 0  3.4  22  480  169 279 -439  0
4218500 2850500  4 22 16  20.7 1009  31  3.1 0  3.4  22  363  160 279 -438  0
4218500 2850500  4 22 17  20.5 1008  48  3.8 1  3.4  22  234  136 280 -432  0
4218500 2850500  4 22 18  19.5 1008  35  5.0 1  3.4  24  112   98 282 -419  0
4218500 2850500  4 22 19  17.5 1008  22  5.6 1  3.5  26   20   41 277 -403  0
4218500 2850500  4 22 20  15.7 1008  16  4.4 1  3.3  28    0    0 269 -387  0
4218500 2850500  4 22 21  14.5 1009  15  5.0 1  3.2  30    0    0 262 -376  0
4218500 2850500  4 22 22  12.0 1009  24  4.3 0  3.5  36    0    0 252 -368  0
4218500 2850500  4 22 23  10.9 1009  15  4.1 1  3.7  44    0    0 248 -361  0
4218500 2850500  4 22 24   9.8 1009  19  3.9 3  3.6  46    0    0 257 -355  0
4218500 2850500  4 23  1   8.6 1009  14  3.6 2  3.5  48    0    0 257 -350  0
4218500 2850500  4 23  2   8.1 1008  11  3.1 0  3.5  51    0    0 244 -346  0
4218500 2850500  4 23  3   7.3 1008  25  3.6 0  3.5  53    0    0 234 -343  0
4218500 2850500  4 23  4   7.1 1008  26  4.0 1  3.5  55    0    0 235 -341  0
4218500 2850500  4 23  5   6.9 1008  14  3.9 2  3.6  58    0    0 243 -339  0
4218500 2850500  4 23  6   7.3 1008  13  3.1 2  3.7  60   11   25 247 -339  0
4218500 2850500  4 23  7   8.3 1008  27  3.3 1  3.9  60   75   83 244 -343  0
4218500 2850500  4 23  8  10.5 1009  23  3.4 2  4.2  57  203  126 248 -353  0
4218500 2850500  4 23  9  13.5 1010  19  3.2 1  4.7  54  353  147 257 -369  0
4218500 2850500  4 23 10  14.8 1010  17  2.5 1  5.1  51  458  172 261 -388  0
4218500 2850500  4 23 11  16.3 1010 349  3.5 1  5.2  48  533  191 269 -407  0
4218500 2850500  4 23 12  17.2 1010  11  4.2 2  5.2  44  463  266 280 -422  0
4218500 2850500  4 23 13  18.4 1009  35  4.9 2  5.0  39  410  300 291 -433  0
4218500 2850500  4 23 14  18.7 1009  37  5.0 2  4.7  36  436  267 295 -434  0
4218500 2850500  4 23 15  18.9 1009  24  5.2 1  4.4  33  442  206 293 -431  0
4218500 2850500  4 23 16  18.8 1008 356  4.9 2  4.2  31  274  223 294 -424  0
4218500 2850500  4 23 17  18.5 1008  19  6.0 1  4.2  31  192  168 293 -417  0
4218500 2850500  4 23 18  17.1 1008  21  5.1 1  4.0  32  107  106 287 -411  0
4218500 2850500  4 23 19  15.6 1009  10  5.4 1  4.1  35   20   44 281 -399  0
4218500 2850500  4 23 20  14.1 1009  22  4.1 1  4.3  41    0    0 277 -386  0
4218500 2850500  4 23 21  12.7 1010  19  4.1 0  4.5  47    0    0 269 -377  0
4218500 2850500  4 23 22  11.3 1011  23  3.7 1  4.5  52    0    0 264 -369  0
4218500 2850500  4 23 23   9.9 1011  33  3.2 1  4.7  59    0    0 264 -361  0
4218500 2850500  4 23 24   9.1 1011  28  2.5 0  4.9  66    0    0 256 -353  0
4218500 2850500  4 24  1   8.7 1011  18  2.6 1  5.1  72    0    0 255 -346  0
4218500 2850500  4 24  2   8.1 1011  21  2.4 1  5.2  75    0    0 259 -342  0
4218500 2850500  4 24  3   7.3 1011   6  2.0 1  5.1  78    0    0 258 -339  0
4218500 2850500  4 24  4   6.7 1011  16  2.1 1  5.2  83    0    0 257 -338  0
4218500 2850500  4 24  5   6.0 1012   7  1.9 2  5.2  87    0    0 260 -337  0
4218500 2850500  4 24  6   6.0 1012   9  1.8 1  5.2  89   12   23 259 -337  0
4218500 2850500  4 24  7   8.0 1012  27  1.8 1  5.3  86   51   82 259 -341  0
4218500 2850500  4 24  8  10.0 1013  44  1.4 2  5.5  77  149  123 267 -350  0
4218500 2850500  4 24  9  12.7 1014  22  1.4 3  5.5  66  272  171 280 -364  0
4218500 2850500  4 24 10  14.8 1014  20  2.3 3  5.5  56  358  207 292 -379  0
4218500 2850500  4 24 11  16.4 1015  35  2.0 3  5.5  50  461  212 299 -394  0
4218500 2850500  4 24 12  17.5 1015  71  2.6 3  5.4  45  497  232 304 -408  0
4218500 2850500  4 24 13  17.8 1014  70  2.3 4  5.1  41  355  308 310 -419  0
4218500 2850500  4 24 14  18.4 1014  87  2.3 4  4.9  38  249  327 316 -424  0
4218500 2850500  4 24 15  18.9 1014  43  2.3 4  4.6  35  162  300 317 -423  0
4218500 2850500  4 24 16  17.8 1014  68  2.3 5  4.6  35   73  245 318 -417  0
4218500 2850500  4 24 17  18.7 1014 353  1.0 6  4.6  36   65  186 321 -408  0
4218500 2850500  4 24 18  18.0 1013  47  1.3 3  4.4  34   62  115 313 -396  0
4218500 2850500  4 24 19  15.9 1013  53  2.9 3  4.7  39   11   43 298 -382  0
4218500 2850500  4 24 20  14.9 1014  60  3.1 3  5.0  46    0    0 293 -368  0
4218500 2850500  4 24 21  14.3 1014  57  3.2 1  5.1  49    0    0 283 -357  0
4218500 2850500  4 24 22  12.6 1015  67  3.6 2  5.2  54    0    0 275 -349  0
4218500 2850500  4 24 23  11.3 1015  68  3.7 1  5.3  61    0    0 269 -343  0
4218500 2850500  4 24 24  10.5 1016  72  2.3 0  5.2  65    0    0 259 -337  0
4218500 2850500  4 25  1   9.5 1015  75  2.8 0  5.1  67    0    0 252 -332  0
4218500 2850500  4 25  2   8.7 1015  81  3.2 0  5.0  70    0    0 249 -327  0
4218500 2850500  4 25  3   7.8 1014  78  3.0 0  5.0  73    0    0 245 -323  0
4218500 2850500  4 25  4   7.2 1014  87  2.7 0  4.9  76    0    0 242 -320  0
4218500 2850500  4 25  5   6.7 1014  88  2.9 0  5.0  80    0    0 240 -317  0
4218500 2850500  4 25  6   7.5 1014  83  3.1 2  5.1  82    5   22 246 -316  0
4218500 2850500  4 25  7   8.7 1014  96  2.8 1  5.3  78   54   89 250 -318  0
4218500 2850500  4 25  8  10.8 1014 112  2.8 2  5.4  72  181  140 253 -327  0
4218500 2850500  4 25  9  13.0 1015 115  2.8 3  5.5  64  239  204 265 -342  0
4218500 2850500  4 25 10  16.2 1015  97  2.7 2  5.7  55  402  206 273 -360  0
4218500 2850500  4 25 11  17.7 1015 101  2.6 2  5.8  48  479  229 279 -376  0
4218500 2850500  4 25 12  19.8 1015  89  3.3 3  5.8  43  573  216 288 -390  0
4218500 2850500  4 25 13  20.7 1014 119  3.8 3  5.9  40  575  220 298 -401  0
4218500 2850500  4 25 14  20.8 1014  86  3.4 3  5.4  36  492  242 300 -406  0
4218500 2850500  4 25 15  20.8 1013 116  3.5 3  4.9  32  372  257 300 -405  0
4218500 2850500  4 25 16  20.9 1012 124  3.7 4  4.5  30  189  258 302 -403  0
4218500 2850500  4 25 17  20.6 1012 127  2.9 7  4.6  30   41  189 315 -397  0
4218500 2850500  4 25 18  19.9 1012 106  2.7 8  4.9  33    0   86 325 -387  0
4218500 2850500  4 25 19  18.7 1012 112  3.4 8  5.0  36    0   24 325 -376  0
4218500 2850500  4 25 20  17.6 1011 110  3.2 8  5.1  39    0    0 321 -363  0
4218500 2850500  4 25 21  15.9 1012  91  3.6 7  5.2  44    0    0 316 -353  0
4218500 2850500  4 25 22  14.8 1011  97  3.6 5  5.2  48    0    0 302 -347  0
4218500 2850500  4 25 23  14.7 1011 100  4.0 5  5.2  49    0    0 293 -342  0
4218500 2850500  4 25 24  14.4 1011 110  4.3 6  5.1  49    0    0 294 -338  0
4218500 2850500  4 26  1  13.2 1011 109  4.0 4  5.0  50    0    0 289 -334  0
4218500 2850500  4 26  2  12.7 1010 106  3.8 4  5.0  54    0    0 281 -331  0
4218500 2850500  4 26  3  12.4 1009 115  3.9 4  5.1  56    0    0 280 -327  0
4218500 2850500  4 26  4  11.7 1009 118  3.9 5  5.0  57    0    0 282 -325  0
4218500 2850500  4 26  5  11.1 1008 115  4.1 7  5.0  60    0    0 290 -322  0
4218500 2850500  4 26  6  11.0 1008 115  4.6 7  5.1  62    0    7 297 -321  0
4218500 2850500  4 26  7  11.8 1008 126  3.8 7  5.2  62    6   59 299 -324  0
4218500 2850500  4 26  8  12.3 1007 130  4.5 7  5.4  61    0   88 302 -334  0
4218500 2850500  4 26  9  13.6 1007 140  3.8 8  5.4  58    0   99 311 -347  0
4218500 2850500  4 26 10  14.3 1006 129  3.8 8  5.5  55    0  115 321 -362  0
4218500 2850500  4 26 11  15.3 1006 140  3.7 8  5.7  54    0  137 327 -377  0
4218500 2850500  4 26 12  17.5 1005 131  4.1 8  5.9  50    0  209 334 -389  0
4218500 2850500  4 26 13  18.7 1004 135  4.6 7  5.9  45    3  235 336 -397  0
4218500 2850500  4 26 14  20.3 1003 132  4.6 7  5.5  39    2  222 336 -401  0
4218500 2850500  4 26 15  21.2 1002 118  4.4 6  5.6  36    8  227 335 -403  0
4218500 2850500  4 26 16  21.4 1001 124  4.3 6  5.7  36   13  208 334 -401  0
4218500 2850500  4 26 17  21.4 1000 120  4.2 7  5.7  35    0  122 342 -395  0
4218500 2850500  4 26 18  20.2 1000 123  3.1 7  5.8  37    0   40 347 -387  0
4218500 2850500  4 26 19  19.4  999 231  5.8 8  6.6  45    0    9 353 -380  0
4218500 2850500  4 26 20  17.6 1000 185  3.8 8  7.9  58    0    0 359 -374  0
4218500 2850500  4 26 21  17.1  999 181  4.8 8  8.6  69    0    0 358 -369  0
4218500 2850500  4 26 22  15.2  999 206  6.0 8  9.0  77    0    0 356 -364  0
4218500 2850500  4 26 23  14.2  999 212  7.2 8  9.2  87    0    0 353 -357  0
4218500 2850500  4 26 24  13.7  999 220  5.9 7  9.4  92    0    0 346 -350  0
4218500 2850500  4 27  1  13.8  999 232  6.9 8  9.2  92    0    0 346 -344  0
4218500 2850500  4 27  2  13.2 1000 255  6.7 7  8.3  84    0    0 344 -340  0
4218500 2850500  4 27  3  12.6 1000 248  6.4 6  7.2  76    0    0 332 -339  0
4218500 2850500  4 27  4  12.2 1000 239  5.1 5  6.8  75    0    0 320 -338  0
4218500 2850500  4 27  5  11.8 1001 244  5.0 5  6.7  76    0    0 315 -338  0
4218500 2850500  4 27  6  11.9 1001 237  5.6 5  6.9  78    9   24 314 -338  0
4218500 2850500  4 27  7  12.8 1001 247  6.7 3  6.7  74  100   82 303 -341  0
4218500 2850500  4 27  8  13.5 1001 262  7.8 1  6.2  65  289  107 281 -347  0
4218500 2850500  4 27  9  14.2 1002 272  7.5 2  6.1  61  403  121 276 -353  0
4218500 2850500  4 27 10  14.9 1002 240  6.2 6  6.1  58  111  293 308 -363  0
4218500 2850500  4 27 11  14.3 1002 246  6.8 6  6.4  61    1  216 334 -376  0
4218500 2850500  4 27 12  15.4 1002 271  6.6 6  6.6  62   13  273 339 -380  0
4218500 2850500  4 27 13  16.2 1002 263  7.2 6  6.3  55   18  292 342 -387  0
4218500 2850500  4 27 14  17.4 1002 262  9.0 4  5.7  47  209  343 336 -397  0
4218500 2850500  4 27 15  17.6 1002 255  7.4 5  5.3  42  271  288 330 -401  0
4218500 2850500  4 27 16  17.5 1002 248  7.1 4  5.2  41  371  164 328 -403  0
4218500 2850500  4 27 17  17.0 1002 270  7.4 3  5.0  40  250  139 317 -397  0
4218500 2850500  4 27 18  16.6 1002 256  5.8 3  4.8  40  132  101 309 -389  0
4218500 2850500  4 27 19  15.9 1002 325  5.9 4  4.9  42   23   45 310 -382  0
4218500 2850500  4 27 20  14.0 1003 271  5.2 5  5.1  48    0    0 316 -376  0
4218500 2850500  4 27 21  11.5 1004 249  3.7 5  5.7  62    0    0 316 -372  0
4218500 2850500  4 27 22  11.0 1004 243  4.7 4  6.4  76    0    0 311 -369  0
4218500 2850500  4 27 23  10.8 1004 230  4.7 4  6.5  79    0    0 306 -366  0
4218500 2850500  4 27 24  10.3 1005 215  4.1 4  6.6  82    0    0 303 -365  0
4218500 2850500  4 28  1   9.6 1005 242  4.1 3  6.6  86    0    0 295 -363  0
4218500 2850500  4 28  2   9.9 1005 232  3.9 4  6.6  86    0    0 293 -360  0
4218500 2850500  4 28  3   9.7 1005 224  3.4 5  6.6  86    0    0 301 -358  0
4218500 2850500  4 28  4   8.9 1005 220  3.5 3  6.5  89    0    0 291 -356  0
4218500 2850500  4 28  5   8.4 1005 212  3.6 3  6.4  92    0    0 275 -356  0
4218500 2850500  4 28  6   8.9 1005 218  3.6 3  6.5  92   10   26 274 -357  0
4218500 2850500  4 28  7  10.2 1005 232  4.0 4  6.7  89   75   90 281 -361  0
4218500 2850500  4 28  8  12.4 1005 239  3.8 4  6.9  82  218  134 291 -368  0
4218500 2850500  4 28  9  14.3 1005 261  4.9 4  7.0  73  277  188 301 -376  0
4218500 2850500  4 28 10  15.3 1005 220  5.3 6  6.9  65  140  307 318 -384  0
4218500 2850500  4 28 11  15.8 1005 215  5.7 7  6.8  62  118  351 338 -393  0
4218500 2850500  4 28 12  17.3 1005 225  5.1 6  6.7  56  196  377 343 -402  0
4218500 2850500  4 28 13  17.4 1004 227  4.9 6  6.5  52  161  386 342 -409  0
4218500 2850500  4 28 14  16.3 1004 208  4.6 7  6.6  55   12  272 347 -410  0
4218500 2850500  4 28 15  17.8 1004 201  4.0 7  6.7  55   28  275 352 -403  0
4218500 2850500  4 28 16  17.8 1003 215  3.6 6  6.7  52   34  238 350 -398  0
4218500 2850500  4 28 17  17.8 1003 213  4.8 6  6.6  51   11  166 342 -396  0
4218500 2850500  4 28 18  17.8 1002 210  5.8 7  6.2  48    2   94 345 -395  0
4218500 2850500  4 28 19  17.2 1002 205  3.3 8  5.9  47    0   14 354 -392  0
4218500 2850500  4 28 20  16.3 1002 179  2.5 8  5.9  49    0    0 359 -387  0
4218500 2850500  4 28 21  15.4 1001 152  3.2 7  6.0  53    0    0 351 -382  0
4218500 2850500  4 28 22  14.5 1001 152  3.7 4  6.1  57    0    0 325 -379  0
4218500 2850500  4 28 23  13.9 1001 158  3.5 4  6.1  60    0    0 304 -377  0
4218500 2850500  4 28 24  13.0 1000 150  3.4 3  6.0  62    0    0 296 -374  0
4218500 2850500  4 29  1  13.2 1000 166  3.8 3  6.1  64    0    0 290 -372  0
4218500 2850500  4 29  2  13.6  999 175  3.5 5  6.3  65    0    0 301 -370  0
4218500 2850500  4 29  3  13.6  999 182  3.6 6  6.5  66    0    0 321 -371  0
4218500 2850500  4 29  4  12.9  999 182  3.1 6  6.6  69    0    0 329 -373  0
4218500 2850500  4 29  5  13.7  999 179  3.4 6  6.8  70    0    0 331 -374  0
4218500 2850500  4 29  6  14.7  999 191  3.8 7  6.7  65    1   17 339 -374  0
4218500 2850500  4 29  7  15.7  999 195  4.2 7  6.6  60    0   29 347 -375  0
4218500 2850500  4 29  8  16.2  999 235  5.7 7  6.9  60    0   51 350 -378  0
4218500 2850500  4 29  9  14.2 1000 259  6.3 7  8.0  73    0   62 351 -384  0
4218500 2850500  4 29 10  14.2 1002 215  4.4 7  9.2  90    0  113 352 -394  0
4218500 2850500  4 29 11  14.6 1002 211  6.3 7  9.7  93    0  130 357 -400  0
4218500 2850500  4 29 12  18.2 1003 230  7.2 6  9.9  84  220  349 360 -399  0
4218500 2850500  4 29 13  20.6 1004 247  7.6 6  9.5  67  134  360 366 -397  0
4218500 2850500  4 29 14  21.3 1004 245  7.3 5  8.9  57  118  335 367 -397  0
4218500 2850500  4 29 15  19.8 1004 279  7.8 6  8.4  55   55  286 365 -401  0
4218500 2850500  4 29 16  18.0 1005 282  5.4 7  8.2  60    0   98 368 -399  0
4218500 2850500  4 29 17  18.0 1006 271  4.8 5  8.5  66   49  184 360 -394  0
4218500 2850500  4 29 18  18.5 1006 253  4.2 5  8.6  65   54  116 351 -393  0
4218500 2850500  4 29 19  17.8 1007 268  3.3 4  8.1  62   25   44 343 -390  0
4218500 2850500  4 29 20  15.2 1007 224  3.0 4  7.9  67    0    0 329 -384  0
4218500 2850500  4 29 21  14.8 1008 241  3.1 4  8.2  76    0    0 323 -379  0
4218500 2850500  4 29 22  13.8 1009 237  2.8 3  8.3  81    0    0 315 -375  0
4218500 2850500  4 29 23  12.3 1010 202  2.6 2  8.2  87    0    0 301 -373  0
4218500 2850500  4 29 24  11.1 1010 225  2.2 1  8.1  94    0    0 287 -371  0
4218500 2850500  4 30  1   9.7 1011 207  2.3 0  7.7  97    0    0 273 -370  0
4218500 2850500  4 30  2   9.1 1011 233  1.9 0  7.2  98    0    0 263 -369  0
4218500 2850500  4 30  3   8.3 1011 145  1.3 0  6.9  99    0    0 256 -368  0
4218500 2850500  4 30  4   8.4 1010 133  2.0 1  6.8  99    0    0 256 -368  0
4218500 2850500  4 30  5   8.8 1010 129  2.6 2  7.0 100    0    0 261 -369  0
4218500 2850500  4 30  6   9.7 1010 127  2.6 6  7.2  99    0    5 282 -372  0
4218500 2850500  4 30  7  11.3 1010 150  2.9 4  7.8  98   80   93 293 -377  0
4218500 2850500  4 30  8  15.1 1010 139  3.2 3  8.5  89  213  142 275 -385  0
4218500 2850500  4 30  9  17.1 1010 136  5.0 4  8.7  76  319  181 284 -394  0
4218500 2850500  4 30 10  18.6 1009 141  5.0 6  8.5  66  164  310 315 -403  0
4218500 2850500  4 30 11  20.2 1008 120  5.2 6  8.5  60  205  355 337 -406  0
4218500 2850500  4 30 12  21.7 1006 138  5.1 6  8.6  55  294  361 344 -405  0
4218500 2850500  4 30 13  21.6 1005 137  4.7 7  8.3  51   23  310 356 -404  0
4218500 2850500  4 30 14  19.2 1004 117  3.1 7  9.0  60    0  109 364 -400  0
4218500 2850500  4 30 15  18.6 1003 104  2.3 7 10.3  75    0   87 364 -395  0
4218500 2850500  4 30 16  19.2 1002 131  4.0 7 10.6  77    0   96 366 -394  0
4218500 2850500  4 30 17  20.1 1001 169  5.1 7 10.1  70    0   77 369 -396  0
4218500 2850500  4 30 18  19.8 1000 193  6.1 7  9.2  62    0   54 369 -399  0
4218500 2850500  4 30 19  19.3  999 192  6.5 7  8.9  62    0   30 369 -398  0
4218500 2850500  4 30 20  18.9  999 204  6.8 7  8.8  62    0    0 368 -394  0
4218500 2850500  4 30 21  17.7  999 262  7.5 7  8.7  65    0    0 364 -390  0
4218500 2850500  4 30 22  16.4 1000 251  5.9 7  9.3  75    0    0 361 -389  0
4218500 2850500  4 30 23  15.6 1001 257  6.0 6  9.1  79    0    0 354 -387  0
4218500 2850500  4 30 24  15.2 1002 259  7.2 5  8.2  74    0    0 342 -385  0
4218500 2850500  5  1  1  14.7 1004 251  6.5 7  8.0  75    0    0 355 -377  0
4218500 2850500  5  1  2  14.5 1004 261  5.7 8  7.7  74    0    0 360 -374  0
4218500 2850500  5  1  3  13.8 1005 252  6.3 8  7.3  72    0    0 363 -369  0
4218500 2850500  5  1  4  12.6 1006 258  7.3 8  7.2  75    0    0 359 -367  0
4218500 2850500  5  1  5  11.8 1006 260  7.2 6  6.8  76    0    0 348 -365  0
4218500 2850500  5  1  6  11.5 1008 255  6.3 4  6.1  71   26   36 325 -362  0
4218500 2850500  5  1  7  12.2 1009 232  6.7 3  6.0  69   96   88 310 -364  0
4218500 2850500  5  1  8  13.4 1010 237  7.8 2  6.1  66  305   74 302 -369  0
4218500 2850500  5  1  9  14.8 1010 233  8.0 1  5.8  57  484   73 295 -371  0
4218500 2850500  5  1 10  14.6 1010 249  8.4 5  5.6  53   96  286 311 -375  0
4218500 2850500  5  1 11  15.9 1011 222  7.9 6  5.7  53   70  315 337 -382  0
4218500 2850500  5  1 12  16.5 1011 228  9.6 6  5.8  50  131  345 344 -394  0
4218500 2850500  5  1 13  16.6 1011 234  7.7 2  5.7  49  283  333 323 -405  0
4218500 2850500  5  1 14  16.8 1011 253  9.1 5  5.9  50  222  290 316 -410  0
4218500 2850500  5  1 15  16.7 1012 269  3.7 6  6.2  52  160  300 331 -414  0
4218500 2850500  5  1 16  17.5 1011 242  4.7 5  5.8  48  145  252 328 -412  0
4218500 2850500  5  1 17  18.3 1011 233  7.7 5  5.1  40   43  189 323 -407  0
4218500 2850500  5  1 18  17.7 1011 220  7.3 2  4.7  37  141  105 309 -400  0
4218500 2850500  5  1 19  16.3 1010 236  6.4 2  4.8  40   21   62 294 -388  0
4218500 2850500  5  1 20  15.4 1011 245  5.6 5  5.1  46    0    5 300 -376  0
4218500 2850500  5  1 21  14.1 1012 264  6.8 5  5.3  50    0    0 306 -367  0
4218500 2850500  5  1 22  13.0 1012 265  5.4 5  5.5  56    0    0 301 -362  0
4218500 2850500  5  1 23  12.3 1013 223  4.7 4  5.6  62    0    0 295 -359  0
4218500 2850500  5  1 24  11.7 1013 245  3.4 4  5.7  66    0    0 291 -356  0
4218500 2850500  5  2  1  11.1 1013 256  3.3 3  5.8  69    0    0 287 -354  0
4218500 2850500  5  2  2  10.2 1012 210  2.9 3  5.8  73    0    0 282 -354  0
4218500 2850500  5  2  3   9.1 1013 214  3.1 2  6.0  81    0    0 277 -355  0
4218500 2850500  5  2  4   9.1 1012 218  3.2 1  6.2  87    0    0 270 -357  0
4218500 2850500  5  2  5   8.6 1012 197  2.8 2  6.2  88    0    0 268 -357  0
4218500 2850500  5  2  6   9.6 1012 224  3.1 4  6.2  86   19   38 276 -357  0
4218500 2850500  5  2  7  11.5 1013 225  2.1 4  6.2  79   99   96 285 -360  0
4218500 2850500  5  2  8  13.4 1013 202  2.3 4  6.4  71  204  140 289 -369  0
4218500 2850500  5  2  9  15.0 1013 184  2.7 4  6.4  64  264  200 293 -381  0
4218500 2850500  5  2 10  16.6 1013 189  3.6 6  6.2  55  406  207 308 -395  0
4218500 2850500  5  2 11  18.0 1013 190  4.2 6  5.9  48  525  201 323 -412  0
4218500 2850500  5  2 12  19.0 1012 159  4.3 6  5.7  43  447  256 328 -427  0
4218500 2850500  5  2 13  19.8 1011 191  4.2 6  5.6  40  305  348 331 -437  0
4218500 2850500  5  2 14  20.1 1010 191  4.1 6  5.4  37  259  295 333 -444  0
4218500 2850500  5  2 15  19.8 1010 188  4.5 7  5.2  36   76  309 338 -448  0
4218500 2850500  5  2 16  19.9 1009 208  3.9 7  5.1  35   27  237 344 -447  0
4218500 2850500  5  2 17  19.7 1009 182  3.5 6  5.1  35   38  193 342 -441  0
4218500 2850500  5  2 18  19.9 1008 163  3.0 4  5.2  36   63  136 334 -430  0
4218500 2850500  5  2 19  18.0 1007 145  2.4 3  5.3  39   27   65 321 -417  0
4218500 2850500  5  2 20  16.3 1007 118  3.1 4  5.4  44    0   10 316 -405  0
4218500 2850500  5  2 21  14.3 1006 123  3.5 4  5.4  50    0    0 315 -396  0
4218500 2850500  5  2 22  14.5 1006 120  3.3 4  5.6  55    0    0 312 -391  0
4218500 2850500  5  2 23  14.5 1005 140  3.7 5  5.8  56    0    0 319 -387  0
4218500 2850500  5  2 24  15.2 1005 191  4.3 4  5.9  56    0    0 322 -386  0
4218500 2850500  5  3  1  15.4 1005 209  5.3 3  6.0  55    0    0 315 -385  0
4218500 2850500  5  3  2  15.2 1005 220  4.4 2  6.1  56    0    0 307 -383  0
4218500 2850500  5  3  3  14.9 1005 202  4.2 2  6.2  58    0    0 303 -379  0
4218500 2850500  5  3  4  14.2 1005 225  3.6 5  6.3  60    0    0 316 -375  0
4218500 2850500  5  3  5  13.7 1005 217  4.6 6  6.5  65    0    2 331 -372  0
4218500 2850500  5  3  6  13.4 1005 217  5.5 6  6.6  67    1   34 333 -369  0
4218500 2850500  5  3  7  14.4 1006 219  7.8 6  6.5  65   16  109 332 -370  0
4218500 2850500  5  3  8  13.8 1007 231  6.5 5  6.2  61   37  196 328 -375  0
4218500 2850500  5  3  9  15.3 1007 229  7.5 5  5.9  56  106  300 326 -385  0
4218500 2850500  5  3 10  15.4 1007 238  9.3 6  5.6  52   62  340 333 -397  0
4218500 2850500  5  3 11  15.0 1008 238  9.8 6  5.5  51   83  394 339 -409  0
4218500 2850500  5  3 12  14.1 1009 217  5.9 7  5.8  56    0  182 343 -416  0
4218500 2850500  5  3 13  13.9 1009 247  7.9 7  5.9  59    0   99 347 -422  0
4218500 2850500  5  3 14  12.6 1010 242  7.5 7  6.0  63    0  143 344 -426  0
4218500 2850500  5  3 15  14.4 1011 235  8.0 6  6.0  62    0  204 341 -428  0
4218500 2850500  5  3 16  14.2 1011 266  7.4 6  5.5  54    1  174 337 -427  0
4218500 2850500  5  3 17  14.0 1012 270  4.8 7  5.3  53    0  112 340 -421  0
4218500 2850500  5  3 18  14.2 1013 283  7.8 7  5.2  52    0   94 342 -412  0
4218500 2850500  5  3 19  14.3 1013 281  6.6 4  5.1  50    4   63 326 -400  0
4218500 2850500  5  3 20  13.2 1014 289  5.4 4  5.1  52    0    9 305 -388  0
4218500 2850500  5  3 21  12.4 1015 277  4.2 3  5.0  54    0    0 295 -376  0
4218500 2850500  5  3 22  11.2 1016 282  4.0 1  4.8  56    0    0 277 -368  0
4218500 2850500  5  3 23   9.9 1016 242  3.7 1  4.8  61    0    0 263 -363  0
4218500 2850500  5  3 24  10.0 1016 281  4.1 2  4.9  64    0    0 266 -360  0
4218500 2850500  5  4  1   9.7 1016 266  3.5 1  4.9  65    0    0 264 -357  0
4218500 2850500  5  4  2   7.6 1017 222  2.8 1  4.8  70    0    0 257 -354  0
4218500 2850500  5  4  3   6.0 1017 230  3.1 0  4.8  79    0    0 249 -352  0
4218500 2850500  5  4  4   5.5 1017 239  3.2 0  4.9  86    0    0 243 -350  0
4218500 2850500  5  4  5   5.5 1017 231  3.1 2  4.9  88    0    0 253 -349  0
4218500 2850500  5  4  6   6.7 1017 198  2.6 4  4.9  85   30   40 274 -349  0
4218500 2850500  5  4  7   9.3 1018 205  3.4 2  5.0  76  153   79 279 -354  0
4218500 2850500  5  4  8  12.1 1018 216  3.2 0  5.1  64  299   95 266 -365  0
4218500 2850500  5  4  9  15.2 1019 219  4.2 0  5.2  54  439  107 266 -382  0
4218500 2850500  5  4 10  16.7 1019 215  3.5 3  5.2  47  552  121 288 -400  0
4218500 2850500  5  4 11  17.7 1019 251  3.7 4  5.1  42  555  180 312 -419  0
4218500 2850500  5  4 12  19.3 1019 209  3.6 5  4.9  37  643  162 324 -436  0
4218500 2850500  5  4 13  19.8 1019 188  3.3 5  4.8  34  624  181 331 -447  0
4218500 2850500  5  4 14  20.8 1018 162  3.9 5  4.8  32  571  188 334 -451  0
4218500 2850500  5  4 15  21.4 1018 159  3.4 3  4.9  32  507  174 330 -452  0
4218500 2850500  5  4 16  21.3 1017 169  3.1 3  5.0  32  361  183 323 -450  0
4218500 2850500  5  4 17  21.6 1016 159  3.6 5  5.0  31  255  151 329 -444  0
4218500 2850500  5  4 18  21.0 1016 153  3.9 5  5.0  32   80  132 334 -435  0
4218500 2850500  5  4 19  20.2 1015 131  3.1 6  4.9  32   11   62 333 -420  0
4218500 2850500  5  4 20  17.5 1015 115  3.5 6  4.8  36    0    6 329 -403  0
4218500 2850500  5  4 21  15.0 1015 105  3.6 5  4.9  43    0    0 314 -391  0
4218500 2850500  5  4 22  14.1 1015 116  4.1 2  4.9  48    0    0 297 -383  0
4218500 2850500  5  4 23  14.7 1015 117  4.2 1  5.1  50    0    0 285 -377  0
4218500 2850500  5  4 24  12.5 1015 123  3.8 0  5.0  52    0    0 277 -372  0
4218500 2850500  5  5  1  12.3 1015 118  4.1 0  5.0  56    0    0 271 -368  0
4218500 2850500  5  5  2  11.8 1014 128  4.1 0  5.0  58    0    0 270 -365  0
4218500 2850500  5  5  3  10.8 1014 119  4.0 0  5.0  60    0    0 268 -362  0
4218500 2850500  5  5  4  11.1 1013 129  3.9 1  5.1  62    0    0 269 -359  0
4218500 2850500  5  5  5   9.4 1013 127  3.6 2  5.2  66    0    2 271 -358  0
4218500 2850500  5  5  6  11.6 1013 138  3.8 2  5.4  68   42   42 274 -357  0
4218500 2850500  5  5  7  13.8 1013 133  4.5 1  5.7  62  160   73 277 -361  0
4218500 2850500  5  5  8  16.8 1012 142  5.0 1  5.8  54  306   86 282 -373  0
4218500 2850500  5  5  9  19.4 1012 144  5.0 0  6.2  48  442   99 290 -391  0
4218500 2850500  5  5 10  21.6 1011 139  5.0 1  6.5  43  578   98 300 -412  0
4218500 2850500  5  5 11  23.8 1011 142  5.2 0  6.6  38  676   98 308 -432  0
4218500 2850500  5  5 12  25.6 1010 142  5.4 0  6.7  35  703  116 315 -449  0
4218500 2850500  5  5 13  27.4 1010 139  5.4 0  6.6  30  689  131 323 -461  0
4218500 2850500  5  5 14  28.9 1009 144  5.1 0  6.7  28  633  142 329 -470  0
4218500 2850500  5  5 15  29.3 1009 139  5.8 0  6.4  26  537  149 331 -473  0
4218500 2850500  5  5 16  29.3 1008 146  5.3 0  5.6  22  410  149 330 -471  0
4218500 2850500  5  5 17  29.5 1007 158  5.0 0  5.6  22  273  138 330 -465  0
4218500 2850500  5  5 18  27.7 1007 152  3.2 3  5.8  24   75  131 333 -454  0
4218500 2850500  5  5 19  26.0 1007 132  3.6 5  5.6  25    3   52 336 -438  0
4218500 2850500  5  5 20  23.0 1007 147  3.2 5  6.0  31    0   10 332 -422  0
4218500 2850500  5  5 21  20.8 1007 126  3.5 3  6.5  39    0    0 322 -408  0
4218500 2850500  5  5 22  19.7 1008 128  3.9 1  6.7  45    0    0 310 -399  0
4218500 2850500  5  5 23  19.3 1008 138  4.3 2  7.0  49    0    0 308 -393  0
4218500 2850500  5  5 24  18.6 1007 140  3.3 3  7.0  51    0    0 311 -390  0
4218500 2850500  5  6  1  17.0 1008 145  3.3 3  6.9  54    0    0 310 -387  0
4218500 2850500  5  6  2  17.4 1008 130  4.0 4  7.2  58    0    0 312 -383  0
4218500 2850500  5  6  3  16.9 1007 127  3.8 6  7.3  60    0    0 316 -380  0
4218500 2850500  5  6  4  16.8 1007 128  4.0 6  7.2  60    0    0 316 -378  0
4218500 2850500  5  6  5  17.2 1007 122  4.6 7  7.1  58    0    1 318 -375  0
4218500 2850500  5  6  6  18.1 1006 163  3.9 7  7.0  55    0   21 322 -374  0
4218500 2850500  5  6  7  17.2 1006 219  2.8 5  7.1  56   36  113 322 -377  0
4218500 2850500  5  6  8  18.9 1007 263  4.0 6  7.5  58   63  190 323 -388  0
4218500 2850500  5  6  9  19.9 1008 332  1.6 6  8.2  58  108  267 331 -404  0
4218500 2850500  5  6 10  21.5 1008 229  2.8 6  9.1  59  194  331 339 -421  0
4218500 2850500  5  6 11  21.4 1008 262  4.9 6  9.6  59  356  337 345 -441  0
4218500 2850500  5  6 12  22.0 1009 270  4.6 4  9.8  60  453  331 347 -460  0
4218500 2850500  5  6 13  21.6 1010 296  6.1 4  9.9  60  424  351 346 -474  0
4218500 2850500  5  6 14  21.3 1011 295  6.1 4  9.6  60  393  339 343 -482  0
4218500 2850500  5  6 15  19.4 1011 299  5.1 4  9.1  60  288  334 335 -485  0
4218500 2850500  5  6 16  18.1 1013 314  5.6 5  8.5  63  153  301 329 -474  0
4218500 2850500  5  6 17  17.7 1014 321  6.3 5  8.3  65   70  225 329 -462  0
4218500 2850500  5  6 18  16.6 1015 333  5.4 5  8.0  66   18  135 326 -458  0
4218500 2850500  5  6 19  16.4 1015 348  4.9 6  7.7  65    2   53 331 -442  0
4218500 2850500  5  6 20  15.5 1016 357  3.3 5  7.5  66    0    5 328 -421  0
4218500 2850500  5  6 21  14.6 1017 344  3.1 5  7.2  68    0    0 318 -408  0
4218500 2850500  5  6 22  13.4 1017 327  2.9 3  6.9  69    0    0 304 -399  0
4218500 2850500  5  6 23  12.7 1018 335  2.5 4  6.6  71    0    0 296 -393  0
4218500 2850500  5  6 24  11.3 1019   8  2.3 5  6.5  74    0    0 306 -388  0
4218500 2850500  5  7  1  11.4 1019 316  2.6 6  6.6  79    0    0 318 -383  0
4218500 2850500  5  7  2  11.6 1019 300  2.6 6  6.8  81    0    0 325 -380  0
4218500 2850500  5  7  3  11.8 1020 334  2.5 7  7.1  83    0    0 332 -380  0
4218500 2850500  5  7  4  11.9 1019 340  2.8 8  7.3  85    0    0 347 -379  0
4218500 2850500  5  7  5  11.3 1020 326  2.2 7  7.3  86    0    0 346 -378  0
4218500 2850500  5  7  6  11.2 1020 340  3.0 7  6.6  80    0    9 337 -377  0
4218500 2850500  5  7  7  11.7 1020 323  2.3 6  5.9  71    8   85 329 -378  0
4218500 2850500  5  7  8  11.7 1021 321  2.3 7  5.8  68   19  156 329 -383  0
4218500 2850500  5  7  9  13.0 1021 274  1.5 8  5.7  65   53  238 343 -393  0
4218500 2850500  5  7 10  14.4 1021 275  1.9 4  5.6  58  328  241 327 -398  0
4218500 2850500  5  7 11  16.3 1021 317  2.7 2  5.6  52  649  120 294 -406  0
4218500 2850500  5  7 12  17.2 1021 293  3.5 3  5.2  44  693  128 293 -421  0
4218500 2850500  5  7 13  18.2 1021 289  3.4 3  4.8  39  666  151 300 -434  0
4218500 2850500  5  7 14  18.5 1020 336  2.9 3  4.6  35  614  159 302 -440  0
4218500 2850500  5  7 15  19.0 1019 307  3.3 3  4.5  34  496  178 302 -442  0
4218500 2850500  5  7 16  19.3 1019 299  3.4 3  4.6  33  374  174 302 -437  0
4218500 2850500  5  7 17  18.5 1019 322  3.0 4  4.3  32  271  142 303 -429  0
4218500 2850500  5  7 18  17.7 1018 341  2.5 5  4.2  33  127  120 306 -420  0
4218500 2850500  5  7 19  16.7 1018 322  2.6 4  4.3  36   37   66 302 -407  0
4218500 2850500  5  7 20  13.8 1018 354  2.5 5  4.5  42    1   14 294 -391  0
4218500 2850500  5  7 21  12.4 1018   4  2.0 4  4.6  50    0    0 285 -379  0
4218500 2850500  5  7 22  10.6 1018  18  2.5 2  5.0  60    0    0 264 -371  0
4218500 2850500  5  7 23  10.3 1017  51  2.9 1  5.3  67    0    0 245 -367  0
4218500 2850500  5  7 24  10.1 1017  70  2.2 1  5.3  69    0    0 239 -363  0
4218500 2850500  5  8  1   9.8 1017  70  2.9 1  5.4  72    0    0 235 -360  0
4218500 2850500  5  8  2  10.4 1016  81  2.8 1  5.5  72    0    0 233 -358  0
4218500 2850500  5  8  3   9.7 1016  84  2.9 1  5.6  73    0    0 235 -357  0
4218500 2850500  5  8  4   8.5 1016  84  2.9 2  5.6  78    0    0 241 -357  0
4218500 2850500  5  8  5   8.5 1015  89  2.6 2  5.6  81    0    4 250 -357  0
4218500 2850500  5  8  6   9.7 1015 100  2.9 2  5.7  80   47   49 253 -360  0
4218500 2850500  5  8  7  11.9 1016 102  2.5 0  5.9  73  159   88 246 -366  0
4218500 2850500  5  8  8  15.1 1016 102  2.5 0  6.0  62  292  113 239 -376  0
4218500 2850500  5  8  9  18.2 1015 117  3.4 0  6.3  53  417  134 250 -386  0
4218500 2850500  5  8 10  20.3 1015 110  4.4 0  6.7  48  542  142 265 -395  0
4218500 2850500  5  8 11  21.3 1014 135  4.3 0  6.7  44  290  264 277 -413  0
4218500 2850500  5  8 12  22.7 1013 134  3.8 0  6.9  42  331  282 286 -438  0
4218500 2850500  5  8 13  24.0 1012 144  3.4 0  7.3  41  632  190 297 -456  0
4218500 2850500  5  8 14  25.5 1012 162  3.1 2  7.7  40  546  217 316 -469  0
4218500 2850500  5  8 15  25.9 1011 152  2.5 4  8.0  39  397  250 341 -478  0
4218500 2850500  5  8 16  26.5 1010 187  2.6 4  8.3  39  349  200 354 -481  0
4218500 2850500  5  8 17  26.1 1009 228  3.5 5  8.3  39  137  210 358 -478  0
4218500 2850500  5  8 18  25.5 1009 282  3.6 6  8.2  39   18  129 366 -470  0
4218500 2850500  5  8 19  24.2 1009 289  3.7 6  8.1  41    0   41 367 -458  0
4218500 2850500  5  8 20  22.9 1009 297  4.0 7  7.8  43    0    5 366 -443  0
4218500 2850500  5  8 21  21.3 1009 306  2.6 7  7.6  46    0    0 366 -433  0
4218500 2850500  5  8 22  20.1 1010 331  3.8 6  7.5  49    0    0 356 -425  0
4218500 2850500  5  8 23  19.5 1010 335  4.3 6  7.4  51    0    0 346 -417  0
4218500 2850500  5  8 24  18.0 1010 347  5.3 5  7.3  54    0    0 336 -414  0
4218500 2850500  5  9  1  16.5 1011 356  5.8 6  6.8  55    0    0 329 -411  0
4218500 2850500  5  9  2  15.4 1011 351  4.3 6  6.3  56    0    0 329 -408  0
4218500 2850500  5  9  3  14.8 1012 338  3.6 6  6.2  58    0    0 323 -406  0
4218500 2850500  5  9  4  13.9 1011 342  4.7 6  6.1  60    0    0 319 -403  0
4218500 2850500  5  9  5  13.0 1012   3  3.6 7  6.1  63    0    0 323 -400  0
4218500 2850500  5  9  6  12.8 1011 359  3.0 8  6.0  65    0    9 338 -399  0
4218500 2850500  5  9  7  12.4 1012 343  3.1 8  6.0  65    0   40 345 -400  0
4218500 2850500  5  9  8  12.7 1013 330  2.6 8  5.9  65    0   85 344 -407  0
4218500 2850500  5  9  9  13.7 1013 351  2.5 7  6.0  63   14  189 337 -420  0
4218500 2850500  5  9 10  14.2 1012 316  1.1 7  5.9  59   15  235 332 -432  0
4218500 2850500  5  9 11  14.1 1012 328  1.4 7  5.9  58    3  230 335 -439  0
4218500 2850500  5  9 12  13.9 1013 297  1.2 8  6.1  61    0  210 345 -444  0
4218500 2850500  5  9 13  14.6 1013 114  1.5 7  6.1  60    4  247 347 -450  0
4218500 2850500  5  9 14  14.7 1012 158  2.0 7  6.3  61   10  251 344 -458  0
4218500 2850500  5  9 15  15.5 1012 123  2.3 6  6.8  63   93  259 338 -461  0
4218500 2850500  5  9 16  16.1 1011 102  2.6 6  7.1  63   82  224 331 -459  0
4218500 2850500  5  9 17  15.5 1011  79  2.9 4  6.9  62  110  171 310 -455  0
4218500 2850500  5  9 18  15.4 1011  73  2.9 5  6.8  62   76  113 299 -446  0
4218500 2850500  5  9 19  15.1 1011  99  2.9 7  6.9  64    0   32 325 -430  0
4218500 2850500  5  9 20  14.1 1011  68  3.0 7  6.9  67    0    1 344 -414  0
4218500 2850500  5  9 21  12.8 1011  90  2.8 6  7.0  73    0    0 333 -405  0
4218500 2850500  5  9 22  13.5 1011  64  2.5 6  7.1  75    0    0 326 -403  0
4218500 2850500  5  9 23  12.7 1011  76  2.7 6  6.9  74    0    0 327 -402  0
4218500 2850500  5  9 24  12.5 1011  82  2.1 6  7.1  77    0    0 325 -401  0
4218500 2850500  5 10  1  12.6 1011  82  2.7 7  7.2  80    0    0 333 -400  0
4218500 2850500  5 10  2  12.9 1011   4  2.0 7  7.3  79    0    0 340 -398  0
4218500 2850500  5 10  3  11.9 1011 341  3.7 7  7.2  80    0    0 339 -397  0
4218500 2850500  5 10  4  11.2 1012 349  3.9 7  7.3  85    0    0 336 -394  0
4218500 2850500  5 10  5  11.0 1012 342  3.3 7  7.2  87    0    0 334 -390  0
4218500 2850500  5 10  6  11.2 1013 348  3.0 7  7.0  85    0   17 334 -389  0
4218500 2850500  5 10  7  11.4 1014 348  3.2 8  6.9  82    0   23 343 -390  0
4218500 2850500  5 10  8  11.8 1014 356  2.4 8  7.0  82    0  115 354 -395  0
4218500 2850500  5 10  9  12.9 1015 337  2.8 6  7.0  78   61  258 338 -399  0
4218500 2850500  5 10 10  14.2 1016 338  2.5 5  6.7  69  274  295 314 -404  0
4218500 2850500  5 10 11  16.1 1016  25  2.5 4  6.5  61  446  274 303 -406  0
4218500 2850500  5 10 12  16.6 1016 329  2.6 4  6.2  54  340  292 299 -407  0
4218500 2850500  5 10 13  17.4 1016   9  2.7 5  6.1  50  223  390 311 -408  0
4218500 2850500  5 10 14  17.3 1016 356  1.5 6  5.9  48  132  365 327 -415  0
4218500 2850500  5 10 15  17.3 1016 263  1.4 7  5.6  46   20  266 342 -420  0
4218500 2850500  5 10 16  18.1 1016 208  1.7 6  5.4  43   36  249 343 -420  0
4218500 2850500  5 10 17  17.5 1016 282  1.8 4  5.5  43  157  212 323 -417  0
4218500 2850500  5 10 18  17.2 1016 295  1.6 5  5.6  46   58  147 316 -410  0
4218500 2850500  5 10 19  16.1 1016  61  1.5 6  5.7  49   16   71 327 -402  0
4218500 2850500  5 10 20  15.3 1016 158  1.8 7  5.9  54    0    6 339 -397  0
4218500 2850500  5 10 21  14.7 1016 124  2.2 7  6.0  57    0    0 343 -392  0
4218500 2850500  5 10 22  12.7 1017 116  2.5 5  6.1  63    0    0 325 -389  0
4218500 2850500  5 10 23  11.6 1017 106  2.0 5  6.2  70    0    0 305 -387  0
4218500 2850500  5 10 24  10.6 1017 112  2.0 4  6.2  76    0    0 295 -386  0
4218500 2850500  5 11  1  10.7 1017 117  2.6 4  6.3  79    0    0 287 -385  0
4218500 2850500  5 11  2   9.7 1016 100  2.7 4  6.3  82    0    0 288 -385  0
4218500 2850500  5 11  3   9.9 1016 104  2.9 6  6.4  86    0    0 304 -385  0
4218500 2850500  5 11  4   9.6 1016  78  2.7 5  6.6  87    0    0 311 -385  0
4218500 2850500  5 11  5   9.5 1016  90  2.7 5  6.5  88    0    2 300 -384  0
4218500 2850500  5 11  6  11.2 1017  98  3.1 6  6.8  87   15   48 308 -384  0
4218500 2850500  5 11  7  13.6 1017 129  3.5 5  7.0  79   63  120 312 -386  0
4218500 2850500  5 11  8  15.5 1018 115  3.9 4  6.2  60  191  175 298 -390  0
4218500 2850500  5 11  9  16.8 1018 112  3.0 4  5.3  47  295  219 292 -394  0
4218500 2850500  5 11 10  17.9 1017 100  3.3 5  5.3  43  400  249 306 -397  0
4218500 2850500  5 11 11  19.3 1017 123  2.9 4  5.4  41  533  244 314 -401  0
4218500 2850500  5 11 12  20.2 1017 118  2.5 3  5.5  38  564  262 311 -407  0
4218500 2850500  5 11 13  21.5 1017 118  2.8 3  5.7  37  552  272 312 -415  0
4218500 2850500  5 11 14  21.2 1016 179  2.8 3  5.7  36  408  324 316 -425  0
4218500 2850500  5 11 15  21.8 1016  89  2.2 5  5.8  36  164  349 330 -435  0
4218500 2850500  5 11 16  21.6 1015 141  1.8 4  5.7  36  123  295 337 -440  0
4218500 2850500  5 11 17  21.5 1015 124  1.3 6  5.8  36   65  222 339 -438  0
4218500 2850500  5 11 18  21.1 1015 102  2.2 5  5.9  37   73  153 342 -432  0
4218500 2850500  5 11 19  19.6 1014 145  1.7 5  5.8  39   20   75 333 -422  0
4218500 2850500  5 11 20  17.5 1014 132  1.7 5  5.7  43    0   17 328 -411  0
4218500 2850500  5 11 21  15.2 1014 116  2.3 4  5.7  49    0    0 319 -403  0
4218500 2850500  5 11 22  14.3 1014 115  2.5 5  5.8  55    0    0 314 -399  0
4218500 2850500  5 11 23  13.5 1014 120  3.4 5  6.2  63    0    0 318 -399  0
4218500 2850500  5 11 24  14.9 1014 134  3.9 5  7.2  72    0    0 321 -400  0
4218500 2850500  5 12  1  14.3 1014 133  2.9 5  8.1  78    0    0 325 -399  0
4218500 2850500  5 12  2  14.3 1013 122  3.1 6  8.4  83    0    0 330 -397  0
4218500 2850500  5 12  3  13.5 1013 129  3.2 7  8.6  87    0    0 340 -395  0
4218500 2850500  5 12  4  13.4 1012 123  3.3 6  8.7  90    0    0 339 -392  0
4218500 2850500  5 12  5  13.0 1012 114  3.7 7  8.8  92    0    0 339 -391  0
4218500 2850500  5 12  6  13.3 1012 129  3.6 7  8.9  94    0    9 345 -392  0
4218500 2850500  5 12  7  14.7 1011 137  3.2 7  9.1  91    3   87 347 -395  0
4218500 2850500  5 12  8  14.9 1011 269  2.5 7  9.2  87    0  109 348 -397  0
4218500 2850500  5 12  9  15.5 1012 354  1.7 7  9.2  85    0  143 347 -403  0
4218500 2850500  5 12 10  15.8 1011 196  2.2 8  9.4  84    0  133 352 -416  0
4218500 2850500  5 12 11  15.8 1012 150  2.6 7  9.7  86    9  266 351 -432  0
4218500 2850500  5 12 12  17.8 1012 177  3.5 4  9.7  81  412  292 339 -441  0
4218500 2850500  5 12 13  20.3 1011 203  4.6 2  9.0  65  644  196 329 -446  0
4218500 2850500  5 12 14  21.0 1011 207  4.0 3  8.3  54  361  327 329 -452  0
4218500 2850500  5 12 15  21.2 1010 212  4.4 6  7.7  49   79  312 339 -450  0
4218500 2850500  5 12 16  19.7 1010 257  3.6 8  7.9  52    0  134 353 -445  0
4218500 2850500  5 12 17  20.9 1010 240  3.2 6  7.9  53   54  209 352 -441  0
4218500 2850500  5 12 18  20.4 1010 265  2.6 6  7.2  48   74  147 346 -436  0
4218500 2850500  5 12 19  19.5 1010 287  2.1 5  7.4  51   11   69 340 -427  0
4218500 2850500  5 12 20  18.4 1010 221  2.3 8  8.0  58    0    8 348 -414  0
4218500 2850500  5 12 21  16.6 1010 326  2.0 8  8.4  67    0    0 360 -403  0
4218500 2850500  5 12 22  15.5 1010  28  2.5 6  8.1  71    0    0 343 -397  0
4218500 2850500  5 12 23  15.0 1009 280  3.6 6  7.8  72    0    0 329 -395  0
4218500 2850500  5 12 24  13.3 1009  12  1.8 5  7.7  76    0    0 321 -394  0
4218500 2850500  5 13  1  12.9 1009  31  1.5 5  8.1  86    0    0 316 -392  0
4218500 2850500  5 13  2  12.9 1008 342  1.9 7  8.6  92    0    0 329 -388  0
4218500 2850500  5 13  3  12.7 1008 178  2.6 7  8.8  95    0    0 341 -386  0
4218500 2850500  5 13  4  12.7 1008 131  2.4 7  8.9  97    0    0 341 -385  0
4218500 2850500  5 13  5  12.6 1006 240  2.6 7  9.0  98    0    0 341 -384  0
4218500 2850500  5 13  6  12.7 1006 271  2.2 7  9.0  97    0   10 340 -384  0
4218500 2850500  5 13  7  12.7 1007 224  2.0 8  9.0  97    0   28 345 -388  0
4218500 2850500  5 13  8  13.0 1007 205  2.8 7  9.1  98    1  128 346 -393  0
4218500 2850500  5 13  9  14.2 1006 200  2.5 7  9.4  96   52  281 345 -397  0
4218500 2850500  5 13 10  15.9 1006 194  3.1 6  9.3  86  155  366 345 -402  0
4218500 2850500  5 13 11  15.0 1006 235  3.7 8  9.0  81   11  289 352 -407  0
4218500 2850500  5 13 12  13.4 1005 235  4.2 8  8.9  87    0   98 358 -410  0
4218500 2850500  5 13 13  14.8 1006 213  4.3 7  9.2  90    0  206 352 -404  0
4218500 2850500  5 13 14  11.5 1006 282  6.4 7  8.3  87    0  168 341 -394  0
4218500 2850500  5 13 15  11.9 1007 275  3.1 7  7.2  84    2  218 335 -391  0
4218500 2850500  5 13 16  12.5 1007 289  4.4 6  7.2  80   36  265 333 -392  0
4218500 2850500  5 13 17  13.9 1007 277  4.4 5  7.1  75   60  237 325 -389  0
4218500 2850500  5 13 18  14.2 1007 287  4.5 5  6.9  69   37  159 323 -384  0
4218500 2850500  5 13 19  13.9 1008 267  3.2 4  6.4  64    6   70 317 -379  0
4218500 2850500  5 13 20  12.9 1008 285  3.7 6  6.1  63    0    2 319 -375  0
4218500 2850500  5 13 21  11.1 1009 271  3.4 5  6.1  70    0    0 320 -371  0
4218500 2850500  5 13 22   9.9 1010 283  3.5 2  6.0  76    0    0 297 -369  0
4218500 2850500  5 13 23   9.8 1010 294  3.2 1  5.9  77    0    0 279 -368  0
4218500 2850500  5 13 24   8.5 1010 273  3.3 2  5.8  80    0    0 276 -367  0
4218500 2850500  5 14  1   7.9 1010 278  2.9 2  5.7  83    0    0 276 -367  0
4218500 2850500  5 14  2   7.6 1010 268  2.9 1  5.6  85    0    0 269 -367  0
4218500 2850500  5 14  3   6.5 1010 269  2.9 1  5.5  87    0    0 261 -367  0
4218500 2850500  5 14  4   7.3 1010 278  2.9 5  5.3  86    0    0 276 -368  0
4218500 2850500  5 14  5   7.2 1011 290  2.8 7  5.2  82    0    7 302 -368  0
4218500 2850500  5 14  6   7.7 1011 239  2.4 8  5.2  81   26   45 313 -366  0
4218500 2850500  5 14  7   8.0 1011 246  2.5 4  5.3  80  117   91 301 -363  0
4218500 2850500  5 14  8   9.9 1011 257  3.4 3  5.4  76  313   79 282 -359  0
4218500 2850500  5 14  9  10.5 1012 250  3.8 4  5.2  67  254  195 285 -359  0
4218500 2850500  5 14 10  11.2 1013 220  3.1 6  5.0  62   98  295 302 -361  0
4218500 2850500  5 14 11  11.8 1012 241  3.8 5  4.9  58  223  312 312 -369  0
4218500 2850500  5 14 12  12.4 1012 258  3.9 5  4.8  55  228  334 314 -383  0
4218500 2850500  5 14 13  13.5 1012 230  4.8 4  4.6  50  373  289 313 -388  0
4218500 2850500  5 14 14  13.5 1012 138  5.4 6  4.3  45  159  323 316 -398  0
4218500 2850500  5 14 15  14.7 1012 243  5.2 4  4.3  43  302  258 316 -412  0
4218500 2850500  5 14 16  14.8 1012 249  5.7 4  4.3  41  212  233 311 -413  0
4218500 2850500  5 14 17  14.7 1012 238  4.8 7  4.1  40   28  182 317 -405  0
4218500 2850500  5 14 18  14.4 1012 239  4.6 4  4.1  40   45  133 314 -394  0
4218500 2850500  5 14 19  13.8 1012 245  3.8 2  4.2  42   66   65 296 -380  0
4218500 2850500  5 14 20  12.0 1012 216  3.9 3  4.5  49    7   19 289 -369  0
4218500 2850500  5 14 21  10.8 1013 226  3.3 2  4.8  57    0    0 283 -360  0
4218500 2850500  5 14 22   9.8 1013 233  3.9 1  4.8  62    0    0 271 -355  0
4218500 2850500  5 14 23   8.9 1012 261  3.3 1  5.0  68    0    0 263 -351  0
4218500 2850500  5 14 24   8.6 1013 257  3.1 2  5.0  72    0    0 264 -347  0
4218500 2850500  5 15  1   8.2 1013 269  3.0 1  5.1  75    0    0 262 -343  0
4218500 2850500  5 15  2   8.2 1013 272  3.6 1  5.3  79    0    0 256 -339  0
4218500 2850500  5 15  3   7.3 1014 289  3.0 1  5.4  82    0    0 254 -337  0
4218500 2850500  5 15  4   6.3 1014 274  3.0 1  5.4  88    0    0 250 -336  0
4218500 2850500  5 15  5   6.8 1014 281  3.1 1  5.5  90    2    9 249 -336  0
4218500 2850500  5 15  6   7.9 1015 282  3.3 1  5.6  87   83   38 250 -340  0
4218500 2850500  5 15  7   9.3 1015 288  3.9 1  5.6  81  233   47 252 -347  0
4218500 2850500  5 15  8  10.5 1015 281  4.5 3  5.6  74  320   65 264 -356  0
4218500 2850500  5 15  9  11.6 1017 264  4.4 3  5.5  68  434   72 276 -365  0
4218500 2850500  5 15 10  13.1 1017 261  4.5 3  5.2  59  404  166 281 -373  0
4218500 2850500  5 15 11  10.9 1017 299  6.0 3  5.1  59  283  270 283 -377  0
4218500 2850500  5 15 12  11.1 1017 274  3.3 4  5.5  67  115  326 287 -376  0
4218500 2850500  5 15 13  10.5 1017 279  3.4 5  6.1  76  134  323 297 -373  0
4218500 2850500  5 15 14  13.3 1017 270  3.3 4  5.8  67  430  213 301 -370  0
4218500 2850500  5 15 15  13.0 1016 232  3.8 7  5.3  57   92  272 308 -365  0
4218500 2850500  5 15 16  14.0 1016 276  4.2 6  5.2  54   83  237 315 -361  0
4218500 2850500  5 15 17  13.5 1016 308  3.9 5  5.0  51  118  181 309 -362  0
4218500 2850500  5 15 18  12.7 1015 310  5.8 3  4.6  49  187   82 297 -363  0
4218500 2850500  5 15 19  12.8 1016 294  3.4 4  4.4  48   67   59 292 -361  0
4218500 2850500  5 15 20  10.5 1016 323  2.3 4  4.6  54    5   19 292 -358  0
4218500 2850500  5 15 21   8.5 1015 328  1.8 3  4.9  67    0    0 282 -357  0
4218500 2850500  5 15 22   7.2 1015 280  2.1 2  5.1  77    0    0 270 -355  0
4218500 2850500  5 15 23   6.5 1015 307  2.3 2  5.0  82    0    0 264 -351  0
4218500 2850500  5 15 24   5.7 1015 338  2.6 2  5.0  86    0    0 261 -348  0
4218500 2850500  5 16  1   5.5 1016 345  1.9 1  4.9  86    0    0 256 -344  0
4218500 2850500  5 16  2   5.1 1015 347  2.3 1  4.7  85    0    0 250 -341  0
4218500 2850500  5 16  3   4.4 1015 339  1.6 0  4.7  88    0    0 245 -339  0
4218500 2850500  5 16  4   3.5 1015 354  2.1 2  4.6  92    0    0 245 -336  0
4218500 2850500  5 16  5   4.9 1015 349  1.3 5  4.7  92    0    0 262 -333  0
4218500 2850500  5 16  6   6.3 1015 351  1.3 5  5.0  89    1   36 277 -333  0
4218500 2850500  5 16  7   8.6 1015 268  2.1 7  5.1  80   14   96 287 -338  0
4218500 2850500  5 16  8   8.6 1015 310  1.6 7  5.4  78    3  133 297 -347  0
4218500 2850500  5 16  9   8.8 1015 188  1.3 8  5.6  80    5  188 303 -359  0
4218500 2850500  5 16 10  10.6 1015 241  2.5 7  5.5  74  124  286 307 -372  0
4218500 2850500  5 16 11  12.0 1016 228  2.6 5  5.3  64  390  233 300 -386  0
4218500 2850500  5 16 12  13.3 1016 260  2.5 2  5.2  57  774   68 286 -398  0
4218500 2850500  5 16 13  13.8 1015 258  3.5 3  4.9  50  506  206 282 -408  0
4218500 2850500  5 16 14  14.4 1014 271  2.9 5  4.5  45  164  307 291 -412  0
4218500 2850500  5 16 15  14.8 1014 291  3.8 5  4.4  43  141  277 297 -415  0
4218500 2850500  5 16 16  14.4 1013 278  3.7 6  4.5  43   77  240 299 -410  0
4218500 2850500  5 16 17  14.6 1013 272  2.2 5  4.5  44   48  187 296 -401  0
4218500 2850500  5 16 18  13.9 1013 204  2.0 3  4.6  45  137  109 284 -398  0
4218500 2850500  5 16 19  13.7 1012 317  0.8 2  4.7  48   66   63 272 -386  0
4218500 2850500  5 16 20  12.0 1012 162  1.3 1  4.8  52    3   20 265 -371  0
4218500 2850500  5 16 21  10.0 1012 132  2.1 1  5.0  61    0    0 258 -358  0
4218500 2850500  5 16 22   8.7 1012 128  2.5 1  5.2  70    0    0 254 -350  0
4218500 2850500  5 16 23   7.4 1012 116  2.7 1  5.2  77    0    0 250 -346  0
4218500 2850500  5 16 24   6.8 1011 128  2.8 0  5.1  82    0    0 246 -344  0
4218500 2850500  5 17  1   6.5 1011 133  3.0 1  5.2  86    0    0 247 -343  0
4218500 2850500  5 17  2   6.3 1011 131  3.1 2  5.4  90    0    0 253 -341  0
4218500 2850500  5 17  3   6.2 1011 122  3.1 2  5.4  92    0    0 256 -340  0
4218500 2850500  5 17  4   6.2 1011 125  3.2 3  5.5  92    0    0 259 -339  0
4218500 2850500  5 17  5   6.7 1010 125  3.0 4  5.6  92    0    0 265 -338  0
4218500 2850500  5 17  6   8.1 1010 127  2.9 5  5.7  88   21   53 271 -339  0
4218500 2850500  5 17  7   9.8 1011 132  3.3 6  5.7  80   46  113 279 -346  0
4218500 2850500  5 17  8  11.8 1011 125  3.4 6  5.7  70   71  198 287 -358  0
4218500 2850500  5 17  9  14.6 1010 130  3.2 6  5.7  60  200  259 296 -375  0
4218500 2850500  5 17 10  17.2 1010 132  3.9 6  5.8  51  436  232 306 -394  0
4218500 2850500  5 17 11  18.5 1009 148  5.5 5  5.3  42  557  225 312 -411  0
4218500 2850500  5 17 12  19.5 1009 153  5.4 5  4.8  35  512  284 316 -425  0
4218500 2850500  5 17 13  19.8 1008 153  5.0 7  4.6  32  220  388 328 -435  0
4218500 2850500  5 17 14  20.6 1008 159  4.0 6  4.6  31   73  341 335 -438  0
4218500 2850500  5 17 15  20.2 1007 182  4.6 7  4.4  30   24  275 338 -438  0
4218500 2850500  5 17 16  16.9 1007 207  4.7 8  4.9  37    0  113 342 -428  0
4218500 2850500  5 17 17  16.4 1008 262  2.3 8  6.1  52    0   75 345 -416  0
4218500 2850500  5 17 18  16.4 1008 181  3.0 7  6.4  55    0   61 342 -412  0
4218500 2850500  5 17 19  16.0 1008 162  2.8 6  6.3  55    0   43 333 -408  0
4218500 2850500  5 17 20  15.4 1008 171  3.4 7  6.5  58    0   18 333 -401  0
4218500 2850500  5 17 21  14.8 1008 197  3.0 7  6.8  63    0    0 337 -392  0
4218500 2850500  5 17 22  13.4 1008 203  2.9 6  7.1  71    0    0 331 -385  0
4218500 2850500  5 17 23  13.6 1008 201  3.0 6  7.6  78    0    0 326 -381  0
4218500 2850500  5 17 24  13.3 1008 192  3.1 6  8.0  83    0    0 328 -378  0
4218500 2850500  5 18  1  12.6 1008 209  2.7 5  8.2  87    0    0 323 -375  0
4218500 2850500  5 18  2  12.0 1008 202  2.7 4  8.1  90    0    0 311 -372  0
4218500 2850500  5 18  3  10.9 1008 202  2.8 3  7.8  92    0    0 297 -370  0
4218500 2850500  5 18  4  10.1 1008 190  2.7 2  7.5  94    0    0 286 -369  0
4218500 2850500  5 18  5   9.4 1008 174  2.2 2  7.3  96    0    9 280 -369  0
4218500 2850500  5 18  6  10.3 1008 183  2.8 2  7.3  96   58   54 280 -370  0
4218500 2850500  5 18  7  12.5 1008 213  3.4 1  7.5  89  188   83 281 -376  0
4218500 2850500  5 18  8  14.5 1008 223  3.6 1  7.7  79  326  101 281 -385  0
4218500 2850500  5 18  9  16.9 1008 199  3.0 2  7.8  70  375  154 295 -394  0
4218500 2850500  5 18 10  18.4 1008 192  4.6 5  7.8  61  258  281 325 -402  0
4218500 2850500  5 18 11  18.9 1008 208  4.8 6  7.8  58  178  342 350 -406  0
4218500 2850500  5 18 12  19.1 1008 225  5.8 5  7.9  57  220  358 352 -406  0
4218500 2850500  5 18 13  17.7 1007 240  4.3 6  8.4  63   69  344 351 -408  0
4218500 2850500  5 18 14  18.3 1008 225  5.5 5  8.4  65  111  334 350 -413  0
4218500 2850500  5 18 15  18.7 1007 253  5.3 4  7.8  58   81  296 342 -419  0
4218500 2850500  5 18 16  15.6 1007 255  5.3 6  8.0  65    0  136 338 -428  0
4218500 2850500  5 18 17  15.8 1008 264  3.7 5  9.0  80    5  167 338 -429  0
4218500 2850500  5 18 18  16.8 1007 268  3.4 4  9.4  80  172  116 331 -419  0
4218500 2850500  5 18 19  16.1 1008 232  3.2 4  9.3  78   60   75 327 -405  0
4218500 2850500  5 18 20  15.2 1008 245  2.8 6  9.6  85    5   22 331 -392  0
4218500 2850500  5 18 21  14.5 1008 247  2.3 6  9.4  88    0    0 337 -386  0
4218500 2850500  5 18 22  13.3 1009 218  2.3 5  9.1  91    0    0 325 -381  0
4218500 2850500  5 18 23  12.7 1009 193  2.7 5  8.9  94    0    0 315 -379  0
4218500 2850500  5 18 24  13.0 1009 189  2.6 6  8.7  93    0    0 321 -377  0
4218500 2850500  5 19  1  12.4 1008 185  2.5 5  8.5  92    0    0 323 -375  0
4218500 2850500  5 19  2  12.7 1007 178  2.9 8  8.4  92    0    0 336 -373  0
4218500 2850500  5 19  3  12.4 1007 177  2.1 8  8.5  93    0    0 356 -371  0
4218500 2850500  5 19  4  12.5 1006 176  2.0 7  8.6  94    0    0 350 -370  0
4218500 2850500  5 19  5  12.5 1005 193  1.8 7  8.7  96    0    1 345 -370  0
4218500 2850500  5 19  6  12.7 1005  17  1.0 8  8.9  97    0   29 351 -373  0
4218500 2850500  5 19  7  13.3 1005 227  1.7 8  9.1  97    0   62 357 -377  0
4218500 2850500  5 19  8  14.0 1005 269  3.3 8  9.5  96    0   87 360 -384  0
4218500 2850500  5 19  9  14.6 1005 295  4.1 7  9.7  95    3  196 356 -391  0
4218500 2850500  5 19 10  13.9 1006 299  4.6 7  9.4  92   14  274 350 -400  0
4218500 2850500  5 19 11  15.3 1007 297  4.0 7  8.9  85   74  362 352 -400  0
4218500 2850500  5 19 12  16.9 1007 276  4.0 6  8.5  74  112  392 350 -396  0
4218500 2850500  5 19 13  17.6 1007 254  3.9 6  8.0  64   91  382 348 -402  0
4218500 2850500  5 19 14  17.3 1007 241  3.5 6  7.6  61   17  302 348 -414  0
4218500 2850500  5 19 15  18.4 1007 234  3.4 6  7.6  59   13  267 349 -425  0
4218500 2850500  5 19 16  17.9 1006 223  2.0 6  7.3  56   72  282 347 -432  0
4218500 2850500  5 19 17  17.0 1005 234  1.0 7  7.1  57    0  151 347 -430  0
4218500 2850500  5 19 18  16.4 1005 139  1.5 8  7.8  65    0   50 355 -423  0
4218500 2850500  5 19 19  15.2 1004  76  1.9 8  8.3  73    0   25 358 -411  0
4218500 2850500  5 19 20  14.0 1003  77  2.2 8  8.7  83    0    3 356 -399  0
4218500 2850500  5 19 21  13.7 1002  21  1.9 8  9.1  91    0    0 356 -392  0
4218500 2850500  5 19 22  12.9 1002  84  4.0 8  9.1  94    0    0 356 -388  0
4218500 2850500  5 19 23  12.9 1001 344  2.8 8  9.0  96    0    0 356 -384  0
4218500 2850500  5 19 24  12.6 1001 312  4.1 8  9.1  97    0    0 357 -383  0
4218500 2850500  5 20  1  12.4 1002 254  3.9 7  9.0  98    0    0 352 -383  0
4218500 2850500  5 20  2  12.6 1002 245  5.7 6  8.8  96    0    0 342 -382  0
4218500 2850500  5 20  3  12.1 1003 256  5.8 6  8.4  93    0    0 337 -378  0
4218500 2850500  5 20  4  11.6 1004 253  6.2 6  7.9  90    0    0 334 -372  0
4218500 2850500  5 20  5  11.4 1005 251  5.7 7  7.3  86    0    1 336 -367  0
4218500 2850500  5 20  6  11.3 1006 249  4.8 6  6.8  81    4   40 332 -365  0
4218500 2850500  5 20  7  11.9 1007 241  4.9 6  6.6  77   29  103 328 -368  0
4218500 2850500  5 20  8  12.6 1007 244  5.8 6  6.5  73  120  162 329 -374  0
4218500 2850500  5 20  9  13.2 1008 252  7.2 6  6.2  66  218  196 330 -382  0
4218500 2850500  5 20 10  13.9 1008 237  6.6 6  6.0  62   70  283 331 -390  0
4218500 2850500  5 20 11  15.2 1008 244  6.5 6  6.1  59  166  309 333 -398  0
4218500 2850500  5 20 12  16.7 1008 254  6.0 5  5.9  52  384  252 333 -406  0
4218500 2850500  5 20 13  17.0 1008 254  5.7 5  5.3  44  422  237 331 -405  0
4218500 2850500  5 20 14  17.5 1008 274  6.4 5  4.8  39  376  240 328 -407  0
4218500 2850500  5 20 15  17.4 1008 248  5.2 5  4.7  38  237  255 325 -416  0
4218500 2850500  5 20 16  17.9 1008 238  5.4 7  4.7  37    0  150 331 -418  0
4218500 2850500  5 20 17  17.5 1009 240  4.9 6  4.7  37   61  194 333 -415  0
4218500 2850500  5 20 18  17.5 1009 215  3.4 5  4.9  39   53  132 325 -405  0
4218500 2850500  5 20 19  16.7 1009  88  3.3 5  4.7  39    7   66 319 -394  0
4218500 2850500  5 20 20  15.4 1010 263  2.7 4  4.5  39    0    9 311 -384  0
4218500 2850500  5 20 21  13.1 1010 243  2.7 4  4.7  47    0    0 301 -378  0
4218500 2850500  5 20 22  11.4 1010 235  3.0 3  5.3  60    0    0 291 -375  0
4218500 2850500  5 20 23  11.0 1010 227  3.1 2  5.6  68    0    0 280 -371  0
4218500 2850500  5 20 24  10.7 1011 242  2.3 2  5.7  70    0    0 275 -368  0
4218500 2850500  5 21  1  10.7 1011 260  3.7 2  5.5  69    0    0 270 -365  0
4218500 2850500  5 21  2   8.5 1011 215  2.7 0  5.3  72    0    0 254 -363  0
4218500 2850500  5 21  3   7.5 1010 225  2.8 0  5.4  80    0    0 240 -363  0
4218500 2850500  5 21  4   7.6 1011 232  3.3 1  5.5  84    0    0 245 -362  0
4218500 2850500  5 21  5   7.3 1011 199  3.1 1  5.5  85    6   12 249 -362  0
4218500 2850500  5 21  6   9.0 1011 226  3.0 2  5.6  83   31   49 255 -364  0
4218500 2850500  5 21  7  11.1 1013 235  4.0 3  5.8  76   30  108 271 -368  0
4218500 2850500  5 21  8  13.1 1013 259  5.8 4  6.0  68  310   87 290 -375  0
4218500 2850500  5 21  9  13.7 1013 282  4.8 5  6.2  65  207  219 306 -383  0
4218500 2850500  5 21 10  13.9 1014 282  4.0 6  6.3  64  219  275 325 -389  0
4218500 2850500  5 21 11  14.9 1014 275  4.6 7  6.3  62  118  338 345 -395  0
4218500 2850500  5 21 12  15.3 1014 259  4.3 8  6.4  60   18  299 357 -410  0
4218500 2850500  5 21 13  16.7 1014 291  3.8 6  6.4  57  102  351 352 -425  0
4218500 2850500  5 21 14  16.6 1014   8  2.6 5  6.2  52  209  325 339 -432  0
4218500 2850500  5 21 15  17.4 1015 304  3.5 6  6.0  50  129  298 337 -418  0
4218500 2850500  5 21 16  17.1 1015 269  4.5 6  6.0  49  180  250 338 -401  0
4218500 2850500  5 21 17  17.2 1015 253  3.4 6  5.9  49  145  195 336 -399  0
4218500 2850500  5 21 18  16.8 1015 274  3.8 6  5.9  49   36  141 334 -394  0
4218500 2850500  5 21 19  16.1 1015 247  2.8 5  5.8  50   36   79 329 -387  0
4218500 2850500  5 21 20  15.1 1016 244  3.8 4  5.7  52    1   20 319 -381  0
4218500 2850500  5 21 21  13.1 1016 257  2.4 2  5.8  58    0    0 303 -377  0
4218500 2850500  5 21 22  12.3 1017 233  2.7 2  6.3  69    0    0 292 -373  0
4218500 2850500  5 21 23  11.6 1017 255  3.3 1  6.5  75    0    0 286 -369  0
4218500 2850500  5 21 24  10.5 1017 246  2.8 1  6.6  81    0    0 277 -365  0
4218500 2850500  5 22  1   9.7 1016 246  3.0 1  6.6  86    0    0 273 -360  0
4218500 2850500  5 22  2   9.6 1016 333  3.0 1  6.6  88    0    0 272 -356  0
4218500 2850500  5 22  3   9.4 1017 255  2.9 1  6.6  89    0    0 271 -353  0
4218500 2850500  5 22  4   9.1 1017 269  3.2 2  6.7  92    0    0 275 -350  0
4218500 2850500  5 22  5   9.3 1017 248  2.5 3  6.8  94    0    1 285 -348  0
4218500 2850500  5 22  6  10.3 1017 230  2.3 3  7.0  93   18   53 292 -348  0
4218500 2850500  5 22  7  11.7 1019 260  2.8 2  7.2  89  180   93 290 -354  0
4218500 2850500  5 22  8  13.4 1019 258  2.5 3  7.2  80  315  116 293 -366  0
4218500 2850500  5 22  9  14.9 1019 271  3.0 3  6.8  68  439  134 302 -377  0
4218500 2850500  5 22 10  16.1 1019 251  3.2 3  6.3  58  482  186 306 -389  0
4218500 2850500  5 22 11  16.9 1018 277  4.4 4  5.9  50  301  326 314 -403  0
4218500 2850500  5 22 12  17.7 1018 226  3.9 4  5.6  45  181  378 321 -414  0
4218500 2850500  5 22 13  17.6 1018 225  3.8 5  5.6  45  149  377 326 -423  0
4218500 2850500  5 22 14  18.5 1018 227  4.3 3  5.8  45  276  345 324 -429  0
4218500 2850500  5 22 15  17.6 1017 222  4.9 5  5.9  46   32  289 324 -431  0
4218500 2850500  5 22 16  17.5 1017 227  4.5 6  5.9  47    7  218 335 -432  0
4218500 2850500  5 22 17  17.4 1017 219  3.5 7  6.0  49   26  205 344 -428  0
4218500 2850500  5 22 18  17.3 1016 178  3.3 4  6.2  51  100  148 337 -421  0
4218500 2850500  5 22 19  16.9 1016 219  3.4 3  6.2  51   70   83 319 -409  0
4218500 2850500  5 22 20  16.6 1016 206  4.0 5  6.2  52    8   27 323 -396  0
4218500 2850500  5 22 21  15.9 1016 214  2.8 6  6.4  56    0    0 337 -384  0
4218500 2850500  5 22 22  15.3 1016 187  3.3 6  6.5  59    0    0 341 -376  0
4218500 2850500  5 22 23  14.5 1015 207  3.5 5  6.6  62    0    0 334 -373  0
4218500 2850500  5 22 24  14.4 1014 212  3.7 4  7.0  68    0    0 323 -372  0
4218500 2850500  5 23  1  14.1 1014 202  3.7 6  7.5  74    0    0 329 -371  0
4218500 2850500  5 23  2  13.9 1013 201  3.7 6  7.5  76    0    0 339 -369  0
4218500 2850500  5 23  3  13.9 1013 200  3.9 6  7.5  76    0    0 339 -369  0
4218500 2850500  5 23  4  13.8 1012 200  3.9 7  7.6  76    0    0 345 -371  0
4218500 2850500  5 23  5  13.7 1011 192  4.6 7  7.7  78    0    1 351 -373  0
4218500 2850500  5 23  6  14.0 1011 212  4.9 7  8.0  81    0   15 351 -376  0
4218500 2850500  5 23  7  14.7 1011 206  5.1 6  8.4  82    3   99 345 -379  0
4218500 2850500  5 23  8  15.5 1010 207  5.3 7  8.5  79    2  154 345 -384  0
4218500 2850500  5 23  9  16.4 1010 212  6.1 8  8.6  76    0  134 360 -393  0
4218500 2850500  5 23 10  16.2 1010 217  6.3 8  9.0  77    0  150 366 -409  0
4218500 2850500  5 23 11  16.5 1010 199  6.4 7  9.4  80    1  248 362 -425  0
4218500 2850500  5 23 12  17.2 1009 209  5.9 8  9.6  80    0  217 365 -432  0
4218500 2850500  5 23 13  19.2 1009 200  5.9 7  9.8  75   41  395 370 -436  0
4218500 2850500  5 23 14  18.0 1008 218  5.3 7  9.9  74    0  235 366 -441  0
4218500 2850500  5 23 15  15.4 1008 266  3.6 8 10.0  83    0  131 363 -442  0
4218500 2850500  5 23 16  17.2 1008 265  3.3 8 10.1  87    0  169 364 -440  0
4218500 2850500  5 23 17  18.2 1008 228  2.6 8 10.1  79    1  167 367 -437  0
4218500 2850500  5 23 18  18.9 1008 284  1.9 5  9.8  73   27  175 357 -430  0
4218500 2850500  5 23 19  18.5 1007 255  1.7 4  9.7  72   25  107 345 -421  0
4218500 2850500  5 23 20  17.3 1007  10  0.6 6  9.9  77    0   14 344 -411  0
4218500 2850500  5 23 21  15.7 1008  97  1.6 6 10.0  84    0    0 344 -400  0
4218500 2850500  5 23 22  14.7 1008  95  1.2 6  9.8  90    0    0 338 -392  0
4218500 2850500  5 23 23  13.1 1008  86  1.7 5  9.4  94    0    0 332 -389  0
4218500 2850500  5 23 24  13.2 1008  49  1.1 2  9.2  96    0    0 317 -388  0
4218500 2850500  5 24  1  12.7 1008  60  2.2 4  9.1  97    0    0 313 -385  0
4218500 2850500  5 24  2  12.5 1008  91  2.2 4  8.8  96    0    0 317 -382  0
4218500 2850500  5 24  3  11.5 1007  98  2.6 5  8.5  97    0    0 316 -380  0
4218500 2850500  5 24  4  11.4 1007 123  3.1 5  8.3  97    0    0 316 -377  0
4218500 2850500  5 24  5  12.0 1007 125  2.7 6  8.3  96    0    3 319 -376  0
4218500 2850500  5 24  6  12.9 1007 144  2.4 6  8.7  96    0   32 323 -377  0
4218500 2850500  5 24  7  14.9 1006 160  2.8 7  9.0  90   48  117 328 -383  0
4218500 2850500  5 24  8  18.1 1006 156  3.0 6  9.4  79  126  199 335 -397  0
4218500 2850500  5 24  9  20.3 1006 152  3.2 6 10.0  71  212  256 340 -416  0
4218500 2850500  5 24 10  22.2 1006 160  4.3 6 10.0  63  448  229 348 -435  0
4218500 2850500  5 24 11  24.0 1005 147  4.8 5  9.8  55  555  228 352 -453  0
4218500 2850500  5 24 12  26.4 1005 154  5.9 5  9.5  47  604  236 358 -468  0
4218500 2850500  5 24 13  27.5 1004 144  6.3 5  8.6  38  560  267 364 -480  0
4218500 2850500  5 24 14  27.8 1004 150  6.8 4  7.8  34  501  276 364 -487  0
4218500 2850500  5 24 15  28.3 1004 129  5.4 4  7.5  32  499  228 362 -490  0
4218500 2850500  5 24 16  29.0 1003 143  5.9 4  7.5  30  406  206 364 -489  0
4218500 2850500  5 24 17  28.7 1003 143  6.1 4  7.3  29  289  178 365 -483  0
4218500 2850500  5 24 18  27.7 1002 149  5.2 4  7.1  29  157  146 362 -472  0
4218500 2850500  5 24 19  26.7 1002 157  4.8 3  7.0  31   67   91 355 -459  0
4218500 2850500  5 24 20  24.7 1003 162  3.7 4  7.1  34    6   28 350 -444  0
4218500 2850500  5 24 21  21.4 1003 160  3.5 3  7.5  42    0    0 341 -430  0
4218500 2850500  5 24 22  19.6 1003 121  3.5 1  8.0  53    0    0 323 -417  0
4218500 2850500  5 24 23  18.6 1004 147  3.7 1  8.7  62    0    0 310 -408  0
4218500 2850500  5 24 24  19.1 1004 140  3.6 1  8.9  65    0    0 308 -401  0
4218500 2850500  5 25  1  17.8 1004 137  3.4 0  9.2  69    0    0 306 -397  0
4218500 2850500  5 25  2  17.1 1004 130  3.7 0  9.7  77    0    0 302 -394  0
4218500 2850500  5 25  3  15.6 1004 123  3.5 1  9.5  81    0    0 301 -390  0
4218500 2850500  5 25  4  15.0 1004 117  3.4 1  9.3  85    0    0 301 -387  0
4218500 2850500  5 25  5  15.9 1004 121  3.3 1  9.1  82    4   17 301 -386  0
4218500 2850500  5 25  6  17.1 1004 120  3.7 1  8.7  74   73   65 305 -387  0
4218500 2850500  5 25  7  18.6 1004 155  3.0 1  8.7  68  182  100 309 -394  0
4218500 2850500  5 25  8  21.0 1004 139  3.6 1  9.1  62  306  128 317 -408  0
4218500 2850500  5 25  9  22.9 1004 157  4.0 1  9.0  54  428  151 325 -428  0
4218500 2850500  5 25 10  24.6 1004 195  2.9 0  9.2  49  552  159 327 -448  0
4218500 2850500  5 25 11  25.1 1004 161  2.1 0  9.6  48  645  165 330 -467  0
4218500 2850500  5 25 12  26.3 1004 252  2.1 0  9.6  46  684  177 336 -483  0
4218500 2850500  5 25 13  26.8 1005 268  2.9 1  9.6  44  666  194 348 -495  0
4218500 2850500  5 25 14  26.9 1005 287  3.0 1  9.6  43  581  221 354 -501  0
4218500 2850500  5 25 15  27.1 1005 299  3.8 1  9.2  41  520  206 354 -502  0
4218500 2850500  5 25 16  27.2 1005 293  4.8 1  9.1  40  400  202 355 -500  0
4218500 2850500  5 25 17  26.7 1005 304  6.0 2  9.4  42  270  182 353 -494  0
4218500 2850500  5 25 18  25.5 1005 305  5.5 1  9.5  44  139  148 345 -485  0
4218500 2850500  5 25 19  24.2 1006 310  5.8 1  9.5  48   55   89 329 -472  0
4218500 2850500  5 25 20  21.3 1007 306  6.5 3  9.6  55    4   27 326 -459  0
4218500 2850500  5 25 21  19.2 1008 310  6.9 4  9.3  62    0    0 330 -446  0
4218500 2850500  5 25 22  19.3 1009 324  5.6 5  8.9  64    0    0 336 -436  0
4218500 2850500  5 25 23  18.7 1010 325  4.6 5  8.5  62    0    0 340 -429  0
4218500 2850500  5 25 24  18.1 1011 314  4.4 6  8.3  62    0    0 344 -426  0
4218500 2850500  5 26  1  17.4 1011 313  4.6 7  8.5  67    0    0 354 -423  0
4218500 2850500  5 26  2  15.0 1012 333  4.4 6  8.9  77    0    0 350 -420  0
4218500 2850500  5 26  3  14.3 1012 314  3.8 6  9.3  89    0    0 339 -416  0
4218500 2850500  5 26  4  14.1 1013 306  3.6 8  9.6  94    0    0 348 -410  0
4218500 2850500  5 26  5  14.0 1013 329  3.6 7  9.7  96    0    4 354 -405  0
4218500 2850500  5 26  6  14.1 1013 292  3.2 6  9.6  95   11   49 342 -404  0
4218500 2850500  5 26  7  14.4 1014 311  4.0 5  9.2  90   57  100 330 -405  0
4218500 2850500  5 26  8  15.0 1015 330  5.2 6  8.6  82   45  181 330 -409  0
4218500 2850500  5 26  9  15.9 1015 314  4.9 6  8.3  76  116  239 339 -414  0
4218500 2850500  5 26 10  15.9 1016 307  4.5 6  8.2  73   48  286 342 -421  0
4218500 2850500  5 26 11  15.6 1017 324  4.5 6  8.1  73  116  327 344 -430  0
4218500 2850500  5 26 12  16.9 1017 334  3.7 6  8.2  71  376  274 350 -436  0
4218500 2850500  5 26 13  18.6 1017 328  4.1 5  8.4  67  575  169 354 -435  0
4218500 2850500  5 26 14  19.3 1017 327  3.9 5  8.5  62  416  242 354 -432  0
4218500 2850500  5 26 15  19.3 1017 325  4.2 5  8.1  58  416  135 354 -426  0
4218500 2850500  5 26 16  20.0 1017 349  4.0 4  8.0  56  419  122 349 -420  0
4218500 2850500  5 26 17  19.7 1017 343  3.8 6  7.6  53  114  198 352 -417  0
4218500 2850500  5 26 18  19.5 1017  14  4.1 6  7.4  52    4  119 360 -414  0
4218500 2850500  5 26 19  18.4 1017  14  3.6 4  7.6  56   20   81 349 -407  0
4218500 2850500  5 26 20  18.0 1018  47  4.2 7  7.6  58    5   26 353 -402  0
4218500 2850500  5 26 21  17.2 1018  25  3.8 7  7.5  60    0    0 366 -397  0
4218500 2850500  5 26 22  16.7 1019  50  4.1 6  7.5  63    0    0 359 -389  0
4218500 2850500  5 26 23  15.9 1019  41  3.2 6  7.6  66    0    0 352 -384  0
4218500 2850500  5 26 24  15.0 1019  42  3.4 6  7.5  69    0    0 349 -382  0
4218500 2850500  5 27  1  14.3 1019  48  3.2 6  7.1  69    0    0 346 -380  0
4218500 2850500  5 27  2  13.6 1020  58  2.5 5  6.7  68    0    0 338 -377  0
4218500 2850500  5 27  3  12.8 1020  58  2.5 5  6.6  70    0    0 329 -373  0
4218500 2850500  5 27  4  13.4 1020  55  2.4 6  6.7  71    0    0 333 -370  0
4218500 2850500  5 27  5  13.5 1020  52  2.7 6  6.8  71    0   14 339 -368  0
4218500 2850500  5 27  6  14.2 1021  57  3.0 7  6.9  71    0   31 344 -369  0
4218500 2850500  5 27  7  14.7 1021  56  3.4 5  7.1  70   13  112 339 -374  0
4218500 2850500  5 27  8  15.7 1021  67  3.9 5  7.1  67  168  191 329 -384  0
4218500 2850500  5 27  9  16.8 1021  53  3.3 5  6.9  61  206  258 331 -398  0
4218500 2850500  5 27 10  17.7 1021  61  3.5 4  6.8  56  367  267 328 -415  0
4218500 2850500  5 27 11  18.3 1021  62  3.5 3  6.8  54  446  285 321 -430  0
4218500 2850500  5 27 12  19.9 1021  29  3.8 2  6.8  50  629  218 316 -442  0
4218500 2850500  5 27 13  21.3 1020  61  4.1 2  6.8  45  638  219 319 -449  0
4218500 2850500  5 27 14  21.9 1020  29  3.3 3  6.7  42  540  252 328 -449  0
4218500 2850500  5 27 15  22.5 1020  71  2.6 3  6.6  40  445  247 336 -452  0
4218500 2850500  5 27 16  22.0 1020  46  2.7 3  6.6  40  346  231 336 -455  0
4218500 2850500  5 27 17  21.8 1019  50  2.8 3  6.6  41  249  198 333 -449  0
4218500 2850500  5 27 18  21.1 1019  40  3.1 3  6.7  42  131  155 330 -439  0
4218500 2850500  5 27 19  20.7 1019  47  3.5 2  6.7  44   69   92 324 -426  0
4218500 2850500  5 27 20  19.4 1019  27  4.3 2  6.8  47    9   30 316 -412  0
4218500 2850500  5 27 21  18.3 1019  44  4.1 3  6.7  49    0    0 315 -398  0
4218500 2850500  5 27 22  17.1 1020  52  4.5 3  6.4  51    0    0 314 -388  0
4218500 2850500  5 27 23  16.3 1020  40  4.1 3  6.2  52    0    0 309 -381  0
4218500 2850500  5 27 24  15.8 1020  49  4.1 6  6.2  54    0    0 320 -377  0
4218500 2850500  5 28  1  15.1 1021  48  3.6 7  6.6  60    0    0 336 -375  0
4218500 2850500  5 28  2  14.5 1021  45  3.3 8  6.8  65    0    0 343 -371  0
4218500 2850500  5 28  3  14.0 1021  49  3.3 8  6.9  68    0    0 345 -368  0
4218500 2850500  5 28  4  13.4 1021  52  3.5 8  7.0  72    0    0 346 -365  0
4218500 2850500  5 28  5  13.0 1021  50  3.3 7  7.0  74    2   13 342 -362  0
4218500 2850500  5 28  6  13.7 1021  52  3.5 7  7.0  73   61   62 340 -363  0
4218500 2850500  5 28  7  15.2 1021  46  3.7 5  6.9  68   71  116 334 -370  0
4218500 2850500  5 28  8  16.0 1021  74  4.1 6  6.9  63   92  197 331 -383  0
4218500 2850500  5 28  9  16.6 1021  57  3.6 6  6.8  59   54  259 336 -399  0
4218500 2850500  5 28 10  17.5 1021  33  3.4 7  6.7  56   57  310 341 -416  0
4218500 2850500  5 28 11  18.7 1021  49  3.3 7  6.8  53  165  359 348 -432  0
4218500 2850500  5 28 12  20.3 1020  58  4.0 5  6.6  47  349  338 344 -445  0
4218500 2850500  5 28 13  21.6 1020  93  3.7 3  6.4  41  687  162 335 -453  0
4218500 2850500  5 28 14  22.4 1019  57  2.9 2  6.2  38  734  109 329 -456  0
4218500 2850500  5 28 15  23.2 1019  55  3.7 1  6.2  36  643  114 326 -455  0
4218500 2850500  5 28 16  23.3 1018  53  3.6 1  6.1  35  505  127 324 -452  0
4218500 2850500  5 28 17  23.4 1018  41  3.7 1  6.0  34  366  121 324 -447  0
4218500 2850500  5 28 18  22.4 1017  38  4.4 1  6.0  34  201  117 322 -437  0
4218500 2850500  5 28 19  21.1 1017  35  4.1 1  6.2  38   88   80 318 -424  0
4218500 2850500  5 28 20  19.4 1017  26  4.6 1  6.4  43   12   30 314 -410  0
4218500 2850500  5 28 21  17.5 1017  31  4.7 1  6.4  49    0    0 307 -397  0
4218500 2850500  5 28 22  16.1 1018  33  4.5 1  6.3  53    0    0 301 -387  0
4218500 2850500  5 28 23  15.0 1018  50  4.4 1  6.1  56    0    0 295 -379  0
4218500 2850500  5 28 24  13.9 1019  62  3.6 1  5.9  57    0    0 292 -373  0
4218500 2850500  5 29  1  13.2 1019  45  3.1 0  5.8  60    0    0 285 -370  0
4218500 2850500  5 29  2  12.0 1018  42  3.4 0  5.9  65    0    0 280 -367  0
4218500 2850500  5 29  3  11.2 1018  53  3.1 1  5.8  69    0    0 281 -366  0
4218500 2850500  5 29  4  10.8 1018  51  3.3 1  5.9  72    0    0 283 -364  0
4218500 2850500  5 29  5  11.3 1017  71  2.8 2  5.9  72    7   16 286 -363  0
4218500 2850500  5 29  6  12.6 1017  84  3.1 2  6.1  71   77   62 293 -365  0
4218500 2850500  5 29  7  14.3 1017  91  3.1 2  6.6  69  190   92 296 -372  0
4218500 2850500  5 29  8  16.7 1017  90  3.4 1  7.0  64  313  117 298 -385  0
4218500 2850500  5 29  9  18.5 1017  94  2.9 1  7.1  57  424  145 300 -403  0
4218500 2850500  5 29 10  20.4 1017  92  3.0 1  7.2  51  540  156 307 -421  0
4218500 2850500  5 29 11  21.8 1017  79  3.2 2  7.3  47  622  167 316 -439  0
4218500 2850500  5 29 12  22.8 1017 104  2.7 3  7.2  43  661  179 328 -453  0
4218500 2850500  5 29 13  24.5 1016  68  2.8 3  7.3  40  663  184 337 -462  0
4218500 2850500  5 29 14  25.1 1016  67  2.7 3  7.4  38  614  190 342 -465  0
4218500 2850500  5 29 15  25.8 1015  96  2.6 2  7.4  36  541  183 341 -465  0
4218500 2850500  5 29 16  25.5 1015  73  3.4 2  7.1  34  426  178 337 -463  0
4218500 2850500  5 29 17  25.5 1014  87  3.7 3  6.6  32  312  155 337 -459  0
4218500 2850500  5 29 18  24.6 1014  88  4.1 3  6.2  31  180  130 337 -451  0
4218500 2850500  5 29 19  23.1 1013  84  3.7 3  5.6  30   77   85 330 -438  0
4218500 2850500  5 29 20  21.2 1013  82  3.7 4  5.2  32   11   30 326 -424  0
4218500 2850500  5 29 21  18.4 1013  85  3.1 3  4.9  34    0    0 317 -410  0
4218500 2850500  5 29 22  17.2 1014  89  3.4 2  5.0  40    0    0 303 -400  0
4218500 2850500  5 29 23  15.8 1014 100  3.2 2  5.4  46    0    0 295 -392  0
4218500 2850500  5 29 24  14.6 1014 114  3.1 1  5.7  53    0    0 289 -385  0
4218500 2850500  5 30  1  14.2 1014 117  2.7 0  6.0  59    0    0 280 -380  0
4218500 2850500  5 30  2  12.5 1014 114  2.7 1  6.0  63    0    0 276 -376  0
4218500 2850500  5 30  3  11.3 1014 120  2.5 2  6.1  70    0    0 279 -373  0
4218500 2850500  5 30  4  10.4 1014 112  2.5 1  6.1  76    0    0 276 -371  0
4218500 2850500  5 30  5  10.5 1014 106  2.3 1  6.2  79   10   18 271 -369  0
4218500 2850500  5 30  6  13.4 1013 123  2.3 1  6.6  76   97   57 277 -371  0
4218500 2850500  5 30  7  16.1 1013 123  2.2 0  7.1  68  223   75 282 -381  0
4218500 2850500  5 30  8  19.4 1013 127  2.7 0  7.0  55  364   84 288 -396  0
4218500 2850500  5 30  9  21.5 1013 134  3.3 0  6.5  44  510   86 299 -415  0
4218500 2850500  5 30 10  22.7 1013 135  3.2 0  6.3  38  644   82 305 -434  0
4218500 2850500  5 30 11  24.1 1012 138  1.9 0  6.3  35  748   76 313 -452  0
4218500 2850500  5 30 12  25.1 1012 169  2.6 0  6.0  31  784   88 318 -472  0
4218500 2850500  5 30 13  25.9 1011 192  2.5 0  5.5  27  774  101 321 -483  0
4218500 2850500  5 30 14  27.4 1011 184  1.1 0  5.1  24  729  107 326 -487  0
4218500 2850500  5 30 15  28.0 1010 160  2.4 0  4.9  21  215  304 330 -489  0
4218500 2850500  5 30 16  28.0 1010  18  1.7 0  4.7  20  511  119 329 -482  0
4218500 2850500  5 30 17  28.2 1009  99  1.4 0  4.7  20  374  113 329 -474  0
4218500 2850500  5 30 18  27.4 1009  99  1.9 0  5.0  21  212  109 328 -466  0
4218500 2850500  5 30 19  25.5 1008  73  2.0 1  5.1  24   92   78 325 -453  0
4218500 2850500  5 30 20  22.5 1008  71  2.7 1  5.6  30   15   29 321 -438  0
4218500 2850500  5 30 21  19.7 1008  78  2.6 1  5.9  38    0    0 312 -424  0
4218500 2850500  5 30 22  17.8 1009  86  2.6 0  5.8  42    0    0 302 -413  0
4218500 2850500  5 30 23  16.2 1009  96  2.4 0  5.9  49    0    0 295 -408  0
4218500 2850500  5 30 24  15.1 1009 102  2.4 1  6.2  56    0    0 296 -405  0
4218500 2850500  5 31  1  13.7 1008 122  2.9 0  6.6  64    0    0 294 -403  0
4218500 2850500  5 31  2  14.3 1008 136  2.1 0  6.7  67    0    0 290 -402  0
4218500 2850500  5 31  3  12.8 1008 122  2.1 1  6.8  70    0    0 292 -400  0
4218500 2850500  5 31  4  12.8 1007 109  2.2 1  6.9  75    0    0 294 -398  0
4218500 2850500  5 31  5  11.7 1007 112  2.0 3  7.1  79   17   20 299 -398  0
4218500 2850500  5 31  6  13.7 1007 114  1.7 4  7.6  83   82   57 309 -400  0
4218500 2850500  5 31  7  17.1 1007 146  1.6 3  8.1  73  216   75 316 -406  0
4218500 2850500  5 31  8  20.7 1007 174  1.1 3  7.8  57  354   85 322 -419  0
4218500 2850500  5 31  9  23.4 1007 279  2.2 3  7.5  45  341  179 333 -435  0
4218500 2850500  5 31 10  22.8 1007 298  2.5 4  7.4  41  133  314 341 -453  0
4218500 2850500  5 31 11  21.5 1007 245  2.3 7  8.0  48    0  187 351 -470  0
4218500 2850500  5 31 12  22.9 1007 233  1.8 7  8.9  53    1  234 362 -486  0
4218500 2850500  5 31 13  25.1 1007 279  3.5 6  8.4  45  120  374 363 -497  0
4218500 2850500  5 31 14  25.7 1007 238  3.9 5  8.0  39  292  339 362 -502  0
4218500 2850500  5 31 15  26.2 1006 181  2.7 5  8.3  40  123  320 363 -503  0
4218500 2850500  5 31 16  26.5 1006  36  3.6 5  8.7  40   32  251 364 -496  0
4218500 2850500  5 31 17  25.7 1006 252  3.4 6  9.3  44   42  216 365 -483  0
4218500 2850500  5 31 18  24.6 1006 290  3.7 6  9.2  46   34  153 363 -474  0
4218500 2850500  5 31 19  24.2 1006 266  3.3 6  8.8  46    7   80 359 -467  0
4218500 2850500  5 31 20  22.9 1006 288  1.6 6  9.0  49    0   20 356 -453  0
4218500 2850500  5 31 21  19.9 1007 318  2.8 5  9.7  60    0    0 347 -440  0
4218500 2850500  5 31 22  19.9 1007  33  3.6 3  9.9  67    0    0 333 -429  0
4218500 2850500  5 31 23  18.5 1007  46  2.5 2  9.3  67    0    0 319 -421  0
4218500 2850500  5 31 24  17.7 1008  61  2.6 1  8.7  67    0    0 309 -414  0
4218500 2850500  6  1  1  16.0 1008  48  2.5 1  8.6  75    0    0 301 -404  0
4218500 2850500  6  1  2  14.8 1008  29  2.3 1  8.5  78    0    0 296 -402  0
4218500 2850500  6  1  3  14.5 1008  14  2.0 1  8.6  82    0    0 295 -397  0
4218500 2850500  6  1  4  13.5 1008 350  1.8 2  8.6  86    0    0 297 -393  0
4218500 2850500  6  1  5  13.3 1009   1  1.6 2  8.6  89    4   17 298 -391  0
4218500 2850500  6  1  6  15.2 1009 351  1.1 1  8.9  87   74   66 297 -392  0
4218500 2850500  6  1  7  17.9 1009 358  1.9 1  9.0  76  211   87 298 -401  0
4218500 2850500  6  1  8  19.3 1009  32  2.1 1  8.6  64  352   98 304 -418  0
4218500 2850500  6  1  9  20.8 1009 334  1.9 1  8.4  57  494  102 310 -438  0
4218500 2850500  6  1 10  22.3 1010 135  1.6 2  8.1  50  594  118 322 -457  0
4218500 2850500  6  1 11  23.8 1010 112  2.3 2  7.9  45  680  124 334 -474  0
4218500 2850500  6  1 12  24.0 1009 200  2.2 2  7.8  42  722  133 342 -481  0
4218500 2850500  6  1 13  25.1 1009 335  3.0 2  8.0  41  712  147 347 -487  0
4218500 2850500  6  1 14  25.7 1009 347  2.7 1  8.0  39  696  134 349 -493  0
4218500 2850500  6  1 15  26.4 1009 185  1.5 1  7.6  36  589  153 347 -487  0
4218500 2850500  6  1 16  26.5 1008 314  2.3 1  7.2  33  423  181 343 -482  0
4218500 2850500  6  1 17  26.9 1008 340  2.6 2  6.9  32  242  191 341 -482  0
4218500 2850500  6  1 18  25.8 1008 353  2.9 2  6.8  32  179  136 338 -478  0
4218500 2850500  6  1 19  24.6 1008  79  4.0 2  6.4  32   66   95 330 -468  0
4218500 2850500  6  1 20  22.6 1008  63  3.1 2  6.0  33    6   35 323 -455  0
4218500 2850500  6  1 21  20.2 1008  67  3.2 2  5.9  37    0    0 317 -442  0
4218500 2850500  6  1 22  19.3 1009  75  3.7 2  6.3  44    0    0 313 -431  0
4218500 2850500  6  1 23  18.1 1009  65  3.6 1  7.5  56    0    0 309 -424  0
4218500 2850500  6  1 24  17.2 1009  76  3.3 0  8.5  67    0    0 301 -419  0
4218500 2850500  6  2  1  16.2 1010  83  3.0 0  8.9  75    0    0 297 -415  0
4218500 2850500  6  2  2  15.5 1010  74  3.2 0  9.3  82    0    0 299 -411  0
4218500 2850500  6  2  3  14.8 1009  80  3.0 0  9.3  86    0    0 302 -407  0
4218500 2850500  6  2  4  14.2 1009  91  3.2 1  9.2  88    0    0 306 -404  0
4218500 2850500  6  2  5  14.5 1009  94  3.3 1  9.1  89    4   17 308 -401  0
4218500 2850500  6  2  6  15.8 1009  99  3.2 1  9.1  84   68   70 308 -402  0
4218500 2850500  6  2  7  17.8 1009 119  3.0 0  9.1  76  197   99 309 -411  0
4218500 2850500  6  2  8  20.0 1009 116  2.8 0  9.2  67  333  117 314 -428  0
4218500 2850500  6  2  9  22.7 1009  84  3.1 0  9.3  58  466  129 323 -449  0
4218500 2850500  6  2 10  25.0 1009 100  3.0 1  9.5  51  575  143 336 -469  0
4218500 2850500  6  2 11  26.3 1009 115  3.2 1  9.5  46  649  157 346 -486  0
4218500 2850500  6  2 12  27.6 1009 144  3.1 1  8.9  40  566  243 353 -501  0
4218500 2850500  6  2 13  28.9 1008 110  3.5 1  8.3  34  482  293 359 -511  0
4218500 2850500  6  2 14  28.6 1008 131  3.8 1  7.9  32  541  242 361 -517  0
4218500 2850500  6  2 15  28.4 1008 109  2.7 2  7.5  31  495  221 361 -517  0
4218500 2850500  6  2 16  29.5 1007 122  3.2 2  7.6  30  405  201 364 -513  0
4218500 2850500  6  2 17  29.3 1007 132  3.6 1  7.6  30  274  186 362 -506  0
4218500 2850500  6  2 18  28.5 1007 118  4.4 0  7.5  30  180  141 355 -496  0
4218500 2850500  6  2 19  27.3 1007 116  3.7 1  7.5  32   62   99 349 -483  0
4218500 2850500  6  2 20  25.2 1007  97  4.1 0  7.7  36    6   34 341 -468  0
4218500 2850500  6  2 21  23.6 1007 101  3.9 1  7.8  41    0    0 333 -453  0
4218500 2850500  6  2 22  22.4 1008 106  3.2 1  7.9  45    0    0 331 -441  0
4218500 2850500  6  2 23  21.6 1008 114  4.1 0  8.0  48    0    0 324 -433  0
4218500 2850500  6  2 24  20.5 1009 110  3.5 0  7.9  51    0    0 319 -427  0
4218500 2850500  6  3  1  19.5 1009 108  3.3 1  8.1  55    0    0 320 -422  0
4218500 2850500  6  3  2  18.6 1009 110  3.3 2  8.2  59    0    0 324 -418  0
4218500 2850500  6  3  3  17.8 1009 106  3.2 3  8.4  64    0    0 327 -415  0
4218500 2850500  6  3  4  17.4 1009 108  2.8 4  8.5  67    0    0 330 -411  0
4218500 2850500  6  3  5  17.3 1009 118  3.7 4  8.5  69    0   13 330 -408  0
4218500 2850500  6  3  6  18.7 1009 116  3.2 3  8.8  68   40   70 328 -410  0
4218500 2850500  6  3  7  20.4 1009 114  3.5 1  9.4  66  155  118 326 -419  0
4218500 2850500  6  3  8  22.6 1009 122  2.7 1  9.9  61  240  167 328 -434  0
4218500 2850500  6  3  9  24.8 1010 112  3.7 1 10.2  55  356  191 336 -453  0
4218500 2850500  6  3 10  26.9 1010 108  3.5 1 10.6  50  522  185 345 -473  0
4218500 2850500  6  3 11  28.6 1010 110  4.5 1 10.4  44  563  222 354 -490  0
4218500 2850500  6  3 12  29.8 1010 140  3.8 1  9.8  38  558  261 360 -505  0
4218500 2850500  6  3 13  30.2 1009 135  3.6 2  8.6  32  449  322 365 -516  0
4218500 2850500  6  3 14  30.4 1009 148  2.5 1  8.2  30  432  311 366 -522  0
4218500 2850500  6  3 15  30.8 1009  82  2.5 2  8.6  31  479  242 368 -525  0
4218500 2850500  6  3 16  30.6 1009  96  3.8 2  8.4  30  385  222 369 -522  0
4218500 2850500  6  3 17  29.6 1009  91  4.4 1  8.2  31  267  197 363 -515  0
4218500 2850500  6  3 18  29.0 1009  91  4.7 1  7.9  31  150  158 357 -504  0
4218500 2850500  6  3 19  27.8 1009  81  3.8 2  7.8  32   33  101 355 -488  0
4218500 2850500  6  3 20  26.1 1009  81  3.8 4  8.1  36    5   36 359 -473  0
4218500 2850500  6  3 21  24.9 1009 101  4.0 3  8.2  40    0    2 357 -460  0
4218500 2850500  6  3 22  24.3 1010 130  3.9 2  8.5  44    0    0 352 -450  0
4218500 2850500  6  3 23  22.6 1010 123  3.7 2  8.6  48    0    0 347 -444  0
4218500 2850500  6  3 24  22.4 1011 128  3.4 1  8.4  49    0    0 343 -438  0
4218500 2850500  6  4  1  21.8 1011 134  3.9 1  8.3  50    0    0 342 -433  0
4218500 2850500  6  4  2  21.5 1011 133  3.9 0  8.3  51    0    0 340 -427  0
4218500 2850500  6  4  3  20.4 1011 123  3.8 1  8.2  53    0    0 338 -422  0
4218500 2850500  6  4  4  19.5 1011 118  4.0 2  8.1  55    0    0 337 -419  0
4218500 2850500  6  4  5  19.3 1011 123  4.2 3  7.8  55    0   10 338 -416  0
4218500 2850500  6  4  6  20.0 1012 120  4.2 3  7.6  53   35   69 338 -418  0
4218500 2850500  6  4  7  20.7 1012 123  3.5 2  7.7  52  112  132 337 -426  0
4218500 2850500  6  4  8  23.2 1012 130  4.2 3  8.5  51  207  182 343 -443  0
4218500 2850500  6  4  9  25.5 1012 139  3.9 3  9.4  49  362  191 356 -464  0
4218500 2850500  6  4 10  27.8 1011 136  3.4 3 10.1  46  476  213 367 -484  0
4218500 2850500  6  4 11  29.4 1011 143  3.7 3 10.6  43  568  221 377 -502  0
4218500 2850500  6  4 12  30.9 1011 156  4.7 2 10.6  39  615  230 382 -512  0
4218500 2850500  6  4 13  31.6 1011 166  4.9 2  9.5  33  551  274 383 -519  0
4218500 2850500  6  4 14  31.7 1010 158  4.6 2  9.0  31  503  278 384 -526  0
4218500 2850500  6  4 15  32.5 1010 134  4.9 2  9.6  32  375  292 387 -528  0
4218500 2850500  6  4 16  32.2 1009 142  4.4 2  8.8  29  296  262 386 -526  0
4218500 2850500  6  4 17  32.0 1009 146  4.5 1  8.4  28  225  215 381 -519  0
4218500 2850500  6  4 18  31.2 1009 139  4.0 1  9.2  31  149  159 380 -508  0
4218500 2850500  6  4 19  29.8 1008 154  3.0 1  9.3  34   64  101 377 -496  0
4218500 2850500  6  4 20  27.2 1008 156  3.1 2  9.3  38    9   39 373 -483  0
4218500 2850500  6  4 21  24.7 1008 131  3.0 1  9.6  46    0    1 365 -467  0
4218500 2850500  6  4 22  23.0 1009 137  3.0 1  9.7  52    0    0 354 -456  0
4218500 2850500  6  4 23  22.6 1009 136  3.3 1  9.7  55    0    0 351 -450  0
4218500 2850500  6  4 24  21.6 1009 146  3.2 1  9.8  58    0    0 350 -445  0
4218500 2850500  6  5  1  20.6 1009 155  3.1 0 10.0  64    0    0 344 -441  0
4218500 2850500  6  5  2  20.4 1009 169  3.0 0 10.3  68    0    0 338 -438  0
4218500 2850500  6  5  3  18.3 1009 203  2.7 0 10.4  74    0    0 335 -434  0
4218500 2850500  6  5  4  19.4 1009 290  3.4 0 10.5  76    0    0 334 -432  0
4218500 2850500  6  5  5  21.2 1010 324  3.6 1 10.8  72    5   20 344 -428  0
4218500 2850500  6  5  6  22.3 1011 312  3.2 2 11.1  67   66   75 353 -429  0
4218500 2850500  6  5  7  23.8 1011 319  2.8 2 10.9  62  181  115 356 -436  0
4218500 2850500  6  5  8  24.9 1012 300  2.9 2 10.6  55  314  141 358 -449  0
4218500 2850500  6  5  9  26.4 1012 297  3.8 2 10.4  50  442  161 363 -466  0
4218500 2850500  6  5 10  27.8 1012 307  3.7 3 10.7  47  550  179 371 -482  0
4218500 2850500  6  5 11  28.2 1012 312  4.1 3 11.1  47  643  183 380 -497  0
4218500 2850500  6  5 12  29.1 1013 315  4.5 2 11.1  45  680  195 383 -509  0
4218500 2850500  6  5 13  29.9 1013 239  4.0 2 11.2  43  667  210 386 -518  0
4218500 2850500  6  5 14  30.2 1012 218  2.8 2 11.3  42  647  199 388 -521  0
4218500 2850500  6  5 15  30.5 1011 318  1.7 2 10.7  39  239  333 385 -527  0
4218500 2850500  6  5 16  30.2 1011 299  2.9 3 10.6  39   32  236 381 -527  0
4218500 2850500  6  5 17  29.0 1011 334  2.0 6 10.8  41   13  181 388 -514  0
4218500 2850500  6  5 18  20.6 1011 277  6.8 8 11.2  57    0   43 389 -501  0
4218500 2850500  6  5 19  19.3 1013 342  3.8 7 12.5  85    0   23 381 -490  0
4218500 2850500  6  5 20  19.6 1013 191  2.2 7 13.6  95    0    9 378 -478  0
4218500 2850500  6  5 21  19.3 1013 180  2.9 7 13.6  96    0    0 379 -466  0
4218500 2850500  6  5 22  18.9 1013 194  3.0 7 13.3  95    0    0 378 -453  0
4218500 2850500  6  5 23  18.7 1014 270  1.6 7 12.9  94    0    0 377 -442  0
4218500 2850500  6  5 24  18.3 1014 273  2.2 6 12.7  95    0    0 372 -437  0
4218500 2850500  6  6  1  18.4 1013 248  2.6 5 12.7  96    0    0 363 -434  0
4218500 2850500  6  6  2  17.9 1014 324  3.2 7 12.4  95    0    0 368 -431  0
4218500 2850500  6  6  3  17.3 1014 308  2.3 6 11.8  93    0    0 371 -429  0
4218500 2850500  6  6  4  17.5 1014 319  2.7 7 11.6  93    0    0 370 -428  0
4218500 2850500  6  6  5  17.6 1014 316  3.5 7 11.8  93    0    3 376 -426  0
4218500 2850500  6  6  6  16.7 1014 315  4.2 7 11.1  91    0   27 373 -425  0
4218500 2850500  6  6  7  16.2 1015 317  3.6 8 10.4  88    0   57 374 -428  0
4218500 2850500  6  6  8  16.1 1015 305  3.0 7  9.9  86   12  179 372 -433  0
4218500 2850500  6  6  9  18.0 1016 300  3.5 4  9.4  77  400  162 352 -444  0
4218500 2850500  6  6 10  19.4 1016 280  3.7 2  8.5  63  607  131 330 -459  0
4218500 2850500  6  6 11  20.6 1016 314  3.3 2  7.5  52  700  132 325 -471  0
4218500 2850500  6  6 12  21.4 1016 307  3.3 3  7.0  45  732  145 333 -480  0
4218500 2850500  6  6 13  22.0 1016 272  4.6 4  6.5  40  711  165 344 -492  0
4218500 2850500  6  6 14  22.9 1016 256  3.7 5  6.4  38  657  176 353 -498  0
4218500 2850500  6  6 15  23.2 1016 245  4.7 4  6.1  35  562  184 352 -500  0
4218500 2850500  6  6 16  23.4 1015 281  3.8 4  5.9  33  407  203 349 -497  0
4218500 2850500  6  6 17  23.9 1015 303  3.7 5  6.2  34  255  196 351 -489  0
4218500 2850500  6  6 18  23.4 1015 296  3.5 5  6.3  34  159  152 352 -478  0
4218500 2850500  6  6 19  22.3 1015 298  2.9 5  6.2  36   76   96 349 -465  0
4218500 2850500  6  6 20  20.4 1014 322  2.4 6  6.7  43   10   39 347 -452  0
4218500 2850500  6  6 21  18.0 1015 331  2.1 5  7.2  52    0    1 340 -439  0
4218500 2850500  6  6 22  16.6 1015 355  1.6 3  7.6  61    0    0 327 -427  0
4218500 2850500  6  6 23  16.5 1015 351  0.4 2  7.9  67    0    0 318 -420  0
4218500 2850500  6  6 24  15.1 1015 219  2.3 0  8.0  71    0    0 309 -415  0
4218500 2850500  6  7  1  13.9 1016 225  2.0 0  8.1  79    0    0 299 -411  0
4218500 2850500  6  7  2  14.1 1015 195  2.1 0  8.2  82    0    0 299 -407  0
4218500 2850500  6  7  3  12.9 1015 228  2.0 0  8.2  85    0    0 298 -404  0
4218500 2850500  6  7  4  12.9 1015   9  0.5 1  8.2  89    0    0 300 -400  0
4218500 2850500  6  7  5  12.8 1015 156  0.8 2  8.3  90    0   13 306 -397  0
4218500 2850500  6  7  6  14.5 1015 167  1.1 2  8.6  88   54   75 311 -398  0
4218500 2850500  6  7  7  17.1 1016 150  1.7 2  8.9  79  169  117 317 -408  0
4218500 2850500  6  7  8  19.5 1016 173  2.7 1  8.8  67  296  147 321 -423  0
4218500 2850500  6  7  9  22.0 1016 179  3.2 1  8.6  56  425  167 325 -442  0
4218500 2850500  6  7 10  23.3 1016 168  3.3 1  8.2  48  523  192 333 -460  0
4218500 2850500  6  7 11  24.5 1015 146  3.2 0  7.8  42  602  207 336 -478  0
4218500 2850500  6  7 12  26.0 1015 220  2.6 1  7.9  39  615  235 344 -493  0
4218500 2850500  6  7 13  26.4 1014 195  3.5 3  8.1  38  462  323 357 -502  0
4218500 2850500  6  7 14  27.2 1014 237  2.8 2  8.2  37  485  292 363 -504  0
4218500 2850500  6  7 15  27.5 1013 239  2.2 3  8.3  37  376  296 365 -505  0
4218500 2850500  6  7 16  27.8 1013 301  2.3 3  8.4  36  329  254 367 -505  0
4218500 2850500  6  7 17  27.8 1013 243  2.8 3  8.3  36  252  208 366 -500  0
4218500 2850500  6  7 18  27.5 1012 220  2.1 3  8.3  36  172  152 365 -490  0
4218500 2850500  6  7 19  26.8 1012 250  1.4 4  8.6  38   70  101 366 -478  0
4218500 2850500  6  7 20  25.2 1012 242  0.8 5  9.0  43   11   39 369 -465  0
4218500 2850500  6  7 21  22.6 1012 146  1.1 5  9.4  50    0    3 366 -450  0
4218500 2850500  6  7 22  20.5 1012 157  1.8 4  9.8  61    0    0 357 -438  0
4218500 2850500  6  7 23  19.1 1012 126  1.5 3 10.1  69    0    0 347 -430  0
4218500 2850500  6  7 24  18.7 1012 153  1.9 2 10.1  74    0    0 341 -424  0
4218500 2850500  6  8  1  17.8 1012 155  2.3 1 10.1  76    0    0 335 -419  0
4218500 2850500  6  8  2  17.2 1012 148  2.1 0 10.1  80    0    0 329 -415  0
4218500 2850500  6  8  3  16.8 1012 139  1.9 1 10.1  83    0    0 329 -412  0
4218500 2850500  6  8  4  16.4 1012 152  1.9 1 10.1  85    0    0 331 -409  0
4218500 2850500  6  8  5  16.6 1012 117  1.6 1 10.2  86    5   19 331 -408  0
4218500 2850500  6  8  6  18.3 1012 117  1.6 1 10.2  82   71   69 333 -410  0
4218500 2850500  6  8  7  21.6 1011 140  2.0 0  9.9  68  203   94 336 -420  0
4218500 2850500  6  8  8  24.6 1011 156  3.1 1  9.5  53  336  113 344 -437  0
4218500 2850500  6  8  9  27.2 1011 151  4.0 1  9.2  44  468  123 357 -457  0
4218500 2850500  6  8 10  28.8 1011 154  3.9 0  9.0  38  569  144 363 -479  0
4218500 2850500  6  8 11  29.9 1010 153  4.7 0  8.9  35  647  157 367 -499  0
4218500 2850500  6  8 12  30.8 1010 142  4.5 1  9.0  33  682  171 376 -514  0
4218500 2850500  6  8 13  31.5 1009 146  4.2 1  9.0  32  667  187 384 -522  0
4218500 2850500  6  8 14  32.2 1008 136  4.8 1  8.9  30  610  200 387 -524  0
4218500 2850500  6  8 15  32.2 1007 130  5.5 2  8.7  29  505  214 392 -524  0
4218500 2850500  6  8 16  32.5 1006 144  5.5 2  8.6  28  413  196 394 -521  0
4218500 2850500  6  8 17  32.4 1005 142  4.6 1  8.7  28  309  168 392 -515  0
4218500 2850500  6  8 18  31.7 1004 141  6.5 1  8.6  29   76  151 386 -506  0
4218500 2850500  6  8 19  30.1 1003 174  4.2 2  8.6  30   84   94 382 -491  0
4218500 2850500  6  8 20  28.7 1003 187  3.7 4  8.6  33   20   42 384 -478  0
4218500 2850500  6  8 21  19.2 1003 305  6.7 6 10.3  55    0    2 381 -470  0
4218500 2850500  6  8 22  18.1 1007 158  2.5 8 12.4  91    0    0 380 -461  0
4218500 2850500  6  8 23  18.2 1006 116  1.1 8 12.5  95    0    0 388 -454  0
4218500 2850500  6  8 24  18.1 1006 201  3.4 7 12.5  95    0    0 386 -446  0
4218500 2850500  6  9  1  17.6 1007 218  4.4 6 12.3  95    0    0 376 -440  0
4218500 2850500  6  9  2  17.2 1007 208  3.7 5 12.1  96    0    0 365 -434  0
4218500 2850500  6  9  3  17.3 1008 253  4.6 4 11.9  96    0    0 352 -428  0
4218500 2850500  6  9  4  17.5 1009 275  3.8 5 11.7  94    0    0 349 -423  0
4218500 2850500  6  9  5  15.1 1009 271  5.7 5  9.5  81   11   22 346 -422  0
4218500 2850500  6  9  6  15.2 1011 272  5.5 5  7.6  71   32   62 337 -425  0
4218500 2850500  6  9  7  15.4 1011 262  5.4 6  7.5  69   35  126 341 -429  0
4218500 2850500  6  9  8  16.8 1012 264  6.7 3  7.4  64  362   85 334 -430  0
4218500 2850500  6  9  9  17.6 1012 246  7.2 2  6.9  56  531   88 320 -433  0
4218500 2850500  6  9 10  18.8 1013 269  7.3 2  6.5  50  640   88 319 -445  0
4218500 2850500  6  9 11  18.9 1013 266  6.5 3  6.6  49  487  230 326 -457  0
4218500 2850500  6  9 12  20.2 1013 242  6.8 5  6.6  46  402  304 339 -469  0
4218500 2850500  6  9 13  21.0 1013 259  6.4 5  6.5  43  351  333 347 -477  0
4218500 2850500  6  9 14  20.9 1013 289  6.6 4  6.7  43  316  313 342 -481  0
4218500 2850500  6  9 15  21.7 1014 267  5.6 4  6.7  43  385  249 338 -483  0
4218500 2850500  6  9 16  21.7 1014 284  6.4 3  6.7  42  374  199 335 -483  0
4218500 2850500  6  9 17  20.9 1013 269  6.4 3  6.8  43  310  156 331 -478  0
4218500 2850500  6  9 18  21.0 1014 274  6.1 3  6.5  42  193  125 329 -468  0
4218500 2850500  6  9 19  20.1 1013 287  5.0 3  6.3  42   64   96 326 -457  0
4218500 2850500  6  9 20  19.1 1014 292  3.5 3  6.4  45   16   40 323 -444  0
4218500 2850500  6  9 21  18.0 1014 261  2.9 3  6.4  48    0    2 318 -431  0
4218500 2850500  6  9 22  16.2 1015 260  3.0 3  6.7  55    0    0 312 -420  0
4218500 2850500  6  9 23  16.7 1015 245  2.3 2  7.2  62    0    0 309 -412  0
4218500 2850500  6  9 24  14.8 1015 264  2.6 1  7.4  67    0    0 303 -405  0
4218500 2850500  6 10  1  13.1 1016 274  2.3 1  7.4  75    0    0 295 -399  0
4218500 2850500  6 10  2  13.0 1015 201  1.4 1  7.6  81    0    0 292 -394  0
4218500 2850500  6 10  3  11.8 1015 188  1.3 1  7.8  87    0    0 290 -389  0
4218500 2850500  6 10  4  11.1 1015 271  1.3 3  7.6  90    0    0 291 -385  0
4218500 2850500  6 10  5  11.9 1016 302  1.1 3  7.7  91    2   16 296 -383  0
4218500 2850500  6 10  6  14.0 1016   7  0.4 3  8.2  88   29   65 299 -386  0
4218500 2850500  6 10  7  16.0 1015 136  1.6 4  8.2  77  187   99 306 -398  0
4218500 2850500  6 10  8  18.7 1015 156  2.2 5  7.9  64  294  133 318 -415  0
4218500 2850500  6 10  9  20.2 1015 174  3.2 5  7.7  54  378  176 330 -436  0
4218500 2850500  6 10 10  21.6 1015 172  3.2 6  7.4  48  428  225 339 -456  0
4218500 2850500  6 10 11  22.6 1015 177  3.0 6  7.4  45  566  205 348 -472  0
4218500 2850500  6 10 12  23.7 1014 182  2.7 6  7.4  42  677  173 355 -485  0
4218500 2850500  6 10 13  24.5 1014 146  2.5 6  7.3  39  412  325 360 -494  0
4218500 2850500  6 10 14  25.0 1013 165  3.4 7  7.2  37  194  357 365 -499  0
4218500 2850500  6 10 15  25.5 1012 130  3.2 7  7.2  36  152  317 371 -505  0
4218500 2850500  6 10 16  26.1 1012 166  3.5 6  7.4  36  239  269 371 -510  0
4218500 2850500  6 10 17  26.3 1011 183  3.8 6  7.5  35  233  204 371 -505  0
4218500 2850500  6 10 18  26.2 1011 114  3.0 5  7.7  36  169  144 370 -491  0
4218500 2850500  6 10 19  25.8 1010 142  3.2 6  8.0  38   59  102 370 -478  0
4218500 2850500  6 10 20  23.5 1009 130  2.9 5  8.3  43    4   37 367 -466  0
4218500 2850500  6 10 21  21.6 1009 137  2.7 5  8.7  50    0    4 361 -452  0
4218500 2850500  6 10 22  21.4 1009 140  1.6 6  9.0  56    0    0 361 -442  0
4218500 2850500  6 10 23  20.9 1009 137  2.6 7  9.2  58    0    0 366 -436  0
4218500 2850500  6 10 24  21.3 1009 145  3.2 7  9.2  58    0    0 369 -432  0
4218500 2850500  6 11  1  19.8 1009 196  7.5 8 10.6  70    0    0 373 -428  0
4218500 2850500  6 11  2  20.5 1009 210  3.6 8 12.5  84    0    0 377 -427  0
4218500 2850500  6 11  3  20.0 1008 232  4.1 8 12.2  82    0    0 378 -427  0
4218500 2850500  6 11  4  19.3 1008 271  3.5 7 12.2  84    0    0 374 -426  0
4218500 2850500  6 11  5  19.2 1009 234  3.1 7 12.6  89    0    3 371 -425  0
4218500 2850500  6 11  6  19.8 1009 270  3.9 7 12.9  90    0   35 372 -428  0
4218500 2850500  6 11  7  20.5 1010 279  4.4 7 12.8  86    4  103 373 -433  0
4218500 2850500  6 11  8  21.2 1011 280  4.5 7 12.0  77   17  180 372 -439  0
4218500 2850500  6 11  9  21.9 1011 263  5.0 7 11.4  71  163  257 373 -448  0
4218500 2850500  6 11 10  22.6 1012 272  6.6 6 10.8  64  302  272 371 -459  0
4218500 2850500  6 11 11  23.8 1012 260  6.1 6 10.3  58  307  321 371 -470  0
4218500 2850500  6 11 12  24.8 1013 278  7.0 5  9.9  52  398  310 371 -478  0
4218500 2850500  6 11 13  25.7 1013 267  6.5 5  9.3  46  159  386 372 -481  0
4218500 2850500  6 11 14  26.0 1013 314  6.6 4  8.8  42  209  352 369 -485  0
4218500 2850500  6 11 15  26.1 1013 274  7.5 4  8.0  38  285  299 363 -490  0
4218500 2850500  6 11 16  26.7 1013 272  7.2 4  7.7  36  382  200 361 -488  0
4218500 2850500  6 11 17  25.9 1013 297  6.4 4  7.5  35  232  195 358 -482  0
4218500 2850500  6 11 18  25.4 1013 291  6.1 2  7.2  35  176  135 350 -473  0
4218500 2850500  6 11 19  24.4 1013 289  5.0 2  7.2  36   89   91 344 -464  0
4218500 2850500  6 11 20  23.1 1013 291  3.9 2  7.4  40   17   42 340 -451  0
4218500 2850500  6 11 21  21.0 1013 319  2.4 1  7.8  47    0    3 334 -438  0
4218500 2850500  6 11 22  20.2 1014 295  2.5 1  8.2  54    0    0 327 -426  0
4218500 2850500  6 11 23  18.2 1015 281  1.1 1  8.5  61    0    0 323 -418  0
4218500 2850500  6 11 24  17.5 1015 249  0.8 0  8.6  67    0    0 316 -412  0
4218500 2850500  6 12  1  15.0 1016 324  2.4 0  8.5  74    0    0 309 -406  0
4218500 2850500  6 12  2  15.4 1016 356  0.7 2  8.7  81    0    0 308 -401  0
4218500 2850500  6 12  3  14.5 1016 302  0.5 2  8.9  84    0    0 309 -397  0
4218500 2850500  6 12  4  13.1 1016 353  0.5 1  8.5  86    0    0 304 -393  0
4218500 2850500  6 12  5  13.5 1016 358  0.7 1  8.5  90    1   15 301 -390  0
4218500 2850500  6 12  6  16.4 1016   5  1.0 1  9.3  87   52   67 306 -392  0
4218500 2850500  6 12  7  18.8 1016  59  1.4 1  9.4  74  171  104 314 -402  0
4218500 2850500  6 12  8  20.8 1016 162  1.2 1  9.1  63  350  104 321 -418  0
4218500 2850500  6 12  9  21.9 1016 306  2.3 1  8.8  56  487  113 328 -437  0
4218500 2850500  6 12 10  23.0 1016 306  2.5 1  8.3  49  589  130 333 -453  0
4218500 2850500  6 12 11  23.7 1016 265  2.7 2  8.3  46  626  168 340 -471  0
4218500 2850500  6 12 12  24.0 1015 280  2.5 3  8.4  45  505  272 350 -489  0
4218500 2850500  6 12 13  25.1 1015 239  2.4 4  8.4  44  491  286 359 -498  0
4218500 2850500  6 12 14  26.5 1014 265  2.8 3  8.7  42  563  227 367 -503  0
4218500 2850500  6 12 15  27.0 1013 264  1.8 2  8.7  39  578  170 367 -505  0
4218500 2850500  6 12 16  27.3 1012 163  1.8 2  8.7  39  456  174 368 -508  0
4218500 2850500  6 12 17  27.4 1012 303  1.9 2  9.0  39  244  202 369 -506  0
4218500 2850500  6 12 18  26.2 1012 319  3.0 3  9.4  43   91  156 370 -497  0
4218500 2850500  6 12 19  26.4 1011 279  2.0 6  9.6  45    6   82 379 -484  0
4218500 2850500  6 12 20  24.6 1011 324  2.4 7  9.7  47    0   27 386 -470  0
4218500 2850500  6 12 21  23.1 1011 344  1.9 8  9.8  53    0    0 387 -457  0
4218500 2850500  6 12 22  22.3 1011 345  1.3 7  9.9  57    0    0 383 -447  0
4218500 2850500  6 12 23  21.7 1011 314  2.7 7 10.1  61    0    0 380 -443  0
4218500 2850500  6 12 24  21.3 1012 249  2.9 6 10.0  62    0    0 375 -442  0
4218500 2850500  6 13  1  20.2 1012 355  5.1 6  9.5  62    0    0 369 -437  0
4218500 2850500  6 13  2  18.8 1013 336  4.3 5  8.7  61    0    0 359 -428  0
4218500 2850500  6 13  3  17.7 1013 317  4.0 6  8.0  61    0    0 351 -422  0
4218500 2850500  6 13  4  17.2 1014 322  3.9 7  7.8  62    0    0 351 -419  0
4218500 2850500  6 13  5  16.7 1014 311  4.2 7  7.8  65    0    2 351 -416  0
4218500 2850500  6 13  6  15.8 1014 312  3.6 6  8.4  73    0   41 346 -414  0
4218500 2850500  6 13  7  16.9 1015 314  4.1 5  8.8  76   64  135 338 -414  0
4218500 2850500  6 13  8  18.2 1015 323  4.2 2  8.1  65  305  130 326 -419  0
4218500 2850500  6 13  9  19.4 1016 322  4.8 2  7.4  55  456  135 317 -429  0
4218500 2850500  6 13 10  20.3 1016 309  4.9 2  7.1  49  593  134 318 -442  0
4218500 2850500  6 13 11  21.5 1016 323  3.8 1  6.8  44  667  149 318 -456  0
4218500 2850500  6 13 12  22.6 1016 287  5.0 1  6.4  38  696  168 319 -466  0
4218500 2850500  6 13 13  23.1 1016 280  5.3 1  6.0  35  679  186 321 -474  0
4218500 2850500  6 13 14  22.7 1016 305  5.5 1  5.9  34  653  180 321 -478  0
4218500 2850500  6 13 15  23.2 1016 327  5.3 2  5.9  34  547  195 323 -477  0
4218500 2850500  6 13 16  23.0 1016 302  5.2 2  5.8  33  418  201 325 -475  0
4218500 2850500  6 13 17  22.5 1016 357  5.6 2  5.7  33  324  168 323 -468  0
4218500 2850500  6 13 18  22.3 1016 326  4.9 2  5.8  34  195  142 322 -458  0
4218500 2850500  6 13 19  21.2 1016 327  4.7 2  5.8  36   85   99 319 -447  0
4218500 2850500  6 13 20  20.1 1016 310  3.1 2  5.7  38   14   43 314 -436  0
4218500 2850500  6 13 21  18.3 1017 319  2.7 2  5.9  43    0    3 310 -424  0
4218500 2850500  6 13 22  16.7 1017 338  2.6 1  6.3  51    0    0 302 -413  0
4218500 2850500  6 13 23  15.5 1017 325  3.0 1  6.4  57    0    0 295 -406  0
4218500 2850500  6 13 24  14.4 1018 330  2.2 1  6.6  62    0    0 291 -400  0
4218500 2850500  6 14  1  13.8 1018 301  2.2 1  6.9  69    0    0 289 -395  0
4218500 2850500  6 14  2  14.4 1018 292  2.3 3  7.0  70    0    0 294 -391  0
4218500 2850500  6 14  3  13.1 1018 301  2.6 3  7.0  72    0    0 297 -387  0
4218500 2850500  6 14  4  12.5 1018 338  2.0 2  7.0  76    0    0 291 -382  0
4218500 2850500  6 14  5  12.8 1018 316  2.4 2  7.1  78    2   15 287 -379  0
4218500 2850500  6 14  6  14.6 1018 328  2.3 3  7.2  74   34   62 291 -382  0
4218500 2850500  6 14  7  15.7 1018 330  2.3 1  7.1  67  103  128 292 -394  0
4218500 2850500  6 14  8  17.6 1018 341  2.2 2  6.7  57  294  132 294 -412  0
4218500 2850500  6 14  9  18.6 1018 293  2.0 2  6.3  49  427  148 302 -431  0
4218500 2850500  6 14 10  20.1 1018 299  3.0 4  6.2  44  535  164 313 -450  0
4218500 2850500  6 14 11  20.5 1018 298  3.4 5  6.2  42  531  226 327 -466  0
4218500 2850500  6 14 12  20.8 1017 285  3.2 6  6.3  42  491  280 338 -479  0
4218500 2850500  6 14 13  21.8 1017 297  3.3 5  6.6  42  480  293 344 -486  0
4218500 2850500  6 14 14  22.0 1016 273  4.6 6  6.5  40  137  363 347 -486  0
4218500 2850500  6 14 15  21.9 1016 301  3.4 6  6.4  39   81  322 352 -481  0
4218500 2850500  6 14 16  22.0 1015 300  3.9 6  6.5  40  174  293 354 -473  0
4218500 2850500  6 14 17  21.2 1015 311  3.5 7  6.5  40   33  221 357 -463  0
4218500 2850500  6 14 18  20.8 1015 340  3.0 7  6.3  41    0   90 360 -455  0
4218500 2850500  6 14 19  20.6 1014 357  1.9 8  6.2  41    0   50 364 -447  0
4218500 2850500  6 14 20  19.7 1014   4  3.2 6  6.1  41    0   21 359 -436  0
4218500 2850500  6 14 21  17.9 1014  18  2.3 6  6.0  45    0    2 349 -427  0
4218500 2850500  6 14 22  16.1 1014 360  2.6 4  6.1  51    0    0 336 -421  0
4218500 2850500  6 14 23  16.4 1014  13  2.8 3  6.2  54    0    0 323 -417  0
4218500 2850500  6 14 24  15.0 1014  30  2.0 3  6.2  56    0    0 320 -413  0
4218500 2850500  6 15  1  13.3 1015  20  2.1 2  6.6  66    0    0 312 -409  0
4218500 2850500  6 15  2  13.0 1015  35  1.9 3  7.0  74    0    0 310 -405  0
4218500 2850500  6 15  3  11.9 1015  22  2.4 3  7.1  79    0    0 312 -402  0
4218500 2850500  6 15  4  12.1 1015  13  1.5 2  7.1  82    0    0 306 -401  0
4218500 2850500  6 15  5  11.7 1015 353  1.5 2  7.2  83    5   19 301 -399  0
4218500 2850500  6 15  6  14.5 1016 317  1.5 3  7.5  80   28   59 308 -398  0
4218500 2850500  6 15  7  15.3 1016 315  2.0 2  7.9  74  197   84 313 -403  0
4218500 2850500  6 15  8  16.9 1016 328  2.1 1  7.8  69  371   93 308 -414  0
4218500 2850500  6 15  9  18.1 1016 318  2.4 2  7.6  61  396  152 312 -428  0
4218500 2850500  6 15 10  19.1 1016 299  3.8 4  7.5  56  328  258 325 -442  0
4218500 2850500  6 15 11  19.2 1015 315  3.9 4  7.1  52  400  276 333 -454  0
4218500 2850500  6 15 12  20.0 1015 319  4.2 4  6.8  48  344  332 333 -464  0
4218500 2850500  6 15 13  20.9 1015 316  3.2 4  6.7  45  477  275 336 -469  0
4218500 2850500  6 15 14  21.9 1014 276  4.4 4  6.7  42  415  281 339 -473  0
4218500 2850500  6 15 15  22.3 1014 308  3.7 4  6.5  40  388  256 339 -474  0
4218500 2850500  6 15 16  22.3 1013 302  3.5 4  6.4  38  513  124 338 -469  0
4218500 2850500  6 15 17  22.2 1013 266  3.8 5  6.4  38  326  151 340 -463  0
4218500 2850500  6 15 18  21.6 1013 292  4.3 6  6.3  38   72  163 344 -455  0
4218500 2850500  6 15 19  20.7 1012 312  3.8 7  6.2  40   15   93 347 -443  0
4218500 2850500  6 15 20  20.0 1012 313  3.0 7  6.2  41    0   20 347 -431  0
4218500 2850500  6 15 21  19.2 1012 356  4.0 7  6.2  44    0    0 346 -422  0
4218500 2850500  6 15 22  18.4 1012  12  2.5 6  6.2  46    0    0 342 -416  0
4218500 2850500  6 15 23  17.8 1012  52  3.0 6  6.2  48    0    0 337 -413  0
4218500 2850500  6 15 24  16.6 1011  72  1.7 7  6.5  53    0    0 339 -409  0
4218500 2850500  6 16  1  15.7 1012  50  1.7 7  6.8  59    0    0 339 -407  0
4218500 2850500  6 16  2  15.8 1012  87  1.5 7  6.9  61    0    0 339 -404  0
4218500 2850500  6 16  3  14.4 1012  69  1.5 6  6.8  64    0    0 335 -401  0
4218500 2850500  6 16  4  14.8 1011 153  1.5 6  7.0  67    0    0 331 -399  0
4218500 2850500  6 16  5  15.4 1011 220  1.8 5  7.2  67   13   20 330 -397  0
4218500 2850500  6 16  6  15.9 1011 271  2.9 1  7.4  66  111   52 317 -396  0
4218500 2850500  6 16  7  16.7 1011 299  3.8 1  7.7  66  225   73 307 -399  0
4218500 2850500  6 16  8  17.9 1011 312  4.4 1  7.9  64  372   91 309 -407  0
4218500 2850500  6 16  9  18.8 1011 321  5.0 1  7.3  55  519   89 312 -418  0
4218500 2850500  6 16 10  20.1 1011 284  5.0 1  6.9  49  634   94 316 -430  0
4218500 2850500  6 16 11  19.9 1011 301  4.6 2  7.2  49  521  193 323 -438  0
4218500 2850500  6 16 12  19.9 1011 295  4.5 3  7.3  50  171  358 330 -446  0
4218500 2850500  6 16 13  19.7 1010 321  3.9 6  7.2  50   16  290 337 -456  0
4218500 2850500  6 16 14  20.6 1011 310  5.1 6  7.1  48   75  325 342 -460  0
4218500 2850500  6 16 15  21.4 1010 321  5.2 5  7.1  46  134  304 341 -462  0
4218500 2850500  6 16 16  21.4 1010 324  4.8 5  6.8  43  197  262 337 -463  0
4218500 2850500  6 16 17  21.8 1010 287  4.7 4  6.6  41  245  181 333 -458  0
4218500 2850500  6 16 18  21.6 1010 308  4.3 3  6.4  39  240  100 327 -450  0
4218500 2850500  6 16 19  20.8 1009 306  4.0 3  6.3  40  101   85 321 -441  0
4218500 2850500  6 16 20  19.2 1009 305  3.1 3  6.4  44   19   44 317 -430  0
4218500 2850500  6 16 21  17.6 1009 331  2.6 3  6.6  50    0    5 311 -417  0
4218500 2850500  6 16 22  16.5 1010 359  2.4 5  6.9  56    0    0 309 -408  0
4218500 2850500  6 16 23  16.1 1010  28  2.5 6  7.1  62    0    0 310 -401  0
4218500 2850500  6 16 24  16.3 1011  53  2.2 7  7.4  64    0    0 313 -396  0
4218500 2850500  6 17  1  14.8 1011  87  2.1 6  7.5  68    0    0 312 -391  0
4218500 2850500  6 17  2  15.1 1011  90  2.2 6  7.6  72    0    0 310 -387  0
4218500 2850500  6 17  3  13.5 1011 100  2.3 4  7.5  73    0    0 304 -383  0
4218500 2850500  6 17  4  12.9 1011 102  2.4 2  7.2  76    0    0 293 -380  0
4218500 2850500  6 17  5  13.2 1011  92  2.3 2  7.2  77    7   22 287 -379  0
4218500 2850500  6 17  6  14.9 1011  96  2.5 2  7.2  72   76   71 289 -382  0
4218500 2850500  6 17  7  16.9 1012 102  2.8 1  7.1  63  198  104 292 -392  0
4218500 2850500  6 17  8  18.3 1012  96  3.8 2  7.2  57  332  125 297 -408  0
4218500 2850500  6 17  9  19.2 1012 111  3.4 3  7.4  55  455  147 304 -426  0
4218500 2850500  6 17 10  20.2 1012 111  2.3 3  7.4  52  426  242 310 -446  0
4218500 2850500  6 17 11  20.5 1012  82  2.4 4  7.1  48  313  348 315 -464  0
4218500 2850500  6 17 12  22.0 1012  72  3.1 6  7.0  44  332  371 322 -478  0
4218500 2850500  6 17 13  22.2 1011  71  1.8 6  6.9  42  356  368 330 -487  0
4218500 2850500  6 17 14  23.0 1011 119  3.3 5  6.5  38  463  300 330 -495  0
4218500 2850500  6 17 15  23.6 1011 187  1.3 4  6.2  34  508  230 329 -496  0
4218500 2850500  6 17 16  24.5 1010 124  2.1 4  5.7  31  460  187 329 -495  0
4218500 2850500  6 17 17  24.1 1010 171  1.9 2  5.7  30  346  164 326 -490  0
4218500 2850500  6 17 18  24.2 1009 125  3.0 1  6.0  32  225  136 320 -478  0
4218500 2850500  6 17 19  23.3 1009 121  3.0 1  5.9  32  100  101 313 -465  0
4218500 2850500  6 17 20  21.4 1009  82  3.5 2  6.0  36   22   49 308 -451  0
4218500 2850500  6 17 21  19.5 1009  81  3.5 3  6.0  40    0    6 307 -438  0
4218500 2850500  6 17 22  18.7 1009  83  3.7 4  5.9  43    0    0 310 -426  0
4218500 2850500  6 17 23  17.5 1009  96  3.7 3  6.0  46    0    0 307 -417  0
4218500 2850500  6 17 24  17.1 1009  99  3.8 3  6.1  50    0    0 302 -410  0
4218500 2850500  6 18  1  15.9 1009 102  3.9 3  6.1  52    0    0 300 -406  0
4218500 2850500  6 18  2  15.5 1009 102  4.0 5  6.0  54    0    0 308 -403  0
4218500 2850500  6 18  3  15.3 1009 102  3.6 6  6.1  56    0    0 321 -401  0
4218500 2850500  6 18  4  15.1 1009 102  4.1 6  6.2  57    0    0 324 -398  0
4218500 2850500  6 18  5  15.3 1008  90  3.8 7  6.4  59    0    5 330 -396  0
4218500 2850500  6 18  6  16.3 1008  97  3.7 7  6.6  59    0   19 337 -399  0
4218500 2850500  6 18  7  16.7 1008 108  2.7 7  6.8  58    0   41 341 -409  0
4218500 2850500  6 18  8  17.1 1008  90  3.0 7  7.0  58    0   91 344 -424  0
4218500 2850500  6 18  9  18.0 1008 114  2.7 8  7.3  58    0   93 356 -443  0
4218500 2850500  6 18 10  17.4 1009 120  2.9 8  7.7  61    0  100 364 -459  0
4218500 2850500  6 18 11  16.3 1009  92  3.7 8  8.7  72    0  136 364 -468  0
4218500 2850500  6 18 12  17.4 1009 149  2.1 7  9.8  81   15  283 360 -463  0
4218500 2850500  6 18 13  18.4 1010 187  3.0 5 10.0  77  201  334 351 -456  0
4218500 2850500  6 18 14  19.4 1010 140  2.7 5  9.8  71  288  290 348 -464  0
4218500 2850500  6 18 15  20.1 1010 117  1.9 7  9.6  66   55  280 361 -474  0
4218500 2850500  6 18 16  20.6 1011 106  1.7 6  9.6  64  103  257 365 -475  0
4218500 2850500  6 18 17  21.0 1011  83  2.8 4  9.5  62  295  146 357 -471  0
4218500 2850500  6 18 18  20.8 1011  83  1.8 3  9.4  61  215  107 348 -463  0
4218500 2850500  6 18 19  20.6 1011  80  1.0 2  9.4  62  117   75 341 -453  0
4218500 2850500  6 18 20  19.4 1011 173  1.0 2  9.5  65   21   42 335 -443  0
4218500 2850500  6 18 21  17.3 1011 188  1.0 3  9.4  71    0    5 331 -431  0
4218500 2850500  6 18 22  17.1 1012 232  1.8 3  9.6  78    0    0 328 -421  0
4218500 2850500  6 18 23  15.7 1012 245  2.0 3  9.7  83    0    0 325 -414  0
4218500 2850500  6 18 24  15.5 1013 239  2.1 4  9.7  88    0    0 326 -407  0
4218500 2850500  6 19  1  14.8 1013 216  2.7 2  9.6  89    0    0 319 -401  0
4218500 2850500  6 19  2  14.0 1013 215  2.3 0  9.3  91    0    0 299 -396  0
4218500 2850500  6 19  3  13.8 1013 195  2.5 1  9.2  92    0    0 294 -392  0
4218500 2850500  6 19  4  14.1 1013 227  2.0 4  9.3  94    0    0 313 -391  0
4218500 2850500  6 19  5  15.4 1013 281  2.5 7  9.7  92    1   14 344 -393  0
4218500 2850500  6 19  6  16.5 1013 286  3.0 7  9.8  86    0   24 362 -398  0
4218500 2850500  6 19  7  17.4 1013 280  4.1 7  9.6  80    2   92 366 -402  0
4218500 2850500  6 19  8  17.1 1013 269  4.6 7  9.1  74   14  173 368 -407  0
4218500 2850500  6 19  9  16.6 1013 241  3.8 7  9.3  78    3  190 370 -412  0
4218500 2850500  6 19 10  18.0 1013 252  5.1 6  9.6  78   55  293 370 -416  0
4218500 2850500  6 19 11  16.4 1013 236  5.9 7  9.9  81    0  206 371 -419  0
4218500 2850500  6 19 12  16.4 1013 239  4.4 8 10.7  91    0  141 379 -421  0
4218500 2850500  6 19 13  19.7 1013 273  5.4 6 10.9  84   81  347 380 -428  0
4218500 2850500  6 19 14  20.7 1012 273  4.2 6 10.7  72  117  334 378 -438  0
4218500 2850500  6 19 15  22.3 1011 273  4.7 6  9.8  61  130  307 380 -446  0
4218500 2850500  6 19 16  22.6 1011 279  5.8 6  9.0  53   33  249 382 -448  0
4218500 2850500  6 19 17  22.6 1011 274  4.7 6  9.0  52  117  219 382 -444  0
4218500 2850500  6 19 18  22.1 1010 271  3.4 6  8.8  52   93  162 381 -440  0
4218500 2850500  6 19 19  21.5 1010 267  5.2 6  8.7  53   42  103 379 -434  0
4218500 2850500  6 19 20  21.2 1009 261  4.5 5  8.7  55    4   42 373 -427  0
4218500 2850500  6 19 21  20.2 1009 244  4.8 5  8.9  58    0    0 366 -422  0
4218500 2850500  6 19 22  19.4 1009 237  4.1 5  9.3  64    0    0 364 -417  0
4218500 2850500  6 19 23  18.2 1008 228  4.4 4  9.3  68    0    0 357 -412  0
4218500 2850500  6 19 24  18.1 1007 223  4.4 4  9.3  71    0    0 351 -406  0
4218500 2850500  6 20  1  18.4 1006 239  5.8 5  9.4  71    0    0 353 -401  0
4218500 2850500  6 20  2  18.7 1005 233  5.5 6  9.6  71    0    0 361 -395  0
4218500 2850500  6 20  3  16.0 1004 288  7.7 7  9.9  79    0    0 365 -389  0
4218500 2850500  6 20  4  14.8 1004 282  5.9 5  9.9  90    0    0 354 -385  0
4218500 2850500  6 20  5  14.3 1005 291  6.5 5  9.6  91    0    3 341 -383  0
4218500 2850500  6 20  6  14.6 1006 291  6.6 5  9.3  90   25   57 339 -384  0
4218500 2850500  6 20  7  15.0 1007 291  7.0 4  8.9  84  209   58 333 -390  0
4218500 2850500  6 20  8  15.8 1007 282  7.9 5  8.3  75  343   60 330 -398  0
4218500 2850500  6 20  9  16.8 1008 288  7.4 4  7.6  66  444   84 329 -403  0
4218500 2850500  6 20 10  18.0 1008 280  8.2 5  7.0  56  247  250 331 -410  0
4218500 2850500  6 20 11  17.9 1008 267  9.1 4  6.6  51  272  285 333 -416  0
4218500 2850500  6 20 12  18.5 1008 284  7.7 4  6.4  49  147  335 330 -419  0
4218500 2850500  6 20 13  19.7 1007 266  8.9 4  6.4  46  437  244 334 -426  0
4218500 2850500  6 20 14  18.8 1007 278  9.1 4  6.5  46  295  286 335 -431  0
4218500 2850500  6 20 15  14.6 1007 275  7.6 8  7.5  63    0  142 341 -430  0
4218500 2850500  6 20 16  13.8 1007 288  7.2 7  8.3  82    0  183 343 -431  0
4218500 2850500  6 20 17  13.0 1007 326  7.1 8  7.9  82   36  203 340 -429  0
4218500 2850500  6 20 18  14.1 1007 287  7.4 7  7.9  81    0   81 341 -423  0
4218500 2850500  6 20 19  14.5 1007 291  6.4 4  7.6  74   21   95 331 -417  0
4218500 2850500  6 20 20  11.6 1008 289  5.7 7  7.3  77    8   41 327 -411  0
4218500 2850500  6 20 21  12.0 1008 283  4.6 6  7.7  88    0    0 332 -405  0
4218500 2850500  6 20 22  12.4 1009 277  5.9 4  7.9  88    0    0 324 -399  0
4218500 2850500  6 20 23  12.4 1009 279  6.3 3  7.5  83    0    0 313 -395  0
4218500 2850500  6 20 24  12.5 1009 280  6.5 1  7.2  80    0    0 300 -392  0
4218500 2850500  6 21  1  12.4 1009 278  6.0 3  7.2  79    0    0 300 -389  0
4218500 2850500  6 21  2  12.6 1009 276  6.8 6  7.1  78    0    0 316 -388  0
4218500 2850500  6 21  3  12.4 1009 279  6.6 7  7.1  78    0    0 328 -386  0
4218500 2850500  6 21  4  12.4 1009 278  6.0 8  7.1  78    0    0 334 -384  0
4218500 2850500  6 21  5  12.2 1009 277  5.4 7  7.0  78    0    3 333 -384  0
4218500 2850500  6 21  6  12.4 1009 270  5.5 7  7.1  80    0   22 330 -384  0
4218500 2850500  6 21  7  13.0 1009 271  6.6 7  7.3  80    1   87 331 -387  0
4218500 2850500  6 21  8  13.6 1009 271  6.2 7  7.4  77   28  194 330 -394  0
4218500 2850500  6 21  9  14.7 1010 279  6.8 6  7.4  73   71  269 328 -402  0
4218500 2850500  6 21 10  15.4 1010 281  8.0 6  7.5  70   65  315 329 -408  0
4218500 2850500  6 21 11  14.4 1010 267  5.0 8  8.1  76    0  180 338 -415  0
4218500 2850500  6 21 12  16.0 1010 290  7.3 7  8.0  74   31  332 343 -427  0
4218500 2850500  6 21 13  16.6 1010 273  7.7 7  7.2  62    0  230 343 -430  0
4218500 2850500  6 21 14  17.2 1010 289 10.9 8  6.6  55   15  296 347 -432  0
4218500 2850500  6 21 15  17.6 1010 287  7.6 5  6.3  51  147  340 342 -437  0
4218500 2850500  6 21 16  16.4 1010 282  7.5 5  6.8  56   18  242 332 -436  0
4218500 2850500  6 21 17  17.1 1010 272  5.4 7  7.3  61    2  161 340 -437  0
4218500 2850500  6 21 18  16.6 1010 282  6.5 6  7.0  58   69  174 342 -434  0
4218500 2850500  6 21 19  16.2 1010 307  5.0 6  6.7  57    7   92 338 -427  0
4218500 2850500  6 21 20  15.9 1010 293  3.3 7  6.7  59    0   28 340 -415  0
4218500 2850500  6 21 21  15.2 1010 291  3.7 7  6.7  61    0    1 341 -404  0
4218500 2850500  6 21 22  15.3 1011 306  4.7 6  6.5  60    0    0 334 -396  0
4218500 2850500  6 21 23  13.9 1011 293  3.5 6  6.1  59    0    0 326 -389  0
4218500 2850500  6 21 24  13.7 1011 282  3.7 4  6.2  63    0    0 317 -384  0
4218500 2850500  6 22  1  12.7 1011 278  3.3 5  6.4  68    0    0 311 -379  0
4218500 2850500  6 22  2  11.7 1010 280  3.6 4  6.3  72    0    0 308 -375  0
4218500 2850500  6 22  3  10.7 1010 281  3.9 3  6.2  75    0    0 296 -371  0
4218500 2850500  6 22  4  10.0 1010 289  3.9 3  6.4  81    0    0 289 -368  0
4218500 2850500  6 22  5  10.5 1010 288  3.7 3  6.7  85   14   23 289 -366  0
4218500 2850500  6 22  6  12.1 1011 293  3.8 3  6.9  82   94   59 290 -368  0
4218500 2850500  6 22  7  13.0 1011 292  3.9 3  7.2  79  217   81 292 -377  0
4218500 2850500  6 22  8  14.8 1011 302  4.4 3  7.3  73  393   79 295 -390  0
4218500 2850500  6 22  9  15.6 1011 281  4.1 5  7.0  64  219  242 311 -404  0
4218500 2850500  6 22 10  16.1 1011 300  4.6 6  6.7  59  131  318 329 -417  0
4218500 2850500  6 22 11  17.1 1011 298  4.5 6  6.5  55  146  361 339 -428  0
4218500 2850500  6 22 12  17.5 1011 303  4.1 5  6.2  50  196  376 339 -429  0
4218500 2850500  6 22 13  18.4 1011 302  3.5 5  6.1  48  281  366 338 -421  0
4218500 2850500  6 22 14  19.6 1010 283  3.8 4  6.2  45  377  318 337 -412  0
4218500 2850500  6 22 15  19.8 1010 315  3.8 3  6.3  44  655  123 333 -407  0
4218500 2850500  6 22 16  20.1 1010 305  3.3 3  6.3  43  560  112 335 -407  0
4218500 2850500  6 22 17  20.6 1009 321  2.3 4  6.4  43  384  131 342 -404  0
4218500 2850500  6 22 18  21.0 1009 333  2.2 5  6.6  43  243  117 348 -404  0
4218500 2850500  6 22 19  20.3 1008 349  1.2 5  6.7  44  104   94 349 -407  0
4218500 2850500  6 22 20  18.0 1008  68  1.6 6  6.9  49    8   45 344 -403  0
4218500 2850500  6 22 21  17.4 1008 108  2.0 7  7.0  55    0    0 343 -395  0
4218500 2850500  6 22 22  17.7 1008  90  2.2 7  7.1  56    0    0 345 -389  0
4218500 2850500  6 22 23  16.2 1008  88  2.4 7  7.3  61    0    0 345 -385  0
4218500 2850500  6 22 24  16.5 1008 115  2.7 7  7.3  63    0    0 344 -383  0
4218500 2850500  6 23  1  16.7 1008 131  3.2 7  7.0  59    0    0 342 -381  0
4218500 2850500  6 23  2  16.0 1007 143  3.2 7  6.7  58    0    0 340 -381  0
4218500 2850500  6 23  3  15.6 1007 141  3.5 5  6.9  61    0    0 335 -382  0
4218500 2850500  6 23  4  15.1 1007 121  3.5 5  7.0  64    0    0 333 -383  0
4218500 2850500  6 23  5  15.5 1006 121  3.3 5  7.0  64    0    4 337 -385  0
4218500 2850500  6 23  6  15.7 1007 119  3.6 4  7.0  63   18   58 335 -390  0
4218500 2850500  6 23  7  17.5 1007 114  3.9 3  7.2  61  183   78 332 -404  0
4218500 2850500  6 23  8  18.6 1006 120  3.8 4  7.6  59  163  167 330 -424  0
4218500 2850500  6 23  9  21.6 1005 120  4.1 5  8.3  56  331  169 336 -446  0
4218500 2850500  6 23 10  23.2 1005 126  4.9 6  8.7  51  290  255 354 -470  0
4218500 2850500  6 23 11  25.3 1005 146  4.6 6  9.1  47  402  254 368 -493  0
4218500 2850500  6 23 12  25.1 1005 142  6.6 7  9.3  46  153  353 378 -510  0
4218500 2850500  6 23 13  25.9 1002 146  4.9 8  9.5  46   10  278 389 -521  0
4218500 2850500  6 23 14  24.1 1002 188  1.9 7 10.6  53    3  244 391 -530  0
4218500 2850500  6 23 15  25.6 1002  82  4.5 8 12.1  61    0  129 395 -535  0
4218500 2850500  6 23 16  25.1 1001  97  2.6 8 12.2  59    0  173 403 -530  0
4218500 2850500  6 23 17  27.3 1000 126  4.6 5 11.8  55  145  209 397 -521  0
4218500 2850500  6 23 18  26.7  999 149  3.9 5 11.9  52  172  133 388 -510  0
4218500 2850500  6 23 19  19.1  998 240  8.3 6 11.5  64    5   84 374 -492  0
4218500 2850500  6 23 20  18.6 1000 222  4.3 7 11.8  85    0   30 371 -476  0
4218500 2850500  6 23 21  18.8 1000 249  5.9 6 12.7  92    0    1 373 -461  0
4218500 2850500  6 23 22  19.5 1001 266  6.4 4 12.8  90    0    0 359 -447  0
4218500 2850500  6 23 23  19.5 1002 272  7.4 3 12.1  84    0    0 342 -437  0
4218500 2850500  6 23 24  18.2 1004 273  6.9 1 10.4  75    0    0 320 -428  0
4218500 2850500  6 24  1  17.2 1005 273  7.3 0  9.0  70    0    0 293 -419  0
4218500 2850500  6 24  2  16.3 1006 280  6.8 0  8.4  70    0    0 278 -413  0
4218500 2850500  6 24  3  15.5 1007 280  6.1 0  8.0  70    0    0 269 -409  0
4218500 2850500  6 24  4  14.8 1007 263  4.3 0  8.0  74    0    0 264 -407  0
4218500 2850500  6 24  5  14.9 1008 271  4.7 0  8.1  76    6   20 266 -404  0
4218500 2850500  6 24  6  15.3 1008 269  5.2 0  8.3  77   84   65 270 -403  0
4218500 2850500  6 24  7  16.5 1009 274  5.9 0  8.3  73  220   89 273 -406  0
4218500 2850500  6 24  8  17.4 1009 273  6.3 1  7.9  65  348  108 281 -412  0
4218500 2850500  6 24  9  18.3 1010 276  6.5 2  7.3  57  359  191 297 -422  0
4218500 2850500  6 24 10  19.2 1009 264  7.8 4  7.3  54  236  313 320 -431  0
4218500 2850500  6 24 11  20.3 1010 285  7.8 4  7.5  52  308  340 338 -441  0
4218500 2850500  6 24 12  21.9 1010 271  7.5 3  7.6  48  457  306 338 -454  0
4218500 2850500  6 24 13  22.0 1009 278  7.2 3  7.6  46  341  361 340 -463  0
4218500 2850500  6 24 14  23.0 1009 264  7.7 3  7.5  44  349  342 346 -468  0
4218500 2850500  6 24 15  22.5 1009 272  6.2 5  7.3  42  163  345 357 -468  0
4218500 2850500  6 24 16  23.0 1009 284  7.3 5  7.1  41  149  297 365 -466  0
4218500 2850500  6 24 17  22.5 1009 299  6.9 4  6.9  40  159  236 360 -460  0
4218500 2850500  6 24 18  21.5 1010 303  6.8 4  7.0  42  115  174 355 -454  0
4218500 2850500  6 24 19  20.7 1010 296  6.3 5  6.9  44   34  110 354 -448  0
4218500 2850500  6 24 20  19.6 1010 301  5.5 2  6.8  46   16   48 342 -440  0
4218500 2850500  6 24 21  18.2 1010 299  4.7 1  7.0  51    0    4 324 -430  0
4218500 2850500  6 24 22  17.1 1011 290  5.1 1  7.1  56    0    0 317 -423  0
4218500 2850500  6 24 23  16.0 1011 291  5.1 1  7.1  60    0    0 313 -417  0
4218500 2850500  6 24 24  15.0 1012 290  4.9 2  7.1  65    0    0 310 -413  0
4218500 2850500  6 25  1  14.2 1012 282  5.0 2  7.4  71    0    0 310 -409  0
4218500 2850500  6 25  2  13.8 1012 286  5.4 2  7.4  74    0    0 306 -405  0
4218500 2850500  6 25  3  13.6 1012 283  5.6 5  7.2  74    0    0 313 -402  0
4218500 2850500  6 25  4  13.2 1012 279  5.3 6  7.1  74    0    0 325 -396  0
4218500 2850500  6 25  5  13.5 1012 273  5.1 7  7.2  75    0    2 332 -389  0
4218500 2850500  6 25  6  13.9 1012 278  6.3 8  7.4  76    0   20 342 -387  0
4218500 2850500  6 25  7  14.3 1012 280  6.7 7  7.5  75    0   68 343 -392  0
4218500 2850500  6 25  8  14.6 1013 284  6.5 7  7.5  73    0  125 341 -402  0
4218500 2850500  6 25  9  15.2 1013 283  6.3 8  7.6  72    0  163 348 -417  0
4218500 2850500  6 25 10  15.7 1013 301  7.4 7  7.4  68    5  257 349 -432  0
4218500 2850500  6 25 11  16.3 1013 295  6.8 6  7.2  63   23  330 343 -446  0
4218500 2850500  6 25 12  16.4 1013 308  6.5 6  7.4  64   23  339 343 -456  0
4218500 2850500  6 25 13  17.8 1013 302  6.8 6  7.6  62  115  411 346 -464  0
4218500 2850500  6 25 14  18.0 1013 281  6.2 5  7.5  58  121  399 345 -469  0
4218500 2850500  6 25 15  18.2 1013 319  6.6 5  7.5  58  121  371 341 -472  0
4218500 2850500  6 25 16  18.6 1014 269  5.4 4  7.5  57  257  317 339 -473  0
4218500 2850500  6 25 17  18.2 1014 339  5.4 4  7.6  57  214  254 334 -467  0
4218500 2850500  6 25 18  18.1 1014 330  5.5 4  7.5  58   88  195 331 -460  0
4218500 2850500  6 25 19  17.2 1014 327  5.0 3  7.3  58   47  123 322 -450  0
4218500 2850500  6 25 20  16.5 1014 320  4.8 5  7.2  60    9   50 322 -439  0
4218500 2850500  6 25 21  15.6 1014 313  3.8 3  7.4  65    0    5 318 -427  0
4218500 2850500  6 25 22  15.0 1014 316  3.0 4  7.5  69    0    0 311 -416  0
4218500 2850500  6 25 23  14.3 1014 323  3.4 4  7.6  73    0    0 311 -409  0
4218500 2850500  6 25 24  14.2 1014 329  3.4 4  7.8  77    0    0 311 -403  0
4218500 2850500  6 26  1  14.1 1014 313  3.1 5  7.8  78    0    0 316 -397  0
4218500 2850500  6 26  2  13.3 1014 305  2.9 6  7.8  80    0    0 325 -393  0
4218500 2850500  6 26  3  13.3 1014 290  3.1 7  7.9  83    0    0 336 -389  0
4218500 2850500  6 26  4  12.9 1014 303  2.8 7  8.0  85    0    0 340 -386  0
4218500 2850500  6 26  5  12.9 1014 306  2.3 6  8.1  87    0    4 334 -383  0
4218500 2850500  6 26  6  13.2 1014 301  2.6 6  8.3  88    0   32 329 -386  0
4218500 2850500  6 26  7  13.7 1014 313  2.4 7  8.5  88    0   82 333 -396  0
4218500 2850500  6 26  8  14.6 1014 308  2.3 7  8.8  87    4  156 336 -412  0
4218500 2850500  6 26  9  14.2 1014 317  2.3 8  9.0  88    5  209 339 -432  0
4218500 2850500  6 26 10  15.7 1014 289  2.5 8  9.4  89   14  259 346 -451  0
4218500 2850500  6 26 11  17.2 1014 270  1.8 5  9.5  81  209  302 344 -469  0
4218500 2850500  6 26 12  18.0 1014 291  2.5 7  9.2  73   36  315 348 -484  0
4218500 2850500  6 26 13  19.2 1014 348  2.1 7  9.1  68    0  236 360 -493  0
4218500 2850500  6 26 14  20.2 1014  61  2.9 7  8.7  60   65  312 363 -496  0
4218500 2850500  6 26 15  21.0 1013  85  2.8 5  8.3  55  156  285 357 -496  0
4218500 2850500  6 26 16  21.3 1013  61  2.3 4  8.1  51  197  231 347 -495  0
4218500 2850500  6 26 17  21.2 1013  73  2.9 5  7.9  50  122  195 346 -490  0
4218500 2850500  6 26 18  21.7 1012  78  3.2 3  7.7  48  264   71 343 -479  0
4218500 2850500  6 26 19  21.5 1012  28  2.3 2  7.6  47  144   56 335 -466  0
4218500 2850500  6 26 20  20.4 1012  54  3.1 3  7.6  49    5   41 332 -453  0
4218500 2850500  6 26 21  18.0 1012  63  2.3 2  7.3  52    0    3 325 -439  0
4218500 2850500  6 26 22  15.9 1013  51  2.0 1  7.2  60    0    0 311 -428  0
4218500 2850500  6 26 23  14.0 1013  22  2.6 1  7.6  72    0    0 301 -420  0
4218500 2850500  6 26 24  15.2 1013  41  2.6 1  7.6  73    0    0 299 -413  0
4218500 2850500  6 27  1  13.8 1013  46  2.6 0  7.1  69    0    0 293 -407  0
4218500 2850500  6 27  2  14.1 1013  53  3.1 0  6.9  70    0    0 287 -402  0
4218500 2850500  6 27  3  12.9 1013  60  2.1 0  6.8  70    0    0 285 -397  0
4218500 2850500  6 27  4  11.6 1013  39  2.3 0  6.7  76    0    0 281 -393  0
4218500 2850500  6 27  5  11.9 1013  45  2.0 1  6.9  80   13   23 283 -390  0
4218500 2850500  6 27  6  13.8 1013  52  2.3 1  7.2  78   97   61 289 -389  0
4218500 2850500  6 27  7  17.0 1013  62  2.7 2  7.4  67  225   81 299 -393  0
4218500 2850500  6 27  8  18.8 1013  65  3.7 1  7.5  58  357   97 307 -403  0
4218500 2850500  6 27  9  19.8 1013  61  4.3 2  7.6  54  453  129 312 -416  0
4218500 2850500  6 27 10  20.6 1013  80  3.8 3  7.8  53  508  178 325 -430  0
4218500 2850500  6 27 11  20.6 1013  75  4.2 3  7.7  51  550  214 332 -445  0
4218500 2850500  6 27 12  21.7 1013  53  4.2 3  7.6  48  540  254 334 -459  0
4218500 2850500  6 27 13  22.6 1013  25  4.9 5  7.3  44  108  373 345 -469  0
4218500 2850500  6 27 14  22.7 1013  28  3.3 4  6.9  40  395  316 349 -474  0
4218500 2850500  6 27 15  23.1 1012  16  2.9 2  6.8  39  516  213 339 -475  0
4218500 2850500  6 27 16  23.2 1012   9  3.4 3  6.7  38  304  255 335 -474  0
4218500 2850500  6 27 17  23.4 1011 355  3.2 3  6.7  38  280  191 338 -468  0
4218500 2850500  6 27 18  22.6 1011  50  4.3 3  6.9  40  156  160 337 -456  0
4218500 2850500  6 27 19  22.2 1011  57  3.5 2  7.0  41   57  110 332 -443  0
4218500 2850500  6 27 20  21.1 1011  65  3.5 2  6.8  42   13   47 326 -430  0
4218500 2850500  6 27 21  18.5 1011  89  2.6 2  6.9  48    0    5 320 -417  0
4218500 2850500  6 27 22  16.3 1012  79  2.4 1  7.2  58    0    0 310 -406  0
4218500 2850500  6 27 23  15.2 1012  58  2.1 1  7.5  67    0    0 301 -398  0
4218500 2850500  6 27 24  14.0 1012  51  1.9 0  7.7  74    0    0 293 -392  0
4218500 2850500  6 28  1  13.2 1013  49  1.3 0  7.7  79    0    0 285 -386  0
4218500 2850500  6 28  2  11.8 1013  39  1.4 1  7.6  84    0    0 285 -382  0
4218500 2850500  6 28  3  12.9 1013  47  1.7 1  7.5  84    0    0 290 -378  0
4218500 2850500  6 28  4  11.6 1012  52  1.5 1  7.5  85    0    0 290 -375  0
4218500 2850500  6 28  5  12.8 1012  74  1.7 1  7.9  88   12   21 291 -373  0
4218500 2850500  6 28  6  14.1 1012  91  1.7 0  8.4  86  104   57 290 -375  0
4218500 2850500  6 28  7  17.1 1012 147  1.3 0  8.3  75  247   69 290 -384  0
4218500 2850500  6 28  8  19.6 1012 122  1.2 0  7.9  60  386   77 299 -399  0
4218500 2850500  6 28  9  21.7 1012  52  1.2 0  7.7  51  525   81 307 -418  0
4218500 2850500  6 28 10  22.6 1012  54  1.9 1  7.1  43  644   86 318 -439  0
4218500 2850500  6 28 11  23.8 1011  68  2.4 1  6.5  37  730   92 325 -457  0
4218500 2850500  6 28 12  24.4 1011 100  2.2 1  6.2  33  770  103 332 -464  0
4218500 2850500  6 28 13  25.9 1011 129  1.6 1  6.1  31  740  132 337 -469  0
4218500 2850500  6 28 14  26.6 1010 133  3.1 2  6.1  29  683  149 344 -477  0
4218500 2850500  6 28 15  26.5 1009  53  2.2 3  5.7  26  526  199 347 -482  0
4218500 2850500  6 28 16  26.6 1009 128  1.1 3  5.7  26  402  203 348 -484  0
4218500 2850500  6 28 17  26.3 1008  88  1.5 4  5.9  27  351  150 348 -479  0
4218500 2850500  6 28 18  26.2 1008 141  1.5 4  5.5  26  209  134 347 -469  0
4218500 2850500  6 28 19  25.0 1008  83  1.4 5  5.4  26   77  104 344 -456  0
4218500 2850500  6 28 20  22.6 1008  16  0.9 5  5.9  32   20   47 341 -443  0
4218500 2850500  6 28 21  19.2 1008  68  2.7 5  6.4  41    0    3 331 -430  0
4218500 2850500  6 28 22  18.4 1008  88  2.5 4  6.7  49    0    0 321 -418  0
4218500 2850500  6 28 23  17.5 1008 102  2.4 3  7.1  55    0    0 313 -409  0
4218500 2850500  6 28 24  16.2 1008  85  2.8 2  7.4  61    0    0 305 -402  0
4218500 2850500  6 29  1  15.4 1008 104  2.9 1  7.5  66    0    0 298 -396  0
4218500 2850500  6 29  2  15.3 1008 113  3.0 1  7.5  68    0    0 295 -390  0
4218500 2850500  6 29  3  14.3 1008 116  2.6 3  7.4  70    0    0 297 -385  0
4218500 2850500  6 29  4  13.9 1007 112  2.8 4  7.5  74    0    0 303 -382  0
4218500 2850500  6 29  5  14.3 1007 112  2.5 6  7.7  76    0    3 309 -380  0
4218500 2850500  6 29  6  16.5 1007 103  2.5 7  7.9  72    0   22 318 -382  0
4218500 2850500  6 29  7  18.3 1006 129  2.6 6  8.0  64   13  135 321 -391  0
4218500 2850500  6 29  8  19.7 1006 126  2.1 5  8.0  58   66  255 321 -408  0
4218500 2850500  6 29  9  22.1 1006 136  1.9 6  8.2  53   50  312 328 -429  0
4218500 2850500  6 29 10  24.1 1006 137  2.6 7  8.5  48   73  384 340 -450  0
4218500 2850500  6 29 11  24.8 1005 153  2.7 6  8.3  43  122  460 349 -471  0
4218500 2850500  6 29 12  26.2 1005 153  4.0 7  7.9  39  102  468 355 -488  0
4218500 2850500  6 29 13  27.6 1005 148  3.0 7  8.0  36  164  503 366 -497  0
4218500 2850500  6 29 14  28.1 1004 119  3.8 6  8.2  35  160  486 370 -501  0
4218500 2850500  6 29 15  27.8 1003 216  2.8 6  7.9  33   72  397 369 -502  0
4218500 2850500  6 29 16  28.4 1003 161  2.3 6  7.6  32   91  365 370 -500  0
4218500 2850500  6 29 17  28.3 1002 141  1.6 6  7.9  32   60  283 370 -494  0
4218500 2850500  6 29 18  26.7 1001 124  2.8 6  8.2  35   12  168 366 -484  0
4218500 2850500  6 29 19  23.6 1001  95  2.5 5  9.4  46    6  103 356 -471  0
4218500 2850500  6 29 20  23.0 1001 123  2.7 7 10.7  59    0   30 354 -459  0
4218500 2850500  6 29 21  21.3 1001  61  1.7 7 10.6  62    0    0 354 -448  0
4218500 2850500  6 29 22  21.8 1001 307  3.9 6 10.1  62    0    0 347 -438  0
4218500 2850500  6 29 23  20.7 1002 313  4.1 6  9.5  59    0    0 342 -428  0
4218500 2850500  6 29 24  20.1 1002 311  3.6 6  9.2  61    0    0 339 -419  0
4218500 2850500  6 30  1  19.1 1002 305  3.8 5  9.4  65    0    0 335 -413  0
4218500 2850500  6 30  2  18.7 1002 300  3.4 6  9.4  68    0    0 333 -407  0
4218500 2850500  6 30  3  17.8 1002 297  3.3 6  9.5  71    0    0 333 -403  0
4218500 2850500  6 30  4  16.2 1002 305  3.2 4  9.6  78    0    0 328 -399  0
4218500 2850500  6 30  5  15.5 1002 301  3.0 2  9.7  85    1   17 318 -397  0
4218500 2850500  6 30  6  16.0 1002 297  2.6 1 10.0  88   51   73 313 -398  0
4218500 2850500  6 30  7  17.0 1002 306  3.3 1 10.0  84  175  111 314 -406  0
4218500 2850500  6 30  8  19.6 1002 297  3.7 1  9.0  68  318  135 318 -421  0
4218500 2850500  6 30  9  20.3 1002 320  4.2 1  7.9  54  431  163 323 -441  0
4218500 2850500  6 30 10  21.6 1002 301  4.0 2  7.4  48  548  178 329 -462  0
4218500 2850500  6 30 11  22.5 1002 343  3.0 3  7.5  45  597  210 339 -483  0
4218500 2850500  6 30 12  22.6 1002 351  2.9 4  7.9  46  586  256 347 -502  0
4218500 2850500  6 30 13  23.5 1002   0  2.5 4  8.1  45  585  265 353 -516  0
4218500 2850500  6 30 14  24.5 1002 300  2.2 3  7.7  41  592  241 356 -526  0
4218500 2850500  6 30 15  24.8 1001 353  1.6 4  7.2  37  479  258 358 -531  0
4218500 2850500  6 30 16  25.2 1001  47  0.9 4  6.7  34  303  276 361 -530  0
4218500 2850500  6 30 17  24.9 1001 296  2.1 7  6.5  32   68  238 368 -527  0
4218500 2850500  6 30 18  24.4 1001 343  1.9 7  6.5  33    9  147 376 -520  0
4218500 2850500  6 30 19  23.9 1000  52  3.6 7  6.3  33    2   81 377 -509  0
4218500 2850500  6 30 20  22.7  999 103  3.3 7  7.0  39    0   32 377 -497  0
4218500 2850500  6 30 21  21.7 1000  64  3.9 7  7.4  44    0    0 379 -487  0
4218500 2850500  6 30 22  20.6 1000  70  3.9 6  7.8  50    0    0 373 -479  0
4218500 2850500  6 30 23  19.4  999 101  3.9 6  8.0  55    0    0 368 -473  0
4218500 2850500  6 30 24  18.3  999 139  3.5 7  7.9  59    0    0 370 -459  0
4218500 2850500  7  1  1  17.2 1005 180  3.1 7  7.7  62    0    0 362 -376  0
4218500 2850500  7  1  2  16.4 1005 214  2.8 8  7.6  64    0    0 363 -376  0
4218500 2850500  7  1  3   9.1 1005 207  3.2 6  5.9  68    0    0 363 -376  0
4218500 2850500  7  1  4   8.7 1005 200  3.2 6  5.9  69    0    0 363 -374  0
4218500 2850500  7  1  5  15.3 1004 219  3.1 8  7.6  69    0    9 363 -373  0
4218500 2850500  7  1  6  15.0 1004 210  3.7 8  7.6  71    0   30 361 -372  0
4218500 2850500  7  1  7  16.3 1004 221  3.5 7  7.9  70    0   31 359 -375  0
4218500 2850500  7  1  8  16.6 1004 248  3.7 8  8.2  69    0   48 363 -382  0
4218500 2850500  7  1  9  17.0 1004 236  4.7 8  8.1  68    0  101 368 -393  0
4218500 2850500  7  1 10  18.1 1004 225  5.5 8  7.9  63    2  225 369 -408  0
4218500 2850500  7  1 11  18.3 1004 228  5.3 7  7.9  60    3  260 365 -423  0
4218500 2850500  7  1 12  17.9 1004 206  6.7 7  8.0  61    0  208 359 -429  0
4218500 2850500  7  1 13  18.7 1004 218  6.3 7  8.1  61    0  227 360 -419  0
4218500 2850500  7  1 14  19.0 1003 234  7.0 7  8.0  58    0  213 363 -411  0
4218500 2850500  7  1 15  17.7 1003 228  5.8 7  8.1  61    0  165 363 -410  0
4218500 2850500  7  1 16  17.1 1003 241  6.6 7  8.1  64    0  124 361 -406  0
4218500 2850500  7  1 17  15.8 1003 221  4.1 7  8.3  70    0   93 360 -403  0
4218500 2850500  7  1 18  15.3 1003 195  2.6 8  9.1  81    0   49 364 -399  0
4218500 2850500  7  1 19  15.3 1002 209  2.2 7  9.5  87    0   23 366 -396  0
4218500 2850500  7  1 20  15.2 1002 268  3.8 8  9.3  85    0   12 368 -396  0
4218500 2850500  7  1 21  14.6 1002 225  2.2 8  9.1  84    0    3 372 -394  0
4218500 2850500  7  1 22  14.2 1002 192  2.5 8  9.2  89    0    0 371 -393  0
4218500 2850500  7  1 23  13.9 1002 143  2.4 8  9.4  93    0    0 370 -392  0
4218500 2850500  7  1 24  13.6 1002 156  3.0 8  9.3  94    0    0 369 -389  0
4218500 2850500  7  2  1  13.3 1001 166  3.1 8  9.2  94    0    0 368 -386  0
4218500 2850500  7  2  2  13.4 1001 168  4.1 8  9.2  95    0    0 368 -385  0
4218500 2850500  7  2  3  13.7 1000 184  4.2 8  9.2  93    0    0 368 -385  0
4218500 2850500  7  2  4  14.2 1000 197  4.2 8  9.2  91    0    0 368 -385  0
4218500 2850500  7  2  5  14.7 1000 216  4.1 7  9.1  87    0    3 363 -385  0
4218500 2850500  7  2  6  14.9 1000 209  3.8 7  9.2  86    0   32 358 -385  0
4218500 2850500  7  2  7  15.5  999 207  4.2 6  9.3  85   17  101 353 -388  0
4218500 2850500  7  2  8  16.2 1000 208  4.2 7  9.4  82    5  139 355 -391  0
4218500 2850500  7  2  9  16.7 1000 217  5.5 7  9.4  79   12  205 361 -396  0
4218500 2850500  7  2 10  17.1 1000 219  5.7 8  9.4  77    0  182 366 -407  0
4218500 2850500  7  2 11  18.0 1000 208  6.1 7  9.3  73   27  297 369 -413  0
4218500 2850500  7  2 12  19.1  999 214  6.8 6  9.5  70  102  337 365 -415  0
4218500 2850500  7  2 13  19.5  999 217  7.3 7  9.6  67   40  319 367 -420  0
4218500 2850500  7  2 14  19.2  999 206  6.7 7  9.2  64    0  223 368 -422  0
4218500 2850500  7  2 15  18.0  999 207  7.1 8  9.2  67    0  122 368 -425  0
4218500 2850500  7  2 16  18.8 1000 216  5.2 7  9.6  72    5  194 366 -424  0
4218500 2850500  7  2 17  15.8  999 263  6.1 8  9.9  79    0   63 362 -420  0
4218500 2850500  7  2 18  14.7 1000 212  3.5 8  9.9  90    0   58 360 -420  0
4218500 2850500  7  2 19  15.3 1000 232  4.3 4 10.1  93   26   93 342 -414  0
4218500 2850500  7  2 20  15.4 1000 231  4.1 4  9.8  89   30   42 327 -404  0
4218500 2850500  7  2 21  13.9 1001 203  3.4 2  9.3  88    0    5 316 -393  0
4218500 2850500  7  2 22  12.9 1002 192  3.6 3  8.9  92    0    0 307 -384  0
4218500 2850500  7  2 23  13.1 1002 197  4.3 4  8.9  94    0    0 316 -380  0
4218500 2850500  7  2 24  13.1 1002 215  4.3 6  8.6  90    0    0 331 -378  0
4218500 2850500  7  3  1  13.3 1003 208  4.1 5  8.2  86    0    0 335 -376  0
4218500 2850500  7  3  2  12.8 1003 208  4.1 6  8.0  85    0    0 335 -374  0
4218500 2850500  7  3  3  12.9 1003 206  3.8 7  7.9  84    0    0 345 -373  0
4218500 2850500  7  3  4  12.7 1003 209  3.7 7  7.6  82    0    0 349 -375  0
4218500 2850500  7  3  5  12.6 1003 188  3.8 7  7.6  82    0    3 349 -377  0
4218500 2850500  7  3  6  13.0 1003 187  4.2 7  7.7  83    0   25 348 -380  0
4218500 2850500  7  3  7  13.9 1003 196  3.8 8  7.9  82    0   50 353 -384  0
4218500 2850500  7  3  8  15.4 1003 189  3.9 7  8.2  77   19  166 354 -389  0
4218500 2850500  7  3  9  17.2 1003 192  4.2 7  8.2  70   22  227 352 -393  0
4218500 2850500  7  3 10  18.2 1003 191  4.7 7  8.2  64   26  272 357 -398  0
4218500 2850500  7  3 11  20.0 1003 189  4.9 6  8.2  59  162  336 356 -406  0
4218500 2850500  7  3 12  20.7 1002 198  5.7 7  8.0  53   85  345 360 -413  0
4218500 2850500  7  3 13  21.4 1002 209  5.4 7  8.0  50   21  307 371 -417  0
4218500 2850500  7  3 14  21.7 1001 225  4.7 6  7.9  48  129  339 368 -420  0
4218500 2850500  7  3 15  23.0 1001 235  3.0 6  7.8  46  210  301 369 -422  0
4218500 2850500  7  3 16  22.6 1000  26  1.6 6  8.0  46  121  260 374 -422  0
4218500 2850500  7  3 17  21.9 1000  21  3.0 6  8.5  50  102  212 374 -422  0
4218500 2850500  7  3 18  21.3  999  19  3.1 6  9.1  55   48  155 374 -419  0
4218500 2850500  7  3 19  19.4  999   7  3.0 7  9.5  62    3   77 375 -417  0
4218500 2850500  7  3 20  18.1  999  16  2.6 7  9.4  68    0   30 375 -416  0
4218500 2850500  7  3 21  17.7  999 327  2.3 8  9.0  69    0    0 375 -412  0
4218500 2850500  7  3 22  16.3  999  47  1.8 6  9.0  73    0    0 368 -406  0
4218500 2850500  7  3 23  16.4  999 125  2.7 6  9.2  78    0    0 357 -401  0
4218500 2850500  7  3 24  15.9 1000 130  2.5 7  9.2  79    0    0 359 -397  0
4218500 2850500  7  4  1  15.4  999 170  2.2 7  9.3  82    0    0 363 -396  0
4218500 2850500  7  4  2  14.6  999 169  2.6 6  9.3  86    0    0 357 -395  0
4218500 2850500  7  4  3  15.1  998 196  2.7 6  9.3  87    0    0 353 -394  0
4218500 2850500  7  4  4  14.3  998 205  3.1 7  9.4  88    0    0 360 -393  0
4218500 2850500  7  4  5  15.5  998 220  3.1 7  9.4  88    0    8 366 -392  0
4218500 2850500  7  4  6  16.2  999 238  3.6 7  9.3  81    1   36 367 -392  0
4218500 2850500  7  4  7  16.8  999 239  3.7 7  9.2  77    0   33 368 -395  0
4218500 2850500  7  4  8  17.3 1000 255  4.6 8  9.3  76    0   49 374 -400  0
4218500 2850500  7  4  9  16.3 1001 271  5.8 8  9.3  77    0  143 376 -404  0
4218500 2850500  7  4 10  16.9 1002 260  6.8 6  8.6  72   22  274 366 -411  0
4218500 2850500  7  4 11  17.0 1002 242  6.8 7  8.0  66   10  276 362 -412  0
4218500 2850500  7  4 12  17.8 1003 248  7.1 7  7.9  63   23  314 368 -409  0
4218500 2850500  7  4 13  16.9 1003 248  7.7 6  7.7  62    0  214 363 -409  0
4218500 2850500  7  4 14  16.0 1003 242  7.8 6  8.2  69    0  167 356 -402  0
4218500 2850500  7  4 15  15.3 1004 235  6.5 7  8.7  78    0   83 357 -401  0
4218500 2850500  7  4 16  14.7 1005 234  5.4 7  8.9  82    0   77 357 -410  0
4218500 2850500  7  4 17  14.0 1005 256  6.8 8  9.4  91    0   80 358 -414  0
4218500 2850500  7  4 18  14.6 1005 264  6.5 7  9.7  95    0   85 357 -415  0
4218500 2850500  7  4 19  15.1 1006 278  6.7 6  9.5  89    1   69 352 -415  0
4218500 2850500  7  4 20  15.3 1007 277  5.8 8  9.0  83    0   25 357 -408  0
4218500 2850500  7  4 21  15.4 1008 270  5.3 7  8.6  78    0    0 362 -398  0
4218500 2850500  7  4 22  14.8 1009 276  6.6 5  7.9  74    0    0 347 -389  0
4218500 2850500  7  4 23  14.1 1010 291  6.6 3  7.3  71    0    0 325 -382  0
4218500 2850500  7  4 24  12.9 1011 295  5.0 0  6.9  72    0    0 299 -377  0
4218500 2850500  7  5  1  12.3 1011 274  4.3 0  6.9  76    0    0 282 -373  0
4218500 2850500  7  5  2  11.6 1011 271  3.4 0  7.2  82    0    0 280 -370  0
4218500 2850500  7  5  3  10.5 1012 252  3.5 1  7.2  88    0    0 279 -366  0
4218500 2850500  7  5  4  10.2 1012 249  2.8 1  7.1  91    0    0 280 -363  0
4218500 2850500  7  5  5  10.1 1012 244  2.9 0  7.1  92    8   20 273 -365  0
4218500 2850500  7  5  6  11.8 1012 242  2.7 1  7.3  89   73   75 274 -368  0
4218500 2850500  7  5  7  13.1 1012 229  2.3 1  7.4  82  178  113 281 -377  0
4218500 2850500  7  5  8  15.2 1012 199  2.2 2  7.2  72  297  145 289 -391  0
4218500 2850500  7  5  9  17.0 1013 180  3.1 2  7.2  63  393  181 298 -408  0
4218500 2850500  7  5 10  19.1 1012 211  3.0 4  7.6  59  464  220 315 -426  0
4218500 2850500  7  5 11  19.9 1012 201  4.1 5  7.8  55  315  346 335 -440  0
4218500 2850500  7  5 12  20.8 1012 204  4.5 6  7.7  52  119  390 349 -454  0
4218500 2850500  7  5 13  22.1 1011 232  4.6 4  7.4  46  175  401 349 -461  0
4218500 2850500  7  5 14  23.3 1011 211  4.4 3  7.2  42  297  369 342 -463  0
4218500 2850500  7  5 15  23.8 1010 221  4.4 4  6.8  38  277  335 346 -464  0
4218500 2850500  7  5 16  24.0 1010 238  3.1 3  6.3  34  303  271 348 -456  0
4218500 2850500  7  5 17  23.9 1010 275  2.7 2  6.3  34  270  209 341 -446  0
4218500 2850500  7  5 18  23.5 1009 315  2.1 3  6.4  35  108  176 342 -444  0
4218500 2850500  7  5 19  22.2 1009 245  1.4 2  6.4  37   43  109 340 -440  0
4218500 2850500  7  5 20  20.6 1009 330  0.9 3  7.0  44    7   44 338 -432  0
4218500 2850500  7  5 21  17.6 1009 135  1.7 4  7.6  55    0    4 340 -423  0
4218500 2850500  7  5 22  16.9 1009 132  2.3 4  7.8  63    0    0 337 -417  0
4218500 2850500  7  5 23  16.7 1009 145  2.6 5  8.0  67    0    0 339 -413  0
4218500 2850500  7  5 24  16.8 1009 146  2.7 6  8.2  69    0    0 347 -410  0
4218500 2850500  7  6  1  16.1 1009 142  2.6 4  8.1  69    0    0 341 -408  0
4218500 2850500  7  6  2  14.4 1009 139  2.7 2  8.0  73    0    0 321 -406  0
4218500 2850500  7  6  3  13.8 1008 134  2.8 2  8.0  79    0    0 310 -403  0
4218500 2850500  7  6  4  13.2 1008 141  2.7 2  8.1  83    0    0 308 -400  0
4218500 2850500  7  6  5  13.2 1008 137  2.7 3  8.1  85    0    2 310 -399  0
4218500 2850500  7  6  6  16.1 1008 147  2.4 5  8.2  78    0   16 326 -400  0
4218500 2850500  7  6  7  17.1 1008 153  2.5 5  8.2  70  124  117 338 -406  0
4218500 2850500  7  6  8  19.7 1008 167  2.5 3  8.4  63  331  117 336 -416  0
4218500 2850500  7  6  9  21.7 1008 174  2.3 3  8.5  56  336  195 339 -429  0
4218500 2850500  7  6 10  24.0 1007 151  2.4 5  8.7  50  253  299 357 -442  0
4218500 2850500  7  6 11  24.3 1007 177  2.6 5  8.7  46  152  362 372 -454  0
4218500 2850500  7  6 12  24.8 1007 210  2.1 5  8.4  43  332  351 373 -462  0
4218500 2850500  7  6 13  24.7 1007 283  2.6 6  8.5  44   53  348 380 -467  0
4218500 2850500  7  6 14  23.5 1007 289  4.2 6  8.9  47    6  262 385 -468  0
4218500 2850500  7  6 15  21.6 1007 293  4.7 6  9.5  55   45  292 382 -464  0
4218500 2850500  7  6 16  20.5 1008 300  4.7 6 10.0  63   37  250 377 -460  0
4218500 2850500  7  6 17  19.8 1009 275  3.9 8 10.3  70    0   88 381 -456  0
4218500 2850500  7  6 18  18.7 1009 293  3.2 8 10.6  75    0   43 386 -446  0
4218500 2850500  7  6 19  18.3 1009 228  2.3 8 10.8  80    0   42 384 -435  0
4218500 2850500  7  6 20  18.0 1010 222  1.9 8 11.0  83    0   24 385 -428  0
4218500 2850500  7  6 21  17.5 1010 245  2.6 7 11.0  86    0    3 380 -420  0
4218500 2850500  7  6 22  17.7 1010 290  2.2 6 11.0  87    0    0 372 -414  0
4218500 2850500  7  6 23  17.2 1010 248  2.6 5 10.9  87    0    0 362 -411  0
4218500 2850500  7  6 24  15.8 1011 212  2.1 3 10.7  90    0    0 347 -408  0
4218500 2850500  7  7  1  15.3 1011 235  1.7 4 10.4  94    0    0 338 -406  0
4218500 2850500  7  7  2  15.5 1011 269  2.4 3 10.4  94    0    0 338 -403  0
4218500 2850500  7  7  3  14.5 1011 280  2.2 2 10.2  95    0    0 326 -400  0
4218500 2850500  7  7  4  13.4 1011 262  2.0 2  9.5  95    0    0 317 -395  0
4218500 2850500  7  7  5  13.3 1011 259  2.1 2  9.1  95    0   13 315 -391  0
4218500 2850500  7  7  6  15.1 1011 236  1.7 5  9.5  94   41   65 329 -390  0
4218500 2850500  7  7  7  16.8 1011 254  2.2 4 10.0  88  136  115 341 -396  0
4218500 2850500  7  7  8  18.7 1011 280  3.0 6  9.9  77   54  192 351 -407  0
4218500 2850500  7  7  9  18.7 1012 285  4.3 7  9.7  72   36  248 367 -419  0
4218500 2850500  7  7 10  19.3 1012 287  4.0 7  9.6  70  155  325 373 -430  0
4218500 2850500  7  7 11  20.3 1012 279  3.6 6  9.6  66  191  362 373 -439  0
4218500 2850500  7  7 12  20.8 1012 273  3.6 7  9.5  63  142  384 375 -449  0
4218500 2850500  7  7 13  21.6 1012 272  4.4 8  9.1  58   19  311 384 -455  0
4218500 2850500  7  7 14  20.4 1012 293  4.8 8  8.8  57    0  130 384 -462  0
4218500 2850500  7  7 15  19.6 1012 302  3.3 8  8.9  61    0  120 380 -471  0
4218500 2850500  7  7 16  20.2 1013 264  4.3 7  9.0  62    0  175 377 -462  0
4218500 2850500  7  7 17  20.4 1013 260  3.5 6  8.9  59   32  206 371 -452  0
4218500 2850500  7  7 18  19.7 1013 270  3.7 6  9.2  63    3  125 367 -451  0
4218500 2850500  7  7 19  18.8 1013 244  2.6 6  9.7  69    5   85 364 -444  0
4218500 2850500  7  7 20  18.3 1013 260  2.4 7  9.8  73    0   28 365 -435  0
4218500 2850500  7  7 21  17.5 1013 238  2.2 6  9.7  76    0    2 363 -426  0
4218500 2850500  7  7 22  16.1 1013 256  2.2 4  9.9  82    0    0 349 -417  0
4218500 2850500  7  7 23  15.2 1013 267  1.9 3  9.9  89    0    0 334 -408  0
4218500 2850500  7  7 24  13.6 1013 233  2.1 1  9.6  93    0    0 319 -402  0
4218500 2850500  7  8  1  13.4 1013 195  1.7 1  9.2  95    0    0 308 -398  0
4218500 2850500  7  8  2  12.7 1013 172  1.6 1  9.0  96    0    0 307 -393  0
4218500 2850500  7  8  3  12.7 1013 184  1.6 2  8.9  97    0    0 309 -389  0
4218500 2850500  7  8  4  13.0 1013 154  1.6 5  9.2  99    0    0 325 -386  0
4218500 2850500  7  8  5  13.6 1013 132  1.4 6  9.5  99    0    2 341 -385  0
4218500 2850500  7  8  6  14.4 1013 137  1.9 5  9.9  98   18   58 343 -386  0
4218500 2850500  7  8  7  16.0 1013 132  2.2 2  9.8  91  150  109 330 -396  0
4218500 2850500  7  8  8  19.4 1013 145  3.2 1  9.1  72  302  128 323 -413  0
4218500 2850500  7  8  9  21.5 1013 146  4.1 1  8.7  58  445  140 329 -433  0
4218500 2850500  7  8 10  23.4 1013 160  4.3 0  9.0  53  558  153 335 -453  0
4218500 2850500  7  8 11  24.7 1012 177  4.6 1  8.8  47  538  221 343 -469  0
4218500 2850500  7  8 12  25.4 1012 199  4.5 2  8.6  43  460  298 352 -481  0
4218500 2850500  7  8 13  26.2 1011 192  3.8 2  8.3  40  526  274 359 -488  0
4218500 2850500  7  8 14  27.7 1011 214  4.7 1  8.1  36  586  222 363 -495  0
4218500 2850500  7  8 15  28.7 1010 193  3.6 1  8.0  34  555  193 366 -497  0
4218500 2850500  7  8 16  28.9 1010 206  3.5 1  8.0  32  463  179 368 -495  0
4218500 2850500  7  8 17  29.1 1009 156  4.1 1  8.1  32  365  151 368 -491  0
4218500 2850500  7  8 18  28.9 1008 170  3.7 1  8.2  32  229  131 366 -483  0
4218500 2850500  7  8 19  27.9 1008 159  3.1 2  8.3  34   99   98 364 -473  0
4218500 2850500  7  8 20  25.9 1008 148  3.1 2  8.8  39    6   43 361 -459  0
4218500 2850500  7  8 21  23.5 1008 130  3.5 2  9.1  46    0    3 355 -445  0
4218500 2850500  7  8 22  22.4 1009 137  3.5 2  9.3  53    0    0 350 -434  0
4218500 2850500  7  8 23  21.8 1009 145  3.4 1  9.4  56    0    0 344 -426  0
4218500 2850500  7  8 24  20.2 1009 135  3.6 1  9.6  61    0    0 339 -421  0
4218500 2850500  7  9  1  19.2 1009 134  3.4 1  9.9  68    0    0 334 -418  0
4218500 2850500  7  9  2  19.3 1009 127  3.5 1 10.0  71    0    0 332 -415  0
4218500 2850500  7  9  3  19.2 1009 136  3.2 2 10.0  71    0    0 332 -412  0
4218500 2850500  7  9  4  18.6 1008 128  3.5 3 10.0  72    0    0 333 -409  0
4218500 2850500  7  9  5  18.2 1008 137  2.9 4 10.0  75    2   13 335 -407  0
4218500 2850500  7  9  6  19.8 1008 137  3.3 6 10.2  74   52   62 341 -408  0
4218500 2850500  7  9  7  21.9 1008 135  3.0 6 10.4  67  144  104 350 -415  0
4218500 2850500  7  9  8  24.2 1008 143  3.5 4 10.6  60  300  116 352 -428  0
4218500 2850500  7  9  9  26.8 1008 142  3.6 3 10.7  52  442  124 356 -445  0
4218500 2850500  7  9 10  28.8 1008 138  4.7 4 10.5  45  528  151 366 -463  0
4218500 2850500  7  9 11  30.7 1007 162  5.8 4  9.8  37  567  188 375 -480  0
4218500 2850500  7  9 12  31.3 1007 155  5.6 5  9.2  32  617  195 383 -496  0
4218500 2850500  7  9 13  32.1 1006 155  4.8 4  9.1  31  660  178 387 -507  0
4218500 2850500  7  9 14  32.5 1005 151  5.3 3  9.0  29  600  196 387 -514  0
4218500 2850500  7  9 15  33.2 1005 137  4.9 2  8.8  28  538  188 387 -516  0
4218500 2850500  7  9 16  33.7 1004 134  4.9 2  8.4  26  449  172 387 -513  0
4218500 2850500  7  9 17  33.2 1004 137  4.8 1  8.0  25  337  153 384 -507  0
4218500 2850500  7  9 18  32.9 1003 135  4.7 0  8.2  26  221  123 380 -498  0
4218500 2850500  7  9 19  31.6 1003 146  3.9 0  8.3  27  102   92 375 -486  0
4218500 2850500  7  9 20  29.0 1003 138  3.2 1  8.4  31   17   45 370 -472  0
4218500 2850500  7  9 21  25.1 1003 136  2.9 1  8.6  38    0    4 360 -459  0
4218500 2850500  7  9 22  24.0 1003 129  3.6 1  9.0  46    0    0 351 -448  0
4218500 2850500  7  9 23  22.6 1003 127  3.5 1  9.4  52    0    0 347 -440  0
4218500 2850500  7  9 24  21.4 1003 124  3.5 1  9.8  58    0    0 345 -433  0
4218500 2850500  7 10  1  22.1 1003 134  3.6 0 10.0  61    0    0 346 -428  0
4218500 2850500  7 10  2  21.8 1004 142  2.6 0 10.3  62    0    0 349 -425  0
4218500 2850500  7 10  3  20.3 1004  63  1.6 1 10.3  65    0    0 349 -421  0
4218500 2850500  7 10  4  19.1 1004 165  1.8 2 10.5  72    0    0 346 -417  0
4218500 2850500  7 10  5  20.3 1004 315  3.1 3 10.8  74    1   13 347 -415  0
4218500 2850500  7 10  6  21.4 1004 351  2.4 3 11.0  70   38   68 350 -417  0
4218500 2850500  7 10  7  23.4 1003 357  2.2 3 11.2  65  124  125 353 -425  0
4218500 2850500  7 10  8  25.5 1003 209  1.5 2 11.2  58  224  172 356 -438  0
4218500 2850500  7 10  9  26.3 1004  62  1.2 3 11.2  53  196  262 361 -455  0
4218500 2850500  7 10 10  27.6 1003 273  2.2 2 11.3  50  441  234 366 -475  0
4218500 2850500  7 10 11  28.7 1003 270  1.6 2 11.5  47  570  229 367 -496  0
4218500 2850500  7 10 12  30.0 1003  67  1.5 2 11.7  45  610  241 375 -513  0
4218500 2850500  7 10 13  31.0 1002  53  1.8 1 11.9  43  622  243 380 -523  0
4218500 2850500  7 10 14  31.9 1002 145  1.9 1 11.8  40  479  302 382 -529  0
4218500 2850500  7 10 15  32.3 1001 121  1.8 2 12.0  39  384  304 391 -531  0
4218500 2850500  7 10 16  32.8 1000 178  2.9 2 12.0  38  364  249 397 -527  0
4218500 2850500  7 10 17  32.2 1000 174  2.6 2 11.7  37  237  224 397 -517  0
4218500 2850500  7 10 18  30.6  999 307  3.9 3 11.8  40  106  178 397 -504  0
4218500 2850500  7 10 19  28.3  998   8  3.0 6 12.7  48    1   75 405 -481  0
4218500 2850500  7 10 20  18.6  998 276  8.7 8 12.6  68    0   14 399 -456  0
4218500 2850500  7 10 21  16.4 1003 291  6.2 8 11.7  92    0    0 384 -440  0
4218500 2850500  7 10 22  16.4 1004 261  4.1 8 11.4  96    0    0 380 -431  0
4218500 2850500  7 10 23  14.9 1004 269  6.7 8 10.7  95    0    0 376 -426  0
4218500 2850500  7 10 24  14.7 1006 273  6.1 8  9.8  92    0    0 372 -421  0
4218500 2850500  7 11  1  15.0 1008 261  5.1 7  9.6  90    0    0 368 -416  0
4218500 2850500  7 11  2  14.9 1008 257  5.4 7  9.4  88    0    0 365 -411  0
4218500 2850500  7 11  3  15.0 1009 263  4.3 7  9.2  86    0    0 364 -411  0
4218500 2850500  7 11  4  14.5 1010 253  3.5 7  9.0  86    0    0 363 -411  0
4218500 2850500  7 11  5  14.6 1011 275  3.6 7  8.8  85    0    2 361 -408  0
4218500 2850500  7 11  6  14.6 1012 258  3.4 6  8.6  82    0   15 355 -405  0
4218500 2850500  7 11  7  15.3 1013 271  4.1 6  8.3  78   42  114 351 -409  0
4218500 2850500  7 11  8  16.5 1013 276  3.3 3  8.0  71  273  124 341 -419  0
4218500 2850500  7 11  9  17.3 1014 290  2.9 4  7.9  66  356  165 335 -427  0
4218500 2850500  7 11 10  18.7 1014 249  2.9 2  7.8  60  539  137 337 -432  0
4218500 2850500  7 11 11  19.2 1015 216  3.3 5  7.7  56   88  340 344 -447  0
4218500 2850500  7 11 12  19.0 1015 215  3.3 7  7.5  55    1  231 367 -461  0
4218500 2850500  7 11 13  20.8 1016 190  2.7 4  7.6  52  334  333 367 -463  0
4218500 2850500  7 11 14  21.0 1015 199  2.1 3  7.5  49  509  241 356 -464  0
4218500 2850500  7 11 15  21.3 1016 191  2.8 5  7.2  46   98  317 360 -467  0
4218500 2850500  7 11 16  21.4 1016 231  4.0 6  7.2  46    2  187 369 -471  0
4218500 2850500  7 11 17  21.0 1016 242  4.1 5  7.3  46    8  179 367 -469  0
4218500 2850500  7 11 18  21.6 1016 231  2.3 5  7.3  46   53  162 361 -462  0
4218500 2850500  7 11 19  21.3 1016 227  2.3 2  7.4  46  112   87 351 -453  0
4218500 2850500  7 11 20  20.1 1016 250  1.9 2  7.6  50   14   43 337 -444  0
4218500 2850500  7 11 21  17.3 1017 287  1.9 2  8.2  61    0    3 331 -435  0
4218500 2850500  7 11 22  17.0 1017 253  2.0 3  8.8  72    0    0 329 -425  0
4218500 2850500  7 11 23  16.9 1017 350  0.6 4  9.0  74    0    0 334 -415  0
4218500 2850500  7 11 24  15.2 1018 156  1.4 3  9.2  81    0    0 331 -408  0
4218500 2850500  7 12  1  14.2 1018 243  1.7 1  9.2  88    0    0 316 -403  0
4218500 2850500  7 12  2  13.5 1018 309  1.4 2  9.1  92    0    0 308 -398  0
4218500 2850500  7 12  3  13.0 1018  64  0.5 2  9.0  95    0    0 308 -394  0
4218500 2850500  7 12  4  12.5 1018  61  1.2 1  8.8  96    0    0 302 -391  0
4218500 2850500  7 12  5  12.7 1018 127  1.4 2  8.7  96    3   15 301 -389  0
4218500 2850500  7 12  6  14.3 1019 287  1.1 3  9.1  94   30   64 310 -393  0
4218500 2850500  7 12  7  16.3 1019  63  0.7 3  9.7  89  122  121 319 -401  0
4218500 2850500  7 12  8  19.1 1019  47  1.7 3  9.7  77  204  174 327 -414  0
4218500 2850500  7 12  9  21.1 1019 295  0.8 5  9.2  63  337  200 342 -431  0
4218500 2850500  7 12 10  21.7 1019  84  1.4 4  8.4  53  502  196 350 -449  0
4218500 2850500  7 12 11  22.8 1018  52  1.6 4  8.1  48  551  226 350 -466  0
4218500 2850500  7 12 12  24.6 1018 252  2.1 4  7.5  41  471  307 356 -480  0
4218500 2850500  7 12 13  24.7 1018 130  2.1 5  6.9  36  217  395 362 -488  0
4218500 2850500  7 12 14  24.7 1017 206  1.2 7  7.0  36   15  297 373 -490  0
4218500 2850500  7 12 15  24.8 1017 200  0.4 6  7.0  36   77  327 378 -493  0
4218500 2850500  7 12 16  24.9 1017 240  1.8 6  6.8  35  106  294 374 -493  0
4218500 2850500  7 12 17  25.1 1016  97  2.9 7  7.0  36   57  231 378 -485  0
4218500 2850500  7 12 18  25.4 1016  68  2.6 4  7.0  35  110  174 371 -472  0
4218500 2850500  7 12 19  23.7 1015  82  2.3 2  7.0  37   85  104 346 -459  0
4218500 2850500  7 12 20  22.4 1015  88  2.6 5  7.2  41    8   43 345 -452  0
4218500 2850500  7 12 21  20.6 1015  79  3.1 5  7.3  46    0    4 353 -445  0
4218500 2850500  7 12 22  20.9 1015  75  3.3 5  7.3  48    0    0 349 -439  0
4218500 2850500  7 12 23  20.5 1015  88  3.6 5  7.4  49    0    0 348 -434  0
4218500 2850500  7 12 24  19.5 1015  92  3.4 4  7.7  53    0    0 343 -430  0
4218500 2850500  7 13  1  17.9 1015  87  3.6 2  8.2  61    0    0 328 -427  0
4218500 2850500  7 13  2  16.9 1015  84  3.4 1  8.5  68    0    0 312 -424  0
4218500 2850500  7 13  3  15.6 1015  68  3.1 2  8.3  72    0    0 308 -423  0
4218500 2850500  7 13  4  14.8 1014  88  2.9 3  8.1  75    0    0 313 -422  0
4218500 2850500  7 13  5  15.4 1014  80  3.3 3  8.1  76    3   14 317 -419  0
4218500 2850500  7 13  6  17.1 1014  97  4.0 4  8.1  71   67   58 325 -416  0
4218500 2850500  7 13  7  19.4 1014 105  4.2 4  8.1  62  127  103 335 -412  0
4218500 2850500  7 13  8  20.4 1014  96  4.1 6  8.3  57   71  182 350 -410  0
4218500 2850500  7 13  9  22.9 1013  96  4.9 6  8.4  52  337  169 368 -409  0
4218500 2850500  7 13 10  24.8 1013  86  6.7 5  9.0  48  402  208 373 -410  0
4218500 2850500  7 13 11  25.4 1013  83  7.1 5  9.3  47  307  304 379 -413  0
4218500 2850500  7 13 12  26.0 1012  72  7.1 6  9.1  44  377  305 388 -416  0
4218500 2850500  7 13 13  26.6 1011  78  6.4 6  9.1  42  208  360 396 -416  0
4218500 2850500  7 13 14  25.5 1011  81  6.9 7  9.1  43    1  236 400 -413  0
4218500 2850500  7 13 15  23.6 1011  90  4.7 8  9.3  48    0  102 402 -413  0
4218500 2850500  7 13 16  22.6 1011  77  4.9 8 10.1  57    0   68 402 -416  0
4218500 2850500  7 13 17  22.1 1011  39  3.9 8 10.1  59    0   83 397 -414  0
4218500 2850500  7 13 18  22.8 1011  25  4.6 7  8.9  52   10  137 390 -413  0
4218500 2850500  7 13 19  22.7 1010  37  5.2 4  8.3  48   65   96 376 -414  0
4218500 2850500  7 13 20  22.6 1010  42  4.3 6  8.5  49    0   31 372 -411  0
4218500 2850500  7 13 21  22.7 1010  42  3.9 7  8.7  51    0    0 383 -405  0
4218500 2850500  7 13 22  22.4 1011  43  3.6 7  9.0  52    0    0 386 -398  0
4218500 2850500  7 13 23  21.6 1011  56  3.9 7  9.3  56    0    0 384 -393  0
4218500 2850500  7 13 24  22.0 1011  77  4.6 5  9.3  57    0    0 375 -389  0
4218500 2850500  7 14  1  22.1 1011  78  5.9 6  8.8  53    0    0 370 -386  0
4218500 2850500  7 14  2  21.4 1011  78  4.9 6  8.6  52    0    0 373 -385  0
4218500 2850500  7 14  3  20.7 1012  76  4.4 6  8.6  55    0    0 371 -385  0
4218500 2850500  7 14  4  20.0 1012  68  4.2 7  8.8  59    0    0 374 -385  0
4218500 2850500  7 14  5  18.9 1012  85  5.0 7  9.1  64    0    1 377 -386  0
4218500 2850500  7 14  6  17.5 1013  64  4.8 6  9.8  75    0   12 370 -388  0
4218500 2850500  7 14  7  18.1 1013  78  4.6 8 10.5  82    0   39 376 -395  0
4218500 2850500  7 14  8  18.6 1013  91  4.8 7 10.8  81    0   83 383 -404  0
4218500 2850500  7 14  9  17.4 1014 100  3.9 8 11.0  84    0   66 382 -418  0
4218500 2850500  7 14 10  17.2 1015  40  3.2 8 11.4  92    0   80 385 -439  0
4218500 2850500  7 14 11  17.8 1014  21  4.0 8 12.0  95    0  131 387 -461  0
4218500 2850500  7 14 12  18.5 1014   6  2.8 8 12.4  95    0  159 389 -480  0
4218500 2850500  7 14 13  18.3 1014  38  3.3 8 12.5  94    0  143 390 -492  0
4218500 2850500  7 14 14  18.3 1015  34  2.8 7 12.5  95    0  149 386 -500  0
4218500 2850500  7 14 15  18.3 1015  30  2.8 8 12.6  95    0  112 385 -504  0
4218500 2850500  7 14 16  18.8 1015  27  2.2 8 12.7  95    0  114 389 -502  0
4218500 2850500  7 14 17  19.1 1015 345  3.0 8 13.0  94    0  100 390 -495  0
4218500 2850500  7 14 18  19.2 1015 348  2.8 8 13.3  95    0   77 390 -484  0
4218500 2850500  7 14 19  19.2 1015 358  3.3 8 13.3  95    0   49 390 -471  0
4218500 2850500  7 14 20  19.2 1015 357  3.6 8 13.2  94    0   34 391 -456  0
4218500 2850500  7 14 21  18.7 1015  26  3.9 7 12.7  92    0    4 388 -442  0
4218500 2850500  7 14 22  18.1 1015  25  3.2 8 12.0  90    0    0 386 -431  0
4218500 2850500  7 14 23  17.6 1016  27  3.5 8 11.4  89    0    0 387 -423  0
4218500 2850500  7 14 24  17.4 1016  31  2.9 7 11.1  88    0    0 383 -416  0
4218500 2850500  7 15  1  17.2 1016  40  3.4 6 10.8  88    0    0 374 -410  0
4218500 2850500  7 15  2  17.0 1016  46  3.5 7 10.9  89    0    0 373 -406  0
4218500 2850500  7 15  3  16.6 1016  20  3.6 7 11.3  94    0    0 377 -402  0
4218500 2850500  7 15  4  16.6 1015  11  3.5 7 11.3  96    0    0 377 -399  0
4218500 2850500  7 15  5  16.3 1015  14  3.3 7 11.0  94    0    7 376 -396  0
4218500 2850500  7 15  6  16.5 1015  19  4.0 7 10.7  92    3   44 375 -396  0
4218500 2850500  7 15  7  16.5 1015  18  4.0 6 10.5  90    0   62 370 -401  0
4218500 2850500  7 15  8  16.4 1015  15  5.1 7  9.7  83    1  129 368 -412  0
4218500 2850500  7 15  9  17.0 1016  17  4.9 7  8.9  75   32  248 373 -427  0
4218500 2850500  7 15 10  18.3 1016  12  4.6 6  9.1  72  138  330 371 -442  0
4218500 2850500  7 15 11  19.8 1015  17  4.7 4  9.6  70  358  324 363 -457  0
4218500 2850500  7 15 12  20.3 1015   3  4.3 5  9.5  65  109  384 364 -469  0
4218500 2850500  7 15 13  20.9 1015   9  4.1 6  9.6  64  139  396 375 -477  0
4218500 2850500  7 15 14  21.7 1014   6  3.0 7 10.6  67   27  325 386 -481  0
4218500 2850500  7 15 15  22.1 1014  17  3.3 7 11.1  67    7  254 393 -475  0
4218500 2850500  7 15 16  22.5 1014   3  3.5 7 11.2  66   13  238 395 -467  0
4218500 2850500  7 15 17  22.9 1013   0  3.5 7 11.2  64    8  188 396 -463  0
4218500 2850500  7 15 18  23.1 1013   7  3.8 7 10.7  60    9  141 395 -457  0
4218500 2850500  7 15 19  22.5 1012  17  4.2 6 10.2  58   17   98 390 -449  0
4218500 2850500  7 15 20  21.4 1013  16  4.0 6  9.7  58    0   30 381 -439  0
4218500 2850500  7 15 21  20.6 1013   9  3.3 6  9.5  61    0    0 375 -428  0
4218500 2850500  7 15 22  20.1 1013   8  3.8 7  9.6  64    0    0 375 -419  0
4218500 2850500  7 15 23  19.4 1013  18  3.3 6  9.4  65    0    0 370 -412  0
4218500 2850500  7 15 24  18.5 1012  27  3.5 3  9.5  70    0    0 351 -406  0
4218500 2850500  7 16  1  18.4 1012  32  3.4 3  9.9  74    0    0 338 -400  0
4218500 2850500  7 16  2  18.7 1011  38  3.2 5  9.9  74    0    0 345 -395  0
4218500 2850500  7 16  3  17.6 1011  30  3.6 7 10.6  81    0    0 358 -390  0
4218500 2850500  7 16  4  17.6 1011  41  3.5 7 11.1  88    0    0 362 -387  0
4218500 2850500  7 16  5  18.1 1011  59  4.0 7 10.5  82    0    6 361 -384  0
4218500 2850500  7 16  6  18.0 1011  78  4.0 7  9.7  74    0   24 358 -383  0
4218500 2850500  7 16  7  19.2 1011  68  4.2 7  9.2  68    0   40 356 -390  0
4218500 2850500  7 16  8  19.6 1011  54  3.7 7  9.0  64    3  140 356 -404  0
4218500 2850500  7 16  9  20.9 1011  49  3.0 6  9.1  61   67  261 355 -422  0
4218500 2850500  7 16 10  22.4 1011  26  3.7 4  9.3  58  358  264 351 -441  0
4218500 2850500  7 16 11  24.2 1010  40  4.6 4  9.3  52  450  279 352 -459  0
4218500 2850500  7 16 12  24.1 1010  49  4.6 6  9.3  49   80  363 361 -473  0
4218500 2850500  7 16 13  25.5 1010  55  4.9 4  9.6  49  350  355 365 -483  0
4218500 2850500  7 16 14  26.5 1009  33  5.7 2 10.1  48  600  223 361 -488  0
4218500 2850500  7 16 15  27.5 1008  16  5.7 2 10.4  46  463  256 360 -489  0
4218500 2850500  7 16 16  27.2 1007  47  4.9 3 10.5  46  255  282 363 -486  0
4218500 2850500  7 16 17  27.6 1007  26  5.5 4 10.6  46  130  240 368 -482  0
4218500 2850500  7 16 18  26.3 1006  25  5.0 5 10.5  47   33  165 373 -474  0
4218500 2850500  7 16 19  25.5 1006  20  5.5 7 10.7  50    0   56 380 -463  0
4218500 2850500  7 16 20  24.8 1006  27  5.3 6 10.9  54    0    7 381 -451  0
4218500 2850500  7 16 21  23.6 1006  27  4.6 7 11.0  57    0    1 377 -440  0
4218500 2850500  7 16 22  22.4 1006  29  4.2 7 11.3  64    0    0 378 -432  0
4218500 2850500  7 16 23  21.8 1006  35  3.4 6 11.9  71    0    0 368 -427  0
4218500 2850500  7 16 24  21.7 1006  28  3.4 6 12.5  76    0    0 360 -423  0
4218500 2850500  7 17  1  21.3 1006  24  3.2 7 13.1  80    0    0 366 -420  0
4218500 2850500  7 17  2  21.0 1005  31  3.2 7 13.1  82    0    0 371 -418  0
4218500 2850500  7 17  3  21.1 1005  35  3.9 7 12.8  81    0    0 371 -415  0
4218500 2850500  7 17  4  20.5 1005  37  4.6 7 12.7  82    0    0 371 -413  0
4218500 2850500  7 17  5  20.4 1005  39  4.6 6 12.4  81    0    4 360 -412  0
4218500 2850500  7 17  6  20.7 1004  48  4.6 7 12.1  79    0   21 360 -411  0
4218500 2850500  7 17  7  21.4 1004  35  3.9 6 12.2  77   23  100 362 -413  0
4218500 2850500  7 17  8  21.9 1004  29  3.7 6 12.3  75   38  168 357 -418  0
4218500 2850500  7 17  9  22.7 1004  15  3.6 6 12.1  71   29  224 361 -425  0
4218500 2850500  7 17 10  23.8 1004  30  3.7 6 12.2  68   28  272 365 -436  0
4218500 2850500  7 17 11  24.0 1003  39  3.9 7 12.2  65    8  267 376 -451  0
4218500 2850500  7 17 12  22.9 1003  70  4.3 8 12.1  66    0  122 386 -465  0
4218500 2850500  7 17 13  21.6 1003  46  3.6 7 13.2  77    0  142 384 -475  0
4218500 2850500  7 17 14  21.6 1003  64  3.5 7 14.1  86    0  160 379 -480  0
4218500 2850500  7 17 15  20.7 1003  74  3.6 8 13.5  84    0  123 383 -482  0
4218500 2850500  7 17 16  20.0 1002 139  2.9 8 13.7  90    0   98 386 -475  0
4218500 2850500  7 17 17  20.5 1002  93  4.6 8 14.6  96    0   95 387 -460  0
4218500 2850500  7 17 18  20.9 1002 105  3.1 7 14.8  95    0   86 384 -451  0
4218500 2850500  7 17 19  21.0 1002  97  2.6 8 15.0  95    0   46 384 -447  0
4218500 2850500  7 17 20  20.8 1001  94  2.8 8 15.1  96    0   10 390 -442  0
4218500 2850500  7 17 21  20.4 1001 107  2.2 8 14.9  96    0    0 390 -435  0
4218500 2850500  7 17 22  20.5 1002 150  3.8 7 14.8  96    0    0 383 -430  0
4218500 2850500  7 17 23  20.0 1002 160  2.9 6 14.7  97    0    0 372 -427  0
4218500 2850500  7 17 24  19.4 1001 132  2.4 6 14.2  97    0    0 365 -423  0
4218500 2850500  7 18  1  19.5 1001 151  3.0 6 14.0  97    0    0 365 -421  0
4218500 2850500  7 18  2  18.9 1001 154  3.0 7 13.9  98    0    0 370 -419  0
4218500 2850500  7 18  3  18.5 1001 169  3.6 7 13.4  98    0    0 374 -417  0
4218500 2850500  7 18  4  18.3 1001 172  3.6 8 13.2  98    0    0 377 -415  0
4218500 2850500  7 18  5  17.7 1001 182  4.0 7 12.7  97    0    5 375 -413  0
4218500 2850500  7 18  6  17.4 1001 188  5.0 7 12.0  94    0   21 366 -413  0
4218500 2850500  7 18  7  17.1 1001 197  5.3 8 11.4  91    0   51 368 -415  0
4218500 2850500  7 18  8  17.4 1002 191  5.8 7 10.9  88    5  144 367 -415  0
4218500 2850500  7 18  9  17.8 1002 191  5.2 7 10.6  83   12  217 363 -421  0
4218500 2850500  7 18 10  19.1 1002 198  5.5 6 10.2  76   62  318 361 -433  0
4218500 2850500  7 18 11  19.5 1002 209  6.0 6  9.9  70  101  364 359 -446  0
4218500 2850500  7 18 12  19.6 1002 197  6.7 6  9.6  66   13  309 363 -461  0
4218500 2850500  7 18 13  19.4 1003 202  6.0 7  9.6  67    0  227 371 -474  0
4218500 2850500  7 18 14  19.3 1003 208  6.8 6  9.7  68    6  271 373 -482  0
4218500 2850500  7 18 15  18.8 1003 220  6.9 6 10.1  72    4  240 371 -483  0
4218500 2850500  7 18 16  18.2 1004 211  6.5 7 10.4  77    1  196 375 -468  0
4218500 2850500  7 18 17  17.6 1004 206  5.6 7 10.4  80    1  166 378 -450  0
4218500 2850500  7 18 18  17.0 1004 208  6.7 7 10.4  83    1  122 376 -441  0
4218500 2850500  7 18 19  16.5 1005 205  4.8 7 10.7  88    0   74 375 -438  0
4218500 2850500  7 18 20  16.2 1005 218  5.0 8 11.1  94    0   16 379 -435  0
4218500 2850500  7 18 21  15.8 1005 216  4.8 8 11.0  95    0    0 383 -434  0
4218500 2850500  7 18 22  15.4 1005 223  4.3 8 10.6  95    0    0 381 -432  0
4218500 2850500  7 18 23  15.3 1006 225  3.9 8 10.5  95    0    0 381 -431  0
4218500 2850500  7 18 24  15.2 1006 215  3.8 8 10.6  97    0    0 381 -430  0
4218500 2850500  7 19  1  15.2 1006 229  4.1 8 10.7  98    0    0 382 -429  0
4218500 2850500  7 19  2  15.1 1006 239  4.3 8 10.5  97    0    0 381 -427  0
4218500 2850500  7 19  3  15.0 1006 250  4.2 8 10.4  96    0    0 382 -424  0
4218500 2850500  7 19  4  14.7 1006 258  4.5 8 10.3  96    0    0 381 -423  0
4218500 2850500  7 19  5  14.5 1006 252  4.3 8 10.2  97    0    9 380 -421  0
4218500 2850500  7 19  6  14.5 1007 250  4.5 8 10.1  97    9   57 380 -420  0
4218500 2850500  7 19  7  14.3 1007 249  4.7 8 10.0  97    0   51 378 -421  0
4218500 2850500  7 19  8  14.4 1007 250  4.3 8  9.9  96    0   74 378 -425  0
4218500 2850500  7 19  9  14.6 1008 247  4.3 8  9.8  94    0   81 378 -429  0
4218500 2850500  7 19 10  14.6 1008 238  4.5 8  9.8  93    0   72 379 -441  0
4218500 2850500  7 19 11  14.7 1008 249  4.5 8  9.9  94    0  133 380 -463  0
4218500 2850500  7 19 12  15.2 1008 234  5.1 8 10.0  93    0  129 382 -475  0
4218500 2850500  7 19 13  15.4 1009 243  4.2 8  9.9  90    0  137 383 -469  0
4218500 2850500  7 19 14  15.5 1009 234  4.5 7  9.9  90    0  164 379 -457  0
4218500 2850500  7 19 15  16.0 1009 250  4.7 6 10.1  90    0  155 372 -453  0
4218500 2850500  7 19 16  15.9 1009 246  4.4 6 10.3  90    0  178 368 -448  0
4218500 2850500  7 19 17  15.6 1010 237  3.9 8 10.5  94    0  130 378 -439  0
4218500 2850500  7 19 18  15.4 1010 235  4.1 8 10.8  98    0   95 387 -431  0
4218500 2850500  7 19 19  15.4 1010 238  4.0 7 10.8  98    0   72 382 -426  0
4218500 2850500  7 19 20  15.6 1010 253  4.2 8 10.9  98    0   12 382 -422  0
4218500 2850500  7 19 21  15.5 1010 251  3.9 8 11.0  99    0    0 386 -418  0
4218500 2850500  7 19 22  15.5 1011 256  4.1 8 10.9  98    0    0 386 -416  0
4218500 2850500  7 19 23  15.5 1011 272  3.5 8 10.8  98    0    0 386 -414  0
4218500 2850500  7 19 24  15.3 1011 270  4.5 7 10.7  97    0    0 380 -414  0
4218500 2850500  7 20  1  15.2 1011 275  5.1 8 10.5  96    0    0 379 -413  0
4218500 2850500  7 20  2  15.0 1011 286  5.0 8 10.4  96    0    0 382 -412  0
4218500 2850500  7 20  3  14.7 1011 289  3.9 8 10.2  96    0    0 381 -411  0
4218500 2850500  7 20  4  14.5 1011 290  4.3 8 10.1  96    0    0 380 -410  0
4218500 2850500  7 20  5  14.5 1011 286  4.0 8 10.1  97    0    0 380 -408  0
4218500 2850500  7 20  6  14.3 1011 294  3.7 8  9.9  96    0    9 378 -408  0
4218500 2850500  7 20  7  14.5 1012 288  3.6 8  9.7  94    0   47 377 -410  0
4218500 2850500  7 20  8  14.9 1012 290  4.1 7  9.5  91    2  137 371 -414  0
4218500 2850500  7 20  9  15.2 1012 275  4.1 7  9.5  89   12  236 366 -420  0
4218500 2850500  7 20 10  15.8 1012 285  5.0 7  9.5  86    4  251 368 -427  0
4218500 2850500  7 20 11  16.6 1012 287  4.5 8  9.3  81    0  231 375 -438  0
4218500 2850500  7 20 12  16.6 1012 257  4.4 8  9.2  78    0  159 379 -449  0
4218500 2850500  7 20 13  16.7 1012 266  4.0 8  9.1  77    0  185 378 -456  0
4218500 2850500  7 20 14  17.1 1012 274  3.8 7  8.9  74    1  242 374 -467  0
4218500 2850500  7 20 15  17.6 1012 279  3.4 5  8.9  72   28  332 366 -474  0
4218500 2850500  7 20 16  18.8 1012 301  3.3 5  8.9  68   98  366 361 -475  0
4218500 2850500  7 20 17  19.1 1012 309  2.3 5  8.9  65   93  305 363 -470  0
4218500 2850500  7 20 18  19.3 1012 305  1.9 5  8.9  64   38  196 363 -460  0
4218500 2850500  7 20 19  18.8 1011 295  1.3 4  8.6  62   24  121 357 -452  0
4218500 2850500  7 20 20  17.4 1011 325  1.6 4  8.7  67    3   40 351 -443  0
4218500 2850500  7 20 21  15.4 1011   9  1.4 3  9.0  77    0    0 342 -434  0
4218500 2850500  7 20 22  14.2 1011  48  1.9 2  9.0  85    0    0 330 -428  0
4218500 2850500  7 20 23  13.4 1011  81  2.2 2  8.9  90    0    0 324 -424  0
4218500 2850500  7 20 24  13.3 1011  67  2.5 0  8.9  93    0    0 316 -419  0
4218500 2850500  7 21  1  12.6 1010  88  2.9 0  8.9  95    0    0 309 -414  0
4218500 2850500  7 21  2  12.3 1010 103  2.6 0  8.7  96    0    0 307 -409  0
4218500 2850500  7 21  3  12.3 1010  97  2.5 0  8.6  96    0    0 305 -404  0
4218500 2850500  7 21  4  12.2 1009  86  2.3 1  8.6  96    0    0 307 -399  0
4218500 2850500  7 21  5  12.4 1008 103  3.2 1  8.7  97    0    5 309 -395  0
4218500 2850500  7 21  6  13.8 1008 118  2.9 1  9.3  98   34   52 311 -394  0
4218500 2850500  7 21  7  15.6 1007 139  2.8 1 10.0  95  155   88 314 -403  0
4218500 2850500  7 21  8  17.8 1006 144  2.9 2 10.3  86  318   92 323 -420  0
4218500 2850500  7 21  9  20.7 1005 124  3.0 1 10.3  73  455  101 331 -439  0
4218500 2850500  7 21 10  22.4 1005 126  3.5 4 10.3  64  380  218 347 -457  0
4218500 2850500  7 21 11  24.5 1004 149  3.8 3 10.0  55  636  133 361 -473  0
4218500 2850500  7 21 12  25.3 1003 170  4.1 4  9.4  47  194  351 366 -484  0
4218500 2850500  7 21 13  20.7 1003 289  7.3 7 10.2  57   19  304 374 -493  0
4218500 2850500  7 21 14  18.3 1003 265  4.1 5 11.2  78   39  317 367 -499  0
4218500 2850500  7 21 15  20.0 1003 281  6.7 2 10.9  77  624  127 353 -503  0
4218500 2850500  7 21 16  21.0 1004 273  7.0 2  9.7  64  460  158 347 -503  0
4218500 2850500  7 21 17  20.8 1004 270  6.4 3  8.8  56  196  206 349 -497  0
4218500 2850500  7 21 18  20.9 1005 249  5.7 3  8.4  54  112  154 350 -486  0
4218500 2850500  7 21 19  20.1 1004 283  6.0 3  7.5  50   62   94 346 -470  0
4218500 2850500  7 21 20  18.9 1005 261  4.9 3  7.1  50    0   27 342 -449  0
4218500 2850500  7 21 21  17.2 1005 242  3.8 2  7.1  54    0    1 333 -435  0
4218500 2850500  7 21 22  16.6 1005 224  4.2 3  7.1  59    0    0 328 -428  0
4218500 2850500  7 21 23  15.6 1006 258  4.2 3  7.3  64    0    0 329 -421  0
4218500 2850500  7 21 24  15.5 1006 267  4.6 3  7.5  67    0    0 326 -416  0
4218500 2850500  7 22  1  15.2 1006 278  4.8 6  7.8  71    0    0 337 -412  0
4218500 2850500  7 22  2  14.5 1006 275  4.5 6  8.2  77    0    0 347 -406  0
4218500 2850500  7 22  3  13.7 1007 265  4.0 5  8.3  82    0    0 342 -399  0
4218500 2850500  7 22  4  14.0 1007 248  4.5 6  8.5  85    0    0 342 -396  0
4218500 2850500  7 22  5  13.8 1007 240  4.9 7  8.6  86    0    1 351 -393  0
4218500 2850500  7 22  6  13.8 1007 241  4.8 7  8.6  87    0   17 356 -394  0
4218500 2850500  7 22  7  14.9 1007 252  6.4 7  8.6  84    4   70 358 -399  0
4218500 2850500  7 22  8  15.6 1007 252  7.4 8  8.3  76    0  108 364 -407  0
4218500 2850500  7 22  9  15.3 1007 261  8.6 6  7.9  72   31  171 359 -417  0
4218500 2850500  7 22 10  13.8 1007 254  7.4 7  8.2  79    0  144 352 -428  0
4218500 2850500  7 22 11  13.2 1008 248  7.4 7  8.7  90    0  150 352 -438  0
4218500 2850500  7 22 12  13.3 1008 249  7.4 8  9.0  94    0  134 354 -445  0
4218500 2850500  7 22 13  14.1 1008 251  6.6 7  9.3  95    0  146 353 -444  0
4218500 2850500  7 22 14  15.3 1008 250  8.2 8  9.5  90    0  144 354 -442  0
4218500 2850500  7 22 15  16.1 1008 256  6.3 8  9.0  80    0  125 358 -442  0
4218500 2850500  7 22 16  16.5 1008 260  7.0 8  8.4  72    0  160 358 -439  0
4218500 2850500  7 22 17  16.5 1008 274  6.6 8  8.2  70    4  148 360 -435  0
4218500 2850500  7 22 18  16.4 1009 256  6.4 7  8.2  69   26  105 356 -429  0
4218500 2850500  7 22 19  16.1 1009 276  6.5 7  8.3  72   13   65 352 -423  0
4218500 2850500  7 22 20  15.4 1009 260  5.8 5  8.3  74    8   23 343 -417  0
4218500 2850500  7 22 21  14.4 1009 262  4.5 3  7.9  74    0    0 326 -410  0
4218500 2850500  7 22 22  13.9 1009 240  4.2 2  7.7  76    0    0 312 -406  0
4218500 2850500  7 22 23  13.2 1009 222  4.4 2  7.7  79    0    0 308 -403  0
4218500 2850500  7 22 24  13.2 1009 240  4.6 3  7.9  83    0    0 310 -401  0
4218500 2850500  7 23  1  13.5 1009 256  4.7 2  7.9  83    0    0 311 -397  0
4218500 2850500  7 23  2  13.3 1008 247  4.4 1  7.9  82    0    0 306 -393  0
4218500 2850500  7 23  3  12.0 1008 232  3.7 2  7.8  85    0    0 303 -388  0
4218500 2850500  7 23  4  12.3 1008 232  3.5 4  7.9  89    0    0 313 -382  0
4218500 2850500  7 23  5  12.7 1008 236  3.8 6  7.9  87    0    0 331 -378  0
4218500 2850500  7 23  6  13.2 1007 237  4.2 7  7.8  83   14   45 345 -377  0
4218500 2850500  7 23  7  13.7 1007 231  4.8 6  7.7  80   19  104 346 -380  0
4218500 2850500  7 23  8  15.0 1007 245  4.8 7  7.8  76    5  142 348 -390  0
4218500 2850500  7 23  9  15.4 1007 253  4.8 7  7.8  72    0  157 356 -403  0
4218500 2850500  7 23 10  16.2 1007 244  4.4 7  8.0  70    1  214 358 -412  0
4218500 2850500  7 23 11  17.8 1007 237  5.3 7  8.4  69   13  291 365 -413  0
4218500 2850500  7 23 12  18.3 1007 255  4.6 6  8.7  67  110  375 365 -411  0
4218500 2850500  7 23 13  18.7 1007 262  4.6 6  8.8  66   46  350 364 -415  0
4218500 2850500  7 23 14  19.3 1006 270  4.4 8  9.0  65    0  170 374 -419  0
4218500 2850500  7 23 15  19.2 1007 269  3.8 7  9.0  64    0  183 378 -420  0
4218500 2850500  7 23 16  19.6 1006 251  2.8 7  9.1  64    0  186 374 -423  0
4218500 2850500  7 23 17  20.8 1006 245  3.2 5  9.3  62   62  224 370 -424  0
4218500 2850500  7 23 18  20.6 1006 240  3.7 4  9.1  59  151  157 359 -424  0
4218500 2850500  7 23 19  19.9 1005 215  3.3 4  9.1  61   32   99 352 -423  0
4218500 2850500  7 23 20  18.2 1005 248  4.2 7  9.5  68    1   31 362 -419  0
4218500 2850500  7 23 21  17.2 1005 219  3.0 8  9.9  78    0    0 375 -413  0
4218500 2850500  7 23 22  16.7 1005 207  3.0 7 10.2  83    0    0 372 -409  0
4218500 2850500  7 23 23  17.3 1005 239  3.2 7  9.7  80    0    0 368 -407  0
4218500 2850500  7 23 24  17.0 1005 229  2.9 7  9.2  75    0    0 368 -405  0
4218500 2850500  7 24  1  16.6 1004 218  3.3 8  9.2  76    0    0 370 -404  0
4218500 2850500  7 24  2  15.6 1004 220  3.4 8  9.6  83    0    0 373 -403  0
4218500 2850500  7 24  3  15.1 1003 222  3.7 8 10.0  91    0    0 372 -402  0
4218500 2850500  7 24  4  14.8 1002 217  3.9 8 10.3  96    0    0 372 -401  0
4218500 2850500  7 24  5  15.0 1002 227  4.0 8 10.6  99    0    0 374 -399  0
4218500 2850500  7 24  6  15.2 1002 236  4.0 8 10.9 100    0    7 376 -399  0
4218500 2850500  7 24  7  15.8 1001 232  4.0 7 11.1  99    1   70 373 -400  0
4218500 2850500  7 24  8  16.5 1001 232  4.4 6 11.4  98   15  150 367 -400  0
4218500 2850500  7 24  9  16.7 1002 235  4.5 8 11.5  95    0  114 374 -401  0
4218500 2850500  7 24 10  17.9 1002 247  4.8 8 11.6  93    0  179 387 -400  0
4218500 2850500  7 24 11  19.1 1002 259  6.2 7 11.7  86   54  314 387 -400  0
4218500 2850500  7 24 12  20.1 1002 264  6.7 5 11.3  78  149  335 378 -402  0
4218500 2850500  7 24 13  18.3 1001 297  6.5 7 11.3  80    9  278 377 -407  0
4218500 2850500  7 24 14  18.6 1002 312  5.3 7 11.5  85    4  246 382 -416  0
4218500 2850500  7 24 15  19.5 1002 308  5.6 6 10.7  77   38  276 379 -417  0
4218500 2850500  7 24 16  19.9 1003 309  5.8 6  9.3  64  121  252 374 -415  0
4218500 2850500  7 24 17  18.9 1003 292  6.6 6  8.6  61   87  200 370 -419  0
4218500 2850500  7 24 18  18.2 1003 321  5.7 6  8.3  61   13  130 364 -416  0
4218500 2850500  7 24 19  17.9 1004 313  5.9 7  7.8  60    0   31 365 -408  0
4218500 2850500  7 24 20  16.6 1004 320  4.2 6  7.5  61    0    8 361 -403  0
4218500 2850500  7 24 21  15.8 1005 299  3.6 5  7.5  65    0    0 347 -397  0
4218500 2850500  7 24 22  15.0 1006 272  3.2 5  7.7  70    0    0 339 -393  0
4218500 2850500  7 24 23  14.2 1007 287  3.2 5  7.7  74    0    0 335 -391  0
4218500 2850500  7 24 24  14.2 1007 266  3.4 5  7.8  76    0    0 332 -390  0
4218500 2850500  7 25  1  13.8 1007 285  4.0 6  7.6  75    0    0 334 -388  0
4218500 2850500  7 25  2  13.7 1007 278  3.6 7  7.3  74    0    0 340 -382  0
4218500 2850500  7 25  3  13.7 1007 260  3.4 7  7.3  74    0    0 344 -375  0
4218500 2850500  7 25  4  13.5 1007 259  3.7 7  7.3  75    0    0 343 -370  0
4218500 2850500  7 25  5  13.4 1007 260  3.6 7  7.4  76    0    3 343 -368  0
4218500 2850500  7 25  6  13.7 1007 265  3.9 7  7.6  78    0   18 342 -368  0
4218500 2850500  7 25  7  14.0 1007 267  5.0 7  7.9  79    8   86 343 -373  0
4218500 2850500  7 25  8  15.0 1007 276  4.7 7  8.2  79   15  151 344 -384  0
4218500 2850500  7 25  9  15.9 1007 278  5.5 6  8.3  75  122  227 343 -396  0
4218500 2850500  7 25 10  16.0 1007 277  4.9 6  8.0  70  151  276 340 -404  0
4218500 2850500  7 25 11  16.4 1007 271  5.4 6  7.7  67   58  316 342 -409  0
4218500 2850500  7 25 12  15.6 1007 293  5.6 8  7.8  68    4  258 351 -412  0
4218500 2850500  7 25 13  16.2 1007 287  4.9 7  7.9  69    4  254 356 -414  0
4218500 2850500  7 25 14  16.8 1007 274  4.7 6  8.3  70   60  315 351 -420  0
4218500 2850500  7 25 15  15.0 1007 295  6.8 6  8.5  75  141  294 346 -423  0
4218500 2850500  7 25 16  17.2 1007 271  5.5 8  8.9  77    7  203 355 -426  0
4218500 2850500  7 25 17  17.9 1007 284  5.7 6  8.8  70    9  164 359 -428  0
4218500 2850500  7 25 18  15.3 1007 283  3.8 5  8.8  74   13  127 346 -423  0
4218500 2850500  7 25 19  15.2 1007 289  3.7 7  9.5  87   10   81 346 -416  0
4218500 2850500  7 25 20  15.0 1008 290  3.5 7  9.3  86    1   25 351 -410  0
4218500 2850500  7 25 21  14.8 1008 286  3.3 7  9.0  85    0    0 350 -402  0
4218500 2850500  7 25 22  14.7 1009 271  3.0 7  8.9  84    0    0 348 -396  0
4218500 2850500  7 25 23  14.4 1009 269  3.0 7  8.9  86    0    0 349 -392  0
4218500 2850500  7 25 24  13.8 1009 272  3.1 6  8.8  88    0    0 344 -388  0
4218500 2850500  7 26  1  13.8 1009 262  2.6 6  8.7  88    0    0 340 -384  0
4218500 2850500  7 26  2  13.9 1009 241  2.8 7  8.7  88    0    0 344 -380  0
4218500 2850500  7 26  3  14.3 1009 224  2.5 7  8.8  87    0    0 350 -379  0
4218500 2850500  7 26  4  13.7 1009 211  2.7 7  8.6  86    0    0 351 -377  0
4218500 2850500  7 26  5  13.7 1009 221  2.6 8  8.6  87    0    0 356 -374  0
4218500 2850500  7 26  6  13.7 1009 255  2.1 8  8.7  88    0    8 362 -375  0
4218500 2850500  7 26  7  14.2 1009 203  2.3 8  8.9  89    0   30 364 -381  0
4218500 2850500  7 26  8  14.8 1009 231  3.0 7  9.0  87   12  126 362 -392  0
4218500 2850500  7 26  9  16.7 1009 268  4.4 7  9.2  82  135  157 361 -408  0
4218500 2850500  7 26 10  17.3 1010 271  4.7 7  8.8  72   20  222 363 -425  0
4218500 2850500  7 26 11  16.7 1010 256  4.2 7  8.2  68    7  236 362 -440  0
4218500 2850500  7 26 12  17.3 1010 292  4.3 7  8.1  67   17  262 363 -449  0
4218500 2850500  7 26 13  17.5 1010 259  4.2 7  8.3  67    2  235 367 -449  0
4218500 2850500  7 26 14  17.2 1010 246  4.4 7  8.7  70    0  146 369 -448  0
4218500 2850500  7 26 15  16.3 1011 271  4.4 8  9.0  75    0   86 372 -441  0
4218500 2850500  7 26 16  16.2 1011 268  3.2 7  9.2  80    0  102 372 -431  0
4218500 2850500  7 26 17  16.4 1011 208  2.5 7  9.7  83    0  118 371 -427  0
4218500 2850500  7 26 18  16.4 1011 231  2.5 7  9.9  85    7  110 371 -424  0
4218500 2850500  7 26 19  16.7 1012 215  2.3 7 10.0  85    5   63 373 -420  0
4218500 2850500  7 26 20  16.6 1012 205  1.9 7 10.0  84    0   16 373 -416  0
4218500 2850500  7 26 21  16.4 1012 210  2.1 8 10.1  86    0    0 376 -412  0
4218500 2850500  7 26 22  16.4 1013 224  2.4 8 10.3  88    0    0 380 -408  0
4218500 2850500  7 26 23  16.5 1013 238  2.1 8 10.5  89    0    0 381 -405  0
4218500 2850500  7 26 24  16.3 1013 219  1.9 8 10.6  90    0    0 381 -403  0
4218500 2850500  7 27  1  16.4 1014 221  1.9 8 10.8  93    0    0 383 -401  0
4218500 2850500  7 27  2  16.3 1014 251  1.7 8 11.0  94    0    0 382 -401  0
4218500 2850500  7 27  3  16.1 1014 213  2.4 8 11.0  96    0    0 381 -401  0
4218500 2850500  7 27  4  16.2 1014 272  1.9 8 11.2  98    0    0 382 -401  0
4218500 2850500  7 27  5  16.2 1014 259  1.8 7 11.2  97    0    1 379 -400  0
4218500 2850500  7 27  6  16.5 1015 306  1.9 7 11.4  98    1   32 375 -400  0
4218500 2850500  7 27  7  17.3 1015 335  1.2 7 11.4  94    9   86 377 -402  0
4218500 2850500  7 27  8  18.3 1016 258  1.2 4 11.0  86  114  160 367 -405  0
4218500 2850500  7 27  9  19.8 1016 125  1.3 3 10.5  76  330  142 354 -413  0
4218500 2850500  7 27 10  21.2 1016 155  1.9 5 10.0  66  198  271 364 -427  0
4218500 2850500  7 27 11  22.2 1017 175  2.0 5  9.7  60  227  301 377 -438  0
4218500 2850500  7 27 12  23.2 1017 217  1.9 3  9.6  56  416  260 375 -453  0
4218500 2850500  7 27 13  23.7 1017 164  2.2 3  9.8  54  382  281 370 -472  0
4218500 2850500  7 27 14  23.8 1017 109  1.1 3  9.7  53  390  267 372 -479  0
4218500 2850500  7 27 15  24.3 1017 113  2.3 3  9.6  52  317  259 373 -471  0
4218500 2850500  7 27 16  25.2 1017 147  2.3 3  9.8  50  285  218 376 -460  0
4218500 2850500  7 27 17  24.7 1016 174  2.2 1  9.6  48  283  149 369 -467  0
4218500 2850500  7 27 18  24.8 1016 177  1.5 1  9.1  47  165  121 360 -472  0
4218500 2850500  7 27 19  23.9 1016 150  2.6 1  9.3  49   85   77 358 -463  0
4218500 2850500  7 27 20  22.1 1016 154  2.3 1  9.7  55    9   29 353 -450  0
4218500 2850500  7 27 21  20.6 1017 134  2.7 1 10.1  63    0    0 346 -437  0
4218500 2850500  7 27 22  19.4 1017 145  3.0 1 10.5  72    0    0 341 -427  0
4218500 2850500  7 27 23  18.2 1017 145  2.6 0 10.7  79    0    0 334 -420  0
4218500 2850500  7 27 24  17.0 1018 134  2.5 0 10.6  84    0    0 327 -414  0
4218500 2850500  7 28  1  16.5 1018 125  3.1 0 10.5  88    0    0 324 -408  0
4218500 2850500  7 28  2  15.8 1018 119  2.5 0 10.3  90    0    0 321 -403  0
4218500 2850500  7 28  3  15.6 1018 113  2.6 0 10.2  92    0    0 320 -399  0
4218500 2850500  7 28  4  14.7 1018 102  2.5 0 10.1  94    0    0 318 -396  0
4218500 2850500  7 28  5  14.9 1018 127  2.8 0 10.0  96    0    6 317 -394  0
4218500 2850500  7 28  6  16.2 1018 105  2.6 0 10.4  95   41   49 319 -395  0
4218500 2850500  7 28  7  18.6 1018 131  3.1 0 10.7  86  156   82 323 -403  0
4218500 2850500  7 28  8  20.8 1018 132  2.4 0 10.3  72  296   97 329 -419  0
4218500 2850500  7 28  9  23.6 1019 154  3.4 0 10.0  60  432  107 336 -440  0
4218500 2850500  7 28 10  25.6 1018 158  4.1 0  9.4  49  546  119 346 -462  0
4218500 2850500  7 28 11  26.7 1018 150  4.4 0  8.4  40  633  128 351 -481  0
4218500 2850500  7 28 12  27.7 1018 117  3.9 0  8.1  36  663  147 357 -498  0
4218500 2850500  7 28 13  28.7 1018 124  5.0 0  8.4  35  664  158 363 -509  0
4218500 2850500  7 28 14  28.8 1017 156  4.4 0  8.5  35  639  155 367 -514  0
4218500 2850500  7 28 15  29.4 1017 127  5.2 0  8.9  35  542  170 369 -516  0
4218500 2850500  7 28 16  29.6 1017 146  4.5 0  9.0  35  433  166 372 -515  0
4218500 2850500  7 28 17  29.5 1016 150  4.1 0  8.9  35  324  143 371 -508  0
4218500 2850500  7 28 18  29.1 1016 141  4.7 1  9.2  36  194  120 373 -497  0
4218500 2850500  7 28 19  27.6 1015 117  3.1 0  9.3  39   75   85 369 -483  0
4218500 2850500  7 28 20  25.4 1015  97  2.7 0  9.5  44    6   29 360 -467  0
4218500 2850500  7 28 21  22.6 1016  96  3.2 0  9.7  52    0    0 351 -453  0
4218500 2850500  7 28 22  21.1 1016  94  3.0 0 10.0  61    0    0 344 -443  0
4218500 2850500  7 28 23  20.1 1016  94  2.8 0 10.1  66    0    0 340 -436  0
4218500 2850500  7 28 24  18.6 1016  76  2.9 0 10.1  72    0    0 336 -430  0
4218500 2850500  7 29  1  18.7 1016  75  3.0 0 10.2  76    0    0 334 -425  0
4218500 2850500  7 29  2  18.7 1016  83  3.2 0 10.2  76    0    0 334 -422  0
4218500 2850500  7 29  3  18.1 1016  77  2.7 0 10.0  76    0    0 332 -418  0
4218500 2850500  7 29  4  17.8 1016  85  2.8 1  9.9  77    0    0 331 -415  0
4218500 2850500  7 29  5  17.3 1016  83  2.5 2  9.9  79    0    4 331 -412  0
4218500 2850500  7 29  6  18.3 1016  70  1.5 2 10.2  80   30   47 331 -411  0
4218500 2850500  7 29  7  20.5 1016  92  2.2 0 10.6  75  131   92 333 -416  0
4218500 2850500  7 29  8  23.3 1016 106  1.6 0 11.0  67  267  115 340 -429  0
4218500 2850500  7 29  9  26.1 1016  84  1.7 0 11.4  58  399  133 350 -448  0
4218500 2850500  7 29 10  28.0 1016  87  2.2 0 11.7  52  502  154 360 -468  0
4218500 2850500  7 29 11  29.2 1016 125  2.4 0 11.8  48  582  169 368 -487  0
4218500 2850500  7 29 12  30.1 1015 121  1.7 0 11.4  44  611  190 373 -503  0
4218500 2850500  7 29 13  30.9 1015 115  2.3 1 10.8  40  565  232 377 -513  0
4218500 2850500  7 29 14  31.2 1014 106  2.7 1 10.8  38  513  244 382 -519  0
4218500 2850500  7 29 15  31.6 1014 138  2.3 2 11.1  38  418  251 386 -519  0
4218500 2850500  7 29 16  31.4 1013  81  2.5 2 11.1  38  307  239 388 -516  0
4218500 2850500  7 29 17  31.3 1013  77  3.6 2 11.0  38  201  204 387 -509  0
4218500 2850500  7 29 18  31.1 1012  80  3.2 2 11.0  38   88  156 387 -498  0
4218500 2850500  7 29 19  29.9 1012  87  3.3 1 11.1  40   48   92 382 -486  0
4218500 2850500  7 29 20  26.8 1012  74  2.9 2 11.1  46    3   30 375 -472  0
4218500 2850500  7 29 21  25.0 1012  74  2.9 2 11.2  53    0    0 367 -459  0
4218500 2850500  7 29 22  23.7 1012  77  2.7 2 11.4  60    0    0 361 -448  0
4218500 2850500  7 29 23  22.7 1012  84  2.9 1 11.6  65    0    0 355 -441  0
4218500 2850500  7 29 24  22.0 1012  83  3.3 0 11.6  68    0    0 350 -437  0
4218500 2850500  7 30  1  22.3 1012 108  3.9 1 11.4  68    0    0 349 -432  0
4218500 2850500  7 30  2  21.6 1012  95  3.0 1 11.3  68    0    0 350 -427  0
4218500 2850500  7 30  3  20.5 1012  84  2.9 0 11.2  71    0    0 344 -422  0
4218500 2850500  7 30  4  19.8 1012  84  2.8 1 11.0  74    0    0 342 -418  0
4218500 2850500  7 30  5  19.7 1011  84  3.1 2 11.0  76    0    7 345 -414  0
4218500 2850500  7 30  6  20.5 1011  87  2.9 2 10.8  73   30   48 347 -414  0
4218500 2850500  7 30  7  22.1 1011  79  3.6 2 10.9  68  120   94 350 -419  0
4218500 2850500  7 30  8  23.4 1011  90  3.0 2 11.0  63  253  120 353 -431  0
4218500 2850500  7 30  9  26.0 1011  97  2.5 2 11.3  58  399  135 360 -449  0
4218500 2850500  7 30 10  28.9 1011 115  3.2 2 11.3  49  523  146 371 -469  0
4218500 2850500  7 30 11  30.2 1010  97  4.4 2 10.3  40  575  175 379 -489  0
4218500 2850500  7 30 12  30.9 1010  96  5.1 2  9.7  35  570  216 384 -506  0
4218500 2850500  7 30 13  31.3 1009 101  5.6 2 10.0  35  576  227 389 -519  0
4218500 2850500  7 30 14  32.0 1008  99  5.1 1  9.8  33  581  205 390 -527  0
4218500 2850500  7 30 15  32.2 1008 100  4.9 1  8.9  30  484  217 388 -528  0
4218500 2850500  7 30 16  32.1 1007 111  5.0 1  8.7  29  390  201 388 -526  0
4218500 2850500  7 30 17  31.4 1006  87  4.4 1  9.4  32  281  173 387 -519  0
4218500 2850500  7 30 18  30.2 1006  78  5.0 1 10.0  36  155  140 383 -508  0
4218500 2850500  7 30 19  29.2 1005  88  3.5 1 10.0  38   54   92 378 -497  0
4218500 2850500  7 30 20  27.7 1005  66  3.9 2  9.8  40    4   30 376 -484  0
4218500 2850500  7 30 21  26.8 1005  74  4.6 3  9.6  42    0    0 376 -469  0
4218500 2850500  7 30 22  25.1 1006  98  3.4 3 10.0  47    0    0 374 -458  0
4218500 2850500  7 30 23  22.9 1006  70  2.5 3 10.7  57    0    0 369 -451  0
4218500 2850500  7 30 24  22.0 1006  88  2.2 3 11.3  66    0    0 364 -444  0
4218500 2850500  7 31  1  21.0 1006  48  2.5 3 11.6  71    0    0 361 -440  0
4218500 2850500  7 31  2  21.7 1005  76  2.5 3 11.7  73    0    0 361 -436  0
4218500 2850500  7 31  3  20.5 1005  57  2.4 2 11.8  74    0    0 357 -433  0
4218500 2850500  7 31  4  20.8 1004  78  2.7 1 12.0  78    0    0 350 -430  0
4218500 2850500  7 31  5  20.5 1004  75  2.4 1 12.2  79    0    3 348 -428  0
4218500 2850500  7 31  6  20.9 1004  82  3.2 2 12.5  80   31   50 349 -428  0
4218500 2850500  7 31  7  22.2 1004  99  2.6 4 12.9  79   39  108 360 -435  0
4218500 2850500  7 31  8  22.9 1004  89  2.0 5 13.4  77  111  176 374 -447  0
4218500 2850500  7 31  9  24.2 1004  75  2.5 4 13.9  75  254  206 379 -464  0
4218500 2850500  7 31 10  26.7 1004  60  2.0 3 14.3  69  432  192 380 -480  0
4218500 2850500  7 31 11  28.1 1003  75  2.4 2 14.4  62  522  204 382 -494  0
4218500 2850500  7 31 12  29.4 1003 104  3.3 2 13.6  54  422  298 385 -501  0
4218500 2850500  7 31 13  29.5 1003 104  3.5 2 13.3  51  308  344 390 -502  0
4218500 2850500  7 31 14  29.9 1003  93  3.8 2 13.3  50  211  353 392 -505  0
4218500 2850500  7 31 15  30.1 1002 115  2.7 3 12.7  47  264  309 395 -509  0
4218500 2850500  7 31 16  31.2 1002 107  3.5 2 12.5  45  218  267 395 -503  0
4218500 2850500  7 31 17  30.7 1001 125  2.5 1 12.4  44  189  209 384 -494  0
4218500 2850500  7 31 18  30.6 1001 122  2.8 1 12.1  43  112  154 373 -479  0
4218500 2850500  7 31 19  28.9 1001 104  2.6 2 12.0  45   60   90 370 -465  0
4218500 2850500  7 31 20  27.0 1001  86  2.5 3 12.2  51    5   30 370 -458  0
4218500 2850500  7 31 21  25.4 1002  72  1.7 4 12.5  58    0    0 372 -452  0
4218500 2850500  7 31 22  23.5 1002  76  2.6 3 12.7  65    0    0 366 -447  0
4218500 2850500  7 31 23  23.4 1002  79  2.3 2 12.8  70    0    0 353 -444  0
4218500 2850500  7 31 24  23.0 1002  96  2.6 1 12.9  71    0    0 340 -442  0
4218500 2850500  8  1  1  21.8 1002  86  2.3 0 12.8  77    0    0 328 -439  0
4218500 2850500  8  1  2  21.0 1002  69  2.3 0 12.8  79    0    0 323 -438  0
4218500 2850500  8  1  3  20.1 1002  85  3.1 0 12.8  83    0    0 319 -435  0
4218500 2850500  8  1  4  20.7 1002  84  2.8 0 13.0  85    0    0 319 -431  0
4218500 2850500  8  1  5  20.2 1002 100  2.5 1 13.0  85    0    0 323 -429  0
4218500 2850500  8  1  6  20.7 1002  91  2.6 3 12.9  84    5   34 336 -428  0
4218500 2850500  8  1  7  22.7 1002  75  2.2 2 13.3  80   85  102 342 -432  0
4218500 2850500  8  1  8  24.8 1002 119  1.7 0 13.5  72  251  135 337 -441  0
4218500 2850500  8  1  9  27.0 1002 132  1.5 0 13.4  63  358  173 341 -453  0
4218500 2850500  8  1 10  28.7 1002 110  2.6 0 13.7  57  454  204 354 -467  0
4218500 2850500  8  1 11  30.0 1002 131  3.2 1 13.6  52  518  230 366 -478  0
4218500 2850500  8  1 12  31.3 1002 132  2.4 1 13.1  47  552  249 378 -482  0
4218500 2850500  8  1 13  31.6 1001 321  1.7 1 12.8  44  529  271 386 -485  0
4218500 2850500  8  1 14  30.7 1000  65  2.9 2 13.0  45  148  379 391 -489  0
4218500 2850500  8  1 15  27.6 1000 130  3.2 7 13.1  51    0  107 405 -499  0
4218500 2850500  8  1 16  24.0 1000 227  5.9 7 12.7  60    0   58 411 -506  0
4218500 2850500  8  1 17  20.9 1001 229  4.9 7 13.2  76    0   48 400 -501  0
4218500 2850500  8  1 18  21.0 1001 291  3.2 7 14.0  89    0   70 395 -492  0
4218500 2850500  8  1 19  20.8 1002 318  3.1 7 14.3  91    0   43 394 -481  0
4218500 2850500  8  1 20  20.4 1002 240  1.9 8 14.2  91    0   13 397 -469  0
4218500 2850500  8  1 21  20.1 1003 228  3.1 8 14.0  92    0    0 399 -459  0
4218500 2850500  8  1 22  20.2 1003 239  2.6 8 14.1  94    0    0 399 -453  0
4218500 2850500  8  1 23  20.1 1003 232  2.6 8 14.2  94    0    0 399 -450  0
4218500 2850500  8  1 24  19.8 1004 238  2.9 8 13.9  93    0    0 398 -447  0
4218500 2850500  8  2  1  20.2 1004 257  2.3 8 14.2  95    0    0 399 -444  0
4218500 2850500  8  2  2  20.1 1004 249  3.1 8 14.5  97    0    0 401 -440  0
4218500 2850500  8  2  3  20.2 1004 265  3.2 8 14.4  96    0    0 401 -437  0
4218500 2850500  8  2  4  19.8 1004 272  3.1 8 14.1  95    0    0 401 -436  0
4218500 2850500  8  2  5  19.6 1004 267  4.6 8 13.9  95    0    0 399 -433  0
4218500 2850500  8  2  6  18.6 1005 266  4.6 7 13.4  95    0   12 393 -428  0
4218500 2850500  8  2  7  18.3 1006 269  4.8 8 12.7  94    0   28 391 -428  0
4218500 2850500  8  2  8  17.9 1007 273  4.4 8 12.3  93    0   88 394 -433  0
4218500 2850500  8  2  9  18.0 1007 260  4.5 8 11.9  92    0  156 394 -440  0
4218500 2850500  8  2 10  18.2 1008 261  4.7 7 11.9  90    0  191 391 -444  0
4218500 2850500  8  2 11  18.1 1008 263  4.3 7 11.9  90    0  208 388 -453  0
4218500 2850500  8  2 12  18.1 1009 266  4.8 8 11.7  89    0  182 391 -456  0
4218500 2850500  8  2 13  18.7 1009 284  4.7 7 11.5  86    0  215 392 -445  0
4218500 2850500  8  2 14  19.9 1009 308  3.8 6 11.4  81   14  294 388 -438  0
4218500 2850500  8  2 15  20.1 1010 306  2.7 6 11.4  77   24  292 386 -436  0
4218500 2850500  8  2 16  21.4 1009 302  2.4 6 11.3  73   55  282 387 -438  0
4218500 2850500  8  2 17  21.7 1009 316  2.7 6 11.4  70   79  233 388 -441  0
4218500 2850500  8  2 18  21.2 1010 344  2.9 5 11.7  72   46  156 384 -439  0
4218500 2850500  8  2 19  20.8 1010 337  3.1 5 11.6  74   30   88 378 -432  0
4218500 2850500  8  2 20  19.6 1010 354  2.8 6 11.1  75    0   18 379 -424  0
4218500 2850500  8  2 21  17.9 1011 357  2.0 4 10.9  80    0    0 370 -418  0
4218500 2850500  8  2 22  17.0 1011 323  1.2 3 10.9  87    0    0 356 -415  0
4218500 2850500  8  2 23  16.0 1011 318  2.3 2 10.7  90    0    0 345 -414  0
4218500 2850500  8  2 24  15.5 1011 323  2.2 1 10.3  92    0    0 334 -414  0
4218500 2850500  8  3  1  15.1 1011 315  2.1 0 10.2  93    0    0 324 -415  0
4218500 2850500  8  3  2  14.7 1011 285  1.9 0 10.1  95    0    0 319 -414  0
4218500 2850500  8  3  3  13.9 1011 286  2.1 0  9.8  96    0    0 318 -414  0
4218500 2850500  8  3  4  13.7 1011 329  1.9 1  9.5  96    0    0 320 -414  0
4218500 2850500  8  3  5  13.5 1011 285  1.1 1  9.5  97    0    0 322 -413  0
4218500 2850500  8  3  6  14.8 1011 294  2.0 2  9.9  98   22   36 327 -412  0
4218500 2850500  8  3  7  16.6 1011 281  1.7 1 11.0  98  129   76 333 -411  0
4218500 2850500  8  3  8  18.3 1011 304  2.8 1 11.5  92  257   95 333 -411  0
4218500 2850500  8  3  9  19.6 1011 292  2.7 1 10.6  77  443   83 336 -413  0
4218500 2850500  8  3 10  21.2 1011 288  3.4 2  9.3  62  571   86 341 -415  0
4218500 2850500  8  3 11  22.4 1011 319  3.1 2  8.4  51  651   96 348 -415  0
4218500 2850500  8  3 12  23.4 1011 310  3.1 3  8.1  46  686  111 355 -415  0
4218500 2850500  8  3 13  24.4 1010 301  2.1 2  7.9  43  689  120 358 -414  0
4218500 2850500  8  3 14  24.9 1010 307  2.4 2  7.6  39  626  140 356 -414  0
4218500 2850500  8  3 15  25.8 1010 357  3.0 3  7.9  39  573  129 364 -415  0
4218500 2850500  8  3 16  25.8 1009  31  2.2 3  8.6  41  470  123 372 -417  0
4218500 2850500  8  3 17  25.6 1009  25  2.8 3  9.1  44  280  145 373 -416  0
4218500 2850500  8  3 18  24.9 1009 359  2.4 4  9.5  47  144  122 375 -415  0
4218500 2850500  8  3 19  23.7 1009  14  2.5 5  9.4  49   57   74 380 -413  0
4218500 2850500  8  3 20  21.8 1009  28  2.5 4  9.0  52    1   16 374 -410  0
4218500 2850500  8  3 21  19.8 1009  60  2.2 3  9.2  60    0    0 359 -407  0
4218500 2850500  8  3 22  18.5 1009  63  2.0 1  9.7  70    0    0 340 -404  0
4218500 2850500  8  3 23  17.4 1009  78  2.7 1 10.1  78    0    0 325 -402  0
4218500 2850500  8  3 24  17.5 1009  78  2.8 2 10.5  84    0    0 327 -400  0
4218500 2850500  8  4  1  17.5 1009  89  2.6 1 11.0  87    0    0 327 -399  0
4218500 2850500  8  4  2  16.9 1009  95  2.7 1 11.2  91    0    0 322 -399  0
4218500 2850500  8  4  3  16.4 1009 115  2.0 2 11.2  94    0    0 325 -400  0
4218500 2850500  8  4  4  15.7 1008  92  2.1 3 11.0  96    0    0 333 -400  0
4218500 2850500  8  4  5  16.1 1008  69  2.6 4 11.0  97    0    0 340 -400  0
4218500 2850500  8  4  6  17.1 1008  89  2.4 3 11.5  96   19   35 341 -400  0
4218500 2850500  8  4  7  19.0 1008  82  2.5 2 12.3  94    3   66 335 -399  0
4218500 2850500  8  4  8  20.8 1008  86  3.0 1 12.7  86  163  125 330 -399  0
4218500 2850500  8  4  9  22.4 1008  60  3.0 2 12.5  76  438   70 336 -398  0
4218500 2850500  8  4 10  23.4 1008  76  3.3 3 11.9  68  530   89 353 -398  0
4218500 2850500  8  4 11  23.3 1008  48  3.2 4 11.4  63  643   80 365 -398  0
4218500 2850500  8  4 12  24.5 1008  46  3.1 5 11.1  59  517  194 377 -397  0
4218500 2850500  8  4 13  25.9 1007  39  2.8 6 11.0  54  377  277 390 -397  0
4218500 2850500  8  4 14  26.0 1007  53  3.0 6 10.6  50  289  299 397 -397  0
4218500 2850500  8  4 15  25.5 1007  49  2.3 6 10.0  48  141  301 395 -396  0
4218500 2850500  8  4 16  25.0 1007 323  2.6 7  9.9  49    0  135 397 -396  0
4218500 2850500  8  4 17  22.6 1007 307  5.5 6 10.8  58    0  120 392 -397  0
4218500 2850500  8  4 18  19.7 1007 303  5.5 7 10.7  67    0   74 382 -396  0
4218500 2850500  8  4 19  19.3 1008 302  4.1 7  9.7  68    0   31 378 -395  0
4218500 2850500  8  4 20  19.0 1008 311  3.7 7  9.3  67    0    9 376 -394  0
4218500 2850500  8  4 21  18.8 1008 330  3.5 7  9.6  70    0    0 375 -393  0
4218500 2850500  8  4 22  18.8 1008 351  2.2 8 10.5  77    0    0 379 -392  0
4218500 2850500  8  4 23  19.1 1008 275  2.9 8 11.4  82    0    0 384 -393  0
4218500 2850500  8  4 24  18.1 1008 296  3.5 8 11.7  86    0    0 382 -393  0
4218500 2850500  8  5  1  18.1 1008 319  3.5 7 11.7  90    0    0 375 -394  0
4218500 2850500  8  5  2  18.2 1008 324  2.5 6 11.9  90    0    0 367 -394  0
4218500 2850500  8  5  3  17.7 1007 338  2.7 7 11.9  91    0    0 365 -395  0
4218500 2850500  8  5  4  17.4 1007 339  3.3 7 12.0  94    0    0 369 -396  0
4218500 2850500  8  5  5  17.4 1007   8  3.2 8 12.1  96    0    0 374 -396  0
4218500 2850500  8  5  6  17.1 1007 309  1.5 8 11.9  96    0    8 379 -396  0
4218500 2850500  8  5  7  17.2 1007 287  1.4 8 12.0  97    0   20 378 -396  0
4218500 2850500  8  5  8  17.6 1007 350  2.2 8 12.3  98    0   39 378 -396  0
4218500 2850500  8  5  9  17.8 1007  14  2.8 7 12.5  97    0   74 374 -398  0
4218500 2850500  8  5 10  18.4 1007  29  2.2 8 12.5  95    0  109 376 -403  0
4218500 2850500  8  5 11  19.2 1008  19  1.9 8 12.5  91    0  195 384 -414  0
4218500 2850500  8  5 12  20.1 1008 359  1.8 7 12.4  86    6  295 381 -424  0
4218500 2850500  8  5 13  20.7 1007  21  1.9 7 12.3  81    3  269 379 -429  0
4218500 2850500  8  5 14  19.9 1007  69  2.9 8 12.3  82    0  159 383 -434  0
4218500 2850500  8  5 15  18.5 1007  97  1.6 7 12.3  87    0  161 380 -438  0
4218500 2850500  8  5 16  18.1 1007 116  2.1 7 12.4  93    0  128 373 -437  0
4218500 2850500  8  5 17  18.6 1007  96  2.1 6 12.8  96    0  103 369 -432  0
4218500 2850500  8  5 18  18.9 1007 129  1.4 5 12.9  94    4  125 359 -424  0
4218500 2850500  8  5 19  18.5 1007  63  1.5 5 12.8  94    9   83 352 -416  0
4218500 2850500  8  5 20  18.0 1007 182  1.7 7 12.8  97    0   13 360 -409  0
4218500 2850500  8  5 21  17.6 1007 201  1.1 7 12.8  99    0    0 367 -403  0
4218500 2850500  8  5 22  16.8 1008 229  1.4 6 12.4 100    0    0 358 -399  0
4218500 2850500  8  5 23  16.2 1008 249  1.6 5 11.6  98    0    0 345 -395  0
4218500 2850500  8  5 24  16.8 1008 229  1.8 6 11.6  98    0    0 344 -391  0
4218500 2850500  8  6  1  16.7 1008 242  2.3 4 11.9  98    0    0 340 -388  0
4218500 2850500  8  6  2  16.6 1008 292  2.0 6 11.7  98    0    0 339 -386  0
4218500 2850500  8  6  3  16.4 1008 262  2.2 7 11.7  99    0    0 352 -384  0
4218500 2850500  8  6  4  16.4 1007 283  1.8 7 11.5  98    0    0 357 -382  0
4218500 2850500  8  6  5  16.2 1007 313  1.2 6 11.4  97    0    0 351 -379  0
4218500 2850500  8  6  6  16.2 1007 226  1.3 6 11.3  98   10   34 345 -380  0
4218500 2850500  8  6  7  16.6 1007 250  1.9 5 11.3  96   44   92 339 -384  0
4218500 2850500  8  6  8  16.9 1008 226  1.1 5 11.2  93  155  136 335 -391  0
4218500 2850500  8  6  9  18.6 1008 221  0.8 4 11.2  88  311  150 335 -400  0
4218500 2850500  8  6 10  19.9 1008 261  1.4 4 11.1  79  413  172 335 -410  0
4218500 2850500  8  6 11  21.5 1008 281  1.1 3 10.7  70  482  194 337 -422  0
4218500 2850500  8  6 12  22.2 1008 351  2.1 3 10.6  64  425  261 338 -434  0
4218500 2850500  8  6 13  21.7 1007 317  2.6 4 10.5  63  226  346 343 -443  0
4218500 2850500  8  6 14  22.1 1007 316  2.5 5 10.5  63   97  342 351 -449  0
4218500 2850500  8  6 15  22.8 1007 336  2.7 5 10.5  61  123  312 357 -451  0
4218500 2850500  8  6 16  23.1 1007 357  2.3 4 10.4  59  318  203 357 -449  0
4218500 2850500  8  6 17  23.3 1006 330  2.9 5 10.0  56  228  167 357 -444  0
4218500 2850500  8  6 18  22.8 1006 315  2.3 5  9.7  54   78  137 358 -432  0
4218500 2850500  8  6 19  21.8 1007 344  2.1 5  9.6  56   26   75 354 -418  0
4218500 2850500  8  6 20  19.7 1007 348  2.0 5  9.8  63    0   10 348 -404  0
4218500 2850500  8  6 21  18.2 1007 359  1.9 4 10.2  74    0    0 339 -394  0
4218500 2850500  8  6 22  17.1 1007 344  2.3 3 10.3  81    0    0 328 -389  0
4218500 2850500  8  6 23  16.3 1007 342  2.0 2 10.3  86    0    0 318 -386  0
4218500 2850500  8  6 24  16.1 1008   5  2.4 1 10.2  88    0    0 308 -384  0
4218500 2850500  8  7  1  16.0 1007  19  2.2 0 10.3  90    0    0 299 -382  0
4218500 2850500  8  7  2  16.5 1007  23  2.3 0 10.6  91    0    0 296 -380  0
4218500 2850500  8  7  3  15.7 1007  13  2.4 0 10.7  93    0    0 295 -377  0
4218500 2850500  8  7  4  16.4 1007  28  2.3 3 11.1  96    0    0 306 -374  0
4218500 2850500  8  7  5  15.8 1007  23  2.4 7 11.3  98    0    0 333 -371  0
4218500 2850500  8  7  6  16.2 1007  23  2.2 7 11.3  99    0   18 348 -371  0
4218500 2850500  8  7  7  17.1 1007  35  2.7 6 11.7  98    1   65 346 -375  0
4218500 2850500  8  7  8  17.9 1007  31  2.9 7 11.8  94    1  112 348 -384  0
4218500 2850500  8  7  9  18.6 1008  41  2.7 8 11.8  89    1  161 358 -393  0
4218500 2850500  8  7 10  19.4 1008  45  2.4 8 11.8  85    3  217 365 -403  0
4218500 2850500  8  7 11  19.9 1008  18  2.8 7 12.2  84    5  262 365 -410  0
4218500 2850500  8  7 12  21.6 1008  39  3.2 6 11.9  77   41  351 362 -421  0
4218500 2850500  8  7 13  23.2 1008  63  3.0 6 11.4  66  120  386 365 -431  0
4218500 2850500  8  7 14  24.2 1008  22  2.2 5 11.0  59  314  339 366 -435  0
4218500 2850500  8  7 15  24.7 1007  16  2.2 4 10.5  54  356  282 362 -439  0
4218500 2850500  8  7 16  25.4 1007   5  2.2 4 10.3  51  230  267 361 -438  0
4218500 2850500  8  7 17  23.9 1007 334  3.5 5 10.4  53   75  218 363 -434  0
4218500 2850500  8  7 18  18.8 1007  32  3.0 7 10.9  68    0   96 361 -426  0
4218500 2850500  8  7 19  18.6 1008   6  2.2 7 11.7  86    0   40 360 -415  0
4218500 2850500  8  7 20  18.5 1008 294  1.0 8 12.5  92    0    5 364 -404  0
4218500 2850500  8  7 21  18.6 1008 333  0.7 8 13.1  97    0    0 368 -396  0
4218500 2850500  8  7 22  18.5 1009  13  2.4 8 13.2  97    0    0 368 -391  0
4218500 2850500  8  7 23  18.3 1009  20  1.4 7 12.7  95    0    0 363 -387  0
4218500 2850500  8  7 24  18.0 1009  29  1.2 7 12.3  94    0    0 357 -383  0
4218500 2850500  8  8  1  18.3 1009  52  2.0 8 12.5  95    0    0 362 -381  0
4218500 2850500  8  8  2  17.7 1009 314  1.2 7 12.6  97    0    0 362 -379  0
4218500 2850500  8  8  3  17.8 1009  60  1.2 8 12.3  96    0    0 362 -377  0
4218500 2850500  8  8  4  17.6 1009  42  2.2 7 12.2  95    0    0 362 -376  0
4218500 2850500  8  8  5  17.3 1009  47  2.2 8 12.0  96    0    0 361 -374  0
4218500 2850500  8  8  6  17.4 1009  52  2.3 7 11.6  93    1   24 360 -374  0
4218500 2850500  8  8  7  17.8 1009  64  2.3 6 11.6  91    2   67 352 -378  0
4218500 2850500  8  8  8  18.2 1009  64  2.6 6 11.6  89   12  159 348 -387  0
4218500 2850500  8  8  9  18.8 1009  56  1.7 6 11.2  84   57  269 349 -399  0
4218500 2850500  8  8 10  20.0 1009  74  1.3 5 10.8  76   97  349 348 -414  0
4218500 2850500  8  8 11  21.6 1009  35  1.5 6 10.6  68  226  407 355 -426  0
4218500 2850500  8  8 12  22.2 1009  84  2.0 6 10.6  64  185  446 364 -429  0
4218500 2850500  8  8 13  23.4 1008 145  2.0 7 10.8  62   93  428 373 -430  0
4218500 2850500  8  8 14  24.6 1008 151  1.8 5 11.2  60  198  436 375 -440  0
4218500 2850500  8  8 15  25.1 1008 187  2.0 6 11.4  58   77  368 376 -442  0
4218500 2850500  8  8 16  24.6 1007 197  2.7 6 10.8  55   38  287 376 -436  0
4218500 2850500  8  8 17  24.5 1007 167  2.4 7 10.3  53    6  174 374 -426  0
4218500 2850500  8  8 18  23.7 1007 164  1.9 8 10.5  56    0   74 378 -417  0
4218500 2850500  8  8 19  22.9 1007 152  1.6 8 11.2  62    0   23 379 -412  0
4218500 2850500  8  8 20  21.4 1006 200  1.7 8 11.3  67    0    5 375 -404  0
4218500 2850500  8  8 21  19.9 1007 123  1.1 8 11.4  74    0    0 369 -399  0
4218500 2850500  8  8 22  18.3 1007  59  1.3 6 11.5  82    0    0 356 -395  0
4218500 2850500  8  8 23  18.1 1006 161  2.0 6 11.5  87    0    0 345 -392  0
4218500 2850500  8  8 24  18.7 1006 280  1.1 7 11.4  85    0    0 349 -391  0
4218500 2850500  8  9  1  17.9 1006  47  2.4 6 11.1  84    0    0 348 -390  0
4218500 2850500  8  9  2  16.9 1006   9  2.7 5 10.8  86    0    0 337 -390  0
4218500 2850500  8  9  3  16.5 1005  10  1.5 5 10.8  90    0    0 332 -389  0
4218500 2850500  8  9  4  16.2 1005 331  1.6 6 11.0  94    0    0 335 -388  0
4218500 2850500  8  9  5  15.9 1005 291  2.0 7 10.8  94    0    0 341 -387  0
4218500 2850500  8  9  6  16.3 1005 306  1.7 6 10.7  92    0   18 339 -387  0
4218500 2850500  8  9  7  16.9 1005  52  1.6 7 11.0  92    0   48 340 -391  0
4218500 2850500  8  9  8  18.1 1005 107  2.1 7 11.3  89    2  121 346 -399  0
4218500 2850500  8  9  9  19.5 1005 129  2.1 6 11.1  81   92  233 347 -408  0
4218500 2850500  8  9 10  20.9 1005 122  2.8 5 11.0  73  268  253 345 -420  0
4218500 2850500  8  9 11  22.9 1005 134  3.5 4 10.8  65  455  221 346 -434  0
4218500 2850500  8  9 12  24.3 1004 144  2.9 4 10.4  56  476  246 350 -449  0
4218500 2850500  8  9 13  24.8 1004 175  3.2 3 10.2  52  322  328 351 -461  0
4218500 2850500  8  9 14  24.6 1003 143  2.2 5 10.2  52   63  339 356 -458  0
4218500 2850500  8  9 15  23.9 1003 114  3.6 8  9.9  52    0  207 372 -447  0
4218500 2850500  8  9 16  24.0 1003 161  2.8 7 10.1  53   11  215 379 -449  0
4218500 2850500  8  9 17  24.3 1002 109  3.6 6 10.5  55   28  195 373 -447  0
4218500 2850500  8  9 18  23.7 1002 100  3.5 5 10.5  56   22  133 364 -438  0
4218500 2850500  8  9 19  22.5 1001  97  2.7 4 10.6  59   33   75 354 -429  0
4218500 2850500  8  9 20  21.0 1001  77  2.7 6 10.7  64    0   11 354 -416  0
4218500 2850500  8  9 21  19.9 1001 108  3.4 6 10.1  66    0    0 356 -403  0
4218500 2850500  8  9 22  19.4 1001  95  3.2 5  9.6  66    0    0 347 -395  0
4218500 2850500  8  9 23  18.9 1001  80  2.2 5  9.5  68    0    0 341 -390  0
4218500 2850500  8  9 24  18.3 1001  76  2.2 6  9.5  70    0    0 344 -386  0
4218500 2850500  8 10  1  17.8 1001  76  3.3 4  9.5  72    0    0 339 -384  0
4218500 2850500  8 10  2  17.4 1001  86  3.2 4  9.5  74    0    0 331 -382  0
4218500 2850500  8 10  3  16.8 1000  83  3.1 3  9.7  79    0    0 327 -381  0
4218500 2850500  8 10  4  16.4 1000  85  3.2 5 10.1  84    0    0 330 -380  0
4218500 2850500  8 10  5  16.5 1000  90  3.1 5 10.3  86    0    0 338 -379  0
4218500 2850500  8 10  6  16.8 1000  83  3.2 6 10.8  90   11   36 343 -378  0
4218500 2850500  8 10  7  17.4 1000  94  3.3 4 11.4  92   46  104 341 -382  0
4218500 2850500  8 10  8  18.4 1000  96  3.7 6 11.7  90   33  173 343 -391  0
4218500 2850500  8 10  9  20.0  999  88  3.5 7 12.0  84   51  251 359 -406  0
4218500 2850500  8 10 10  21.5  999  94  3.9 5 12.2  78   84  324 361 -426  0
4218500 2850500  8 10 11  22.8  999 101  4.3 5 12.7  74  118  378 360 -444  0
4218500 2850500  8 10 12  23.8  999 103  3.3 5 12.7  70  245  401 366 -460  0
4218500 2850500  8 10 13  24.4  999  99  3.2 4 12.4  65  324  387 366 -470  0
4218500 2850500  8 10 14  25.2  999  89  2.9 3 12.3  62  318  371 365 -477  0
4218500 2850500  8 10 15  25.6  998  74  4.2 4 12.3  60  201  359 368 -479  0
4218500 2850500  8 10 16  25.1  998  84  3.9 5 12.0  58   24  253 374 -477  0
4218500 2850500  8 10 17  23.9  998  94  4.2 7 12.1  61    0   79 382 -470  0
4218500 2850500  8 10 18  22.9  998  87  3.7 8 12.6  68    0   25 391 -461  0
4218500 2850500  8 10 19  22.2  998  77  3.0 8 12.5  72    0   20 392 -449  0
4218500 2850500  8 10 20  20.6  998  74  2.9 7 13.0  80    0    5 386 -436  0
4218500 2850500  8 10 21  20.4  998  86  2.4 6 13.4  87    0    0 375 -426  0
4218500 2850500  8 10 22  19.8  999  72  2.7 6 13.0  86    0    0 370 -421  0
4218500 2850500  8 10 23  18.9  999  73  2.6 6 12.6  88    0    0 368 -416  0
4218500 2850500  8 10 24  19.1  999  79  2.9 4 12.6  90    0    0 358 -411  0
4218500 2850500  8 11  1  18.7  999  92  3.0 4 12.7  91    0    0 350 -408  0
4218500 2850500  8 11  2  18.3  998  83  2.7 4 12.8  94    0    0 350 -408  0
4218500 2850500  8 11  3  18.0  998  92  2.7 5 12.6  95    0    0 354 -408  0
4218500 2850500  8 11  4  17.5  998  74  2.1 5 12.3  95    0    0 357 -406  0
4218500 2850500  8 11  5  17.0  998  81  2.6 5 12.1  96    0    0 355 -404  0
4218500 2850500  8 11  6  17.2  998  82  2.4 5 12.2  98   18   35 355 -402  0
4218500 2850500  8 11  7  18.3  998  80  1.9 3 12.7  98  102   88 346 -404  0
4218500 2850500  8 11  8  19.9  998 114  2.1 3 13.0  92  219  125 339 -410  0
4218500 2850500  8 11  9  22.2  998 115  1.6 3 13.0  81  339  152 343 -418  0
4218500 2850500  8 11 10  24.3  998 140  2.0 4 13.0  71  455  172 354 -424  0
4218500 2850500  8 11 11  25.2  998 131  1.9 4 12.7  64  496  209 364 -433  0
4218500 2850500  8 11 12  26.0  998  92  2.1 5 12.3  59  340  330 372 -442  0
4218500 2850500  8 11 13  26.6  997 133  2.9 6 11.9  54  204  379 382 -449  0
4218500 2850500  8 11 14  26.7  998 154  2.8 7 11.7  52  176  367 393 -456  0
4218500 2850500  8 11 15  26.8  997 129  2.5 6 11.4  51  170  329 393 -459  0
4218500 2850500  8 11 16  26.9  997 136  3.0 5 11.2  50  128  278 383 -460  0
4218500 2850500  8 11 17  27.1  997 147  2.4 4 11.1  49  168  201 375 -461  0
4218500 2850500  8 11 18  24.5  996 139  4.2 6 11.6  55   10  124 376 -454  0
4218500 2850500  8 11 19  21.1  997 115  2.4 8 13.1  74    0   14 388 -440  0
4218500 2850500  8 11 20  20.5  996  64  1.5 7 14.1  89    0    5 387 -426  0
4218500 2850500  8 11 21  20.7  996 122  1.8 8 14.5  93    0    0 387 -419  0
4218500 2850500  8 11 22  20.3  996  62  1.8 8 14.6  94    0    0 393 -417  0
4218500 2850500  8 11 23  20.7  996  54  1.8 8 14.6  94    0    0 394 -416  0
4218500 2850500  8 11 24  20.2  996  40  0.8 7 14.6  94    0    0 391 -416  0
4218500 2850500  8 12  1  20.3  996  29  2.1 7 14.4  94    0    0 385 -417  0
4218500 2850500  8 12  2  20.4  995 353  2.0 7 14.3  93    0    0 384 -416  0
4218500 2850500  8 12  3  19.9  995 344  2.0 7 14.1  93    0    0 383 -416  0
4218500 2850500  8 12  4  19.3  994 353  2.1 7 13.5  92    0    0 380 -413  0
4218500 2850500  8 12  5  19.3  994 350  3.0 7 13.3  92    0    0 378 -410  0
4218500 2850500  8 12  6  19.1  994 332  3.2 8 13.3  93    0    5 384 -406  0
4218500 2850500  8 12  7  18.9  994 331  3.4 8 13.4  95    0   18 387 -406  0
4218500 2850500  8 12  8  19.3  994 346  4.1 8 13.8  97    0   46 388 -410  0
4218500 2850500  8 12  9  19.1  993 347  4.1 8 14.0  98    0  114 390 -418  0
4218500 2850500  8 12 10  19.0  994 335  4.9 8 13.7  97    0   61 390 -428  0
4218500 2850500  8 12 11  18.8  994 338  5.4 8 13.6  97    0   72 389 -442  0
4218500 2850500  8 12 12  18.6  993 335  6.7 8 13.4  97    0   77 389 -453  0
4218500 2850500  8 12 13  18.5  994 338  7.1 8 13.4  97    0   98 390 -462  0
4218500 2850500  8 12 14  18.3  994 330  7.2 7 13.2  97    0  101 386 -468  0
4218500 2850500  8 12 15  18.0  994 328  6.8 8 12.8  96    0   70 385 -467  0
4218500 2850500  8 12 16  18.0  994 333  7.1 8 12.7  96    0  101 388 -460  0
4218500 2850500  8 12 17  18.1  995 329  7.0 7 12.9  97    0   75 385 -446  0
4218500 2850500  8 12 18  18.2  995 332  7.5 8 13.1  98    0   32 386 -435  0
4218500 2850500  8 12 19  18.1  996 324  6.8 8 13.2  98    0   17 391 -427  0
4218500 2850500  8 12 20  18.0  997 331  6.7 8 13.1  99    0    3 392 -416  0
4218500 2850500  8 12 21  18.2  997 323  7.0 8 13.0  98    0    0 393 -409  0
4218500 2850500  8 12 22  18.2  998 328  7.8 8 12.8  96    0    0 394 -406  0
4218500 2850500  8 12 23  18.0  999 321  7.3 8 12.8  97    0    0 394 -406  0
4218500 2850500  8 12 24  18.0  999 322  6.5 8 12.9  98    0    0 394 -406  0
4218500 2850500  8 13  1  18.1 1000 318  6.9 8 12.9  97    0    0 395 -406  0
4218500 2850500  8 13  2  18.0 1000 324  7.4 8 12.7  96    0    0 395 -403  0
4218500 2850500  8 13  3  17.8 1000 312  6.6 8 12.5  96    0    0 395 -402  0
4218500 2850500  8 13  4  17.6 1001 308  7.3 8 12.4  96    0    0 395 -401  0
4218500 2850500  8 13  5  17.2 1001 309  7.2 7 12.3  98    0    0 390 -400  0
4218500 2850500  8 13  6  17.0 1001 309  7.5 8 12.1  98    0    4 389 -399  0
4218500 2850500  8 13  7  16.6 1002 310  7.7 6 11.6  95    0   59 382 -398  0
4218500 2850500  8 13  8  16.6 1002 308  8.2 8 11.3  94    0   46 381 -398  0
4218500 2850500  8 13  9  16.6 1003 309  8.3 8 11.3  94    0   95 392 -398  0
4218500 2850500  8 13 10  16.5 1004 317  8.6 8 11.0  92    0  104 392 -400  0
4218500 2850500  8 13 11  16.1 1005 311  8.1 8 10.8  92    0  109 391 -403  0
4218500 2850500  8 13 12  15.9 1005 309  7.9 7 10.8  94    0  122 384 -404  0
4218500 2850500  8 13 13  15.8 1006 308  7.9 7 11.0  96    0  112 379 -405  0
4218500 2850500  8 13 14  15.7 1006 310  6.9 7 10.9  96    0   99 378 -405  0
4218500 2850500  8 13 15  15.8 1007 301  6.1 8 10.7  95    0   96 381 -406  0
4218500 2850500  8 13 16  16.8 1007 300  5.9 8 10.9  93    0   97 388 -407  0
4218500 2850500  8 13 17  17.8 1007 310  5.1 6 11.0  88    3  165 384 -408  0
4218500 2850500  8 13 18  18.0 1008 304  5.2 6 10.6  82    6  124 377 -409  0
4218500 2850500  8 13 19  17.8 1008 305  5.0 6 10.1  78    0   46 376 -409  0
4218500 2850500  8 13 20  17.4 1009 306  4.2 7 10.0  79    0    2 379 -408  0
4218500 2850500  8 13 21  17.3 1009 294  4.3 7 10.0  80    0    0 382 -409  0
4218500 2850500  8 13 22  17.4 1010 294  5.9 8  9.7  78    0    0 384 -409  0
4218500 2850500  8 13 23  17.0 1010 301  5.6 8  9.1  74    0    0 386 -407  0
4218500 2850500  8 13 24  16.7 1010 308  5.2 7  9.1  76    0    0 380 -405  0
4218500 2850500  8 14  1  16.5 1010 308  5.6 6  9.5  80    0    0 370 -402  0
4218500 2850500  8 14  2  15.8 1011 310  4.9 6  9.6  83    0    0 365 -398  0
4218500 2850500  8 14  3  15.7 1011 308  4.7 6  9.8  87    0    0 363 -393  0
4218500 2850500  8 14  4  15.6 1011 311  4.7 5 10.1  90    0    0 359 -389  0
4218500 2850500  8 14  5  15.1 1011 310  4.2 6 10.0  92    0    0 359 -389  0
4218500 2850500  8 14  6  15.9 1012 291  3.9 6 10.2  93    1   23 366 -391  0
4218500 2850500  8 14  7  16.6 1012 310  4.2 6 10.7  92   13   93 370 -393  0
4218500 2850500  8 14  8  17.7 1012 308  4.8 7 11.0  89    3  130 378 -395  0
4218500 2850500  8 14  9  18.2 1012 313  4.4 7 11.0  85    3  188 384 -402  0
4218500 2850500  8 14 10  18.4 1012 318  5.2 7 10.9  82    1  198 385 -410  0
4218500 2850500  8 14 11  19.1 1013 330  4.7 7 10.6  78    0  190 386 -420  0
4218500 2850500  8 14 12  19.3 1013 301  5.1 8 10.7  76    0  157 391 -432  0
4218500 2850500  8 14 13  19.9 1013 315  4.2 7 11.1  77    0  210 393 -447  0
4218500 2850500  8 14 14  20.5 1013 325  4.5 7 11.4  77    1  224 392 -459  0
4218500 2850500  8 14 15  21.2 1013 315  4.6 7 11.5  74    5  245 394 -461  0
4218500 2850500  8 14 16  21.6 1013 313  5.0 6 11.4  71   49  296 393 -458  0
4218500 2850500  8 14 17  21.6 1013 319  3.9 6 11.3  70   30  220 391 -454  0
4218500 2850500  8 14 18  21.7 1013 305  3.8 7 11.4  70   12  137 393 -447  0
4218500 2850500  8 14 19  21.0 1013 308  3.1 5 11.3  71    3   61 387 -438  0
4218500 2850500  8 14 20  19.5 1013 289  2.9 5 11.3  76    0    8 375 -426  0
4218500 2850500  8 14 21  19.5 1013 287  2.7 5 11.7  82    0    0 372 -414  0
4218500 2850500  8 14 22  18.7 1013 298  2.9 4 12.0  86    0    0 367 -407  0
4218500 2850500  8 14 23  17.8 1013 308  2.9 2 11.8  89    0    0 353 -403  0
4218500 2850500  8 14 24  17.2 1013 303  2.8 1 11.7  93    0    0 340 -400  0
4218500 2850500  8 15  1  17.0 1013 309  3.1 2 11.5  94    0    0 337 -397  0
4218500 2850500  8 15  2  16.7 1013 319  3.4 1 11.4  94    0    0 335 -395  0
4218500 2850500  8 15  3  16.4 1013 321  2.9 1 11.2  95    0    0 330 -394  0
4218500 2850500  8 15  4  15.3 1013 318  2.8 1 10.9  96    0    0 327 -393  0
4218500 2850500  8 15  5  15.2 1013 318  2.8 1 10.6  97    0    0 325 -392  0
4218500 2850500  8 15  6  15.7 1013 320  2.6 2 10.6  96    8   23 327 -391  0
4218500 2850500  8 15  7  17.0 1013 328  2.6 4 11.1  95   69   67 340 -394  0
4218500 2850500  8 15  8  18.7 1013 328  3.3 4 11.4  89  168  106 350 -404  0
4218500 2850500  8 15  9  20.5 1013 331  3.7 3 11.2  78  369   82 352 -419  0
4218500 2850500  8 15 10  21.8 1013 354  3.7 4 10.8  69  494   85 357 -438  0
4218500 2850500  8 15 11  22.4 1013 357  4.0 5 10.7  64  410  202 366 -457  0
4218500 2850500  8 15 12  23.8 1013 351  4.4 5 10.6  60  463  203 373 -471  0
4218500 2850500  8 15 13  23.8 1013   3  3.6 5 10.4  56  187  334 377 -481  0
4218500 2850500  8 15 14  24.1 1013 304  3.0 4 10.6  57  197  314 378 -488  0
4218500 2850500  8 15 15  24.6 1013 340  3.6 5 10.7  56  182  278 380 -489  0
4218500 2850500  8 15 16  25.1 1013 336  4.0 5 10.5  53  150  232 384 -483  0
4218500 2850500  8 15 17  24.7 1013 339  3.5 3 10.7  54  124  177 378 -475  0
4218500 2850500  8 15 18  24.5 1012 342  3.4 4 10.9  56   63  121 373 -463  0
4218500 2850500  8 15 19  23.2 1012 347  3.0 4 10.9  59   30   55 373 -449  0
4218500 2850500  8 15 20  21.3 1013 351  2.4 3 11.1  66    0   10 363 -434  0
4218500 2850500  8 15 21  20.8 1013 349  2.9 3 11.1  71    0    0 356 -421  0
4218500 2850500  8 15 22  20.2 1013   1  3.3 1 10.6  70    0    0 349 -413  0
4218500 2850500  8 15 23  19.4 1014   8  3.2 2 10.1  70    0    0 343 -409  0
4218500 2850500  8 15 24  18.1 1014  15  2.7 3  9.7  72    0    0 344 -406  0
4218500 2850500  8 16  1  17.0 1014   5  2.2 0  9.7  77    0    0 334 -404  0
4218500 2850500  8 16  2  16.1 1014 353  2.0 0 10.0  85    0    0 323 -401  0
4218500 2850500  8 16  3  15.8 1014 350  2.3 1  9.9  87    0    0 323 -399  0
4218500 2850500  8 16  4  14.9 1014 332  2.2 1  9.8  89    0    0 324 -398  0
4218500 2850500  8 16  5  15.2 1014 326  2.1 1  9.8  91    0    0 322 -397  0
4218500 2850500  8 16  6  15.3 1014 310  2.5 2 10.1  93   14   29 325 -396  0
4218500 2850500  8 16  7  16.7 1014 319  2.0 1 10.7  94  106   77 326 -400  0
4218500 2850500  8 16  8  18.6 1014 335  2.9 1 11.0  87  250   99 328 -410  0
4218500 2850500  8 16  9  20.9 1014 330  2.9 1 10.9  76  380  114 335 -425  0
4218500 2850500  8 16 10  22.8 1014 310  3.5 2 10.6  64  517  119 346 -444  0
4218500 2850500  8 16 11  23.6 1014 339  2.7 3 10.6  59  557  148 359 -462  0
4218500 2850500  8 16 12  24.1 1014 326  3.1 4 11.0  59  383  278 370 -477  0
4218500 2850500  8 16 13  24.3 1014 351  2.8 7 11.5  60   21  308 386 -488  0
4218500 2850500  8 16 14  24.6 1014 358  2.2 8 11.9  62    0  148 400 -493  0
4218500 2850500  8 16 15  24.5 1014   8  1.9 8 12.5  64    0   95 405 -491  0
4218500 2850500  8 16 16  24.7 1014 299  1.7 7 12.7  66    2  176 403 -486  0
4218500 2850500  8 16 17  24.5 1013 358  3.4 4 12.5  64  163  183 391 -479  0
4218500 2850500  8 16 18  24.1 1013  14  2.9 5 12.6  66   99  118 382 -469  0
4218500 2850500  8 16 19  22.6 1013 359  2.2 4 12.9  72   24   59 378 -456  0
4218500 2850500  8 16 20  22.0 1013  24  2.3 6 12.4  73    0    8 376 -442  0
4218500 2850500  8 16 21  20.5 1013  25  2.2 6 12.3  78    0    0 376 -431  0
4218500 2850500  8 16 22  20.1 1014 349  1.9 5 12.8  85    0    0 369 -422  0
4218500 2850500  8 16 23  19.7 1014 338  2.2 5 12.7  87    0    0 364 -417  0
4218500 2850500  8 16 24  18.9 1014  21  2.3 4 12.9  91    0    0 360 -414  0
4218500 2850500  8 17  1  18.9 1014  35  2.3 3 12.8  93    0    0 354 -412  0
4218500 2850500  8 17  2  18.2 1014  38  2.0 3 12.4  92    0    0 349 -411  0
4218500 2850500  8 17  3  17.7 1014  44  1.5 2 12.1  94    0    0 345 -410  0
4218500 2850500  8 17  4  17.3 1014  21  1.6 3 11.9  94    0    0 343 -409  0
4218500 2850500  8 17  5  17.0 1014  15  1.7 5 11.6  95    0    0 348 -407  0
4218500 2850500  8 17  6  17.0 1014  14  1.7 6 11.6  95   12   30 356 -406  0
4218500 2850500  8 17  7  17.8 1014 357  1.8 4 11.8  94   31   83 353 -409  0
4218500 2850500  8 17  8  19.5 1014  26  1.4 7 12.3  91    7  131 359 -417  0
4218500 2850500  8 17  9  21.1 1014  61  1.5 7 12.7  84   24  215 371 -431  0
4218500 2850500  8 17 10  22.5 1015 106  2.0 7 12.5  76   68  295 375 -449  0
4218500 2850500  8 17 11  23.3 1015   6  1.1 6 11.8  67  117  345 376 -468  0
4218500 2850500  8 17 12  25.2 1014 333  1.8 6 11.1  58  200  316 379 -484  0
4218500 2850500  8 17 13  26.8 1014  26  1.8 5 10.6  50  205  377 385 -495  0
4218500 2850500  8 17 14  25.7 1014  55  2.5 4 10.3  48  266  343 384 -502  0
4218500 2850500  8 17 15  27.0 1013  64  3.5 4 10.7  50  237  309 385 -503  0
4218500 2850500  8 17 16  26.7 1013  53  2.4 4 11.1  50  212  254 386 -498  0
4218500 2850500  8 17 17  27.0 1013  69  3.2 2 10.7  48  143  198 381 -490  0
4218500 2850500  8 17 18  26.0 1012  70  1.7 2 10.3  47   61  133 372 -479  0
4218500 2850500  8 17 19  24.4 1012  51  2.2 4 10.2  51   11   56 370 -466  0
4218500 2850500  8 17 20  22.9 1012  52  2.2 7 10.5  57    0    0 375 -453  0
4218500 2850500  8 17 21  22.0 1013  36  2.1 7 11.4  66    0    0 378 -440  0
4218500 2850500  8 17 22  22.3 1013  54  2.8 6 12.2  73    0    0 375 -431  0
4218500 2850500  8 17 23  21.7 1013  48  2.6 6 12.6  75    0    0 372 -425  0
4218500 2850500  8 17 24  20.4 1013  53  2.3 5 12.9  82    0    0 367 -420  0
4218500 2850500  8 18  1  19.8 1013  39  2.5 4 13.2  89    0    0 361 -417  0
4218500 2850500  8 18  2  19.7 1013  73  3.2 4 13.2  91    0    0 359 -416  0
4218500 2850500  8 18  3  19.7 1013  79  3.4 4 12.8  89    0    0 358 -414  0
4218500 2850500  8 18  4  19.0 1013  86  3.7 4 12.2  86    0    0 356 -411  0
4218500 2850500  8 18  5  18.6 1013  88  3.7 3 11.5  85    0    0 352 -410  0
4218500 2850500  8 18  6  18.4 1013  88  3.6 3 11.2  84    6   21 346 -409  0
4218500 2850500  8 18  7  18.9 1013  84  3.8 2 10.9  81   78   70 341 -412  0
4218500 2850500  8 18  8  19.9 1013  85  3.7 2 10.5  74  191  102 339 -420  0
4218500 2850500  8 18  9  21.7 1013  73  3.0 3 10.3  67  303  130 346 -435  0
4218500 2850500  8 18 10  23.2 1013  84  3.1 4 10.6  62  371  174 358 -452  0
4218500 2850500  8 18 11  24.5 1013  75  3.7 5 10.8  58  442  196 369 -469  0
4218500 2850500  8 18 12  25.6 1013  83  4.0 5 10.1  50  169  313 375 -485  0
4218500 2850500  8 18 13  26.8 1013  80  3.8 5  9.3  44  518  199 380 -496  0
4218500 2850500  8 18 14  27.3 1013  89  3.6 5  9.9  44  511  183 386 -503  0
4218500 2850500  8 18 15  27.9 1012  68  4.4 4 10.5  45  451  171 389 -504  0
4218500 2850500  8 18 16  27.4 1012  79  3.8 4 10.7  46  325  174 388 -501  0
4218500 2850500  8 18 17  27.0 1012  82  4.1 5 10.7  47  217  145 386 -493  0
4218500 2850500  8 18 18  26.5 1012  90  3.4 5 10.5  48  103  107 384 -482  0
4218500 2850500  8 18 19  24.6 1012  69  3.2 5 10.3  50   21   53 378 -469  0
4218500 2850500  8 18 20  22.6 1012  72  3.4 5 10.0  54    0    4 370 -455  0
4218500 2850500  8 18 21  21.1 1013  69  3.5 3  9.8  60    0    0 358 -443  0
4218500 2850500  8 18 22  21.2 1013  85  3.3 3  9.7  62    0    0 349 -433  0
4218500 2850500  8 18 23  20.3 1013  94  3.5 2  9.6  63    0    0 345 -427  0
4218500 2850500  8 18 24  19.6 1013  87  3.2 3  9.8  67    0    0 344 -423  0
4218500 2850500  8 19  1  19.6 1014  96  3.4 3 10.3  72    0    0 345 -421  0
4218500 2850500  8 19  2  18.7 1013  93  3.1 2 10.4  75    0    0 340 -418  0
4218500 2850500  8 19  3  18.0 1013  91  3.1 2 10.3  78    0    0 332 -416  0
4218500 2850500  8 19  4  18.0 1013  85  3.3 3 10.4  80    0    0 333 -413  0
4218500 2850500  8 19  5  17.5 1013  85  3.3 3 10.4  81    0    0 336 -411  0
4218500 2850500  8 19  6  17.5 1013  92  3.4 2 10.3  82    5   23 331 -408  0
4218500 2850500  8 19  7  18.8 1013  97  3.5 1 10.5  80   70   78 325 -408  0
4218500 2850500  8 19  8  20.8 1014 111  3.3 0 10.6  73  177  120 320 -417  0
4218500 2850500  8 19  9  22.8 1014 109  3.5 0 10.7  65  289  154 322 -434  0
4218500 2850500  8 19 10  24.7 1014 123  3.2 0 11.1  60  383  184 331 -455  0
4218500 2850500  8 19 11  26.4 1014 120  3.7 0 11.7  57  468  199 341 -476  0
4218500 2850500  8 19 12  27.8 1014 117  5.3 0 11.3  50  501  218 349 -493  0
4218500 2850500  8 19 13  28.8 1014 132  5.0 0 11.0  46  507  225 355 -506  0
4218500 2850500  8 19 14  29.1 1014 136  4.9 0 10.9  43  482  220 360 -512  0
4218500 2850500  8 19 15  29.4 1013 124  4.5 1 10.7  42  398  220 365 -512  0
4218500 2850500  8 19 16  29.3 1013 131  4.8 1 11.0  43  303  200 368 -508  0
4218500 2850500  8 19 17  28.6 1013 121  4.3 0 10.6  42  206  161 362 -499  0
4218500 2850500  8 19 18  27.6 1013 111  4.4 0 10.0  42   89  118 352 -487  0
4218500 2850500  8 19 19  25.4 1013 102  4.3 1  9.8  45   20   54 346 -473  0
4218500 2850500  8 19 20  23.4 1013 106  4.2 1  9.7  51    0    4 340 -457  0
4218500 2850500  8 19 21  22.4 1014 106  3.8 1  9.7  55    0    0 335 -444  0
4218500 2850500  8 19 22  21.6 1014 108  3.4 0  9.7  58    0    0 330 -435  0
4218500 2850500  8 19 23  20.9 1014 109  3.5 0  9.8  62    0    0 326 -429  0
4218500 2850500  8 19 24  20.0 1015 108  3.9 1  9.5  63    0    0 328 -424  0
4218500 2850500  8 20  1  18.8 1014 112  4.0 1  9.1  65    0    0 328 -420  0
4218500 2850500  8 20  2  18.4 1014  89  3.6 1  8.9  66    0    0 324 -416  0
4218500 2850500  8 20  3  18.2 1014  93  3.5 1  8.7  66    0    0 322 -414  0
4218500 2850500  8 20  4  17.9 1014 108  3.5 0  8.9  68    0    0 319 -411  0
4218500 2850500  8 20  5  17.0 1014 116  3.9 0  8.9  72    0    0 315 -410  0
4218500 2850500  8 20  6  17.1 1014 111  3.4 0  9.0  74    8   22 313 -409  0
4218500 2850500  8 20  7  18.5 1014 124  3.9 1  9.2  72   87   69 317 -411  0
4218500 2850500  8 20  8  20.4 1014 123  5.1 0  9.3  66  218   95 321 -421  0
4218500 2850500  8 20  9  22.5 1014 128  6.0 0  9.2  58  352  110 325 -437  0
4218500 2850500  8 20 10  24.0 1014 117  5.2 0  8.8  50  466  123 332 -457  0
4218500 2850500  8 20 11  25.4 1014 137  5.4 0  8.6  44  557  131 339 -477  0
4218500 2850500  8 20 12  26.2 1013 119  4.8 0  8.6  42  590  146 346 -494  0
4218500 2850500  8 20 13  27.0 1013 109  4.5 0  8.7  40  574  165 352 -508  0
4218500 2850500  8 20 14  27.2 1012 168  4.3 0  8.6  38  548  162 355 -516  0
4218500 2850500  8 20 15  27.7 1012 128  4.6 0  8.4  37  485  154 356 -507  0
4218500 2850500  8 20 16  27.7 1012 133  3.6 0  8.3  36  369  151 356 -485  0
4218500 2850500  8 20 17  26.9 1011 101  3.9 0  8.3  36  243  133 353 -481  0
4218500 2850500  8 20 18  25.9 1011  95  3.9 0  8.3  38  110  104 347 -482  0
4218500 2850500  8 20 19  23.7 1010  89  3.9 0  8.3  42   23   51 342 -469  0
4218500 2850500  8 20 20  20.9 1010 101  3.2 0  8.5  50    0    4 334 -455  0
4218500 2850500  8 20 21  19.8 1010  97  3.9 0  8.7  58    0    0 327 -444  0
4218500 2850500  8 20 22  19.1 1010 104  3.4 0  9.2  64    0    0 325 -436  0
4218500 2850500  8 20 23  18.3 1010 107  3.5 0  9.4  70    0    0 323 -431  0
4218500 2850500  8 20 24  18.4 1010 109  3.3 0  9.4  71    0    0 321 -427  0
4218500 2850500  8 21  1  17.8 1010 110  3.1 1  9.4  72    0    0 322 -422  0
4218500 2850500  8 21  2  17.3 1010 113  3.3 0  9.5  75    0    0 320 -419  0
4218500 2850500  8 21  3  16.8 1010 127  3.5 0  9.5  78    0    0 314 -416  0
4218500 2850500  8 21  4  15.8 1009 127  3.2 1  9.5  82    0    0 315 -413  0
4218500 2850500  8 21  5  15.7 1009 127  3.0 1  9.7  86    0    0 317 -411  0
4218500 2850500  8 21  6  15.3 1009 126  3.1 0  9.8  88    5   22 310 -409  0
4218500 2850500  8 21  7  16.8 1009 124  2.7 0 10.1  88   80   73 303 -412  0
4218500 2850500  8 21  8  19.6 1009 130  2.9 0 10.4  79  206  104 308 -423  0
4218500 2850500  8 21  9  22.5 1009 140  2.8 0 10.6  68  326  128 318 -436  0
4218500 2850500  8 21 10  24.6 1009 122  2.7 0 10.8  59  426  150 327 -448  0
4218500 2850500  8 21 11  26.1 1009 148  4.8 0 10.6  52  509  163 336 -457  0
4218500 2850500  8 21 12  27.3 1009 152  4.8 0 10.1  46  550  174 344 -465  0
4218500 2850500  8 21 13  27.5 1009 133  4.9 1 10.0  44  499  216 353 -471  0
4218500 2850500  8 21 14  28.1 1009 143  4.7 1 10.0  42  411  245 361 -462  0
4218500 2850500  8 21 15  28.0 1008 139  3.6 1  9.6  40  368  221 361 -449  0
4218500 2850500  8 21 16  28.0 1008 131  4.3 1  9.3  39  258  206 359 -447  0
4218500 2850500  8 21 17  27.8 1008 125  3.6 1  9.1  39  130  176 356 -447  0
4218500 2850500  8 21 18  26.7 1008 124  2.7 1  9.3  41   76  112 352 -445  0
4218500 2850500  8 21 19  24.3 1008  93  3.1 2  9.5  46    6   44 351 -440  0
4218500 2850500  8 21 20  22.6 1008 127  3.5 3  9.7  53    0    2 352 -433  0
4218500 2850500  8 21 21  22.4 1009 103  3.5 3  9.9  58    0    0 353 -428  0
4218500 2850500  8 21 22  21.7 1009  98  3.1 3 10.0  60    0    0 351 -424  0
4218500 2850500  8 21 23  21.1 1009  71  2.1 3 10.1  63    0    0 349 -422  0
4218500 2850500  8 21 24  19.2 1009  84  2.1 1 10.3  69    0    0 336 -419  0
4218500 2850500  8 22  1  18.6 1010 133  2.3 1 10.4  76    0    0 324 -415  0
4218500 2850500  8 22  2  16.8 1010 124  1.4 1 10.5  82    0    0 320 -413  0
4218500 2850500  8 22  3  16.2 1010  88  2.1 1 10.4  88    0    0 317 -411  0
4218500 2850500  8 22  4  16.0 1010 109  1.6 0 10.3  90    0    0 311 -410  0
4218500 2850500  8 22  5  15.4 1010  80  2.3 1 10.4  92    0    0 309 -410  0
4218500 2850500  8 22  6  15.5 1010 102  2.0 1 10.2  93    5   20 311 -409  0
4218500 2850500  8 22  7  16.8 1010 103  1.7 1 10.3  89   65   78 310 -409  0
4218500 2850500  8 22  8  18.8 1011 157  1.6 0 10.4  81  166  125 308 -412  0
4218500 2850500  8 22  9  20.8 1011 171  1.9 0 10.7  73  266  164 310 -417  0
4218500 2850500  8 22 10  22.6 1011 155  1.8 0 11.1  68  364  191 320 -424  0
4218500 2850500  8 22 11  24.5 1011 127  2.1 0 11.1  61  452  206 330 -431  0
4218500 2850500  8 22 12  25.8 1011 128  1.4 0 10.8  54  486  223 338 -442  0
4218500 2850500  8 22 13  26.6 1011 210  1.8 0 10.9  51  481  236 345 -456  0
4218500 2850500  8 22 14  27.6 1011 132  1.9 0 10.9  48  436  241 349 -468  0
4218500 2850500  8 22 15  27.9 1011 115  2.0 1 10.8  46  344  242 356 -473  0
4218500 2850500  8 22 16  25.6 1010 338  2.3 2 10.8  49  195  238 359 -472  0
4218500 2850500  8 22 17  22.8 1010 240  3.4 1 11.1  58  126  182 349 -465  0
4218500 2850500  8 22 18  20.2 1010 271  2.7 1 11.5  71   74  114 335 -455  0
4218500 2850500  8 22 19  19.3 1011 270  2.4 4 12.1  83   11   46 339 -443  0
4218500 2850500  8 22 20  18.7 1011 337  1.3 3 11.9  86    0    4 343 -431  0
4218500 2850500  8 22 21  17.7 1011   2  1.4 2 11.2  85    0    0 331 -423  0
4218500 2850500  8 22 22  17.3 1012  12  2.3 3 11.2  89    0    0 329 -420  0
4218500 2850500  8 22 23  17.4 1012  50  2.7 3 10.9  88    0    0 331 -418  0
4218500 2850500  8 22 24  17.8 1012  97  1.7 2 10.3  82    0    0 327 -414  0
4218500 2850500  8 23  1  16.1 1012  43  2.1 2 10.2  84    0    0 321 -409  0
4218500 2850500  8 23  2  16.0 1012  19  1.5 1 10.4  90    0    0 313 -405  0
4218500 2850500  8 23  3  15.2 1012  38  1.7 1 10.1  91    0    0 307 -401  0
4218500 2850500  8 23  4  15.1 1012  80  1.5 0  9.8  91    0    0 300 -398  0
4218500 2850500  8 23  5  14.5 1012  89  1.9 1  9.8  93    0    0 298 -396  0
4218500 2850500  8 23  6  14.0 1012 104  1.9 2  9.8  96    2   17 304 -395  0
4218500 2850500  8 23  7  16.0 1012 110  1.4 2 10.3  96   54   78 309 -396  0
4218500 2850500  8 23  8  18.3 1012 136  1.3 1 11.0  89  148  129 313 -405  0
4218500 2850500  8 23  9  21.8 1013 151  0.8 1 10.9  74  252  169 320 -420  0
4218500 2850500  8 23 10  24.1 1013 163  1.0 0 10.8  61  356  195 327 -438  0
4218500 2850500  8 23 11  25.7 1013 185  1.1 0 10.6  54  435  214 333 -457  0
4218500 2850500  8 23 12  26.8 1013 125  2.2 0  9.8  46  472  228 340 -475  0
4218500 2850500  8 23 13  28.2 1013 124  2.4 1  8.8  38  406  277 348 -489  0
4218500 2850500  8 23 14  28.2 1012 116  1.7 2  7.9  33  373  270 357 -498  0
4218500 2850500  8 23 15  28.3 1012 116  2.7 2  7.4  31  356  234 360 -499  0
4218500 2850500  8 23 16  28.2 1012  89  3.1 2  7.4  31  271  204 360 -494  0
4218500 2850500  8 23 17  26.9 1012 106  2.7 2  7.3  32  168  166 356 -484  0
4218500 2850500  8 23 18  24.8 1012  89  2.3 3  7.4  36   85  111 353 -472  0
4218500 2850500  8 23 19  22.4 1012  76  2.0 5  8.2  45   12   46 355 -458  0
4218500 2850500  8 23 20  20.3 1012  65  2.0 6  9.5  59    0    1 360 -443  0
4218500 2850500  8 23 21  19.6 1013  64  2.1 4  9.9  68    0    0 353 -431  0
4218500 2850500  8 23 22  18.3 1013  67  2.0 4  9.9  72    0    0 343 -423  0
4218500 2850500  8 23 23  17.4 1013  84  2.7 3  9.9  77    0    0 337 -417  0
4218500 2850500  8 23 24  17.2 1013  85  2.5 3  9.8  79    0    0 331 -412  0
4218500 2850500  8 24  1  17.4 1013  76  3.3 2  9.4  76    0    0 327 -407  0
4218500 2850500  8 24  2  17.2 1014  82  3.1 2  9.2  75    0    0 323 -403  0
4218500 2850500  8 24  3  16.7 1014  76  3.3 2  9.1  76    0    0 322 -400  0
4218500 2850500  8 24  4  16.5 1014  85  3.7 1  9.2  78    0    0 318 -396  0
4218500 2850500  8 24  5  15.2 1014  87  3.2 1  9.1  81    0    0 312 -393  0
4218500 2850500  8 24  6  15.8 1014 100  2.9 2  9.2  83    2   16 313 -390  0
4218500 2850500  8 24  7  17.2 1014 104  3.0 2  9.3  80   47   79 318 -391  0
4218500 2850500  8 24  8  18.7 1014 108  2.8 1  9.3  72  123  139 318 -401  0
4218500 2850500  8 24  9  21.2 1014  96  2.4 1  9.3  64  219  187 322 -418  0
4218500 2850500  8 24 10  22.9 1015  93  3.0 2  9.3  56  310  223 333 -438  0
4218500 2850500  8 24 11  24.8 1015 111  2.8 2  9.6  52  406  239 343 -458  0
4218500 2850500  8 24 12  26.4 1015 121  3.7 1 10.0  48  433  260 350 -476  0
4218500 2850500  8 24 13  27.3 1014 120  3.4 4 10.0  45  382  298 361 -490  0
4218500 2850500  8 24 14  28.0 1014 125  5.0 5  9.7  42  379  278 374 -496  0
4218500 2850500  8 24 15  27.9 1014 122  3.9 5  9.3  39  285  273 376 -494  0
4218500 2850500  8 24 16  27.5 1014 126  3.8 6  9.2  39   97  257 377 -487  0
4218500 2850500  8 24 17  26.5 1014 128  3.5 7  9.1  41   26  166 377 -480  0
4218500 2850500  8 24 18  25.8 1014 107  3.3 7  9.3  44    0   72 377 -471  0
4218500 2850500  8 24 19  24.2 1013  98  3.4 7  9.2  46    0   21 373 -459  0
4218500 2850500  8 24 20  22.5 1014  93  3.4 6  8.8  49    0    1 362 -447  0
4218500 2850500  8 24 21  21.6 1014  95  3.8 5  8.6  52    0    0 351 -436  0
4218500 2850500  8 24 22  20.9 1014 106  4.1 4  8.3  53    0    0 342 -429  0
4218500 2850500  8 24 23  20.2 1015  94  4.3 4  8.0  53    0    0 336 -424  0
4218500 2850500  8 24 24  19.8 1015 104  3.9 4  7.7  53    0    0 334 -419  0
4218500 2850500  8 25  1  19.3 1015 104  3.8 4  7.7  54    0    0 332 -416  0
4218500 2850500  8 25  2  19.4 1015 115  3.9 6  7.7  55    0    0 340 -414  0
4218500 2850500  8 25  3  19.4 1015 106  2.9 6  7.5  54    0    0 347 -411  0
4218500 2850500  8 25  4  18.5 1015 121  2.6 6  7.4  55    0    0 346 -409  0
4218500 2850500  8 25  5  16.8 1015  83  3.3 3  7.6  60    0    0 332 -407  0
4218500 2850500  8 25  6  16.7 1015  79  2.8 4  7.5  63    0   14 322 -407  0
4218500 2850500  8 25  7  17.6 1015  97  2.5 6  7.7  63   50   74 334 -409  0
4218500 2850500  8 25  8  18.9 1016  97  2.1 4  8.1  62  153  125 338 -417  0
4218500 2850500  8 25  9  20.6 1016 123  1.9 5  8.4  58  232  171 340 -428  0
4218500 2850500  8 25 10  22.3 1016 232  1.3 6  9.0  56  165  264 357 -436  0
4218500 2850500  8 25 11  23.7 1016 340  1.8 4  9.7  55  230  298 363 -442  0
4218500 2850500  8 25 12  25.0 1016 277  1.8 2 10.4  54  400  263 357 -455  0
4218500 2850500  8 25 13  25.8 1016 248  2.0 1 11.0  54  488  224 356 -468  0
4218500 2850500  8 25 14  26.9 1016 277  3.4 1 11.2  52  451  224 361 -468  0
4218500 2850500  8 25 15  26.9 1016 289  3.2 2 11.5  52  326  241 368 -459  0
4218500 2850500  8 25 16  26.3 1016 277  3.2 2 11.9  55  185  235 370 -452  0
4218500 2850500  8 25 17  25.4 1016 324  3.2 4 12.6  60  107  180 372 -451  0
4218500 2850500  8 25 18  24.1 1016 314  3.8 5 12.7  65   32  110 376 -450  0
4218500 2850500  8 25 19  22.8 1016 313  3.1 6 12.5  69    5   37 378 -444  0
4218500 2850500  8 25 20  21.7 1017 326  3.4 6 12.6  75    0    0 378 -437  0
4218500 2850500  8 25 21  20.9 1017 325  3.4 5 12.7  80    0    0 371 -430  0
4218500 2850500  8 25 22  20.1 1017 344  2.6 4 12.3  82    0    0 360 -424  0
4218500 2850500  8 25 23  19.9 1017 330  3.2 4 12.0  82    0    0 354 -419  0
4218500 2850500  8 25 24  19.3 1017 359  2.3 5 12.0  84    0    0 356 -414  0
4218500 2850500  8 26  1  19.1 1017  13  2.8 5 12.0  86    0    0 358 -411  0
4218500 2850500  8 26  2  18.8 1017  31  2.8 5 11.8  86    0    0 356 -408  0
4218500 2850500  8 26  3  18.6 1017  19  2.9 5 11.6  86    0    0 353 -406  0
4218500 2850500  8 26  4  18.2 1017   5  2.7 5 11.5  87    0    0 351 -405  0
4218500 2850500  8 26  5  18.0 1017  15  2.2 6 11.6  89    0    0 354 -404  0
4218500 2850500  8 26  6  18.1 1016  17  2.4 7 11.7  90    6   17 364 -401  0
4218500 2850500  8 26  7  19.2 1016  31  2.0 5 11.9  88   37   73 362 -402  0
4218500 2850500  8 26  8  21.0 1016  79  2.4 6 11.7  79   70  141 360 -411  0
4218500 2850500  8 26  9  22.3 1016  92  2.0 6 10.8  67  165  196 369 -427  0
4218500 2850500  8 26 10  24.2 1016 103  2.4 4 10.6  60  306  214 366 -448  0
4218500 2850500  8 26 11  26.1 1016 104  3.6 3 10.7  53  383  237 362 -467  0
4218500 2850500  8 26 12  27.5 1015 106  4.1 2 10.4  47  409  263 361 -482  0
4218500 2850500  8 26 13  28.6 1015 113  4.3 1 10.4  44  415  270 360 -494  0
4218500 2850500  8 26 14  28.9 1014 117  3.8 1 10.5  42  395  259 359 -498  0
4218500 2850500  8 26 15  29.1 1014  87  4.0 0 10.5  42  344  237 356 -495  0
4218500 2850500  8 26 16  29.0 1014  97  4.0 0 10.3  41  251  212 352 -481  0
4218500 2850500  8 26 17  28.2 1013  95  4.1 0 10.1  41  156  169 350 -467  0
4218500 2850500  8 26 18  26.9 1013  84  4.5 1 10.0  43   61  111 350 -462  0
4218500 2850500  8 26 19  25.3 1013  75  3.7 3  9.8  46    8   39 355 -455  0
4218500 2850500  8 26 20  24.3 1013  70  4.0 3  9.6  49    0    0 357 -448  0
4218500 2850500  8 26 21  23.8 1013  81  4.3 3  9.6  51    0    0 352 -443  0
4218500 2850500  8 26 22  22.7 1013  68  3.9 2  9.6  54    0    0 345 -439  0
4218500 2850500  8 26 23  21.9 1013  87  3.9 2  9.7  57    0    0 338 -436  0
4218500 2850500  8 26 24  20.9 1013  86  3.9 2  9.9  62    0    0 337 -433  0
4218500 2850500  8 27  1  20.0 1013  87  3.0 0 10.3  68    0    0 327 -430  0
4218500 2850500  8 27  2  19.5 1012  77  3.4 0 10.3  72    0    0 317 -427  0
4218500 2850500  8 27  3  18.8 1012  65  3.0 0 10.3  74    0    0 315 -426  0
4218500 2850500  8 27  4  18.2 1011  95  3.3 0 10.3  77    0    0 310 -420  0
4218500 2850500  8 27  5  17.6 1011  94  2.9 0 10.4  80    0    0 304 -413  0
4218500 2850500  8 27  6  17.3 1011 104  2.4 3 10.6  84    0   10 315 -410  0
4218500 2850500  8 27  7  18.8 1011  96  2.2 6 10.9  84   31   71 345 -411  0
4218500 2850500  8 27  8  20.4 1011 114  2.4 4 11.2  78  122  130 354 -415  0
4218500 2850500  8 27  9  22.9 1010 123  3.2 4 11.2  69  239  166 350 -423  0
4218500 2850500  8 27 10  24.7 1010  96  4.0 4 11.2  60  316  203 358 -430  0
4218500 2850500  8 27 11  26.3 1010  90  3.6 3 11.3  55  381  231 361 -433  0
4218500 2850500  8 27 12  27.7 1009  94  4.7 2 11.0  49  403  258 361 -444  0
4218500 2850500  8 27 13  28.8 1009 111  4.7 3 10.6  44  372  283 367 -458  0
4218500 2850500  8 27 14  28.9 1009 125  4.7 3 10.3  41  328  278 374 -466  0
4218500 2850500  8 27 15  29.1 1008 137  5.4 4 10.1  40  260  265 379 -471  0
4218500 2850500  8 27 16  28.9 1008 115  4.4 4 10.1  40  203  227 385 -468  0
4218500 2850500  8 27 17  28.0 1007 112  4.7 3  9.7  40  136  172 379 -458  0
4218500 2850500  8 27 18  26.4 1007  96  4.4 4  9.4  41   51  110 375 -447  0
4218500 2850500  8 27 19  25.0 1007  94  3.9 5  9.1  44    7   38 377 -439  0
4218500 2850500  8 27 20  23.6 1007  89  3.6 5  8.7  45    0    0 374 -432  0
4218500 2850500  8 27 21  22.7 1008  96  3.5 5  8.3  46    0    0 368 -425  0
4218500 2850500  8 27 22  22.0 1008  96  3.6 4  8.1  48    0    0 360 -420  0
4218500 2850500  8 27 23  21.5 1008  98  3.9 4  8.1  50    0    0 354 -416  0
4218500 2850500  8 27 24  20.9 1008 101  3.4 5  8.1  51    0    0 358 -412  0
4218500 2850500  8 28  1  20.2 1008  97  2.9 5  8.2  54    0    0 360 -409  0
4218500 2850500  8 28  2  19.2 1008  92  2.9 5  8.4  58    0    0 357 -407  0
4218500 2850500  8 28  3  19.3 1008  97  2.8 5  8.4  60    0    0 356 -406  0
4218500 2850500  8 28  4  18.9 1008  92  2.2 5  8.6  62    0    0 356 -405  0
4218500 2850500  8 28  5  18.1 1008  94  2.3 5  8.7  65    0    0 354 -405  0
4218500 2850500  8 28  6  17.6 1008 105  2.5 5  9.1  71    0   10 353 -404  0
4218500 2850500  8 28  7  18.9 1008 111  3.1 4  9.6  72   44   75 349 -405  0
4218500 2850500  8 28  8  20.0 1008 133  2.6 2 10.0  70  125  135 338 -409  0
4218500 2850500  8 28  9  22.0 1008 103  1.9 1 10.8  69  226  179 330 -417  0
4218500 2850500  8 28 10  23.8 1009 169  1.5 0 11.4  65  318  213 328 -428  0
4218500 2850500  8 28 11  25.3 1009 114  2.4 0 11.9  61  392  237 332 -439  0
4218500 2850500  8 28 12  26.5 1009 117  2.7 0 12.2  58  420  260 340 -448  0
4218500 2850500  8 28 13  27.2 1009 126  3.0 0 12.3  55  434  263 345 -454  0
4218500 2850500  8 28 14  28.1 1008 162  2.7 0 11.9  51  263  313 349 -458  0
4218500 2850500  8 28 15  28.6 1008 197  1.9 2 11.2  46  194  294 361 -461  0
4218500 2850500  8 28 16  28.4 1008 142  1.9 2 10.9  44  218  229 369 -460  0
4218500 2850500  8 28 17  28.4 1007 176  1.7 1 11.0  45  130  179 365 -455  0
4218500 2850500  8 28 18  27.8 1007 286  1.2 2 11.1  46   45  112 364 -448  0
4218500 2850500  8 28 19  24.3 1008  23  2.6 5 11.9  56    3   34 375 -438  0
4218500 2850500  8 28 20  22.9 1008 239  3.0 7 12.9  70    0    0 390 -429  0
4218500 2850500  8 28 21  21.0 1009  98  4.3 7 12.7  76    0    0 395 -421  0
4218500 2850500  8 28 22  20.3 1009  47  2.3 7 12.2  79    0    0 390 -415  0
4218500 2850500  8 28 23  20.9 1009  73  1.8 7 12.2  80    0    0 390 -411  0
4218500 2850500  8 28 24  20.6 1009  29  2.9 8 13.1  84    0    0 396 -407  0
4218500 2850500  8 29  1  21.2 1009   8  2.8 5 13.1  84    0    0 388 -403  0
4218500 2850500  8 29  2  19.4 1009 334  1.1 4 12.6  84    0    0 368 -400  0
4218500 2850500  8 29  3  19.0 1009   3  1.7 5 12.5  89    0    0 364 -397  0
4218500 2850500  8 29  4  18.3 1009  21  2.3 3 11.7  86    0    0 357 -394  0
4218500 2850500  8 29  5  18.2 1009  21  1.0 2 11.2  85    0    0 342 -392  0
4218500 2850500  8 29  6  18.6 1010   3  1.4 3 11.1  84    3   14 342 -391  0
4218500 2850500  8 29  7  18.6 1010  31  1.6 4 11.6  86   34   70 352 -393  0
4218500 2850500  8 29  8  19.9 1010   2  1.6 3 12.1  86  117  129 355 -399  0
4218500 2850500  8 29  9  21.3 1011   2  1.7 3 12.1  79  229  164 354 -411  0
4218500 2850500  8 29 10  23.1 1011 330  1.9 1 12.5  74  311  200 352 -427  0
4218500 2850500  8 29 11  24.5 1011 348  2.1 1 12.7  68  399  216 350 -443  0
4218500 2850500  8 29 12  25.8 1011   1  1.9 2 12.6  63  434  236 362 -457  0
4218500 2850500  8 29 13  26.9 1011 359  1.6 2 12.5  58  413  257 372 -467  0
4218500 2850500  8 29 14  27.2 1011 295  2.0 2 12.4  55  365  258 375 -474  0
4218500 2850500  8 29 15  27.2 1011 335  2.4 4 12.4  54  158  290 385 -476  0
4218500 2850500  8 29 16  26.9 1011 329  2.2 6 12.4  55   88  239 400 -473  0
4218500 2850500  8 29 17  26.4 1010 326  3.0 4 12.8  58   28  161 399 -466  0
4218500 2850500  8 29 18  25.4 1010 324  2.3 5 13.1  62    1   71 391 -456  0
4218500 2850500  8 29 19  24.0 1011 344  2.2 4 13.0  66    0   11 387 -443  0
4218500 2850500  8 29 20  23.0 1011   4  2.1 5 12.7  70    0    0 380 -430  0
4218500 2850500  8 29 21  23.1 1012  16  2.1 5 12.6  71    0    0 381 -419  0
4218500 2850500  8 29 22  22.5 1012  11  1.8 4 12.5  72    0    0 374 -411  0
4218500 2850500  8 29 23  21.1 1012 110  1.1 3 12.4  76    0    0 362 -405  0
4218500 2850500  8 29 24  20.7 1012 127  0.9 4 12.5  80    0    0 358 -399  0
4218500 2850500  8 30  1  19.0 1013  15  0.8 1 12.5  86    0    0 346 -395  0
4218500 2850500  8 30  2  18.4 1013 360  1.6 1 12.5  92    0    0 332 -391  0
4218500 2850500  8 30  3  18.0 1013  36  1.0 1 12.1  92    0    0 328 -388  0
4218500 2850500  8 30  4  17.3 1013   0  1.7 1 11.7  92    0    0 325 -386  0
4218500 2850500  8 30  5  16.9 1013   5  1.8 2 11.6  94    0    0 326 -384  0
4218500 2850500  8 30  6  16.9 1013  47  1.4 3 11.3  94    2   12 332 -383  0
4218500 2850500  8 30  7  18.1 1013 105  0.6 3 11.5  92   46   69 337 -385  0
4218500 2850500  8 30  8  20.6 1014 244  0.6 3 11.8  84  128  121 343 -393  0
4218500 2850500  8 30  9  22.2 1014 289  1.4 3 11.4  71  234  156 349 -409  0
4218500 2850500  8 30 10  23.5 1014 285  1.3 3 11.2  64  256  218 355 -428  0
4218500 2850500  8 30 11  24.6 1014 292  2.2 5 10.8  58  199  292 367 -448  0
4218500 2850500  8 30 12  24.8 1014 284  2.6 5 10.2  52  245  309 377 -464  0
4218500 2850500  8 30 13  25.3 1014 261  3.3 4  9.8  50  253  316 376 -474  0
4218500 2850500  8 30 14  25.8 1014 268  3.4 5  9.8  48  213  307 378 -480  0
4218500 2850500  8 30 15  25.8 1013 271  3.6 5 10.2  49  228  264 382 -482  0
4218500 2850500  8 30 16  25.5 1013 293  2.7 5 10.1  49  145  233 381 -480  0
4218500 2850500  8 30 17  25.0 1013 297  2.5 7  9.9  49   57  171 385 -470  0
4218500 2850500  8 30 18  23.7 1013 322  2.0 7 10.2  53   13   95 388 -457  0
4218500 2850500  8 30 19  22.2 1013 311  0.8 7 10.4  59    0   25 384 -443  0
4218500 2850500  8 30 20  19.8 1013 108  0.5 7 10.5  67    0    0 376 -427  0
4218500 2850500  8 30 21  19.7 1013 153  1.4 7 10.8  75    0    0 371 -416  0
4218500 2850500  8 30 22  18.9 1013 156  2.1 4 11.2  79    0    0 361 -408  0
4218500 2850500  8 30 23  17.5 1013 147  1.8 4 11.4  86    0    0 348 -401  0
4218500 2850500  8 30 24  17.4 1013 175  0.6 6 11.3  90    0    0 353 -395  0
4218500 2850500  8 31  1  17.3 1013 205  1.1 5 11.2  90    0    0 356 -390  0
4218500 2850500  8 31  2  17.3 1013   1  0.2 5 11.4  92    0    0 353 -387  0
4218500 2850500  8 31  3  17.5 1012 166  1.7 4 11.5  92    0    0 352 -385  0
4218500 2850500  8 31  4  18.3 1012 186  2.2 2 11.6  90    0    0 346 -383  0
4218500 2850500  8 31  5  17.6 1012 177  2.0 1 11.6  90    0    0 336 -381  0
4218500 2850500  8 31  6  17.3 1012 172  1.7 2 11.4  91    1   13 334 -380  0
4218500 2850500  8 31  7  17.5 1012 183  1.6 2 11.5  92   40   77 337 -383  0
4218500 2850500  8 31  8  19.5 1012 204  1.5 2 11.8  88  117  141 339 -394  0
4218500 2850500  8 31  9  22.3 1012 208  1.1 2 12.1  78  194  195 347 -413  0
4218500 2850500  8 31 10  24.1 1012 234  1.2 1 12.2  68  250  247 351 -436  0
4218500 2850500  8 31 11  25.2 1012 289  2.2 1 12.1  62  252  304 354 -457  0
4218500 2850500  8 31 12  25.5 1012 296  2.6 3 11.8  58  101  352 364 -473  0
4218500 2850500  8 31 13  24.5 1012 326  3.3 5 12.2  61   24  295 377 -486  0
4218500 2850500  8 31 14  25.2 1012 286  2.7 4 12.5  63   78  328 380 -493  0
4218500 2850500  8 31 15  25.8 1012 316  3.9 1 11.8  57  257  283 370 -494  0
4218500 2850500  8 31 16  25.8 1011 308  4.4 2 11.5  55  141  255 363 -488  0
4218500 2850500  8 31 17  24.8 1011 310  5.0 4 11.3  56   24  162 369 -480  0
4218500 2850500  8 31 18  23.6 1012 307  4.4 4 11.0  58   11   98 370 -469  0
4218500 2850500  8 31 19  22.4 1012 310  3.7 5 11.0  62    0   13 369 -457  0
4218500 2850500  8 31 20  21.0 1012 303  4.2 5 10.3  63    0    0 365 -444  0
4218500 2850500  8 31 21  20.4 1013 323  5.2 4  9.8  64    0    0 356 -432  0
4218500 2850500  8 31 22  19.5 1014 320  4.9 4  9.6  66    0    0 347 -426  0
4218500 2850500  8 31 23  18.7 1015 312  5.4 4  9.7  70    0    0 345 -423  0
4218500 2850500  8 31 24  17.8 1015 320  5.1 3  9.5  73    0    0 336 -418  0
4218500 2850500  9  1  1  17.1 1016 331  4.4 3  9.4  77    0    0 324 -412  0
4218500 2850500  9  1  2  15.9 1016 329  4.1 3  9.3  80    0    0 320 -410  0
4218500 2850500  9  1  3  16.6 1017 340  3.8 5  9.1  79    0    0 328 -407  0
4218500 2850500  9  1  4  16.8 1017 343  4.1 7  8.7  74    0    0 348 -406  0
4218500 2850500  9  1  5  15.6 1017 350  3.9 6  8.0  69    0    0 350 -405  0
4218500 2850500  9  1  6  15.4 1018   3  4.0 5  7.2  66    4   11 336 -405  0
4218500 2850500  9  1  7  14.6 1019 330  4.2 5  6.8  65   67   65 327 -403  0
4218500 2850500  9  1  8  15.5 1020 337  3.6 3  7.0  66  182  108 316 -399  0
4218500 2850500  9  1  9  17.0 1021 344  4.4 4  6.9  61  264  148 313 -397  0
4218500 2850500  9  1 10  17.7 1021   2  4.5 4  6.5  53  350  185 322 -397  0
4218500 2850500  9  1 11  18.8 1021 354  5.1 4  6.2  48  249  285 326 -399  0
4218500 2850500  9  1 12  19.0 1021 357  5.3 4  6.0  44  349  278 328 -405  0
4218500 2850500  9  1 13  19.9 1021 344  5.0 4  6.1  43  438  239 331 -416  0
4218500 2850500  9  1 14  20.6 1021 358  4.4 3  6.3  43  387  242 331 -427  0
4218500 2850500  9  1 15  20.5 1021  69  4.5 4  6.4  43  272  248 333 -433  0
4218500 2850500  9  1 16  20.3 1021  12  4.1 4  6.5  44  141  215 337 -434  0
4218500 2850500  9  1 17  19.9 1021   9  3.5 5  6.6  46   64  143 341 -433  0
4218500 2850500  9  1 18  19.2 1021 344  3.4 5  6.9  49   30   81 344 -429  0
4218500 2850500  9  1 19  18.0 1022 344  2.5 5  7.1  53    1   15 341 -422  0
4218500 2850500  9  1 20  16.6 1022 354  2.5 2  7.2  59    0    0 323 -415  0
4218500 2850500  9  1 21  16.1 1023   3  2.6 2  7.1  62    0    0 307 -411  0
4218500 2850500  9  1 22  14.6 1023   9  2.9 1  6.9  64    0    0 300 -405  0
4218500 2850500  9  1 23  13.5 1024  22  2.4 1  6.9  70    0    0 293 -397  0
4218500 2850500  9  1 24  12.4 1024  18  2.3 0  7.0  76    0    0 286 -390  0
4218500 2850500  9  2  1  12.1 1024  24  2.0 0  7.0  80    0    0 279 -384  0
4218500 2850500  9  2  2  11.5 1024  11  1.2 1  7.1  84    0    0 280 -379  0
4218500 2850500  9  2  3  10.9 1024 353  1.3 4  7.2  88    0    0 295 -375  0
4218500 2850500  9  2  4  10.8 1024 353  1.8 5  7.2  90    0    0 311 -372  0
4218500 2850500  9  2  5  10.6 1024   6  2.3 4  7.2  90    0    0 310 -370  0
4218500 2850500  9  2  6  10.4 1025   6  1.8 4  7.1  91    2    9 305 -368  0
4218500 2850500  9  2  7  12.6 1025   9  1.7 4  7.6  90   59   52 306 -369  0
4218500 2850500  9  2  8  16.0 1026  28  2.2 2  8.1  80  180   90 305 -375  0
4218500 2850500  9  2  9  17.9 1026  27  2.5 1  7.9  66  319  108 300 -389  0
4218500 2850500  9  2 10  19.3 1026  82  3.3 2  7.4  56  396  139 305 -407  0
4218500 2850500  9  2 11  19.6 1026  38  2.8 2  6.9  50  465  158 313 -425  0
4218500 2850500  9  2 12  20.1 1026  48  3.0 2  6.9  48  375  242 316 -439  0
4218500 2850500  9  2 13  20.7 1026  36  3.0 2  6.7  46  391  241 318 -449  0
4218500 2850500  9  2 14  21.8 1025  68  2.6 2  6.6  43  518  146 322 -455  0
4218500 2850500  9  2 15  22.2 1025  63  3.2 2  6.5  40  449  136 324 -456  0
4218500 2850500  9  2 16  22.1 1024  56  3.6 1  6.5  40  338  127 321 -452  0
4218500 2850500  9  2 17  21.9 1024  91  4.0 1  6.7  41  216  108 318 -445  0
4218500 2850500  9  2 18  20.1 1024  68  2.7 1  6.5  42   91   75 313 -434  0
4218500 2850500  9  2 19  18.0 1023  81  2.0 2  6.3  47    7   18 308 -421  0
4218500 2850500  9  2 20  16.2 1023  57  2.2 2  6.6  55    0    0 303 -409  0
4218500 2850500  9  2 21  14.5 1024  43  2.3 1  7.1  66    0    0 297 -400  0
4218500 2850500  9  2 22  14.7 1024  44  3.3 1  7.4  72    0    0 292 -394  0
4218500 2850500  9  2 23  16.4 1024  43  3.5 1  7.9  72    0    0 295 -388  0
4218500 2850500  9  2 24  14.9 1023  54  2.8 1  8.0  73    0    0 295 -384  0
4218500 2850500  9  3  1  14.3 1023  75  3.0 1  7.9  77    0    0 289 -381  0
4218500 2850500  9  3  2  13.1 1023  78  2.7 1  7.8  80    0    0 285 -379  0
4218500 2850500  9  3  3  13.0 1023  73  3.0 1  7.5  81    0    0 282 -376  0
4218500 2850500  9  3  4  12.6 1023  78  2.6 0  7.3  80    0    0 280 -373  0
4218500 2850500  9  3  5  12.0 1022  76  3.3 0  6.9  78    0    0 275 -370  0
4218500 2850500  9  3  6  12.1 1022  71  3.0 1  6.7  77    2    9 275 -368  0
4218500 2850500  9  3  7  13.7 1022  75  3.6 1  6.8  74   61   56 278 -368  0
4218500 2850500  9  3  8  16.1 1022  72  4.7 0  7.0  67  186   94 279 -375  0
4218500 2850500  9  3  9  18.1 1021  70  3.8 0  7.2  60  321  117 284 -389  0
4218500 2850500  9  3 10  20.0 1021  86  4.7 2  7.4  54  407  143 294 -407  0
4218500 2850500  9  3 11  20.5 1020  89  5.0 4  7.5  51  165  288 308 -425  0
4218500 2850500  9  3 12  21.2 1019  83  6.6 4  7.8  51  234  307 318 -439  0
4218500 2850500  9  3 13  22.2 1018  96  6.8 3  8.1  50  262  306 323 -448  0
4218500 2850500  9  3 14  23.5 1017 100  7.0 3  8.4  49  258  285 329 -454  0
4218500 2850500  9  3 15  24.1 1016 101  6.8 2  8.7  47  364  189 332 -456  0
4218500 2850500  9  3 16  23.9 1015 113  6.1 2  8.9  48  285  159 333 -455  0
4218500 2850500  9  3 17  23.2 1015 118  5.5 2  9.0  49  135  137 331 -448  0
4218500 2850500  9  3 18  22.5 1014 109  5.6 1  9.0  52   77   78 328 -438  0
4218500 2850500  9  3 19  21.2 1014 104  4.7 2  9.1  55    6   18 325 -425  0
4218500 2850500  9  3 20  20.1 1014 104  4.8 1  9.2  60    0    0 320 -412  0
4218500 2850500  9  3 21  19.7 1014 103  4.7 2  9.6  66    0    0 317 -404  0
4218500 2850500  9  3 22  19.4 1013 116  4.7 1  9.8  68    0    0 315 -398  0
4218500 2850500  9  3 23  18.5 1013 123  4.2 1  9.7  71    0    0 310 -393  0
4218500 2850500  9  3 24  17.9 1013 118  3.8 0  9.8  75    0    0 305 -389  0
4218500 2850500  9  4  1  17.7 1013 119  4.3 1 10.0  78    0    0 302 -387  0
4218500 2850500  9  4  2  17.4 1012 123  4.0 1  9.9  79    0    0 303 -384  0
4218500 2850500  9  4  3  16.6 1012 126  4.2 1  9.7  80    0    0 300 -382  0
4218500 2850500  9  4  4  16.2 1011 115  3.9 1  9.5  81    0    0 297 -380  0
4218500 2850500  9  4  5  15.6 1011 117  4.6 2  9.4  83    0    0 298 -378  0
4218500 2850500  9  4  6  16.0 1010 125  4.2 3  9.5  84    1    8 306 -377  0
4218500 2850500  9  4  7  16.8 1010 143  3.3 3  9.7  82   45   54 311 -379  0
4218500 2850500  9  4  8  18.6 1010 150  4.0 3  9.7  76  112  114 313 -387  0
4218500 2850500  9  4  9  20.9 1010 162  4.4 2  9.7  67  235  154 316 -404  0
4218500 2850500  9  4 10  23.0 1010 159  4.8 3  9.9  60  229  230 325 -425  0
4218500 2850500  9  4 11  24.2 1009 156  4.7 3  9.9  54  344  240 337 -445  0
4218500 2850500  9  4 12  25.0 1009 152  5.3 3  9.8  50  493  199 344 -463  0
4218500 2850500  9  4 13  26.3 1008 181  4.7 3  9.7  47  516  193 352 -477  0
4218500 2850500  9  4 14  26.9 1008 185  5.0 3  9.6  44  475  192 358 -485  0
4218500 2850500  9  4 15  26.9 1008 177  3.7 1  9.3  42  389  188 354 -488  0
4218500 2850500  9  4 16  26.9 1007 189  2.8 1  9.1  41  274  173 348 -486  0
4218500 2850500  9  4 17  25.7 1007 168  3.0 2  9.3  43  151  139 346 -479  0
4218500 2850500  9  4 18  23.9 1007 196  2.6 3  9.2  47   55   83 345 -466  0
4218500 2850500  9  4 19  22.3 1007 190  2.5 5  9.3  52    1   15 348 -449  0
4218500 2850500  9  4 20  20.2 1007 188  2.8 6  9.6  60    0    0 352 -434  0
4218500 2850500  9  4 21  19.0 1008 186  2.3 6  9.8  68    0    0 350 -424  0
4218500 2850500  9  4 22  18.9 1008 194  2.3 5 10.2  74    0    0 346 -416  0
4218500 2850500  9  4 23  18.9 1008 260  2.6 5 10.2  74    0    0 344 -411  0
4218500 2850500  9  4 24  17.2 1008 273  2.4 4 10.3  79    0    0 339 -407  0
4218500 2850500  9  5  1  17.4 1008 257  2.0 3 10.5  85    0    0 332 -403  0
4218500 2850500  9  5  2  16.2 1008 212  2.0 3 10.5  87    0    0 327 -400  0
4218500 2850500  9  5  3  15.8 1008 197  2.1 3 10.3  90    0    0 326 -397  0
4218500 2850500  9  5  4  15.2 1008 246  2.6 2 10.1  91    0    0 321 -396  0
4218500 2850500  9  5  5  15.0 1008 161  1.7 3 10.0  93    0    0 319 -397  0
4218500 2850500  9  5  6  14.6 1008 250  1.5 5  9.9  93    0    3 328 -395  0
4218500 2850500  9  5  7  15.3 1008 248  1.3 6 10.0  93   11   49 340 -395  0
4218500 2850500  9  5  8  17.4 1008 274  1.9 5 10.5  89   80  124 345 -401  0
4218500 2850500  9  5  9  19.4 1009 290  0.8 4 10.8  81  187  179 344 -415  0
4218500 2850500  9  5 10  21.4 1009 290  2.1 4 10.9  72  243  234 348 -431  0
4218500 2850500  9  5 11  23.0 1009 289  2.1 4 10.4  62  284  280 354 -445  0
4218500 2850500  9  5 12  23.4 1009 197  2.7 4 10.1  56  371  275 359 -456  0
4218500 2850500  9  5 13  24.2 1008 243  2.7 4  9.5  51  322  305 362 -463  0
4218500 2850500  9  5 14  24.5 1008 294  2.7 5  9.1  47  104  315 368 -466  0
4218500 2850500  9  5 15  24.0 1008 282  3.3 6  9.2  48   16  213 375 -467  0
4218500 2850500  9  5 16  24.1 1008 279  3.7 6  9.3  49  138  221 376 -467  0
4218500 2850500  9  5 17  23.6 1007 285  3.8 5  8.8  47   87  155 370 -461  0
4218500 2850500  9  5 18  22.6 1007 281  2.9 5  8.5  48   20   82 363 -452  0
4218500 2850500  9  5 19  21.7 1007 293  2.6 7  8.7  52    0   14 367 -442  0
4218500 2850500  9  5 20  20.4 1008 340  4.2 7  9.2  58    0    0 371 -432  0
4218500 2850500  9  5 21  19.8 1008 332  2.9 7  9.6  65    0    0 370 -423  0
4218500 2850500  9  5 22  18.9 1009 296  2.6 6  9.6  68    0    0 364 -418  0
4218500 2850500  9  5 23  17.6 1009 332  2.7 5  9.7  74    0    0 353 -416  0
4218500 2850500  9  5 24  16.4 1009 338  2.7 4 10.0  82    0    0 340 -414  0
4218500 2850500  9  6  1  15.2 1009 302  2.6 2  9.9  87    0    0 324 -410  0
4218500 2850500  9  6  2  14.6 1009 306  2.6 2  9.6  90    0    0 313 -407  0
4218500 2850500  9  6  3  14.1 1009 311  2.6 0  9.5  93    0    0 303 -407  0
4218500 2850500  9  6  4  13.5 1010 293  1.9 1  9.4  94    0    0 298 -403  0
4218500 2850500  9  6  5  14.0 1010 276  2.3 1  9.4  95    0    0 302 -401  0
4218500 2850500  9  6  6  13.8 1010 280  2.1 2  9.6  96    0    4 308 -400  0
4218500 2850500  9  6  7  14.0 1010 278  1.1 4  9.6  96   14   48 320 -399  0
4218500 2850500  9  6  8  15.7 1011 299  1.5 2  9.5  90   86  115 322 -402  0
4218500 2850500  9  6  9  17.9 1011 300  1.9 2  9.2  76  258  137 319 -412  0
4218500 2850500  9  6 10  19.8 1011 286  2.8 1  8.6  63  384  155 322 -424  0
4218500 2850500  9  6 11  20.9 1011 284  2.6 1  7.8  52  481  162 322 -436  0
4218500 2850500  9  6 12  21.6 1012 287  2.0 1  7.0  44  516  174 325 -447  0
4218500 2850500  9  6 13  22.7 1011 272  3.0 2  6.6  40  377  257 333 -456  0
4218500 2850500  9  6 14  22.7 1011 250  2.0 3  6.4  37  235  292 343 -460  0
4218500 2850500  9  6 15  23.1 1011 256  3.0 2  6.5  37  272  236 344 -461  0
4218500 2850500  9  6 16  22.9 1011 275  2.6 2  6.5  37   96  208 342 -458  0
4218500 2850500  9  6 17  22.0 1010 284  2.0 2  6.7  40   51  140 339 -451  0
4218500 2850500  9  6 18  21.0 1010 266  1.2 1  7.1  44   59   80 333 -440  0
4218500 2850500  9  6 19  19.9 1010 182  1.2 2  7.5  50    3   17 330 -427  0
4218500 2850500  9  6 20  16.0 1010 163  2.2 1  7.7  60    0    0 321 -416  0
4218500 2850500  9  6 21  15.7 1011 166  2.5 0  7.9  70    0    0 306 -408  0
4218500 2850500  9  6 22  15.3 1011 166  2.6 0  8.0  72    0    0 300 -402  0
4218500 2850500  9  6 23  15.3 1011 177  2.5 1  8.1  74    0    0 304 -397  0
4218500 2850500  9  6 24  15.9 1011 193  2.5 4  8.2  74    0    0 320 -393  0
4218500 2850500  9  7  1  16.1 1011 194  2.6 6  8.4  73    0    0 341 -391  0
4218500 2850500  9  7  2  14.6 1011 200  2.2 6  8.3  76    0    0 348 -388  0
4218500 2850500  9  7  3  14.8 1011 203  1.9 3  8.3  79    0    0 333 -387  0
4218500 2850500  9  7  4  13.0 1011 188  1.7 3  8.3  84    0    0 318 -385  0
4218500 2850500  9  7  5  12.3 1011 205  1.4 3  8.2  89    0    0 313 -381  0
4218500 2850500  9  7  6  12.8 1011 177  1.6 4  8.3  91    0    4 316 -379  0
4218500 2850500  9  7  7  13.0 1011 171  0.8 4  8.5  92   44   44 320 -379  0
4218500 2850500  9  7  8  14.8 1011 155  2.0 4  8.9  89   67  110 322 -386  0
4218500 2850500  9  7  9  16.6 1011 108  0.6 6  9.1  81   46  179 336 -402  0
4218500 2850500  9  7 10  18.9 1011 124  1.2 5  9.1  71  200  213 347 -420  0
4218500 2850500  9  7 11  21.6 1011 135  2.1 3  9.3  62  529  103 342 -437  0
4218500 2850500  9  7 12  23.3 1011 155  2.6 2  9.2  54  608   91 337 -452  0
4218500 2850500  9  7 13  24.0 1010 153  3.2 2  8.9  48  350  245 338 -464  0
4218500 2850500  9  7 14  24.0 1010 193  3.3 3  8.7  46  131  282 345 -469  0
4218500 2850500  9  7 15  23.8 1009 176  2.2 4  8.7  47  153  238 354 -460  0
4218500 2850500  9  7 16  24.3 1009 157  3.2 5  8.5  45  117  190 362 -450  0
4218500 2850500  9  7 17  22.9 1008 127  2.6 4  8.3  46   38  132 359 -449  0
4218500 2850500  9  7 18  21.6 1008 156  2.5 4  8.6  51   53   70 349 -445  0
4218500 2850500  9  7 19  20.1 1008 181  2.3 5  8.8  57    3   13 347 -435  0
4218500 2850500  9  7 20  17.7 1009 192  2.1 5  8.9  65    0    0 344 -426  0
4218500 2850500  9  7 21  16.5 1009 179  2.2 3  9.0  74    0    0 329 -418  0
4218500 2850500  9  7 22  15.8 1009 129  2.3 3  9.1  79    0    0 317 -411  0
4218500 2850500  9  7 23  15.5 1009 125  2.6 3  9.3  83    0    0 314 -406  0
4218500 2850500  9  7 24  16.2 1009 142  2.6 5  9.3  82    0    0 322 -402  0
4218500 2850500  9  8  1  14.9 1010 138  2.7 4  9.3  84    0    0 325 -398  0
4218500 2850500  9  8  2  14.8 1010 134  2.8 3  9.3  88    0    0 312 -394  0
4218500 2850500  9  8  3  14.6 1010 126  2.3 3  9.2  88    0    0 308 -391  0
4218500 2850500  9  8  4  14.2 1010 133  2.5 2  9.3  90    0    0 303 -389  0
4218500 2850500  9  8  5  14.1 1010 129  2.4 3  9.2  91    0    0 301 -387  0
4218500 2850500  9  8  6  13.4 1010 130  2.6 4  8.9  90    0    2 307 -385  0
4218500 2850500  9  8  7  14.4 1010 118  2.8 5  9.1  91   30   43 317 -386  0
4218500 2850500  9  8  8  16.4 1010 123  2.3 3  9.3  84  143   86 316 -393  0
4218500 2850500  9  8  9  18.7 1010 137  2.6 3  9.3  74  275  109 316 -408  0
4218500 2850500  9  8 10  21.3 1011 112  2.6 3  9.6  65  404  118 327 -427  0
4218500 2850500  9  8 11  23.4 1011 109  3.0 4  9.5  56  487  128 340 -446  0
4218500 2850500  9  8 12  24.4 1011 124  3.9 4  9.4  50  534  133 350 -461  0
4218500 2850500  9  8 13  25.3 1011 124  4.4 5  9.3  47  418  212 357 -472  0
4218500 2850500  9  8 14  25.5 1010 131  4.2 5  8.8  43  221  276 362 -477  0
4218500 2850500  9  8 15  25.2 1010  98  3.7 6  8.5  42   36  219 364 -477  0
4218500 2850500  9  8 16  25.5 1010 134  4.1 4  8.5  42   38  186 361 -472  0
4218500 2850500  9  8 17  24.6 1010 120  3.6 1  8.2  41  160  111 345 -464  0
4218500 2850500  9  8 18  22.9 1010 114  3.1 1  7.9  43   53   70 331 -453  0
4218500 2850500  9  8 19  20.5 1011  92  3.2 1  7.7  47    3   13 323 -440  0
4218500 2850500  9  8 20  19.5 1011  86  3.6 1  7.5  51    0    0 317 -427  0
4218500 2850500  9  8 21  18.6 1011  99  3.9 1  7.5  55    0    0 314 -419  0
4218500 2850500  9  8 22  18.4 1012 101  3.6 0  8.2  61    0    0 312 -413  0
4218500 2850500  9  8 23  17.3 1012  96  3.4 0  8.8  68    0    0 308 -409  0
4218500 2850500  9  8 24  17.0 1013  86  3.5 0  8.7  71    0    0 306 -405  0
4218500 2850500  9  9  1  16.7 1013  91  3.4 0  8.7  73    0    0 306 -402  0
4218500 2850500  9  9  2  16.4 1013  95  3.6 0  8.9  75    0    0 305 -399  0
4218500 2850500  9  9  3  15.9 1013  84  3.5 0  8.9  78    0    0 304 -397  0
4218500 2850500  9  9  4  15.5 1013  84  3.3 0  8.9  79    0    0 303 -395  0
4218500 2850500  9  9  5  15.5 1013  84  4.1 1  8.8  80    0    0 306 -393  0
4218500 2850500  9  9  6  15.2 1013  83  3.8 1  8.7  80    0    1 308 -391  0
4218500 2850500  9  9  7  15.8 1013  75  3.9 1  9.0  81   32   47 308 -390  0
4218500 2850500  9  9  8  16.6 1013  79  3.0 0  9.3  81  126  100 306 -396  0
4218500 2850500  9  9  9  20.1 1013  88  3.7 0 10.0  76  244  135 311 -409  0
4218500 2850500  9  9 10  22.0 1013  91  4.5 1 10.7  68  354  157 325 -426  0
4218500 2850500  9  9 11  23.8 1012  87  5.3 1 10.8  61  444  169 336 -443  0
4218500 2850500  9  9 12  25.0 1012  94  5.6 1 10.6  55  493  175 343 -458  0
4218500 2850500  9  9 13  25.6 1012 103  4.9 1 10.3  51  470  195 347 -469  0
4218500 2850500  9  9 14  26.2 1011 106  4.7 1  9.9  47  374  228 351 -475  0
4218500 2850500  9  9 15  26.1 1011  84  5.4 1  9.5  45  278  227 352 -477  0
4218500 2850500  9  9 16  25.8 1010 100  5.3 1  9.0  43  190  189 350 -473  0
4218500 2850500  9  9 17  25.2 1010  95  4.9 1  8.7  43  143  124 348 -467  0
4218500 2850500  9  9 18  23.5 1010  86  4.0 0  8.9  47   48   72 342 -457  0
4218500 2850500  9  9 19  21.5 1009  74  3.2 1  8.9  52    1   13 334 -445  0
4218500 2850500  9  9 20  20.7 1010  84  3.6 1  8.6  55    0    0 332 -434  0
4218500 2850500  9  9 21  20.2 1010  75  3.9 1  8.8  58    0    0 329 -425  0
4218500 2850500  9  9 22  19.7 1010  72  3.7 1  9.0  61    0    0 328 -418  0
4218500 2850500  9  9 23  19.9 1010  83  4.0 1  9.2  64    0    0 327 -414  0
4218500 2850500  9  9 24  19.4 1010  83  3.8 3  9.5  66    0    0 335 -409  0
4218500 2850500  9 10  1  19.2 1010  83  4.0 2  9.6  68    0    0 339 -405  0
4218500 2850500  9 10  2  18.5 1010  75  3.5 2  9.6  70    0    0 334 -400  0
4218500 2850500  9 10  3  17.9 1010  75  4.1 2  9.5  72    0    0 330 -397  0
4218500 2850500  9 10  4  17.6 1010  76  3.8 2  9.6  75    0    0 329 -393  0
4218500 2850500  9 10  5  17.0 1010  82  3.3 3  9.7  78    0    0 332 -391  0
4218500 2850500  9 10  6  16.3 1010  84  3.5 2  9.8  82    0    1 329 -387  0
4218500 2850500  9 10  7  16.9 1010  78  4.4 2  9.9  83   17   47 324 -386  0
4218500 2850500  9 10  8  17.8 1011  79  3.9 1 10.1  81   65  125 320 -391  0
4218500 2850500  9 10  9  19.8 1011  86  3.3 1 10.3  76  116  201 319 -404  0
4218500 2850500  9 10 10  21.5 1011  79  3.7 1 10.7  70  200  253 326 -422  0
4218500 2850500  9 10 11  23.4 1011  78  4.3 1 10.7  63  278  285 333 -439  0
4218500 2850500  9 10 12  24.8 1011  92  5.0 1 10.4  55  326  302 341 -454  0
4218500 2850500  9 10 13  25.8 1011  96  5.5 0 10.3  51  351  299 340 -465  0
4218500 2850500  9 10 14  26.1 1011 113  4.8 0 10.0  48  325  287 339 -472  0
4218500 2850500  9 10 15  26.3 1011  90  4.3 2  9.8  46  235  274 350 -473  0
4218500 2850500  9 10 16  25.9 1011  87  4.3 2  9.6  45  159  221 357 -469  0
4218500 2850500  9 10 17  25.1 1011  84  4.6 1  9.3  45   89  152 348 -461  0
4218500 2850500  9 10 18  23.8 1011  80  3.7 0  9.1  47   30   75 334 -449  0
4218500 2850500  9 10 19  21.4 1011  72  3.5 1  9.0  52    0   12 328 -436  0
4218500 2850500  9 10 20  20.1 1012  55  3.5 1  9.0  59    0    0 326 -425  0
4218500 2850500  9 10 21  18.9 1013  61  3.3 1  9.0  64    0    0 322 -417  0
4218500 2850500  9 10 22  18.3 1013  71  3.5 3  9.0  67    0    0 328 -411  0
4218500 2850500  9 10 23  18.3 1014  63  3.5 3  9.0  68    0    0 336 -406  0
4218500 2850500  9 10 24  18.7 1014  77  3.9 2  9.0  68    0    0 333 -401  0
4218500 2850500  9 11  1  17.9 1015  79  3.6 0  9.0  69    0    0 319 -397  0
4218500 2850500  9 11  2  16.8 1015  97  2.7 0  9.0  73    0    0 306 -393  0
4218500 2850500  9 11  3  16.0 1016  81  3.4 0  9.1  78    0    0 302 -389  0
4218500 2850500  9 11  4  16.3 1016  69  4.0 0  9.2  80    0    0 301 -386  0
4218500 2850500  9 11  5  16.3 1016  77  3.3 0  9.1  78    0    0 302 -384  0
4218500 2850500  9 11  6  16.1 1017  67  3.5 0  9.0  78    0    1 301 -382  0
4218500 2850500  9 11  7  16.6 1018  68  4.0 1  9.6  82   11   37 307 -382  0
4218500 2850500  9 11  8  17.2 1018  76  3.7 4 10.2  85   68  100 329 -387  0
4218500 2850500  9 11  9  18.9 1019  83  3.7 3 10.2  79  213  119 343 -398  0
4218500 2850500  9 11 10  20.7 1019  59  4.7 1 10.1  70  408   87 335 -411  0
4218500 2850500  9 11 11  22.1 1019  80  5.1 1  9.6  60  509   97 330 -422  0
4218500 2850500  9 11 12  21.4 1019  58  5.0 3  9.0  56  259  247 342 -429  0
4218500 2850500  9 11 13  21.8 1019  45  4.5 5  8.8  55   52  265 361 -436  0
4218500 2850500  9 11 14  21.7 1019  28  5.2 5  8.6  53   99  245 371 -445  0
4218500 2850500  9 11 15  22.8 1019  37  5.1 3  8.1  48  217  214 362 -448  0
4218500 2850500  9 11 16  22.4 1019  38  5.0 3  7.6  45  136  166 352 -446  0
4218500 2850500  9 11 17  21.6 1019  27  4.8 2  7.5  46  130  103 345 -438  0
4218500 2850500  9 11 18  21.0 1019  33  4.7 1  7.5  48   44   58 334 -428  0
4218500 2850500  9 11 19  20.0 1019  27  4.3 1  7.5  50    1   10 325 -416  0
4218500 2850500  9 11 20  19.0 1020  26  4.4 1  7.6  54    0    0 321 -406  0
4218500 2850500  9 11 21  17.7 1021  37  4.5 0  7.9  60    0    0 312 -398  0
4218500 2850500  9 11 22  16.9 1021  43  4.0 0  8.1  66    0    0 303 -392  0
4218500 2850500  9 11 23  15.8 1021  44  3.9 0  7.7  67    0    0 297 -387  0
4218500 2850500  9 11 24  15.1 1022  45  4.5 0  7.3  67    0    0 294 -382  0
4218500 2850500  9 12  1  13.9 1022  55  3.9 1  7.2  70    0    0 294 -377  0
4218500 2850500  9 12  2  13.1 1023  56  3.8 0  7.1  74    0    0 289 -373  0
4218500 2850500  9 12  3  12.0 1023  53  3.2 0  6.9  76    0    0 280 -368  0
4218500 2850500  9 12  4  11.3 1022  46  3.1 0  6.7  80    0    0 276 -364  0
4218500 2850500  9 12  5  11.1 1022  53  3.3 0  6.8  82    0    0 274 -362  0
4218500 2850500  9 12  6  10.6 1022  55  2.9 0  6.7  84    0    0 272 -359  0
4218500 2850500  9 12  7  11.8 1022  66  2.6 0  6.9  84   46   37 271 -359  0
4218500 2850500  9 12  8  13.5 1024  66  2.9 0  7.1  78  175   62 274 -365  0
4218500 2850500  9 12  9  15.5 1024  71  2.8 0  6.9  68  320   66 277 -377  0
4218500 2850500  9 12 10  17.6 1024  50  3.5 0  6.6  57  455   64 284 -394  0
4218500 2850500  9 12 11  19.0 1024  59  3.9 0  6.8  52  545   67 291 -410  0
4218500 2850500  9 12 12  20.0 1023  57  4.0 0  7.1  50  593   68 297 -424  0
4218500 2850500  9 12 13  21.0 1023  71  4.1 1  6.9  47  570   89 307 -434  0
4218500 2850500  9 12 14  21.3 1023  33  3.5 1  6.6  43  517   99 314 -440  0
4218500 2850500  9 12 15  21.8 1022  63  4.3 0  6.4  40  422  107 310 -441  0
4218500 2850500  9 12 16  21.5 1022  69  4.4 0  6.4  40  298  108 304 -437  0
4218500 2850500  9 12 17  20.7 1021  50  4.0 0  6.1  39  166   92 302 -430  0
4218500 2850500  9 12 18  19.4 1021  64  3.6 0  5.9  40   51   56 298 -420  0
4218500 2850500  9 12 19  17.2 1021  54  3.0 1  5.9  45    1   10 296 -409  0
4218500 2850500  9 12 20  15.5 1021  63  2.6 1  5.9  52    0    0 295 -399  0
4218500 2850500  9 12 21  15.3 1021  45  3.4 0  6.4  59    0    0 289 -392  0
4218500 2850500  9 12 22  14.7 1022  36  2.7 1  7.0  67    0    0 288 -387  0
4218500 2850500  9 12 23  14.1 1022  49  2.9 1  7.2  71    0    0 290 -381  0
4218500 2850500  9 12 24  13.1 1022  79  2.0 2  7.3  76    0    0 292 -376  0
4218500 2850500  9 13  1  11.6 1021  32  1.7 1  7.3  82    0    0 287 -372  0
4218500 2850500  9 13  2  10.4 1021  33  2.3 0  7.3  89    0    0 272 -369  0
4218500 2850500  9 13  3  10.0 1020  33  1.8 0  7.2  94    0    0 264 -366  0
4218500 2850500  9 13  4   9.6 1020  80  1.3 0  7.1  94    0    0 261 -364  0
4218500 2850500  9 13  5   8.7 1020 185  0.6 0  6.8  95    0    0 259 -361  0
4218500 2850500  9 13  6   8.0 1020 337  2.0 0  6.6  97    0    0 254 -358  0
4218500 2850500  9 13  7   9.9 1020  12  1.8 1  6.9  97   41   35 259 -358  0
4218500 2850500  9 13  8  13.1 1021  30  2.6 0  7.6  90  165   62 264 -363  0
4218500 2850500  9 13  9  15.9 1021  11  2.6 0  7.6  75  313   68 269 -377  0
4218500 2850500  9 13 10  18.1 1021  23  1.6 1  7.3  61  438   69 284 -394  0
4218500 2850500  9 13 11  19.0 1020   7  2.6 1  6.8  51  533   69 294 -412  0
4218500 2850500  9 13 12  20.2 1020   2  2.5 1  6.5  46  559   87 300 -428  0
4218500 2850500  9 13 13  21.0 1019  31  2.7 2  6.6  44  518  119 307 -440  0
4218500 2850500  9 13 14  21.7 1019  29  3.1 3  6.9  44  435  148 317 -446  0
4218500 2850500  9 13 15  21.5 1018   9  2.9 5  7.4  46  189  209 328 -448  0
4218500 2850500  9 13 16  21.6 1017   4  2.9 4  7.8  48   99  170 334 -445  0
4218500 2850500  9 13 17  21.4 1017  30  2.5 2  8.0  50  124  103 328 -436  0
4218500 2850500  9 13 18  19.8 1016 341  2.3 2  8.1  54   43   55 322 -425  0
4218500 2850500  9 13 19  19.0 1016 351  1.4 5  8.4  60    0    7 326 -411  0
4218500 2850500  9 13 20  17.4 1016 352  1.6 4  8.7  67    0    0 328 -398  0
4218500 2850500  9 13 21  15.8 1016 347  1.6 2  8.8  75    0    0 316 -391  0
4218500 2850500  9 13 22  14.9 1016  18  1.7 2  9.0  82    0    0 309 -388  0
4218500 2850500  9 13 23  14.4 1016   2  2.2 2  9.1  87    0    0 307 -384  0
4218500 2850500  9 13 24  13.6 1016  14  1.8 1  8.9  89    0    0 302 -381  0
4218500 2850500  9 14  1  13.0 1015   7  2.3 1  8.7  91    0    0 297 -378  0
4218500 2850500  9 14  2  12.2 1015  21  2.2 0  8.5  93    0    0 292 -374  0
4218500 2850500  9 14  3  12.0 1015 349  2.1 0  8.3  94    0    0 287 -371  0
4218500 2850500  9 14  4  11.8 1015 343  1.5 2  8.3  95    0    0 294 -369  0
4218500 2850500  9 14  5  12.1 1014 319  1.9 4  8.4  96    0    0 308 -367  0
4218500 2850500  9 14  6  12.3 1014 298  2.1 6  8.5  96    0    0 326 -366  0
4218500 2850500  9 14  7  13.1 1013 269  2.1 6  8.8  96    9   39 336 -366  0
4218500 2850500  9 14  8  14.3 1013 262  2.3 5  9.3  95   59  112 336 -371  0
4218500 2850500  9 14  9  16.9 1013 286  3.8 3  9.6  86  198  155 331 -385  0
4218500 2850500  9 14 10  19.1 1012 300  4.2 1  9.5  73  324  185 323 -402  0
4218500 2850500  9 14 11  19.2 1012 282  6.8 1  9.4  68  385  213 319 -420  0
4218500 2850500  9 14 12  18.2 1011 309  7.6 3  9.4  69  221  307 328 -435  0
4218500 2850500  9 14 13  17.4 1011 279  5.3 6  9.4  74   18  248 347 -445  0
4218500 2850500  9 14 14  17.6 1010 271  5.2 6  9.4  75   49  259 359 -451  0
4218500 2850500  9 14 15  17.2 1010 283  5.8 8  9.4  75    0   88 367 -451  0
4218500 2850500  9 14 16  16.1 1009 293  5.0 8 10.1  85    0   38 374 -447  0
4218500 2850500  9 14 17  16.6 1008 284  4.9 7 11.2  96    0   88 372 -440  0
4218500 2850500  9 14 18  16.7 1007 295  4.9 4 11.4  95    4   50 357 -431  0
4218500 2850500  9 14 19  16.6 1007 329  4.5 6 10.6  88    0    4 351 -421  0
4218500 2850500  9 14 20  15.2 1007 341  4.2 4  8.6  76    0    0 344 -412  0
4218500 2850500  9 14 21  14.3 1008 337  4.5 2  7.1  68    0    0 320 -408  0
4218500 2850500  9 14 22  13.2 1008 320  3.7 2  6.7  68    0    0 307 -407  0
4218500 2850500  9 14 23  13.1 1008 343  4.3 3  6.6  70    0    0 308 -407  0
4218500 2850500  9 14 24  11.8 1009 320  3.6 4  6.8  75    0    0 313 -402  0
4218500 2850500  9 15  1  11.6 1009 341  4.2 3  6.8  79    0    0 309 -396  0
4218500 2850500  9 15  2  11.4 1010 341  4.2 3  6.8  80    0    0 304 -390  0
4218500 2850500  9 15  3  10.8 1010 334  3.8 2  6.6  80    0    0 297 -383  0
4218500 2850500  9 15  4  10.3 1010 320  4.1 2  6.3  80    0    0 290 -376  0
4218500 2850500  9 15  5   9.7 1010 317  4.5 1  6.2  81    0    0 283 -374  0
4218500 2850500  9 15  6   9.5 1010 329  4.1 1  6.2  83    0    0 277 -373  0
4218500 2850500  9 15  7  10.2 1011 330  4.9 2  6.5  85   48   30 280 -374  0
4218500 2850500  9 15  8  11.9 1011 335  5.1 1  6.8  83  180   60 282 -379  0
4218500 2850500  9 15  9  14.0 1012 340  4.6 1  7.3  78  347   50 283 -387  0
4218500 2850500  9 15 10  15.5 1012 344  5.4 2  7.4  70  440   54 294 -398  0
4218500 2850500  9 15 11  16.3 1012 346  5.3 3  7.1  63  435  100 307 -410  0
4218500 2850500  9 15 12  17.0 1012 346  5.8 3  6.3  53  488  101 312 -416  0
4218500 2850500  9 15 13  17.8 1012 347  5.8 4  5.9  47  247  230 318 -421  0
4218500 2850500  9 15 14  18.1 1012 353  6.8 6  5.8  45   87  230 330 -427  0
4218500 2850500  9 15 15  18.0 1012 352  5.3 7  5.3  41   24  192 337 -427  0
4218500 2850500  9 15 16  17.7 1012   3  6.0 5  5.0  39   65  158 332 -423  0
4218500 2850500  9 15 17  17.1 1012   0  5.8 2  5.0  40  128   87 315 -417  0
4218500 2850500  9 15 18  15.3 1012  29  4.9 3  5.2  46   26   49 304 -407  0
4218500 2850500  9 15 19  14.3 1012  30  3.7 5  5.9  56    0    6 311 -395  0
4218500 2850500  9 15 20  14.0 1013  19  3.4 6  6.2  62    0    0 319 -385  0
4218500 2850500  9 15 21  13.3 1013   5  3.1 5  6.2  64    0    0 315 -378  0
4218500 2850500  9 15 22  11.6 1014 343  2.0 2  6.2  69    0    0 296 -372  0
4218500 2850500  9 15 23  10.3 1014 332  2.4 2  6.2  76    0    0 281 -366  0
4218500 2850500  9 15 24   9.6 1014 315  2.5 2  6.3  82    0    0 277 -363  0
4218500 2850500  9 16  1   8.2 1013 304  2.9 1  6.2  87    0    0 269 -360  0
4218500 2850500  9 16  2   8.7 1012 299  2.5 2  6.1  88    0    0 266 -357  0
4218500 2850500  9 16  3   7.8 1012 297  2.7 2  6.0  88    0    0 268 -355  0
4218500 2850500  9 16  4   7.7 1012 292  3.1 2  5.8  88    0    0 267 -353  0
4218500 2850500  9 16  5   7.5 1012 292  2.8 3  5.7  88    0    0 271 -353  0
4218500 2850500  9 16  6   7.3 1012 290  2.8 5  5.7  89    0    0 282 -352  0
4218500 2850500  9 16  7   8.4 1011 291  2.7 6  5.8  88    0   21 292 -353  0
4218500 2850500  9 16  8   9.5 1012 288  2.5 5  6.1  86   34  121 296 -358  0
4218500 2850500  9 16  9  11.1 1013 287  3.3 6  6.2  80   31  184 300 -369  0
4218500 2850500  9 16 10  12.4 1013 303  3.7 7  6.4  74   27  232 311 -383  0
4218500 2850500  9 16 11  14.5 1013 313  3.8 6  6.6  69  103  315 318 -397  0
4218500 2850500  9 16 12  15.2 1012 302  4.1 6  6.6  62  121  345 323 -409  0
4218500 2850500  9 16 13  15.4 1012 294  4.0 6  6.2  57   89  339 327 -415  0
4218500 2850500  9 16 14  15.7 1012 284  4.4 6  6.2  56   31  262 329 -418  0
4218500 2850500  9 16 15  15.7 1011 286  4.0 7  6.2  56   13  208 335 -419  0
4218500 2850500  9 16 16  15.7 1011 293  3.2 7  6.0  54   29  186 338 -418  0
4218500 2850500  9 16 17  15.8 1011 288  3.0 7  5.9  53   11  118 338 -413  0
4218500 2850500  9 16 18  15.2 1010 283  2.9 6  6.1  56    1   46 334 -408  0
4218500 2850500  9 16 19  14.3 1010 277  3.3 7  6.7  64    0    4 332 -399  0
4218500 2850500  9 16 20  13.7 1010 276  3.2 8  7.5  74    0    0 338 -391  0
4218500 2850500  9 16 21  13.0 1010 264  3.4 8  8.0  83    0    0 340 -387  0
4218500 2850500  9 16 22  12.6 1010 248  2.5 8  8.3  90    0    0 339 -384  0
4218500 2850500  9 16 23  12.7 1010 267  3.1 8  8.7  95    0    0 339 -381  0
4218500 2850500  9 16 24  12.6 1009 269  3.2 8  8.9  96    0    0 341 -382  0
4218500 2850500  9 17  1  12.9 1009 277  3.3 8  8.9  96    0    0 342 -385  0
4218500 2850500  9 17  2  13.0 1008 280  3.6 8  9.0  96    0    0 345 -386  0
4218500 2850500  9 17  3  12.7 1008 284  3.9 7  8.9  95    0    0 343 -386  0
4218500 2850500  9 17  4  12.9 1008 289  3.8 7  8.8  95    0    0 340 -386  0
4218500 2850500  9 17  5  13.1 1008 288  4.3 8  8.8  94    0    0 347 -386  0
4218500 2850500  9 17  6  12.9 1007 290  4.7 7  8.7  93    0    0 349 -385  0
4218500 2850500  9 17  7  13.0 1008 295  4.6 8  8.8  93    9   37 350 -386  0
4218500 2850500  9 17  8  13.2 1008 292  4.3 7  8.8  93    6   90 351 -389  0
4218500 2850500  9 17  9  13.3 1008 300  4.5 7  8.9  93    2  133 349 -394  0
4218500 2850500  9 17 10  14.0 1009 304  4.2 7  9.1  92    1  160 352 -403  0
4218500 2850500  9 17 11  14.5 1009 315  4.1 7  8.9  87    0  132 356 -413  0
4218500 2850500  9 17 12  15.9 1009 285  3.7 6  8.7  80   10  234 356 -421  0
4218500 2850500  9 17 13  16.6 1009 290  3.8 6  8.7  75   33  277 355 -420  0
4218500 2850500  9 17 14  17.5 1009 286  3.7 5  8.4  69   70  284 353 -416  0
4218500 2850500  9 17 15  17.6 1008 290  3.0 5  8.3  66   17  205 349 -417  0
4218500 2850500  9 17 16  17.2 1009 282  4.0 8  8.3  67    0  104 363 -413  0
4218500 2850500  9 17 17  17.2 1008 269  2.7 8  8.6  70    0   51 377 -408  0
4218500 2850500  9 17 18  16.1 1008 252  2.4 4  8.7  73    0   34 356 -406  0
4218500 2850500  9 17 19  14.2 1008 252  3.0 2  8.5  79    0    5 323 -402  0
4218500 2850500  9 17 20  15.2 1008 264  3.5 4  8.6  82    0    0 322 -399  0
4218500 2850500  9 17 21  15.5 1008 262  3.0 6  8.6  79    0    0 343 -397  0
4218500 2850500  9 17 22  15.7 1008 276  3.7 7  8.7  78    0    0 357 -394  0
4218500 2850500  9 17 23  15.4 1008 284  4.4 7  8.8  79    0    0 361 -392  0
4218500 2850500  9 17 24  14.6 1008 273  4.2 7  8.8  82    0    0 359 -393  0
4218500 2850500  9 18  1  14.2 1008 281  4.6 5  8.8  85    0    0 348 -392  0
4218500 2850500  9 18  2  14.2 1008 276  5.3 5  8.6  84    0    0 338 -391  0
4218500 2850500  9 18  3  13.6 1008 280  5.1 6  8.3  84    0    0 341 -390  0
4218500 2850500  9 18  4  13.6 1007 278  4.6 7  8.2  84    0    0 348 -388  0
4218500 2850500  9 18  5  13.6 1007 272  5.2 7  8.2  84    0    0 353 -384  0
4218500 2850500  9 18  6  12.5 1007 276  5.4 6  8.1  85    0    0 346 -379  0
4218500 2850500  9 18  7  13.4 1007 289  5.8 7  8.0  85    4   31 345 -375  0
4218500 2850500  9 18  8  13.6 1007 280  5.6 6  8.1  83   14   99 346 -377  0
4218500 2850500  9 18  9  14.2 1008 280  5.6 7  8.1  81   16  165 346 -384  0
4218500 2850500  9 18 10  15.1 1008 282  6.7 7  8.2  78   30  230 354 -394  0
4218500 2850500  9 18 11  15.4 1008 280  5.6 7  8.4  77   20  245 356 -404  0
4218500 2850500  9 18 12  15.7 1009 289  6.7 6  8.2  74   33  280 352 -415  0
4218500 2850500  9 18 13  17.2 1009 294  6.5 6  7.9  68    9  228 349 -424  0
4218500 2850500  9 18 14  16.8 1009 297  5.4 5  7.8  64   51  272 345 -431  0
4218500 2850500  9 18 15  17.3 1009 300  5.6 5  7.9  65   52  235 339 -432  0
4218500 2850500  9 18 16  17.4 1009 290  4.4 5  8.0  64   44  190 334 -429  0
4218500 2850500  9 18 17  16.9 1009 302  4.4 3  7.8  63   39  130 321 -423  0
4218500 2850500  9 18 18  15.7 1009 274  3.7 3  7.5  64   14   58 308 -413  0
4218500 2850500  9 18 19  14.3 1009 270  3.1 2  7.5  70    0    4 299 -401  0
4218500 2850500  9 18 20  13.6 1009 271  3.6 1  7.7  77    0    0 291 -390  0
4218500 2850500  9 18 21  12.7 1010 271  3.7 1  7.8  82    0    0 286 -384  0
4218500 2850500  9 18 22  12.5 1010 270  3.5 1  7.8  86    0    0 285 -379  0
4218500 2850500  9 18 23  13.3 1010 275  3.8 3  8.1  86    0    0 287 -374  0
4218500 2850500  9 18 24  13.9 1010 282  3.6 6  8.3  85    0    0 293 -371  0
4218500 2850500  9 19  1  13.9 1010 280  3.2 7  8.4  85    0    0 296 -368  0
4218500 2850500  9 19  2  13.6 1010 285  3.3 7  8.4  85    0    0 296 -365  0
4218500 2850500  9 19  3  12.3 1010 284  2.9 5  8.2  88    0    0 291 -363  0
4218500 2850500  9 19  4  11.2 1010 270  3.0 3  8.0  92    0    0 284 -361  0
4218500 2850500  9 19  5  11.6 1010 275  2.4 5  7.9  93    0    0 283 -359  0
4218500 2850500  9 19  6  11.5 1010 279  2.9 6  7.9  92    0    0 284 -357  0
4218500 2850500  9 19  7  11.6 1010 288  2.7 6  7.9  92    5   26 283 -357  0
4218500 2850500  9 19  8  12.1 1010 309  2.5 5  7.9  90   54   90 282 -361  0
4218500 2850500  9 19  9  13.9 1011 310  2.8 5  8.0  85  177  121 284 -374  0
4218500 2850500  9 19 10  14.3 1011 315  2.7 5  8.1  80  295  140 287 -391  0
4218500 2850500  9 19 11  15.6 1011 309  3.3 6  8.1  76  218  236 291 -407  0
4218500 2850500  9 19 12  16.7 1011 306  2.5 5  8.0  69  244  257 298 -422  0
4218500 2850500  9 19 13  17.4 1011 319  1.7 5  7.7  64  127  283 302 -434  0
4218500 2850500  9 19 14  18.0 1011 291  2.0 6  7.4  59   84  250 308 -441  0
4218500 2850500  9 19 15  18.6 1011 320  1.7 6  7.4  56   86  213 313 -442  0
4218500 2850500  9 19 16  17.8 1011 291  2.4 7  7.4  57   32  160 315 -438  0
4218500 2850500  9 19 17  17.5 1011 291  1.7 5  7.3  58   38  112 312 -430  0
4218500 2850500  9 19 18  16.4 1011 308  2.3 6  7.3  60    2   39 308 -418  0
4218500 2850500  9 19 19  15.0 1011 298  2.0 5  7.3  66    0    0 304 -404  0
4218500 2850500  9 19 20  13.5 1011 328  2.0 4  7.1  70    0    0 291 -395  0
4218500 2850500  9 19 21  14.5 1012 285  2.3 4  7.1  71    0    0 286 -389  0
4218500 2850500  9 19 22  13.3 1012 348  1.0 6  7.2  73    0    0 293 -384  0
4218500 2850500  9 19 23  14.0 1012 297  2.1 7  7.2  74    0    0 307 -380  0
4218500 2850500  9 19 24  13.3 1012 294  1.8 7  7.4  76    0    0 314 -376  0
4218500 2850500  9 20  1  13.3 1012 333  2.0 8  7.5  79    0    0 322 -373  0
4218500 2850500  9 20  2  13.4 1012 268  1.3 8  7.5  79    0    0 331 -370  0
4218500 2850500  9 20  3  13.0 1012 222  1.4 8  7.5  79    0    0 331 -368  0
4218500 2850500  9 20  4  13.0 1011 261  1.4 8  7.5  81    0    0 333 -367  0
4218500 2850500  9 20  5  12.6 1011 296  1.8 8  7.6  82    0    0 335 -367  0
4218500 2850500  9 20  6  12.9 1011 285  2.2 8  7.6  82    0    0 335 -365  0
4218500 2850500  9 20  7  13.0 1011 283  2.2 8  7.6  81    0   19 337 -364  0
4218500 2850500  9 20  8  13.3 1011 267  1.3 6  7.7  82    0   62 321 -369  0
4218500 2850500  9 20  9  13.7 1011 309  2.3 7  7.8  80    0  109 317 -382  0
4218500 2850500  9 20 10  13.9 1012 307  2.0 8  7.8  79    0  109 335 -400  0
4218500 2850500  9 20 11  14.9 1012 308  2.0 8  8.0  78    0  128 348 -416  0
4218500 2850500  9 20 12  16.5 1012 331  3.3 7  7.8  70   17  238 346 -428  0
4218500 2850500  9 20 13  17.2 1011 293  3.7 6  7.1  59   28  249 339 -436  0
4218500 2850500  9 20 14  16.2 1011 299  3.5 7  6.9  58    0  158 341 -439  0
4218500 2850500  9 20 15  16.8 1011 298  4.0 7  7.1  60    0  106 348 -439  0
4218500 2850500  9 20 16  16.7 1011 301  4.2 6  7.1  59   13  150 346 -434  0
4218500 2850500  9 20 17  15.9 1011 292  3.1 6  6.9  60    9  100 339 -427  0
4218500 2850500  9 20 18  15.4 1011 274  2.9 8  7.0  63    0   20 350 -417  0
4218500 2850500  9 20 19  14.5 1011 278  3.2 7  7.0  66    0    0 352 -406  0
4218500 2850500  9 20 20  14.3 1011 301  3.1 7  7.0  68    0    0 345 -395  0
4218500 2850500  9 20 21  13.9 1012 303  3.0 7  6.9  68    0    0 344 -388  0
4218500 2850500  9 20 22  13.4 1012 298  3.3 7  6.8  70    0    0 341 -383  0
4218500 2850500  9 20 23  13.3 1012 289  3.5 7  6.9  72    0    0 340 -381  0
4218500 2850500  9 20 24  12.9 1012 289  3.6 6  7.1  75    0    0 334 -380  0
4218500 2850500  9 21  1  12.3 1011 289  3.9 6  7.1  78    0    0 327 -380  0
4218500 2850500  9 21  2  12.1 1011 290  3.9 6  7.1  80    0    0 323 -381  0
4218500 2850500  9 21  3  12.0 1011 295  3.6 7  7.2  82    0    0 326 -381  0
4218500 2850500  9 21  4  11.7 1011 284  3.4 6  7.3  84    0    0 325 -382  0
4218500 2850500  9 21  5  11.2 1011 289  3.5 6  7.3  87    0    0 317 -382  0
4218500 2850500  9 21  6  11.0 1011 288  3.2 6  7.4  90    0    0 315 -381  0
4218500 2850500  9 21  7  11.6 1011 280  3.1 6  7.6  91    1   22 314 -379  0
4218500 2850500  9 21  8  12.5 1011 289  3.7 6  7.9  90   37  102 315 -380  0
4218500 2850500  9 21  9  13.1 1011 289  3.8 6  7.9  86   70  182 315 -386  0
4218500 2850500  9 21 10  14.6 1011 292  4.0 6  7.7  78   80  245 318 -395  0
4218500 2850500  9 21 11  15.7 1011 288  4.2 7  7.3  68   71  284 329 -404  0
4218500 2850500  9 21 12  15.4 1010 290  4.5 7  6.7  61   34  274 336 -412  0
4218500 2850500  9 21 13  15.7 1010 290  3.8 7  6.5  59   49  291 337 -418  0
4218500 2850500  9 21 14  16.0 1010 282  4.0 7  6.5  58   39  256 339 -420  0
4218500 2850500  9 21 15  15.9 1009 272  4.1 7  6.3  56   12  193 340 -419  0
4218500 2850500  9 21 16  15.1 1008 303  3.3 7  6.3  58    8  146 339 -416  0
4218500 2850500  9 21 17  14.5 1008 280  2.4 6  6.7  64    1   80 332 -411  0
4218500 2850500  9 21 18  13.7 1008 273  1.3 7  7.3  72    0   19 331 -404  0
4218500 2850500  9 21 19  12.4 1007 269  2.3 7  7.3  78    0    0 333 -397  0
4218500 2850500  9 21 20  11.7 1007 311  2.6 6  7.2  81    0    0 324 -393  0
4218500 2850500  9 21 21  11.4 1007 303  2.4 7  7.2  85    0    0 323 -389  0
4218500 2850500  9 21 22  11.5 1007 278  2.2 7  7.5  88    0    0 327 -385  0
4218500 2850500  9 21 23  11.3 1007 276  1.9 7  7.6  90    0    0 327 -381  0
4218500 2850500  9 21 24  11.5 1006 278  2.6 8  7.7  91    0    0 331 -375  0
4218500 2850500  9 22  1  11.3 1006 269  3.1 8  7.9  93    0    0 335 -368  0
4218500 2850500  9 22  2  10.9 1006 262  2.4 8  7.8  94    0    0 335 -362  0
4218500 2850500  9 22  3  10.9 1005 254  2.5 8  7.8  95    0    0 335 -356  0
4218500 2850500  9 22  4  10.7 1005 234  2.3 7  7.8  96    0    0 330 -351  0
4218500 2850500  9 22  5  10.6 1004 224  2.7 8  7.8  96    0    0 329 -348  0
4218500 2850500  9 22  6  10.4 1004 226  2.0 8  7.7  96    0    0 332 -345  0
4218500 2850500  9 22  7  10.7 1004 212  2.2 8  7.7  96    4   19 333 -343  0
4218500 2850500  9 22  8  10.9 1003 218  2.1 8  7.9  96    2   62 333 -345  0
4218500 2850500  9 22  9  11.1 1003 267  1.6 8  8.0  96    0   70 332 -354  0
4218500 2850500  9 22 10  11.3 1003 221  1.5 7  8.2  97    0  110 326 -367  0
4218500 2850500  9 22 11  12.1 1003 245  1.6 8  8.2  95    0  107 328 -381  0
4218500 2850500  9 22 12  12.2 1002 193  1.8 8  8.2  92    0   87 332 -392  0
4218500 2850500  9 22 13  11.9 1002 170  1.7 8  8.3  94    0   62 331 -398  0
4218500 2850500  9 22 14  12.4 1002 133  1.9 7  8.4  93    0  136 326 -400  0
4218500 2850500  9 22 15  12.3 1002  89  2.2 8  8.4  92    0   93 327 -400  0
4218500 2850500  9 22 16  11.7 1001 133  2.0 7  8.3  93    0   50 326 -396  0
4218500 2850500  9 22 17  11.8 1001  83  2.7 8  8.2  94    0   67 325 -389  0
4218500 2850500  9 22 18  11.6 1001  72  2.9 7  8.2  95    0   14 326 -379  0
4218500 2850500  9 22 19  11.5 1001  78  2.6 7  8.3  97    0    0 321 -368  0
4218500 2850500  9 22 20  11.0 1002  89  2.8 8  8.2  97    0    0 324 -361  0
4218500 2850500  9 22 21  10.8 1002  89  2.4 8  7.9  96    0    0 330 -361  0
4218500 2850500  9 22 22  10.8 1003  86  2.7 8  7.9  97    0    0 331 -359  0
4218500 2850500  9 22 23  10.9 1003  79  3.3 8  8.0  97    0    0 332 -356  0
4218500 2850500  9 22 24  10.8 1003  89  3.0 7  8.0  98    0    0 327 -353  0
4218500 2850500  9 23  1  10.4 1003  76  5.4 8  7.9  97    0    0 327 -352  0
4218500 2850500  9 23  2   9.6 1004  64  5.0 8  7.5  97    0    0 330 -351  0
4218500 2850500  9 23  3   9.2 1004  55  5.6 8  7.3  98    0    0 329 -351  0
4218500 2850500  9 23  4   8.8 1004  59  5.2 8  7.0  96    0    0 329 -352  0
4218500 2850500  9 23  5   8.3 1004  46  6.0 8  6.7  95    0    0 328 -353  0
4218500 2850500  9 23  6   7.6 1005  50  6.2 8  6.4  95    0    0 326 -353  0
4218500 2850500  9 23  7   7.1 1005  47  6.3 7  6.1  95    7   34 318 -352  0
4218500 2850500  9 23  8   6.7 1005  56  6.5 5  5.9  94    3   81 301 -352  0
4218500 2850500  9 23  9   6.5 1006  56  6.4 8  5.7  94    0   53 307 -359  0
4218500 2850500  9 23 10   6.3 1007  69  7.1 8  5.6  93    0   72 322 -369  0
4218500 2850500  9 23 11   6.5 1007  44  4.8 7  5.6  94    0   99 318 -375  0
4218500 2850500  9 23 12   6.4 1008  53  5.9 8  5.7  94    0  103 318 -371  0
4218500 2850500  9 23 13   6.3 1008  57  7.0 7  5.6  93    0  102 317 -369  0
4218500 2850500  9 23 14   6.6 1009  50  5.6 8  5.6  93    0   64 318 -373  0
4218500 2850500  9 23 15   6.9 1010  56  5.5 8  5.7  93    0   45 322 -373  0
4218500 2850500  9 23 16   6.8 1010  50  5.9 8  5.7  91    0   30 321 -367  0
4218500 2850500  9 23 17   6.7 1011  50  6.2 8  5.5  90    0   49 318 -362  0
4218500 2850500  9 23 18   7.2 1011  68  5.2 8  5.2  84    0   20 317 -359  0
4218500 2850500  9 23 19   7.3 1011  66  3.7 7  5.1  80    0    0 312 -356  0
4218500 2850500  9 23 20   7.3 1012  21  3.1 8  5.3  83    0    0 312 -355  0
4218500 2850500  9 23 21   7.9 1013  42  4.0 8  5.5  85    0    0 318 -354  0
4218500 2850500  9 23 22   8.3 1013  56  5.4 8  5.4  80    0    0 319 -354  0
4218500 2850500  9 23 23   7.9 1013  58  5.6 8  5.1  75    0    0 318 -353  0
4218500 2850500  9 23 24   6.9 1014  59  4.8 7  4.7  74    0    0 310 -352  0
4218500 2850500  9 24  1   6.2 1014  51  4.5 4  4.6  76    0    0 291 -352  0
4218500 2850500  9 24  2   5.3 1015  56  4.1 2  4.5  79    0    0 268 -351  0
4218500 2850500  9 24  3   4.7 1015  55  4.1 0  4.3  79    0    0 248 -351  0
4218500 2850500  9 24  4   4.4 1015  46  3.7 1  4.2  79    0    0 241 -350  0
4218500 2850500  9 24  5   3.6 1016  54  3.2 1  4.1  82    0    0 243 -350  0
4218500 2850500  9 24  6   3.6 1016  32  3.1 2  4.1  84    0    0 246 -349  0
4218500 2850500  9 24  7   4.1 1016  38  3.1 1  4.2  84   22   25 247 -346  0
4218500 2850500  9 24  8   6.2 1016  46  3.4 1  4.3  79  143   46 245 -344  0
4218500 2850500  9 24  9   8.6 1017  48  4.3 0  4.3  67  286   58 246 -348  0
4218500 2850500  9 24 10  10.2 1017  52  5.2 1  4.1  56  395   81 251 -358  0
4218500 2850500  9 24 11  11.5 1017  49  4.7 1  4.3  54  476   97 261 -370  0
4218500 2850500  9 24 12  12.6 1018  39  4.7 1  4.7  54  553   57 266 -381  0
4218500 2850500  9 24 13  13.4 1017  60  5.4 2  4.9  53  391  146 275 -389  0
4218500 2850500  9 24 14  13.1 1016  43  5.2 3  4.7  50  216  213 286 -392  0
4218500 2850500  9 24 15  13.0 1016  44  5.4 4  4.5  48  141  191 296 -392  0
4218500 2850500  9 24 16  13.4 1015  40  5.3 3  4.7  50   95  145 298 -388  0
4218500 2850500  9 24 17  12.3 1015  37  3.5 2  4.9  53   70   88 289 -380  0
4218500 2850500  9 24 18  11.5 1015  37  3.3 2  4.8  56   10   34 282 -368  0
4218500 2850500  9 24 19   9.3 1015  17  2.4 1  5.0  63    0    0 273 -356  0
4218500 2850500  9 24 20   7.6 1014  22  2.6 1  5.2  76    0    0 263 -348  0
4218500 2850500  9 24 21   7.2 1014  35  2.6 1  5.4  84    0    0 260 -343  0
4218500 2850500  9 24 22   6.8 1013  37  2.4 1  5.2  84    0    0 257 -339  0
4218500 2850500  9 24 23   5.8 1013  15  2.0 1  5.1  85    0    0 253 -337  0
4218500 2850500  9 24 24   5.9 1013   6  2.3 0  5.1  88    0    0 246 -334  0
4218500 2850500  9 25  1   4.4 1013  38  1.9 0  4.9  90    0    0 236 -330  0
4218500 2850500  9 25  2   3.9 1012  49  2.2 0  4.8  94    0    0 232 -326  0
4218500 2850500  9 25  3   3.8 1012  45  1.8 0  4.8  95    0    0 231 -327  0
4218500 2850500  9 25  4   3.4 1011  47  1.5 1  4.8  97    0    0 235 -328  0
4218500 2850500  9 25  5   2.9 1011  29  1.1 1  4.7  99    0    0 240 -326  0
4218500 2850500  9 25  6   2.1 1010  57  0.9 1  4.5 100    0    0 236 -325  0
4218500 2850500  9 25  7   2.6 1010 124  0.5 1  4.5 100   21   22 234 -324  0
4218500 2850500  9 25  8   6.0 1010 287  1.0 0  5.2 100  124   53 233 -327  0
4218500 2850500  9 25  9   8.9 1010 248  1.2 1  5.8  89  204   75 240 -336  0
4218500 2850500  9 25 10  12.2 1011 248  1.9 2  5.5  69  345   88 259 -351  0
4218500 2850500  9 25 11  12.9 1010 287  2.4 1  5.0  55  431   89 263 -368  0
4218500 2850500  9 25 12  14.0 1010 244  3.0 1  4.7  48  459  105 259 -383  0
4218500 2850500  9 25 13  14.7 1010 279  3.1 1  4.7  46  419  133 262 -395  0
4218500 2850500  9 25 14  14.9 1009 263  3.5 1  5.1  49  355  134 264 -402  0
4218500 2850500  9 25 15  14.9 1008 275  3.6 3  5.4  51  240  148 276 -403  0
4218500 2850500  9 25 16  14.5 1008 292  4.2 3  5.7  54  130  130 288 -399  0
4218500 2850500  9 25 17  13.5 1007 291  2.9 5  5.9  59   53   85 298 -393  0
4218500 2850500  9 25 18  12.5 1007 271  2.3 6  6.2  66    2   27 314 -386  0
4218500 2850500  9 25 19  12.1 1007 285  3.1 7  6.7  74    0    0 325 -380  0
4218500 2850500  9 25 20  11.2 1008 276  3.0 7  7.1  82    0    0 330 -377  0
4218500 2850500  9 25 21  10.7 1008 269  3.1 7  7.2  88    0    0 327 -375  0
4218500 2850500  9 25 22  10.8 1007 278  3.2 7  7.4  91    0    0 327 -374  0
4218500 2850500  9 25 23  10.8 1007 269  3.2 7  7.5  92    0    0 328 -372  0
4218500 2850500  9 25 24  10.9 1007 251  2.9 7  7.5  92    0    0 330 -372  0
4218500 2850500  9 26  1  10.7 1007 244  2.8 8  7.5  93    0    0 339 -372  0
4218500 2850500  9 26  2  10.7 1006 245  2.6 8  7.6  94    0    0 348 -373  0
4218500 2850500  9 26  3  10.5 1006 234  2.6 8  7.6  94    0    0 350 -373  0
4218500 2850500  9 26  4  10.6 1006 239  2.6 6  7.6  95    0    0 339 -372  0
4218500 2850500  9 26  5  10.5 1005 242  2.8 8  7.7  97    0    0 342 -372  0
4218500 2850500  9 26  6  10.7 1005 245  2.2 8  7.9  98    0    0 358 -372  0
4218500 2850500  9 26  7  11.4 1005 276  2.4 7  8.1  98    0    2 354 -370  0
4218500 2850500  9 26  8  12.1 1005 290  2.7 7  8.5  97    2   67 352 -370  0
4218500 2850500  9 26  9  12.7 1006 304  3.5 7  8.6  94    0  105 354 -374  0
4218500 2850500  9 26 10  13.1 1006 300  3.3 7  8.4  89    0   91 354 -383  0
4218500 2850500  9 26 11  13.2 1006 291  3.6 7  8.3  87    0  109 352 -394  0
4218500 2850500  9 26 12  13.2 1006 315  3.6 8  8.4  88    0  159 358 -395  0
4218500 2850500  9 26 13  13.8 1006 289  3.2 8  8.4  86    0  129 363 -390  0
4218500 2850500  9 26 14  13.7 1006 291  4.3 7  8.0  81    6  198 357 -386  0
4218500 2850500  9 26 15  14.4 1006 299  5.1 6  7.6  76    6  174 345 -386  0
4218500 2850500  9 26 16  13.5 1006 289  4.2 7  7.5  74    0   88 344 -385  0
4218500 2850500  9 26 17  13.4 1006 280  4.9 7  7.6  79    0   56 349 -381  0
4218500 2850500  9 26 18  12.9 1007 287  4.1 7  7.6  80    0   21 348 -376  0
4218500 2850500  9 26 19  12.3 1007 262  3.8 7  7.5  82    0    0 347 -373  0
4218500 2850500  9 26 20  12.1 1007 278  4.3 7  7.5  84    0    0 346 -371  0
4218500 2850500  9 26 21  11.9 1007 278  4.0 6  7.6  86    0    0 340 -369  0
4218500 2850500  9 26 22  11.9 1007 289  5.2 7  7.6  87    0    0 340 -365  0
4218500 2850500  9 26 23  11.6 1007 298  4.5 7  7.7  89    0    0 345 -361  0
4218500 2850500  9 26 24  11.4 1007 349  4.4 7  7.9  93    0    0 343 -359  0
4218500 2850500  9 27  1  10.9 1008   6  4.5 8  7.7  92    0    0 345 -357  0
4218500 2850500  9 27  2   9.8 1008   1  4.4 7  7.1  90    0    0 341 -352  0
4218500 2850500  9 27  3   9.4 1009 352  3.7 5  6.7  90    0    0 321 -347  0
4218500 2850500  9 27  4   8.7 1009 340  3.5 5  6.6  92    0    0 308 -343  0
4218500 2850500  9 27  5   8.4 1010 335  3.7 4  6.6  95    0    0 301 -340  0
4218500 2850500  9 27  6   8.0 1009 332  3.6 3  6.5  96    0    0 289 -338  0
4218500 2850500  9 27  7   7.8 1010 338  4.0 2  6.2  94   13   21 275 -336  0
4218500 2850500  9 27  8   8.4 1011 340  3.9 3  6.0  89   81   63 272 -337  0
4218500 2850500  9 27  9   8.1 1012 341  4.9 5  5.8  86   30  145 286 -344  0
4218500 2850500  9 27 10   9.1 1012 343  4.6 7  5.8  83    3  149 306 -356  0
4218500 2850500  9 27 11  10.7 1014 354  4.5 6  6.0  79   42  233 314 -368  0
4218500 2850500  9 27 12  11.4 1014 342  4.5 5  6.3  77  193  244 309 -378  0
4218500 2850500  9 27 13  11.8 1015 349  4.2 5  6.3  74  189  247 307 -385  0
4218500 2850500  9 27 14  12.4 1015 340  4.1 6  6.1  69   14  204 313 -389  0
4218500 2850500  9 27 15  12.7 1015 336  4.3 7  6.1  68    5  159 324 -390  0
4218500 2850500  9 27 16  11.1 1016   3  3.3 4  6.3  73   49  149 313 -387  0
4218500 2850500  9 27 17  12.2 1016 328  4.1 4  6.2  73    7   86 298 -380  0
4218500 2850500  9 27 18  10.7 1017 346  4.0 5  6.0  72    4   29 303 -371  0
4218500 2850500  9 27 19   9.7 1016 351  3.0 6  6.2  81    0    0 310 -363  0
4218500 2850500  9 27 20   9.9 1017 353  2.9 5  6.4  86    0    0 308 -359  0
4218500 2850500  9 27 21   9.2 1018 359  2.7 4  6.4  87    0    0 298 -356  0
4218500 2850500  9 27 22   9.2 1018 360  2.5 4  6.4  89    0    0 293 -354  0
4218500 2850500  9 27 23   8.4 1019 354  2.4 4  6.2  88    0    0 294 -354  0
4218500 2850500  9 27 24   7.4 1019 343  2.8 2  5.9  90    0    0 282 -353  0
4218500 2850500  9 28  1   7.2 1019 354  2.5 2  5.8  92    0    0 271 -352  0
4218500 2850500  9 28  2   6.4 1020 356  1.7 1  5.6  92    0    0 265 -350  0
4218500 2850500  9 28  3   5.9 1020 324  1.7 1  5.5  94    0    0 259 -348  0
4218500 2850500  9 28  4   4.6 1020 324  1.7 0  5.3  96    0    0 251 -346  0
4218500 2850500  9 28  5   4.2 1020 323  2.1 0  5.0  98    0    0 242 -344  0
4218500 2850500  9 28  6   3.6 1020 314  2.1 0  5.0  99    0    0 239 -341  0
4218500 2850500  9 28  7   3.9 1021 269  1.7 2  4.9  99   11   22 249 -339  0
4218500 2850500  9 28  8   6.4 1021 276  1.5 0  5.2  96  106   59 251 -340  0
4218500 2850500  9 28  9   9.0 1022 276  1.9 1  5.6  86  237   76 253 -348  0
4218500 2850500  9 28 10  10.7 1022 302  2.4 3  5.7  75  296  110 277 -360  0
4218500 2850500  9 28 11  11.7 1022 281  2.9 5  5.5  67   90  244 305 -374  0
4218500 2850500  9 28 12  12.4 1022 283  3.6 5  5.3  61  141  259 320 -388  0
4218500 2850500  9 28 13  12.7 1023 265  3.4 5  5.2  58  149  257 321 -398  0
4218500 2850500  9 28 14  13.1 1023 270  3.7 6  5.2  57   78  240 328 -403  0
4218500 2850500  9 28 15  12.7 1023 271  3.4 7  5.2  57   13  176 338 -403  0
4218500 2850500  9 28 16  12.9 1022 268  3.4 6  5.2  57    5  124 338 -399  0
4218500 2850500  9 28 17  12.6 1022 249  3.0 5  5.2  58   15   91 328 -390  0
4218500 2850500  9 28 18  11.9 1022 249  2.1 7  5.3  61    0   20 332 -378  0
4218500 2850500  9 28 19  11.3 1021 230  2.2 7  5.5  65    0    0 339 -366  0
4218500 2850500  9 28 20  11.3 1022 214  2.7 7  5.5  67    0    0 337 -357  0
4218500 2850500  9 28 21  10.8 1022 240  2.7 7  5.7  70    0    0 336 -352  0
4218500 2850500  9 28 22  10.6 1022 254  2.3 7  5.9  75    0    0 336 -347  0
4218500 2850500  9 28 23  10.6 1022 248  2.3 7  6.2  79    0    0 334 -343  0
4218500 2850500  9 28 24  10.5 1022 243  2.0 7  6.5  82    0    0 333 -340  0
4218500 2850500  9 29  1  10.5 1022 229  2.0 7  6.6  84    0    0 331 -338  0
4218500 2850500  9 29  2  10.2 1022 233  2.1 7  6.6  85    0    0 331 -336  0
4218500 2850500  9 29  3  10.2 1022 237  2.2 7  6.7  87    0    0 332 -334  0
4218500 2850500  9 29  4  10.3 1022 259  2.0 7  6.8  89    0    0 332 -334  0
4218500 2850500  9 29  5  10.2 1022 253  1.7 7  6.9  90    0    0 332 -335  0
4218500 2850500  9 29  6  10.4 1022 271  2.0 8  7.1  92    0    0 337 -336  0
4218500 2850500  9 29  7  10.8 1022 276  1.9 8  7.4  94    3   15 343 -336  0
4218500 2850500  9 29  8  11.1 1023 288  2.5 8  7.7  95   16   70 343 -340  0
4218500 2850500  9 29  9  11.5 1023 259  2.1 8  7.9  96   11  121 344 -350  0
4218500 2850500  9 29 10  12.1 1023 238  1.9 8  8.1  94    9  162 344 -365  0
4218500 2850500  9 29 11  13.0 1025 248  2.1 8  8.2  91   21  201 345 -379  0
4218500 2850500  9 29 12  14.7 1025 279  1.2 7  8.1  83  100  228 342 -392  0
4218500 2850500  9 29 13  16.1 1025 304  1.6 7  7.8  72  140  214 339 -401  0
4218500 2850500  9 29 14  15.9 1025 268  1.6 6  7.3  65    8  178 334 -408  0
4218500 2850500  9 29 15  15.9 1025 251  1.0 7  7.2  65    0  126 331 -411  0
4218500 2850500  9 29 16  15.6 1024 248  0.8 8  7.2  65    0   67 336 -409  0
4218500 2850500  9 29 17  15.2 1024 270  1.5 7  7.2  66    0   57 335 -403  0
4218500 2850500  9 29 18  14.0 1024 323  1.9 7  7.4  72    0   18 329 -392  0
4218500 2850500  9 29 19  13.5 1024 321  1.1 7  7.5  77    0    0 325 -381  0
4218500 2850500  9 29 20  12.8 1025 295  1.3 6  7.6  81    0    0 317 -374  0
4218500 2850500  9 29 21  12.6 1025 244  1.3 7  7.7  85    0    0 315 -368  0
4218500 2850500  9 29 22  12.3 1025 289  1.4 7  7.8  88    0    0 317 -364  0
4218500 2850500  9 29 23  12.2 1024 297  1.5 6  7.9  89    0    0 311 -361  0
4218500 2850500  9 29 24  12.5 1025 204  2.1 5  7.8  88    0    0 304 -359  0
4218500 2850500  9 30  1  11.8 1024 242  1.5 6  7.8  89    0    0 303 -358  0
4218500 2850500  9 30  2  11.6 1024 247  2.0 6  7.7  91    0    0 304 -357  0
4218500 2850500  9 30  3  11.5 1024 255  2.1 6  7.6  91    0    0 304 -355  0
4218500 2850500  9 30  4  10.5 1024 299  1.3 6  7.4  92    0    0 301 -354  0
4218500 2850500  9 30  5   9.9 1024 289  1.6 7  7.2  94    0    0 300 -353  0
4218500 2850500  9 30  6   9.3 1023 291  1.7 6  7.1  96    0    0 297 -352  0
4218500 2850500  9 30  7   9.6 1023 201  2.0 7  7.0  96    8   19 295 -351  0
4218500 2850500  9 30  8  10.7 1023 197  1.2 7  7.3  95   95   55 300 -353  0
4218500 2850500  9 30  9  13.8 1024 337  0.6 4  7.4  84  211   74 294 -361  0
4218500 2850500  9 30 10  16.0 1025 227  3.0 3  7.0  67  305   92 287 -374  0
4218500 2850500  9 30 11  16.9 1025 229  1.2 3  6.4  56  330  133 289 -391  0
4218500 2850500  9 30 12  17.3 1025 217  3.4 4  6.1  51  289  190 294 -406  0
4218500 2850500  9 30 13  17.8 1024 237  3.4 4  6.0  48  243  216 299 -417  0
4218500 2850500  9 30 14  17.6 1024 215  3.7 4  5.6  45  115  234 299 -424  0
4218500 2850500  9 30 15  16.8 1023 216  4.0 7  5.4  45    0  121 304 -426  0
4218500 2850500  9 30 16  16.0 1023 218  2.9 5  5.7  49    1  104 304 -423  0
4218500 2850500  9 30 17  15.8 1022 207  2.1 6  6.0  54    2   73 301 -415  0
4218500 2850500  9 30 18  14.9 1022 191  1.6 7  6.1  57    0   14 303 -403  0
4218500 2850500  9 30 19  13.3 1022 187  1.6 6  6.4  64    0    0 300 -391  0
4218500 2850500  9 30 20  12.7 1022 215  0.9 6  6.6  71    0    0 295 -384  0
4218500 2850500  9 30 21  11.8 1022 196  0.7 6  6.7  76    0    0 293 -380  0
4218500 2850500  9 30 22  11.1 1021 188  0.8 5  6.7  80    0    0 290 -375  0
4218500 2850500  9 30 23  10.4 1021 233  0.5 5  6.6  83    0    0 286 -372  0
4218500 2850500  9 30 24   9.5 1021 192  0.4 3  6.5  86    0    0 282 -369  0
4218500 2850500 10  1  1  10.0 1020 182  0.9 4  6.9  90    0    0 284 -366  0
4218500 2850500 10  1  2   9.4 1020 329  0.1 4  6.8  92    0    0 283 -365  0
4218500 2850500 10  1  3   9.6 1020 259  0.2 5  7.1  96    0    0 284 -363  0
4218500 2850500 10  1  4   8.8 1020 222  0.6 5  7.1  98    0    0 284 -361  0
4218500 2850500 10  1  5   8.2 1020 355  0.2 3  6.6  96    0    0 279 -360  0
4218500 2850500 10  1  6   7.9 1020 349  0.3 3  6.4  97    0    0 275 -358  0
4218500 2850500 10  1  7   8.5 1020 210  0.5 4  6.5  96    6   13 277 -357  0
4218500 2850500 10  1  8  10.4 1020 355  0.2 3  7.1  96   76   68 281 -359  0
4218500 2850500 10  1  9  13.4 1021 270  1.0 2  7.4  86  192  110 285 -367  0
4218500 2850500 10  1 10  15.3 1021 266  1.1 3  7.1  70  286  139 292 -381  0
4218500 2850500 10  1 11  17.1 1021 232  0.6 3  6.9  61  361  156 298 -397  0
4218500 2850500 10  1 12  18.1 1021 263  0.8 4  6.7  54  360  170 304 -412  0
4218500 2850500 10  1 13  18.1 1021 272  1.9 5  6.7  52  256  218 310 -422  0
4218500 2850500 10  1 14  18.0 1020 203  1.7 6  6.8  53  177  224 315 -428  0
4218500 2850500 10  1 15  18.2 1020 189  0.9 6  6.7  52  174  177 318 -430  0
4218500 2850500 10  1 16  17.9 1020 169  0.9 6  6.8  53  118  124 317 -426  0
4218500 2850500 10  1 17  17.6 1019   4  0.6 7  6.9  54   20   69 317 -418  0
4218500 2850500 10  1 18  16.4 1019 171  1.5 7  6.9  58    0    2 316 -407  0
4218500 2850500 10  1 19  14.6 1019 145  2.0 5  7.1  65    0    0 307 -395  0
4218500 2850500 10  1 20  12.3 1019 168  1.8 5  7.1  75    0    0 298 -387  0
4218500 2850500 10  1 21  11.1 1020 172  1.4 4  7.1  84    0    0 291 -381  0
4218500 2850500 10  1 22  10.4 1019 166  1.7 4  7.1  89    0    0 285 -377  0
4218500 2850500 10  1 23  10.1 1019 152  1.6 5  7.0  91    0    0 285 -372  0
4218500 2850500 10  1 24   9.6 1019 119  1.7 5  7.0  93    0    0 285 -368  0
4218500 2850500 10  2  1   8.6 1019 126  1.8 3  6.8  94    0    0 278 -364  0
4218500 2850500 10  2  2   7.5 1019 130  1.4 2  6.4  95    0    0 268 -361  0
4218500 2850500 10  2  3   7.0 1019 130  2.0 1  6.1  97    0    0 260 -358  0
4218500 2850500 10  2  4   6.6 1019 130  1.7 2  6.0  97    0    0 259 -356  0
4218500 2850500 10  2  5   6.8 1019 130  1.9 3  5.9  98    0    0 261 -354  0
4218500 2850500 10  2  6   6.6 1019 125  2.0 4  5.9  98    0    0 265 -352  0
4218500 2850500 10  2  7   7.4 1019 117  2.1 6  6.1  98    3   12 271 -352  0
4218500 2850500 10  2  8   9.3 1019 106  1.2 6  6.6  97   47   60 278 -354  0
4218500 2850500 10  2  9  12.8 1020 138  1.2 5  7.3  89  139  110 282 -362  0
4218500 2850500 10  2 10  15.5 1020 136  2.1 4  7.2  72  276  130 287 -378  0
4218500 2850500 10  2 11  16.9 1020 143  2.6 3  6.9  61  350  148 289 -397  0
4218500 2850500 10  2 12  18.2 1020 147  2.5 3  6.7  54  393  157 292 -414  0
4218500 2850500 10  2 13  18.7 1020 161  2.6 3  6.7  51  384  162 296 -427  0
4218500 2850500 10  2 14  19.0 1019 174  2.6 3  6.7  50  326  161 297 -434  0
4218500 2850500 10  2 15  18.6 1019 182  2.0 4  6.9  51  235  142 299 -435  0
4218500 2850500 10  2 16  17.7 1018 134  1.3 5  7.1  55  106  127 302 -431  0
4218500 2850500 10  2 17  16.6 1018 108  1.9 6  7.2  60   38   70 303 -422  0
4218500 2850500 10  2 18  14.4 1018 130  2.2 7  7.4  67    1   14 303 -409  0
4218500 2850500 10  2 19  13.2 1018 137  2.0 7  7.4  75    0    0 300 -399  0
4218500 2850500 10  2 20  11.8 1018 153  2.0 6  7.4  82    0    0 295 -391  0
4218500 2850500 10  2 21  10.5 1017 155  1.6 6  7.4  90    0    0 291 -386  0
4218500 2850500 10  2 22  10.2 1017 145  1.9 5  7.3  93    0    0 288 -383  0
4218500 2850500 10  2 23   9.8 1016 158  2.1 5  7.3  95    0    0 287 -381  0
4218500 2850500 10  2 24   9.7 1016 162  2.1 7  7.2  96    0    0 291 -380  0
4218500 2850500 10  3  1   9.8 1016 153  2.2 7  7.2  96    0    0 297 -378  0
4218500 2850500 10  3  2   9.8 1016 165  2.3 7  7.2  96    0    0 301 -375  0
4218500 2850500 10  3  3   9.2 1015 156  2.2 6  7.1  96    0    0 301 -374  0
4218500 2850500 10  3  4   9.1 1015 163  2.2 4  6.9  96    0    0 299 -372  0
4218500 2850500 10  3  5   8.7 1014 169  1.9 4  6.9  97    0    0 298 -371  0
4218500 2850500 10  3  6   8.2 1014 150  1.5 5  6.7  97    0    0 301 -370  0
4218500 2850500 10  3  7   8.3 1014 175  1.9 6  6.6  97    8   13 305 -370  0
4218500 2850500 10  3  8   9.2 1014 213  1.5 7  6.8  97   19   59 313 -372  0
4218500 2850500 10  3  9  10.3 1015 211  1.3 6  7.2  96   73  118 319 -380  0
4218500 2850500 10  3 10  13.7 1015 256  1.5 3  7.4  84  267  129 326 -393  0
4218500 2850500 10  3 11  16.0 1015 271  2.3 2  7.2  69  344  143 337 -406  0
4218500 2850500 10  3 12  17.8 1015 248  3.5 2  7.3  61  389  152 345 -412  0
4218500 2850500 10  3 13  18.9 1014 265  3.1 2  7.8  59  375  162 351 -410  0
4218500 2850500 10  3 14  19.2 1014 267  4.2 2  8.1  59  311  158 353 -400  0
4218500 2850500 10  3 15  19.0 1013 263  3.1 3  7.9  57  163  178 352 -389  0
4218500 2850500 10  3 16  18.5 1013 268  3.0 5  8.2  61   80  132 357 -384  0
4218500 2850500 10  3 17  17.8 1013 273  2.1 6  8.7  67   26   67 360 -382  0
4218500 2850500 10  3 18  16.2 1013 254  2.7 6  9.0  74    0   11 357 -380  0
4218500 2850500 10  3 19  15.5 1013 273  2.7 6  9.1  81    0    0 350 -380  0
4218500 2850500 10  3 20  15.0 1013 273  2.7 7  9.3  85    0    0 353 -381  0
4218500 2850500 10  3 21  14.4 1013 270  3.3 6  9.3  88    0    0 351 -382  0
4218500 2850500 10  3 22  14.4 1013 275  3.1 7  9.3  90    0    0 350 -382  0
4218500 2850500 10  3 23  14.0 1013 275  3.0 7  9.3  91    0    0 356 -382  0
4218500 2850500 10  3 24  13.5 1013 282  2.5 7  9.2  93    0    0 354 -382  0
4218500 2850500 10  4  1  13.1 1013 265  2.4 7  9.1  95    0    0 352 -379  0
4218500 2850500 10  4  2  12.9 1013 265  2.6 7  8.8  94    0    0 351 -376  0
4218500 2850500 10  4  3  13.2 1013 257  2.2 8  8.8  94    0    0 360 -373  0
4218500 2850500 10  4  4  13.8 1012 276  3.5 8  9.2  95    0    0 370 -372  0
4218500 2850500 10  4  5  13.8 1012 301  4.2 7  9.4  95    0    0 365 -373  0
4218500 2850500 10  4  6  13.4 1012 289  4.9 8  9.1  94    0    0 366 -372  0
4218500 2850500 10  4  7  12.7 1013 291  5.2 7  8.5  91    1    8 366 -368  0
4218500 2850500 10  4  8  12.5 1013 282  5.8 7  8.0  88   41   54 357 -366  0
4218500 2850500 10  4  9  13.0 1014 296  6.0 6  7.9  86  119  105 352 -370  0
4218500 2850500 10  4 10  14.1 1014 293  6.2 6  7.8  80  178  130 349 -378  0
4218500 2850500 10  4 11  14.5 1014 303  6.9 6  7.1  70  112  223 352 -387  0
4218500 2850500 10  4 12  15.6 1014 305  6.9 5  6.5  61  175  230 345 -393  0
4218500 2850500 10  4 13  16.2 1015 299  6.6 4  6.9  61  117  239 332 -397  0
4218500 2850500 10  4 14  16.4 1014 306  5.2 4  7.2  63   67  216 327 -401  0
4218500 2850500 10  4 15  15.9 1014 295  6.2 6  6.8  59    7  144 337 -402  0
4218500 2850500 10  4 16  15.6 1014 300  4.8 4  6.5  58   86  123 332 -401  0
4218500 2850500 10  4 17  12.9 1014 257  3.4 5  6.8  67    9   63 319 -396  0
4218500 2850500 10  4 18  12.2 1014 256  3.7 5  7.2  79    0    2 319 -389  0
4218500 2850500 10  4 19  11.4 1014 271  4.0 4  7.2  84    0    0 309 -383  0
4218500 2850500 10  4 20  11.1 1015 267  4.1 3  7.2  87    0    0 298 -377  0
4218500 2850500 10  4 21  10.9 1015 274  4.8 3  7.2  88    0    0 292 -371  0
4218500 2850500 10  4 22  10.9 1015 279  4.8 2  7.1  87    0    0 287 -367  0
4218500 2850500 10  4 23  10.9 1015 279  5.2 2  7.1  87    0    0 282 -363  0
4218500 2850500 10  4 24  10.6 1015 273  5.3 1  7.1  88    0    0 276 -360  0
4218500 2850500 10  5  1  10.5 1015 271  5.2 0  7.0  88    0    0 263 -356  0
4218500 2850500 10  5  2   9.9 1015 270  5.5 1  6.8  88    0    0 261 -354  0
4218500 2850500 10  5  3   9.8 1015 272  5.2 1  6.7  88    0    0 263 -352  0
4218500 2850500 10  5  4   9.6 1014 272  5.3 1  6.7  89    0    0 259 -351  0
4218500 2850500 10  5  5   9.8 1014 271  5.4 2  6.8  91    0    0 262 -350  0
4218500 2850500 10  5  6   9.6 1014 280  5.9 4  6.8  91    0    0 277 -349  0
4218500 2850500 10  5  7   9.8 1014 273  5.8 4  6.8  91    3   13 285 -348  0
4218500 2850500 10  5  8  10.6 1014 272  5.9 4  6.9  90   73   61 286 -348  0
4218500 2850500 10  5  9  11.3 1014 279  6.5 3  7.0  86  189   96 283 -353  0
4218500 2850500 10  5 10  13.1 1014 279  6.7 2  7.1  80  296  118 275 -362  0
4218500 2850500 10  5 11  13.8 1014 284  6.6 3  7.1  74  213  201 279 -375  0
4218500 2850500 10  5 12  14.4 1013 272  6.1 4  7.0  69  112  255 293 -387  0
4218500 2850500 10  5 13  14.4 1013 273  6.4 5  6.9  67   76  246 307 -396  0
4218500 2850500 10  5 14  12.8 1012 254  3.7 5  7.0  72   20  193 310 -401  0
4218500 2850500 10  5 15  13.5 1011 228  4.4 6  7.0  74    5  143 314 -402  0
4218500 2850500 10  5 16  13.4 1010 224  3.8 7  6.9  71    0   87 326 -399  0
4218500 2850500 10  5 17  13.3 1009 208  4.0 7  6.9  72    0   41 331 -393  0
4218500 2850500 10  5 18  12.7 1008 217  5.7 8  7.1  75    0    5 337 -387  0
4218500 2850500 10  5 19  10.9 1008 203  4.7 8  7.4  85    0    0 340 -382  0
4218500 2850500 10  5 20  10.7 1007 205  4.9 8  7.7  95    0    0 338 -378  0
4218500 2850500 10  5 21  10.7 1006 213  4.8 8  7.8  97    0    0 340 -375  0
4218500 2850500 10  5 22  10.7 1005 215  4.0 8  7.9  97    0    0 341 -373  0
4218500 2850500 10  5 23  10.9 1004 221  4.3 8  8.0  98    0    0 344 -372  0
4218500 2850500 10  5 24  11.1 1003 218  4.1 8  8.1  97    0    0 346 -372  0
4218500 2850500 10  6  1  11.7 1002 249  4.1 8  8.3  97    0    0 347 -371  0
4218500 2850500 10  6  2  11.9 1001 255  4.7 8  8.5  97    0    0 350 -370  0
4218500 2850500 10  6  3  11.9 1001 250  4.4 8  8.5  97    0    0 350 -369  0
4218500 2850500 10  6  4  11.9 1000 253  4.1 8  8.5  97    0    0 351 -368  0
4218500 2850500 10  6  5  11.8  999 244  3.2 8  8.5  97    0    0 353 -367  0
4218500 2850500 10  6  6  11.8  999 247  3.6 8  8.5  97    0    0 354 -365  0
4218500 2850500 10  6  7  11.8  998 259  3.6 8  8.5  97    0    7 355 -363  0
4218500 2850500 10  6  8  11.9  998 268  3.2 8  8.6  97    0   18 356 -362  0
4218500 2850500 10  6  9  11.2  998  28  6.0 7  8.2  96    6   99 348 -362  0
4218500 2850500 10  6 10  10.2  999  30  6.5 8  7.7  94    0   79 346 -364  0
4218500 2850500 10  6 11   9.8 1000  28  6.1 7  7.2  93    0   85 344 -368  0
4218500 2850500 10  6 12   9.9 1000  20  6.2 7  7.1  92    0  143 337 -372  0
4218500 2850500 10  6 13   9.7 1001  21  6.3 8  7.0  92    0   84 343 -378  0
4218500 2850500 10  6 14  10.7 1002   3  6.0 7  7.0  89    7  162 344 -380  0
4218500 2850500 10  6 15  10.9 1003  12  5.5 6  6.7  82   19  155 335 -380  0
4218500 2850500 10  6 16  10.4 1003  14  6.0 6  6.2  77    2   91 329 -379  0
4218500 2850500 10  6 17   9.3 1004  22  7.0 7  5.6  73    1   45 331 -374  0
4218500 2850500 10  6 18   8.6 1006  14  5.8 7  5.1  71    0    7 332 -367  0
4218500 2850500 10  6 19   8.0 1007   2  4.4 5  5.2  75    0    0 320 -361  0
4218500 2850500 10  6 20   7.5 1007 351  4.0 3  5.0  76    0    0 297 -356  0
4218500 2850500 10  6 21   6.6 1008 338  4.2 2  4.8  76    0    0 277 -353  0
4218500 2850500 10  6 22   6.1 1009 336  4.0 4  5.0  83    0    0 280 -351  0
4218500 2850500 10  6 23   5.7 1009 335  3.6 3  5.1  88    0    0 283 -349  0
4218500 2850500 10  6 24   5.2 1010 339  2.9 1  5.0  89    0    0 264 -348  0
4218500 2850500 10  7  1   4.4 1010 320  3.5 1  4.9  92    0    0 251 -346  0
4218500 2850500 10  7  2   4.3 1010 310  3.5 2  4.9  94    0    0 255 -343  0
4218500 2850500 10  7  3   4.8 1010 318  3.6 5  4.9  94    0    0 276 -339  0
4218500 2850500 10  7  4   5.1 1010 325  3.5 7  5.0  93    0    0 302 -334  0
4218500 2850500 10  7  5   5.4 1011 308  2.8 7  5.0  91    0    0 311 -331  0
4218500 2850500 10  7  6   5.3 1011 312  2.7 8  5.1  91    0    0 315 -329  0
4218500 2850500 10  7  7   5.5 1011 309  3.3 5  5.1  92    4   10 305 -328  0
4218500 2850500 10  7  8   5.7 1011 319  3.0 3  5.1  89   75   38 279 -330  0
4218500 2850500 10  7  9   6.6 1011 340  3.3 3  5.0  85  207   61 268 -336  0
4218500 2850500 10  7 10   8.0 1011 337  2.8 4  4.8  75  267   72 275 -345  0
4218500 2850500 10  7 11   8.2 1011 330  3.4 5  4.3  63  143  195 285 -355  0
4218500 2850500 10  7 12   8.8 1011 312  3.4 6  3.8  55  124  223 294 -364  0
4218500 2850500 10  7 13  10.0 1011 294  4.6 4  3.7  50  150  210 291 -369  0
4218500 2850500 10  7 14   9.2 1012 322  4.8 3  3.7  50   76  200 277 -372  0
4218500 2850500 10  7 15   9.3 1011 331  4.5 4  3.7  52   24  160 276 -371  0
4218500 2850500 10  7 16   8.5 1010 345  4.1 2  3.6  50  113   99 269 -366  0
4218500 2850500 10  7 17   8.4 1010 345  3.4 3  3.5  51   43   55 263 -357  0
4218500 2850500 10  7 18   7.7 1010 338  3.1 6  3.7  55    1   11 282 -346  0
4218500 2850500 10  7 19   7.1 1010 327  3.4 7  3.9  61    0    0 303 -337  0
4218500 2850500 10  7 20   6.6 1010 326  3.3 7  4.3  70    0    0 306 -331  0
4218500 2850500 10  7 21   5.1 1010 327  3.1 4  4.4  76    0    0 289 -327  0
4218500 2850500 10  7 22   4.4 1010 327  2.8 3  4.3  80    0    0 265 -323  0
4218500 2850500 10  7 23   3.6 1009 300  2.4 2  4.2  84    0    0 252 -321  0
4218500 2850500 10  7 24   2.8 1009 313  3.3 0  4.2  87    0    0 235 -319  0
4218500 2850500 10  8  1   2.1 1009 308  3.5 0  4.0  88    0    0 223 -317  0
4218500 2850500 10  8  2   2.6 1009 301  4.4 1  4.0  88    0    0 227 -316  0
4218500 2850500 10  8  3   2.2 1008 293  4.2 2  4.0  88    0    0 239 -315  0
4218500 2850500 10  8  4   2.0 1008 290  5.2 3  4.0  90    0    0 248 -315  0
4218500 2850500 10  8  5   2.6 1007 291  5.4 6  4.0  90    0    0 268 -314  0
4218500 2850500 10  8  6   3.7 1007 301  5.9 6  4.2  87    0    0 286 -314  0
4218500 2850500 10  8  7   4.1 1007 298  5.9 6  4.3  85    1   10 288 -313  0
4218500 2850500 10  8  8   4.7 1006 304  6.0 7  4.4  84    4   52 295 -313  0
4218500 2850500 10  8  9   5.0 1006 299  6.6 8  4.6  85    1   89 309 -318  0
4218500 2850500 10  8 10   5.3 1006 302  7.0 7  4.8  88    0  104 311 -329  0
4218500 2850500 10  8 11   5.8 1006 312  6.4 7  5.1  89    0   84 308 -342  0
4218500 2850500 10  8 12   7.0 1007 314  5.9 8  5.5  91    0   82 315 -353  0
4218500 2850500 10  8 13   7.8 1007 327  6.1 8  5.9  91    0   71 321 -362  0
4218500 2850500 10  8 14   8.5 1008 328  4.8 8  6.1  90    0   57 323 -368  0
4218500 2850500 10  8 15   8.9 1009 326  4.7 7  6.2  88    0   69 319 -367  0
4218500 2850500 10  8 16   8.6 1009 326  3.4 8  6.4  90    0   36 320 -364  0
4218500 2850500 10  8 17   8.8 1010 310  3.2 6  6.6  93    0   45 316 -359  0
4218500 2850500 10  8 18   8.6 1010 310  3.2 8  6.6  94    0    6 316 -352  0
4218500 2850500 10  8 19   8.5 1010 306  2.6 7  6.7  96    0    0 321 -344  0
4218500 2850500 10  8 20   8.7 1010 320  2.3 8  6.9  98    0    0 321 -338  0
4218500 2850500 10  8 21   8.8 1011 326  2.1 8  7.0  99    0    0 328 -333  0
4218500 2850500 10  8 22   8.7 1011   5  2.0 7  6.9  98    0    0 322 -329  0
4218500 2850500 10  8 23   8.8 1011 358  1.4 7  6.9  98    0    0 317 -327  0
4218500 2850500 10  8 24   8.8 1012  65  2.5 7  6.9  97    0    0 317 -324  0
4218500 2850500 10  9  1   8.1 1012  77  2.8 5  6.6  96    0    0 305 -322  0
4218500 2850500 10  9  2   7.2 1012  71  2.4 3  6.2  95    0    0 281 -321  0
4218500 2850500 10  9  3   6.9 1012 104  2.3 2  6.0  95    0    0 263 -319  0
4218500 2850500 10  9  4   5.0 1012  62  1.9 3  5.6  97    0    0 258 -317  0
4218500 2850500 10  9  5   4.9 1013  83  1.9 5  5.3  98    0    0 268 -316  0
4218500 2850500 10  9  6   6.0 1013  79  2.4 7  5.4  97    0    0 286 -315  0
4218500 2850500 10  9  7   6.1 1013  71  1.9 7  5.7  97    2    9 298 -315  0
4218500 2850500 10  9  8   7.3 1013  63  2.6 4  5.8  96   71   41 288 -314  0
4218500 2850500 10  9  9   8.7 1014  90  3.6 3  5.9  89  219   51 273 -319  0
4218500 2850500 10  9 10   9.8 1014  93  4.6 4  5.7  79  281   76 276 -330  0
4218500 2850500 10  9 11  10.2 1014  87  4.5 5  5.1  67  149  197 287 -342  0
4218500 2850500 10  9 12  10.2 1015  68  4.0 6  4.6  60   68  228 299 -354  0
4218500 2850500 10  9 13   9.7 1014  89  4.2 6  4.4  58   11  178 303 -363  0
4218500 2850500 10  9 14  10.3 1014  98  3.9 6  4.3  57    0  128 304 -367  0
4218500 2850500 10  9 15  10.0 1014  80  4.6 6  4.3  56    7  140 304 -368  0
4218500 2850500 10  9 16   9.4 1013  94  4.1 6  4.2  57    3   90 302 -363  0
4218500 2850500 10  9 17   8.6 1012  80  3.4 6  4.2  58   11   56 299 -354  0
4218500 2850500 10  9 18   8.3 1013  90  3.1 7  4.3  62    0    8 302 -344  0
4218500 2850500 10  9 19   7.1 1013  74  3.3 6  4.4  67    0    0 299 -335  0
4218500 2850500 10  9 20   6.2 1013  94  3.6 5  4.3  71    0    0 285 -331  0
4218500 2850500 10  9 21   5.3 1013 100  3.5 4  4.3  75    0    0 273 -329  0
4218500 2850500 10  9 22   4.5 1013  98  3.8 3  4.2  78    0    0 261 -328  0
4218500 2850500 10  9 23   3.8 1013  88  3.7 2  4.1  81    0    0 249 -326  0
4218500 2850500 10  9 24   3.2 1013  90  3.4 1  4.1  85    0    0 237 -324  0
4218500 2850500 10 10  1   2.6 1013  87  3.8 1  4.2  89    0    0 230 -322  0
4218500 2850500 10 10  2   2.6 1013  88  3.8 1  4.1  90    0    0 230 -320  0
4218500 2850500 10 10  3   2.2 1013  83  3.6 1  4.1  90    0    0 229 -318  0
4218500 2850500 10 10  4   2.3 1013  87  4.3 0  4.0  90    0    0 224 -316  0
4218500 2850500 10 10  5   1.9 1013  78  4.2 0  3.9  88    0    0 219 -315  0
4218500 2850500 10 10  6   1.9 1013  86  4.1 0  3.8  87    0    0 219 -314  0
4218500 2850500 10 10  7   1.8 1013  81  4.4 0  3.7  86    3    9 216 -314  0
4218500 2850500 10 10  8   2.9 1014  88  5.2 0  3.8  85   78   38 217 -313  0
4218500 2850500 10 10  9   5.4 1014  77  6.1 0  3.9  77   86   83 220 -316  0
4218500 2850500 10 10 10   7.5 1015  87  6.9 0  3.8  64  211   89 226 -326  0
4218500 2850500 10 10 11   8.9 1015  87  6.1 0  3.5  52  390   79 229 -339  0
4218500 2850500 10 10 12   9.7 1014  92  6.2 0  3.4  46  455   59 233 -350  0
4218500 2850500 10 10 13  10.3 1014  84  6.8 0  3.4  44  409   77 235 -359  0
4218500 2850500 10 10 14   9.8 1014  79  6.6 1  3.5  45  354   83 241 -362  0
4218500 2850500 10 10 15  10.0 1013  76  6.4 1  3.5  46  300   63 247 -362  0
4218500 2850500 10 10 16   9.3 1013  79  6.0 1  3.3  45  160   71 245 -357  0
4218500 2850500 10 10 17   8.1 1013  77  5.5 1  3.2  46   40   50 241 -349  0
4218500 2850500 10 10 18   6.9 1013  77  4.8 0  3.2  50    0    8 232 -339  0
4218500 2850500 10 10 19   6.1 1014  86  4.9 0  3.4  57    0    0 222 -331  0
4218500 2850500 10 10 20   5.2 1014  76  4.6 0  3.5  63    0    0 221 -326  0
4218500 2850500 10 10 21   5.0 1015  76  4.9 0  3.6  66    0    0 221 -323  0
4218500 2850500 10 10 22   4.8 1014  79  4.4 0  3.6  67    0    0 224 -320  0
4218500 2850500 10 10 23   3.8 1014  77  4.8 0  3.6  69    0    0 223 -318  0
4218500 2850500 10 10 24   3.2 1014  77  4.6 0  3.5  72    0    0 223 -317  0
4218500 2850500 10 11  1   3.0 1015  76  4.8 0  3.6  76    0    0 223 -316  0
4218500 2850500 10 11  2   2.5 1015  75  4.8 0  3.6  79    0    0 222 -315  0
4218500 2850500 10 11  3   2.8 1015  73  4.5 0  3.5  77    0    0 222 -315  0
4218500 2850500 10 11  4   2.4 1015  75  4.4 0  3.6  78    0    0 222 -314  0
4218500 2850500 10 11  5   1.3 1015  70  4.0 0  3.6  84    0    0 220 -314  0
4218500 2850500 10 11  6   1.5 1015  63  4.4 0  3.5  85    0    0 218 -314  0
4218500 2850500 10 11  7   1.5 1015  70  5.0 0  3.5  82    2    8 218 -314  0
4218500 2850500 10 11  8   2.7 1016  75  5.3 1  3.6  81   64   44 224 -314  0
4218500 2850500 10 11  9   4.9 1016  81  4.9 1  3.6  73  180   69 234 -318  0
4218500 2850500 10 11 10   7.2 1016  87  6.1 2  3.4  59  293   77 245 -329  0
4218500 2850500 10 11 11   8.3 1016  93  6.7 2  3.2  50  369   86 254 -341  0
4218500 2850500 10 11 12   8.8 1016  73  7.4 2  3.2  47  396   98 256 -353  0
4218500 2850500 10 11 13   9.3 1016  80  7.9 1  3.2  45  335  134 251 -361  0
4218500 2850500 10 11 14   9.3 1015  73  7.3 1  3.3  45  277  140 247 -365  0
4218500 2850500 10 11 15   9.4 1015  62  6.7 1  3.4  46  246  105 249 -365  0
4218500 2850500 10 11 16   8.5 1015  80  6.9 1  3.3  46  127   94 247 -361  0
4218500 2850500 10 11 17   7.4 1015  79  5.6 1  3.3  49   31   54 245 -354  0
4218500 2850500 10 11 18   6.0 1015  76  4.5 2  3.4  56    0    6 246 -347  0
4218500 2850500 10 11 19   5.4 1015  79  4.8 2  3.5  61    0    0 247 -339  0
4218500 2850500 10 11 20   4.8 1016  77  5.1 2  3.4  63    0    0 244 -334  0
4218500 2850500 10 11 21   4.3 1016  77  5.4 2  3.4  66    0    0 241 -330  0
4218500 2850500 10 11 22   3.8 1016  77  5.6 0  3.4  68    0    0 229 -328  0
4218500 2850500 10 11 23   3.3 1016  80  6.2 0  3.3  67    0    0 216 -326  0
4218500 2850500 10 11 24   2.9 1015  75  5.9 0  3.2  67    0    0 214 -325  0
4218500 2850500 10 12  1   2.4 1015  70  5.8 0  3.1  68    0    0 214 -325  0
4218500 2850500 10 12  2   2.0 1015  75  5.9 1  3.1  71    0    0 219 -324  0
4218500 2850500 10 12  3   1.6 1014  70  5.3 0  3.1  73    0    0 218 -324  0
4218500 2850500 10 12  4   1.5 1014  68  5.6 1  3.2  74    0    0 218 -323  0
4218500 2850500 10 12  5   1.1 1014  70  5.2 0  3.2  76    0    0 219 -322  0
4218500 2850500 10 12  6   0.8 1014  69  5.3 0  3.2  80    0    0 214 -321  0
4218500 2850500 10 12  7   0.9 1014  69  6.1 1  3.2  80    1    7 220 -320  0
4218500 2850500 10 12  8   1.8 1014  79  6.6 2  3.2  76   55   45 230 -321  0
4218500 2850500 10 12  9   3.6 1013  80  7.5 1  3.3  71  161   77 232 -324  0
4218500 2850500 10 12 10   5.4 1013  77  6.9 1  3.4  66  264   94 234 -332  0
4218500 2850500 10 12 11   6.3 1013  79  7.7 1  3.5  60  327  112 242 -342  0
4218500 2850500 10 12 12   7.4 1013  77  7.7 1  3.5  57  354  125 247 -352  0
4218500 2850500 10 12 13   7.0 1012  77  7.5 3  3.6  56  257  173 259 -359  0
4218500 2850500 10 12 14   7.0 1012  78  7.4 5  3.6  58   54  190 278 -363  0
4218500 2850500 10 12 15   7.0 1012  75  7.6 7  3.6  58    5  131 298 -363  0
4218500 2850500 10 12 16   6.3 1012  70  7.6 7  3.5  58    3   83 307 -360  0
4218500 2850500 10 12 17   5.7 1012  78  6.2 8  3.5  60    0   36 310 -354  0
4218500 2850500 10 12 18   5.4 1012  80  6.0 7  3.5  62    0    1 308 -348  0
4218500 2850500 10 12 19   4.9 1012  81  6.4 8  3.5  64    0    0 306 -344  0
4218500 2850500 10 12 20   4.7 1012  69  5.4 8  3.5  66    0    0 309 -341  0
4218500 2850500 10 12 21   4.4 1012  77  5.8 8  3.5  67    0    0 308 -338  0
4218500 2850500 10 12 22   4.3 1012  81  5.6 8  3.5  67    0    0 306 -335  0
4218500 2850500 10 12 23   4.1 1012  89  5.3 8  3.5  68    0    0 305 -334  0
4218500 2850500 10 12 24   4.0 1012  87  5.1 8  3.4  68    0    0 306 -332  0
4218500 2850500 10 13  1   3.8 1012  89  5.1 8  3.4  68    0    0 304 -332  0
4218500 2850500 10 13  2   3.7 1012  81  5.0 8  3.4  68    0    0 303 -331  0
4218500 2850500 10 13  3   3.2 1012  81  5.2 8  3.4  70    0    0 301 -331  0
4218500 2850500 10 13  4   1.9 1012  67  4.6 8  3.6  79    0    0 299 -330  0
4218500 2850500 10 13  5   1.7 1012  81  4.9 8  3.8  88    0    0 297 -330  0
4218500 2850500 10 13  6   1.8 1012  82  4.6 8  3.9  89    0    0 298 -330  0
4218500 2850500 10 13  7   1.6 1012  80  4.1 8  3.8  88    0    2 299 -329  0
4218500 2850500 10 13  8   0.9 1012  79  4.0 8  3.8  91    0   32 298 -330  0
4218500 2850500 10 13  9   0.4 1012  72  4.3 6  3.8  94    1   85 287 -332  0
4218500 2850500 10 13 10   0.4 1012  71  3.3 7  3.7  96    0   87 282 -335  0
4218500 2850500 10 13 11   0.3 1013  69  3.2 8  3.8  98    0   62 294 -339  0
4218500 2850500 10 13 12   0.5 1012  69  3.0 8  3.9  99    0   75 300 -343  0
4218500 2850500 10 13 13   0.6 1012  70  3.0 7  3.9  99    0   86 297 -347  0
4218500 2850500 10 13 14   0.5 1012  70  2.6 7  3.9  99    0   66 293 -349  0
4218500 2850500 10 13 15   0.6 1012  71  2.3 8  3.9  98    0   82 297 -349  0
4218500 2850500 10 13 16   0.8 1012  53  2.9 8  3.9  98    0   31 302 -347  0
4218500 2850500 10 13 17   1.0 1011  69  2.5 8  4.0  98    0    8 303 -344  0
4218500 2850500 10 13 18   1.1 1011  74  2.5 8  4.0  98    0    0 302 -341  0
4218500 2850500 10 13 19   1.1 1012  29  2.6 8  4.0  98    0    0 303 -339  0
4218500 2850500 10 13 20   1.2 1011  65  2.2 7  4.0  98    0    0 297 -338  0
4218500 2850500 10 13 21   1.5 1011  59  2.7 8  4.1  98    0    0 297 -338  0
4218500 2850500 10 13 22   1.6 1011  82  2.4 8  4.2  98    0    0 303 -337  0
4218500 2850500 10 13 23   1.5 1011  71  2.4 8  4.2  98    0    0 303 -337  0
4218500 2850500 10 13 24   1.6 1010  77  1.7 8  4.2  98    0    0 303 -336  0
4218500 2850500 10 14  1   1.8 1010  87  2.0 8  4.2  98    0    0 303 -336  0
4218500 2850500 10 14  2   1.7 1010  79  2.1 8  4.2  98    0    0 304 -335  0
4218500 2850500 10 14  3   1.8 1010 107  2.2 8  4.2  98    0    0 304 -334  0
4218500 2850500 10 14  4   1.6 1010 126  1.7 8  4.2  98    0    0 304 -333  0
4218500 2850500 10 14  5   1.7 1009 134  2.1 8  4.2  99    0    0 304 -331  0
4218500 2850500 10 14  6   1.7 1009 120  2.0 8  4.2  99    0    0 305 -329  0
4218500 2850500 10 14  7   1.7 1008 123  2.6 8  4.2  98    0    0 306 -329  0
4218500 2850500 10 14  8   1.9 1008 123  2.8 8  4.2  96    3   41 306 -329  0
4218500 2850500 10 14  9   2.6 1008 131  3.2 8  4.2  94   12  111 308 -334  0
4218500 2850500 10 14 10   3.0 1007 105  3.5 7  4.3  92    5  144 302 -342  0
4218500 2850500 10 14 11   3.3 1007 126  4.1 7  4.4  92    0  136 298 -351  0
4218500 2850500 10 14 12   3.8 1006 119  4.1 8  4.5  92    0  106 306 -359  0
4218500 2850500 10 14 13   4.6 1005 119  4.1 8  4.8  92    0   67 316 -365  0
4218500 2850500 10 14 14   5.0 1005 123  3.0 8  5.1  94    0   37 319 -367  0
4218500 2850500 10 14 15   5.5 1004 122  3.4 8  5.3  95    0   48 322 -366  0
4218500 2850500 10 14 16   5.9 1004 124  3.1 8  5.5  96    0   32 324 -360  0
4218500 2850500 10 14 17   6.6 1003 111  2.5 8  5.8  97    0   21 326 -353  0
4218500 2850500 10 14 18   6.5 1003 124  3.2 7  6.0  98    0    3 320 -348  0
4218500 2850500 10 14 19   6.7 1003 125  3.4 7  6.0  98    0    0 312 -344  0
4218500 2850500 10 14 20   7.9 1003 211  4.2 8  6.3  97    0    0 320 -341  0
4218500 2850500 10 14 21   7.9 1003 177  2.8 8  6.5  97    0    0 329 -340  0
4218500 2850500 10 14 22   8.1 1002 204  3.6 8  6.6  98    0    0 329 -339  0
4218500 2850500 10 14 23   8.4 1002 195  3.5 8  6.7  98    0    0 329 -339  0
4218500 2850500 10 14 24   8.6 1002 195  2.2 8  6.9  98    0    0 329 -339  0
4218500 2850500 10 15  1   8.5 1002 189  2.2 8  6.9  98    0    0 328 -339  0
4218500 2850500 10 15  2   8.6 1002 197  2.7 8  6.9  98    0    0 327 -339  0
4218500 2850500 10 15  3   8.4 1002 189  2.9 8  6.9  99    0    0 327 -339  0
4218500 2850500 10 15  4   8.9 1002 238  3.7 8  6.9  98    0    0 328 -339  0
4218500 2850500 10 15  5   9.1 1002 281  5.0 8  7.0  97    0    0 329 -339  0
4218500 2850500 10 15  6   8.8 1003 284  5.0 8  7.0  97    0    0 328 -338  0
4218500 2850500 10 15  7   8.4 1004 292  5.4 8  6.8  97    0    1 326 -337  0
4218500 2850500 10 15  8   7.2 1005 278  4.3 8  6.4  96    0   33 323 -336  0
4218500 2850500 10 15  9   6.6 1005 276  5.3 7  6.0  96    0   77 313 -337  0
4218500 2850500 10 15 10   6.9 1006 265  4.1 7  5.9  95    1  123 306 -342  0
4218500 2850500 10 15 11   7.4 1007 277  3.9 8  5.8  91    0  125 312 -350  0
4218500 2850500 10 15 12   8.4 1007 261  3.2 7  5.6  84   13  208 314 -357  0
4218500 2850500 10 15 13   8.6 1007 240  2.2 7  5.6  80    0  126 310 -360  0
4218500 2850500 10 15 14   8.8 1007 259  1.8 8  5.6  80    0   75 316 -362  0
4218500 2850500 10 15 15   8.9 1007 329  0.7 7  5.7  81    0   88 316 -362  0
4218500 2850500 10 15 16   8.7 1007 121  1.5 7  6.0  84    4   88 308 -360  0
4218500 2850500 10 15 17   8.7 1006 120  2.4 8  6.1  87    0   35 313 -354  0
4218500 2850500 10 15 18   8.5 1006 113  2.3 8  6.2  88    0    0 317 -346  0
4218500 2850500 10 15 19   8.1 1005 102  2.8 7  6.2  91    0    0 311 -338  0
4218500 2850500 10 15 20   7.9 1005 130  2.7 7  6.3  93    0    0 307 -333  0
4218500 2850500 10 15 21   7.7 1004 134  3.0 7  6.3  95    0    0 308 -330  0
4218500 2850500 10 15 22   8.9 1003 153  3.4 8  6.6  96    0    0 317 -327  0
4218500 2850500 10 15 23   9.7 1002 181  4.0 7  6.9  93    0    0 321 -324  0
4218500 2850500 10 15 24  10.1 1002 183  3.5 6  6.9  90    0    0 312 -322  0
4218500 2850500 10 16  1  10.5 1001 225  3.0 7  7.1  90    0    0 315 -320  0
4218500 2850500 10 16  2  10.5 1000 182  2.6 6  7.4  92    0    0 316 -318  0
4218500 2850500 10 16  3   9.6 1000 207  3.5 5  7.4  94    0    0 302 -316  0
4218500 2850500 10 16  4   8.9 1000 195  3.5 5  7.1  96    0    0 295 -315  0
4218500 2850500 10 16  5  10.1 1000 198  3.5 5  7.3  97    0    0 296 -315  0
4218500 2850500 10 16  6  10.1 1000 213  3.3 4  7.6  97    0    0 291 -317  0
4218500 2850500 10 16  7  10.3  999 215  3.6 5  7.6  96    0    2 291 -320  0
4218500 2850500 10 16  8  10.9  999 217  3.4 7  7.8  96   13   45 314 -323  0
4218500 2850500 10 16  9  12.6  999 220  3.5 7  8.3  95   29  110 332 -328  0
4218500 2850500 10 16 10  14.2 1000 213  3.6 5  8.6  89  122  167 326 -333  0
4218500 2850500 10 16 11  15.2  999 238  3.6 5  8.4  79   60  210 319 -337  0
4218500 2850500 10 16 12  15.6  999 228  4.3 7  8.1  73   23  206 336 -341  0
4218500 2850500 10 16 13  15.8  999 222  3.7 6  8.0  71   18  190 345 -344  0
4218500 2850500 10 16 14  16.1  998 213  3.4 7  8.0  70   15  170 346 -348  0
4218500 2850500 10 16 15  16.2  998 208  3.4 7  7.6  65   36  158 353 -349  0
4218500 2850500 10 16 16  15.3  997 218  2.9 7  7.2  63    0   71 349 -348  0
4218500 2850500 10 16 17  13.7  997 198  3.5 8  7.7  74    0   19 352 -345  0
4218500 2850500 10 16 18  12.7  997 185  3.1 8  8.5  88    0    0 357 -342  0
4218500 2850500 10 16 19  12.6  996 153  2.9 8  8.9  96    0    0 355 -340  0
4218500 2850500 10 16 20  12.8  995 161  3.4 8  9.1  98    0    0 354 -339  0
4218500 2850500 10 16 21  12.7  994 163  3.2 8  9.2  98    0    0 355 -339  0
4218500 2850500 10 16 22  12.6  994 176  3.0 7  9.2  98    0    0 345 -338  0
4218500 2850500 10 16 23  12.2  993 164  3.5 7  8.9  97    0    0 336 -338  0
4218500 2850500 10 16 24  12.4  992 203  3.7 7  8.8  97    0    0 337 -337  0
4218500 2850500 10 17  1  12.5  991 214  5.0 4  9.0  97    0    0 313 -337  0
4218500 2850500 10 17  2  12.8  991 213  5.9 4  9.0  96    0    0 292 -337  0
4218500 2850500 10 17  3  12.7  991 219  5.4 4  8.8  93    0    0 297 -337  0
4218500 2850500 10 17  4  12.5  991 214  5.5 5  8.6  92    0    0 305 -336  0
4218500 2850500 10 17  5  12.5  991 224  6.3 7  8.3  89    0    0 326 -336  0
4218500 2850500 10 17  6  12.2  991 231  4.8 7  8.0  87    0    0 338 -335  0
4218500 2850500 10 17  7  12.0  991 231  4.1 7  7.8  87    0    1 335 -335  0
4218500 2850500 10 17  8  11.8  991 221  3.7 7  7.8  88   41   34 334 -335  0
4218500 2850500 10 17  9  12.4  991 231  4.4 7  7.7  85   11   89 332 -337  0
4218500 2850500 10 17 10  12.4  992 222  4.6 7  7.6  83    6  124 331 -342  0
4218500 2850500 10 17 11  13.4  992 231  5.6 6  7.4  78   15  164 323 -348  0
4218500 2850500 10 17 12  13.5  992 237  5.0 7  7.1  72   23  186 324 -353  0
4218500 2850500 10 17 13  14.1  991 234  5.1 8  6.9  69    0  121 337 -358  0
4218500 2850500 10 17 14  14.0  991 245  6.4 8  6.7  65    2  125 344 -360  0
4218500 2850500 10 17 15  14.0  991 245  4.5 7  6.6  64   11  124 339 -359  0
4218500 2850500 10 17 16  12.8  990 266  4.7 7  6.6  67    0   58 334 -355  0
4218500 2850500 10 17 17  12.0  991 260  5.1 7  6.2  67    0   19 331 -350  0
4218500 2850500 10 17 18  11.0  991 246  5.1 6  5.9  68    0    0 323 -347  0
4218500 2850500 10 17 19  10.3  992 240  4.7 6  6.0  73    0    0 317 -345  0
4218500 2850500 10 17 20  10.4  992 239  5.5 5  5.8  72    0    0 312 -344  0
4218500 2850500 10 17 21   9.7  992 245  5.4 5  5.5  70    0    0 304 -343  0
4218500 2850500 10 17 22   9.1  993 254  5.6 4  5.4  72    0    0 296 -343  0
4218500 2850500 10 17 23   8.5  993 244  5.5 4  5.3  74    0    0 289 -343  0
4218500 2850500 10 17 24   8.1  994 243  5.5 4  5.2  74    0    0 288 -343  0
4218500 2850500 10 18  1   7.8  994 265  6.3 6  5.1  75    0    0 300 -343  0
4218500 2850500 10 18  2   7.4  995 262  6.6 6  5.0  76    0    0 310 -343  0
4218500 2850500 10 18  3   7.1  995 259  5.9 4  5.2  81    0    0 300 -343  0
4218500 2850500 10 18  4   6.8  995 270  5.4 3  5.3  84    0    0 283 -342  0
4218500 2850500 10 18  5   6.5  995 263  4.4 2  5.4  86    0    0 271 -342  0
4218500 2850500 10 18  6   6.2  996 260  4.3 3  5.4  88    0    0 270 -341  0
4218500 2850500 10 18  7   6.0  996 252  4.6 5  5.4  90    0    0 284 -341  0
4218500 2850500 10 18  8   6.3  996 232  4.8 7  5.4  90   22   38 305 -340  0
4218500 2850500 10 18  9   6.9  997 240  5.0 6  5.4  87   68   92 311 -340  0
4218500 2850500 10 18 10   8.0  998 268  6.1 7  5.4  82   14  138 314 -341  0
4218500 2850500 10 18 11   8.5  998 259  5.4 7  5.4  78    0  116 320 -343  0
4218500 2850500 10 18 12   8.5  999 253  5.1 7  5.4  78    0   58 321 -348  0
4218500 2850500 10 18 13   8.3  999 243  5.3 7  5.5  79    0   63 319 -356  0
4218500 2850500 10 18 14   8.6 1000 249  5.7 8  5.6  80    0   67 323 -362  0
4218500 2850500 10 18 15   8.6 1000 255  6.1 6  5.5  78    6  116 317 -363  0
4218500 2850500 10 18 16   7.7 1000 249  4.2 5  5.4  80    4   76 303 -359  0
4218500 2850500 10 18 17   7.6 1000 227  4.0 6  5.6  85   10   37 300 -351  0
4218500 2850500 10 18 18   6.1 1001 239  2.6 5  5.5  87    0    0 296 -343  0
4218500 2850500 10 18 19   5.4 1000 193  3.4 5  5.2  91    0    0 286 -340  0
4218500 2850500 10 18 20   6.4 1000 216  4.2 7  5.3  91    0    0 293 -337  0
4218500 2850500 10 18 21   7.0 1001 230  4.8 7  5.3  86    0    0 304 -336  0
4218500 2850500 10 18 22   7.5 1001 230  4.7 8  5.3  83    0    0 309 -336  0
4218500 2850500 10 18 23   7.4 1001 238  5.0 8  5.2  81    0    0 313 -337  0
4218500 2850500 10 18 24   6.8 1002 218  4.6 8  5.2  82    0    0 312 -338  0
4218500 2850500 10 19  1   7.0 1002 236  3.6 6  5.2  84    0    0 302 -340  0
4218500 2850500 10 19  2   6.4 1002 227  3.6 6  5.2  85    0    0 290 -339  0
4218500 2850500 10 19  3   6.4 1001 235  3.5 6  5.2  86    0    0 288 -339  0
4218500 2850500 10 19  4   6.3 1001 228  3.3 7  5.2  87    0    0 292 -337  0
4218500 2850500 10 19  5   6.1 1001 245  2.7 8  5.4  90    0    0 301 -332  0
4218500 2850500 10 19  6   6.1 1001 244  2.7 8  5.5  93    0    0 307 -329  0
4218500 2850500 10 19  7   6.4 1001 269  3.6 8  5.7  95    0    0 307 -326  0
4218500 2850500 10 19  8   6.4 1002 295  4.3 8  5.7  94   17   32 308 -327  0
4218500 2850500 10 19  9   6.7 1002 279  4.9 8  5.4  88   13   85 308 -329  0
4218500 2850500 10 19 10   6.4 1003 279  5.9 6  5.2  86   32  136 299 -332  0
4218500 2850500 10 19 11   7.3 1004 283  6.4 6  5.1  82   92  164 289 -339  0
4218500 2850500 10 19 12   7.8 1005 282  6.4 6  4.7  72  109  181 289 -346  0
4218500 2850500 10 19 13   7.9 1006 282  6.9 7  4.4  66   73  181 290 -351  0
4218500 2850500 10 19 14   8.6 1007 274  5.6 5  4.5  66   27  151 286 -353  0
4218500 2850500 10 19 15   7.4 1007 290  4.4 5  4.8  71    1   95 276 -353  0
4218500 2850500 10 19 16   6.8 1007 300  7.2 8  4.9  78    0   32 284 -350  0
4218500 2850500 10 19 17   5.6 1008 279  5.0 5  4.8  81    0   13 279 -344  0
4218500 2850500 10 19 18   5.0 1008 271  4.2 3  4.7  84    0    0 257 -338  0
4218500 2850500 10 19 19   4.8 1009 266  5.0 2  4.7  86    0    0 243 -334  0
4218500 2850500 10 19 20   3.9 1010 276  4.1 1  4.5  87    0    0 232 -330  0
4218500 2850500 10 19 21   3.9 1010 280  3.8 1  4.4  88    0    0 226 -327  0
4218500 2850500 10 19 22   3.6 1010 266  3.5 1  4.4  88    0    0 224 -324  0
4218500 2850500 10 19 23   3.2 1010 246  3.4 2  4.3  89    0    0 226 -323  0
4218500 2850500 10 19 24   2.9 1010 239  3.4 5  4.3  90    0    0 242 -325  0
4218500 2850500 10 20  1   3.6 1010 249  3.2 5  4.4  90    0    0 258 -327  0
4218500 2850500 10 20  2   4.4 1011 263  3.6 6  4.5  89    0    0 265 -328  0
4218500 2850500 10 20  3   4.6 1011 266  3.0 8  4.6  88    0    0 282 -327  0
4218500 2850500 10 20  4   5.0 1011 261  3.3 7  4.7  88    0    0 289 -328  0
4218500 2850500 10 20  5   4.8 1011 242  3.0 6  4.7  88    0    0 281 -330  0
4218500 2850500 10 20  6   4.4 1011 222  3.0 6  4.7  88    0    0 275 -330  0
4218500 2850500 10 20  7   4.1 1011 247  3.0 6  4.6  90    0    0 274 -329  0
4218500 2850500 10 20  8   3.9 1011 244  2.7 5  4.6  91   26   30 268 -329  0
4218500 2850500 10 20  9   4.4 1012 236  3.4 6  4.6  89   27   87 269 -332  0
4218500 2850500 10 20 10   5.7 1012 228  3.7 4  4.6  85  181   90 268 -337  0
4218500 2850500 10 20 11   7.3 1012 249  4.3 3  4.7  78  209  124 258 -345  0
4218500 2850500 10 20 12   7.6 1012 263  5.2 4  4.7  74  104  182 262 -353  0
4218500 2850500 10 20 13   8.6 1012 253  5.2 5  4.8  71   51  178 274 -359  0
4218500 2850500 10 20 14   8.2 1012 262  4.7 5  4.6  68   28  151 279 -361  0
4218500 2850500 10 20 15   8.7 1012 259  4.3 6  4.5  65   26  123 282 -361  0
4218500 2850500 10 20 16   8.3 1012 253  4.1 5  4.3  62   52   78 281 -358  0
4218500 2850500 10 20 17   7.1 1012 253  2.9 3  4.2  65    9   31 260 -353  0
4218500 2850500 10 20 18   5.1 1012 237  2.2 2  4.3  73    0    0 240 -345  0
4218500 2850500 10 20 19   4.6 1012 232  2.7 1  4.4  82    0    0 224 -339  0
4218500 2850500 10 20 20   3.7 1012 215  2.3 2  4.5  87    0    0 220 -336  0
4218500 2850500 10 20 21   3.1 1012 210  2.0 1  4.4  90    0    0 214 -334  0
4218500 2850500 10 20 22   2.4 1012 182  2.1 1  4.3  93    0    0 205 -333  0
4218500 2850500 10 20 23   1.9 1012 194  2.4 2  4.2  94    0    0 213 -332  0
4218500 2850500 10 20 24   1.7 1012 208  2.3 4  4.2  96    0    0 235 -333  0
4218500 2850500 10 21  1   2.1 1011 177  2.0 5  4.2  96    0    0 257 -334  0
4218500 2850500 10 21  2   2.3 1011 150  1.4 6  4.2  95    0    0 272 -335  0
4218500 2850500 10 21  3   2.5 1010 132  1.8 7  4.3  96    0    0 285 -336  0
4218500 2850500 10 21  4   2.6 1009 130  2.2 7  4.4  96    0    0 294 -336  0
4218500 2850500 10 21  5   2.7 1009 102  2.5 8  4.5  96    0    0 302 -336  0
4218500 2850500 10 21  6   3.2 1007 118  3.4 8  4.5  96    0    0 310 -336  0
4218500 2850500 10 21  7   3.3 1006 129  3.2 8  4.5  94    0    0 312 -336  0
4218500 2850500 10 21  8   3.8 1006 120  3.7 8  4.5  91    0   11 314 -336  0
4218500 2850500 10 21  9   3.9 1005 116  4.4 8  4.5  90    0   36 316 -338  0
4218500 2850500 10 21 10   4.1 1004 114  4.6 7  4.6  90    0   59 312 -341  0
4218500 2850500 10 21 11   4.4 1003 115  5.3 8  4.7  91    0   64 315 -345  0
4218500 2850500 10 21 12   4.6 1002 120  5.8 8  4.8  91    0   62 323 -346  0
4218500 2850500 10 21 13   4.6 1000 124  5.5 8  4.7  89    0   40 324 -347  0
4218500 2850500 10 21 14   4.8  999 121  4.6 8  4.7  87    0   52 326 -348  0
4218500 2850500 10 21 15   5.0  998 143  4.5 8  4.7  86    0   62 330 -349  0
4218500 2850500 10 21 16   5.2  998 135  4.1 8  4.8  87    0   27 333 -352  0
4218500 2850500 10 21 17   5.2  997 129  3.7 8  5.0  90    0    7 336 -356  0
4218500 2850500 10 21 18   5.4  997 134  3.4 8  5.2  93    0    0 337 -361  0
4218500 2850500 10 21 19   5.8  997 125  3.2 8  5.4  95    0    0 340 -364  0
4218500 2850500 10 21 20   6.1  997 127  2.9 8  5.7  96    0    0 341 -368  0
4218500 2850500 10 21 21   6.7  996 137  3.3 7  5.9  97    0    0 338 -370  0
4218500 2850500 10 21 22   7.3  995 153  3.1 8  6.2  97    0    0 340 -370  0
4218500 2850500 10 21 23   8.0  994 175  3.3 8  6.5  97    0    0 348 -370  0
4218500 2850500 10 21 24   9.1  993 187  3.4 7  6.9  97    0    0 346 -370  0
4218500 2850500 10 22  1  10.1  993 196  3.5 8  7.4  97    0    0 349 -371  0
4218500 2850500 10 22  2  10.8  992 212  3.6 7  7.9  97    0    0 352 -371  0
4218500 2850500 10 22  3  11.2  992 234  3.4 7  8.1  96    0    0 348 -371  0
4218500 2850500 10 22  4  10.9  992 214  2.6 7  8.0  95    0    0 349 -372  0
4218500 2850500 10 22  5  10.4  992 188  2.1 7  7.7  94    0    0 349 -372  0
4218500 2850500 10 22  6   8.9  992 188  2.1 6  7.3  95    0    0 340 -372  0
4218500 2850500 10 22  7   9.3  992 199  2.7 7  7.1  96    0    0 337 -373  0
4218500 2850500 10 22  8   9.6  992 172  2.5 8  7.4  98    0   18 348 -374  0
4218500 2850500 10 22  9  10.1  992 171  2.3 7  7.7  99    0   48 348 -375  0
4218500 2850500 10 22 10  10.5  992 170  1.9 8  7.9  99    0   57 349 -376  0
4218500 2850500 10 22 11  10.8  991 160  2.6 8  8.0  98    0   69 354 -379  0
4218500 2850500 10 22 12  11.3  991 193  1.8 8  8.3  98    0   89 355 -384  0
4218500 2850500 10 22 13  11.7  991 200  1.5 8  8.6  99    0   86 356 -387  0
4218500 2850500 10 22 14  12.0  991 221  1.8 8  8.8  99    0   98 357 -389  0
4218500 2850500 10 22 15  12.2  990 243  2.4 8  8.9  99    1   87 357 -389  0
4218500 2850500 10 22 16  12.4  991 206  2.5 8  9.0  99    0   51 358 -387  0
4218500 2850500 10 22 17  12.2  991 188  2.3 7  9.0  98    0   14 353 -384  0
4218500 2850500 10 22 18  11.6  990 173  2.8 6  8.8  98    0    0 343 -382  0
4218500 2850500 10 22 19  11.3  990 173  3.2 6  8.5  99    0    0 338 -381  0
4218500 2850500 10 22 20  11.2  990 181  3.8 6  8.5  99    0    0 337 -380  0
4218500 2850500 10 22 21  11.0  990 172  3.6 7  8.3  99    0    0 341 -380  0
4218500 2850500 10 22 22  11.2  990 170  3.4 7  8.3  98    0    0 346 -379  0
4218500 2850500 10 22 23  10.8  990 166  3.2 7  8.3  99    0    0 347 -378  0
4218500 2850500 10 22 24  11.0  989 165  3.3 7  8.3 100    0    0 348 -377  0
4218500 2850500 10 23  1  11.5  989 159  4.0 7  8.4  98    0    0 349 -376  0
4218500 2850500 10 23  2  11.4  988 159  4.1 7  8.3  96    0    0 348 -375  0
4218500 2850500 10 23  3  11.8  988 171  4.6 6  8.1  92    0    0 343 -374  0
4218500 2850500 10 23  4  11.7  987 170  4.4 7  7.9  89    0    0 342 -373  0
4218500 2850500 10 23  5  11.6  986 159  5.3 8  7.9  90    0    0 350 -373  0
4218500 2850500 10 23  6  12.0  985 173  6.0 8  8.0  90    0    0 353 -371  0
4218500 2850500 10 23  7  12.4  984 190  7.2 8  8.3  91    0    0 352 -370  0
4218500 2850500 10 23  8  12.2  983 210  6.5 8  8.6  93   12   33 352 -368  0
4218500 2850500 10 23  9  13.5  984 223  6.4 7  8.9  93    7   75 348 -367  0
4218500 2850500 10 23 10  14.6  985 224  6.3 6  9.2  89   14  123 342 -367  0
4218500 2850500 10 23 11  15.6  986 225  6.6 6  8.8  79   43  163 339 -368  0
4218500 2850500 10 23 12  17.2  986 223  7.0 5  8.1  67   74  195 336 -372  0
4218500 2850500 10 23 13  16.9  987 230  6.9 5  7.6  61   42  178 331 -374  0
4218500 2850500 10 23 14  16.6  987 227  7.2 5  7.7  63   11  130 326 -371  0
4218500 2850500 10 23 15  11.4  987 273  5.6 8  7.8  76    0   51 324 -368  0
4218500 2850500 10 23 16  11.4  990 261  5.8 6  7.8  90    0   39 316 -365  0
4218500 2850500 10 23 17  11.3  991 263  5.6 7  7.6  88    5   25 310 -359  0
4218500 2850500 10 23 18  10.5  992 267  6.6 6  6.8  82    0    0 307 -353  0
4218500 2850500 10 23 19   9.6  994 263  5.7 5  6.0  77    0    0 295 -348  0
4218500 2850500 10 23 20   9.0  996 265  5.2 3  5.6  75    0    0 278 -344  0
4218500 2850500 10 23 21   8.3  997 254  4.8 2  5.3  75    0    0 263 -342  0
4218500 2850500 10 23 22   7.9  998 239  5.0 2  5.3  78    0    0 256 -339  0
4218500 2850500 10 23 23   7.4  999 232  4.4 2  5.3  81    0    0 254 -336  0
4218500 2850500 10 23 24   6.9  999 240  4.5 3  5.2  82    0    0 256 -333  0
4218500 2850500 10 24  1   6.4 1000 225  4.3 0  5.3  85    0    0 246 -331  0
4218500 2850500 10 24  2   6.0 1001 235  4.6 0  5.2  88    0    0 232 -329  0
4218500 2850500 10 24  3   5.2 1000 236  4.6 1  5.1  89    0    0 233 -328  0
4218500 2850500 10 24  4   5.4 1001 232  4.5 0  5.0  89    0    0 232 -328  0
4218500 2850500 10 24  5   5.1 1001 219  4.2 0  4.9  88    0    0 228 -328  0
4218500 2850500 10 24  6   5.2 1001 231  4.0 1  4.9  88    0    0 231 -327  0
4218500 2850500 10 24  7   5.2 1001 216  4.5 1  4.9  87    0    0 236 -327  0
4218500 2850500 10 24  8   5.4 1002 221  4.4 1  4.9  87   32   25 237 -328  0
4218500 2850500 10 24  9   6.9 1002 224  5.6 2  5.0  83  116   50 243 -330  0
4218500 2850500 10 24 10   8.3 1004 232  6.8 1  5.0  77  235   59 248 -334  0
4218500 2850500 10 24 11   9.7 1004 241  6.4 1  5.1  70  297   62 252 -342  0
4218500 2850500 10 24 12  10.0 1004 250  8.0 3  5.0  66   80  164 267 -351  0
4218500 2850500 10 24 13   9.3 1004 237  8.0 7  5.0  66    0   53 288 -357  0
4218500 2850500 10 24 14   8.4 1005 251  6.0 6  5.3  74    8  121 296 -361  0
4218500 2850500 10 24 15   8.7 1005 262  5.5 5  5.4  77   30  104 292 -363  0
4218500 2850500 10 24 16   8.5 1006 258  5.2 5  5.2  75   20   64 290 -360  0
4218500 2850500 10 24 17   7.1 1006 253  3.6 4  5.1  77    2   21 285 -355  0
4218500 2850500 10 24 18   6.7 1006 221  2.9 2  5.0  80    0    0 270 -352  0
4218500 2850500 10 24 19   5.7 1006 231  3.3 2  4.9  82    0    0 252 -350  0
4218500 2850500 10 24 20   5.5 1007 203  3.2 1  4.8  85    0    0 236 -350  0
4218500 2850500 10 24 21   4.0 1007 205  3.2 1  4.7  88    0    0 219 -350  0
4218500 2850500 10 24 22   3.5 1007 196  2.8 2  4.5  91    0    0 219 -351  0
4218500 2850500 10 24 23   4.2 1008 185  3.2 2  4.5  90    0    0 229 -351  0
4218500 2850500 10 24 24   3.3 1007 183  1.6 1  4.5  89    0    0 221 -351  0
4218500 2850500 10 25  1   2.7 1007 181  3.6 1  4.3  92    0    0 214 -352  0
4218500 2850500 10 25  2   2.3 1007 163  3.3 1  4.2  91    0    0 213 -353  0
4218500 2850500 10 25  3   1.4 1007 169  3.4 2  4.0  92    0    0 218 -355  0
4218500 2850500 10 25  4   1.7 1007 157  3.6 4  4.0  94    0    0 240 -356  0
4218500 2850500 10 25  5   2.1 1006 153  3.5 5  4.1  93    0    0 265 -355  0
4218500 2850500 10 25  6   1.8 1005 158  3.5 5  4.1  93    0    0 275 -355  0
4218500 2850500 10 25  7   2.7 1005 157  4.3 6  4.2  92    0    0 283 -354  0
4218500 2850500 10 25  8   3.1 1004 158  4.2 4  4.2  90   27   32 277 -352  0
4218500 2850500 10 25  9   5.6 1004 159  4.6 3  4.5  85   96   73 262 -353  0
4218500 2850500 10 25 10   8.1 1003 167  5.7 3  4.7  76  176  102 265 -357  0
4218500 2850500 10 25 11   9.7 1003 177  6.0 3  5.2  73   73  155 276 -362  0
4218500 2850500 10 25 12  10.3 1002 193  5.8 5  5.7  74   73  178 296 -366  0
4218500 2850500 10 25 13  10.7 1002 179  5.6 7  5.7  72   14  149 318 -368  0
4218500 2850500 10 25 14  11.5 1001 171  5.3 6  5.7  69   34  146 325 -369  0
4218500 2850500 10 25 15  12.7 1000 172  5.5 6  6.2  69   79  121 325 -369  0
4218500 2850500 10 25 16  12.5  998 172  5.0 6  6.6  71   29   74 328 -368  0
4218500 2850500 10 25 17  12.0  997 181  5.9 7  6.8  76    0   12 334 -366  0
4218500 2850500 10 25 18  11.0  996 172  5.7 8  7.3  84    0    0 346 -365  0
4218500 2850500 10 25 19  10.7  995 163  5.5 8  7.6  92    0    0 354 -365  0
4218500 2850500 10 25 20  10.3  994 171  5.7 8  7.5  93    0    0 354 -366  0
4218500 2850500 10 25 21   9.9  992 168  5.5 8  7.4  94    0    0 353 -367  0
4218500 2850500 10 25 22  10.0  991 158  5.2 8  7.5  96    0    0 353 -370  0
4218500 2850500 10 25 23  10.4  989 186  5.2 8  7.7  97    0    0 353 -372  0
4218500 2850500 10 25 24  11.1  988 220  5.2 8  8.0  97    0    0 355 -373  0
4218500 2850500 10 26  1  11.6  988 250  6.9 7  7.9  91    0    0 351 -370  0
4218500 2850500 10 26  2  11.1  989 239  6.0 5  7.3  85    0    0 335 -366  0
4218500 2850500 10 26  3  10.8  989 222  5.5 4  7.0  84    0    0 316 -362  0
4218500 2850500 10 26  4  10.6  990 219  5.7 5  6.9  83    0    0 313 -359  0
4218500 2850500 10 26  5  10.7  990 211  6.3 7  6.6  81    0    0 324 -357  0
4218500 2850500 10 26  6  11.1  990 219  7.6 7  6.3  76    0    0 331 -357  0
4218500 2850500 10 26  7   9.4  990 253  7.1 8  6.3  79    0    0 333 -357  0
4218500 2850500 10 26  8   9.4  991 247  7.1 8  6.5  87    0    5 337 -357  0
4218500 2850500 10 26  9   9.8  992 247  8.6 8  6.3  82    0   50 338 -358  0
4218500 2850500 10 26 10  10.4  994 240  7.8 5  6.0  76   50  130 325 -358  0
4218500 2850500 10 26 11  11.3  995 249  9.7 5  5.8  71   55  161 311 -359  0
4218500 2850500 10 26 12   9.9  995 267  7.0 7  6.0  74    0   84 321 -362  0
4218500 2850500 10 26 13  10.0  997 267  7.8 6  6.0  77    2  126 324 -365  0
4218500 2850500 10 26 14  12.3  998 266  9.0 7  5.3  63   43  154 326 -365  0
4218500 2850500 10 26 15  12.4  999 265  9.7 7  4.7  52   21  112 332 -365  0
4218500 2850500 10 26 16  11.8 1000 274 10.1 8  4.5  51    0   37 332 -363  0
4218500 2850500 10 26 17  11.4 1001 275  9.4 7  4.5  52    0   10 327 -360  0
4218500 2850500 10 26 18  11.1 1002 271  8.2 7  4.6  54    0    0 319 -356  0
4218500 2850500 10 26 19  10.1 1004 272  8.0 8  5.0  63    0    0 321 -353  0
4218500 2850500 10 26 20   9.9 1006 278  7.1 7  5.5  72    0    0 319 -353  0
4218500 2850500 10 26 21   9.8 1007 271  6.1 7  5.6  74    0    0 315 -353  0
4218500 2850500 10 26 22   9.6 1008 269  5.2 7  5.7  76    0    0 314 -351  0
4218500 2850500 10 26 23   9.6 1009 260  5.0 8  5.7  76    0    0 317 -348  0
4218500 2850500 10 26 24   9.3 1009 248  4.9 8  5.7  77    0    0 321 -344  0
4218500 2850500 10 27  1   9.2 1009 248  4.9 7  6.0  82    0    0 317 -341  0
4218500 2850500 10 27  2   8.6 1010 247  4.5 7  6.2  87    0    0 312 -339  0
4218500 2850500 10 27  3   8.5 1010 235  4.3 7  6.3  91    0    0 311 -337  0
4218500 2850500 10 27  4   8.1 1009 230  3.8 7  6.2  91    0    0 309 -336  0
4218500 2850500 10 27  5   7.7 1008 212  3.7 7  6.0  90    0    0 309 -334  0
4218500 2850500 10 27  6   7.7 1007 203  4.0 7  5.9  89    0    0 311 -332  0
4218500 2850500 10 27  7   7.9 1007 191  4.2 7  5.8  87    0    0 315 -333  0
4218500 2850500 10 27  8   7.9 1006 189  4.3 8  5.9  88    0    8 322 -334  0
4218500 2850500 10 27  9   7.6 1005 181  5.6 7  6.1  92    0   30 324 -338  0
4218500 2850500 10 27 10   8.1 1003 160  5.7 8  6.4  97    0   43 327 -341  0
4218500 2850500 10 27 11   8.6 1001 167  6.8 8  6.8  99    0   63 339 -344  0
4218500 2850500 10 27 12   9.4  998 181  7.1 8  7.2 100    0   64 346 -348  0
4218500 2850500 10 27 13   9.9  996 192  6.9 7  7.5  98    0   73 346 -351  0
4218500 2850500 10 27 14  10.7  994 192  7.1 7  7.6  96    0   62 344 -355  0
4218500 2850500 10 27 15  11.2  991 193  6.6 8  7.8  94    0   24 353 -359  0
4218500 2850500 10 27 16  12.1  989 223  7.0 8  8.2  93    0   13 361 -363  0
4218500 2850500 10 27 17  13.2  987 231  9.3 5  7.9  84    0    6 349 -365  0
4218500 2850500 10 27 18  13.0  987 251 10.9 3  6.4  67    0    0 323 -364  0
4218500 2850500 10 27 19  12.5  987 241 10.8 5  5.7  60    0    0 320 -359  0
4218500 2850500 10 27 20  12.3  988 246 13.0 7  5.7  62    0    0 335 -354  0
4218500 2850500 10 27 21  10.8  987 248 13.2 8  5.9  68    0    0 344 -350  0
4218500 2850500 10 27 22  11.1  988 249 13.8 8  6.1  73    0    0 346 -347  0
4218500 2850500 10 27 23  10.8  988 251 15.0 8  6.0  72    0    0 345 -346  0
4218500 2850500 10 27 24  10.4  989 261 14.9 8  6.3  77    0    0 344 -344  0
4218500 2850500 10 28  1   9.3  990 268 12.5 8  6.4  82    0    0 342 -343  0
4218500 2850500 10 28  2   9.4  993 278 12.4 8  6.0  81    0    0 340 -342  0
4218500 2850500 10 28  3   9.8  995 279 12.7 8  5.7  75    0    0 339 -342  0
4218500 2850500 10 28  4   9.3  998 280 12.7 7  5.4  72    0    0 335 -344  0
4218500 2850500 10 28  5   7.8 1001 287 13.7 7  5.4  76    0    0 326 -346  0
4218500 2850500 10 28  6   7.3 1004 271  9.9 7  5.5  84    0    0 321 -348  0
4218500 2850500 10 28  7   7.5 1005 275 10.1 6  5.4  83    0    0 314 -348  0
4218500 2850500 10 28  8   7.5 1006 279  9.6 6  4.9  75   13   25 306 -347  0
4218500 2850500 10 28  9   7.7 1008 274 10.1 5  4.6  71   74   68 298 -346  0
4218500 2850500 10 28 10   8.2 1009 280 10.1 4  4.6  68  108  113 287 -347  0
4218500 2850500 10 28 11   8.7 1010 281  9.0 5  4.7  68   42  149 290 -350  0
4218500 2850500 10 28 12   9.1 1011 288 10.1 7  4.8  68    4  132 307 -351  0
4218500 2850500 10 28 13   9.0 1011 280  8.4 6  5.0  69    3  122 311 -352  0
4218500 2850500 10 28 14  10.0 1012 279  8.8 7  4.8  65    0   99 308 -354  0
4218500 2850500 10 28 15   8.9 1012 283  9.4 5  4.6  63   26  110 299 -353  0
4218500 2850500 10 28 16   7.2 1013 271  7.0 5  5.1  76   24   69 285 -351  0
4218500 2850500 10 28 17   6.8 1013 273  7.0 6  5.2  84    0   16 282 -349  0
4218500 2850500 10 28 18   6.7 1014 270  6.6 5  5.0  81    0    0 279 -347  0
4218500 2850500 10 28 19   6.4 1014 272  6.2 3  4.9  81    0    0 268 -342  0
4218500 2850500 10 28 20   6.1 1015 270  6.5 2  4.9  82    0    0 256 -339  0
4218500 2850500 10 28 21   6.3 1015 270  5.5 3  4.9  83    0    0 255 -337  0
4218500 2850500 10 28 22   5.8 1016 270  5.3 4  4.9  84    0    0 263 -336  0
4218500 2850500 10 28 23   5.8 1016 270  6.0 3  4.8  84    0    0 261 -336  0
4218500 2850500 10 28 24   6.0 1016 270  6.1 2  4.8  84    0    0 252 -337  0
4218500 2850500 10 29  1   6.1 1017 272  6.1 3  5.0  86    0    0 255 -338  0
4218500 2850500 10 29  2   6.1 1017 279  6.3 5  5.1  88    0    0 270 -338  0
4218500 2850500 10 29  3   6.0 1017 269  5.9 6  5.1  88    0    0 282 -335  0
4218500 2850500 10 29  4   5.9 1018 269  5.4 5  5.1  89    0    0 283 -333  0
4218500 2850500 10 29  5   6.0 1017 270  5.7 5  5.2  90    0    0 278 -332  0
4218500 2850500 10 29  6   5.6 1018 270  5.0 4  5.1  89    0    0 273 -330  0
4218500 2850500 10 29  7   5.0 1018 261  4.4 3  4.9  89    0    0 260 -329  0
4218500 2850500 10 29  8   5.4 1017 264  4.1 3  5.0  91   13   26 254 -328  0
4218500 2850500 10 29  9   6.5 1018 272  4.0 3  5.1  89   79   72 254 -330  0
4218500 2850500 10 29 10   7.3 1018 274  3.6 3  5.2  85  136  107 255 -335  0
4218500 2850500 10 29 11   8.4 1018 267  2.7 4  5.3  80  156  142 263 -342  0
4218500 2850500 10 29 12   9.7 1018 242  2.8 5  5.3  74  160  168 277 -349  0
4218500 2850500 10 29 13   9.8 1017 244  3.8 6  5.2  70   84  176 289 -354  0
4218500 2850500 10 29 14   9.8 1016 253  3.3 6  5.2  69   94  153 294 -357  0
4218500 2850500 10 29 15  10.0 1016 252  3.1 6  5.0  67   56  116 295 -357  0
4218500 2850500 10 29 16   9.6 1015 229  3.6 6  5.0  66   17   69 294 -354  0
4218500 2850500 10 29 17   9.1 1015 222  2.5 8  5.1  70    0   14 307 -351  0
4218500 2850500 10 29 18   8.7 1014 202  2.7 8  5.3  75    0    0 322 -347  0
4218500 2850500 10 29 19   8.5 1013 202  3.2 8  5.4  78    0    0 324 -345  0
4218500 2850500 10 29 20   8.1 1013 194  2.3 8  5.4  79    0    0 325 -345  0
4218500 2850500 10 29 21   7.8 1012 192  2.6 8  5.4  81    0    0 326 -344  0
4218500 2850500 10 29 22   7.3 1011 156  2.2 8  5.5  85    0    0 328 -344  0
4218500 2850500 10 29 23   7.4 1010 142  2.7 8  5.7  88    0    0 328 -343  0
4218500 2850500 10 29 24   7.1 1010 164  2.3 8  5.7  89    0    0 330 -343  0
4218500 2850500 10 30  1   6.8 1009 141  2.1 8  5.6  90    0    0 330 -342  0
4218500 2850500 10 30  2   6.4 1007 170  2.0 8  5.7  93    0    0 329 -342  0
4218500 2850500 10 30  3   6.2 1007 143  1.5 8  5.7  95    0    0 328 -341  0
4218500 2850500 10 30  4   6.0 1006 157  1.5 8  5.6  95    0    0 329 -341  0
4218500 2850500 10 30  5   6.0 1005  95  1.0 8  5.6  96    0    0 328 -341  0
4218500 2850500 10 30  6   6.0 1005 323  0.8 7  5.6  96    0    0 322 -341  0
4218500 2850500 10 30  7   6.3 1005 336  0.7 8  5.7  96    0    0 323 -341  0
4218500 2850500 10 30  8   6.4 1005 304  1.7 8  5.7  96    0   16 332 -341  0
4218500 2850500 10 30  9   6.6 1006 308  2.0 7  5.8  96    9   70 327 -342  0
4218500 2850500 10 30 10   7.1 1007 304  3.1 7  5.8  94   15  118 324 -345  0
4218500 2850500 10 30 11   7.9 1007 305  3.2 6  5.8  89   41  155 320 -350  0
4218500 2850500 10 30 12   8.5 1008 309  3.7 6  5.8  84   75  182 316 -355  0
4218500 2850500 10 30 13   9.1 1010 309  5.0 5  5.5  78   40  172 310 -357  0
4218500 2850500 10 30 14   8.9 1010 306  4.5 6  5.3  73    2  110 310 -356  0
4218500 2850500 10 30 15   8.6 1010 321  3.5 5  5.2  74   11  104 308 -354  0
4218500 2850500 10 30 16   8.8 1010 299  3.5 6  5.2  74    1   56 306 -353  0
4218500 2850500 10 30 17   8.4 1011 296  3.0 7  5.3  76    0    7 320 -351  0
4218500 2850500 10 30 18   7.9 1011 318  2.6 7  5.4  80    0    0 324 -346  0
4218500 2850500 10 30 19   7.2 1012 328  2.2 6  5.5  84    0    0 314 -340  0
4218500 2850500 10 30 20   6.4 1013 309  2.1 6  5.5  89    0    0 303 -335  0
4218500 2850500 10 30 21   5.1 1013 294  2.0 6  5.3  92    0    0 299 -332  0
4218500 2850500 10 30 22   5.3 1013 297  2.1 6  5.1  94    0    0 298 -329  0
4218500 2850500 10 30 23   5.3 1014 333  1.3 7  5.2  94    0    0 306 -325  0
4218500 2850500 10 30 24   5.5 1014  12  1.7 7  5.2  94    0    0 313 -320  0
4218500 2850500 10 31  1   5.3 1014  72  0.7 7  5.3  95    0    0 313 -319  0
4218500 2850500 10 31  2   5.5 1014  64  1.1 7  5.3  96    0    0 312 -319  0
4218500 2850500 10 31  3   6.0 1014  93  1.6 7  5.6  97    0    0 312 -318  0
4218500 2850500 10 31  4   6.2 1014 110  1.3 7  5.7  98    0    0 312 -317  0
4218500 2850500 10 31  5   6.0 1014 114  1.5 8  5.7  97    0    0 316 -316  0
4218500 2850500 10 31  6   5.8 1015 135  1.5 8  5.6  97    0    0 318 -315  0
4218500 2850500 10 31  7   6.1 1014 136  2.0 7  5.6  96    0    0 310 -315  0
4218500 2850500 10 31  8   6.1 1014 144  2.0 6  5.6  95    2   21 300 -315  0
4218500 2850500 10 31  9   6.8 1014 144  1.3 5  5.5  92   17   78 290 -316  0
4218500 2850500 10 31 10   7.6 1015 152  1.4 7  5.6  89    7  112 296 -322  0
4218500 2850500 10 31 11   8.4 1015 161  1.6 5  5.6  84   34  160 296 -333  0
4218500 2850500 10 31 12   9.6 1015 150  2.4 5  5.5  78   72  198 285 -342  0
4218500 2850500 10 31 13  10.2 1014 159  2.9 5  5.4  72   97  199 285 -348  0
4218500 2850500 10 31 14  10.3 1015 173  2.6 6  4.8  62   34  157 287 -350  0
4218500 2850500 10 31 15  10.2 1015 172  2.4 6  4.3  56    7  101 290 -350  0
4218500 2850500 10 31 16   9.7 1014 163  2.5 7  4.6  61    0   44 296 -345  0
4218500 2850500 10 31 17   8.2 1013 179  1.2 8  4.9  69    0    3 307 -339  0
4218500 2850500 10 31 18   7.6 1013 338  0.7 7  4.9  74    0    0 305 -333  0
4218500 2850500 10 31 19   7.5 1014 320  1.0 6  5.1  80    0    0 292 -329  0
4218500 2850500 10 31 20   7.2 1013   5  0.9 7  5.2  81    0    0 292 -326  0
4218500 2850500 10 31 21   6.7 1013 320  1.2 5  5.2  84    0    0 287 -324  0
4218500 2850500 10 31 22   5.2 1014 283  1.5 2  5.2  90    0    0 255 -322  0
4218500 2850500 10 31 23   4.0 1014 307  2.6 1  4.9  93    0    0 230 -319  0
4218500 2850500 10 31 24   4.3 1014 259  3.0 2  4.7  93    0    0 230 -316  0
4218500 2850500 11  1  1   4.5 1014 268  3.1 5  4.9  94    0    0 275 -315  0
4218500 2850500 11  1  2   4.5 1014 261  3.1 5  4.9  94    0    0 275 -315  0
4218500 2850500 11  1  3   4.5 1014 266  3.4 6  4.9  94    0    0 282 -315  0
4218500 2850500 11  1  4   3.8 1015 268  3.2 4  4.8  94    0    0 274 -315  0
4218500 2850500 11  1  5   3.8 1015 246  3.5 4  4.6  93    0    0 262 -315  0
4218500 2850500 11  1  6   3.8 1015 257  3.0 4  4.6  93    0    0 263 -315  0
4218500 2850500 11  1  7   4.1 1015 260  3.2 5  4.7  93    0    0 270 -315  0
4218500 2850500 11  1  8   4.6 1015 262  3.1 5  4.8  92    6   15 275 -315  0
4218500 2850500 11  1  9   5.4 1015 234  2.9 5  4.9  90   54   73 275 -315  0
4218500 2850500 11  1 10   6.9 1015 243  3.3 4  5.0  86  128  123 271 -319  0
4218500 2850500 11  1 11   8.4 1015 228  3.8 5  5.2  80  115  160 272 -329  0
4218500 2850500 11  1 12   9.6 1015 219  3.3 6  5.0  71  106  189 285 -339  0
4218500 2850500 11  1 13  10.1 1014 225  3.0 7  4.7  63   59  182 296 -345  0
4218500 2850500 11  1 14  10.6 1014 202  3.8 8  4.7  60   40  153 308 -349  0
4218500 2850500 11  1 15  10.0 1014 195  3.7 6  4.9  63   31  114 302 -350  0
4218500 2850500 11  1 16   9.3 1013 194  3.2 8  5.1  68    4   45 300 -348  0
4218500 2850500 11  1 17   8.3 1011 179  3.5 7  5.1  73    0    6 305 -343  0
4218500 2850500 11  1 18   7.9 1011 162  3.3 8  5.2  78    0    0 303 -338  0
4218500 2850500 11  1 19   7.7 1010 169  3.0 8  5.5  84    0    0 310 -335  0
4218500 2850500 11  1 20   7.5 1009 174  2.6 8  5.9  90    0    0 312 -334  0
4218500 2850500 11  1 21   7.5 1009 168  2.2 8  6.1  94    0    0 315 -333  0
4218500 2850500 11  1 22   7.5 1008 103  1.2 8  6.2  95    0    0 318 -331  0
4218500 2850500 11  1 23   7.5 1008 106  1.3 8  6.2  96    0    0 322 -329  0
4218500 2850500 11  1 24   7.5 1007  94  1.7 8  6.3  97    0    0 325 -329  0
4218500 2850500 11  2  1   7.4 1007  80  1.7 8  6.4  98    0    0 328 -329  0
4218500 2850500 11  2  2   7.3 1006  64  2.6 8  6.3  98    0    0 330 -329  0
4218500 2850500 11  2  3   7.1 1006  56  2.8 8  6.2  97    0    0 331 -330  0
4218500 2850500 11  2  4   7.1 1006  52  3.6 8  6.1  97    0    0 333 -331  0
4218500 2850500 11  2  5   6.8 1005  60  4.4 8  6.0  96    0    0 333 -332  0
4218500 2850500 11  2  6   6.3 1005  68  4.4 8  5.8  95    0    0 332 -333  0
4218500 2850500 11  2  7   6.2 1005  65  4.9 8  5.7  95    0    0 332 -334  0
4218500 2850500 11  2  8   6.1 1005  70  4.5 8  5.6  95    0    7 332 -335  0
4218500 2850500 11  2  9   6.3 1006  68  4.4 8  5.7  96    0   32 332 -336  0
4218500 2850500 11  2 10   6.6 1007  65  4.3 7  5.8  95    6   81 323 -338  0
4218500 2850500 11  2 11   7.0 1007  67  5.3 6  5.6  90   17  118 303 -340  0
4218500 2850500 11  2 12   7.1 1008  61  6.2 8  5.2  82    0   82 315 -340  0
4218500 2850500 11  2 13   7.1 1009  65  6.0 7  5.0  80    3  113 325 -341  0
4218500 2850500 11  2 14   7.3 1009  65  5.5 6  4.8  75   12  109 308 -341  0
4218500 2850500 11  2 15   7.5 1010  62  5.1 5  4.6  71   33   87 290 -341  0
4218500 2850500 11  2 16   6.5 1011  45  4.9 3  4.4  71   49   39 268 -342  0
4218500 2850500 11  2 17   5.7 1011  50  3.8 3  4.0  69    2   10 255 -342  0
4218500 2850500 11  2 18   4.9 1013  47  4.0 2  3.9  70    0    0 247 -341  0
4218500 2850500 11  2 19   3.5 1013  64  3.3 2  3.9  76    0    0 239 -341  0
4218500 2850500 11  2 20   3.0 1014  61  2.9 1  3.8  79    0    0 234 -340  0
4218500 2850500 11  2 21   2.5 1015  66  2.5 1  3.8  82    0    0 229 -340  0
4218500 2850500 11  2 22   2.3 1015  68  2.9 1  3.8  85    0    0 230 -339  0
4218500 2850500 11  2 23   1.5 1015  76  2.3 1  3.8  87    0    0 230 -339  0
4218500 2850500 11  2 24   1.2 1015  82  3.8 1  3.7  89    0    0 227 -339  0
4218500 2850500 11  3  1   1.3 1015  93  3.4 0  3.7  89    0    0 218 -338  0
4218500 2850500 11  3  2   0.6 1014  88  3.4 0  3.6  90    0    0 205 -338  0
4218500 2850500 11  3  3   0.1 1014  97  3.6 0  3.6  93    0    0 196 -337  0
4218500 2850500 11  3  4  -0.7 1014  99  3.9 0  3.6  97    0    0 194 -336  0
4218500 2850500 11  3  5  -0.4 1013 100  4.1 0  3.6  98    0    0 193 -335  0
4218500 2850500 11  3  6  -0.7 1013  93  4.4 1  3.5  96    0    0 197 -334  0
4218500 2850500 11  3  7  -0.2 1012 102  4.2 2  3.6  97    0    0 205 -333  0
4218500 2850500 11  3  8   0.1 1011 117  3.8 5  3.7  97    0   10 229 -332  0
4218500 2850500 11  3  9   0.8 1011 110  4.7 6  3.8  97    5   52 262 -332  0
4218500 2850500 11  3 10   2.8 1011 120  4.8 7  4.0  92   47  125 284 -334  0
4218500 2850500 11  3 11   3.5 1010 119  6.1 6  4.1  86   75  170 290 -336  0
4218500 2850500 11  3 12   4.1 1009 121  5.9 7  4.1  81   43  179 292 -339  0
4218500 2850500 11  3 13   4.0 1008 117  5.9 7  3.9  77   25  165 302 -341  0
4218500 2850500 11  3 14   4.0 1007 102  6.3 6  3.8  75   14  131 296 -341  0
4218500 2850500 11  3 15   3.5 1006 101  6.7 8  3.7  74    0   47 303 -341  0
4218500 2850500 11  3 16   3.0 1005 103  7.2 8  3.7  76    0   11 315 -341  0
4218500 2850500 11  3 17   2.6 1005 100  6.0 8  3.7  80    0    0 314 -340  0
4218500 2850500 11  3 18   2.3 1005 102  6.8 8  3.7  81    0    0 313 -339  0
4218500 2850500 11  3 19   2.2 1005 105  6.6 8  3.5  78    0    0 311 -339  0
4218500 2850500 11  3 20   2.3 1006 100  6.7 8  3.5  78    0    0 310 -339  0
4218500 2850500 11  3 21   2.3 1005 109  6.0 8  3.5  77    0    0 310 -339  0
4218500 2850500 11  3 22   2.0 1005 112  5.4 8  3.4  76    0    0 311 -339  0
4218500 2850500 11  3 23   2.1 1005 106  5.1 8  3.3  75    0    0 310 -338  0
4218500 2850500 11  3 24   2.1 1006  32  5.1 8  3.3  74    0    0 310 -338  0
4218500 2850500 11  4  1   1.7 1005 103  4.6 8  3.3  75    0    0 310 -337  0
4218500 2850500 11  4  2   1.8 1005 102  5.1 8  3.3  77    0    0 311 -337  0
4218500 2850500 11  4  3   1.7 1005  97  5.1 8  3.3  76    0    0 311 -337  0
4218500 2850500 11  4  4   1.7 1005 103  5.1 8  3.2  75    0    0 311 -337  0
4218500 2850500 11  4  5   1.9 1005  95  4.2 8  3.2  74    0    0 311 -338  0
4218500 2850500 11  4  6   1.8 1006  85  3.4 8  3.2  73    0    0 311 -339  0
4218500 2850500 11  4  7   1.7 1007  80  4.0 8  3.2  73    0    0 311 -339  0
4218500 2850500 11  4  8   1.2 1007  88  4.4 8  3.1  74    2   11 309 -340  0
4218500 2850500 11  4  9   1.2 1008  88  4.4 8  3.1  75    0   24 308 -341  0
4218500 2850500 11  4 10   1.5 1009 178  5.3 8  3.1  75    1   73 308 -344  0
4218500 2850500 11  4 11   2.0 1009 358  4.9 7  3.2  74    7  114 302 -349  0
4218500 2850500 11  4 12   2.6 1010  59  4.8 7  3.3  73    2  110 297 -351  0
4218500 2850500 11  4 13   3.2 1010  64  4.9 8  3.2  68    1  100 305 -351  0
4218500 2850500 11  4 14   3.7 1010  60  5.2 8  3.1  64    0   68 313 -353  0
4218500 2850500 11  4 15   4.1 1011  75  4.7 8  3.0  61    0   62 314 -353  0
4218500 2850500 11  4 16   3.4 1011  66  3.6 5  3.0  61   15   47 295 -349  0
4218500 2850500 11  4 17   2.1 1012  60  3.9 6  3.0  64    0    7 280 -346  0
4218500 2850500 11  4 18   1.3 1013  80  3.3 4  2.9  68    0    0 273 -342  0
4218500 2850500 11  4 19   0.7 1014  78  3.8 3  2.8  70    0    0 253 -340  0
4218500 2850500 11  4 20   1.0 1014  83  4.3 3  2.8  69    0    0 246 -339  0
4218500 2850500 11  4 21   0.2 1015  81  4.2 3  2.8  71    0    0 245 -338  0
4218500 2850500 11  4 22  -0.4 1016  82  3.3 3  2.7  73    0    0 243 -337  0
4218500 2850500 11  4 23  -0.6 1016  75  3.6 3  2.7  75    0    0 241 -336  0
4218500 2850500 11  4 24  -0.8 1016  86  3.5 2  2.8  77    0    0 235 -335  0
4218500 2850500 11  5  1  -1.4 1017  69  3.1 1  2.7  78    0    0 221 -334  0
4218500 2850500 11  5  2  -2.3 1017  69  3.0 1  2.6  80    0    0 213 -333  0
4218500 2850500 11  5  3  -2.4 1018  71  3.3 0  2.6  83    0    0 206 -331  0
4218500 2850500 11  5  4  -2.3 1018  61  2.7 0  2.6  82    0    0 200 -330  0
4218500 2850500 11  5  5  -2.5 1019  65  2.8 0  2.6  81    0    0 201 -329  0
4218500 2850500 11  5  6  -2.8 1019  23  1.4 0  2.6  83    0    0 200 -327  0
4218500 2850500 11  5  7  -3.0 1020  76  2.6 0  2.5  84    0    0 199 -327  0
4218500 2850500 11  5  8  -2.8 1020  61  2.3 0  2.5  84    5   11 200 -326  0
4218500 2850500 11  5  9  -0.9 1021  79  3.2 0  2.6  80   53   50 204 -327  0
4218500 2850500 11  5 10   0.6 1022  90  3.4 0  2.8  75  152   69 210 -328  0
4218500 2850500 11  5 11   2.3 1022  95  4.3 0  2.7  65  250   68 214 -331  0
4218500 2850500 11  5 12   2.9 1022 114  3.7 0  2.5  56  279   75 217 -334  0
4218500 2850500 11  5 13   3.5 1023  93  3.0 1  2.4  51  216  105 225 -335  0
4218500 2850500 11  5 14   3.8 1023 105  2.9 2  2.4  48  125  122 236 -333  0
4218500 2850500 11  5 15   2.8 1023  73  3.3 2  2.4  50   62   96 242 -331  0
4218500 2850500 11  5 16   1.8 1023  73  2.3 1  2.4  54   33   48 234 -328  0
4218500 2850500 11  5 17   0.2 1024  95  3.0 2  2.3  57    1    9 230 -325  0
4218500 2850500 11  5 18  -1.0 1024  96  2.5 1  2.3  62    0    0 227 -321  0
4218500 2850500 11  5 19  -1.3 1024  93  2.8 0  2.4  68    0    0 214 -317  0
4218500 2850500 11  5 20  -1.7 1025 111  2.5 0  2.4  71    0    0 207 -315  0
4218500 2850500 11  5 21  -2.0 1025 117  2.8 0  2.4  75    0    0 206 -315  0
4218500 2850500 11  5 22  -2.3 1025 132  2.6 0  2.5  77    0    0 205 -315  0
4218500 2850500 11  5 23  -2.8 1026 146  2.5 0  2.4  78    0    0 203 -315  0
4218500 2850500 11  5 24  -3.5 1026 141  2.1 0  2.4  79    0    0 200 -314  0
4218500 2850500 11  6  1  -3.5 1026 130  2.6 1  2.4  82    0    0 204 -313  0
4218500 2850500 11  6  2  -3.7 1026 123  3.0 1  2.4  85    0    0 208 -311  0
4218500 2850500 11  6  3  -4.2 1025 138  2.5 1  2.4  87    0    0 207 -310  0
4218500 2850500 11  6  4  -4.3 1025 124  2.4 0  2.4  87    0    0 200 -310  0
4218500 2850500 11  6  5  -4.7 1025 122  2.4 0  2.4  89    0    0 195 -309  0
4218500 2850500 11  6  6  -4.7 1025 119  3.1 0  2.4  90    0    0 194 -308  0
4218500 2850500 11  6  7  -4.4 1024 135  3.7 0  2.4  89    0    0 196 -308  0
4218500 2850500 11  6  8  -3.8 1024 141  3.6 0  2.4  86    2   11 197 -308  0
4218500 2850500 11  6  9  -2.2 1023 144  4.5 0  2.4  80   44   51 198 -309  0
4218500 2850500 11  6 10  -1.4 1023 161  4.1 0  2.5  75  128   79 201 -311  0
4218500 2850500 11  6 11   0.1 1022 169  4.4 0  2.5  71  226   79 203 -314  0
4218500 2850500 11  6 12   1.3 1021 162  4.0 0  2.6  66  263   83 206 -318  0
4218500 2850500 11  6 13   2.1 1020 160  4.7 0  2.7  63  265   82 210 -322  0
4218500 2850500 11  6 14   2.7 1019 157  4.8 0  2.7  60  191   92 213 -324  0
4218500 2850500 11  6 15   2.2 1019 165  4.7 0  2.7  60  120   77 214 -324  0
4218500 2850500 11  6 16   1.4 1018 151  5.0 0  2.7  63   35   48 213 -323  0
4218500 2850500 11  6 17   0.5 1017 143  4.5 1  2.7  67    0    8 216 -319  0
4218500 2850500 11  6 18  -0.3 1016 140  5.0 1  2.7  72    0    0 218 -316  0
4218500 2850500 11  6 19  -0.9 1015 142  4.6 0  2.8  77    0    0 212 -315  0
4218500 2850500 11  6 20  -1.2 1015 144  4.7 0  2.7  79    0    0 207 -314  0
4218500 2850500 11  6 21  -1.7 1014 155  4.4 1  2.7  79    0    0 210 -313  0
4218500 2850500 11  6 22  -1.9 1013 143  4.0 0  2.7  80    0    0 209 -311  0
4218500 2850500 11  6 23  -2.4 1013 149  3.6 0  2.7  82    0    0 203 -310  0
4218500 2850500 11  6 24  -2.9 1012 140  3.9 1  2.6  84    0    0 207 -309  0
4218500 2850500 11  7  1  -3.2 1011 150  3.2 0  2.6  85    0    0 205 -309  0
4218500 2850500 11  7  2  -3.5 1010 141  3.5 0  2.5  85    0    0 199 -309  0
4218500 2850500 11  7  3  -3.9 1010 147  3.7 1  2.5  86    0    0 203 -309  0
4218500 2850500 11  7  4  -4.0 1009 140  4.2 1  2.5  87    0    0 207 -308  0
4218500 2850500 11  7  5  -3.7 1009 151  4.1 0  2.5  86    0    0 203 -308  0
4218500 2850500 11  7  6  -4.2 1008 151  3.8 0  2.4  86    0    0 198 -307  0
4218500 2850500 11  7  7  -4.2 1007 151  4.0 0  2.4  87    0    0 198 -306  0
4218500 2850500 11  7  8  -4.1 1007 165  3.9 0  2.4  87    4   10 198 -305  0
4218500 2850500 11  7  9  -2.6 1007 165  4.2 0  2.5  84   50   47 200 -305  0
4218500 2850500 11  7 10  -1.4 1006 163  4.3 0  2.6  80  136   71 203 -308  0
4218500 2850500 11  7 11   0.5 1006 163  4.1 0  2.7  74  232   71 205 -312  0
4218500 2850500 11  7 12   1.4 1005 167  5.4 1  2.8  68  211  104 214 -315  0
4218500 2850500 11  7 13   1.6 1004 167  5.2 3  2.9  68   97  146 233 -319  0
4218500 2850500 11  7 14   1.6 1004 172  4.6 6  3.0  69    0   66 264 -322  0
4218500 2850500 11  7 15   1.5 1004 173  4.3 7  3.0  71    0   40 287 -321  0
4218500 2850500 11  7 16   1.5 1003 171  4.2 7  3.0  71    0   25 292 -317  0
4218500 2850500 11  7 17   1.0 1003 170  3.5 7  3.0  71    0    3 290 -315  0
4218500 2850500 11  7 18   1.0 1003 183  3.6 7  3.0  73    0    0 288 -315  0
4218500 2850500 11  7 19   0.9 1003 170  3.8 7  3.1  76    0    0 288 -315  0
4218500 2850500 11  7 20   0.7 1003 163  3.3 7  3.2  78    0    0 288 -315  0
4218500 2850500 11  7 21  -0.3 1002 167  3.6 5  3.1  79    0    0 273 -315  0
4218500 2850500 11  7 22  -0.2 1002 181  3.5 6  3.1  82    0    0 265 -315  0
4218500 2850500 11  7 23   0.2 1002 219  3.3 7  3.1  82    0    0 275 -316  0
4218500 2850500 11  7 24   0.6 1002 185  3.4 8  3.2  82    0    0 288 -317  0
4218500 2850500 11  8  1   0.9 1002 195  3.7 8  3.5  86    0    0 296 -319  0
4218500 2850500 11  8  2   1.0 1001 193  3.8 8  3.7  91    0    0 298 -321  0
4218500 2850500 11  8  3   1.5 1001 208  3.5 8  4.0  96    0    0 300 -323  0
4218500 2850500 11  8  4   2.6 1001 260  4.0 8  4.4  98    0    0 304 -325  0
4218500 2850500 11  8  5   3.1 1001 290  4.5 8  4.6  96    0    0 307 -328  0
4218500 2850500 11  8  6   2.7 1002 291  4.0 8  4.5  95    0    0 308 -332  0
4218500 2850500 11  8  7   2.8 1003 296  3.8 8  4.5  96    0    0 308 -334  0
4218500 2850500 11  8  8   3.0 1003 299  3.0 8  4.6  97    0    6 307 -335  0
4218500 2850500 11  8  9   3.8 1004 262  3.3 8  4.8  97    0   23 309 -336  0
4218500 2850500 11  8 10   5.2 1005 273  4.9 8  5.2  98    0   46 312 -338  0
4218500 2850500 11  8 11   5.4 1005 278  5.4 7  5.3  96   11  117 309 -340  0
4218500 2850500 11  8 12   6.7 1006 269  4.9 5  5.3  90   68  159 295 -343  0
4218500 2850500 11  8 13   6.6 1006 263  5.0 6  5.3  86    6  121 292 -345  0
4218500 2850500 11  8 14   7.2 1006 254  4.9 8  5.2  83    0   74 308 -346  0
4218500 2850500 11  8 15   7.4 1005 234  4.9 5  5.0  79   22   95 304 -345  0
4218500 2850500 11  8 16   7.2 1005 233  5.5 4  4.9  76   23   50 282 -344  0
4218500 2850500 11  8 17   6.6 1005 215  4.0 6  4.6  74    0    5 283 -341  0
4218500 2850500 11  8 18   6.2 1005 206  4.2 7  4.4  74    0    0 295 -338  0
4218500 2850500 11  8 19   5.5 1004 202  5.2 5  4.3  74    0    0 289 -335  0
4218500 2850500 11  8 20   5.1 1003 199  5.7 4  4.2  75    0    0 272 -331  0
4218500 2850500 11  8 21   4.5 1002 202  4.7 4  4.1  76    0    0 265 -327  0
4218500 2850500 11  8 22   3.6 1001 186  4.8 2  4.0  77    0    0 253 -323  0
4218500 2850500 11  8 23   3.6 1000 184  5.2 3  4.0  80    0    0 246 -321  0
4218500 2850500 11  8 24   4.1  998 183  5.7 7  4.1  80    0    0 275 -319  0
4218500 2850500 11  9  1   4.8  996 173  6.7 8  4.2  79    0    0 303 -318  0
4218500 2850500 11  9  2   4.1  994 163  7.0 8  4.4  83    0    0 308 -317  0
4218500 2850500 11  9  3   3.4  992 165  7.9 8  4.6  90    0    0 305 -317  0
4218500 2850500 11  9  4   2.4  989 155  8.3 8  4.4  93    0    0 300 -318  0
4218500 2850500 11  9  5   2.1  987 162  7.4 8  4.3  94    0    0 298 -317  0
4218500 2850500 11  9  6   1.5  985 162  6.5 8  4.3  96    0    0 298 -318  0
4218500 2850500 11  9  7   1.0  983 150  6.7 8  4.1  97    0    0 297 -320  0
4218500 2850500 11  9  8   1.5  982 158  5.8 8  4.2  97    0    2 297 -321  0
4218500 2850500 11  9  9   3.8  980 217  6.2 8  4.7  99    0   20 303 -323  0
4218500 2850500 11  9 10   4.8  979 279  9.4 8  5.1  96    0   37 309 -324  0
4218500 2850500 11  9 11   3.7  981 285  8.8 8  4.8  91    0   32 308 -324  0
4218500 2850500 11  9 12   3.2  982 276  8.0 8  4.6  91    0   32 306 -322  0
4218500 2850500 11  9 13   3.1  983 277  8.7 8  4.5  92    0   41 307 -322  0
4218500 2850500 11  9 14   3.0  984 281  8.2 7  4.4  91    0   31 301 -323  0
4218500 2850500 11  9 15   3.0  984 293  7.7 8  4.4  91    0   17 303 -323  0
4218500 2850500 11  9 16   2.8  985 304  8.3 8  4.3  90    0   20 308 -320  0
4218500 2850500 11  9 17   2.2  986 310  7.7 8  4.2  89    0    4 306 -317  0
4218500 2850500 11  9 18   1.4  986 311  7.5 7  4.1  91    0    0 298 -316  0
4218500 2850500 11  9 19   2.4  988 321  7.3 8  4.2  94    0    0 299 -316  0
4218500 2850500 11  9 20   2.7  990 322  7.3 8  4.4  93    0    0 307 -316  0
4218500 2850500 11  9 21   3.5  991 325  6.0 8  4.5  93    0    0 309 -317  0
4218500 2850500 11  9 22   3.9  993 315  5.8 7  4.6  92    0    0 306 -319  0
4218500 2850500 11  9 23   3.4  995 312  5.0 6  4.5  90    0    0 296 -321  0
4218500 2850500 11  9 24   3.8  996 322  5.9 5  4.5  90    0    0 285 -322  0
4218500 2850500 11 10  1   3.6  997 305  4.3 5  4.5  89    0    0 280 -323  0
4218500 2850500 11 10  2   3.2  999 293  4.3 6  4.4  90    0    0 284 -321  0
4218500 2850500 11 10  3   3.5 1000 302  5.4 8  4.5  92    0    0 299 -321  0
4218500 2850500 11 10  4   3.7 1001 314  4.4 8  4.6  92    0    0 311 -322  0
4218500 2850500 11 10  5   3.4 1001 299  3.7 8  4.6  92    0    0 311 -324  0
4218500 2850500 11 10  6   3.4 1002 301  4.2 8  4.6  93    0    0 311 -325  0
4218500 2850500 11 10  7   3.2 1003 294  3.2 8  4.6  94    0    0 309 -325  0
4218500 2850500 11 10  8   3.0 1003 301  3.4 8  4.5  94    0    1 308 -324  0
4218500 2850500 11 10  9   3.3 1004 295  3.3 8  4.5  94    0   28 307 -325  0
4218500 2850500 11 10 10   3.7 1004 302  4.0 7  4.6  94    2   72 302 -326  0
4218500 2850500 11 10 11   4.0 1005 293  3.9 7  4.6  92   13  113 297 -328  0
4218500 2850500 11 10 12   4.9 1005 304  3.1 4  4.5  86   59  145 281 -331  0
4218500 2850500 11 10 13   5.2 1005 283  3.9 4  4.3  79   65  149 265 -335  0
4218500 2850500 11 10 14   5.3 1005 287  4.1 5  4.1  74   21  119 270 -337  0
4218500 2850500 11 10 15   5.1 1005 273  2.6 2  4.0  73   83   89 258 -336  0
4218500 2850500 11 10 16   4.7 1005 244  2.0 5  4.1  75   20   46 257 -332  0
4218500 2850500 11 10 17   3.4 1005 240  1.7 4  4.1  79    0    3 264 -329  0
4218500 2850500 11 10 18   1.9 1005 194  1.7 3  4.0  85    0    0 250 -325  0
4218500 2850500 11 10 19   1.3 1005 175  1.9 3  3.9  90    0    0 243 -319  0
4218500 2850500 11 10 20   0.7 1005 151  2.4 2  3.8  92    0    0 237 -316  0
4218500 2850500 11 10 21   0.7 1004 131  2.4 3  3.8  93    0    0 237 -315  0
4218500 2850500 11 10 22   0.4 1003 147  2.7 2  3.8  95    0    0 237 -315  0
4218500 2850500 11 10 23   0.1 1003 154  2.9 1  3.7  96    0    0 226 -315  0
4218500 2850500 11 10 24   0.7 1002 142  3.1 3  3.8  96    0    0 230 -315  0
4218500 2850500 11 11  1   1.0 1001 137  2.8 6  3.9  95    0    0 255 -315  0
4218500 2850500 11 11  2   1.1 1000 126  3.3 7  3.9  94    0    0 277 -315  0
4218500 2850500 11 11  3   1.4  999 135  3.2 8  3.8  91    0    0 288 -315  0
4218500 2850500 11 11  4   1.5  998 138  4.0 8  3.8  88    0    0 296 -315  0
4218500 2850500 11 11  5   1.6  996 140  4.2 8  3.7  87    0    0 297 -315  0
4218500 2850500 11 11  6   1.7  995 136  4.0 8  3.8  88    0    0 299 -315  0
4218500 2850500 11 11  7   2.2  994 131  3.9 8  3.9  88    0    0 301 -315  0
4218500 2850500 11 11  8   2.4  994 115  4.8 8  4.0  88    0    7 303 -315  0
4218500 2850500 11 11  9   2.5  992 122  4.1 8  4.1  90    0   31 306 -315  0
4218500 2850500 11 11 10   2.4  993 128  3.9 8  4.3  93    0   55 306 -317  0
4218500 2850500 11 11 11   2.4  993 111  3.5 8  4.4  96    0   50 308 -320  0
4218500 2850500 11 11 12   2.4  993 108  2.8 8  4.5  98    0   30 308 -323  0
4218500 2850500 11 11 13   2.6  993 117  3.1 8  4.5  98    0   34 309 -324  0
4218500 2850500 11 11 14   2.8  993 121  1.4 8  4.5  96    0   30 310 -325  0
4218500 2850500 11 11 15   2.6  993  85  1.5 8  4.5  95    0   18 310 -326  0
4218500 2850500 11 11 16   2.4  995  61  1.8 8  4.4  96    0    5 311 -326  0
4218500 2850500 11 11 17   2.5  996 327  1.2 8  4.5  97    0    0 312 -327  0
4218500 2850500 11 11 18   2.6  997 321  1.6 8  4.5  98    0    0 312 -328  0
4218500 2850500 11 11 19   2.7  999 309  1.1 8  4.6  98    0    0 313 -330  0
4218500 2850500 11 11 20   2.7 1000 309  1.6 8  4.5  97    0    0 314 -333  0
4218500 2850500 11 11 21   3.0 1001 310  1.6 8  4.5  95    0    0 315 -337  0
4218500 2850500 11 11 22   3.0 1003 305  0.8 8  4.5  95    0    0 315 -340  0
4218500 2850500 11 11 23   3.0 1004 232  1.2 8  4.5  95    0    0 316 -342  0
4218500 2850500 11 11 24   3.0 1004 327  0.5 8  4.5  95    0    0 317 -343  0
4218500 2850500 11 12  1   3.1 1005 240  1.6 8  4.6  96    0    0 317 -344  0
4218500 2850500 11 12  2   3.1 1006 210  1.2 8  4.6  96    0    0 317 -342  0
4218500 2850500 11 12  3   3.0 1006 186  1.5 8  4.6  96    0    0 318 -337  0
4218500 2850500 11 12  4   3.0 1007 174  1.3 8  4.6  96    0    0 319 -334  0
4218500 2850500 11 12  5   3.2 1007 162  1.8 8  4.6  96    0    0 319 -333  0
4218500 2850500 11 12  6   3.2 1007 167  2.7 8  4.6  96    0    0 320 -332  0
4218500 2850500 11 12  7   3.3 1007 151  2.8 8  4.6  96    0    0 320 -332  0
4218500 2850500 11 12  8   3.6 1007 146  3.4 8  4.7  96    0    2 320 -332  0
4218500 2850500 11 12  9   4.2 1007 160  3.4 8  4.9  96    0   20 322 -333  0
4218500 2850500 11 12 10   5.0 1007 167  3.3 7  5.1  96   13   95 317 -337  0
4218500 2850500 11 12 11   6.1 1007 177  3.6 6  5.5  97   45  147 309 -342  0
4218500 2850500 11 12 12   7.6 1007 178  3.4 5  5.9  95   73  177 301 -349  0
4218500 2850500 11 12 13   9.7 1007 186  3.6 5  6.2  88   85  177 299 -352  0
4218500 2850500 11 12 14  10.7 1007 203  4.6 6  6.1  78   58  152 306 -353  0
4218500 2850500 11 12 15  10.2 1006 203  4.4 6  5.9  75   25  101 310 -352  0
4218500 2850500 11 12 16   9.7 1005 188  3.6 7  5.9  77    2   38 311 -352  0
4218500 2850500 11 12 17   9.0 1005 176  4.3 7  6.0  81    0    2 314 -348  0
4218500 2850500 11 12 18   8.4 1004 184  4.3 6  5.9  83    0    0 304 -345  0
4218500 2850500 11 12 19   8.1 1004 177  4.3 6  5.9  86    0    0 294 -342  0
4218500 2850500 11 12 20   7.5 1004 182  4.4 7  5.9  88    0    0 298 -340  0
4218500 2850500 11 12 21   8.0 1003 184  4.7 7  5.7  86    0    0 302 -340  0
4218500 2850500 11 12 22   8.4 1003 192  5.1 7  5.8  84    0    0 304 -340  0
4218500 2850500 11 12 23   8.7 1002 191  4.9 7  5.9  84    0    0 305 -340  0
4218500 2850500 11 12 24   8.5 1002 197  4.3 7  5.7  81    0    0 305 -339  0
4218500 2850500 11 13  1   8.1 1001 194  4.9 6  5.4  79    0    0 296 -337  0
4218500 2850500 11 13  2   7.9 1001 207  4.6 6  5.3  79    0    0 287 -336  0
4218500 2850500 11 13  3   7.4 1000 204  4.5 7  5.3  80    0    0 294 -334  0
4218500 2850500 11 13  4   7.8  999 204  4.4 7  5.4  82    0    0 303 -332  0
4218500 2850500 11 13  5   8.1  999 206  3.5 8  5.5  81    0    0 313 -331  0
4218500 2850500 11 13  6   8.1  999 198  3.7 7  5.4  80    0    0 313 -330  0
4218500 2850500 11 13  7   7.8  998 194  4.1 7  5.4  80    0    0 303 -330  0
4218500 2850500 11 13  8   7.6  998 193  4.1 6  5.3  80    0    7 293 -329  0
4218500 2850500 11 13  9   8.1  998 195  4.0 6  5.3  79   28   53 285 -329  0
4218500 2850500 11 13 10   9.4  998 207  4.7 4  5.4  75   51  108 272 -332  0
4218500 2850500 11 13 11   9.5  998 200  4.3 6  5.6  74   28  132 280 -339  0
4218500 2850500 11 13 12  10.4  997 206  5.0 6  5.6  72   45  161 298 -346  0
4218500 2850500 11 13 13  11.2  997 200  4.3 6  5.5  67   55  167 303 -350  0
4218500 2850500 11 13 14  11.3  996 193  3.7 6  5.3  63   23  131 306 -353  0
4218500 2850500 11 13 15  11.4  995 177  4.2 5  5.4  64   13   89 302 -353  0
4218500 2850500 11 13 16  11.1  995 182  4.1 7  5.5  65    0   30 310 -351  0
4218500 2850500 11 13 17  10.6  994 185  4.0 7  5.2  63    0    1 323 -349  0
4218500 2850500 11 13 18  10.3  994 183  4.4 7  4.9  62    0    0 323 -347  0
4218500 2850500 11 13 19  10.3  993 200  4.6 5  4.9  62    0    0 313 -346  0
4218500 2850500 11 13 20   9.6  993 194  5.1 4  4.9  64    0    0 295 -347  0
4218500 2850500 11 13 21   9.5  993 196  4.9 5  5.0  66    0    0 294 -348  0
4218500 2850500 11 13 22   9.2  993 186  4.5 6  5.2  70    0    0 303 -348  0
4218500 2850500 11 13 23   9.2  993 212  4.4 6  5.5  74    0    0 308 -347  0
4218500 2850500 11 13 24   9.0  993 200  4.5 5  5.5  76    0    0 299 -346  0
4218500 2850500 11 14  1   8.6  993 202  4.2 4  5.3  74    0    0 282 -345  0
4218500 2850500 11 14  2   8.3  993 207  3.7 3  5.4  76    0    0 268 -344  0
4218500 2850500 11 14  3   7.5  993 196  3.1 3  5.4  80    0    0 259 -343  0
4218500 2850500 11 14  4   6.9  993 206  3.2 3  5.2  80    0    0 259 -341  0
4218500 2850500 11 14  5   5.2  992 185  2.7 1  5.0  83    0    0 248 -338  0
4218500 2850500 11 14  6   4.9  992 169  2.2 1  4.9  88    0    0 234 -336  0
4218500 2850500 11 14  7   5.0  992 160  2.7 3  5.0  90    0    0 242 -333  0
4218500 2850500 11 14  8   4.6  992 138  2.4 4  5.0  92    0    3 256 -331  0
4218500 2850500 11 14  9   4.7  992 126  2.9 5  5.0  93    0   22 267 -332  0
4218500 2850500 11 14 10   5.5  992 135  2.2 6  5.0  90    4   73 279 -335  0
4218500 2850500 11 14 11   6.6  992 134  3.1 7  5.0  85    4   97 294 -342  0
4218500 2850500 11 14 12   8.2  991 138  4.2 6  5.1  78   54  150 297 -348  0
4218500 2850500 11 14 13   9.9  990 134  4.2 5  5.3  73  121  149 291 -353  0
4218500 2850500 11 14 14  10.6  989 139  5.1 6  5.4  68   61  136 295 -355  0
4218500 2850500 11 14 15  10.4  989 130  4.1 5  5.3  66   30   93 297 -354  0
4218500 2850500 11 14 16   9.3  988 136  2.4 6  5.3  69    0   28 296 -351  0
4218500 2850500 11 14 17   8.7  989 122  3.3 7  5.3  72    0    1 305 -347  0
4218500 2850500 11 14 18   8.6  989 112  2.7 7  5.3  74    0    0 310 -344  0
4218500 2850500 11 14 19   8.4  989 133  2.8 8  5.3  75    0    0 315 -343  0
4218500 2850500 11 14 20   8.0  990  96  2.8 8  5.4  77    0    0 321 -343  0
4218500 2850500 11 14 21   8.0  989 185  2.8 8  5.5  80    0    0 321 -344  0
4218500 2850500 11 14 22   7.1  990 303  1.1 7  5.6  85    0    0 316 -346  0
4218500 2850500 11 14 23   7.1  990 177  2.3 6  5.8  90    0    0 306 -347  0
4218500 2850500 11 14 24   6.1  990 173  2.3 6  5.7  92    0    0 300 -349  0
4218500 2850500 11 15  1   6.5  990 199  2.1 7  5.7  93    0    0 305 -353  0
4218500 2850500 11 15  2   6.1  991 199  2.1 7  5.7  94    0    0 311 -357  0
4218500 2850500 11 15  3   5.7  991 172  2.3 7  5.6  95    0    0 310 -356  0
4218500 2850500 11 15  4   5.9  991 184  2.5 8  5.6  96    0    0 315 -353  0
4218500 2850500 11 15  5   5.6  991 171  2.2 7  5.6  96    0    0 311 -350  0
4218500 2850500 11 15  6   6.0  990 186  2.1 7  5.6  96    0    0 305 -348  0
4218500 2850500 11 15  7   5.6  990 197  1.4 7  5.6  96    0    0 302 -346  0
4218500 2850500 11 15  8   5.7  990 357  0.7 7  5.6  96    0    0 300 -345  0
4218500 2850500 11 15  9   6.3  990 134  1.7 8  5.8  97    0    7 307 -345  0
4218500 2850500 11 15 10   6.7  990 323  0.8 8  6.0  97    0   16 312 -348  0
4218500 2850500 11 15 11   7.4  991  12  1.5 8  6.2  97    0   23 314 -354  0
4218500 2850500 11 15 12   8.2  991  42  2.5 8  6.5  97    0   29 316 -360  0
4218500 2850500 11 15 13   8.9  991  72  1.8 8  6.9  97    0   56 321 -365  0
4218500 2850500 11 15 14   8.9  991 141  1.3 7  7.1  97    0   75 318 -367  0
4218500 2850500 11 15 15   8.9  992 122  0.6 7  7.1  97    1   62 314 -367  0
4218500 2850500 11 15 16   8.7  992 122  1.5 8  7.0  97    0   30 320 -364  0
4218500 2850500 11 15 17   8.4  993  87  1.6 8  6.9  97    0    1 326 -360  0
4218500 2850500 11 15 18   8.2  993  87  1.2 8  6.8  97    0    0 325 -357  0
4218500 2850500 11 15 19   7.2  994 103  1.9 7  6.5  97    0    0 316 -356  0
4218500 2850500 11 15 20   6.7  994  99  1.9 6  6.2  98    0    0 299 -355  0
4218500 2850500 11 15 21   7.3  995 121  2.3 6  6.3  98    0    0 292 -354  0
4218500 2850500 11 15 22   6.0  995 124  1.9 6  6.1  99    0    0 293 -354  0
4218500 2850500 11 15 23   5.9  995  64  1.3 6  5.8  99    0    0 292 -355  0
4218500 2850500 11 15 24   4.9  996  53  1.3 5  5.6  99    0    0 285 -355  0
4218500 2850500 11 16  1   5.1  996  91  1.8 7  5.5  99    0    0 291 -354  0
4218500 2850500 11 16  2   4.9  996 100  1.6 8  5.4  99    0    0 312 -352  0
4218500 2850500 11 16  3   4.9  996  79  1.6 7  5.4  99    0    0 312 -352  0
4218500 2850500 11 16  4   4.9  996  65  2.2 6  5.4  98    0    0 300 -354  0
4218500 2850500 11 16  5   5.1  996  72  2.5 7  5.4  98    0    0 300 -355  0
4218500 2850500 11 16  6   5.6  996  66  2.6 7  5.6  99    0    0 307 -356  0
4218500 2850500 11 16  7   5.8  996  44  2.5 7  5.7  99    0    0 309 -355  0
4218500 2850500 11 16  8   5.9  996  61  3.1 7  5.8  99    0    0 308 -354  0
4218500 2850500 11 16  9   6.6  997  53  3.5 8  5.9  98    0   17 318 -354  0
4218500 2850500 11 16 10   7.0  997  54  3.4 6  6.0  96    8   87 311 -358  0
4218500 2850500 11 16 11   7.9  996  63  3.3 6  6.2  95   22  138 298 -363  0
4218500 2850500 11 16 12   9.2  996  58  3.9 7  6.4  91    6  125 309 -367  0
4218500 2850500 11 16 13  10.1  996  43  4.3 5  6.4  84   42  177 303 -368  0
4218500 2850500 11 16 14  10.0  994  64  4.2 5  6.2  80   15  132 285 -367  0
4218500 2850500 11 16 15  10.0  994  64  4.8 8  6.1  79    0   52 311 -367  0
4218500 2850500 11 16 16   9.3  993  84  4.2 7  6.1  80    0    8 328 -366  0
4218500 2850500 11 16 17   9.2  993  66  4.1 8  6.2  84    0    0 328 -365  0
4218500 2850500 11 16 18   8.9  992  62  3.6 8  6.3  86    0    0 336 -366  0
4218500 2850500 11 16 19   8.7  991  61  3.8 8  6.4  89    0    0 337 -367  0
4218500 2850500 11 16 20   8.8  991  56  3.8 8  6.5  91    0    0 338 -367  0
4218500 2850500 11 16 21   9.0  990  54  4.4 8  6.6  90    0    0 339 -368  0
4218500 2850500 11 16 22   8.9  989  63  2.5 8  6.7  91    0    0 341 -369  0
4218500 2850500 11 16 23   8.8  989  45  2.7 8  6.7  93    0    0 342 -370  0
4218500 2850500 11 16 24   8.7  989  53  2.6 7  6.8  94    0    0 336 -371  0
4218500 2850500 11 17  1   8.4  989 143  2.6 8  6.7  95    0    0 338 -372  0
4218500 2850500 11 17  2   8.6  989 184  4.7 8  6.7  95    0    0 345 -371  0
4218500 2850500 11 17  3   9.6  989 212  6.5 8  6.8  92    0    0 347 -370  0
4218500 2850500 11 17  4   9.2  989 222  7.3 8  6.9  92    0    0 350 -366  0
4218500 2850500 11 17  5   9.4  990 231  7.5 8  6.9  93    0    0 349 -363  0
4218500 2850500 11 17  6   9.3  991 231  8.4 8  6.8  90    0    0 349 -363  0
4218500 2850500 11 17  7   9.5  992 238  8.2 8  6.4  85    0    0 347 -363  0
4218500 2850500 11 17  8   9.6  994 233  8.1 8  6.1  81    0    0 345 -363  0
4218500 2850500 11 17  9   9.8  995 241  8.2 8  6.0  79    0   18 344 -363  0
4218500 2850500 11 17 10   9.7  996 241  8.8 8  6.1  79    0   38 341 -362  0
4218500 2850500 11 17 11   9.0  997 232  7.7 7  6.2  83    0   32 333 -361  0
4218500 2850500 11 17 12   8.7  999 269  8.4 8  6.2  86    0   35 329 -362  0
4218500 2850500 11 17 13   9.2 1000 259  7.7 8  6.0  83    0   34 332 -363  0
4218500 2850500 11 17 14   9.1 1001 268  8.2 7  5.6  77    0   29 326 -363  0
4218500 2850500 11 17 15   9.1 1002 272  6.9 7  5.3  73    0   37 319 -361  0
4218500 2850500 11 17 16   9.0 1004 261  5.1 7  5.3  73    0   12 318 -359  0
4218500 2850500 11 17 17   8.7 1005 251  4.4 6  5.4  76    0    0 313 -354  0
4218500 2850500 11 17 18   8.8 1006 242  4.1 6  5.5  78    0    0 308 -351  0
4218500 2850500 11 17 19   8.3 1007 244  4.1 7  5.5  79    0    0 312 -348  0
4218500 2850500 11 17 20   8.3 1007 243  4.1 6  5.6  81    0    0 312 -346  0
4218500 2850500 11 17 21   8.5 1008 248  3.7 6  5.7  82    0    0 307 -343  0
4218500 2850500 11 17 22   8.8 1009 253  3.8 7  5.9  84    0    0 312 -343  0
4218500 2850500 11 17 23   8.6 1010 226  3.0 6  6.1  87    0    0 312 -344  0
4218500 2850500 11 17 24   7.3 1009 204  3.4 5  6.1  91    0    0 298 -345  0
4218500 2850500 11 18  1   6.2 1009 201  2.7 1  5.7  93    0    0 265 -343  0
4218500 2850500 11 18  2   5.7 1010 327  2.0 0  5.5  94    0    0 233 -341  0
4218500 2850500 11 18  3   4.9 1011 206  2.8 0  5.2  94    0    0 226 -342  0
4218500 2850500 11 18  4   4.2 1011 184  2.3 0  5.0  94    0    0 226 -345  0
4218500 2850500 11 18  5   3.5 1011 173  2.3 0  4.8  96    0    0 226 -344  0
4218500 2850500 11 18  6   2.7 1011 176  2.4 0  4.7  98    0    0 221 -344  0
4218500 2850500 11 18  7   2.7 1010 170  2.3 1  4.5  98    0    0 224 -345  0
4218500 2850500 11 18  8   2.7 1011 156  1.5 2  4.5  97    0    2 238 -346  0
4218500 2850500 11 18  9   3.6 1011 160  1.9 2  4.7  98   32   37 248 -347  0
4218500 2850500 11 18 10   5.4 1011 161  3.0 1  5.0  96   95   70 250 -348  0
4218500 2850500 11 18 11   7.2 1012 169  3.4 2  5.2  87  137   93 256 -350  0
4218500 2850500 11 18 12   9.7 1011 170  3.2 2  5.3  77  162  105 266 -355  0
4218500 2850500 11 18 13  10.6 1012 163  2.5 2  5.5  72  175   99 273 -358  0
4218500 2850500 11 18 14  11.0 1011 145  2.2 4  5.7  71   99  106 285 -358  0
4218500 2850500 11 18 15  10.8 1011 160  3.1 4  5.8  72   39   78 295 -356  0
4218500 2850500 11 18 16   9.9 1010 137  2.1 5  5.8  74    3   30 297 -351  0
4218500 2850500 11 18 17   8.1 1010 132  2.2 3  5.7  79    0    0 287 -345  0
4218500 2850500 11 18 18   6.2 1009 128  2.3 2  5.4  86    0    0 267 -339  0
4218500 2850500 11 18 19   5.3 1009 122  1.7 2  5.2  91    0    0 258 -335  0
4218500 2850500 11 18 20   4.0 1009  71  1.4 2  5.0  95    0    0 252 -332  0
4218500 2850500 11 18 21   4.0 1009  69  1.8 2  4.9  96    0    0 250 -328  0
4218500 2850500 11 18 22   3.6 1009  54  1.7 4  4.9  98    0    0 258 -323  0
4218500 2850500 11 18 23   3.9 1009  42  2.0 5  4.9  98    0    0 271 -319  0
4218500 2850500 11 18 24   3.8 1008  29  1.8 6  4.9  97    0    0 279 -320  0
4218500 2850500 11 19  1   4.1 1008  77  1.6 6  5.0  98    0    0 283 -325  0
4218500 2850500 11 19  2   4.8 1008  39  2.4 7  5.2  98    0    0 291 -329  0
4218500 2850500 11 19  3   5.2 1007  15  2.6 7  5.3  97    0    0 300 -332  0
4218500 2850500 11 19  4   5.6 1006  21  3.7 7  5.4  96    0    0 302 -334  0
4218500 2850500 11 19  5   5.6 1006  25  3.9 7  5.4  96    0    0 304 -335  0
4218500 2850500 11 19  6   5.8 1006  25  4.2 8  5.4  95    0    0 312 -336  0
4218500 2850500 11 19  7   5.4 1005  18  4.5 8  5.4  94    0    0 320 -337  0
4218500 2850500 11 19  8   6.0 1005  29  5.0 8  5.5  95    0    0 322 -338  0
4218500 2850500 11 19  9   6.2 1005  35  4.8 8  5.6  95    1   26 326 -338  0
4218500 2850500 11 19 10   6.5 1005  21  5.0 8  5.8  97    0   31 328 -339  0
4218500 2850500 11 19 11   6.6 1005  13  4.6 8  6.0  98    0   35 330 -341  0
4218500 2850500 11 19 12   6.7 1005  20  6.1 8  5.9  97    0   35 331 -342  0
4218500 2850500 11 19 13   6.6 1004  10  5.9 8  5.8  95    0   36 331 -342  0
4218500 2850500 11 19 14   6.3 1004  11  6.1 8  5.7  94    0   24 330 -343  0
4218500 2850500 11 19 15   6.3 1004   9  6.2 7  5.6  93    0   35 323 -344  0
4218500 2850500 11 19 16   5.7 1004   0  6.4 8  5.2  88    0   15 323 -343  0
4218500 2850500 11 19 17   5.1 1005   1  6.9 7  4.4  78    0    0 321 -343  0
4218500 2850500 11 19 18   4.7 1005 360  6.3 7  3.9  72    0    0 312 -342  0
4218500 2850500 11 19 19   4.1 1006 357  5.7 7  3.9  74    0    0 310 -343  0
4218500 2850500 11 19 20   3.3 1007 351  5.3 7  3.8  76    0    0 309 -343  0
4218500 2850500 11 19 21   2.4 1007 340  4.6 6  3.8  80    0    0 301 -343  0
4218500 2850500 11 19 22   1.6 1008 341  4.3 3  3.7  84    0    0 273 -342  0
4218500 2850500 11 19 23   0.7 1008 332  3.9 2  3.5  85    0    0 247 -342  0
4218500 2850500 11 19 24   0.1 1009 329  3.7 1  3.4  86    0    0 231 -342  0
4218500 2850500 11 20  1  -0.3 1009 333  3.6 1  3.3  87    0    0 223 -342  0
4218500 2850500 11 20  2  -0.8 1010 334  3.1 2  3.2  88    0    0 227 -341  0
4218500 2850500 11 20  3  -1.3 1010 333  2.8 2  3.1  88    0    0 233 -341  0
4218500 2850500 11 20  4  -2.1 1011 341  2.4 2  3.0  89    0    0 234 -341  0
4218500 2850500 11 20  5  -2.6 1011 350  1.9 2  2.9  90    0    0 234 -340  0
4218500 2850500 11 20  6  -2.4 1011 323  1.7 3  2.9  91    0    0 241 -340  0
4218500 2850500 11 20  7  -3.0 1011 298  1.8 4  2.9  92    0    0 252 -340  0
4218500 2850500 11 20  8  -2.9 1011 283  1.7 3  2.8  93    0    0 251 -340  0
4218500 2850500 11 20  9  -1.3 1012 281  1.7 1  3.1  94   15   31 236 -340  0
4218500 2850500 11 20 10  -0.3 1012 277  1.8 2  3.3  91   83   65 233 -340  0
4218500 2850500 11 20 11   0.7 1012 292  2.0 3  3.1  80  137   84 246 -340  0
4218500 2850500 11 20 12   1.6 1012 247  2.0 3  2.9  71  158   97 253 -340  0
4218500 2850500 11 20 13   2.3 1012 245  2.5 2  2.9  66  120  114 247 -339  0
4218500 2850500 11 20 14   2.1 1011 264  1.9 2  2.8  63   78  106 241 -338  0
4218500 2850500 11 20 15   2.4 1011 204  1.7 0  2.8  62   48   74 227 -338  0
4218500 2850500 11 20 16   1.1 1011 165  2.2 2  2.8  64    5   29 224 -337  0
4218500 2850500 11 20 17  -0.4 1010 152  2.1 2  2.8  72    0    0 233 -337  0
4218500 2850500 11 20 18  -0.9 1010 136  2.3 1  2.9  80    0    0 223 -336  0
4218500 2850500 11 20 19  -1.5 1010 149  2.1 1  3.0  86    0    0 215 -336  0
4218500 2850500 11 20 20  -1.7 1010 133  1.6 2  3.1  93    0    0 220 -335  0
4218500 2850500 11 20 21  -2.1 1009 156  2.2 5  3.2  97    0    0 245 -335  0
4218500 2850500 11 20 22  -2.3 1009 135  2.2 4  3.2  97    0    0 258 -334  0
4218500 2850500 11 20 23  -2.4 1008 131  2.2 2  3.1  97    0    0 238 -334  0
4218500 2850500 11 20 24  -2.8 1008 124  1.7 4  3.1  98    0    0 236 -333  0
4218500 2850500 11 21  1  -2.9 1008  94  2.1 5  3.0  98    0    0 253 -333  0
4218500 2850500 11 21  2  -2.8 1007  87  2.7 4  3.0  97    0    0 252 -332  0
4218500 2850500 11 21  3  -3.0 1006  90  3.2 5  3.0  97    0    0 250 -331  0
4218500 2850500 11 21  4  -2.7 1006  98  3.1 4  3.0  96    0    0 249 -331  0
4218500 2850500 11 21  5  -2.9 1005  94  3.0 2  2.9  94    0    0 227 -331  0
4218500 2850500 11 21  6  -2.9 1004  89  3.0 3  2.9  95    0    0 218 -331  0
4218500 2850500 11 21  7  -2.7 1003  94  3.2 3  3.0  96    0    0 224 -331  0
4218500 2850500 11 21  8  -2.5 1003  89  3.4 4  3.0  96    0    0 230 -331  0
4218500 2850500 11 21  9  -1.9 1003  83  2.9 4  3.2  97    3   29 237 -331  0
4218500 2850500 11 21 10  -0.8 1002  88  3.3 5  3.3  95   61   82 245 -332  0
4218500 2850500 11 21 11   1.5 1002  98  4.0 4  3.5  90  123  113 249 -334  0
4218500 2850500 11 21 12   3.1 1002 101  3.7 3  3.8  84  153  126 234 -337  0
4218500 2850500 11 21 13   4.4 1001  96  3.8 3  4.0  80  128  132 225 -339  0
4218500 2850500 11 21 14   4.4 1000  88  4.2 4  4.1  78   72  121 233 -341  0
4218500 2850500 11 21 15   3.9 1000  91  3.5 6  4.1  79    9   74 257 -340  0
4218500 2850500 11 21 16   3.2  999  88  4.6 7  4.1  84    0   19 280 -339  0
4218500 2850500 11 21 17   2.6  999  96  4.8 7  4.1  86    0    0 287 -336  0
4218500 2850500 11 21 18   2.2  999  93  5.3 7  4.0  87    0    0 284 -335  0
4218500 2850500 11 21 19   2.2  998  95  5.3 7  3.9  87    0    0 283 -333  0
4218500 2850500 11 21 20   1.8  998 100  4.3 5  3.9  88    0    0 259 -331  0
4218500 2850500 11 21 21   1.6  998  88  4.0 6  3.9  90    0    0 245 -330  0
4218500 2850500 11 21 22   1.4  998  87  4.5 7  3.9  91    0    0 271 -329  0
4218500 2850500 11 21 23   1.3  997  88  3.9 7  4.0  94    0    0 288 -329  0
4218500 2850500 11 21 24   1.3  997  78  4.5 7  4.1  96    0    0 291 -329  0
4218500 2850500 11 22  1   1.4  997  77  3.8 8  4.2  98    0    0 303 -329  0
4218500 2850500 11 22  2   1.6  996  87  4.6 8  4.2  98    0    0 314 -330  0
4218500 2850500 11 22  3   1.5  996  88  4.2 8  4.2  98    0    0 316 -331  0
4218500 2850500 11 22  4   1.9  996  76  4.5 8  4.3  98    0    0 318 -333  0
4218500 2850500 11 22  5   2.1  995  95  3.0 8  4.3  97    0    0 321 -334  0
4218500 2850500 11 22  6   2.2  995  87  4.2 8  4.4  98    0    0 322 -335  0
4218500 2850500 11 22  7   2.2  995  80  4.0 7  4.4  98    0    0 313 -337  0
4218500 2850500 11 22  8   2.3  995  87  3.4 8  4.5  99    0    0 314 -339  0
4218500 2850500 11 22  9   2.4  995  89  3.5 8  4.5  99    0   18 324 -340  0
4218500 2850500 11 22 10   2.7  995  79  3.3 6  4.6  98    0   48 309 -342  0
4218500 2850500 11 22 11   2.8  995  85  3.1 7  4.6  99    0   46 304 -344  0
4218500 2850500 11 22 12   3.0  995  86  3.1 8  4.7  98    0   39 320 -345  0
4218500 2850500 11 22 13   3.3  995  80  3.0 8  4.7  98    0   33 327 -347  0
4218500 2850500 11 22 14   3.2  995  83  2.3 6  4.8  98    1   80 315 -349  0
4218500 2850500 11 22 15   3.3  995  89  2.0 8  4.8  99    0   45 315 -350  0
4218500 2850500 11 22 16   3.3  996  77  1.8 8  4.8  99    0    4 328 -351  0
4218500 2850500 11 22 17   3.4  996  98  1.9 8  4.8  98    0    0 327 -350  0
4218500 2850500 11 22 18   3.4  996 129  1.4 7  4.8  98    0    0 321 -350  0
4218500 2850500 11 22 19   3.5  997  85  1.7 8  4.9  98    0    0 322 -350  0
4218500 2850500 11 22 20   3.7  997 117  1.0 8  4.9  98    0    0 328 -348  0
4218500 2850500 11 22 21   3.7  997 329  0.6 8  4.9  97    0    0 327 -344  0
4218500 2850500 11 22 22   3.8  997 226  0.7 8  4.9  97    0    0 327 -341  0
4218500 2850500 11 22 23   3.7  998 281  1.0 8  5.0  98    0    0 328 -341  0
4218500 2850500 11 22 24   3.8  998 308  0.9 7  5.0  99    0    0 322 -341  0
4218500 2850500 11 23  1   3.8  998 256  0.6 8  5.0  99    0    0 322 -342  0
4218500 2850500 11 23  2   3.9  999 296  1.5 8  5.0  98    0    0 326 -343  0
4218500 2850500 11 23  3   4.0  999 287  1.7 7  5.0  98    0    0 321 -345  0
4218500 2850500 11 23  4   4.0  999 253  1.4 8  5.0  98    0    0 321 -346  0
4218500 2850500 11 23  5   4.0 1000 281  2.3 8  5.0  98    0    0 325 -347  0
4218500 2850500 11 23  6   3.7 1000 289  1.7 8  4.9  96    0    0 325 -347  0
4218500 2850500 11 23  7   3.5 1000 273  2.0 8  4.8  96    0    0 324 -346  0
4218500 2850500 11 23  8   3.5 1001 273  1.9 8  4.8  96    0    0 323 -345  0
4218500 2850500 11 23  9   3.5 1001 277  2.5 8  4.8  96    0   10 322 -345  0
4218500 2850500 11 23 10   3.7 1002 278  1.6 8  4.8  96    0   34 322 -345  0
4218500 2850500 11 23 11   4.1 1003 278  1.6 8  4.8  96    0   57 322 -346  0
4218500 2850500 11 23 12   4.5 1003 262  2.1 8  5.0  95    0   70 321 -348  0
4218500 2850500 11 23 13   4.7 1003 274  2.1 7  5.1  95    0   56 316 -350  0
4218500 2850500 11 23 14   5.1 1004 268  2.7 8  5.2  95    0   45 316 -351  0
4218500 2850500 11 23 15   5.2 1004 289  2.4 8  5.3  95    0   24 321 -350  0
4218500 2850500 11 23 16   5.3 1004 245  1.5 8  5.3  96    0    4 320 -348  0
4218500 2850500 11 23 17   5.4 1005 257  1.7 7  5.5  97    0    0 312 -345  0
4218500 2850500 11 23 18   5.5 1005 271  1.6 8  5.5  98    0    0 309 -340  0
4218500 2850500 11 23 19   5.6 1005 339  0.6 7  5.5  97    0    0 308 -335  0
4218500 2850500 11 23 20   5.4 1005 216  1.8 6  5.5  97    0    0 298 -331  0
4218500 2850500 11 23 21   5.3 1006 202  2.2 8  5.5  98    0    0 303 -328  0
4218500 2850500 11 23 22   5.3 1006 213  1.5 8  5.5  98    0    0 316 -326  0
4218500 2850500 11 23 23   5.3 1006 212  1.6 8  5.5  98    0    0 317 -325  0
4218500 2850500 11 23 24   4.9 1007 350  0.7 4  5.4  98    0    0 293 -324  0
4218500 2850500 11 24  1   4.5 1007 122  1.3 6  5.3  99    0    0 281 -323  0
4218500 2850500 11 24  2   4.0 1007 120  1.3 6  5.1  99    0    0 289 -323  0
4218500 2850500 11 24  3   3.8 1007 113  1.9 7  5.0  98    0    0 294 -323  0
4218500 2850500 11 24  4   3.0 1007 168  1.9 7  4.8  99    0    0 298 -323  0
4218500 2850500 11 24  5   2.8 1007 128  2.2 7  4.7  99    0    0 297 -323  0
4218500 2850500 11 24  6   2.6 1007 105  2.9 6  4.6  98    0    0 289 -324  0
4218500 2850500 11 24  7   2.2 1007 126  3.1 4  4.5  98    0    0 264 -327  0
4218500 2850500 11 24  8   2.0 1007 129  2.3 7  4.4  99    0    0 270 -330  0
4218500 2850500 11 24  9   2.4 1007 118  2.3 7  4.4  99    0   14 294 -333  0
4218500 2850500 11 24 10   3.8 1008 129  3.4 5  4.7  98   29   73 285 -336  0
4218500 2850500 11 24 11   4.8 1008 146  3.8 6  5.0  97   80  107 283 -339  0
4218500 2850500 11 24 12   6.3 1007 134  3.5 5  5.3  94  107  123 285 -344  0
4218500 2850500 11 24 13   7.3 1007 143  4.2 5  5.5  90   52  133 282 -348  0
4218500 2850500 11 24 14   7.8 1007 162  2.7 4  5.6  86   90  107 279 -351  0
4218500 2850500 11 24 15   7.3 1007 164  3.5 5  5.4  83   34   77 279 -351  0
4218500 2850500 11 24 16   6.9 1007 141  3.1 6  5.2  83    0   21 288 -346  0
4218500 2850500 11 24 17   6.6 1007 136  3.0 7  5.4  87    0    0 299 -338  0
4218500 2850500 11 24 18   6.6 1007 129  3.4 8  5.6  92    0    0 308 -333  0
4218500 2850500 11 24 19   6.8 1007 117  3.0 7  5.7  93    0    0 309 -332  0
4218500 2850500 11 24 20   6.8 1007 124  3.1 8  5.7  92    0    0 309 -334  0
4218500 2850500 11 24 21   6.2 1007 120  2.9 7  5.5  91    0    0 307 -334  0
4218500 2850500 11 24 22   5.6 1007 110  3.1 6  5.4  92    0    0 294 -332  0
4218500 2850500 11 24 23   5.3 1007 111  3.7 6  5.3  94    0    0 286 -331  0
4218500 2850500 11 24 24   5.7 1007 122  4.2 6  5.3  94    0    0 285 -330  0
4218500 2850500 11 25  1   5.4 1006  88  2.5 6  5.3  93    0    0 285 -329  0
4218500 2850500 11 25  2   4.4 1005  74  3.6 4  5.1  93    0    0 272 -328  0
4218500 2850500 11 25  3   3.9 1005  87  3.4 3  4.9  94    0    0 250 -327  0
4218500 2850500 11 25  4   4.0 1005  72  3.7 4  4.8  95    0    0 249 -327  0
4218500 2850500 11 25  5   4.2 1004  59  3.3 6  5.0  96    0    0 270 -327  0
4218500 2850500 11 25  6   4.2 1003  82  4.4 8  5.0  97    0    0 301 -328  0
4218500 2850500 11 25  7   4.3 1003  87  3.9 8  5.1  97    0    0 317 -330  0
4218500 2850500 11 25  8   4.6 1002  91  3.9 8  5.1  97    0    0 319 -331  0
4218500 2850500 11 25  9   4.6 1002  88  4.0 8  5.2  98    0    6 321 -332  0
4218500 2850500 11 25 10   4.4 1002  90  3.1 8  5.2  98    0   19 321 -334  0
4218500 2850500 11 25 11   4.8 1002  73  3.6 8  5.2  98    0   33 321 -337  0
4218500 2850500 11 25 12   5.2 1001  87  3.5 7  5.3  97    0   52 309 -340  0
4218500 2850500 11 25 13   5.8 1001  90  3.4 8  5.6  98    0   71 313 -343  0
4218500 2850500 11 25 14   6.1 1000  91  3.3 6  5.6  96    6  102 307 -344  0
4218500 2850500 11 25 15   6.1 1001  94  2.0 6  5.5  93    5   74 292 -343  0
4218500 2850500 11 25 16   5.7 1000  91  3.0 7  5.5  94    0   14 301 -342  0
4218500 2850500 11 25 17   5.1 1000 106  2.0 7  5.3  94    0    0 307 -342  0
4218500 2850500 11 25 18   4.7 1000 165  2.4 7  5.2  96    0    0 305 -341  0
4218500 2850500 11 25 19   4.6 1001 165  2.6 6  5.2  97    0    0 298 -341  0
4218500 2850500 11 25 20   4.4 1001 199  2.8 6  5.2  98    0    0 291 -341  0
4218500 2850500 11 25 21   4.0 1001 189  2.3 6  5.1  99    0    0 290 -341  0
4218500 2850500 11 25 22   3.8 1001 188  3.4 7  5.0  99    0    0 297 -341  0
4218500 2850500 11 25 23   3.8 1002 191  3.6 6  5.0  99    0    0 297 -341  0
4218500 2850500 11 25 24   3.9 1002 192  3.1 6  5.0  98    0    0 291 -341  0
4218500 2850500 11 26  1   4.5 1002 192  3.0 7  5.0  97    0    0 298 -341  0
4218500 2850500 11 26  2   5.0 1002 184  3.2 7  5.3  99    0    0 306 -341  0
4218500 2850500 11 26  3   6.2 1002 178  3.6 8  5.5  96    0    0 316 -340  0
4218500 2850500 11 26  4   6.5 1002 194  3.0 8  5.7  94    0    0 324 -340  0
4218500 2850500 11 26  5   6.6 1003 194  2.5 8  5.8  95    0    0 326 -340  0
4218500 2850500 11 26  6   6.5 1003 174  2.9 8  5.8  95    0    0 327 -340  0
4218500 2850500 11 26  7   6.8 1003 185  3.2 8  5.9  96    0    0 328 -340  0
4218500 2850500 11 26  8   7.1 1004 184  3.2 8  6.0  96    0    0 330 -339  0
4218500 2850500 11 26  9   7.7 1005 185  3.5 8  6.2  96    0   13 333 -340  0
4218500 2850500 11 26 10   8.2 1005 196  3.7 8  6.4  96    0   34 335 -340  0
4218500 2850500 11 26 11   8.7 1005 209  3.9 8  6.7  96    0   49 336 -342  0
4218500 2850500 11 26 12   9.2 1006 226  4.0 8  6.8  94    0   80 337 -343  0
4218500 2850500 11 26 13   9.7 1006 238  3.9 7  6.6  89   11  114 333 -343  0
4218500 2850500 11 26 14   9.5 1006 239  3.5 6  6.3  84   12   99 322 -343  0
4218500 2850500 11 26 15   9.4 1007 246  3.3 8  6.1  82    0   38 326 -342  0
4218500 2850500 11 26 16   9.0 1007 272  4.3 8  5.9  81    0    4 337 -341  0
4218500 2850500 11 26 17   8.5 1008 277  4.4 7  5.7  81    0    0 329 -340  0
4218500 2850500 11 26 18   7.4 1008 264  3.6 6  5.4  81    0    0 315 -339  0
4218500 2850500 11 26 19   7.5 1009 262  3.9 6  5.4  83    0    0 309 -339  0
4218500 2850500 11 26 20   7.6 1010 261  4.0 7  5.6  86    0    0 316 -338  0
4218500 2850500 11 26 21   7.7 1010 260  2.9 8  5.7  87    0    0 327 -338  0
4218500 2850500 11 26 22   7.8 1011 264  2.8 8  5.7  86    0    0 333 -337  0
4218500 2850500 11 26 23   7.8 1011 273  3.1 8  5.7  86    0    0 334 -337  0
4218500 2850500 11 26 24   7.7 1011 265  2.9 8  5.7  87    0    0 334 -336  0
4218500 2850500 11 27  1   7.7 1012 276  2.5 8  5.8  88    0    0 333 -336  0
4218500 2850500 11 27  2   7.6 1012 273  2.4 8  5.8  89    0    0 333 -335  0
4218500 2850500 11 27  3   7.5 1013 282  2.0 8  5.8  89    0    0 333 -334  0
4218500 2850500 11 27  4   7.3 1013 319  2.7 8  5.7  90    0    0 333 -333  0
4218500 2850500 11 27  5   6.8 1013 336  2.3 8  5.5  88    0    0 331 -332  0
4218500 2850500 11 27  6   5.9 1014 339  2.8 8  5.1  85    0    0 328 -331  0
4218500 2850500 11 27  7   4.9 1014 338  2.4 8  4.6  83    0    0 324 -329  0
4218500 2850500 11 27  8   4.4 1015 358  2.5 8  4.4  84    0    0 322 -328  0
4218500 2850500 11 27  9   4.5 1015   2  2.4 8  4.4  85    0   18 321 -326  0
4218500 2850500 11 27 10   5.2 1016  34  1.8 5  4.5  83   12   74 305 -326  0
4218500 2850500 11 27 11   5.6 1016  62  2.2 6  4.4  80   14  109 295 -328  0
4218500 2850500 11 27 12   5.5 1017  69  2.5 6  4.5  79   20  133 301 -331  0
4218500 2850500 11 27 13   5.8 1016  74  2.7 5  4.6  81   28  140 296 -333  0
4218500 2850500 11 27 14   5.5 1016  79  2.8 5  4.7  84    8  101 290 -334  0
4218500 2850500 11 27 15   5.6 1016  85  2.9 6  4.7  83    1   53 295 -332  0
4218500 2850500 11 27 16   5.1 1016  93  2.6 7  4.5  81    0   11 304 -327  0
4218500 2850500 11 27 17   4.8 1016  83  2.7 6  4.5  84    0    0 302 -322  0
4218500 2850500 11 27 18   4.7 1016  95  2.6 6  4.6  86    0    0 295 -318  0
4218500 2850500 11 27 19   4.7 1016  98  2.9 7  4.5  85    0    0 298 -316  0
4218500 2850500 11 27 20   4.7 1016 116  3.1 8  4.4  82    0    0 307 -315  0
4218500 2850500 11 27 21   4.6 1016 108  2.8 8  4.3  82    0    0 309 -315  0
4218500 2850500 11 27 22   4.7 1016 103  3.5 8  4.4  83    0    0 309 -315  0
4218500 2850500 11 27 23   4.9 1016  92  3.3 8  4.5  85    0    0 307 -315  0
4218500 2850500 11 27 24   4.6 1015 115  4.7 8  4.5  85    0    0 306 -314  0
4218500 2850500 11 28  1   4.4 1015 106  4.1 8  4.5  86    0    0 306 -313  0
4218500 2850500 11 28  2   4.4 1014 108  4.6 8  4.6  89    0    0 306 -311  0
4218500 2850500 11 28  3   4.7 1014 117  4.8 8  4.8  91    0    0 306 -311  0
4218500 2850500 11 28  4   4.9 1013 120  3.9 8  4.8  91    0    0 307 -311  0
4218500 2850500 11 28  5   4.9 1013 115  3.8 8  4.9  90    0    0 308 -311  0
4218500 2850500 11 28  6   5.0 1013  99  3.4 8  4.9  91    0    0 309 -312  0
4218500 2850500 11 28  7   5.1 1012  94  4.2 8  5.0  92    0    0 309 -311  0
4218500 2850500 11 28  8   5.2 1012  98  3.7 8  5.0  92    0    0 310 -310  0
4218500 2850500 11 28  9   5.4 1012  98  4.0 8  5.1  92    0    4 310 -310  0
4218500 2850500 11 28 10   5.5 1012 116  3.3 7  5.2  93    0   38 306 -311  0
4218500 2850500 11 28 11   5.9 1012 109  3.1 8  5.3  94    0   33 307 -313  0
4218500 2850500 11 28 12   6.1 1012 106  3.8 8  5.3  92    0   29 315 -315  0
4218500 2850500 11 28 13   6.6 1011 110  4.0 7  5.5  91    0   56 310 -315  0
4218500 2850500 11 28 14   6.9 1010 113  3.5 7  5.6  90    0   46 306 -316  0
4218500 2850500 11 28 15   6.9 1010 120  3.5 7  5.5  89    0   25 307 -316  0
4218500 2850500 11 28 16   6.9 1010 117  3.8 8  5.5  89    0   13 313 -316  0
4218500 2850500 11 28 17   6.9 1009 109  3.5 8  5.6  90    0    0 319 -315  0
4218500 2850500 11 28 18   6.9 1009 111  3.8 8  5.7  92    0    0 320 -315  0
4218500 2850500 11 28 19   6.9 1009 121  3.6 7  5.8  93    0    0 312 -315  0
4218500 2850500 11 28 20   6.6 1009 120  3.7 7  5.8  94    0    0 304 -314  0
4218500 2850500 11 28 21   6.8 1009 117  3.7 7  5.8  94    0    0 303 -314  0
4218500 2850500 11 28 22   6.7 1009 119  3.6 8  5.9  95    0    0 313 -313  0
4218500 2850500 11 28 23   6.7 1008 138  3.3 8  5.8  95    0    0 323 -313  0
4218500 2850500 11 28 24   6.3 1008 129  3.3 7  5.6  93    0    0 312 -314  0
4218500 2850500 11 29  1   6.0 1008 131  2.5 6  5.5  93    0    0 291 -314  0
4218500 2850500 11 29  2   5.3 1008 121  3.2 5  5.4  95    0    0 264 -314  0
4218500 2850500 11 29  3   5.1 1008 133  2.8 6  5.3  95    0    0 250 -315  0
4218500 2850500 11 29  4   5.0 1008 123  2.9 7  5.2  96    0    0 276 -315  0
4218500 2850500 11 29  5   5.1 1008 117  2.6 7  5.2  96    0    0 290 -315  0
4218500 2850500 11 29  6   5.0 1008 139  2.6 8  5.3  97    0    0 305 -315  0
4218500 2850500 11 29  7   5.1 1008 127  2.3 8  5.3  97    0    0 324 -315  0
4218500 2850500 11 29  8   5.3 1008 145  2.3 8  5.3  96    0    0 325 -315  0
4218500 2850500 11 29  9   5.4 1008 108  2.8 8  5.3  96    0    4 326 -315  0
4218500 2850500 11 29 10   5.8 1008 124  2.6 6  5.4  95    0   31 286 -315  0
4218500 2850500 11 29 11   6.1 1008 117  2.1 6  5.6  95    0   53 260 -315  0
4218500 2850500 11 29 12   6.4 1009 104  2.6 7  5.8  98    0   48 288 -316  0
4218500 2850500 11 29 13   6.7 1008  72  2.2 7  5.9  97    0   69 306 -318  0
4218500 2850500 11 29 14   7.4 1008 106  1.5 7  6.0  96    0   53 308 -319  0
4218500 2850500 11 29 15   7.5 1009  83  1.9 6  6.1  95    3   57 301 -318  0
4218500 2850500 11 29 16   7.2 1009  98  2.8 8  6.1  94    1   24 313 -318  0
4218500 2850500 11 29 17   7.1 1009  97  2.9 8  5.9  94    0    0 330 -318  0
4218500 2850500 11 29 18   6.9 1009  90  2.8 8  5.9  94    0    0 330 -317  0
4218500 2850500 11 29 19   6.8 1009 118  3.0 8  6.0  96    0    0 331 -317  0
4218500 2850500 11 29 20   6.8 1009 116  3.1 8  6.1  98    0    0 331 -316  0
4218500 2850500 11 29 21   6.8 1010  92  2.8 8  6.1  99    0    0 331 -316  0
4218500 2850500 11 29 22   6.8 1010  88  3.0 8  6.1  98    0    0 331 -316  0
4218500 2850500 11 29 23   6.8 1010  85  2.9 8  6.0  98    0    0 330 -316  0
4218500 2850500 11 29 24   6.7 1010  85  3.3 8  6.0  98    0    0 329 -316  0
4218500 2850500 11 30  1   6.7 1010  74  3.2 8  6.0  98    0    0 329 -316  0
4218500 2850500 11 30  2   6.5 1010  78  3.2 8  5.9  98    0    0 329 -316  0
4218500 2850500 11 30  3   6.3 1010  79  3.2 8  5.9  99    0    0 327 -316  0
4218500 2850500 11 30  4   6.3 1010  70  3.1 8  5.9  98    0    0 327 -315  0
4218500 2850500 11 30  5   6.1 1010  59  3.5 8  5.7  96    0    0 326 -315  0
4218500 2850500 11 30  6   6.0 1009  63  3.9 8  5.6  95    0    0 325 -315  0
4218500 2850500 11 30  7   6.0 1009  60  3.7 8  5.5  95    0    0 325 -314  0
4218500 2850500 11 30  8   5.7 1009  44  4.1 8  5.5  96    0    0 325 -313  0
4218500 2850500 11 30  9   5.5 1010  56  3.4 8  5.5  97    0    9 324 -313  0
4218500 2850500 11 30 10   5.3 1010  32  3.6 7  5.5  98    0   22 315 -313  0
4218500 2850500 11 30 11   5.0 1010  33  3.7 7  5.4  98    0   26 307 -314  0
4218500 2850500 11 30 12   5.0 1010  39  4.1 8  5.3  97    0   20 313 -314  0
4218500 2850500 11 30 13   4.8 1010  51  3.4 8  5.2  96    0   28 318 -315  0
4218500 2850500 11 30 14   4.8 1010  38  2.9 7  5.1  95    0   34 309 -315  0
4218500 2850500 11 30 15   4.6 1010  29  3.2 7  5.0  94    0   29 298 -315  0
4218500 2850500 11 30 16   4.4 1010  34  3.1 8  4.9  94    0    2 307 -314  0
4218500 2850500 11 30 17   4.1 1011  20  3.2 8  4.8  93    0    0 314 -313  0
4218500 2850500 11 30 18   3.5 1011  34  2.8 8  4.7  94    0    0 312 -312  0
4218500 2850500 11 30 19   2.8 1011  20  2.4 8  4.5  95    0    0 311 -311  0
4218500 2850500 11 30 20   2.5 1012  14  2.7 8  4.4  96    0    0 311 -311  0
4218500 2850500 11 30 21   2.3 1012   4  2.2 8  4.3  95    0    0 311 -310  0
4218500 2850500 11 30 22   1.7 1012 343  1.5 8  4.2  95    0    0 311 -310  0
4218500 2850500 11 30 23   1.8 1012 337  1.7 8  4.1  96    0    0 311 -310  0
4218500 2850500 11 30 24   1.9 1013 307  1.6 8  4.1  95    0    0 313 -309  0
4218500 2850500 12  1  1   1.9 1012 302  1.3 8  4.2  96    0    0 315 -308  0
4218500 2850500 12  1  2   1.9 1012 307  0.9 8  4.2  96    0    0 315 -308  0
4218500 2850500 12  1  3   2.0 1012 357  0.1 8  4.2  96    0    0 316 -307  0
4218500 2850500 12  1  4   2.1 1012 291  1.3 8  4.2  96    0    0 316 -307  0
4218500 2850500 12  1  5   2.4 1012 276  0.6 8  4.4  98    0    0 318 -306  0
4218500 2850500 12  1  6   2.5 1012 354  0.3 8  4.4  98    0    0 319 -306  0
4218500 2850500 12  1  7   2.8 1011 248  1.5 8  4.5  98    0    0 319 -306  0
4218500 2850500 12  1  8   2.9 1011 183  1.1 8  4.6  98    0    0 318 -306  0
4218500 2850500 12  1  9   3.4 1011 227  1.6 8  4.7  98    0    6 318 -306  0
4218500 2850500 12  1 10   3.8 1011 246  1.3 7  4.8  98    1   43 313 -306  0
4218500 2850500 12  1 11   4.1 1011 257  1.7 7  4.9  98    0   42 308 -308  0
4218500 2850500 12  1 12   4.5 1011 274  2.1 8  5.1  98    0   38 314 -309  0
4218500 2850500 12  1 13   4.7 1010 253  2.2 8  5.1  96    0   34 321 -310  0
4218500 2850500 12  1 14   4.8 1010 258  1.6 8  4.9  93    0   30 320 -311  0
4218500 2850500 12  1 15   4.8 1009 204  1.9 7  4.9  91    0   30 314 -311  0
4218500 2850500 12  1 16   4.6 1008 179  1.9 8  4.9  91    0   13 313 -311  0
4218500 2850500 12  1 17   4.3 1008 139  2.7 8  4.9  93    0    0 316 -310  0
4218500 2850500 12  1 18   4.6 1007 140  3.0 7  4.9  94    0    0 310 -309  0
4218500 2850500 12  1 19   4.7 1007 141  3.7 8  5.1  95    0    0 310 -309  0
4218500 2850500 12  1 20   4.7 1006 138  3.3 8  5.2  97    0    0 315 -309  0
4218500 2850500 12  1 21   4.9 1006 142  3.6 8  5.2  97    0    0 315 -309  0
4218500 2850500 12  1 22   5.1 1005 128  3.8 8  5.3  97    0    0 316 -308  0
4218500 2850500 12  1 23   5.0 1004 145  3.4 8  5.3  97    0    0 316 -308  0
4218500 2850500 12  1 24   4.8 1004 140  2.5 7  5.2  96    0    0 309 -307  0
4218500 2850500 12  2  1   4.5 1003 127  4.2 7  5.1  96    0    0 303 -307  0
4218500 2850500 12  2  2   3.6 1002 127  4.1 5  4.9  96    0    0 289 -306  0
4218500 2850500 12  2  3   3.3 1001 127  4.4 3  4.7  96    0    0 262 -306  0
4218500 2850500 12  2  4   3.3 1000 128  4.8 1  4.6  95    0    0 238 -305  0
4218500 2850500 12  2  5   3.4  999 129  4.9 2  4.6  93    0    0 230 -304  0
4218500 2850500 12  2  6   3.3  999 128  4.4 2  4.5  92    0    0 234 -303  0
4218500 2850500 12  2  7   3.0  999 136  4.5 2  4.4  91    0    0 228 -302  0
4218500 2850500 12  2  8   3.2  999 125  4.2 3  4.4  92    0    0 228 -301  0
4218500 2850500 12  2  9   3.7  999 136  4.2 4  4.5  92   10   15 242 -300  0
4218500 2850500 12  2 10   4.4  999 149  4.6 5  4.5  88   54   56 256 -301  0
4218500 2850500 12  2 11   4.9  999 155  4.4 4  4.6  85  101   86 256 -303  0
4218500 2850500 12  2 12   5.4  999 160  4.5 7  4.6  83   40  119 272 -306  0
4218500 2850500 12  2 13   5.5  999 165  4.1 7  4.7  82    3   92 300 -308  0
4218500 2850500 12  2 14   5.4  999 163  3.5 7  4.6  81    9   89 298 -310  0
4218500 2850500 12  2 15   5.5  999 153  3.0 8  4.6  81    4   57 307 -310  0
4218500 2850500 12  2 16   5.5 1000 168  2.8 8  4.6  81    0   10 321 -309  0
4218500 2850500 12  2 17   5.2 1000 161  2.5 8  4.7  84    0    0 322 -307  0
4218500 2850500 12  2 18   4.9 1001 123  3.1 7  4.8  88    0    0 311 -305  0
4218500 2850500 12  2 19   5.6 1001 143  2.9 7  4.9  88    0    0 299 -305  0
4218500 2850500 12  2 20   5.6 1002 152  2.6 8  5.1  88    0    0 310 -306  0
4218500 2850500 12  2 21   5.4 1003 153  2.4 8  5.1  90    0    0 324 -306  0
4218500 2850500 12  2 22   4.6 1003 137  2.3 5  5.0  91    0    0 283 -306  0
4218500 2850500 12  2 23   4.3 1004 142  2.4 4  4.9  92    0    0 238 -306  0
4218500 2850500 12  2 24   3.3 1004 129  1.5 3  4.8  94    0    0 216 -307  0
4218500 2850500 12  3  1   2.6 1004 107  2.0 3  4.6  96    0    0 210 -306  0
4218500 2850500 12  3  2   1.7 1005  94  2.0 2  4.3  97    0    0 203 -306  0
4218500 2850500 12  3  3   1.7 1005  96  2.2 3  4.2  98    0    0 206 -306  0
4218500 2850500 12  3  4   2.4 1006  90  3.0 3  4.4  99    0    0 227 -306  0
4218500 2850500 12  3  5   3.2 1006  79  2.9 5  4.6  99    0    0 249 -306  0
4218500 2850500 12  3  6   3.8 1006  79  3.6 6  4.9  99    0    0 278 -306  0
4218500 2850500 12  3  7   4.2 1006  81  3.8 8  5.0  98    0    0 304 -306  0
4218500 2850500 12  3  8   4.1 1007  80  3.9 8  5.0  98    0    0 320 -306  0
4218500 2850500 12  3  9   4.0 1008  87  4.2 7  4.9  96    6   13 313 -306  0
4218500 2850500 12  3 10   3.9 1009  86  3.8 7  4.8  96    2   46 308 -307  0
4218500 2850500 12  3 11   4.6 1009  79  3.4 7  4.9  96    0   64 308 -308  0
4218500 2850500 12  3 12   5.0 1010  76  3.4 7  5.1  94    0   69 309 -310  0
4218500 2850500 12  3 13   4.8 1010  81  4.4 7  5.0  93    0   81 308 -311  0
4218500 2850500 12  3 14   4.4 1010  56  3.8 8  4.8  90    0   60 311 -313  0
4218500 2850500 12  3 15   3.8 1010  79  3.7 7  4.6  91    0   37 309 -313  0
4218500 2850500 12  3 16   3.5 1010  72  4.2 8  4.6  92    0   11 306 -312  0
4218500 2850500 12  3 17   3.1 1010  66  4.5 8  4.4  91    0    0 309 -311  0
4218500 2850500 12  3 18   2.7 1010  65  4.1 8  4.2  90    0    0 307 -311  0
4218500 2850500 12  3 19   2.4 1011  76  4.1 8  4.1  90    0    0 306 -311  0
4218500 2850500 12  3 20   1.9 1011  82  4.6 8  4.0  90    0    0 305 -311  0
4218500 2850500 12  3 21   1.7 1012  86  3.5 8  4.0  92    0    0 304 -311  0
4218500 2850500 12  3 22   1.6 1012  78  4.0 8  4.0  92    0    0 302 -311  0
4218500 2850500 12  3 23   1.5 1012  72  3.7 8  3.9  93    0    0 301 -310  0
4218500 2850500 12  3 24   1.4 1012  76  3.7 8  3.9  92    0    0 300 -310  0
4218500 2850500 12  4  1   1.2 1012  71  4.3 8  3.8  92    0    0 299 -310  0
4218500 2850500 12  4  2   1.2 1012  87  3.0 8  3.8  92    0    0 298 -311  0
4218500 2850500 12  4  3   1.0 1012  85  3.0 8  3.8  91    0    0 296 -311  0
4218500 2850500 12  4  4   1.1 1012  90  3.9 8  3.7  91    0    0 296 -310  0
4218500 2850500 12  4  5   1.0 1012  84  2.7 8  3.7  91    0    0 295 -309  0
4218500 2850500 12  4  6   0.8 1013  79  3.0 8  3.7  91    0    0 295 -309  0
4218500 2850500 12  4  7   0.8 1013  90  3.5 8  3.7  92    0    0 295 -309  0
4218500 2850500 12  4  8   0.8 1013  80  2.7 8  3.7  92    0    0 295 -308  0
4218500 2850500 12  4  9   0.8 1013  82  3.0 8  3.7  91    4   11 295 -307  0
4218500 2850500 12  4 10   0.9 1013  93  2.7 8  3.8  94    2   43 296 -308  0
4218500 2850500 12  4 11   1.1 1013  97  2.8 8  3.8  94    0   40 296 -310  0
4218500 2850500 12  4 12   1.2 1013  89  2.7 8  3.8  92    0   33 297 -313  0
4218500 2850500 12  4 13   1.3 1013  93  2.4 8  3.8  92    0   19 297 -314  0
4218500 2850500 12  4 14   1.3 1012  97  2.4 8  3.8  92    0   15 298 -315  0
4218500 2850500 12  4 15   1.3 1012 107  2.6 8  3.8  91    0   36 298 -315  0
4218500 2850500 12  4 16   1.3 1012  96  3.1 8  3.8  91    0   11 299 -315  0
4218500 2850500 12  4 17   1.1 1013 101  3.4 8  3.8  93    0    0 299 -313  0
4218500 2850500 12  4 18   1.1 1012 107  2.8 8  3.9  94    0    0 299 -312  0
4218500 2850500 12  4 19   1.1 1012 122  2.7 8  3.9  95    0    0 299 -310  0
4218500 2850500 12  4 20   1.3 1013 133  3.0 8  3.9  95    0    0 300 -309  0
4218500 2850500 12  4 21   1.3 1012 113  2.8 8  3.9  94    0    0 301 -308  0
4218500 2850500 12  4 22   1.2 1012 114  2.2 8  3.9  94    0    0 302 -307  0
4218500 2850500 12  4 23   1.2 1012 101  3.0 8  3.9  93    0    0 301 -306  0
4218500 2850500 12  4 24   1.4 1013  97  2.9 8  3.9  92    0    0 300 -305  0
4218500 2850500 12  5  1   1.4 1013  77  3.1 8  3.9  93    0    0 300 -304  0
4218500 2850500 12  5  2   1.3 1013  96  3.0 8  4.0  95    0    0 298 -303  0
4218500 2850500 12  5  3   1.3 1013  80  3.2 8  3.9  94    0    0 297 -302  0
4218500 2850500 12  5  4   1.2 1013  81  3.5 8  3.9  93    0    0 296 -302  0
4218500 2850500 12  5  5   1.3 1013  73  3.7 8  3.9  93    0    0 297 -301  0
4218500 2850500 12  5  6   1.2 1013  69  3.7 8  3.8  92    0    0 298 -301  0
4218500 2850500 12  5  7   0.8 1014  73  3.7 8  3.8  93    0    0 298 -301  0
4218500 2850500 12  5  8   0.9 1014  84  3.5 8  3.8  93    0    0 299 -300  0
4218500 2850500 12  5  9   0.8 1015  67  3.7 8  3.8  94    0    1 301 -300  0
4218500 2850500 12  5 10   0.8 1016  68  4.2 8  3.8  95    0   26 300 -301  0
4218500 2850500 12  5 11   1.2 1017  63  3.9 6  3.7  92    0   51 289 -304  0
4218500 2850500 12  5 12   1.2 1017  65  3.8 8  3.7  89    0   59 290 -308  0
4218500 2850500 12  5 13   1.2 1017  48  3.9 8  3.6  87    0   31 300 -311  0
4218500 2850500 12  5 14   1.1 1018  64  3.8 8  3.6  86    0   34 301 -312  0
4218500 2850500 12  5 15   0.9 1019  38  4.7 8  3.5  87    0   29 303 -313  0
4218500 2850500 12  5 16   0.7 1019  41  4.5 8  3.4  85    0    8 303 -313  0
4218500 2850500 12  5 17   0.2 1020  41  4.5 8  3.2  82    0    0 303 -312  0
4218500 2850500 12  5 18  -0.5 1021  45  5.0 8  3.0  81    0    0 302 -312  0
4218500 2850500 12  5 19  -0.9 1021  44  4.3 8  2.9  81    0    0 300 -312  0
4218500 2850500 12  5 20  -1.0 1022  56  4.5 8  2.9  82    0    0 300 -312  0
4218500 2850500 12  5 21  -1.2 1022  52  4.0 8  2.8  82    0    0 301 -313  0
4218500 2850500 12  5 22  -1.4 1023  59  3.9 8  2.8  83    0    0 301 -314  0
4218500 2850500 12  5 23  -1.6 1023  64  4.2 8  2.9  86    0    0 302 -314  0
4218500 2850500 12  5 24  -1.9 1023  61  4.4 8  3.0  90    0    0 303 -314  0
4218500 2850500 12  6  1  -1.9 1023  58  4.3 8  3.0  92    0    0 303 -315  0
4218500 2850500 12  6  2  -1.8 1024  65  3.6 8  3.0  92    0    0 304 -315  0
4218500 2850500 12  6  3  -1.7 1024  55  4.9 8  3.0  91    0    0 303 -315  0
4218500 2850500 12  6  4  -1.7 1024  47  4.2 8  3.0  90    0    0 303 -315  0
4218500 2850500 12  6  5  -1.5 1024  49  4.2 8  3.0  90    0    0 303 -315  0
4218500 2850500 12  6  6  -1.2 1024  47  4.6 8  3.0  88    0    0 304 -316  0
4218500 2850500 12  6  7  -1.2 1024  49  4.7 8  3.0  87    0    0 304 -316  0
4218500 2850500 12  6  8  -0.9 1024  57  4.6 8  3.1  88    0    0 304 -316  0
4218500 2850500 12  6  9  -0.9 1025  64  4.7 8  3.1  88    0   12 304 -316  0
4218500 2850500 12  6 10  -0.8 1025  58  4.8 8  3.2  90    1   44 306 -317  0
4218500 2850500 12  6 11  -0.5 1025  58  5.0 7  3.2  89    0   37 298 -318  0
4218500 2850500 12  6 12  -0.5 1025  61  4.8 7  3.1  87    0   33 292 -319  0
4218500 2850500 12  6 13  -0.5 1025  57  5.1 7  3.1  87    0   25 291 -319  0
4218500 2850500 12  6 14  -0.5 1025  65  5.0 8  3.3  90    0   20 300 -320  0
4218500 2850500 12  6 15  -0.4 1025  58  3.9 8  3.3  91    0   12 309 -319  0
4218500 2850500 12  6 16  -0.3 1025  63  4.6 8  3.2  88    0    3 309 -319  0
4218500 2850500 12  6 17  -0.4 1025  55  4.9 8  3.2  87    0    0 308 -318  0
4218500 2850500 12  6 18  -0.4 1025  64  5.3 8  3.1  85    0    0 308 -318  0
4218500 2850500 12  6 19  -0.9 1025  61  6.0 7  3.0  83    0    0 295 -319  0
4218500 2850500 12  6 20  -1.1 1025  69  5.9 7  2.8  80    0    0 283 -320  0
4218500 2850500 12  6 21  -1.6 1026  79  5.8 7  2.7  79    0    0 281 -320  0
4218500 2850500 12  6 22  -2.3 1026  79  6.7 8  2.6  80    0    0 289 -320  0
4218500 2850500 12  6 23  -2.4 1026  74  6.2 8  2.5  79    0    0 297 -320  0
4218500 2850500 12  6 24  -2.9 1026  69  5.3 8  2.4  78    0    0 296 -319  0
4218500 2850500 12  7  1  -3.4 1026  68  6.7 8  2.3  79    0    0 295 -318  0
4218500 2850500 12  7  2  -3.5 1026  80  5.9 7  2.2  77    0    0 282 -316  0
4218500 2850500 12  7  3  -3.6 1026  72  6.8 7  2.2  76    0    0 268 -315  0
4218500 2850500 12  7  4  -3.6 1026  78  6.0 7  2.2  76    0    0 267 -315  0
4218500 2850500 12  7  5  -3.9 1026  78  6.3 7  2.2  77    0    0 267 -314  0
4218500 2850500 12  7  6  -4.5 1026  70  6.7 7  2.1  78    0    0 265 -312  0
4218500 2850500 12  7  7  -5.0 1026  78  6.8 8  2.1  80    0    0 274 -310  0
4218500 2850500 12  7  8  -5.1 1026  79  7.4 8  2.1  81    0    0 283 -308  0
4218500 2850500 12  7  9  -4.9 1027  72  6.2 8  2.1  81    0    4 282 -307  0
4218500 2850500 12  7 10  -5.0 1027  78  6.8 8  2.1  80    0   40 281 -306  0
4218500 2850500 12  7 11  -5.2 1027  74  6.1 7  2.0  78    0   49 271 -306  0
4218500 2850500 12  7 12  -5.6 1027  70  7.3 8  1.9  77    0   65 269 -306  0
4218500 2850500 12  7 13  -5.9 1027  79  6.2 6  1.9  77   10  107 258 -306  0
4218500 2850500 12  7 14  -6.0 1027  78  6.8 6  1.8  77   27  106 242 -305  0
4218500 2850500 12  7 15  -6.2 1028  71  7.1 6  1.8  76   10   65 241 -303  0
4218500 2850500 12  7 16  -6.5 1028  70  7.3 5  1.8  76    2   19 232 -300  0
4218500 2850500 12  7 17  -6.9 1028  78  6.7 2  1.7  77    0    0 199 -298  0
4218500 2850500 12  7 18  -6.9 1028  87  6.6 1  1.7  78    0    0 163 -296  0
4218500 2850500 12  7 19  -6.9 1029  79  6.6 1  1.8  79    0    0 156 -295  0
4218500 2850500 12  7 20  -6.8 1029  77  5.6 1  1.8  80    0    0 153 -294  0
4218500 2850500 12  7 21  -6.8 1029  79  6.4 0  1.8  80    0    0 150 -293  0
4218500 2850500 12  7 22  -7.0 1029  80  6.6 1  1.7  76    0    0 153 -292  0
4218500 2850500 12  7 23  -7.3 1030  79  6.4 1  1.6  74    0    0 164 -291  0
4218500 2850500 12  7 24  -7.1 1030  76  5.8 0  1.6  75    0    0 160 -289  0
4218500 2850500 12  8  1  -7.2 1030  79  7.0 0  1.7  76    0    0 155 -288  0
4218500 2850500 12  8  2  -7.0 1030  85  6.6 0  1.7  78    0    0 159 -286  0
4218500 2850500 12  8  3  -6.9 1030  86  5.5 0  1.7  78    0    0 162 -285  0
4218500 2850500 12  8  4  -6.9 1031  78  6.3 0  1.7  77    0    0 165 -284  0
4218500 2850500 12  8  5  -6.9 1031  79  5.8 0  1.7  76    0    0 168 -283  0
4218500 2850500 12  8  6  -7.2 1031  76  5.9 0  1.7  77    0    0 170 -282  0
4218500 2850500 12  8  7  -7.3 1031  79  5.1 0  1.7  78    0    0 169 -281  0
4218500 2850500 12  8  8  -7.3 1031  79  4.9 0  1.7  79    0    0 169 -280  0
4218500 2850500 12  8  9  -7.1 1031  79  5.4 1  1.8  82    9   10 175 -280  0
4218500 2850500 12  8 10  -6.3 1032  78  5.6 0  1.8  82   67   38 176 -280  0
4218500 2850500 12  8 11  -5.0 1032  71  5.1 0  1.9  78  137   51 172 -282  0
4218500 2850500 12  8 12  -4.1 1032  74  5.6 0  2.0  74  171   57 175 -285  0
4218500 2850500 12  8 13  -3.6 1032  71  4.8 0  1.9  69  161   62 175 -288  0
4218500 2850500 12  8 14  -3.7 1031  71  5.8 0  1.9  66  113   65 175 -289  0
4218500 2850500 12  8 15  -4.4 1031  85  6.2 0  1.8  66   60   47 173 -288  0
4218500 2850500 12  8 16  -5.8 1031  78  5.9 1  1.8  70    6   17 175 -285  0
4218500 2850500 12  8 17  -6.7 1032  78  5.2 1  1.8  76    0    0 178 -283  0
4218500 2850500 12  8 18  -7.5 1032  79  5.6 2  1.7  80    0    0 180 -281  0
4218500 2850500 12  8 19  -7.9 1032  87  6.4 5  1.7  82    0    0 201 -279  0
4218500 2850500 12  8 20  -7.8 1032  80  5.6 7  1.7  82    0    0 228 -277  0
4218500 2850500 12  8 21  -7.5 1032  85  5.7 8  1.7  82    0    0 245 -276  0
4218500 2850500 12  8 22  -7.5 1032  86  5.1 7  1.7  81    0    0 247 -274  0
4218500 2850500 12  8 23  -7.6 1032  82  4.7 7  1.7  82    0    0 243 -273  0
4218500 2850500 12  8 24  -7.4 1032  79  4.3 7  1.7  80    0    0 245 -271  0
4218500 2850500 12  9  1  -7.6 1032  80  4.8 7  1.7  78    0    0 246 -270  0
4218500 2850500 12  9  2  -7.6 1032  76  5.0 7  1.7  79    0    0 248 -269  0
4218500 2850500 12  9  3  -7.6 1032  82  4.7 7  1.6  78    0    0 250 -268  0
4218500 2850500 12  9  4  -7.6 1032  76  4.1 7  1.6  77    0    0 251 -268  0
4218500 2850500 12  9  5  -7.9 1032  88  4.5 7  1.6  79    0    0 251 -267  0
4218500 2850500 12  9  6  -8.1 1031  75  4.8 7  1.6  80    0    0 248 -266  0
4218500 2850500 12  9  7  -8.1 1032  81  4.9 6  1.6  79    0    0 241 -266  0
4218500 2850500 12  9  8  -8.4 1031  88  5.2 6  1.6  79    0    0 234 -265  0
4218500 2850500 12  9  9  -8.7 1032  95  5.4 6  1.5  79    0   10 232 -265  0
4218500 2850500 12  9 10  -8.9 1032  91  5.1 7  1.5  79    9   47 235 -266  0
4218500 2850500 12  9 11  -8.6 1032  79  5.0 6  1.5  77   26   87 233 -269  0
4218500 2850500 12  9 12  -8.3 1032  83  5.2 3  1.5  75  117   86 212 -273  0
4218500 2850500 12  9 13  -7.1 1032  76  4.9 0  1.5  71  144   81 187 -276  0
4218500 2850500 12  9 14  -6.8 1031  72  4.3 0  1.5  67  107   75 175 -278  0
4218500 2850500 12  9 15  -6.9 1031  76  4.8 0  1.5  66   52   54 177 -278  0
4218500 2850500 12  9 16  -7.6 1031  76  4.8 1  1.4  66    5   18 180 -276  0
4218500 2850500 12  9 17  -8.1 1031  77  4.2 0  1.4  70    0    0 179 -273  0
4218500 2850500 12  9 18  -8.2 1031  83  4.5 0  1.5  75    0    0 175 -271  0
4218500 2850500 12  9 19  -8.9 1031  89  4.5 1  1.5  77    0    0 178 -270  0
4218500 2850500 12  9 20  -8.9 1031  90  4.1 0  1.5  77    0    0 177 -269  0
4218500 2850500 12  9 21  -9.2 1031  89  4.3 1  1.4  76    0    0 177 -269  0
4218500 2850500 12  9 22  -9.4 1031  96  4.7 0  1.4  76    0    0 176 -268  0
4218500 2850500 12  9 23  -9.4 1031 100  4.4 0  1.4  77    0    0 173 -267  0
4218500 2850500 12  9 24 -10.2 1031  91  4.1 1  1.4  77    0    0 176 -267  0
4218500 2850500 12 10  1 -10.4 1031  90  3.5 1  1.4  80    0    0 178 -266  0
4218500 2850500 12 10  2 -11.0 1030  79  3.4 1  1.4  83    0    0 179 -266  0
4218500 2850500 12 10  3 -10.7 1030  98  3.5 1  1.3  82    0    0 179 -265  0
4218500 2850500 12 10  4 -10.8 1030  79  3.4 1  1.3  80    0    0 179 -265  0
4218500 2850500 12 10  5 -11.3 1030  79  4.0 1  1.3  81    0    0 178 -264  0
4218500 2850500 12 10  6 -11.4 1030  79  4.1 1  1.3  81    0    0 178 -264  0
4218500 2850500 12 10  7 -11.4 1029  89  3.4 0  1.3  81    0    0 175 -263  0
4218500 2850500 12 10  8 -11.5 1029  89  3.6 1  1.3  83    0    0 176 -263  0
4218500 2850500 12 10  9 -11.5 1029  86  3.4 1  1.3  84    6   11 179 -263  0
4218500 2850500 12 10 10 -10.8 1030  89  3.8 0  1.3  84   58   42 177 -264  0
4218500 2850500 12 10 11  -9.3 1030  88  3.8 0  1.4  81  120   61 176 -268  0
4218500 2850500 12 10 12  -8.4 1029  85  4.1 0  1.5  77  155   70 178 -273  0
4218500 2850500 12 10 13  -7.5 1029  74  3.6 0  1.5  75  156   71 181 -277  0
4218500 2850500 12 10 14  -6.9 1029  79  4.3 0  1.6  72  113   69 183 -279  0
4218500 2850500 12 10 15  -7.0 1028  82  3.9 0  1.6  71   58   50 184 -279  0
4218500 2850500 12 10 16  -7.9 1028  74  3.6 1  1.5  72    4   18 186 -277  0
4218500 2850500 12 10 17  -8.3 1028  78  4.0 1  1.5  74    0    0 188 -273  0
4218500 2850500 12 10 18  -8.4 1028  80  3.5 1  1.5  74    0    0 187 -271  0
4218500 2850500 12 10 19  -8.8 1028  91  3.2 0  1.5  76    0    0 184 -270  0
4218500 2850500 12 10 20  -9.1 1028  78  3.8 0  1.5  78    0    0 180 -269  0
4218500 2850500 12 10 21  -9.3 1028  86  3.6 0  1.5  80    0    0 181 -268  0
4218500 2850500 12 10 22  -9.3 1028  88  3.1 0  1.5  79    0    0 180 -267  0
4218500 2850500 12 10 23  -9.5 1028  95  3.1 0  1.4  79    0    0 181 -267  0
4218500 2850500 12 10 24 -10.0 1028  84  3.1 0  1.4  81    0    0 180 -266  0
4218500 2850500 12 11  1  -9.9 1028  80  3.7 0  1.4  82    0    0 180 -266  0
4218500 2850500 12 11  2  -9.9 1028  77  3.6 0  1.4  81    0    0 181 -265  0
4218500 2850500 12 11  3 -10.0 1028  74  3.7 0  1.4  81    0    0 181 -265  0
4218500 2850500 12 11  4 -10.7 1029  79  3.7 0  1.4  83    0    0 180 -265  0
4218500 2850500 12 11  5 -10.8 1029  80  3.0 0  1.4  83    0    0 179 -265  0
4218500 2850500 12 11  6 -10.9 1029  72  3.1 0  1.3  82    0    0 178 -265  0
4218500 2850500 12 11  7 -10.9 1029  79  3.4 0  1.3  83    0    0 179 -265  0
4218500 2850500 12 11  8 -10.9 1029  85  3.6 0  1.4  85    0    0 179 -265  0
4218500 2850500 12 11  9 -10.3 1029  86  3.3 0  1.4  84    6   10 181 -266  0
4218500 2850500 12 11 10  -9.1 1029  96  3.7 0  1.5  82   54   44 182 -267  0
4218500 2850500 12 11 11  -7.5 1030  89  3.6 0  1.5  76  110   67 186 -271  0
4218500 2850500 12 11 12  -5.4 1030  92  3.2 0  1.5  66  146   77 189 -277  0
4218500 2850500 12 11 13  -4.3 1029 108  3.4 0  1.5  57  141   81 191 -281  0
4218500 2850500 12 11 14  -3.1 1029 100  3.3 0  1.5  53  102   76 193 -284  0
4218500 2850500 12 11 15  -3.1 1028  90  3.9 0  1.5  52   51   54 194 -284  0
4218500 2850500 12 11 16  -4.0 1028  89  3.9 1  1.5  53    5   18 198 -282  0
4218500 2850500 12 11 17  -4.6 1028  84  3.9 0  1.5  56    0    0 198 -280  0
4218500 2850500 12 11 18  -4.9 1028  89  4.3 0  1.6  61    0    0 193 -278  0
4218500 2850500 12 11 19  -5.3 1028  95  3.8 0  1.6  64    0    0 192 -277  0
4218500 2850500 12 11 20  -5.8 1028  99  4.3 0  1.6  66    0    0 192 -276  0
4218500 2850500 12 11 21  -5.7 1028 107  4.2 0  1.7  71    0    0 192 -275  0
4218500 2850500 12 11 22  -6.0 1028  98  4.1 0  1.8  73    0    0 192 -275  0
4218500 2850500 12 11 23  -6.1 1028  89  4.1 0  1.8  76    0    0 191 -275  0
4218500 2850500 12 11 24  -6.7 1028  91  4.5 0  1.8  78    0    0 191 -274  0
4218500 2850500 12 12  1  -6.4 1028 101  4.4 0  1.9  81    0    0 191 -274  0
4218500 2850500 12 12  2  -6.8 1027  90  4.3 0  1.9  83    0    0 191 -273  0
4218500 2850500 12 12  3  -7.0 1027  98  4.6 0  1.8  83    0    0 191 -273  0
4218500 2850500 12 12  4  -7.3 1027  98  4.2 0  1.8  82    0    0 190 -273  0
4218500 2850500 12 12  5  -7.5 1026  88  4.4 0  1.8  83    0    0 190 -272  0
4218500 2850500 12 12  6  -7.7 1026  98  4.7 0  1.8  83    0    0 190 -272  0
4218500 2850500 12 12  7  -8.4 1025  97  4.1 0  1.7  84    0    0 188 -272  0
4218500 2850500 12 12  8  -8.5 1025 101  4.2 0  1.7  85    0    0 186 -272  0
4218500 2850500 12 12  9  -8.6 1025 101  3.4 0  1.7  85    6   11 186 -272  0
4218500 2850500 12 12 10  -7.8 1025 103  4.1 0  1.7  85   52   47 186 -273  0
4218500 2850500 12 12 11  -6.6 1025  87  4.2 0  1.8  82  104   74 188 -277  0
4218500 2850500 12 12 12  -5.3 1024  95  4.0 0  1.8  77  132   88 189 -283  0
4218500 2850500 12 12 13  -4.6 1024  93  4.3 0  1.9  72  131   91 190 -288  0
4218500 2850500 12 12 14  -4.5 1023 102  3.2 0  1.9  69  103   80 191 -290  0
4218500 2850500 12 12 15  -4.6 1023  78  3.6 0  1.8  69   51   56 191 -290  0
4218500 2850500 12 12 16  -5.9 1023  78  3.6 0  1.8  71    5   17 189 -288  0
4218500 2850500 12 12 17  -7.0 1023  86  3.3 0  1.8  76    0    0 187 -286  0
4218500 2850500 12 12 18  -7.3 1023  96  3.2 0  1.8  82    0    0 186 -284  0
4218500 2850500 12 12 19  -7.9 1023  92  3.3 0  1.8  85    0    0 186 -282  0
4218500 2850500 12 12 20  -8.3 1023 101  3.3 0  1.8  86    0    0 185 -282  0
4218500 2850500 12 12 21  -9.1 1023  99  2.9 0  1.7  90    0    0 184 -282  0
4218500 2850500 12 12 22  -8.9 1023  93  3.1 1  1.7  91    0    0 186 -282  0
4218500 2850500 12 12 23  -9.2 1023  85  2.4 1  1.7  89    0    0 189 -282  0
4218500 2850500 12 12 24  -9.6 1023  85  2.7 0  1.6  89    0    0 186 -281  0
4218500 2850500 12 13  1  -9.9 1023  89  2.6 0  1.6  91    0    0 184 -280  0
4218500 2850500 12 13  2 -10.5 1023  97  2.6 1  1.6  92    0    0 185 -279  0
4218500 2850500 12 13  3 -10.1 1023  94  2.7 1  1.6  93    0    0 188 -279  0
4218500 2850500 12 13  4 -10.2 1023  93  2.8 0  1.6  92    0    0 185 -278  0
4218500 2850500 12 13  5 -10.8 1023  85  2.7 0  1.5  92    0    0 181 -278  0
4218500 2850500 12 13  6 -10.8 1023  92  2.1 0  1.5  92    0    0 184 -278  0
4218500 2850500 12 13  7 -11.0 1023  83  2.2 0  1.5  92    0    0 184 -277  0
4218500 2850500 12 13  8 -10.8 1023  86  2.1 1  1.5  91    0    0 185 -277  0
4218500 2850500 12 13  9 -10.4 1023  84  2.5 1  1.5  91    4   11 190 -277  0
4218500 2850500 12 13 10  -9.1 1024  82  2.7 0  1.6  89   38   52 188 -278  0
4218500 2850500 12 13 11  -7.9 1024  78  2.8 0  1.7  87   79   85 187 -282  0
4218500 2850500 12 13 12  -6.1 1024 123  2.5 0  1.9  84  103  103 189 -288  0
4218500 2850500 12 13 13  -5.0 1024 131  2.7 0  2.0  80  107  106 191 -292  0
4218500 2850500 12 13 14  -4.6 1024  89  2.7 0  2.0  76   79   94 191 -295  0
4218500 2850500 12 13 15  -5.2 1024  90  2.7 0  2.0  76   36   63 190 -295  0
4218500 2850500 12 13 16  -6.2 1024  96  2.8 1  1.9  79    3   17 192 -292  0
4218500 2850500 12 13 17  -7.3 1024  82  3.0 2  1.9  84    0    0 197 -289  0
4218500 2850500 12 13 18  -6.8 1024  83  3.0 5  1.9  87    0    0 212 -287  0
4218500 2850500 12 13 19  -6.3 1024  98  3.0 7  2.0  86    0    0 233 -286  0
4218500 2850500 12 13 20  -5.9 1024 100  3.7 7  2.0  84    0    0 243 -285  0
4218500 2850500 12 13 21  -5.3 1024 120  4.1 7  2.1  84    0    0 246 -285  0
4218500 2850500 12 13 22  -4.9 1025 117  4.0 6  2.1  83    0    0 244 -284  0
4218500 2850500 12 13 23  -4.7 1025 107  4.0 6  2.1  82    0    0 241 -284  0
4218500 2850500 12 13 24  -4.6 1025  99  3.7 8  2.1  80    0    0 249 -284  0
4218500 2850500 12 14  1  -4.6 1025  97  3.9 7  2.2  83    0    0 254 -284  0
4218500 2850500 12 14  2  -5.5 1025  99  3.7 5  2.2  87    0    0 241 -283  0
4218500 2850500 12 14  3  -5.9 1024 105  3.6 2  2.2  89    0    0 219 -283  0
4218500 2850500 12 14  4  -7.0 1025  95  4.3 2  2.1  91    0    0 204 -283  0
4218500 2850500 12 14  5  -7.5 1024  96  4.1 1  2.0  92    0    0 197 -282  0
4218500 2850500 12 14  6  -7.8 1024  96  4.0 0  1.9  92    0    0 187 -282  0
4218500 2850500 12 14  7  -7.5 1024  97  3.9 1  1.9  91    0    0 188 -282  0
4218500 2850500 12 14  8  -8.0 1024  96  4.6 0  1.9  91    0    0 188 -281  0
4218500 2850500 12 14  9  -7.8 1024  94  4.8 0  1.9  91    5   10 184 -281  0
4218500 2850500 12 14 10  -7.2 1024 107  3.9 1  1.9  87   47   43 187 -282  0
4218500 2850500 12 14 11  -5.8 1024 108  4.7 1  1.9  82  102   67 193 -285  0
4218500 2850500 12 14 12  -3.7 1024  99  4.9 1  2.0  76  136   79 197 -290  0
4218500 2850500 12 14 13  -2.5 1024 108  5.9 1  2.0  68  144   78 201 -294  0
4218500 2850500 12 14 14  -2.0 1023 106  5.7 0  2.0  64  102   76 199 -296  0
4218500 2850500 12 14 15  -2.4 1023  99  6.2 1  2.1  64   50   55 200 -296  0
4218500 2850500 12 14 16  -2.9 1022  97  5.5 1  2.1  67    6   18 203 -293  0
4218500 2850500 12 14 17  -3.6 1022  91  4.5 2  2.0  69    0    0 205 -290  0
4218500 2850500 12 14 18  -3.8 1023  96  5.1 0  2.1  73    0    0 200 -288  0
4218500 2850500 12 14 19  -4.3 1023  92  4.9 0  2.1  76    0    0 195 -286  0
4218500 2850500 12 14 20  -4.6 1023  91  5.3 0  2.1  77    0    0 195 -285  0
4218500 2850500 12 14 21  -4.6 1023  90  5.6 0  2.1  80    0    0 197 -284  0
4218500 2850500 12 14 22  -5.1 1022  90  5.3 0  2.1  82    0    0 199 -283  0
4218500 2850500 12 14 23  -5.0 1022  92  5.0 0  2.2  84    0    0 199 -283  0
4218500 2850500 12 14 24  -5.2 1022  91  5.1 0  2.2  84    0    0 198 -283  0
4218500 2850500 12 15  1  -5.4 1022  91  5.3 0  2.1  83    0    0 198 -283  0
4218500 2850500 12 15  2  -5.6 1021  97  5.3 0  2.1  84    0    0 197 -283  0
4218500 2850500 12 15  3  -5.6 1021  99  5.5 0  2.1  85    0    0 196 -283  0
4218500 2850500 12 15  4  -5.7 1021 104  5.4 1  2.1  85    0    0 198 -284  0
4218500 2850500 12 15  5  -6.4 1021 102  5.5 1  2.1  87    0    0 200 -284  0
4218500 2850500 12 15  6  -6.6 1021 106  5.1 1  2.1  89    0    0 199 -285  0
4218500 2850500 12 15  7  -6.3 1020 100  5.6 0  2.1  89    0    0 194 -286  0
4218500 2850500 12 15  8  -6.1 1020 106  5.7 4  2.0  86    0    0 208 -287  0
4218500 2850500 12 15  9  -5.5 1020 102  6.1 6  2.1  85    0    7 237 -289  0
4218500 2850500 12 15 10  -5.0 1020 103  6.3 7  2.2  85    1   39 254 -291  0
4218500 2850500 12 15 11  -4.7 1020 111  5.5 7  2.2  85    0   51 261 -295  0
4218500 2850500 12 15 12  -3.9 1020 100  5.4 7  2.3  84    0   51 265 -300  0
4218500 2850500 12 15 13  -3.6 1019 103  5.7 7  2.3  82    0   72 266 -303  0
4218500 2850500 12 15 14  -3.3 1019 112  5.1 8  2.4  81    4   84 274 -306  0
4218500 2850500 12 15 15  -3.0 1018 111  5.8 7  2.4  79    5   59 275 -307  0
4218500 2850500 12 15 16  -2.9 1018 113  4.9 8  2.4  78    0   14 277 -308  0
4218500 2850500 12 15 17  -3.0 1018 112  5.6 8  2.4  78    0    0 285 -308  0
4218500 2850500 12 15 18  -3.1 1018 119  5.9 8  2.4  78    0    0 288 -310  0
4218500 2850500 12 15 19  -3.1 1017 114  6.5 8  2.3  78    0    0 290 -311  0
4218500 2850500 12 15 20  -3.0 1017 113  5.4 8  2.3  77    0    0 293 -313  0
4218500 2850500 12 15 21  -2.8 1016 122  5.5 8  2.3  75    0    0 295 -313  0
4218500 2850500 12 15 22  -2.6 1016 122  5.0 8  2.3  76    0    0 297 -314  0
4218500 2850500 12 15 23  -2.4 1016 115  5.1 8  2.4  77    0    0 299 -313  0
4218500 2850500 12 15 24  -2.3 1016 112  5.3 8  2.5  78    0    0 300 -313  0
4218500 2850500 12 16  1  -2.2 1015 107  4.6 8  2.5  78    0    0 302 -313  0
4218500 2850500 12 16  2  -2.1 1015 115  4.7 8  2.5  78    0    0 302 -314  0
4218500 2850500 12 16  3  -2.0 1014 105  4.8 8  2.5  78    0    0 302 -315  0
4218500 2850500 12 16  4  -1.9 1014 104  4.8 8  2.6  79    0    0 303 -315  0
4218500 2850500 12 16  5  -2.0 1013 107  4.9 8  2.6  79    0    0 303 -315  0
4218500 2850500 12 16  6  -1.9 1013 111  4.8 8  2.6  79    0    0 303 -316  0
4218500 2850500 12 16  7  -1.8 1012 103  4.7 8  2.6  79    0    0 303 -317  0
4218500 2850500 12 16  8  -1.7 1012 112  4.6 8  2.7  80    0    0 303 -318  0
4218500 2850500 12 16  9  -1.5 1012 115  4.2 8  2.7  81    0    1 304 -319  0
4218500 2850500 12 16 10  -1.3 1012 113  4.4 8  2.8  81    0   24 306 -319  0
4218500 2850500 12 16 11  -1.0 1012 115  4.6 8  2.8  79    0   29 305 -321  0
4218500 2850500 12 16 12  -0.7 1011 120  4.2 8  2.8  79    0   22 305 -322  0
4218500 2850500 12 16 13  -0.5 1011 122  4.0 8  2.9  80    0   24 305 -324  0
4218500 2850500 12 16 14  -0.1 1010 119  3.7 6  3.0  80    0   42 290 -325  0
4218500 2850500 12 16 15  -0.1 1010 123  3.7 7  3.0  78    0   31 285 -327  0
4218500 2850500 12 16 16  -0.2 1010 123  3.8 8  3.0  80    0    0 299 -327  0
4218500 2850500 12 16 17  -0.5 1010 113  3.2 8  3.1  85    0    0 306 -327  0
4218500 2850500 12 16 18  -0.6 1009 123  3.9 8  3.3  91    0    0 306 -326  0
4218500 2850500 12 16 19  -0.1 1009 125  3.7 8  3.4  92    0    0 307 -325  0
4218500 2850500 12 16 20   0.0 1009 127  3.4 8  3.5  92    0    0 307 -324  0
4218500 2850500 12 16 21   0.2 1009 129  3.0 8  3.6  94    0    0 307 -323  0
4218500 2850500 12 16 22   0.3 1008 126  2.7 8  3.7  96    0    0 308 -323  0
4218500 2850500 12 16 23   0.5 1008 128  2.6 8  3.8  97    0    0 309 -322  0
4218500 2850500 12 16 24   0.7 1008 128  2.4 8  3.8  96    0    0 310 -321  0
4218500 2850500 12 17  1   0.8 1008 127  2.3 8  3.9  96    0    0 312 -321  0
4218500 2850500 12 17  2   0.8 1008 119  1.7 8  3.9  96    0    0 313 -321  0
4218500 2850500 12 17  3   0.8 1008  98  1.6 8  3.9  96    0    0 314 -321  0
4218500 2850500 12 17  4   1.0 1008  89  1.5 8  3.9  96    0    0 315 -321  0
4218500 2850500 12 17  5   1.0 1008 109  1.2 8  4.0  96    0    0 316 -320  0
4218500 2850500 12 17  6   0.9 1008  27  1.1 8  4.0  97    0    0 316 -320  0
4218500 2850500 12 17  7   1.1 1008 344  1.2 6  4.0  97    0    0 301 -321  0
4218500 2850500 12 17  8   1.4 1009 352  2.4 7  4.1  97    0    0 295 -322  0
4218500 2850500 12 17  9   0.9 1009 354  2.2 8  4.0  98    0    0 309 -322  0
4218500 2850500 12 17 10   0.9 1010 350  2.7 8  4.0  98    0   27 317 -322  0
4218500 2850500 12 17 11   0.6 1011 334  3.0 7  3.9  96    0   44 309 -324  0
4218500 2850500 12 17 12   0.0 1011 333  3.5 6  3.7  96    0   40 293 -325  0
4218500 2850500 12 17 13  -0.4 1012 336  3.7 8  3.6  95    0   23 299 -326  0
4218500 2850500 12 17 14  -0.2 1012 344  3.7 8  3.5  94    0   21 312 -327  0
4218500 2850500 12 17 15  -0.3 1013 341  3.9 8  3.5  93    0   13 312 -327  0
4218500 2850500 12 17 16  -0.2 1013 334  4.0 8  3.5  93    0    2 312 -325  0
4218500 2850500 12 17 17  -0.1 1014 324  3.7 8  3.5  94    0    0 313 -324  0
4218500 2850500 12 17 18   0.0 1015 326  3.1 8  3.6  95    0    0 313 -323  0
4218500 2850500 12 17 19   0.4 1015 331  3.5 8  3.7  96    0    0 314 -323  0
4218500 2850500 12 17 20   0.2 1016 332  3.1 8  3.7  96    0    0 314 -322  0
4218500 2850500 12 17 21   0.2 1016 325  3.4 8  3.7  96    0    0 313 -323  0
4218500 2850500 12 17 22   0.8 1017 341  3.5 8  3.8  96    0    0 314 -323  0
4218500 2850500 12 17 23   0.6 1017 334  3.5 8  3.7  93    0    0 314 -323  0
4218500 2850500 12 17 24   0.3 1018 334  3.3 8  3.6  92    0    0 312 -323  0
4218500 2850500 12 18  1   0.2 1018 325  3.0 8  3.5  91    0    0 310 -322  0
4218500 2850500 12 18  2   0.4 1019 319  2.4 8  3.4  88    0    0 309 -322  0
4218500 2850500 12 18  3  -0.2 1019 314  2.7 8  3.3  87    0    0 308 -321  0
4218500 2850500 12 18  4  -0.3 1020 315  2.5 8  3.2  88    0    0 307 -320  0
4218500 2850500 12 18  5  -0.3 1020 320  3.1 8  3.2  88    0    0 307 -319  0
4218500 2850500 12 18  6  -0.5 1020 305  2.9 7  3.2  89    0    0 302 -318  0
4218500 2850500 12 18  7  -0.8 1020 320  4.2 7  3.2  89    0    0 295 -316  0
4218500 2850500 12 18  8  -1.5 1021 300  4.0 6  3.1  90    0    0 288 -316  0
4218500 2850500 12 18  9  -2.3 1021 273  3.5 5  2.9  90    2    8 274 -315  0
4218500 2850500 12 18 10  -1.7 1022 279  4.2 5  2.9  88   55   27 268 -315  0
4218500 2850500 12 18 11  -1.3 1022 264  4.5 6  2.8  85   13   68 274 -315  0
4218500 2850500 12 18 12  -0.7 1022 257  4.9 6  2.8  80   14   89 280 -315  0
4218500 2850500 12 18 13  -0.1 1022 264  4.2 6  2.8  78   28   93 281 -315  0
4218500 2850500 12 18 14  -0.4 1022 267  4.9 8  3.0  81    0   41 292 -315  0
4218500 2850500 12 18 15  -0.3 1021 271  5.0 7  3.2  87    0   22 298 -316  0
4218500 2850500 12 18 16  -0.1 1022 272  5.1 8  3.4  91    0    7 297 -315  0
4218500 2850500 12 18 17   0.0 1022 282  4.7 8  3.4  92    0    0 301 -315  0
4218500 2850500 12 18 18   0.2 1022 292  4.8 8  3.5  92    0    0 299 -315  0
4218500 2850500 12 18 19   0.4 1022 283  4.0 8  3.6  94    0    0 298 -315  0
4218500 2850500 12 18 20   0.4 1023 288  3.6 7  3.7  96    0    0 292 -314  0
4218500 2850500 12 18 21   0.5 1023 315  3.6 7  3.7  96    0    0 284 -312  0
4218500 2850500 12 18 22   0.5 1024 303  3.5 7  3.8  96    0    0 282 -311  0
4218500 2850500 12 18 23   0.6 1024 329  2.2 7  3.8  97    0    0 281 -310  0
4218500 2850500 12 18 24   0.9 1025 318  2.5 7  3.9  98    0    0 280 -308  0
4218500 2850500 12 19  1   0.7 1025 342  2.0 8  3.9  99    0    0 283 -307  0
4218500 2850500 12 19  2   0.6 1025 344  1.9 7  3.9 100    0    0 281 -306  0
4218500 2850500 12 19  3   0.4 1026   2  1.6 8  3.9  99    0    0 279 -304  0
4218500 2850500 12 19  4   0.1 1026 341  1.9 7  3.8  99    0    0 278 -302  0
4218500 2850500 12 19  5   0.0 1027 335  1.8 7  3.7 100    0    0 272 -300  0
4218500 2850500 12 19  6   0.0 1027 323  1.3 8  3.7  99    0    0 275 -298  0
4218500 2850500 12 19  7  -0.3 1027 291  1.1 8  3.7  99    0    0 277 -296  0
4218500 2850500 12 19  8  -0.9 1027 305  1.2 7  3.6 100    0    0 269 -295  0
4218500 2850500 12 19  9  -0.6 1028 228  1.2 7  3.5  99    0    6 262 -294  0
4218500 2850500 12 19 10  -0.7 1028 227  1.7 8  3.5  98    1   37 266 -295  0
4218500 2850500 12 19 11  -0.7 1029 274  1.4 7  3.5  98    0   41 267 -299  0
4218500 2850500 12 19 12  -0.5 1029 243  2.6 7  3.5  97    0   44 261 -304  0
4218500 2850500 12 19 13  -0.5 1028 267  2.4 8  3.5  96    0   37 265 -307  0
4218500 2850500 12 19 14  -0.8 1028 271  2.1 7  3.4  97    0   29 263 -309  0
4218500 2850500 12 19 15  -0.8 1028 269  1.2 7  3.4  96    0   20 257 -308  0
4218500 2850500 12 19 16  -0.5 1027 176  1.4 8  3.4  95    0    3 261 -305  0
4218500 2850500 12 19 17  -0.2 1027 198  2.2 7  3.4  94    0    0 261 -301  0
4218500 2850500 12 19 18   0.1 1026 209  2.3 8  3.4  90    0    0 260 -299  0
4218500 2850500 12 19 19   0.0 1026 209  2.5 7  3.3  87    0    0 259 -297  0
4218500 2850500 12 19 20   0.0 1026 221  3.1 8  3.2  87    0    0 259 -296  0
4218500 2850500 12 19 21   0.0 1025 223  2.3 8  3.3  87    0    0 264 -295  0
4218500 2850500 12 19 22  -0.1 1025 223  2.8 8  3.2  86    0    0 266 -294  0
4218500 2850500 12 19 23  -0.2 1025 220  2.5 8  3.2  85    0    0 267 -293  0
4218500 2850500 12 19 24  -0.4 1024 198  3.1 8  3.1  84    0    0 269 -292  0
4218500 2850500 12 20  1  -0.7 1023 197  3.3 7  3.0  83    0    0 263 -291  0
4218500 2850500 12 20  2  -0.8 1022 196  2.3 6  2.9  81    0    0 253 -290  0
4218500 2850500 12 20  3  -2.4 1022 182  2.0 6  2.7  81    0    0 245 -289  0
4218500 2850500 12 20  4  -2.8 1021 153  2.1 6  2.6  84    0    0 243 -288  0
4218500 2850500 12 20  5  -2.7 1020 152  2.0 5  2.7  87    0    0 236 -287  0
4218500 2850500 12 20  6  -3.3 1019 148  2.3 2  2.7  90    0    0 209 -286  0
4218500 2850500 12 20  7  -3.9 1019 165  3.0 2  2.7  92    0    0 184 -285  0
4218500 2850500 12 20  8  -4.4 1018 162  2.7 1  2.6  92    0    0 172 -285  0
4218500 2850500 12 20  9  -4.8 1017 170  3.1 1  2.5  93    1   10 162 -284  0
4218500 2850500 12 20 10  -4.1 1016 195  2.9 4  2.5  91   28   44 185 -285  0
4218500 2850500 12 20 11  -2.7 1016 192  2.8 4  2.5  87   65   75 209 -288  0
4218500 2850500 12 20 12  -1.7 1015 189  3.8 5  2.6  82  115   84 219 -292  0
4218500 2850500 12 20 13  -0.6 1014 207  2.8 4  2.7  78  105   91 220 -297  0
4218500 2850500 12 20 14  -0.4 1013 230  4.0 5  2.8  77   68   85 220 -299  0
4218500 2850500 12 20 15  -0.8 1013 226  3.5 4  2.8  78   50   54 216 -299  0
4218500 2850500 12 20 16  -1.1 1013 226  2.9 6  2.9  81    1   17 222 -297  0
4218500 2850500 12 20 17  -1.5 1012 245  3.0 7  2.8  82    0    0 248 -294  0
4218500 2850500 12 20 18  -1.8 1012 241  3.0 6  2.8  84    0    0 246 -291  0
4218500 2850500 12 20 19  -2.1 1012 237  2.8 7  2.9  87    0    0 246 -290  0
4218500 2850500 12 20 20  -2.0 1012 230  2.7 7  2.9  88    0    0 256 -289  0
4218500 2850500 12 20 21  -2.4 1012 237  2.7 7  2.9  89    0    0 257 -289  0
4218500 2850500 12 20 22  -2.6 1012 237  2.5 6  2.8  89    0    0 248 -290  0
4218500 2850500 12 20 23  -2.9 1012 259  2.6 5  2.8  91    0    0 232 -291  0
4218500 2850500 12 20 24  -2.5 1011 255  2.6 5  2.9  92    0    0 225 -291  0
4218500 2850500 12 21  1  -1.6 1011 279  2.6 7  3.0  92    0    0 247 -291  0
4218500 2850500 12 21  2  -1.8 1011 287  2.7 7  3.1  93    0    0 268 -291  0
4218500 2850500 12 21  3  -1.8 1011 287  3.3 8  3.2  95    0    0 277 -291  0
4218500 2850500 12 21  4  -1.9 1011 285  3.1 8  3.2  95    0    0 285 -292  0
4218500 2850500 12 21  5  -2.0 1011 276  2.6 8  3.1  95    0    0 287 -293  0
4218500 2850500 12 21  6  -2.0 1010 289  3.4 8  3.1  94    0    0 290 -294  0
4218500 2850500 12 21  7  -1.9 1010 293  3.3 8  3.1  94    0    0 293 -294  0
4218500 2850500 12 21  8  -2.2 1010 277  3.1 8  3.1  95    0    0 293 -294  0
4218500 2850500 12 21  9  -2.1 1011 285  4.3 8  3.1  97    0    9 294 -294  0
4218500 2850500 12 21 10  -2.1 1011 266  3.0 8  3.1  97    2   38 294 -295  0
4218500 2850500 12 21 11  -2.2 1012 270  3.4 7  3.1  96    0   51 288 -298  0
4218500 2850500 12 21 12  -2.1 1012 279  3.3 8  3.1  96    0   49 289 -302  0
4218500 2850500 12 21 13  -1.9 1012 285  3.3 7  3.1  96    0   54 291 -305  0
4218500 2850500 12 21 14  -2.0 1011 279  3.8 8  3.1  96    0   38 291 -306  0
4218500 2850500 12 21 15  -1.6 1012 282  3.2 8  3.2  96    0   11 297 -305  0
4218500 2850500 12 21 16  -1.4 1012 301  3.4 8  3.3  96    0    2 298 -302  0
4218500 2850500 12 21 17  -1.3 1012 276  3.2 8  3.3  97    0    0 299 -299  0
4218500 2850500 12 21 18  -1.5 1012 288  3.6 8  3.3  97    0    0 298 -298  0
4218500 2850500 12 21 19  -1.5 1013 266  4.4 8  3.3  97    0    0 296 -299  0
4218500 2850500 12 21 20  -1.2 1013 277  3.3 8  3.3  98    0    0 295 -301  0
4218500 2850500 12 21 21  -0.8 1014 285  3.4 8  3.4  96    0    0 295 -302  0
4218500 2850500 12 21 22  -1.2 1014 319  3.9 8  3.4  97    0    0 295 -303  0
4218500 2850500 12 21 23  -1.0 1015 293  2.8 8  3.4  97    0    0 294 -305  0
4218500 2850500 12 21 24  -1.1 1015 276  2.4 8  3.3  95    0    0 293 -305  0
4218500 2850500 12 22  1  -1.2 1015 261  2.7 7  3.3  95    0    0 284 -306  0
4218500 2850500 12 22  2  -1.4 1015 273  2.7 7  3.2  94    0    0 276 -306  0
4218500 2850500 12 22  3  -1.6 1016 282  2.2 6  3.2  95    0    0 268 -305  0
4218500 2850500 12 22  4  -1.8 1016 295  1.5 6  3.2  96    0    0 261 -304  0
4218500 2850500 12 22  5  -1.5 1016 303  1.2 8  3.2  95    0    0 274 -303  0
4218500 2850500 12 22  6  -1.3 1016 305  1.1 8  3.2  95    0    0 289 -303  0
4218500 2850500 12 22  7  -1.2 1015  28  0.7 7  3.2  94    0    0 280 -303  0
4218500 2850500 12 22  8  -1.3 1016  95  1.8 8  3.2  94    0    0 279 -302  0
4218500 2850500 12 22  9  -1.0 1016 116  3.1 8  3.3  95    0    1 288 -301  0
4218500 2850500 12 22 10  -0.9 1016 136  3.3 8  3.3  95    0   19 290 -302  0
4218500 2850500 12 22 11  -0.8 1016 133  4.6 8  3.2  90    0   30 292 -304  0
4218500 2850500 12 22 12  -0.6 1015 123  4.5 8  3.0  84    0   37 293 -306  0
4218500 2850500 12 22 13  -0.6 1014 119  5.4 8  3.0  82    0   39 294 -308  0
4218500 2850500 12 22 14  -0.7 1012 118  5.2 8  3.0  84    0   31 295 -309  0
4218500 2850500 12 22 15  -1.0 1011 119  6.2 7  3.0  85    0   29 284 -310  0
4218500 2850500 12 22 16  -1.2 1010 100  5.4 8  3.0  84    0    6 285 -309  0
4218500 2850500 12 22 17  -1.2 1009 100  6.1 8  3.0  85    0    0 296 -308  0
4218500 2850500 12 22 18  -1.1 1008 101  6.0 8  3.0  85    0    0 298 -307  0
4218500 2850500 12 22 19  -1.0 1007 100  6.5 8  3.0  84    0    0 300 -306  0
4218500 2850500 12 22 20  -1.0 1006  98  6.8 8  2.9  82    0    0 301 -305  0
4218500 2850500 12 22 21  -1.2 1006  94  6.4 8  2.9  83    0    0 303 -304  0
4218500 2850500 12 22 22  -1.7 1006  88  6.7 8  3.0  88    0    0 304 -303  0
4218500 2850500 12 22 23  -1.9 1005  84  6.3 8  3.1  92    0    0 305 -302  0
4218500 2850500 12 22 24  -1.5 1006  85  6.3 8  3.0  90    0    0 307 -301  0
4218500 2850500 12 23  1  -1.4 1006  78  6.6 8  2.9  86    0    0 309 -300  0
4218500 2850500 12 23  2  -1.9 1006  70  5.7 8  2.9  85    0    0 311 -298  0
4218500 2850500 12 23  3  -2.4 1007  56  5.8 8  2.8  86    0    0 309 -295  0
4218500 2850500 12 23  4  -2.8 1009  74  6.1 8  2.7  85    0    0 305 -291  0
4218500 2850500 12 23  5  -3.6 1009  58  4.7 7  2.6  86    0    0 298 -288  0
4218500 2850500 12 23  6  -3.9 1011  67  4.8 6  2.4  85    0    0 282 -285  0
4218500 2850500 12 23  7  -4.6 1012  77  4.2 3  2.3  83    0    0 253 -283  0
4218500 2850500 12 23  8  -4.9 1013  70  3.6 3  2.2  82    0    0 230 -281  0
4218500 2850500 12 23  9  -4.8 1014  76  4.7 4  2.1  80    0    3 236 -279  0
4218500 2850500 12 23 10  -4.1 1016  81  4.6 5  2.1  79   16   39 249 -279  0
4218500 2850500 12 23 11  -3.4 1017 100  4.9 5  2.2  76   51   70 254 -280  0
4218500 2850500 12 23 12  -2.5 1017 103  3.7 5  2.2  72   89   81 253 -283  0
4218500 2850500 12 23 13  -1.8 1017  97  4.7 4  2.2  68   62   94 244 -286  0
4218500 2850500 12 23 14  -2.2 1017  92  5.1 3  2.2  67  112   58 227 -288  0
4218500 2850500 12 23 15  -2.2 1017  94  4.6 3  2.1  67   55   45 216 -287  0
4218500 2850500 12 23 16  -3.1 1018  88  4.3 3  2.0  66    9   18 209 -286  0
4218500 2850500 12 23 17  -3.2 1018  91  4.8 4  2.0  66    0    0 208 -284  0
4218500 2850500 12 23 18  -3.4 1018  96  5.6 5  1.9  64    0    0 211 -282  0
4218500 2850500 12 23 19  -3.8 1018  99  5.8 5  1.8  63    0    0 206 -281  0
4218500 2850500 12 23 20  -4.4 1018  99  4.8 6  1.8  64    0    0 213 -281  0
4218500 2850500 12 23 21  -4.5 1019  97  5.1 7  1.7  63    0    0 235 -281  0
4218500 2850500 12 23 22  -4.6 1019  95  4.9 5  1.6  61    0    0 229 -281  0
4218500 2850500 12 23 23  -4.7 1019 102  5.4 5  1.6  59    0    0 215 -281  0
4218500 2850500 12 23 24  -5.1 1019  97  6.6 8  1.6  61    0    0 242 -281  0
4218500 2850500 12 24  1  -5.4 1018  97  6.7 7  1.6  63    0    0 260 -281  0
4218500 2850500 12 24  2  -5.6 1018 100  6.2 7  1.6  62    0    0 249 -281  0
4218500 2850500 12 24  3  -5.6 1018  99  5.7 8  1.5  62    0    0 262 -282  0
4218500 2850500 12 24  4  -5.7 1018  96  5.7 8  1.5  60    0    0 274 -283  0
4218500 2850500 12 24  5  -5.3 1017  98  6.1 8  1.4  56    0    0 276 -284  0
4218500 2850500 12 24  6  -5.2 1017  96  6.6 8  1.3  52    0    0 278 -284  0
4218500 2850500 12 24  7  -5.4 1017 105  6.3 8  1.3  51    0    0 278 -285  0
4218500 2850500 12 24  8  -5.6 1017 103  6.5 7  1.2  48    0    0 269 -286  0
4218500 2850500 12 24  9  -5.2 1017 115  7.0 7  1.1  46    0    4 260 -287  0
4218500 2850500 12 24 10  -4.8 1017 115  7.9 8  1.2  46    1   35 271 -288  0
4218500 2850500 12 24 11  -4.2 1017 108  7.7 7  1.3  48    4   75 272 -289  0
4218500 2850500 12 24 12  -3.7 1017 115  7.4 7  1.3  45    5   96 262 -292  0
4218500 2850500 12 24 13  -3.4 1017 115  7.9 7  1.2  41    1   81 263 -294  0
4218500 2850500 12 24 14  -3.5 1017 109  7.4 7  1.2  40    1   68 263 -295  0
4218500 2850500 12 24 15  -3.4 1016 114  7.5 6  1.2  40    1   49 253 -296  0
4218500 2850500 12 24 16  -3.3 1016 114  7.5 8  1.2  40    0   11 265 -296  0
4218500 2850500 12 24 17  -3.7 1016 114  6.3 8  1.2  41    0    0 285 -296  0
4218500 2850500 12 24 18  -4.0 1017 115  6.5 8  1.2  41    0    0 283 -296  0
4218500 2850500 12 24 19  -4.4 1017 115  7.1 7  1.1  41    0    0 273 -295  0
4218500 2850500 12 24 20  -4.5 1017 109  5.6 7  1.1  42    0    0 263 -295  0
4218500 2850500 12 24 21  -4.5 1017 114  6.3 8  1.2  44    0    0 273 -296  0
4218500 2850500 12 24 22  -4.7 1017 117  5.2 8  1.2  46    0    0 283 -296  0
4218500 2850500 12 24 23  -4.5 1017 110  4.6 8  1.3  49    0    0 283 -296  0
4218500 2850500 12 24 24  -4.4 1017 112  5.1 7  1.4  53    0    0 275 -296  0
4218500 2850500 12 25  1  -4.4 1017 117  5.4 8  1.5  54    0    0 276 -296  0
4218500 2850500 12 25  2  -4.4 1017 114  5.7 8  1.5  53    0    0 285 -296  0
4218500 2850500 12 25  3  -4.4 1017 109  5.7 8  1.5  54    0    0 285 -297  0
4218500 2850500 12 25  4  -4.4 1017 115  6.0 8  1.5  54    0    0 285 -298  0
4218500 2850500 12 25  5  -4.6 1016 119  4.9 8  1.5  54    0    0 285 -298  0
4218500 2850500 12 25  6  -4.5 1016 117  5.1 8  1.5  56    0    0 285 -299  0
4218500 2850500 12 25  7  -4.5 1016 117  5.0 8  1.5  56    0    0 285 -300  0
4218500 2850500 12 25  8  -4.7 1016 125  4.9 8  1.5  57    0    0 285 -300  0
4218500 2850500 12 25  9  -4.8 1016 119  4.8 8  1.5  58    0    6 285 -301  0
4218500 2850500 12 25 10  -4.5 1016 120  4.3 8  1.6  60    5   45 285 -302  0
4218500 2850500 12 25 11  -4.2 1016 120  4.6 8  1.7  62    2   65 286 -304  0
4218500 2850500 12 25 12  -3.5 1016 121  4.0 8  1.7  61    0   68 287 -305  0
4218500 2850500 12 25 13  -3.1 1016 119  4.5 7  1.8  61    0   70 281 -307  0
4218500 2850500 12 25 14  -2.7 1015 120  4.9 7  1.9  62    2   76 274 -308  0
4218500 2850500 12 25 15  -2.4 1015 128  4.3 7  1.9  61    1   49 276 -310  0
4218500 2850500 12 25 16  -2.2 1015 130  4.6 8  1.9  60    0    6 284 -311  0
4218500 2850500 12 25 17  -1.8 1015 129  4.5 8  1.9  60    0    0 293 -311  0
4218500 2850500 12 25 18  -1.5 1015 128  4.7 8  2.0  60    0    0 296 -312  0
4218500 2850500 12 25 19  -1.4 1015 121  4.4 8  2.0  60    0    0 296 -312  0
4218500 2850500 12 25 20  -1.3 1014 129  3.9 8  2.0  60    0    0 297 -313  0
4218500 2850500 12 25 21  -1.4 1014 132  4.1 8  2.1  60    0    0 299 -312  0
4218500 2850500 12 25 22  -1.3 1014 133  3.4 8  2.1  62    0    0 300 -312  0
4218500 2850500 12 25 23  -1.1 1014 134  3.2 8  2.2  64    0    0 301 -312  0
4218500 2850500 12 25 24  -0.9 1014 138  2.5 7  2.3  66    0    0 296 -313  0
4218500 2850500 12 26  1  -0.9 1013 134  3.0 7  2.5  69    0    0 291 -313  0
4218500 2850500 12 26  2  -0.7 1013 135  3.0 7  2.6  73    0    0 291 -314  0
4218500 2850500 12 26  3  -0.3 1013 131  3.3 7  2.7  74    0    0 292 -314  0
4218500 2850500 12 26  4  -0.2 1012 142  2.9 7  2.7  74    0    0 292 -314  0
4218500 2850500 12 26  5   0.0 1012 145  2.9 7  2.8  75    0    0 292 -314  0
4218500 2850500 12 26  6   0.2 1011 154  3.0 7  2.9  75    0    0 292 -315  0
4218500 2850500 12 26  7   0.4 1011 152  3.1 8  3.0  77    0    0 296 -315  0
4218500 2850500 12 26  8   0.5 1011 162  3.4 8  3.1  79    0    0 300 -315  0
4218500 2850500 12 26  9   0.8 1010 155  3.9 8  3.1  79    0    5 298 -315  0
4218500 2850500 12 26 10   1.0 1010 160  4.2 7  3.2  78    9   43 293 -315  0
4218500 2850500 12 26 11   1.9 1010 161  4.4 5  3.2  76   37   87 280 -314  0
4218500 2850500 12 26 12   2.7 1009 165  4.3 3  3.3  75   95  113 266 -315  0
4218500 2850500 12 26 13   2.4 1009 151  4.6 4  3.2  71   92  116 260 -315  0
4218500 2850500 12 26 14   1.9 1007 149  4.7 6  3.0  68   43  103 266 -315  0
4218500 2850500 12 26 15   0.9 1006 154  4.2 7  2.9  69    4   54 273 -314  0
4218500 2850500 12 26 16   0.4 1006 156  4.4 7  2.8  71    0    7 273 -312  0
4218500 2850500 12 26 17  -0.3 1006 140  4.1 7  2.8  74    0    0 270 -309  0
4218500 2850500 12 26 18  -0.6 1005 151  5.1 7  2.9  78    0    0 270 -307  0
4218500 2850500 12 26 19  -0.6 1004 153  4.9 7  2.9  79    0    0 272 -305  0
4218500 2850500 12 26 20  -0.8 1004 159  5.2 7  2.9  79    0    0 273 -303  0
4218500 2850500 12 26 21  -1.0 1004 162  5.0 8  2.9  82    0    0 278 -301  0
4218500 2850500 12 26 22  -0.8 1003 165  3.9 8  3.1  88    0    0 286 -300  0
4218500 2850500 12 26 23  -0.6 1003 159  4.0 7  3.4  94    0    0 286 -301  0
4218500 2850500 12 26 24   0.0 1003 155  3.0 8  3.6  97    0    0 289 -302  0
4218500 2850500 12 27  1   0.4 1002 175  3.9 7  3.8  98    0    0 292 -305  0
4218500 2850500 12 27  2   0.9 1002 184  4.1 8  3.9  98    0    0 295 -309  0
4218500 2850500 12 27  3   1.0 1002 181  3.6 6  4.0  97    0    0 285 -311  0
4218500 2850500 12 27  4   0.7 1002 166  3.8 5  4.0  97    0    0 251 -313  0
4218500 2850500 12 27  5   0.9 1001 179  3.6 4  3.9  97    0    0 226 -314  0
4218500 2850500 12 27  6   0.7 1001 168  3.7 4  4.0  98    0    0 219 -314  0
4218500 2850500 12 27  7   0.4 1000 160  3.5 3  4.0  99    0    0 214 -314  0
4218500 2850500 12 27  8   0.3 1000 154  3.2 2  3.9  99    0    0 198 -315  0
4218500 2850500 12 27  9  -0.1  999 144  2.9 3  3.8  98    2    9 198 -315  0
4218500 2850500 12 27 10   0.3  999 155  3.5 5  3.8  98   24   53 229 -315  0
4218500 2850500 12 27 11   1.7  999 152  4.1 5  4.1  98   47   96 260 -316  0
4218500 2850500 12 27 12   2.1  999 156  4.1 6  4.3  96   37  117 276 -316  0
4218500 2850500 12 27 13   2.3  998 157  4.0 6  4.2  93   27  120 283 -316  0
4218500 2850500 12 27 14   2.5  997 149  3.8 8  4.2  91    0   63 301 -318  0
4218500 2850500 12 27 15   2.8  996 141  4.1 8  4.2  91    0   29 323 -322  0
4218500 2850500 12 27 16   2.9  996 154  4.6 8  4.2  90    0   14 323 -325  0
4218500 2850500 12 27 17   2.7  996 159  4.5 8  4.2  90    0    0 323 -326  0
4218500 2850500 12 27 18   2.5  996 152  4.0 8  4.2  91    0    0 323 -328  0
4218500 2850500 12 27 19   2.5  995 156  3.2 8  4.2  91    0    0 322 -332  0
4218500 2850500 12 27 20   2.4  995 147  3.9 8  4.2  91    0    0 322 -336  0
4218500 2850500 12 27 21   2.6  995 150  4.0 8  4.2  91    0    0 321 -336  0
4218500 2850500 12 27 22   2.4  994 154  4.0 8  4.2  91    0    0 321 -335  0
4218500 2850500 12 27 23   2.4  994 158  2.7 7  4.2  92    0    0 309 -333  0
4218500 2850500 12 27 24   1.8  994 152  4.1 6  4.1  92    0    0 281 -333  0
4218500 2850500 12 28  1   1.6  993 150  3.5 6  4.0  91    0    0 267 -332  0
4218500 2850500 12 28  2   1.3  993 153  3.1 7  3.9  90    0    0 279 -331  0
4218500 2850500 12 28  3   1.4  993 160  3.7 7  3.8  89    0    0 288 -330  0
4218500 2850500 12 28  4   1.6  993 157  3.7 7  3.7  87    0    0 288 -328  0
4218500 2850500 12 28  5   1.4  992 156  3.9 7  3.7  86    0    0 287 -326  0
4218500 2850500 12 28  6   1.6  992 147  3.5 8  3.7  85    0    0 298 -325  0
4218500 2850500 12 28  7   1.6  992 160  3.4 7  3.6  83    0    0 297 -325  0
4218500 2850500 12 28  8   1.3  992 162  3.2 7  3.6  83    0    0 282 -325  0
4218500 2850500 12 28  9   1.4  992 178  2.9 7  3.6  85    1    8 281 -325  0
4218500 2850500 12 28 10   1.9  992 178  4.0 7  3.6  83    4   40 281 -326  0
4218500 2850500 12 28 11   3.1  993 168  4.2 7  3.7  79    5   73 287 -329  0
4218500 2850500 12 28 12   3.4  993 177  3.9 6  3.8  77   19  110 282 -331  0
4218500 2850500 12 28 13   3.9  992 188  3.8 7  3.7  74   12  106 284 -333  0
4218500 2850500 12 28 14   4.1  992 197  3.1 6  3.6  70   12   92 284 -336  0
4218500 2850500 12 28 15   4.1  992 199  3.5 6  3.8  73    4   55 279 -337  0
4218500 2850500 12 28 16   4.0  993 191  3.0 7  3.9  76    0    2 288 -337  0
4218500 2850500 12 28 17   3.4  993 204  3.3 7  3.9  76    0    0 294 -336  0
4218500 2850500 12 28 18   3.4  993 218  2.8 7  3.9  78    0    0 292 -335  0
4218500 2850500 12 28 19   3.7  993 216  3.2 7  4.0  80    0    0 295 -335  0
4218500 2850500 12 28 20   4.0  994 221  2.7 8  4.1  81    0    0 312 -335  0
4218500 2850500 12 28 21   4.1  994 191  2.8 8  4.2  82    0    0 325 -334  0
4218500 2850500 12 28 22   4.1  995 220  3.2 7  4.4  86    0    0 318 -333  0
4218500 2850500 12 28 23   4.4  995 227  3.2 7  4.7  89    0    0 312 -334  0
4218500 2850500 12 28 24   5.1  995 221  3.3 8  5.0  91    0    0 324 -333  0
4218500 2850500 12 29  1   5.3  997 239  3.0 8  5.2  94    0    0 334 -333  0
4218500 2850500 12 29  2   6.0  997 253  3.1 7  5.5  95    0    0 328 -335  0
4218500 2850500 12 29  3   5.8  997 238  2.6 7  5.6  95    0    0 322 -337  0
4218500 2850500 12 29  4   5.3  997 242  3.7 7  5.4  95    0    0 321 -337  0
4218500 2850500 12 29  5   6.0  997 242  3.8 7  5.4  94    0    0 321 -338  0
4218500 2850500 12 29  6   6.1  997 247  4.7 8  5.4  92    0    0 328 -339  0
4218500 2850500 12 29  7   6.4  998 238  5.0 7  5.4  90    0    0 328 -340  0
4218500 2850500 12 29  8   6.1  998 259  6.0 7  5.5  91    0    0 322 -341  0
4218500 2850500 12 29  9   5.6  998 267  5.2 8  5.5  94    0    4 327 -342  0
4218500 2850500 12 29 10   5.9  999 261  5.4 7  5.5  94    5   41 326 -341  0
4218500 2850500 12 29 11   6.4  999 246  5.0 5  5.3  90   42   98 307 -339  0
4218500 2850500 12 29 12   6.5  999 243  5.6 5  5.3  86    7   96 294 -338  0
4218500 2850500 12 29 13   6.6  999 239  5.2 6  5.1  83    0   58 299 -337  0
4218500 2850500 12 29 14   6.7  998 242  4.9 6  4.9  79    0   50 303 -336  0
4218500 2850500 12 29 15   7.1  998 252  4.7 5  4.7  75    3   55 295 -335  0
4218500 2850500 12 29 16   6.7  998 234  4.6 7  4.5  71    4   23 301 -333  0
4218500 2850500 12 29 17   5.6  998 215  4.3 6  4.4  74    0    0 305 -332  0
4218500 2850500 12 29 18   5.5  997 234  4.3 7  4.5  79    0    0 303 -332  0
4218500 2850500 12 29 19   5.0  997 222  3.7 6  4.6  82    0    0 302 -331  0
4218500 2850500 12 29 20   4.4  996 218  3.6 5  4.5  84    0    0 287 -329  0
4218500 2850500 12 29 21   3.7  995 217  3.6 4  4.4  86    0    0 272 -327  0
4218500 2850500 12 29 22   3.6  995 211  3.3 5  4.4  88    0    0 272 -325  0
4218500 2850500 12 29 23   2.9  994 214  2.9 4  4.4  91    0    0 271 -324  0
4218500 2850500 12 29 24   2.8  994 219  2.6 5  4.5  94    0    0 271 -325  0
4218500 2850500 12 30  1   3.1  993 228  2.1 7  4.5  94    0    0 292 -325  0
4218500 2850500 12 30  2   3.2  992 233  2.3 7  4.6  94    0    0 308 -325  0
4218500 2850500 12 30  3   3.5  991 225  2.1 7  4.6  94    0    0 310 -325  0
4218500 2850500 12 30  4   3.5  991 235  1.7 8  4.7  95    0    0 317 -323  0
4218500 2850500 12 30  5   3.5  991 261  0.5 8  4.8  96    0    0 324 -321  0
4218500 2850500 12 30  6   3.4  991 341  1.4 8  4.8  97    0    0 323 -318  0
4218500 2850500 12 30  7   3.8  991   8  2.8 8  4.9  98    0    0 324 -316  0
4218500 2850500 12 30  8   3.4  991  36  3.2 8  4.9  98    0    0 323 -315  0
4218500 2850500 12 30  9   1.9  990  39  3.6 8  4.5  96    0    1 318 -315  0
4218500 2850500 12 30 10   0.5  991  18  3.0 8  4.1  96    0   10 312 -314  0
4218500 2850500 12 30 11   0.4  992  43  2.8 8  3.9  96    0   31 309 -315  0
4218500 2850500 12 30 12   0.4  993  18  3.4 8  3.9  97    0   32 308 -315  0
4218500 2850500 12 30 13   0.3  994  28  4.0 8  3.8  97    0   35 307 -315  0
4218500 2850500 12 30 14   0.4  994  46  4.2 8  3.8  97    0   37 306 -315  0
4218500 2850500 12 30 15   0.6  995  50  4.4 7  3.8  95    0   17 298 -315  0
4218500 2850500 12 30 16   0.4  996  61  3.5 8  3.6  91    0    5 296 -315  0
4218500 2850500 12 30 17   0.1  997  61  4.4 8  3.5  88    0    0 301 -314  0
4218500 2850500 12 30 18  -0.2  997  57  4.6 8  3.4  87    0    0 299 -313  0
4218500 2850500 12 30 19  -0.7  998  58  5.1 8  3.3  89    0    0 297 -312  0
4218500 2850500 12 30 20  -1.0  998  68  4.7 8  3.3  92    0    0 295 -312  0
4218500 2850500 12 30 21  -0.9  999  60  5.0 8  3.2  90    0    0 294 -312  0
4218500 2850500 12 30 22  -0.9 1000  58  5.5 8  3.2  88    0    0 294 -312  0
4218500 2850500 12 30 23  -1.1 1000  53  5.3 8  3.1  86    0    0 294 -312  0
4218500 2850500 12 30 24  -1.3 1001  62  6.2 8  2.9  82    0    0 294 -312  0
4218500 2850500 12 31  1  -1.8 1002  55  6.6 8  2.7  80    0    0 292 -312  0
4218500 2850500 12 31  2  -1.9 1002  66  5.9 7  2.6  78    0    0 286 -311  0
4218500 2850500 12 31  3  -2.2 1003  57  5.8 7  2.5  76    0    0 280 -311  0
4218500 2850500 12 31  4  -2.4 1004  57  5.7 8  2.4  75    0    0 287 -310  0
4218500 2850500 12 31  5  -2.7 1005  56  6.1 8  2.3  73    0    0 293 -309  0
4218500 2850500 12 31  6  -3.2 1006  57  5.7 7  2.3  74    0    0 287 -308  0
4218500 2850500 12 31  7  -3.7 1007  66  6.6 7  2.2  74    0    0 279 -307  0
4218500 2850500 12 31  8  -4.2 1008  73  5.4 5  1.9  68    0    0 267 -306  0
4218500 2850500 12 31  9  -4.6 1009  59  5.1 4  1.8  66    4    6 248 -305  0
4218500 2850500 12 31 10  -4.2 1010  63  5.0 1  1.8  66   61   19 224 -304  0
4218500 2850500 12 31 11  -3.8 1011  75  5.9 2  1.8  63  122   25 212 -305  0
4218500 2850500 12 31 12  -3.1 1012  70  5.8 2  1.8  61  124   43 219 -306  0
4218500 2850500 12 31 13  -2.9 1013  76  5.5 2  1.8  60   96   64 220 -307  0
4218500 2850500 12 31 14  -3.0 1013  83  5.7 2  1.7  57   99   47 220 -308  0
4218500 2850500 12 31 15  -3.0 1013  79  4.6 1  1.7  55   61   33 213 -307  0
4218500 2850500 12 31 16  -3.9 1014  80  4.3 1  1.6  56    9   16 206 -306  0
4218500 2850500 12 31 17  -4.7 1014  82  3.7 0  1.6  57    0    0 197 -303  0
4218500 2850500 12 31 18  -5.2 1015  85  3.6 0  1.6  59    0    0 188 -300  0
4218500 2850500 12 31 19  -5.6 1015  96  3.3 0  1.6  64    0    0 188 -298  0
4218500 2850500 12 31 20  -6.1 1016  99  3.5 0  1.7  70    0    0 187 -296  0
4218500 2850500 12 31 21  -6.4 1016 116  3.9 0  1.7  72    0    0 186 -294  0
4218500 2850500 12 31 22  -6.5 1016 119  4.1 0  1.7  74    0    0 185 -293  0
4218500 2850500 12 31 23  -7.0 1015 125  4.3 0  1.7  74    0    0 185 -292  0
4218500 2850500 12 31 24  -7.6 1015 129  4.0 0  1.6  74    0    0 183 -291  0
