Koordinatensystem : Lambert konform konisch
Rechtswert        : 4218500 Meter
Hochwert          : 2850500 Meter
Hoehenlage        : 45 Meter ueber NN
Erstellung des Datensatzes im Mai 2016

Art des TRY       : extremer Sommer
Bezugszeitraum    : 2031-2060
Datenbasis 1      : Beobachtungsdaten Zeitraum 1995-2012
Datenbasis 2      : Klimasimulationen Zeitraum 1971-2000 (Basis RCP-historical / CORDEX-Europa Laeufe)
Datenbasis 3      : Klimasimulationen Zeitraum 2031-2060 (Basis RCP-4.5 und RCP-8.5 / CORDEX-Europa Laeufe)

Format: (i7,1x,i7,1x,i2,1x,i2,1x,i2,1x,f5.1,1x,i4,1x,3i,1x,f4.1,1x,i1,1x,f4.1,1x,i3,1x,i4,1x,i4,1x,i3,1x,i4,2x,i1)

Reihenfolge der Parameter:
RW Rechtswert                                                    [m]       {3670500;3671500..4389500}
HW Hochwert                                                      [m]       {2242500;2243500..3179500}
MM Monat                                                                   {1..12}
DD Tag                                                                     {1..28,30,31}
HH Stunde (MEZ)                                                            {1..24}
t  Lufttemperatur in 2m Hoehe ueber Grund                        [GradC]
p  Luftdruck in Standorthoehe                                    [hPa]
WR Windrichtung in 10 m Hoehe ueber Grund                        [Grad]    {0..360;999}
WG Windgeschwindigkeit in 10 m Hoehe ueber Grund                 [m/s]
N  Bedeckungsgrad                                                [Achtel]  {0..8;9}
x  Wasserdampfgehalt, Mischungsverhaeltnis                       [g/kg]
RF Relative Feuchte in 2 m Hoehe ueber Grund                     [Prozent] {1..100}
B  Direkte Sonnenbestrahlungsstaerke (horiz. Ebene)              [W/m^2]   abwaerts gerichtet: positiv
D  Diffuse Sonnenbetrahlungsstaerke (horiz. Ebene)               [W/m^2]   abwaerts gerichtet: positiv
A  Bestrahlungsstaerke d. atm. Waermestrahlung (horiz. Ebene)    [W/m^2]   abwaerts gerichtet: positiv
E  Bestrahlungsstaerke d. terr. Waermestrahlung                  [W/m^2]   aufwaerts gerichtet: negativ
IL Qualitaetsbit bezueglich der Auswahlkriterien                           {0;1;2;3;4}


     RW      HW MM DD HH     t    p  WR   WG N    x  RF    B    D   A    E IL
*** 
4218500 2850500  1  1  1   0.6 1020 244  3.4 7  3.7  94    0    0 283 -312  2
4218500 2850500  1  1  2   0.3 1020 268  3.3 7  3.7  97    0    0 283 -312  2
4218500 2850500  1  1  3   0.1 1020 286  3.3 7  3.7  99    0    0 277 -312  2
4218500 2850500  1  1  4   0.2 1020 287  3.1 7  3.7  99    0    0 283 -312  2
4218500 2850500  1  1  5   0.2 1019 288  3.1 7  3.8  99    0    0 289 -313  2
4218500 2850500  1  1  6   0.2 1019 297  3.1 7  3.8  99    0    0 284 -313  2
4218500 2850500  1  1  7   0.3 1019 288  3.0 8  3.8  99    0    0 288 -312  2
4218500 2850500  1  1  8   0.4 1019 300  2.9 8  3.8  99    0    0 293 -312  2
4218500 2850500  1  1  9   0.5 1019 300  3.0 8  3.8  99    0    4 292 -311  2
4218500 2850500  1  1 10   0.6 1019 291  3.1 7  3.8  97    2   39 287 -312  2
4218500 2850500  1  1 11   0.8 1019 290  3.6 6  3.8  95    1   62 278 -314  2
4218500 2850500  1  1 12   0.5 1019 287  3.3 8  3.7  94    0   44 281 -315  2
4218500 2850500  1  1 13   0.5 1019 286  3.4 7  3.7  95    0   56 286 -315  2
4218500 2850500  1  1 14   0.1 1019 268  2.6 8  3.7  96    0   16 286 -316  2
4218500 2850500  1  1 15   0.1 1019 278  2.3 8  3.7  98    0   17 290 -316  2
4218500 2850500  1  1 16   0.2 1019 278  2.0 7  3.7  98    0    3 286 -316  2
4218500 2850500  1  1 17   0.2 1019 285  1.6 7  3.7  98    0    0 282 -316  2
4218500 2850500  1  1 18   0.1 1019 258  1.3 8  3.7  98    0    0 284 -316  2
4218500 2850500  1  1 19   0.0 1020 360  1.0 8  3.7  98    0    0 286 -316  2
4218500 2850500  1  1 20   0.1 1020 148  1.7 8  3.7  99    0    0 286 -316  2
4218500 2850500  1  1 21   0.1 1020 134  1.8 8  3.7  99    0    0 287 -316  2
4218500 2850500  1  1 22   0.1 1020 119  2.1 8  3.7  99    0    0 288 -316  2
4218500 2850500  1  1 23   0.0 1021 110  2.6 8  3.7  99    0    0 289 -315  2
4218500 2850500  1  1 24  -0.2 1021 119  2.7 8  3.7  99    0    0 290 -315  2
4218500 2850500  1  2  1  -0.4 1022 116  2.9 8  3.7  99    0    0 292 -315  2
4218500 2850500  1  2  2  -0.6 1022 111  2.4 8  3.6  99    0    0 292 -315  2
4218500 2850500  1  2  3  -1.0 1022 118  1.6 6  3.5  98    0    0 283 -315  2
4218500 2850500  1  2  4  -0.9 1022  89  2.2 6  3.5  99    0    0 275 -314  2
4218500 2850500  1  2  5  -0.5 1022  78  2.8 7  3.5  99    0    0 278 -313  2
4218500 2850500  1  2  6  -0.6 1022  91  2.4 8  3.6  99    0    0 286 -313  2
4218500 2850500  1  2  7  -0.4 1022  95  2.0 8  3.6  99    0    0 289 -312  2
4218500 2850500  1  2  8  -0.3 1022  97  2.3 8  3.6  99    0    0 289 -312  2
4218500 2850500  1  2  9  -0.2 1022  96  3.1 8  3.7  99    0    3 289 -313  2
4218500 2850500  1  2 10  -0.2 1022 114  2.8 8  3.6  98    5   28 287 -313  2
4218500 2850500  1  2 11  -0.2 1023  85  2.7 8  3.6  96    0   46 287 -313  2
4218500 2850500  1  2 12   0.2 1023  77  2.6 8  3.5  94    0   57 288 -313  2
4218500 2850500  1  2 13   0.2 1022  95  2.9 8  3.5  92    0   44 290 -313  2
4218500 2850500  1  2 14   0.1 1021  90  3.3 8  3.5  93    0   24 288 -313  2
4218500 2850500  1  2 15   0.0 1021  89  3.7 8  3.6  94    0   16 287 -312  2
4218500 2850500  1  2 16  -0.2 1021  86  4.7 8  3.5  94    0    1 284 -311  2
4218500 2850500  1  2 17  -0.5 1021  89  4.5 8  3.4  93    0    0 279 -308  2
4218500 2850500  1  2 18  -0.7 1020  87  5.2 8  3.3  91    0    0 276 -305  2
4218500 2850500  1  2 19  -1.3 1020  83  5.7 8  3.1  88    0    0 274 -303  2
4218500 2850500  1  2 20  -1.6 1020  98  5.9 8  2.9  87    0    0 271 -302  2
4218500 2850500  1  2 21  -2.2 1020  88  5.8 8  2.9  88    0    0 270 -302  2
4218500 2850500  1  2 22  -2.8 1019  81  5.4 8  2.8  88    0    0 269 -302  2
4218500 2850500  1  2 23  -3.5 1019  72  6.4 8  2.6  87    0    0 268 -302  2
4218500 2850500  1  2 24  -3.9 1018  88  5.3 8  2.5  86    0    0 267 -302  2
4218500 2850500  1  3  1  -4.1 1018  97  5.9 8  2.4  85    0    0 268 -301  2
4218500 2850500  1  3  2  -4.1 1018  97  5.9 8  2.3  84    0    0 268 -300  2
4218500 2850500  1  3  3  -4.1 1017 100  5.8 8  2.3  83    0    0 267 -299  2
4218500 2850500  1  3  4  -4.2 1017 101  5.8 8  2.3  82    0    0 268 -299  2
4218500 2850500  1  3  5  -4.2 1016 106  5.8 8  2.3  82    0    0 268 -298  2
4218500 2850500  1  3  6  -4.4 1016 100  5.8 8  2.3  82    0    0 267 -296  2
4218500 2850500  1  3  7  -4.6 1016  99  6.0 8  2.3  83    0    0 266 -295  2
4218500 2850500  1  3  8  -4.6 1016  98  7.2 8  2.2  83    0    0 265 -293  2
4218500 2850500  1  3  9  -4.5 1016  97  6.5 8  2.2  81    0    3 262 -291  2
4218500 2850500  1  3 10  -4.3 1015  98  7.1 8  2.2  80    0   24 261 -288  2
4218500 2850500  1  3 11  -4.4 1015  97  7.1 8  2.2  81    0   31 262 -287  2
4218500 2850500  1  3 12  -4.4 1015 100  6.1 8  2.2  80    0   35 264 -289  2
4218500 2850500  1  3 13  -4.2 1015 100  6.4 8  2.2  79    0   32 265 -292  2
4218500 2850500  1  3 14  -4.0 1014  97  6.6 8  2.2  78    0   28 267 -293  2
4218500 2850500  1  3 15  -3.9 1014  99  6.8 7  2.2  78    2   54 263 -292  2
4218500 2850500  1  3 16  -3.7 1014  97  7.4 8  2.2  78    0   22 265 -290  2
4218500 2850500  1  3 17  -3.5 1014  98  6.4 8  2.3  79    0    0 270 -287  2
4218500 2850500  1  3 18  -3.9 1015  98  7.2 8  2.3  80    0    0 269 -285  2
4218500 2850500  1  3 19  -4.2 1015  96  6.5 7  2.3  81    0    0 263 -284  2
4218500 2850500  1  3 20  -4.2 1015  97  5.9 6  2.2  81    0    0 256 -283  2
4218500 2850500  1  3 21  -4.3 1015  97  7.3 7  2.2  81    0    0 257 -282  2
4218500 2850500  1  3 22  -4.6 1015  97  7.2 6  2.2  81    0    0 255 -281  2
4218500 2850500  1  3 23  -5.1 1015  97  7.5 4  2.1  81    0    0 240 -281  2
4218500 2850500  1  3 24  -5.5 1015  89  7.6 3  2.0  80    0    0 224 -280  2
4218500 2850500  1  4  1  -5.9 1016  99  7.5 2  2.0  79    0    0 214 -280  2
4218500 2850500  1  4  2  -6.2 1015  98  7.5 1  1.9  79    0    0 202 -279  2
4218500 2850500  1  4  3  -6.6 1015  90  7.5 1  1.8  79    0    0 197 -279  2
4218500 2850500  1  4  4  -7.0 1016 100  7.3 1  1.8  78    0    0 194 -279  2
4218500 2850500  1  4  5  -7.3 1016 101  7.4 1  1.7  77    0    0 192 -278  2
4218500 2850500  1  4  6  -7.7 1016 100  7.0 1  1.6  77    0    0 190 -277  2
4218500 2850500  1  4  7  -7.8 1015 101  6.5 0  1.6  76    0    0 185 -277  2
4218500 2850500  1  4  8  -8.0 1016 100  6.4 1  1.6  76    0    0 184 -277  2
4218500 2850500  1  4  9  -8.1 1016 100  7.0 2  1.6  76    0    6 190 -276  2
4218500 2850500  1  4 10  -7.7 1016 100  5.8 2  1.6  76   21   47 193 -277  2
4218500 2850500  1  4 11  -6.7 1016 109  5.8 5  1.6  74   42   86 208 -279  2
4218500 2850500  1  4 12  -6.3 1017  99  6.9 6  1.7  72   48  113 229 -282  2
4218500 2850500  1  4 13  -5.7 1016  99  6.4 6  1.7  70   69  119 236 -286  2
4218500 2850500  1  4 14  -5.3 1015 100  5.2 6  1.7  70    8   85 237 -288  2
4218500 2850500  1  4 15  -5.2 1014 100  4.7 7  1.8  71    0   31 243 -289  2
4218500 2850500  1  4 16  -5.0 1015  96  5.8 7  1.9  72    0    6 248 -288  2
4218500 2850500  1  4 17  -5.3 1015 100  5.3 7  1.9  73    0    0 246 -287  2
4218500 2850500  1  4 18  -5.2 1015 100  5.7 7  1.9  73    0    0 245 -287  2
4218500 2850500  1  4 19  -5.2 1014  99  5.2 7  1.9  74    0    0 246 -287  2
4218500 2850500  1  4 20  -5.3 1014 107  4.7 6  1.9  76    0    0 241 -287  2
4218500 2850500  1  4 21  -5.3 1014 100  4.9 6  2.0  77    0    0 236 -286  2
4218500 2850500  1  4 22  -5.3 1013 110  4.5 4  2.0  78    0    0 226 -286  2
4218500 2850500  1  4 23  -5.5 1013 106  5.5 3  2.0  79    0    0 208 -286  2
4218500 2850500  1  4 24  -5.3 1013 109  5.5 3  2.0  80    0    0 201 -285  2
4218500 2850500  1  5  1  -4.8 1012 119  5.2 3  2.1  81    0    0 202 -285  2
4218500 2850500  1  5  2  -4.5 1012 125  4.6 4  2.2  81    0    0 208 -285  2
4218500 2850500  1  5  3  -4.1 1012 118  4.6 5  2.3  82    0    0 222 -285  2
4218500 2850500  1  5  4  -3.6 1011 118  5.1 7  2.3  82    0    0 243 -285  2
4218500 2850500  1  5  5  -3.1 1011 126  4.9 8  2.4  82    0    0 265 -285  2
4218500 2850500  1  5  6  -2.8 1010 128  5.1 8  2.5  82    0    0 275 -286  2
4218500 2850500  1  5  7  -2.6 1010 132  5.2 8  2.5  81    0    0 277 -287  2
4218500 2850500  1  5  8  -2.5 1009 137  5.0 8  2.5  80    0    0 279 -288  2
4218500 2850500  1  5  9  -2.2 1009 131  5.3 7  2.6  80    0    3 271 -289  2
4218500 2850500  1  5 10  -1.7 1009 139  5.9 7  2.6  79    1   30 261 -291  2
4218500 2850500  1  5 11  -1.3 1008 140  5.8 8  2.6  77    0   50 273 -294  2
4218500 2850500  1  5 12  -0.9 1008 141  5.3 8  2.6  74    1   70 287 -297  2
4218500 2850500  1  5 13  -0.4 1007 141  5.7 8  2.6  71    1   72 289 -301  2
4218500 2850500  1  5 14  -0.1 1006 142  5.4 7  2.6  70    1   63 278 -304  2
4218500 2850500  1  5 15  -0.1 1005 139  5.6 8  2.7  72    2   48 279 -306  2
4218500 2850500  1  5 16  -0.2 1005 149  4.8 8  2.8  74    0   16 294 -306  2
4218500 2850500  1  5 17  -0.2 1005 140  5.5 8  2.9  77    0    0 293 -304  2
4218500 2850500  1  5 18  -0.4 1005 139  5.5 8  3.1  82    0    0 293 -304  2
4218500 2850500  1  5 19  -0.5 1004 151  5.2 8  3.2  86    0    0 296 -306  2
4218500 2850500  1  5 20  -0.2 1004 162  5.0 8  3.2  86    0    0 298 -307  2
4218500 2850500  1  5 21  -0.1 1004 164  5.0 8  3.2  84    0    0 300 -310  2
4218500 2850500  1  5 22  -0.1 1003 163  4.9 7  3.1  82    0    0 292 -312  2
4218500 2850500  1  5 23  -0.3 1003 159  4.7 4  3.1  83    0    0 267 -313  2
4218500 2850500  1  5 24  -0.8 1003 159  3.9 2  3.1  84    0    0 235 -314  2
4218500 2850500  1  6  1  -1.2 1002 161  4.3 1  3.1  87    0    0 217 -314  2
4218500 2850500  1  6  2  -1.3 1002 152  3.7 2  3.1  88    0    0 212 -314  2
4218500 2850500  1  6  3  -1.1 1001 160  4.0 3  3.1  90    0    0 221 -314  2
4218500 2850500  1  6  4  -1.5 1001 147  3.5 4  3.1  90    0    0 240 -315  2
4218500 2850500  1  6  5  -1.5 1001 146  3.4 4  3.1  91    0    0 252 -315  2
4218500 2850500  1  6  6  -0.9 1001 139  3.6 6  3.2  90    0    0 267 -315  2
4218500 2850500  1  6  7  -0.6 1000 144  3.5 7  3.3  90    0    0 285 -314  2
4218500 2850500  1  6  8  -0.3 1000 150  3.2 8  3.4  91    0    0 299 -314  2
4218500 2850500  1  6  9   0.0 1000 152  3.4 8  3.5  92    0    8 306 -314  2
4218500 2850500  1  6 10   0.2 1001 162  2.4 8  3.6  93    3   42 307 -314  2
4218500 2850500  1  6 11   0.3 1001 182  2.3 8  3.8  97    0   35 308 -315  2
4218500 2850500  1  6 12   0.4 1001 189  2.3 8  3.9  99    0   28 308 -315  2
4218500 2850500  1  6 13   0.7 1001 200  2.6 8  4.0  99    0   32 309 -319  2
4218500 2850500  1  6 14   1.1 1001 250  2.6 7  4.1 100    0   23 305 -321  2
4218500 2850500  1  6 15   1.5 1002 290  4.4 8  4.2 100    0   13 306 -320  2
4218500 2850500  1  6 16   1.6 1003 294  4.8 7  4.3 100    0    2 307 -319  2
4218500 2850500  1  6 17   1.8 1005 283  4.2 7  4.3  99    0    0 301 -319  2
4218500 2850500  1  6 18   2.3 1006 283  4.4 7  4.4  99    0    0 302 -319  2
4218500 2850500  1  6 19   2.6 1007 279  5.1 8  4.5  99    0    0 309 -319  2
4218500 2850500  1  6 20   2.6 1008 281  4.6 8  4.5  98    0    0 316 -318  2
4218500 2850500  1  6 21   2.6 1009 260  3.0 8  4.5  98    0    0 315 -318  2
4218500 2850500  1  6 22   2.4 1009 251  2.7 7  4.5  99    0    0 308 -318  2
4218500 2850500  1  6 23   2.6 1010 220  2.4 7  4.5  99    0    0 301 -318  2
4218500 2850500  1  6 24   2.2 1010 226  2.5 7  4.5  99    0    0 300 -318  2
4218500 2850500  1  7  1   2.3 1011 216  2.5 8  4.4  97    0    0 304 -318  2
4218500 2850500  1  7  2   2.0 1011 216  2.3 8  4.3  97    0    0 309 -317  2
4218500 2850500  1  7  3   2.0 1011 208  2.8 7  4.3  98    0    0 302 -316  2
4218500 2850500  1  7  4   1.5 1010 175  2.6 6  4.2  97    0    0 290 -315  2
4218500 2850500  1  7  5   0.6 1010 168  2.7 2  4.0  97    0    0 258 -315  2
4218500 2850500  1  7  6   0.0 1010 166  3.2 0  3.8  97    0    0 219 -313  2
4218500 2850500  1  7  7  -0.5 1009 160  3.7 0  3.7  98    0    0 206 -311  2
4218500 2850500  1  7  8  -0.6 1008 159  4.0 0  3.6  98    0    0 202 -311  2
4218500 2850500  1  7  9  -0.2 1007 132  3.9 4  3.6  98    2    9 227 -312  2
4218500 2850500  1  7 10   0.7 1006 142  4.8 6  3.7  96    9   37 265 -314  2
4218500 2850500  1  7 11   1.1 1005 154  5.0 6  3.8  92    1   56 279 -315  2
4218500 2850500  1  7 12   1.0 1004 158  4.6 7  3.8  91    0   20 285 -316  2
4218500 2850500  1  7 13   1.1 1003 164  4.0 8  3.9  95    0   42 297 -317  2
4218500 2850500  1  7 14   1.8 1003 173  4.2 5  4.2  98   36   88 292 -319  2
4218500 2850500  1  7 15   2.4 1003 189  3.9 6  4.4  99   16   59 286 -320  2
4218500 2850500  1  7 16   3.1 1003 207  4.2 6  4.5  97    0    2 294 -321  2
4218500 2850500  1  7 17   3.2 1003 208  4.2 3  4.7  97    0    0 282 -323  2
4218500 2850500  1  7 18   3.6 1004 203  4.6 4  4.7  96    0    0 274 -325  2
4218500 2850500  1  7 19   4.4 1004 226  4.9 6  4.8  94    0    0 289 -324  2
4218500 2850500  1  7 20   4.2 1005 202  4.6 5  4.8  92    0    0 294 -322  2
4218500 2850500  1  7 21   3.6 1005 209  4.6 3  4.6  91    0    0 278 -322  2
4218500 2850500  1  7 22   3.5 1005 219  5.4 2  4.4  90    0    0 260 -322  2
4218500 2850500  1  7 23   4.0 1006 212  6.1 3  4.3  87    0    0 259 -323  2
4218500 2850500  1  7 24   4.6 1006 224  6.0 7  4.3  83    0    0 283 -324  2
4218500 2850500  1  8  1   4.2 1006 240  5.4 8  4.5  85    0    0 309 -325  2
4218500 2850500  1  8  2   3.7 1007 230  4.3 8  4.7  93    0    0 314 -326  2
4218500 2850500  1  8  3   3.7 1007 233  5.0 6  4.7  95    0    0 304 -326  2
4218500 2850500  1  8  4   3.9 1008 250  4.7 6  4.7  94    0    0 295 -326  2
4218500 2850500  1  8  5   3.8 1009 238  5.5 7  4.7  93    0    0 300 -326  2
4218500 2850500  1  8  6   4.1 1009 243  5.4 7  4.7  93    0    0 306 -326  2
4218500 2850500  1  8  7   4.3 1010 241  6.0 5  4.7  91    0    0 296 -326  2
4218500 2850500  1  8  8   4.0 1011 239  5.5 5  4.6  90    0    0 285 -327  2
4218500 2850500  1  8  9   4.1 1011 247  5.5 6  4.5  89    0    8 288 -327  2
4218500 2850500  1  8 10   5.0 1012 260  5.5 7  4.5  86    9   44 300 -327  2
4218500 2850500  1  8 11   5.6 1013 253  6.0 4  4.5  81   77   81 291 -327  2
4218500 2850500  1  8 12   6.6 1014 250  5.1 2  4.4  75  122   98 266 -328  2
4218500 2850500  1  8 13   6.9 1014 232  5.3 3  4.3  71  110  110 263 -328  2
4218500 2850500  1  8 14   6.9 1014 231  5.7 4  4.1  67   54  107 275 -329  2
4218500 2850500  1  8 15   6.4 1014 211  4.8 6  4.0  66    6   61 292 -329  2
4218500 2850500  1  8 16   5.6 1014 209  5.3 7  4.0  70    1   24 306 -329  2
4218500 2850500  1  8 17   5.2 1014 213  4.7 7  4.1  73    0    0 309 -328  2
4218500 2850500  1  8 18   5.1 1015 221  4.7 7  4.2  76    0    0 307 -327  2
4218500 2850500  1  8 19   5.0 1015 217  4.4 6  4.2  77    0    0 301 -326  2
4218500 2850500  1  8 20   3.9 1015 211  3.6 4  4.0  76    0    0 282 -326  2
4218500 2850500  1  8 21   3.2 1015 203  3.4 1  3.8  79    0    0 253 -325  2
4218500 2850500  1  8 22   2.6 1015 199  3.4 1  3.8  82    0    0 238 -325  2
4218500 2850500  1  8 23   2.2 1015 186  3.7 1  3.8  84    0    0 237 -325  2
4218500 2850500  1  8 24   2.0 1014 200  3.5 0  3.8  85    0    0 230 -324  2
4218500 2850500  1  9  1   1.2 1014 184  3.7 1  3.8  89    0    0 225 -323  2
4218500 2850500  1  9  2   0.9 1014 181  3.7 1  3.8  92    0    0 224 -322  2
4218500 2850500  1  9  3   0.8 1013 168  3.3 0  3.8  94    0    0 214 -321  2
4218500 2850500  1  9  4   0.8 1013 170  3.9 0  3.8  95    0    0 202 -319  2
4218500 2850500  1  9  5   0.7 1012 171  3.9 1  3.8  94    0    0 199 -316  2
4218500 2850500  1  9  6   0.7 1012 170  3.9 3  3.7  93    0    0 211 -315  2
4218500 2850500  1  9  7   0.3 1011 162  4.3 3  3.6  92    0    0 222 -315  2
4218500 2850500  1  9  8   0.3 1011 161  4.0 4  3.5  90    0    0 229 -315  2
4218500 2850500  1  9  9   0.7 1011 169  4.1 7  3.5  89    1   10 257 -315  2
4218500 2850500  1  9 10   1.1 1010 160  4.2 7  3.5  87   11   48 279 -314  2
4218500 2850500  1  9 11   2.0 1010 163  4.5 6  3.6  84   25   90 276 -314  2
4218500 2850500  1  9 12   2.4 1009 168  4.8 5  3.6  80   76  117 265 -316  2
4218500 2850500  1  9 13   4.6 1008 182  4.7 4  3.7  75  124  116 252 -320  2
4218500 2850500  1  9 14   4.5 1008 190  4.7 6  3.7  70   38  112 260 -325  2
4218500 2850500  1  9 15   5.1 1007 172  4.4 6  3.8  71    7   68 277 -327  2
4218500 2850500  1  9 16   4.8 1007 193  4.2 7  3.9  71    5   30 287 -326  2
4218500 2850500  1  9 17   4.8 1007 202  3.7 8  3.8  71    0    0 303 -325  2
4218500 2850500  1  9 18   5.2 1007 212  3.4 8  3.8  70    0    0 314 -325  2
4218500 2850500  1  9 19   4.6 1007 231  3.6 8  4.1  77    0    0 317 -326  2
4218500 2850500  1  9 20   4.6 1008 219  3.5 8  4.6  88    0    0 321 -326  2
4218500 2850500  1  9 21   4.4 1008 229  3.7 7  4.8  91    0    0 315 -325  2
4218500 2850500  1  9 22   3.8 1009 222  3.1 5  4.7  92    0    0 292 -325  2
4218500 2850500  1  9 23   2.8 1009 224  2.2 3  4.5  94    0    0 261 -325  2
4218500 2850500  1  9 24   2.7 1010 227  3.7 2  4.4  95    0    0 241 -322  2
4218500 2850500  1 10  1   1.8 1011 213  3.7 1  4.3  96    0    0 226 -317  2
4218500 2850500  1 10  2   1.6 1011 213  3.8 0  4.1  96    0    0 211 -315  2
4218500 2850500  1 10  3   1.3 1011 206  3.7 0  4.1  98    0    0 203 -314  2
4218500 2850500  1 10  4   1.0 1011 195  3.7 1  4.1  98    0    0 206 -312  2
4218500 2850500  1 10  5   0.7 1011 203  3.6 1  4.0  98    0    0 208 -310  2
4218500 2850500  1 10  6   1.5 1012 192  3.9 0  4.0  98    0    0 200 -309  2
4218500 2850500  1 10  7   1.8 1012 191  4.1 2  4.1  96    0    0 206 -309  2
4218500 2850500  1 10  8   1.2 1011 193  3.8 3  4.1  96    0    0 223 -309  2
4218500 2850500  1 10  9   1.4 1012 198  4.6 5  4.0  97    3    9 240 -308  2
4218500 2850500  1 10 10   2.3 1012 192  5.0 5  4.1  95   45   40 254 -308  2
4218500 2850500  1 10 11   4.0 1011 202  4.9 3  4.2  89  128   55 246 -310  2
4218500 2850500  1 10 12   4.8 1011 202  5.4 3  4.2  81  150   73 238 -313  2
4218500 2850500  1 10 13   5.6 1011 201  5.0 4  4.3  77  122   92 247 -314  2
4218500 2850500  1 10 14   5.9 1010 202  4.9 5  4.4  77   80   93 261 -316  2
4218500 2850500  1 10 15   5.8 1010 201  5.3 6  4.4  76   13   67 273 -319  2
4218500 2850500  1 10 16   5.3 1009 190  4.9 6  4.3  75    0   10 279 -321  2
4218500 2850500  1 10 17   5.0 1009 182  4.3 8  4.3  78    0    0 291 -320  2
4218500 2850500  1 10 18   4.7 1008 202  4.4 8  4.3  80    0    0 304 -318  2
4218500 2850500  1 10 19   4.9 1008 200  4.5 5  4.3  80    0    0 292 -320  2
4218500 2850500  1 10 20   4.7 1008 189  5.3 4  4.4  81    0    0 277 -323  2
4218500 2850500  1 10 21   5.5 1007 190  5.5 4  4.6  83    0    0 277 -327  2
4218500 2850500  1 10 22   6.0 1007 192  4.6 6  4.9  85    0    0 291 -329  2
4218500 2850500  1 10 23   6.4 1007 190  4.8 6  5.0  84    0    0 302 -330  2
4218500 2850500  1 10 24   5.9 1006 191  5.2 3  4.9  82    0    0 288 -331  2
4218500 2850500  1 11  1   6.2 1006 201  5.8 2  4.9  83    0    0 269 -331  2
4218500 2850500  1 11  2   6.9 1005 202  5.8 2  5.0  82    0    0 265 -331  2
4218500 2850500  1 11  3   6.9 1005 195  5.7 3  5.0  80    0    0 270 -331  2
4218500 2850500  1 11  4   6.8 1005 194  5.0 6  4.9  79    0    0 290 -331  2
4218500 2850500  1 11  5   7.0 1004 196  5.3 6  4.9  78    0    0 304 -331  2
4218500 2850500  1 11  6   6.8 1004 194  5.1 6  4.8  76    0    0 304 -331  2
4218500 2850500  1 11  7   7.5 1004 200  6.3 6  4.8  75    0    0 303 -330  2
4218500 2850500  1 11  8   7.7 1004 202  6.1 7  4.8  73    0    0 311 -330  2
4218500 2850500  1 11  9   7.7 1004 202  6.1 7  4.7  71    0    3 316 -329  2
4218500 2850500  1 11 10   8.2 1004 202  5.7 7  4.7  70    3   40 316 -329  2
4218500 2850500  1 11 11   8.8 1005 194  4.8 6  4.9  70   29   90 312 -331  2
4218500 2850500  1 11 12   9.7 1005 209  4.6 6  5.0  69   53  118 309 -335  2
4218500 2850500  1 11 13   9.3 1005 186  4.3 7  5.2  69   14  107 316 -338  2
4218500 2850500  1 11 14   9.3 1004 180  4.3 8  5.2  70    0   66 326 -341  2
4218500 2850500  1 11 15   9.5 1004 182  4.0 7  5.1  69    0   45 327 -342  2
4218500 2850500  1 11 16   9.2 1003 173  4.3 6  5.0  68    0   20 315 -340  2
4218500 2850500  1 11 17   8.8 1003 172  4.5 7  4.9  69    0    0 313 -336  2
4218500 2850500  1 11 18   7.6 1002 159  3.9 4  4.8  71    0    0 298 -332  2
4218500 2850500  1 11 19   6.3 1002 153  4.3 2  4.6  74    0    0 265 -329  2
4218500 2850500  1 11 20   5.4 1001 162  3.9 2  4.4  76    0    0 248 -326  2
4218500 2850500  1 11 21   4.9 1001 161  4.6 4  4.2  76    0    0 256 -324  2
4218500 2850500  1 11 22   4.7 1000 159  4.5 3  4.0  75    0    0 260 -321  2
4218500 2850500  1 11 23   3.7 1000 151  4.4 1  3.9  75    0    0 239 -317  2
4218500 2850500  1 11 24   3.3 1000 151  4.8 4  3.9  78    0    0 240 -315  2
4218500 2850500  1 12  1   3.0  999 151  3.8 6  3.8  78    0    0 267 -315  2
4218500 2850500  1 12  2   2.2  999 145  3.6 4  3.6  78    0    0 264 -315  2
4218500 2850500  1 12  3   1.7  998 142  4.2 3  3.5  80    0    0 245 -315  2
4218500 2850500  1 12  4   1.5  998 144  4.0 5  3.5  81    0    0 254 -315  2
4218500 2850500  1 12  5   1.3  997 139  3.8 6  3.5  83    0    0 272 -315  2
4218500 2850500  1 12  6   1.2  997 146  4.3 7  3.5  84    0    0 283 -315  2
4218500 2850500  1 12  7   1.0  997 158  4.6 7  3.5  84    0    0 286 -315  2
4218500 2850500  1 12  8   0.8  996 162  3.6 6  3.5  85    0    0 279 -316  2
4218500 2850500  1 12  9   0.9  997 161  3.9 6  3.5  86    3   11 274 -318  2
4218500 2850500  1 12 10   1.8  997 173  4.3 7  3.6  85    0   33 281 -321  2
4218500 2850500  1 12 11   2.9  998 172  3.7 7  3.7  82    5   72 289 -326  2
4218500 2850500  1 12 12   4.3  998 191  3.8 7  3.9  77    1   82 294 -332  2
4218500 2850500  1 12 13   5.4  999 192  4.2 7  4.0  73    5   95 298 -335  2
4218500 2850500  1 12 14   5.6  999 200  5.0 7  4.0  70    0   55 299 -336  2
4218500 2850500  1 12 15   5.7  999 202  4.0 7  4.0  70    0   27 300 -336  2
4218500 2850500  1 12 16   5.9 1000 193  4.6 6  4.1  71    0   16 296 -335  2
4218500 2850500  1 12 17   5.4 1000 199  5.0 6  4.2  73    0    0 292 -332  2
4218500 2850500  1 12 18   5.5 1001 200  5.1 6  4.3  76    0    0 289 -328  2
4218500 2850500  1 12 19   5.9 1002 199  5.2 7  4.5  78    0    0 292 -325  2
4218500 2850500  1 12 20   6.7 1003 237  5.1 7  4.5  76    0    0 294 -323  2
4218500 2850500  1 12 21   7.0 1004 258  5.6 7  4.6  75    0    0 295 -320  2
4218500 2850500  1 12 22   6.4 1006 267  5.5 6  4.7  77    0    0 291 -318  2
4218500 2850500  1 12 23   5.8 1007 251  4.9 5  4.7  80    0    0 281 -316  2
4218500 2850500  1 12 24   5.3 1008 261  4.6 4  4.6  81    0    0 270 -315  2
4218500 2850500  1 13  1   4.5 1009 262  4.2 2  4.4  81    0    0 251 -314  2
4218500 2850500  1 13  2   3.8 1010 263  4.1 1  4.1  80    0    0 231 -312  2
4218500 2850500  1 13  3   3.4 1011 270  5.1 1  3.9  79    0    0 221 -310  2
4218500 2850500  1 13  4   3.0 1011 259  3.3 0  3.7  77    0    0 210 -310  2
4218500 2850500  1 13  5   1.4 1012 219  3.0 0  3.5  78    0    0 197 -310  2
4218500 2850500  1 13  6   1.2 1013 183  3.6 0  3.4  82    0    0 192 -309  2
4218500 2850500  1 13  7   0.4 1013 201  3.8 1  3.4  85    0    0 196 -309  2
4218500 2850500  1 13  8   0.1 1014 184  3.8 2  3.4  89    0    0 207 -308  2
4218500 2850500  1 13  9   0.3 1015 183  3.7 3  3.5  92    3   10 221 -308  2
4218500 2850500  1 13 10   1.5 1015 190  3.4 2  3.7  92   58   35 226 -308  2
4218500 2850500  1 13 11   3.9 1015 192  3.6 1  3.9  85  159   37 220 -309  2
4218500 2850500  1 13 12   5.7 1016 200  3.6 1  3.9  74  207   42 221 -312  2
4218500 2850500  1 13 13   6.9 1015 201  3.9 1  3.9  66  197   54 225 -314  2
4218500 2850500  1 13 14   7.2 1015 201  4.3 2  3.8  62  146   63 232 -315  2
4218500 2850500  1 13 15   7.1 1014 192  3.4 1  3.8  61   74   60 233 -315  2
4218500 2850500  1 13 16   5.9 1014 172  2.9 1  3.7  62   13   31 226 -315  2
4218500 2850500  1 13 17   4.3 1014 162  3.0 1  3.6  65    0    0 223 -314  2
4218500 2850500  1 13 18   3.0 1014 154  3.0 0  3.5  70    0    0 213 -311  2
4218500 2850500  1 13 19   2.5 1014 141  3.1 0  3.5  77    0    0 205 -309  2
4218500 2850500  1 13 20   0.8 1014 142  3.2 0  3.6  84    0    0 201 -307  2
4218500 2850500  1 13 21   1.0 1014 151  3.3 0  3.6  89    0    0 199 -306  2
4218500 2850500  1 13 22   0.8 1013 140  3.4 0  3.6  90    0    0 200 -305  2
4218500 2850500  1 13 23   0.4 1013 136  3.4 0  3.7  92    0    0 201 -305  2
4218500 2850500  1 13 24  -0.4 1012 121  3.2 0  3.6  95    0    0 200 -305  2
4218500 2850500  1 14  1  -0.3 1012 122  3.7 1  3.5  96    0    0 205 -306  2
4218500 2850500  1 14  2  -0.4 1010 119  3.8 0  3.6  96    0    0 205 -307  2
4218500 2850500  1 14  3   0.0 1009 129  4.2 0  3.6  97    0    0 200 -309  2
4218500 2850500  1 14  4  -0.2 1009 127  4.5 1  3.7  98    0    0 207 -312  2
4218500 2850500  1 14  5   0.2 1008 140  4.5 1  3.7  97    0    0 213 -314  2
4218500 2850500  1 14  6   0.4 1007 138  4.4 1  3.8  96    0    0 215 -314  2
4218500 2850500  1 14  7   0.3 1007 139  4.6 0  3.8  97    0    0 211 -314  2
4218500 2850500  1 14  8   0.6 1006 148  4.4 0  3.8  97    0    0 205 -315  2
4218500 2850500  1 14  9   0.7 1006 151  4.6 1  3.9  98    7   14 210 -315  2
4218500 2850500  1 14 10   2.3 1006 165  4.9 1  4.1  96   57   44 215 -315  2
4218500 2850500  1 14 11   4.4 1006 172  3.9 1  4.3  89  138   62 220 -315  2
4218500 2850500  1 14 12   6.2 1007 181  4.3 1  4.5  81  185   71 224 -315  2
4218500 2850500  1 14 13   7.2 1006 195  4.6 2  4.4  72  145   91 231 -317  2
4218500 2850500  1 14 14   6.8 1006 190  3.9 4  4.2  66   31  105 248 -319  2
4218500 2850500  1 14 15   6.8 1005 172  3.8 6  4.2  67   13   71 270 -319  2
4218500 2850500  1 14 16   6.1 1005 172  3.9 7  4.2  70    0   26 287 -319  2
4218500 2850500  1 14 17   5.3 1005 178  3.2 6  4.2  73    0    0 285 -320  2
4218500 2850500  1 14 18   4.7 1006 181  4.3 5  4.2  77    0    0 268 -319  2
4218500 2850500  1 14 19   4.3 1005 173  4.4 4  4.2  80    0    0 252 -319  2
4218500 2850500  1 14 20   3.6 1005 181  4.4 4  4.2  82    0    0 242 -318  2
4218500 2850500  1 14 21   3.7 1005 191  4.3 5  4.2  84    0    0 246 -318  2
4218500 2850500  1 14 22   3.6 1005 189  4.7 6  4.1  83    0    0 260 -319  2
4218500 2850500  1 14 23   3.7 1005 191  4.4 6  4.0  81    0    0 269 -320  2
4218500 2850500  1 14 24   3.7 1005 183  4.5 7  4.0  81    0    0 280 -321  2
4218500 2850500  1 15  1   4.2 1005 189  4.5 7  4.1  80    0    0 291 -322  2
4218500 2850500  1 15  2   4.5 1005 189  4.5 7  4.1  79    0    0 296 -324  2
4218500 2850500  1 15  3   4.2 1005 190  4.9 8  4.2  80    0    0 306 -324  2
4218500 2850500  1 15  4   4.2 1004 189  4.7 7  4.3  83    0    0 309 -324  2
4218500 2850500  1 15  5   3.7 1004 192  4.6 4  4.3  84    0    0 286 -322  2
4218500 2850500  1 15  6   3.5 1004 173  4.7 1  4.2  85    0    0 255 -321  2
4218500 2850500  1 15  7   3.5 1004 183  5.0 4  4.2  86    0    0 258 -319  2
4218500 2850500  1 15  8   3.7 1004 181  4.7 5  4.3  86    0    0 279 -318  2
4218500 2850500  1 15  9   3.9 1004 182  5.2 3  4.3  85    8   16 274 -318  2
4218500 2850500  1 15 10   4.7 1003 193  4.8 2  4.3  83   44   53 258 -319  2
4218500 2850500  1 15 11   5.8 1004 183  5.8 3  4.4  79   97   85 263 -323  2
4218500 2850500  1 15 12   7.1 1003 184  6.2 5  4.5  74  142  103 285 -329  2
4218500 2850500  1 15 13   8.1 1004 191  6.9 5  4.6  71  133  112 298 -335  2
4218500 2850500  1 15 14   8.5 1003 182  7.1 5  4.8  70  102  107 300 -337  2
4218500 2850500  1 15 15   8.9 1002 181  6.7 6  4.9  70   51   83 304 -337  2
4218500 2850500  1 15 16   8.1 1001 172  6.5 6  4.9  70    9   36 307 -336  2
4218500 2850500  1 15 17   6.9 1000 171  6.3 7  4.6  71    0    0 306 -331  2
4218500 2850500  1 15 18   5.7  999 163  6.8 7  4.4  73    0    0 305 -327  2
4218500 2850500  1 15 19   5.4  998 163  6.8 8  4.2  73    0    0 305 -323  2
4218500 2850500  1 15 20   6.0  998 173  6.1 8  4.1  71    0    0 309 -319  2
4218500 2850500  1 15 21   5.8  997 163  6.2 8  4.0  69    0    0 311 -317  2
4218500 2850500  1 15 22   5.9  997 170  6.0 8  4.1  70    0    0 311 -316  2
4218500 2850500  1 15 23   6.1  996 170  7.3 8  4.1  70    0    0 309 -315  2
4218500 2850500  1 15 24   6.2  995 169  6.7 7  4.0  67    0    0 302 -315  2
4218500 2850500  1 16  1   6.2  995 170  6.7 8  3.9  65    0    0 302 -315  2
4218500 2850500  1 16  2   5.6  994 169  6.8 8  3.8  65    0    0 306 -315  2
4218500 2850500  1 16  3   5.9  993 170  6.9 8  3.9  66    0    0 307 -315  2
4218500 2850500  1 16  4   5.8  993 161  5.8 8  3.9  67    0    0 310 -315  2
4218500 2850500  1 16  5   5.8  992 174  5.5 8  3.9  66    0    0 311 -315  2
4218500 2850500  1 16  6   5.9  993 170  6.3 8  3.8  66    0    0 312 -315  2
4218500 2850500  1 16  7   6.3  992 179  5.8 8  3.9  66    0    0 314 -316  2
4218500 2850500  1 16  8   6.4  993 179  6.1 8  4.1  67    0    0 317 -318  2
4218500 2850500  1 16  9   5.5  993 182  6.3 8  4.5  76    0    3 319 -320  2
4218500 2850500  1 16 10   5.2  993 173  5.9 8  5.0  88    0   30 321 -322  2
4218500 2850500  1 16 11   6.1  993 180  5.7 7  5.3  91    0   59 312 -325  2
4218500 2850500  1 16 12   6.9  993 181  5.9 7  5.4  89    0   70 303 -330  2
4218500 2850500  1 16 13   7.7  993 186  6.1 7  5.5  85    3   86 303 -334  2
4218500 2850500  1 16 14   8.0  993 192  5.6 7  5.6  83    9   83 305 -337  2
4218500 2850500  1 16 15   8.9  994 190  5.3 7  5.6  80    0   45 309 -338  2
4218500 2850500  1 16 16   8.9  994 190  4.6 7  5.6  78    0   14 311 -337  2
4218500 2850500  1 16 17   8.5  995 178  5.0 7  5.5  76    0    0 311 -335  2
4218500 2850500  1 16 18   8.2  996 190  4.2 7  5.4  77    0    0 310 -332  2
4218500 2850500  1 16 19   7.9  997 181  3.9 6  5.4  78    0    0 303 -330  2
4218500 2850500  1 16 20   7.4  997 202  3.7 6  5.3  80    0    0 299 -329  2
4218500 2850500  1 16 21   6.8  998 192  3.4 6  5.2  82    0    0 298 -328  2
4218500 2850500  1 16 22   5.6 1000 209  2.9 4  5.0  84    0    0 283 -326  2
4218500 2850500  1 16 23   4.5  999 194  3.1 3  4.9  89    0    0 260 -326  2
4218500 2850500  1 16 24   3.7 1000 207  3.2 6  4.8  93    0    0 268 -325  2
4218500 2850500  1 17  1   3.0 1001 194  2.6 7  4.7  96    0    0 293 -324  2
4218500 2850500  1 17  2   2.6 1001 200  2.7 6  4.5  96    0    0 292 -323  2
4218500 2850500  1 17  3   2.6 1002 162  2.6 6  4.4  96    0    0 285 -321  2
4218500 2850500  1 17  4   2.8 1003 170  2.9 6  4.5  96    0    0 286 -319  2
4218500 2850500  1 17  5   2.4 1003 163  3.0 6  4.4  96    0    0 285 -320  2
4218500 2850500  1 17  6   1.8 1004 156  2.8 6  4.4  98    0    0 285 -321  2
4218500 2850500  1 17  7   2.0 1004 153  2.9 6  4.3  99    0    0 285 -323  2
4218500 2850500  1 17  8   2.4 1004 163  2.8 7  4.4  97    0    0 292 -323  2
4218500 2850500  1 17  9   2.8 1005 190  3.1 6  4.4  96   14   11 293 -323  2
4218500 2850500  1 17 10   3.5 1005 180  3.3 5  4.5  94   75   30 282 -323  2
4218500 2850500  1 17 11   4.7 1006 193  3.2 7  4.6  89   20   81 291 -326  2
4218500 2850500  1 17 12   5.8 1006 193  3.0 7  4.6  84   39  104 303 -331  2
4218500 2850500  1 17 13   6.8 1006 212  3.4 6  4.8  81   15  104 300 -336  2
4218500 2850500  1 17 14   8.4 1006 211  3.4 5  5.1  78  148   64 295 -338  2
4218500 2850500  1 17 15   8.2 1007 180  4.1 6  5.2  75   46   71 298 -338  2
4218500 2850500  1 17 16   7.8 1006 183  4.0 6  5.1  76   10   33 301 -337  2
4218500 2850500  1 17 17   6.7 1006 172  3.4 7  4.9  77    0    0 301 -334  2
4218500 2850500  1 17 18   6.7 1006 180  3.8 7  4.8  79    0    0 302 -330  2
4218500 2850500  1 17 19   6.8 1006 171  4.5 7  4.8  79    0    0 302 -325  2
4218500 2850500  1 17 20   6.9 1005 177  4.7 7  4.8  78    0    0 302 -321  2
4218500 2850500  1 17 21   6.8 1005 174  5.1 7  4.7  76    0    0 302 -318  2
4218500 2850500  1 17 22   6.6 1004 172  5.4 7  4.6  75    0    0 301 -316  2
4218500 2850500  1 17 23   6.1 1003 182  5.1 7  4.5  75    0    0 300 -316  2
4218500 2850500  1 17 24   5.6 1002 194  4.3 7  4.4  76    0    0 303 -317  2
4218500 2850500  1 18  1   5.2 1012 210  3.2 7  4.4  78    0    0 275 -329  2
4218500 2850500  1 18  2   4.9 1013 225  2.3 7  4.4  80    0    0 288 -329  2
4218500 2850500  1 18  3   4.5 1013 244  1.5 6  4.3  82    0    0 290 -328  2
4218500 2850500  1 18  4   4.3 1014 253  1.3 6  4.3  83    0    0 282 -327  2
4218500 2850500  1 18  5   4.1 1014 269  1.2 6  4.4  84    0    0 272 -326  2
4218500 2850500  1 18  6   3.8 1015 279  0.8 5  4.3  87    0    0 271 -323  2
4218500 2850500  1 18  7   4.2 1015 292  2.1 6  4.6  91    0    0 276 -318  2
4218500 2850500  1 18  8   4.4 1016 319  1.8 6  4.8  92    0    0 282 -316  2
4218500 2850500  1 18  9   3.6 1016 304  1.0 6  4.7  92    5   11 279 -315  2
4218500 2850500  1 18 10   4.1 1017 341  2.0 7  4.7  95   34   45 283 -315  2
4218500 2850500  1 18 11   5.8 1018 300  1.3 6  5.0  92   54   84 287 -317  2
4218500 2850500  1 18 12   6.2 1018 306  1.2 6  4.9  86   90  101 283 -322  2
4218500 2850500  1 18 13   7.3 1018 173  2.4 6  4.9  81   19  113 285 -328  2
4218500 2850500  1 18 14   7.0 1018 199  2.1 8  5.1  81    0   34 299 -332  2
4218500 2850500  1 18 15   6.7 1018 183  1.3 8  5.1  83    0   20 310 -332  2
4218500 2850500  1 18 16   6.5 1018 175  1.2 7  5.1  84    0   13 303 -329  2
4218500 2850500  1 18 17   6.2 1018 156  1.6 7  5.0  84    0    0 297 -322  2
4218500 2850500  1 18 18   5.8 1018 154  1.5 8  4.9  86    0    0 303 -317  2
4218500 2850500  1 18 19   5.9 1018 158  1.6 8  5.0  87    0    0 310 -315  2
4218500 2850500  1 18 20   5.7 1018 156  1.4 8  4.9  87    0    0 312 -315  2
4218500 2850500  1 18 21   5.3 1018 148  2.0 8  4.9  87    0    0 312 -315  2
4218500 2850500  1 18 22   5.1 1019 151  2.1 8  4.8  87    0    0 310 -316  2
4218500 2850500  1 18 23   4.5 1019 228  1.3 7  4.6  87    0    0 301 -318  2
4218500 2850500  1 18 24   3.7 1019 159  1.6 4  4.5  88    0    0 276 -319  2
4218500 2850500  1 19  1   3.1 1018 171  2.4 4  4.4  90    0    0 258 -319  2
4218500 2850500  1 19  2   2.3 1018 171  1.6 5  4.3  93    0    0 259 -319  2
4218500 2850500  1 19  3   1.6 1018 170  1.6 4  4.1  95    0    0 257 -321  2
4218500 2850500  1 19  4   1.4 1018 193  2.4 2  4.0  95    0    0 240 -323  2
4218500 2850500  1 19  5   0.8 1018 183  1.6 2  3.9  95    0    0 229 -324  2
4218500 2850500  1 19  6   0.7 1018 187  2.6 1  3.8  96    0    0 223 -324  2
4218500 2850500  1 19  7   1.4 1017 191  3.9 0  3.9  96    0    0 213 -323  2
4218500 2850500  1 19  8   0.9 1018 185  4.0 1  3.9  94    0    0 215 -322  2
4218500 2850500  1 19  9   1.4 1018 192  3.1 1  3.8  92    5   11 225 -322  2
4218500 2850500  1 19 10   1.8 1018 184  3.8 4  3.9  91   68   39 245 -323  2
4218500 2850500  1 19 11   3.7 1018 189  3.9 2  4.0  88  147   52 257 -325  2
4218500 2850500  1 19 12   5.0 1018 192  4.8 1  4.3  83  196   60 247 -328  2
4218500 2850500  1 19 13   7.2 1017 210  5.7 1  4.5  78  189   73 248 -329  2
4218500 2850500  1 19 14   7.9 1017 199  5.1 2  4.6  72  136   85 259 -330  2
4218500 2850500  1 19 15   8.2 1016 192  4.8 1  4.6  69   67   79 261 -331  2
4218500 2850500  1 19 16   7.9 1016 201  5.2 1  4.6  70   12   43 256 -328  2
4218500 2850500  1 19 17   6.8 1016 198  4.4 3  4.5  71    0    3 264 -323  2
4218500 2850500  1 19 18   5.9 1016 190  4.3 2  4.4  75    0    0 266 -318  2
4218500 2850500  1 19 19   5.5 1016 199  5.2 2  4.5  79    0    0 259 -316  2
4218500 2850500  1 19 20   4.9 1015 190  3.6 2  4.5  82    0    0 256 -315  2
4218500 2850500  1 19 21   4.5 1016 198  3.9 2  4.4  83    0    0 255 -315  2
4218500 2850500  1 19 22   3.6 1016 188  4.9 0  4.3  86    0    0 242 -314  2
4218500 2850500  1 19 23   3.9 1015 192  3.8 0  4.4  88    0    0 230 -313  2
4218500 2850500  1 19 24   3.4 1015 199  3.7 0  4.4  89    0    0 230 -311  2
4218500 2850500  1 20  1   3.5 1015 192  3.8 1  4.2  87    0    0 235 -311  2
4218500 2850500  1 20  2   3.3 1015 195  3.3 1  4.1  86    0    0 241 -311  2
4218500 2850500  1 20  3   3.3 1015 190  3.0 0  4.1  86    0    0 236 -311  2
4218500 2850500  1 20  4   2.9 1015 191  4.2 0  4.1  86    0    0 231 -310  2
4218500 2850500  1 20  5   2.9 1015 191  3.5 0  4.0  85    0    0 231 -310  2
4218500 2850500  1 20  6   2.7 1015 191  3.7 0  3.9  84    0    0 230 -310  2
4218500 2850500  1 20  7   3.0 1015 197  4.8 0  3.8  82    0    0 230 -310  2
4218500 2850500  1 20  8   3.1 1015 196  4.1 2  3.8  81    0    0 242 -310  2
4218500 2850500  1 20  9   3.2 1015 206  3.6 3  3.8  80    8   12 256 -310  2
4218500 2850500  1 20 10   4.5 1016 205  4.6 2  3.9  77   81   40 257 -310  2
4218500 2850500  1 20 11   6.2 1016 206  4.2 1  4.0  72  157   54 252 -312  2
4218500 2850500  1 20 12   7.9 1017 203  3.4 1  4.1  66  205   61 252 -314  2
4218500 2850500  1 20 13   9.2 1016 208  4.5 0  4.2  61  196   75 252 -318  2
4218500 2850500  1 20 14  10.3 1016 213  3.6 1  4.4  59  150   82 257 -321  2
4218500 2850500  1 20 15  10.7 1016 202  4.2 1  4.5  58   69   81 264 -320  2
4218500 2850500  1 20 16  10.6 1016 209  3.8 1  4.6  58   13   45 266 -318  2
4218500 2850500  1 20 17   9.4 1016 197  2.5 3  4.6  60    0    3 274 -316  2
4218500 2850500  1 20 18   8.1 1016 188  2.0 3  4.4  63    0    0 281 -315  2
4218500 2850500  1 20 19   7.5 1017 191  3.3 2  4.4  68    0    0 274 -314  2
4218500 2850500  1 20 20   6.8 1017 189  2.6 1  4.4  70    0    0 262 -312  2
4218500 2850500  1 20 21   5.8 1017 188  2.6 1  4.4  74    0    0 255 -311  2
4218500 2850500  1 20 22   4.9 1017 183  2.6 0  4.4  79    0    0 246 -311  2
4218500 2850500  1 20 23   3.8 1017 162  2.1 1  4.2  82    0    0 243 -310  2
4218500 2850500  1 20 24   2.6 1017 177  1.8 1  4.0  85    0    0 244 -310  2
4218500 2850500  1 21  1   2.4 1017 181  3.1 2  3.9  86    0    0 247 -309  2
4218500 2850500  1 21  2   1.6 1017 158  2.3 1  3.8  86    0    0 244 -308  2
4218500 2850500  1 21  3   0.9 1017 174  1.9 0  3.6  87    0    0 231 -306  2
4218500 2850500  1 21  4   0.4 1017 173  3.8 0  3.5  88    0    0 225 -305  2
4218500 2850500  1 21  5   0.3 1017 192  2.2 0  3.4  87    0    0 224 -304  2
4218500 2850500  1 21  6  -0.1 1017 197  1.9 1  3.3  87    0    0 229 -303  2
4218500 2850500  1 21  7   0.1 1017 183  3.0 0  3.4  89    0    0 228 -302  2
4218500 2850500  1 21  8  -0.6 1017 183  2.9 0  3.3  90    0    0 225 -302  2
4218500 2850500  1 21  9   0.1 1017 184  1.6 1  3.3  90    8   13 229 -301  2
4218500 2850500  1 21 10   1.2 1017 194  2.3 1  3.4  87   77   45 236 -303  2
4218500 2850500  1 21 11   3.8 1017 205  1.9 0  3.6  79  152   60 236 -306  2
4218500 2850500  1 21 12   5.6 1017 213  2.2 0  3.8  71  203   68 240 -311  2
4218500 2850500  1 21 13   7.4 1017 211  2.9 0  3.9  65  200   78 246 -314  2
4218500 2850500  1 21 14   8.6 1016 230  2.9 1  4.0  60  166   82 255 -315  2
4218500 2850500  1 21 15   9.1 1016 196  2.4 1  4.1  58  103   74 263 -316  2
4218500 2850500  1 21 16   8.8 1016 225  2.7 1  4.2  60   34   48 265 -316  2
4218500 2850500  1 21 17   7.3 1016 214  1.9 5  4.2  62    0    9 275 -315  2
4218500 2850500  1 21 18   6.6 1016 200  1.8 6  4.1  67    0    0 288 -313  2
4218500 2850500  1 21 19   5.9 1017 234  2.4 7  4.2  71    0    0 293 -311  2
4218500 2850500  1 21 20   5.2 1017 209  1.3 7  4.2  76    0    0 295 -310  2
4218500 2850500  1 21 21   4.9 1017 230  1.1 7  4.3  79    0    0 293 -309  2
4218500 2850500  1 21 22   5.0 1017 251  1.8 7  4.4  81    0    0 294 -308  2
4218500 2850500  1 21 23   5.3 1017 233  1.6 7  4.4  81    0    0 295 -308  2
4218500 2850500  1 21 24   5.5 1017 243  1.5 8  4.5  81    0    0 299 -308  2
4218500 2850500  1 22  1   5.2 1017 247  2.4 8  4.5  82    0    0 303 -308  2
4218500 2850500  1 22  2   5.5 1017 255  1.8 8  4.6  83    0    0 305 -307  2
4218500 2850500  1 22  3   6.2 1017 271  2.0 8  4.8  84    0    0 308 -309  2
4218500 2850500  1 22  4   5.7 1017 286  2.4 8  5.2  90    0    0 310 -312  2
4218500 2850500  1 22  5   5.7 1017 292  2.1 8  5.4  95    0    0 311 -313  2
4218500 2850500  1 22  6   5.7 1017 281  2.1 8  5.5  97    0    0 312 -314  2
4218500 2850500  1 22  7   5.8 1018 303  2.3 8  5.6  98    0    0 315 -315  2
4218500 2850500  1 22  8   6.0 1018 305  2.4 8  5.6  97    0    0 317 -315  2
4218500 2850500  1 22  9   6.1 1018 317  2.1 8  5.7  98    4   13 320 -316  2
4218500 2850500  1 22 10   6.1 1019 312  1.9 7  5.6  97    4   49 318 -317  2
4218500 2850500  1 22 11   6.4 1019 308  2.2 6  5.6  95    2   74 309 -320  2
4218500 2850500  1 22 12   6.4 1019 316  2.9 7  5.6  94    5  103 312 -322  2
4218500 2850500  1 22 13   6.4 1020 307  2.6 6  5.3  90   50  140 312 -323  2
4218500 2850500  1 22 14   7.0 1019 316  2.7 4  5.1  84   60  130 296 -327  2
4218500 2850500  1 22 15   6.4 1020 306  2.9 3  4.8  79   49   98 279 -331  2
4218500 2850500  1 22 16   5.6 1020 301  3.2 2  4.6  80   22   53 266 -331  2
4218500 2850500  1 22 17   3.3 1020 318  2.4 3  4.3  84    0    7 260 -326  2
4218500 2850500  1 22 18   2.1 1020 309  2.1 2  4.1  89    0    0 254 -321  2
4218500 2850500  1 22 19   1.5 1020 322  2.6 5  3.9  91    0    0 262 -319  2
4218500 2850500  1 22 20   2.1 1020 348  2.1 6  3.9  91    0    0 286 -318  2
4218500 2850500  1 22 21   2.0 1021 324  1.5 7  3.9  89    0    0 297 -316  2
4218500 2850500  1 22 22   1.8 1021 133  1.1 8  3.8  88    0    0 309 -315  2
4218500 2850500  1 22 23   1.5 1021 240  1.1 8  3.7  88    0    0 312 -314  2
4218500 2850500  1 22 24   1.4 1021 252  1.1 8  3.6  87    0    0 309 -313  2
4218500 2850500  1 23  1   1.3 1021 190  1.7 8  3.6  86    0    0 305 -312  2
4218500 2850500  1 23  2   1.0 1021 214  1.6 8  3.5  86    0    0 301 -312  2
4218500 2850500  1 23  3   0.8 1020 202  1.9 8  3.5  86    0    0 299 -312  2
4218500 2850500  1 23  4   0.6 1020 213  2.7 8  3.5  88    0    0 298 -314  2
4218500 2850500  1 23  5   0.0 1020 198  2.7 8  3.4  89    0    0 297 -315  2
4218500 2850500  1 23  6   0.6 1019 214  3.0 8  3.5  90    0    0 298 -315  2
4218500 2850500  1 23  7   0.7 1019 233  1.2 8  3.6  91    0    0 299 -315  2
4218500 2850500  1 23  8   1.0 1019 160  1.3 8  3.7  92    0    0 301 -315  2
4218500 2850500  1 23  9   1.6 1019 148  1.6 8  3.8  92    1   10 302 -315  2
4218500 2850500  1 23 10   2.2 1019 149  3.3 8  3.9  90   10   47 304 -315  2
4218500 2850500  1 23 11   2.7 1018 151  2.7 8  4.1  90    1   69 305 -315  2
4218500 2850500  1 23 12   3.1 1018 163  2.5 8  4.2  90    0   48 305 -317  2
4218500 2850500  1 23 13   3.4 1018 171  2.8 8  4.3  90    0   56 304 -320  2
4218500 2850500  1 23 14   3.9 1017 160  2.6 8  4.4  90    0   57 301 -320  2
4218500 2850500  1 23 15   4.2 1016 183  2.1 7  4.5  90    0   42 296 -320  2
4218500 2850500  1 23 16   4.3 1016 198  2.4 7  4.7  91    0   21 289 -318  2
4218500 2850500  1 23 17   4.4 1016 220  1.4 8  4.7  92    0    0 292 -315  2
4218500 2850500  1 23 18   4.6 1016 215  1.7 8  4.8  92    0    0 295 -314  2
4218500 2850500  1 23 19   4.2 1016 247  3.3 8  4.8  92    0    0 295 -312  2
4218500 2850500  1 23 20   4.0 1015 225  2.7 8  4.8  94    0    0 295 -311  2
4218500 2850500  1 23 21   3.9 1015 222  2.8 8  4.9  96    0    0 295 -311  2
4218500 2850500  1 23 22   3.9 1015 219  1.9 8  4.9  98    0    0 295 -312  2
4218500 2850500  1 23 23   4.0 1015 215  2.0 8  4.8  96    0    0 295 -312  2
4218500 2850500  1 23 24   4.0 1014 223  2.6 8  4.7  94    0    0 296 -312  2
4218500 2850500  1 24  1   3.4 1014 220  2.6 7  4.6  94    0    0 291 -312  2
4218500 2850500  1 24  2   2.7 1014 223  2.2 6  4.5  94    0    0 281 -313  2
4218500 2850500  1 24  3   2.4 1014 226  2.6 7  4.3  94    0    0 282 -313  2
4218500 2850500  1 24  4   2.1 1014 216  2.1 7  4.2  93    0    0 290 -313  2
4218500 2850500  1 24  5   1.7 1013 205  2.5 7  4.1  94    0    0 292 -313  2
4218500 2850500  1 24  6   0.6 1013 194  2.4 7  4.0  96    0    0 293 -314  2
4218500 2850500  1 24  7   0.2 1013 189  3.0 4  3.8  97    0    0 282 -314  2
4218500 2850500  1 24  8   0.0 1013 205  3.1 2  3.6  94    0    0 264 -314  2
4218500 2850500  1 24  9   0.1 1013 204  3.2 1  3.5  93   10   15 253 -315  2
4218500 2850500  1 24 10   1.1 1012 220  4.1 1  3.5  89   82   49 246 -317  2
4218500 2850500  1 24 11   2.2 1013 222  4.1 1  3.7  86  152   67 242 -320  2
4218500 2850500  1 24 12   3.8 1012 224  4.4 4  4.0  84   61  130 255 -322  2
4218500 2850500  1 24 13   4.7 1012 224  4.2 6  4.2  81   27  138 285 -323  2
4218500 2850500  1 24 14   5.1 1012 227  4.5 7  4.3  80    0   34 304 -327  2
4218500 2850500  1 24 15   5.5 1012 235  5.1 7  4.5  80    0   41 311 -331  2
4218500 2850500  1 24 16   5.9 1013 253  4.5 7  4.6  80    0   16 311 -334  2
4218500 2850500  1 24 17   5.9 1013 240  4.5 8  4.7  81    0    2 317 -336  2
4218500 2850500  1 24 18   6.3 1013 250  4.2 8  4.8  82    0    0 324 -337  2
4218500 2850500  1 24 19   5.9 1014 243  4.0 8  4.8  82    0    0 323 -337  2
4218500 2850500  1 24 20   5.9 1014 240  3.7 8  4.8  84    0    0 320 -336  2
4218500 2850500  1 24 21   5.6 1014 237  4.4 8  4.9  85    0    0 319 -336  2
4218500 2850500  1 24 22   5.4 1015 233  4.1 8  4.8  86    0    0 318 -335  2
4218500 2850500  1 24 23   5.1 1015 233  4.2 8  4.8  87    0    0 318 -332  2
4218500 2850500  1 24 24   4.6 1015 226  4.1 7  4.7  88    0    0 312 -330  2
4218500 2850500  1 25  1   4.4 1015 224  3.7 7  4.6  89    0    0 305 -329  2
4218500 2850500  1 25  2   4.3 1014 231  4.5 7  4.6  89    0    0 305 -329  2
4218500 2850500  1 25  3   4.0 1014 210  3.8 6  4.6  90    0    0 298 -330  2
4218500 2850500  1 25  4   4.2 1014 222  4.6 7  4.6  90    0    0 297 -332  2
4218500 2850500  1 25  5   4.8 1013 230  4.5 7  4.7  90    0    0 310 -334  2
4218500 2850500  1 25  6   4.5 1012 221  4.0 8  4.8  90    0    0 322 -336  2
4218500 2850500  1 25  7   4.6 1012 207  4.0 8  4.8  90    0    0 332 -338  2
4218500 2850500  1 25  8   4.9 1011 199  4.0 7  4.9  92    0    0 325 -340  2
4218500 2850500  1 25  9   5.1 1010 203  4.8 7  5.0  92    0   13 316 -341  2
4218500 2850500  1 25 10   6.5 1010 209  6.4 8  5.2  90    0   45 329 -344  2
4218500 2850500  1 25 11   7.6 1008 216  6.6 7  5.5  88    3   87 333 -348  2
4218500 2850500  1 25 12   9.1 1009 214  7.2 4  5.8  84   32  143 299 -352  2
4218500 2850500  1 25 13  10.4 1008 220  7.4 6  6.0  80    9  132 296 -355  2
4218500 2850500  1 25 14  10.6 1006 220  9.0 7  6.1  77    0   75 326 -358  2
4218500 2850500  1 25 15  11.1 1006 227  8.1 7  6.2  76    0   59 336 -358  2
4218500 2850500  1 25 16  11.0 1005 234  8.1 7  6.2  76    0   36 338 -356  2
4218500 2850500  1 25 17  11.3 1004 227  8.2 8  6.2  75    0    4 347 -356  2
4218500 2850500  1 25 18  11.5 1004 226  9.1 7  6.2  73    0    0 347 -355  2
4218500 2850500  1 25 19  11.6 1003 229  9.0 7  6.2  73    0    0 337 -356  2
4218500 2850500  1 25 20  11.7 1003 228 10.2 8  6.3  73    0    0 344 -356  2
4218500 2850500  1 25 21  11.4 1003 233  9.4 7  6.3  73    0    0 343 -357  2
4218500 2850500  1 25 22  11.7 1003 247  8.1 6  6.3  74    0    0 327 -356  2
4218500 2850500  1 25 23  10.6 1002 249  8.6 6  6.5  77    0    0 316 -354  2
4218500 2850500  1 25 24  10.3 1003 269  7.1 8  6.5  81    0    0 324 -350  2
4218500 2850500  1 26  1   8.9 1003 278  3.8 8  6.5  86    0    0 335 -344  2
4218500 2850500  1 26  2   8.4 1003 260  3.2 8  6.6  93    0    0 331 -339  2
4218500 2850500  1 26  3   7.8 1003 257  4.4 8  6.4  94    0    0 328 -337  2
4218500 2850500  1 26  4   7.8 1003 281  5.1 8  6.2  93    0    0 328 -333  2
4218500 2850500  1 26  5   6.6 1003 276  4.6 8  5.9  92    0    0 325 -330  2
4218500 2850500  1 26  6   6.5 1003 293  5.4 7  5.6  92    0    0 314 -330  2
4218500 2850500  1 26  7   6.2 1003 277  6.0 7  5.4  90    0    0 302 -330  2
4218500 2850500  1 26  8   5.7 1003 284  5.2 6  5.1  88    0    0 289 -328  2
4218500 2850500  1 26  9   4.9 1003 274  6.2 5  4.8  87    3   19 267 -325  2
4218500 2850500  1 26 10   5.0 1004 278  5.7 6  4.6  84   18   81 263 -324  2
4218500 2850500  1 26 11   5.4 1004 273  6.3 6  4.5  82   32  138 266 -327  2
4218500 2850500  1 26 12   5.8 1004 280  5.9 6  4.4  78   32  167 261 -331  2
4218500 2850500  1 26 13   5.9 1004 277  6.2 6  4.2  73   14  159 256 -335  2
4218500 2850500  1 26 14   6.4 1004 266  6.0 7  4.2  70   24  160 265 -337  2
4218500 2850500  1 26 15   6.1 1003 270  4.7 6  4.1  69   16  122 263 -337  2
4218500 2850500  1 26 16   5.8 1003 252  4.0 6  4.1  70    3   58 252 -335  2
4218500 2850500  1 26 17   5.0 1002 238  4.0 7  4.1  73    0    7 261 -330  2
4218500 2850500  1 26 18   4.7 1002 237  4.2 7  4.0  74    0    0 270 -325  2
4218500 2850500  1 26 19   4.3 1001 221  3.2 7  3.9  73    0    0 272 -321  2
4218500 2850500  1 26 20   3.8 1001 224  4.2 8  3.8  74    0    0 281 -319  2
4218500 2850500  1 26 21   3.4 1001 233  4.6 8  3.8  76    0    0 288 -317  2
4218500 2850500  1 26 22   3.2 1000 223  3.9 7  3.7  77    0    0 281 -316  2
4218500 2850500  1 26 23   3.1 1000 226  4.2 7  3.7  76    0    0 277 -315  2
4218500 2850500  1 26 24   3.5  999 235  4.4 7  3.7  76    0    0 281 -315  2
4218500 2850500  1 27  1   3.5  999 226  3.7 7  3.9  78    0    0 284 -314  2
4218500 2850500  1 27  2   3.4  998 226  3.7 7  4.0  80    0    0 285 -313  2
4218500 2850500  1 27  3   3.5  997 223  4.1 8  4.0  81    0    0 292 -313  2
4218500 2850500  1 27  4   3.7  997 219  4.0 8  4.0  81    0    0 300 -314  2
4218500 2850500  1 27  5   3.4  996 207  3.5 8  4.0  81    0    0 301 -314  2
4218500 2850500  1 27  6   2.9  995 198  2.5 8  3.9  82    0    0 300 -315  2
4218500 2850500  1 27  7   2.9  994 191  2.9 8  3.9  81    0    0 299 -315  2
4218500 2850500  1 27  8   2.8  994 183  2.9 8  3.8  80    0    0 298 -317  2
4218500 2850500  1 27  9   2.6  993 168  2.1 8  3.8  82    1   15 299 -319  2
4218500 2850500  1 27 10   2.8  994 159  2.0 7  3.9  84    1   49 293 -321  2
4218500 2850500  1 27 11   3.0  994 183  1.6 7  4.0  84    0   64 289 -324  2
4218500 2850500  1 27 12   3.3  994 203  1.7 8  4.1  84    0   59 298 -328  2
4218500 2850500  1 27 13   3.4  994 285  1.9 8  4.2  85    0   51 306 -331  2
4218500 2850500  1 27 14   3.5  995 286  1.7 8  4.3  87    0   56 308 -332  2
4218500 2850500  1 27 15   3.6  995 291  2.5 7  4.4  88    0   47 305 -333  2
4218500 2850500  1 27 16   3.4  995 329  3.7 7  4.4  89    0   27 298 -333  2
4218500 2850500  1 27 17   3.1  996 329  3.3 8  4.4  91    0    2 301 -330  2
4218500 2850500  1 27 18   3.2  997 308  3.5 8  4.5  92    0    0 304 -328  2
4218500 2850500  1 27 19   3.4  998 315  3.6 8  4.5  93    0    0 303 -326  2
4218500 2850500  1 27 20   2.9  998 319  5.4 7  4.3  90    0    0 296 -325  2
4218500 2850500  1 27 21   2.5  999 305  4.5 7  3.9  83    0    0 288 -325  2
4218500 2850500  1 27 22   2.2 1000 325  4.5 7  3.6  78    0    0 286 -325  2
4218500 2850500  1 27 23   2.0 1000 307  4.4 7  3.4  77    0    0 285 -325  2
4218500 2850500  1 27 24   1.5 1001 301  4.8 6  3.3  75    0    0 278 -324  2
4218500 2850500  1 28  1   0.6 1001 272  2.7 3  3.2  77    0    0 253 -324  2
4218500 2850500  1 28  2  -0.5 1001 243  2.8 2  3.2  82    0    0 227 -321  2
4218500 2850500  1 28  3  -0.7 1001 231  1.7 4  3.2  88    0    0 230 -317  2
4218500 2850500  1 28  4   0.0 1001 251  2.9 7  3.4  90    0    0 262 -316  2
4218500 2850500  1 28  5   0.3 1000 227  3.5 7  3.5  91    0    0 283 -315  2
4218500 2850500  1 28  6   0.8  999 219  3.9 8  3.7  93    0    0 290 -315  2
4218500 2850500  1 28  7   0.9  999 229  3.1 8  3.8  94    0    0 297 -315  2
4218500 2850500  1 28  8   1.3  998 238  3.4 8  3.9  95    0    0 296 -315  2
4218500 2850500  1 28  9   1.4  998 236  3.8 8  4.1  96    0    4 296 -315  2
4218500 2850500  1 28 10   0.9  998 245  3.2 8  4.0  95    0   34 294 -315  2
4218500 2850500  1 28 11   1.1  998 247  2.6 8  4.0  96    0   46 293 -317  2
4218500 2850500  1 28 12   1.6  997 267  2.8 8  4.2  98    0   36 294 -321  2
4218500 2850500  1 28 13   2.2  997 270  1.8 7  4.3  97    0   80 290 -323  2
4218500 2850500  1 28 14   1.9  996 289  2.0 8  4.3  96    0   85 291 -323  2
4218500 2850500  1 28 15   2.5  996 347  2.0 8  4.3  96    0   46 299 -321  2
4218500 2850500  1 28 16   2.1  995  25  3.3 8  4.3  94    0   15 299 -317  2
4218500 2850500  1 28 17   1.2  996  24  3.7 8  4.1  94    0    0 297 -315  2
4218500 2850500  1 28 18   1.0  997  26  4.7 8  3.9  92    0    0 294 -313  2
4218500 2850500  1 28 19   0.6  998  17  4.8 8  3.6  89    0    0 290 -309  2
4218500 2850500  1 28 20   0.2  999  17  5.3 7  3.4  87    0    0 281 -307  2
4218500 2850500  1 28 21  -0.2 1000  34  5.8 7  3.3  85    0    0 275 -307  2
4218500 2850500  1 28 22  -0.6 1001  39  5.3 7  3.1  84    0    0 273 -305  2
4218500 2850500  1 28 23  -0.6 1003  24  4.6 7  3.1  84    0    0 272 -303  2
4218500 2850500  1 28 24  -0.6 1004  14  5.0 7  3.0  83    0    0 272 -301  2
4218500 2850500  1 29  1  -1.0 1005  26  6.0 7  2.9  82    0    0 270 -299  2
4218500 2850500  1 29  2  -1.9 1007  11  5.1 6  2.8  82    0    0 263 -298  2
4218500 2850500  1 29  3  -2.4 1008  17  4.5 6  2.6  81    0    0 254 -297  2
4218500 2850500  1 29  4  -2.2 1010  15  4.9 8  2.6  82    0    0 264 -297  2
4218500 2850500  1 29  5  -2.5 1011   0  4.5 8  2.7  84    0    0 273 -296  2
4218500 2850500  1 29  6  -2.8 1012  14  5.1 8  2.5  81    0    0 271 -294  2
4218500 2850500  1 29  7  -3.7 1013  17  4.1 8  2.4  81    0    0 267 -291  2
4218500 2850500  1 29  8  -3.9 1014   4  4.8 8  2.4  85    0    0 264 -289  2
4218500 2850500  1 29  9  -3.6 1016 343  4.4 8  2.4  83    2   15 263 -287  2
4218500 2850500  1 29 10  -4.2 1017 358  5.4 7  2.3  80   17   64 256 -286  2
4218500 2850500  1 29 11  -3.9 1018 346  5.4 7  2.1  76   21  106 250 -288  2
4218500 2850500  1 29 12  -3.9 1019 344  5.2 7  2.0  71    8  118 249 -289  2
4218500 2850500  1 29 13  -3.6 1020 339  5.5 6  1.9  66   21  140 245 -290  2
4218500 2850500  1 29 14  -3.2 1020 337  5.9 5  1.8  61  110  123 236 -291  2
4218500 2850500  1 29 15  -2.9 1020 355  5.9 5  1.7  58   75   98 232 -290  2
4218500 2850500  1 29 16  -3.2 1021 360  6.6 6  1.7  57   15   58 235 -287  2
4218500 2850500  1 29 17  -3.9 1022 355  5.9 5  1.7  59    0    7 231 -282  2
4218500 2850500  1 29 18  -4.0 1022 352  4.5 6  1.8  63    0    0 229 -279  2
4218500 2850500  1 29 19  -4.0 1023 331  4.0 7  2.0  70    0    0 237 -278  2
4218500 2850500  1 29 20  -3.7 1023 336  4.6 7  2.1  74    0    0 241 -277  2
4218500 2850500  1 29 21  -4.1 1024  11  3.9 7  2.2  78    0    0 239 -276  2
4218500 2850500  1 29 22  -4.3 1024  20  3.2 8  2.3  85    0    0 241 -274  2
4218500 2850500  1 29 23  -4.1 1025   2  3.3 8  2.4  87    0    0 244 -273  2
4218500 2850500  1 29 24  -3.8 1025 355  3.4 7  2.3  81    0    0 240 -272  2
4218500 2850500  1 30  1  -4.4 1026 356  3.3 7  2.2  78    0    0 235 -271  2
4218500 2850500  1 30  2  -4.4 1026 344  4.6 7  2.1  78    0    0 234 -271  2
4218500 2850500  1 30  3  -3.8 1026 355  4.6 7  2.1  77    0    0 235 -271  2
4218500 2850500  1 30  4  -4.1 1026 347  4.2 7  2.1  76    0    0 234 -271  2
4218500 2850500  1 30  5  -4.0 1026 346  4.4 8  2.2  78    0    0 237 -271  2
4218500 2850500  1 30  6  -3.8 1026 338  3.8 8  2.3  81    0    0 240 -271  2
4218500 2850500  1 30  7  -3.9 1027 346  4.3 6  2.3  83    0    0 233 -271  2
4218500 2850500  1 30  8  -3.4 1027 351  4.6 7  2.3  82    0    0 231 -270  2
4218500 2850500  1 30  9  -3.3 1027 345  4.4 7  2.3  80    9   14 234 -270  2
4218500 2850500  1 30 10  -3.0 1028 345  4.9 7  2.3  79   36   59 236 -273  2
4218500 2850500  1 30 11  -2.6 1028 352  4.0 7  2.4  78    5   86 241 -278  2
4218500 2850500  1 30 12  -2.2 1029 354  4.2 7  2.4  77    3  100 246 -284  2
4218500 2850500  1 30 13  -1.8 1029 354  4.5 7  2.5  77    3  109 250 -290  2
4218500 2850500  1 30 14  -1.7 1029 350  4.4 7  2.5  76    0   56 252 -293  2
4218500 2850500  1 30 15  -1.7 1029  22  4.7 7  2.5  76    2   78 251 -294  2
4218500 2850500  1 30 16  -1.8 1029  15  5.3 4  2.4  74   65   44 238 -292  2
4218500 2850500  1 30 17  -2.7 1029  17  4.0 4  2.1  66    0   11 223 -289  2
4218500 2850500  1 30 18  -3.6 1030 355  4.4 2  1.9  65    0    0 213 -285  2
4218500 2850500  1 30 19  -3.7 1031 359  4.1 2  1.9  68    0    0 205 -283  2
4218500 2850500  1 30 20  -3.5 1031 353  4.6 3  2.0  70    0    0 207 -282  2
4218500 2850500  1 30 21  -4.0 1031 342  4.4 4  2.0  71    0    0 213 -281  2
4218500 2850500  1 30 22  -3.5 1031 358  3.9 6  2.1  73    0    0 222 -281  2
4218500 2850500  1 30 23  -3.2 1031 356  4.2 7  2.1  74    0    0 233 -281  2
4218500 2850500  1 30 24  -3.0 1031  11  3.9 8  2.2  75    0    0 242 -281  2
4218500 2850500  1 31  1  -3.1 1032  38  4.6 8  2.4  79    0    0 248 -280  2
4218500 2850500  1 31  2  -4.3 1032  82  4.5 8  2.3  81    0    0 249 -281  2
4218500 2850500  1 31  3  -7.2 1033  83  4.5 6  1.9  80    0    0 239 -282  2
4218500 2850500  1 31  4  -8.9 1034  85  4.1 3  1.6  80    0    0 216 -283  2
4218500 2850500  1 31  5  -9.7 1034  78  2.5 2  1.4  77    0    0 199 -284  2
4218500 2850500  1 31  6 -10.1 1035  97  1.3 1  1.3  76    0    0 193 -286  2
4218500 2850500  1 31  7 -10.5 1035 140  1.1 3  1.3  76    0    0 201 -288  2
4218500 2850500  1 31  8 -10.9 1035 234  1.7 4  1.3  77    0    0 215 -290  2
4218500 2850500  1 31  9  -9.9 1035 202  1.7 4  1.3  79   17   20 223 -292  2
4218500 2850500  1 31 10  -8.8 1035 238  2.1 4  1.3  74   87   54 226 -296  2
4218500 2850500  1 31 11  -7.6 1036 263  2.4 4  1.3  66  150   77 229 -301  2
4218500 2850500  1 31 12  -6.0 1036 244  2.4 3  1.4  62  212   85 229 -305  2
4218500 2850500  1 31 13  -4.8 1036 242  2.2 4  1.5  60  170  111 234 -309  2
4218500 2850500  1 31 14  -4.5 1035 243  2.5 6  1.5  59   41  137 252 -311  2
4218500 2850500  1 31 15  -4.2 1034 258  2.9 7  1.6  60    1   75 269 -312  2
4218500 2850500  1 31 16  -3.8 1034 242  2.6 8  1.7  61    1   48 280 -312  2
4218500 2850500  1 31 17  -3.8 1034 234  3.3 8  1.8  63    0   11 287 -311  2
4218500 2850500  1 31 18  -3.7 1033 238  3.1 8  1.8  64    0    0 288 -310  2
4218500 2850500  1 31 19  -3.4 1033 254  3.7 8  1.9  65    0    0 289 -310  2
4218500 2850500  1 31 20  -3.1 1032 254  3.9 8  2.0  68    0    0 291 -310  2
4218500 2850500  1 31 21  -3.4 1031 242  4.5 8  2.1  71    0    0 293 -311  2
4218500 2850500  1 31 22  -4.0 1031 232  4.0 8  2.2  78    0    0 294 -311  2
4218500 2850500  1 31 23  -4.4 1030 226  4.1 8  2.4  86    0    0 294 -311  2
4218500 2850500  1 31 24  -4.4 1029 221  4.0 7  2.4  89    0    0 289 -312  2
4218500 2850500  2  1  1  -4.4 1028 230  3.9 7  2.5  92    0    0 283 -312  2
4218500 2850500  2  1  2  -3.9 1028 237  3.4 8  2.5  93    0    0 289 -312  2
4218500 2850500  2  1  3  -3.6 1027 222  3.1 8  2.7  94    0    0 298 -313  2
4218500 2850500  2  1  4  -3.3 1027 233  3.0 7  2.8  98    0    0 293 -314  2
4218500 2850500  2  1  5  -2.7 1026 239  2.9 8  3.0  99    0    0 296 -314  2
4218500 2850500  2  1  6  -2.2 1025 233  2.7 7  3.1  98    0    0 298 -314  2
4218500 2850500  2  1  7  -1.7 1025 230  1.3 8  3.2  99    0    0 300 -315  2
4218500 2850500  2  1  8  -0.8 1024 268  1.4 8  3.3  98    0    0 311 -315  2
4218500 2850500  2  1  9  -0.4 1024 260  2.4 8  3.5  98    0   25 314 -315  2
4218500 2850500  2  1 10   0.2 1024 260  2.6 8  3.7  99    1   61 315 -315  2
4218500 2850500  2  1 11   0.5 1024 263  2.9 8  3.8  99    0   67 317 -315  2
4218500 2850500  2  1 12   1.5 1025 267  3.2 7  4.0  98    0   78 311 -315  2
4218500 2850500  2  1 13   1.9 1025 282  3.1 7  4.2  98    0   87 307 -316  2
4218500 2850500  2  1 14   2.2 1024 276  3.3 7  4.3  98    0   79 309 -316  2
4218500 2850500  2  1 15   2.5 1024 282  3.1 7  4.4  98    0   58 310 -319  2
4218500 2850500  2  1 16   2.8 1024 278  2.9 7  4.4  96    0   34 310 -320  2
4218500 2850500  2  1 17   2.7 1024 277  2.5 8  4.4  96    0    5 317 -319  2
4218500 2850500  2  1 18   2.8 1024 272  2.9 8  4.4  97    0    0 322 -317  2
4218500 2850500  2  1 19   2.7 1023 276  2.7 8  4.5  98    0    0 320 -317  2
4218500 2850500  2  1 20   2.7 1024 274  2.2 7  4.5  98    0    0 313 -317  2
4218500 2850500  2  1 21   2.7 1024 278  2.6 8  4.4  98    0    0 313 -317  2
4218500 2850500  2  1 22   2.6 1023 295  2.0 8  4.4  98    0    0 319 -317  2
4218500 2850500  2  1 23   2.6 1023 278  2.1 8  4.5  98    0    0 319 -317  2
4218500 2850500  2  1 24   2.5 1023 288  2.6 7  4.4  98    0    0 312 -316  2
4218500 2850500  2  2  1   2.4 1024 313  3.0 8  4.4  97    0    0 312 -316  2
4218500 2850500  2  2  2   1.9 1024 316  3.6 7  4.3  99    0    0 312 -316  2
4218500 2850500  2  2  3   1.6 1024 322  3.4 7  4.2  99    0    0 305 -316  2
4218500 2850500  2  2  4   1.1 1024 334  4.4 8  4.1  98    0    0 310 -317  2
4218500 2850500  2  2  5   0.6 1024 315  3.7 7  3.9  98    0    0 308 -317  2
4218500 2850500  2  2  6   0.5 1024 320  3.3 8  3.8  98    0    0 307 -317  2
4218500 2850500  2  2  7   0.2 1024 344  3.2 8  3.8  98    0    0 313 -317  2
4218500 2850500  2  2  8   0.3 1025 300  3.2 8  3.7  98    0    0 313 -317  2
4218500 2850500  2  2  9   0.4 1025 298  3.7 8  3.7  97    1   29 315 -317  2
4218500 2850500  2  2 10   0.4 1025 311  4.8 8  3.8  98    0   34 316 -318  2
4218500 2850500  2  2 11   0.5 1026 312  4.4 8  3.8  99    0   63 316 -320  2
4218500 2850500  2  2 12   0.5 1026 294  3.8 7  3.9 100    0   64 308 -322  2
4218500 2850500  2  2 13   0.9 1026 304  3.9 7  3.9  99    0   68 301 -324  2
4218500 2850500  2  2 14   1.0 1026 274  3.9 7  3.9  98    0   77 300 -326  2
4218500 2850500  2  2 15   1.2 1026 299  5.4 8  4.0  98    0   48 304 -326  2
4218500 2850500  2  2 16   0.9 1026 289  5.5 7  4.0  98    0   25 301 -326  2
4218500 2850500  2  2 17   0.9 1027 292  5.4 8  3.9  98    0    3 299 -324  2
4218500 2850500  2  2 18   0.8 1027 285  5.1 8  3.9  99    0    0 302 -322  2
4218500 2850500  2  2 19   1.0 1027 283  4.2 8  3.9  99    0    0 300 -321  2
4218500 2850500  2  2 20   0.9 1026 285  3.9 8  4.0  99    0    0 299 -319  2
4218500 2850500  2  2 21   1.4 1027 261  2.6 8  4.0  98    0    0 300 -317  2
4218500 2850500  2  2 22   2.2 1026 276  3.8 8  4.2  98    0    0 301 -315  2
4218500 2850500  2  2 23   2.6 1026 267  4.2 8  4.4  98    0    0 303 -315  2
4218500 2850500  2  2 24   2.8 1026 267  3.5 8  4.5  99    0    0 304 -315  2
4218500 2850500  2  3  1   3.4 1026 267  4.2 8  4.7  99    0    0 305 -314  2
4218500 2850500  2  3  2   3.3 1025 272  5.4 8  4.7  99    0    0 306 -314  2
4218500 2850500  2  3  3   3.6 1024 288  5.5 8  4.8  99    0    0 307 -313  2
4218500 2850500  2  3  4   3.4 1025 284  4.8 8  4.8  99    0    0 308 -313  2
4218500 2850500  2  3  5   3.7 1024 271  5.2 8  4.8  99    0    0 309 -313  2
4218500 2850500  2  3  6   3.8 1023 273  6.0 8  4.8  98    0    0 312 -314  2
4218500 2850500  2  3  7   4.2 1023 287  7.1 8  4.9  98    0    0 313 -314  2
4218500 2850500  2  3  8   4.4 1022 279  5.8 8  5.0  97    0    0 317 -315  2
4218500 2850500  2  3  9   4.4 1022 279  6.1 8  5.0  96    0   11 320 -315  2
4218500 2850500  2  3 10   4.5 1022 290  6.0 7  4.9  96    0   30 316 -317  2
4218500 2850500  2  3 11   4.8 1022 284  6.0 8  5.0  95    0   39 318 -320  2
4218500 2850500  2  3 12   4.9 1022 280  6.5 7  5.1  96    0   50 319 -322  2
4218500 2850500  2  3 13   5.3 1021 290  6.0 8  5.2  96    0   46 320 -325  2
4218500 2850500  2  3 14   5.5 1021 286  6.5 8  5.3  96    0   75 326 -327  2
4218500 2850500  2  3 15   5.7 1020 299  6.0 8  5.4  96    0   50 327 -329  2
4218500 2850500  2  3 16   5.8 1020 290  5.8 8  5.4  95    0   27 327 -330  2
4218500 2850500  2  3 17   5.8 1020 293  5.9 8  5.5  97    0    9 330 -329  2
4218500 2850500  2  3 18   5.7 1020 289  5.8 8  5.6  98    0    0 331 -328  2
4218500 2850500  2  3 19   5.5 1020 290  5.8 8  5.5  98    0    0 331 -326  2
4218500 2850500  2  3 20   5.6 1019 283  5.1 8  5.5  98    0    0 331 -326  2
4218500 2850500  2  3 21   5.6 1019 272  4.3 8  5.6  99    0    0 332 -326  2
4218500 2850500  2  3 22   5.7 1018 279  4.7 8  5.6  98    0    0 332 -326  2
4218500 2850500  2  3 23   5.8 1018 272  4.8 8  5.6  98    0    0 333 -326  2
4218500 2850500  2  3 24   5.7 1018 267  4.9 8  5.6  98    0    0 334 -326  2
4218500 2850500  2  4  1   5.6 1017 265  5.7 8  5.6  99    0    0 335 -328  2
4218500 2850500  2  4  2   5.8 1016 264  5.5 8  5.6  99    0    0 335 -331  2
4218500 2850500  2  4  3   6.1 1015 265  5.8 8  5.7  99    0    0 337 -332  2
4218500 2850500  2  4  4   6.4 1015 276  5.8 8  5.8  98    0    0 339 -333  2
4218500 2850500  2  4  5   6.5 1014 263  6.0 8  5.9  99    0    0 340 -334  2
4218500 2850500  2  4  6   6.7 1013 261  6.5 8  6.0  99    0    0 342 -334  2
4218500 2850500  2  4  7   6.9 1013 267  6.2 8  6.1  98    0    0 344 -335  2
4218500 2850500  2  4  8   7.3 1012 268  6.4 8  6.1  97    0    0 345 -335  2
4218500 2850500  2  4  9   7.6 1011 259  6.5 8  6.3  98    0   14 346 -336  2
4218500 2850500  2  4 10   7.7 1011 258  7.1 7  6.4  98    0   31 341 -336  2
4218500 2850500  2  4 11   8.0 1010 263  7.3 7  6.5  97    0   37 334 -337  2
4218500 2850500  2  4 12   8.2 1009 260  7.9 7  6.6  97    0   57 335 -338  2
4218500 2850500  2  4 13   8.6 1009 266  8.2 7  6.8  98    0   44 337 -338  2
4218500 2850500  2  4 14   8.4 1008 265  9.4 8  6.8  98    0   34 343 -340  2
4218500 2850500  2  4 15   8.9 1006 271  9.4 7  6.5  93    0   39 342 -341  2
4218500 2850500  2  4 16   9.0 1005 266 10.1 7  6.4  88    0   26 338 -342  2
4218500 2850500  2  4 17   8.2 1003 257 10.0 8  6.3  89    0    3 344 -342  2
4218500 2850500  2  4 18   7.9 1002 254 10.2 8  6.3  93    0    0 348 -341  2
4218500 2850500  2  4 19   8.2 1001 265  9.3 8  6.3  93    0    0 347 -342  2
4218500 2850500  2  4 20   8.4 1000 270 10.2 8  6.2  89    0    0 343 -344  2
4218500 2850500  2  4 21   8.2  999 275 10.3 8  5.9  86    0    0 341 -343  2
4218500 2850500  2  4 22   7.8  998 280 10.3 8  5.5  81    0    0 337 -340  2
4218500 2850500  2  4 23   6.7  997 278  9.3 7  5.1  80    0    0 330 -337  2
4218500 2850500  2  4 24   5.5  997 273  8.1 7  4.7  80    0    0 303 -335  2
4218500 2850500  2  5  1   4.2 1016 262  6.8 7  4.4  84    0    0 278 -331  2
4218500 2850500  2  5  2   3.3 1014 260  5.5 7  4.3  88    0    0 289 -331  2
4218500 2850500  2  5  3   2.7 1013 260  4.6 7  4.2  92    0    0 294 -330  2
4218500 2850500  2  5  4   2.5 1012 269  4.4 7  4.2  92    0    0 295 -329  2
4218500 2850500  2  5  5   2.3 1011 268  4.2 7  4.1  91    0    0 283 -328  2
4218500 2850500  2  5  6   2.1 1010 290  4.1 7  4.0  90    0    0 284 -327  2
4218500 2850500  2  5  7   1.2 1009 261  3.3 7  3.9  90    0    0 289 -327  2
4218500 2850500  2  5  8   1.2 1008 259  3.2 6  3.8  92    0    0 282 -326  2
4218500 2850500  2  5  9   1.6 1008 243  3.4 8  4.0  94    9   28 289 -325  2
4218500 2850500  2  5 10   2.6 1006 249  3.1 5  4.1  93   68   65 281 -325  2
4218500 2850500  2  5 11   3.9 1005 265  4.3 7  4.2  87    2   97 273 -326  2
4218500 2850500  2  5 12   3.6 1005 269  4.2 7  4.3  86    0   61 290 -327  2
4218500 2850500  2  5 13   3.3 1004 279  4.4 8  4.3  88    0   79 298 -328  2
4218500 2850500  2  5 14   3.1 1003 271  4.2 8  4.5  92    0   40 307 -330  2
4218500 2850500  2  5 15   3.3 1003 273  4.6 8  4.6  95    0   43 306 -331  2
4218500 2850500  2  5 16   3.4 1002 280  4.5 8  4.6  95    0   32 307 -331  2
4218500 2850500  2  5 17   3.4 1001 259  4.0 8  4.6  94    0    2 307 -330  2
4218500 2850500  2  5 18   3.5 1001 264  4.2 8  4.6  92    0    0 307 -327  2
4218500 2850500  2  5 19   3.2 1001 270  4.6 8  4.4  90    0    0 305 -325  2
4218500 2850500  2  5 20   2.9 1001 272  4.8 7  4.2  89    0    0 296 -323  2
4218500 2850500  2  5 21   2.4 1001 272  5.1 6  4.2  90    0    0 280 -321  2
4218500 2850500  2  5 22   2.5 1000 270  4.8 5  4.2  91    0    0 266 -319  2
4218500 2850500  2  5 23   2.5 1000 270  4.7 6  4.1  90    0    0 265 -316  2
4218500 2850500  2  5 24   1.8 1000 269  4.5 4  4.0  89    0    0 255 -315  2
4218500 2850500  2  6  1   1.5 1000 268  4.9 4  3.9  90    0    0 239 -314  2
4218500 2850500  2  6  2   1.8 1000 269  5.1 6  4.0  92    0    0 252 -313  2
4218500 2850500  2  6  3   1.6 1000 269  4.6 6  4.0  92    0    0 266 -313  2
4218500 2850500  2  6  4   1.3 1000 272  5.0 6  3.9  92    0    0 263 -314  2
4218500 2850500  2  6  5   1.4  999 278  4.9 7  3.9  93    0    0 269 -314  2
4218500 2850500  2  6  6   1.3  999 274  4.6 7  3.9  92    0    0 275 -313  2
4218500 2850500  2  6  7   1.3  999 272  3.5 7  3.9  92    0    0 275 -312  2
4218500 2850500  2  6  8   1.3  999 271  3.6 7  3.9  92    0    1 274 -313  2
4218500 2850500  2  6  9   1.4  999 281  3.5 7  3.9  92   19   19 273 -313  2
4218500 2850500  2  6 10   1.7  999 278  4.3 7  3.9  92   15   67 273 -314  2
4218500 2850500  2  6 11   1.9  999 276  4.6 7  3.9  90    0   82 274 -315  2
4218500 2850500  2  6 12   2.2  999 270  3.6 6  3.9  87    0   92 271 -317  2
4218500 2850500  2  6 13   2.6  999 257  2.6 7  3.9  86    0   66 273 -320  2
4218500 2850500  2  6 14   3.0  999 272  2.8 8  4.0  85    0   50 284 -323  2
4218500 2850500  2  6 15   3.3  998 264  3.4 6  3.9  82    0   52 280 -324  2
4218500 2850500  2  6 16   3.3  998 272  2.5 5  3.8  78    0   54 265 -324  2
4218500 2850500  2  6 17   3.2  998 254  2.4 7  3.7  77    0   13 267 -321  2
4218500 2850500  2  6 18   0.8  998 157  1.7 6  3.7  84    0    0 267 -318  2
4218500 2850500  2  6 19   0.6  998 251  2.7 6  3.8  94    0    0 258 -317  2
4218500 2850500  2  6 20   0.5  998 203  1.3 6  3.9  97    0    0 257 -317  2
4218500 2850500  2  6 21   0.5  998 183  1.4 5  3.9  96    0    0 252 -317  2
4218500 2850500  2  6 22   0.5  998 212  1.3 7  3.8  96    0    0 257 -316  2
4218500 2850500  2  6 23   0.3  998 201  2.2 7  3.8  97    0    0 268 -315  2
4218500 2850500  2  6 24   0.1  998 195  1.8 6  3.8  98    0    0 263 -315  2
4218500 2850500  2  7  1   0.0  997 198  1.3 6  3.8  99    0    0 258 -315  2
4218500 2850500  2  7  2  -0.5  997 214  1.7 5  3.7  99    0    0 253 -315  2
4218500 2850500  2  7  3  -0.9  997 222  1.5 3  3.5  96    0    0 236 -315  2
4218500 2850500  2  7  4  -2.2  997 214  1.5 2  3.3  96    0    0 219 -314  2
4218500 2850500  2  7  5  -2.3  997 183  2.0 1  3.2  98    0    0 209 -313  2
4218500 2850500  2  7  6  -2.7  997 205  1.9 0  3.1  98    0    0 199 -311  2
4218500 2850500  2  7  7  -3.6  997 171  1.0 1  3.0  97    0    0 199 -310  2
4218500 2850500  2  7  8  -3.9  997 186  1.2 1  2.9  98    0    5 201 -309  2
4218500 2850500  2  7  9  -2.4  997 151  1.2 0  3.0  99   33   38 198 -309  2
4218500 2850500  2  7 10   0.4  998 161  1.1 0  3.5  97  125   67 199 -310  2
4218500 2850500  2  7 11   1.4  998 145  1.6 0  3.7  90  219   73 203 -312  2
4218500 2850500  2  7 12   3.1  998 129  2.0 1  3.6  80  260   88 210 -314  2
4218500 2850500  2  7 13   4.2  997 132  2.2 1  3.6  71  272   90 218 -315  2
4218500 2850500  2  7 14   4.6  997 124  2.9 1  3.4  65  234   93 219 -317  2
4218500 2850500  2  7 15   4.5  997 138  2.9 3  3.2  61  129  104 227 -317  2
4218500 2850500  2  7 16   3.4  997 103  3.4 4  3.1  61   46   77 239 -316  2
4218500 2850500  2  7 17   2.4  996  99  3.2 6  3.1  65    0   22 248 -315  2
4218500 2850500  2  7 18   1.3  996 107  3.2 6  3.0  69    0    0 252 -313  2
4218500 2850500  2  7 19   1.1  997  86  3.1 6  3.1  74    0    0 249 -309  2
4218500 2850500  2  7 20   0.9  997  90  3.3 7  3.3  80    0    0 252 -306  2
4218500 2850500  2  7 21   1.0  996  96  4.1 7  3.4  82    0    0 257 -303  2
4218500 2850500  2  7 22   0.3  996  97  3.4 7  3.5  86    0    0 256 -299  2
4218500 2850500  2  7 23  -0.1  996  64  3.8 7  3.6  93    0    0 256 -295  2
4218500 2850500  2  7 24  -0.3  995  75  4.2 7  3.7  98    0    0 257 -293  2
4218500 2850500  2  8  1   0.0  995  90  3.9 8  3.8  98    0    0 262 -291  2
4218500 2850500  2  8  2  -0.1  994  76  3.8 8  3.8  98    0    0 266 -290  2
4218500 2850500  2  8  3  -0.3  994  76  3.8 8  3.7  98    0    0 268 -289  2
4218500 2850500  2  8  4  -0.3  994  68  3.1 8  3.8  99    0    0 270 -288  2
4218500 2850500  2  8  5  -0.4  993  60  2.5 8  3.8 100    0    0 273 -289  2
4218500 2850500  2  8  6  -0.1  993  56  2.4 8  3.8  99    0    0 275 -290  2
4218500 2850500  2  8  7  -0.2  993  32  1.7 8  3.8  99    0    0 277 -291  2
4218500 2850500  2  8  8  -0.1  993  30  1.9 8  3.8  99    0    3 279 -293  2
4218500 2850500  2  8  9   0.0  993  43  1.9 8  3.8  99    4   25 281 -296  2
4218500 2850500  2  8 10   0.0  994  31  2.3 8  3.8  98    0   49 285 -300  2
4218500 2850500  2  8 11   0.2  993  78  1.1 8  3.8  96    0   42 287 -303  2
4218500 2850500  2  8 12   0.3  993  75  1.7 8  3.8  96    0   45 289 -305  2
4218500 2850500  2  8 13   0.4  993  71  1.8 8  3.8  96    0   44 291 -307  2
4218500 2850500  2  8 14   0.2  993  84  2.1 8  3.8  96    0   56 291 -310  2
4218500 2850500  2  8 15   0.2  992  76  2.7 8  3.8  96    0   50 293 -311  2
4218500 2850500  2  8 16   0.2  992 115  2.4 8  3.8  96    0   24 293 -311  2
4218500 2850500  2  8 17   0.3  992 104  2.9 8  3.8  97    0    2 293 -310  2
4218500 2850500  2  8 18   0.2  992 109  3.6 8  3.8  98    0    0 292 -308  2
4218500 2850500  2  8 19   0.1  991  96  3.6 8  3.8  98    0    0 293 -307  2
4218500 2850500  2  8 20   0.0  991  98  3.2 8  3.8  98    0    0 294 -306  2
4218500 2850500  2  8 21  -0.2  991  98  3.2 8  3.8  99    0    0 294 -305  2
4218500 2850500  2  8 22  -0.1  991  96  3.4 8  3.8  99    0    0 295 -305  2
4218500 2850500  2  8 23  -0.2  991  98  3.2 8  3.8  98    0    0 296 -305  2
4218500 2850500  2  8 24  -0.2  991 103  2.7 8  3.7  98    0    0 296 -305  2
4218500 2850500  2  9  1  -0.2  991 109  2.8 8  3.8  99    0    0 296 -306  2
4218500 2850500  2  9  2  -0.2  991 144  2.4 7  3.8  99    0    0 291 -307  2
4218500 2850500  2  9  3  -0.1  991  96  2.3 7  3.8  99    0    0 286 -308  2
4218500 2850500  2  9  4  -0.1  992 120  2.4 7  3.8  99    0    0 285 -310  2
4218500 2850500  2  9  5   0.2  992 109  1.9 7  3.8  98    0    0 287 -312  2
4218500 2850500  2  9  6   0.2  993 137  1.3 8  3.8  98    0    0 293 -314  2
4218500 2850500  2  9  7   0.2  993 166  1.0 7  3.8  97    0    0 294 -314  2
4218500 2850500  2  9  8   0.4  993 173  1.8 7  3.8  97    0    0 290 -314  2
4218500 2850500  2  9  9   0.8  994 145  1.4 6  4.0  98    5   22 288 -315  2
4218500 2850500  2  9 10   1.2  995 121  1.7 8  4.1  98    0   63 293 -315  2
4218500 2850500  2  9 11   1.5  995  96  1.6 7  4.1  97    0   58 298 -316  2
4218500 2850500  2  9 12   1.7  996  79  2.1 7  4.2  97    0   68 295 -316  2
4218500 2850500  2  9 13   2.0  996  63  2.1 7  4.3  98    0   73 297 -318  2
4218500 2850500  2  9 14   1.7  997  79  2.3 7  4.3  97    0   57 297 -322  2
4218500 2850500  2  9 15   1.7  997  38  2.3 7  4.2  97    0   49 295 -324  2
4218500 2850500  2  9 16   1.0  998  49  2.9 7  4.2  98    0   33 293 -323  2
4218500 2850500  2  9 17   0.5  999  74  3.1 8  4.0  98    0    4 294 -320  2
4218500 2850500  2  9 18   0.2 1000  67  3.0 8  3.9  98    0    0 296 -317  2
4218500 2850500  2  9 19   0.2 1001  45  2.5 8  3.8  98    0    0 295 -316  2
4218500 2850500  2  9 20  -0.1 1002  69  3.4 7  3.8  98    0    0 290 -315  2
4218500 2850500  2  9 21  -0.1 1002  51  3.0 7  3.6  95    0    0 283 -315  2
4218500 2850500  2  9 22  -0.7 1003  51  3.5 7  3.5  94    0    0 281 -314  2
4218500 2850500  2  9 23  -0.8 1003  53  3.4 8  3.4  93    0    0 284 -311  2
4218500 2850500  2  9 24  -1.2 1004  78  3.9 8  3.3  93    0    0 286 -310  2
4218500 2850500  2 10  1  -1.6 1004  63  3.9 8  3.2  92    0    0 283 -310  2
4218500 2850500  2 10  2  -1.8 1004  59  4.5 8  3.0  89    0    0 281 -309  2
4218500 2850500  2 10  3  -1.8 1005  70  4.1 8  2.9  87    0    0 280 -309  2
4218500 2850500  2 10  4  -2.3 1005  80  4.5 8  2.9  87    0    0 278 -309  2
4218500 2850500  2 10  5  -2.8 1005  72  5.3 8  2.8  88    0    0 277 -308  2
4218500 2850500  2 10  6  -3.1 1005  70  5.5 8  2.7  87    0    0 276 -307  2
4218500 2850500  2 10  7  -3.1 1005  78  6.0 7  2.6  87    0    0 268 -305  2
4218500 2850500  2 10  8  -3.2 1005  78  6.3 7  2.7  88    0    3 260 -304  2
4218500 2850500  2 10  9  -3.4 1006  79  5.7 7  2.6  87    2   27 259 -303  2
4218500 2850500  2 10 10  -3.4 1006  76  5.9 7  2.6  86    6   71 260 -305  2
4218500 2850500  2 10 11  -3.5 1006  79  6.6 8  2.5  85    6  104 268 -308  2
4218500 2850500  2 10 12  -3.2 1006  71  6.6 7  2.5  83   34  134 271 -311  2
4218500 2850500  2 10 13  -3.0 1007  81  6.2 6  2.5  82   29  142 261 -313  2
4218500 2850500  2 10 14  -2.7 1006  82  6.5 7  2.5  81    2  111 263 -314  2
4218500 2850500  2 10 15  -3.1 1007  81  5.6 8  2.5  81    0   62 274 -314  2
4218500 2850500  2 10 16  -3.2 1007  75  6.3 7  2.5  83    0   54 270 -314  2
4218500 2850500  2 10 17  -3.3 1007  83  5.5 7  2.5  82    0   17 261 -312  2
4218500 2850500  2 10 18  -3.7 1007  71  6.1 6  2.4  82    0    0 251 -309  2
4218500 2850500  2 10 19  -3.8 1008  79  5.5 7  2.4  83    0    0 248 -307  2
4218500 2850500  2 10 20  -3.8 1008  79  5.5 7  2.4  84    0    0 254 -305  2
4218500 2850500  2 10 21  -3.9 1008  80  5.3 7  2.4  85    0    0 254 -303  2
4218500 2850500  2 10 22  -4.2 1009  83  5.3 6  2.4  85    0    0 249 -300  2
4218500 2850500  2 10 23  -4.3 1008  77  4.9 6  2.3  85    0    0 241 -299  2
4218500 2850500  2 10 24  -4.8 1008  77  4.6 8  2.3  85    0    0 251 -300  2
4218500 2850500  2 11  1  -4.9 1008  76  5.2 7  2.3  86    0    0 254 -301  2
4218500 2850500  2 11  2  -5.2 1008  89  4.8 6  2.2  86    0    0 242 -302  2
4218500 2850500  2 11  3  -5.7 1008  77  4.5 7  2.2  86    0    0 241 -301  2
4218500 2850500  2 11  4  -5.5 1007  87  4.6 8  2.2  86    0    0 250 -301  2
4218500 2850500  2 11  5  -5.7 1007  90  4.1 8  2.2  87    0    0 256 -301  2
4218500 2850500  2 11  6  -5.3 1007  85  4.5 8  2.2  88    0    0 258 -300  2
4218500 2850500  2 11  7  -5.4 1006 137  4.8 8  2.3  90    0    0 258 -300  2
4218500 2850500  2 11  8  -4.8 1005 110  4.1 8  2.4  91    0    0 261 -300  2
4218500 2850500  2 11  9  -4.5 1005 111  5.1 8  2.5  92    0   32 265 -301  2
4218500 2850500  2 11 10  -3.9 1004 117  5.2 8  2.5  91    1   74 268 -302  2
4218500 2850500  2 11 11  -3.5 1003 111  5.1 8  2.6  90    0   53 273 -303  2
4218500 2850500  2 11 12  -3.2 1002 119  5.1 8  2.7  91    0   55 276 -307  2
4218500 2850500  2 11 13  -2.5 1001 109  4.9 7  2.8  92    0   94 274 -310  2
4218500 2850500  2 11 14  -1.7 1000 102  5.3 8  3.0  92    0   84 276 -312  2
4218500 2850500  2 11 15  -1.1  999 110  4.6 8  3.2  91    2   99 282 -313  2
4218500 2850500  2 11 16  -0.8  998 100  5.6 8  3.3  91    1   65 284 -313  2
4218500 2850500  2 11 17  -0.6  997  99  5.5 8  3.3  90    0   13 284 -311  2
4218500 2850500  2 11 18  -0.5  997  98  5.5 8  3.4  91    0    0 284 -309  2
4218500 2850500  2 11 19  -0.6  996 100  5.3 8  3.5  94    0    0 283 -307  2
4218500 2850500  2 11 20  -0.3  996 111  4.5 8  3.7  98    0    0 284 -307  2
4218500 2850500  2 11 21   0.0  995 119  4.6 8  3.8  99    0    0 286 -308  2
4218500 2850500  2 11 22   0.3  995 122  4.2 8  3.8  98    0    0 290 -309  2
4218500 2850500  2 11 23   0.5  995 122  3.6 8  3.9  99    0    0 294 -310  2
4218500 2850500  2 11 24   0.8  995 116  3.3 8  4.0  98    0    0 297 -311  2
4218500 2850500  2 12  1   0.9  995 132  2.8 8  4.0  98    0    0 298 -312  2
4218500 2850500  2 12  2   0.9  995 134  2.7 8  4.1  99    0    0 302 -313  2
4218500 2850500  2 12  3   1.0  994 137  2.3 8  4.1  99    0    0 304 -314  2
4218500 2850500  2 12  4   0.9  994 140  2.3 8  4.1  99    0    0 307 -314  2
4218500 2850500  2 12  5   1.1  994 159  2.4 8  4.2 100    0    0 309 -315  2
4218500 2850500  2 12  6   1.6  994 180  2.4 8  4.2 100    0    0 311 -315  2
4218500 2850500  2 12  7   2.0  994 177  2.5 8  4.4  99    0    0 313 -315  2
4218500 2850500  2 12  8   2.2  994 181  2.4 8  4.5  99    0    7 314 -316  2
4218500 2850500  2 12  9   2.8  994 181  2.5 7  4.6  99   11   45 309 -318  2
4218500 2850500  2 12 10   4.8  994 178  2.3 4  5.0  98   82  107 286 -320  2
4218500 2850500  2 12 11   6.9  994 169  2.7 3  5.5  94  162  142 268 -323  2
4218500 2850500  2 12 12   8.0  994 164  2.6 3  5.7  87  174  169 267 -326  2
4218500 2850500  2 12 13   7.9  993 153  3.1 5  5.8  85   85  209 281 -333  2
4218500 2850500  2 12 14   8.1  992 132  3.3 6  5.8  85   44  187 302 -338  2
4218500 2850500  2 12 15   8.2  991 142  3.7 6  5.9  86   25  147 310 -337  2
4218500 2850500  2 12 16   8.1  990 140  3.7 6  6.0  87    9   87 309 -334  2
4218500 2850500  2 12 17   7.7  990 121  4.0 8  6.0  89    3   31 319 -331  2
4218500 2850500  2 12 18   7.2  989 132  4.3 8  6.1  92    0    0 331 -327  2
4218500 2850500  2 12 19   6.7  989 150  4.9 8  6.1  95    0    0 330 -325  2
4218500 2850500  2 12 20   6.6  989 172  4.3 8  6.1  97    0    0 328 -326  2
4218500 2850500  2 12 21   6.6  988 170  3.6 7  6.1  98    0    0 323 -326  2
4218500 2850500  2 12 22   5.5  988 187  3.3 5  5.9  98    0    0 305 -325  2
4218500 2850500  2 12 23   5.5  988 187  3.2 5  5.7  99    0    0 290 -325  2
4218500 2850500  2 12 24   5.5  988 202  3.5 6  5.7  98    0    0 295 -324  2
4218500 2850500  2 13  1   5.5  989 201  3.4 6  5.6  97    0    0 301 -322  2
4218500 2850500  2 13  2   5.3  989 210  3.7 5  5.5  97    0    0 294 -321  2
4218500 2850500  2 13  3   5.3  989 199  3.5 6  5.5  97    0    0 295 -322  2
4218500 2850500  2 13  4   5.6  989 198  3.5 6  5.6  97    0    0 302 -323  2
4218500 2850500  2 13  5   5.8  989 190  3.4 6  5.6  96    0    0 302 -323  2
4218500 2850500  2 13  6   5.6  989 192  3.7 8  5.6  96    0    0 314 -323  2
4218500 2850500  2 13  7   6.0  989 201  4.2 7  5.5  94    0    0 320 -322  2
4218500 2850500  2 13  8   6.0  990 203  3.8 7  5.6  94    0    5 315 -322  2
4218500 2850500  2 13  9   6.0  990 202  4.0 8  5.8  97    6   49 320 -321  2
4218500 2850500  2 13 10   6.3  991 212  4.2 7  5.9  98   11  107 320 -321  2
4218500 2850500  2 13 11   7.4  991 221  4.2 7  6.0  95    4  125 316 -322  2
4218500 2850500  2 13 12   7.6  992 239  5.2 8  5.9  90    0   74 323 -323  2
4218500 2850500  2 13 13   7.1  992 231  4.5 8  5.7  88    0   72 328 -325  2
4218500 2850500  2 13 14   6.4  992 241  4.0 8  5.8  92    0   47 327 -326  2
4218500 2850500  2 13 15   6.7  993 273  4.6 6  6.0  97    0   92 315 -326  2
4218500 2850500  2 13 16   6.8  994 281  5.0 7  6.0  96    0   43 311 -324  2
4218500 2850500  2 13 17   6.7  995 290  5.4 8  6.0  96    0    6 321 -322  2
4218500 2850500  2 13 18   7.0  996 281  5.2 8  6.0  96    0    0 326 -320  2
4218500 2850500  2 13 19   6.9  997 280  4.8 8  6.0  95    0    0 324 -319  2
4218500 2850500  2 13 20   6.9  998 283  4.6 8  5.9  94    0    0 321 -318  2
4218500 2850500  2 13 21   6.5  999 268  3.8 8  5.9  95    0    0 320 -317  2
4218500 2850500  2 13 22   6.1 1000 300  5.2 8  5.8  97    0    0 318 -316  2
4218500 2850500  2 13 23   5.6 1000 302  5.1 8  5.6  95    0    0 316 -316  2
4218500 2850500  2 13 24   5.4 1001 294  4.8 8  5.3  93    0    0 313 -316  2
4218500 2850500  2 14  1   5.4 1001 290  3.7 8  5.3  93    0    0 313 -315  2
4218500 2850500  2 14  2   5.5 1002 291  4.2 8  5.3  94    0    0 314 -315  2
4218500 2850500  2 14  3   5.3 1003 302  3.0 8  5.4  96    0    0 314 -315  2
4218500 2850500  2 14  4   5.1 1003 301  2.3 8  5.4  97    0    0 315 -315  2
4218500 2850500  2 14  5   5.2 1003 279  2.3 8  5.4  98    0    0 314 -315  2
4218500 2850500  2 14  6   5.3 1004 272  2.4 8  5.5  99    0    0 314 -315  2
4218500 2850500  2 14  7   5.6 1004 251  2.2 8  5.6  99    0    0 315 -315  2
4218500 2850500  2 14  8   5.9 1004 231  2.2 7  5.7  98    0    8 311 -314  2
4218500 2850500  2 14  9   6.1 1004 212  2.2 7  5.7  98   28   46 306 -315  2
4218500 2850500  2 14 10   6.5 1004 219  2.1 6  5.8  96   58  100 300 -315  2
4218500 2850500  2 14 11   7.2 1004 211  2.6 7  5.8  92   20  138 299 -317  2
4218500 2850500  2 14 12   7.5 1005 202  2.9 6  5.6  86   22  167 300 -320  2
4218500 2850500  2 14 13   8.7 1005 138  2.6 6  5.2  78  117  184 297 -325  2
4218500 2850500  2 14 14   8.8 1004 122  3.1 6  5.1  72   39  176 300 -330  2
4218500 2850500  2 14 15   9.0 1003 146  3.5 7  5.1  71   18  134 306 -332  2
4218500 2850500  2 14 16   8.8 1003 129  3.6 7  5.0  70   22   96 311 -330  2
4218500 2850500  2 14 17   8.1 1003 120  3.9 7  5.0  72    0   24 308 -327  2
4218500 2850500  2 14 18   7.7 1002 116  4.0 7  5.1  76    0    0 307 -323  2
4218500 2850500  2 14 19   7.3 1002 120  4.2 8  5.2  80    0    0 312 -319  2
4218500 2850500  2 14 20   7.0 1002 105  4.4 8  5.3  84    0    0 319 -317  2
4218500 2850500  2 14 21   6.9 1002 102  4.2 8  5.4  85    0    0 319 -316  2
4218500 2850500  2 14 22   6.7 1001 108  4.3 8  5.2  84    0    0 320 -316  2
4218500 2850500  2 14 23   6.6 1001 117  4.3 8  5.1  84    0    0 320 -316  2
4218500 2850500  2 14 24   6.0 1001 108  3.8 8  5.2  86    0    0 321 -315  2
4218500 2850500  2 15  1   5.4 1000  88  3.6 8  5.4  93    0    0 321 -315  2
4218500 2850500  2 15  2   5.3 1000  80  3.7 8  5.4  97    0    0 321 -316  2
4218500 2850500  2 15  3   5.1 1000  80  3.5 8  5.4  98    0    0 322 -316  2
4218500 2850500  2 15  4   5.1 1000  73  3.4 8  5.4  98    0    0 321 -316  2
4218500 2850500  2 15  5   4.7 1000  62  3.2 8  5.4  99    0    0 321 -316  2
4218500 2850500  2 15  6   4.7 1001  37  3.3 8  5.3  99    0    0 320 -316  2
4218500 2850500  2 15  7   4.7 1001   4  3.3 8  5.3  98    0    0 319 -316  2
4218500 2850500  2 15  8   4.5 1002  11  4.2 8  5.2  98    1   10 319 -316  2
4218500 2850500  2 15  9   4.1 1004   1  5.2 8  5.1  98    8   48 317 -316  2
4218500 2850500  2 15 10   3.6 1005 350  5.7 7  4.9  96    0   60 310 -317  2
4218500 2850500  2 15 11   4.0 1007 341  6.1 7  4.8  96    0   83 303 -320  2
4218500 2850500  2 15 12   4.3 1008 333  6.3 7  4.9  96    0   68 305 -323  2
4218500 2850500  2 15 13   4.7 1010 340  6.1 8  5.0  95    0   61 311 -325  2
4218500 2850500  2 15 14   5.1 1011 341  6.6 8  5.1  94    0   46 318 -327  2
4218500 2850500  2 15 15   5.0 1012 339  6.3 8  5.0  91    0   46 318 -328  2
4218500 2850500  2 15 16   5.0 1013 334  6.4 8  4.8  88    0   40 318 -328  2
4218500 2850500  2 15 17   4.7 1014 341  5.7 8  4.6  87    0   11 316 -327  2
4218500 2850500  2 15 18   4.0 1016 342  5.5 8  4.5  87    0    0 313 -324  2
4218500 2850500  2 15 19   3.9 1017 343  5.0 7  4.4  87    0    0 305 -322  2
4218500 2850500  2 15 20   3.8 1018   7  5.6 7  4.2  85    0    0 297 -321  2
4218500 2850500  2 15 21   3.7 1019   0  4.2 8  4.2  85    0    0 302 -319  2
4218500 2850500  2 15 22   3.8 1019  17  3.5 8  4.1  83    0    0 306 -318  2
4218500 2850500  2 15 23   3.7 1020  25  4.1 8  4.0  81    0    0 306 -317  2
4218500 2850500  2 15 24   3.7 1021  30  3.5 7  4.0  81    0    0 301 -315  2
4218500 2850500  2 16  1   3.6 1021  17  3.1 8  4.0  81    0    0 301 -315  2
4218500 2850500  2 16  2   3.6 1021  15  2.5 8  4.0  82    0    0 305 -314  2
4218500 2850500  2 16  3   3.6 1022 353  2.3 8  4.0  82    0    0 304 -312  2
4218500 2850500  2 16  4   3.5 1022  38  2.4 8  4.0  83    0    0 302 -310  2
4218500 2850500  2 16  5   3.5 1022  36  2.9 8  4.0  82    0    0 299 -309  2
4218500 2850500  2 16  6   3.3 1022  69  1.9 8  4.0  83    0    0 297 -309  2
4218500 2850500  2 16  7   3.4 1022  70  0.8 8  4.0  84    0    0 296 -308  2
4218500 2850500  2 16  8   3.5 1023   3  0.5 8  4.0  84    0    5 295 -307  2
4218500 2850500  2 16  9   3.7 1024 100  2.5 8  4.1  84    0   34 295 -307  2
4218500 2850500  2 16 10   3.6 1024  95  2.6 8  4.1  85    0   41 294 -309  2
4218500 2850500  2 16 11   3.5 1024 128  2.9 8  4.2  86    0   56 293 -313  2
4218500 2850500  2 16 12   3.9 1024 130  2.9 7  4.1  85    0   62 290 -317  2
4218500 2850500  2 16 13   4.0 1024 117  2.8 8  4.2  83    0   52 290 -322  2
4218500 2850500  2 16 14   3.9 1024 117  3.6 7  4.1  83    0   59 290 -324  2
4218500 2850500  2 16 15   4.3 1024 121  3.4 8  4.1  82    0   54 290 -324  2
4218500 2850500  2 16 16   4.3 1024 130  3.4 8  4.1  80    0   37 290 -324  2
4218500 2850500  2 16 17   4.7 1024 127  3.9 8  4.1  78    0   27 287 -322  2
4218500 2850500  2 16 18   4.7 1024 124  4.7 8  4.1  77    0    0 284 -317  2
4218500 2850500  2 16 19   4.7 1024 130  5.0 8  4.1  78    0    0 281 -314  2
4218500 2850500  2 16 20   4.4 1024 131  4.7 8  4.1  79    0    0 280 -312  2
4218500 2850500  2 16 21   3.9 1024 128  6.3 7  4.1  81    0    0 274 -310  2
4218500 2850500  2 16 22   3.8 1024 129  5.2 8  4.0  82    0    0 273 -309  2
4218500 2850500  2 16 23   3.6 1024 131  5.2 8  4.0  82    0    0 276 -308  2
4218500 2850500  2 16 24   3.5 1024 129  6.0 7  4.0  83    0    0 271 -308  2
4218500 2850500  2 17  1   3.5 1023 128  5.9 8  4.0  83    0    0 270 -307  2
4218500 2850500  2 17  2   3.3 1023 129  6.1 8  4.0  84    0    0 272 -307  2
4218500 2850500  2 17  3   3.3 1022 129  6.1 8  4.0  85    0    0 271 -306  2
4218500 2850500  2 17  4   3.2 1022 129  6.2 8  4.0  84    0    0 271 -305  2
4218500 2850500  2 17  5   3.3 1021 130  6.4 8  4.0  84    0    0 272 -304  2
4218500 2850500  2 17  6   3.4 1021 129  5.7 6  4.1  85    0    0 264 -303  2
4218500 2850500  2 17  7   3.1 1020 130  5.6 5  4.0  85    0    0 253 -302  2
4218500 2850500  2 17  8   2.3 1020 118  6.4 4  3.9  85    6   12 243 -301  2
4218500 2850500  2 17  9   2.4 1020 117  6.3 5  3.7  83   67   53 241 -302  2
4218500 2850500  2 17 10   3.6 1020 119  7.5 5  3.6  76  150   88 246 -306  2
4218500 2850500  2 17 11   4.5 1019 122  6.3 5  3.4  68  199  123 247 -310  2
4218500 2850500  2 17 12   6.3 1019 120  6.4 5  3.2  58  239  146 249 -314  2
4218500 2850500  2 17 13   7.8 1019 120  6.7 4  3.0  48  240  160 248 -320  2
4218500 2850500  2 17 14   8.1 1018 137  6.5 4  2.8  42  206  162 247 -323  2
4218500 2850500  2 17 15   8.7 1017 129  5.7 5  2.6  38  170  137 251 -324  2
4218500 2850500  2 17 16   8.1 1016 129  5.9 6  2.5  37   51  116 259 -323  2
4218500 2850500  2 17 17   7.1 1016 128  4.5 7  2.5  39    1   39 264 -320  2
4218500 2850500  2 17 18   5.7 1016 118  4.1 6  2.6  43    0    0 261 -316  2
4218500 2850500  2 17 19   4.9 1016 120  5.8 6  2.6  47    0    0 255 -314  2
4218500 2850500  2 17 20   3.8 1015 128  6.1 5  2.6  50    0    0 248 -312  2
4218500 2850500  2 17 21   3.3 1014 138  6.2 4  2.7  56    0    0 240 -311  2
4218500 2850500  2 17 22   2.8 1014 148  4.3 4  2.9  62    0    0 236 -310  2
4218500 2850500  2 17 23   2.3 1014 140  4.9 4  3.0  67    0    0 236 -309  2
4218500 2850500  2 17 24   1.9 1013 138  4.4 3  3.1  71    0    0 231 -308  2
4218500 2850500  2 18  1   2.1 1013 141  5.1 2  3.2  74    0    0 225 -307  2
4218500 2850500  2 18  2   1.2 1013 151  3.7 2  3.3  77    0    0 221 -306  2
4218500 2850500  2 18  3   0.7 1012 151  4.0 3  3.3  81    0    0 222 -304  2
4218500 2850500  2 18  4   0.7 1012 159  4.3 3  3.3  82    0    0 226 -302  2
4218500 2850500  2 18  5   0.3 1011 157  3.8 3  3.3  84    0    0 226 -301  2
4218500 2850500  2 18  6   0.1 1011 155  3.6 2  3.3  85    0    0 223 -300  2
4218500 2850500  2 18  7  -0.3 1010 162  3.9 2  3.3  87    0    0 219 -300  2
4218500 2850500  2 18  8   0.7 1010 167  4.2 3  3.3  85   10   12 224 -299  2
4218500 2850500  2 18  9   1.5 1010 170  4.3 5  3.4  82   80   46 236 -301  2
4218500 2850500  2 18 10   3.5 1009 189  4.5 4  3.4  76  190   67 243 -305  2
4218500 2850500  2 18 11   5.5 1009 199  4.8 4  3.5  67  271   85 243 -311  2
4218500 2850500  2 18 12   7.5 1009 209  4.3 3  3.6  59  315   99 246 -316  2
4218500 2850500  2 18 13   9.0 1008 183  4.5 2  3.7  54  324  106 243 -322  2
4218500 2850500  2 18 14   9.3 1009 202  4.4 1  3.8  52  282  113 239 -326  2
4218500 2850500  2 18 15   9.7 1008 194  4.0 1  3.8  52  226  100 236 -327  2
4218500 2850500  2 18 16   9.4 1007 203  4.3 1  3.9  53  110   95 236 -327  2
4218500 2850500  2 18 17   8.4 1007 204  3.4 2  3.9  55   17   51 239 -323  2
4218500 2850500  2 18 18   7.2 1006 211  3.1 2  4.0  60    0    0 240 -317  2
4218500 2850500  2 18 19   5.0 1006 216  3.1 3  4.1  69    0    0 239 -314  2
4218500 2850500  2 18 20   5.5 1006 230  3.4 4  4.2  76    0    0 246 -313  2
4218500 2850500  2 18 21   6.0 1006 268  3.5 6  4.4  76    0    0 259 -311  2
4218500 2850500  2 18 22   5.2 1006 301  4.1 6  4.4  78    0    0 268 -310  2
4218500 2850500  2 18 23   5.3 1007 320  4.6 6  4.5  82    0    0 269 -309  2
4218500 2850500  2 18 24   4.5 1007 313  5.2 6  4.6  85    0    0 271 -308  2
4218500 2850500  2 19  1   4.3 1008 329  3.8 8  4.4  85    0    0 280 -307  2
4218500 2850500  2 19  2   4.2 1008 333  3.7 8  4.3  83    0    0 290 -306  2
4218500 2850500  2 19  3   3.8 1008 284  2.5 8  4.2  82    0    0 292 -304  2
4218500 2850500  2 19  4   3.8 1008 279  2.8 8  4.1  82    0    0 294 -302  2
4218500 2850500  2 19  5   3.6 1008 277  2.9 7  4.1  83    0    0 291 -301  2
4218500 2850500  2 19  6   3.7 1008 299  3.4 7  4.2  85    0    0 289 -300  2
4218500 2850500  2 19  7   3.7 1009 298  3.3 7  4.3  86    0    0 292 -299  2
4218500 2850500  2 19  8   3.7 1009 298  3.3 7  4.3  86    1   12 292 -298  2
4218500 2850500  2 19  9   4.0 1009 287  3.9 6  4.3  86    8   58 287 -299  2
4218500 2850500  2 19 10   4.5 1010 302  3.7 6  4.3  83   33  125 283 -304  2
4218500 2850500  2 19 11   5.2 1010 283  4.0 4  4.1  76   83  178 273 -310  2
4218500 2850500  2 19 12   5.4 1010 298  3.0 4  3.9  71   64  213 263 -315  2
4218500 2850500  2 19 13   5.8 1010 317  3.7 4  3.9  69   51  219 262 -321  2
4218500 2850500  2 19 14   5.9 1009 282  3.0 4  3.8  66   43  205 261 -324  2
4218500 2850500  2 19 15   6.0 1009 242  2.5 5  3.7  64   37  173 265 -324  2
4218500 2850500  2 19 16   5.8 1009 300  2.5 5  3.7  64   23  118 268 -323  2
4218500 2850500  2 19 17   5.5 1009 291  1.9 6  3.7  65    8   52 270 -319  2
4218500 2850500  2 19 18   4.3 1009 279  1.3 5  3.6  67    0    0 267 -315  2
4218500 2850500  2 19 19   3.2 1009 261  1.8 5  3.6  72    0    0 259 -313  2
4218500 2850500  2 19 20   2.2 1009 247  1.1 4  3.5  77    0    0 252 -310  2
4218500 2850500  2 19 21   1.3 1009 196  1.6 3  3.5  81    0    0 240 -309  2
4218500 2850500  2 19 22   1.3 1009 172  1.6 5  3.5  85    0    0 243 -308  2
4218500 2850500  2 19 23   1.5 1008 182  1.6 6  3.6  86    0    0 257 -307  2
4218500 2850500  2 19 24   1.9 1008 189  1.4 6  3.7  86    0    0 260 -306  2
4218500 2850500  2 20  1   2.3 1008 176  1.6 6  3.8  85    0    0 259 -305  2
4218500 2850500  2 20  2   2.3 1008 180  1.2 6  3.8  84    0    0 259 -304  2
4218500 2850500  2 20  3   2.1 1007 118  1.0 7  3.7  84    0    0 261 -303  2
4218500 2850500  2 20  4   2.3 1007 151  1.0 8  3.7  83    0    0 268 -302  2
4218500 2850500  2 20  5   1.8 1006 179  0.8 8  3.7  83    0    0 271 -301  2
4218500 2850500  2 20  6   1.0 1006 208  0.8 6  3.6  85    0    0 262 -301  2
4218500 2850500  2 20  7   0.8 1006 252  0.7 6  3.6  88    0    0 254 -300  2
4218500 2850500  2 20  8   0.9 1006 358  0.8 6  3.6  88    0   11 255 -300  2
4218500 2850500  2 20  9   2.6 1007  27  0.7 7  3.7  85    8   62 263 -302  2
4218500 2850500  2 20 10   4.3 1007 204  0.8 7  3.8  78   16  126 273 -307  2
4218500 2850500  2 20 11   5.3 1007 154  1.4 7  3.7  68   37  191 276 -312  2
4218500 2850500  2 20 12   6.6 1007 218  1.6 6  3.5  60  102  242 275 -319  2
4218500 2850500  2 20 13   6.5 1008 243  1.5 5  3.3  54  147  245 269 -326  2
4218500 2850500  2 20 14   6.7 1007 207  1.7 6  3.2  52   60  233 271 -329  2
4218500 2850500  2 20 15   6.5 1007 199  1.4 7  3.2  52   21  175 282 -331  2
4218500 2850500  2 20 16   6.4 1007 134  1.3 6  3.1  52   22  129 282 -331  2
4218500 2850500  2 20 17   6.0 1007 191  1.6 8  3.1  53    5   53 287 -325  2
4218500 2850500  2 20 18   4.6 1008 158  1.2 7  3.1  56    0    0 289 -318  2
4218500 2850500  2 20 19   3.5 1008 146  1.5 6  3.1  61    0    0 278 -314  2
4218500 2850500  2 20 20   3.0 1009 128  1.6 6  3.1  65    0    0 273 -313  2
4218500 2850500  2 20 21   3.5 1009 127  2.4 6  3.3  68    0    0 273 -311  2
4218500 2850500  2 20 22   3.5 1009 130  2.8 6  3.3  68    0    0 275 -311  2
4218500 2850500  2 20 23   2.5 1009 111  3.0 6  3.3  69    0    0 273 -310  2
4218500 2850500  2 20 24   2.6 1010 112  2.5 6  3.3  72    0    0 270 -309  2
4218500 2850500  2 21  1   2.4 1010 128  2.9 6  3.3  73    0    0 269 -308  2
4218500 2850500  2 21  2   2.0 1010 121  3.5 6  3.3  74    0    0 267 -307  2
4218500 2850500  2 21  3   1.8 1010 128  2.9 5  3.3  76    0    0 263 -306  2
4218500 2850500  2 21  4   2.1 1010 120  3.1 6  3.3  75    0    0 262 -305  2
4218500 2850500  2 21  5   2.1 1010 120  3.1 7  3.3  75    0    0 268 -304  2
4218500 2850500  2 21  6   2.3 1010 109  3.3 7  3.3  74    0    0 273 -303  2
4218500 2850500  2 21  7   2.4 1010 109  4.4 8  3.4  75    0    0 277 -302  2
4218500 2850500  2 21  8   2.6 1010 119  4.6 8  3.4  76    3   14 283 -301  2
4218500 2850500  2 21  9   3.1 1010 120  4.8 7  3.5  75    9   64 281 -302  2
4218500 2850500  2 21 10   4.3 1010 120  5.6 6  3.6  72   40  139 276 -306  2
4218500 2850500  2 21 11   5.7 1010 127  5.7 6  3.7  68   95  197 276 -311  2
4218500 2850500  2 21 12   7.0 1010 123  6.2 6  3.9  66  124  231 281 -317  2
4218500 2850500  2 21 13   7.8 1009 121  6.4 5  4.0  63  169  231 280 -323  2
4218500 2850500  2 21 14   8.6 1009 133  5.9 5  4.2  62  121  229 280 -327  2
4218500 2850500  2 21 15   9.0 1009 123  5.9 5  4.4  62   61  195 284 -329  2
4218500 2850500  2 21 16   8.7 1008 122  6.3 6  4.5  63   18  124 290 -331  2
4218500 2850500  2 21 17   8.2 1007 120  6.1 6  4.4  64    4   52 295 -327  2
4218500 2850500  2 21 18   7.2 1006 130  5.7 5  4.3  65    0    0 290 -322  2
4218500 2850500  2 21 19   6.5 1006 133  6.5 5  4.2  68    0    0 286 -319  2
4218500 2850500  2 21 20   5.8 1006 140  6.3 6  4.1  70    0    0 290 -319  2
4218500 2850500  2 21 21   5.2 1005 133  5.5 7  4.2  74    0    0 298 -320  2
4218500 2850500  2 21 22   4.7 1005 132  5.1 7  4.2  78    0    0 302 -321  2
4218500 2850500  2 21 23   4.3 1005 138  4.8 7  4.2  80    0    0 302 -323  2
4218500 2850500  2 21 24   4.1 1004 140  4.6 8  4.3  84    0    0 308 -325  2
4218500 2850500  2 22  1   3.8 1004 140  2.7 8  4.7  92    0    0 315 -327  2
4218500 2850500  2 22  2   3.8 1004 151  2.8 8  4.9  97    0    0 318 -329  2
4218500 2850500  2 22  3   3.9 1003 172  2.3 8  4.9  97    0    0 318 -329  2
4218500 2850500  2 22  4   4.6 1003 213  3.0 8  5.1  97    0    0 319 -328  2
4218500 2850500  2 22  5   5.9 1003 259  4.4 8  5.5  98    0    0 324 -326  2
4218500 2850500  2 22  6   5.9 1003 248  4.0 8  5.7  98    0    0 327 -325  2
4218500 2850500  2 22  7   6.1 1003 267  4.2 8  5.8  98    0    0 328 -325  2
4218500 2850500  2 22  8   6.3 1004 271  4.1 8  5.8  97    6    9 328 -327  2
4218500 2850500  2 22  9   6.5 1004 280  3.6 6  5.8  97   28   45 315 -328  2
4218500 2850500  2 22 10   6.9 1005 271  4.2 8  5.9  95    0   83 316 -331  2
4218500 2850500  2 22 11   7.4 1005 281  4.1 7  5.9  93    0   93 323 -334  2
4218500 2850500  2 22 12   7.7 1006 273  3.6 8  5.9  90    0   47 323 -337  2
4218500 2850500  2 22 13   8.2 1007 273  3.7 8  5.9  88    0   48 330 -338  2
4218500 2850500  2 22 14   8.0 1008 271  4.2 8  5.8  86    0   53 328 -339  2
4218500 2850500  2 22 15   9.0 1008 274  4.3 5  5.6  80   38  132 314 -339  2
4218500 2850500  2 22 16   8.8 1008 278  3.1 5  5.4  75   36   92 302 -336  2
4218500 2850500  2 22 17   8.5 1008 281  2.1 6  5.1  73    6   45 303 -334  2
4218500 2850500  2 22 18   7.1 1007 295  1.5 6  5.0  76    0    0 303 -331  2
4218500 2850500  2 22 19   4.6 1008  71  3.2 6  5.0  86    0    0 296 -327  2
4218500 2850500  2 22 20   3.8 1009 116  3.0 7  4.6  88    0    0 291 -323  2
4218500 2850500  2 22 21   2.7 1009  85  3.3 7  4.4  92    0    0 296 -318  2
4218500 2850500  2 22 22   2.1 1010  91  3.4 8  4.2  93    0    0 302 -316  2
4218500 2850500  2 22 23   1.7 1010 121  3.6 8  4.1  93    0    0 301 -315  2
4218500 2850500  2 22 24   1.5 1010 158  3.7 8  4.0  92    0    0 298 -315  2
4218500 2850500  2 23  1   1.4  986 201  3.8 7  3.9  90    0    0 274 -315  2
4218500 2850500  2 23  2   1.4  987 235  3.7 7  3.8  88    0    0 275 -315  2
4218500 2850500  2 23  3   1.4  986 257  3.5 7  3.7  87    0    0 276 -315  2
4218500 2850500  2 23  4   1.2  986 255  3.1 7  3.7  87    0    0 277 -315  2
4218500 2850500  2 23  5   1.1  986 258  3.1 8  3.7  88    0    0 283 -315  2
4218500 2850500  2 23  6   0.7  986 266  2.2 8  3.7  90    0    0 290 -313  2
4218500 2850500  2 23  7   0.8  986 267  2.8 8  3.8  92    0    0 291 -313  2
4218500 2850500  2 23  8   0.9  987 309  3.3 8  3.8  92    0    8 293 -313  2
4218500 2850500  2 23  9   1.0  988 308  3.4 8  3.8  92   12   60 294 -314  2
4218500 2850500  2 23 10   1.5  988 311  3.7 7  3.8  90   10  109 289 -315  2
4218500 2850500  2 23 11   1.9  989 310  4.7 7  3.8  87    2  122 285 -315  2
4218500 2850500  2 23 12   2.5  990 309  5.0 7  3.8  84    7  162 286 -316  2
4218500 2850500  2 23 13   2.9  991 312  5.4 5  3.7  79   36  199 277 -318  2
4218500 2850500  2 23 14   3.2  991 303  5.2 5  3.6  75   15  166 269 -322  2
4218500 2850500  2 23 15   3.0  991 303  6.0 5  3.6  74   15  147 271 -322  2
4218500 2850500  2 23 16   1.6  992 310  4.9 6  3.7  81    2   90 275 -322  2
4218500 2850500  2 23 17   1.7  993 307  5.9 6  3.8  88    8   56 277 -320  2
4218500 2850500  2 23 18   0.8  993 336  5.8 8  3.8  90    0    6 285 -317  2
4218500 2850500  2 23 19   0.9  994 319  5.6 8  3.6  88    0    0 291 -315  2
4218500 2850500  2 23 20   0.7  995 315  5.3 8  3.4  83    0    0 289 -313  2
4218500 2850500  2 23 21   0.3  996 310  6.0 8  3.4  86    0    0 288 -311  2
4218500 2850500  2 23 22   0.3  997 310  6.2 7  3.5  88    0    0 281 -310  2
4218500 2850500  2 23 23   0.3  997 308  4.8 7  3.4  86    0    0 274 -308  2
4218500 2850500  2 23 24   0.3  998 309  6.8 7  3.3  84    0    0 272 -307  2
4218500 2850500  2 24  1   0.2  998 299  5.6 7  3.1  80    0    0 271 -306  2
4218500 2850500  2 24  2   0.1  998 283  6.0 7  2.9  76    0    0 269 -307  2
4218500 2850500  2 24  3   0.1  998 303  5.2 8  2.8  72    0    0 271 -307  2
4218500 2850500  2 24  4  -0.1  998 288  4.0 7  2.8  72    0    0 269 -305  2
4218500 2850500  2 24  5  -0.7  998 266  4.2 6  2.8  76    0    0 257 -305  2
4218500 2850500  2 24  6  -0.6  998 270  3.8 6  3.0  81    0    0 252 -306  2
4218500 2850500  2 24  7  -1.2  998 279  3.0 5  3.1  86    0    0 248 -309  2
4218500 2850500  2 24  8  -1.0  998 298  3.4 7  3.2  91    0   10 254 -311  2
4218500 2850500  2 24  9  -0.4  998 294  3.6 8  3.4  92   16   74 273 -312  2
4218500 2850500  2 24 10   0.4  997 319  3.7 6  3.3  87   19  136 270 -314  2
4218500 2850500  2 24 11   0.8  998 298  3.4 6  3.3  82   49  204 259 -315  2
4218500 2850500  2 24 12   1.8  997 275  3.9 7  3.3  78    8  179 264 -319  2
4218500 2850500  2 24 13   1.6  997 287  4.0 7  3.3  76    1  148 268 -323  2
4218500 2850500  2 24 14   0.4  997 303  2.8 8  3.5  85    0   86 271 -323  2
4218500 2850500  2 24 15   0.6  997 326  4.5 7  3.8  94    0   78 269 -323  2
4218500 2850500  2 24 16   1.5  997 318  4.5 6  3.8  91   11  120 260 -322  2
4218500 2850500  2 24 17   1.7  998 313  4.0 5  3.6  84   18   75 252 -319  2
4218500 2850500  2 24 18   1.2  998 323  4.8 7  3.5  82    0    9 257 -316  2
4218500 2850500  2 24 19   1.2  999 331  5.7 7  3.3  78    0    0 266 -314  2
4218500 2850500  2 24 20   0.8 1000 320  5.8 7  3.1  74    0    0 266 -312  2
4218500 2850500  2 24 21   0.4 1001 313  5.7 7  2.9  72    0    0 264 -310  2
4218500 2850500  2 24 22   0.4 1002 302  5.8 7  2.8  71    0    0 264 -309  2
4218500 2850500  2 24 23   0.5 1003 310  6.5 7  2.8  70    0    0 265 -308  2
4218500 2850500  2 24 24   0.4 1003 301  5.6 8  2.8  70    0    0 269 -307  2
4218500 2850500  2 25  1   0.6 1004 308  6.5 7  2.8  70    0    0 267 -306  2
4218500 2850500  2 25  2   0.6 1005 289  5.6 7  2.9  72    0    0 260 -305  2
4218500 2850500  2 25  3   0.2 1005 291  6.6 4  2.9  73    0    0 244 -303  2
4218500 2850500  2 25  4  -0.2 1005 300  7.4 5  2.9  76    0    0 236 -301  2
4218500 2850500  2 25  5  -0.2 1006 293  7.4 6  3.0  80    0    0 241 -300  2
4218500 2850500  2 25  6  -0.8 1007 285  5.6 3  3.0  82    0    0 234 -299  2
4218500 2850500  2 25  7  -1.2 1008 289  5.5 3  3.0  86    0    0 221 -298  2
4218500 2850500  2 25  8  -1.1 1008 280  6.1 5  3.0  87    8   18 226 -297  2
4218500 2850500  2 25  9  -0.5 1009 287  5.8 5  3.0  85   48   81 234 -299  2
4218500 2850500  2 25 10   1.0 1009 290  6.7 6  3.0  78   48  139 243 -303  2
4218500 2850500  2 25 11   1.3 1010 288  6.7 7  3.1  76   38  184 254 -309  2
4218500 2850500  2 25 12   2.4 1010 288  7.0 7  3.4  79   42  214 261 -315  2
4218500 2850500  2 25 13   3.4 1010 298  7.1 7  3.7  78   69  234 264 -321  2
4218500 2850500  2 25 14   4.4 1010 285  7.5 6  3.7  73  107  229 264 -326  2
4218500 2850500  2 25 15   4.2 1010 300  5.9 5  3.5  68   66  186 261 -326  2
4218500 2850500  2 25 16   3.9 1010 275  7.2 4  3.3  66   61  137 258 -327  2
4218500 2850500  2 25 17   3.8 1010 277  6.5 7  3.3  66   22   70 267 -326  2
4218500 2850500  2 25 18   3.6 1010 272  5.6 7  3.4  68    0    4 280 -323  2
4218500 2850500  2 25 19   3.4 1010 264  4.7 7  3.4  70    0    0 283 -320  2
4218500 2850500  2 25 20   3.4 1010 250  4.9 7  3.5  73    0    0 286 -318  2
4218500 2850500  2 25 21   3.3 1010 257  5.3 8  3.7  76    0    0 293 -317  2
4218500 2850500  2 25 22   3.3 1010 257  5.7 8  3.6  74    0    0 301 -316  2
4218500 2850500  2 25 23   3.2 1010 241  5.7 8  3.4  71    0    0 305 -316  2
4218500 2850500  2 25 24   2.4 1009 256  6.6 7  3.4  73    0    0 304 -316  2
4218500 2850500  2 26  1   1.0 1009 235  5.0 8  3.6  83    0    0 306 -316  2
4218500 2850500  2 26  2   0.8 1009 224  5.0 8  3.8  93    0    0 311 -316  2
4218500 2850500  2 26  3   0.5 1008 221  4.7 8  3.8  95    0    0 311 -316  2
4218500 2850500  2 26  4   0.6 1008 227  5.1 7  3.8  96    0    0 308 -316  2
4218500 2850500  2 26  5   0.9 1007 224  5.2 7  3.9  96    0    0 305 -318  2
4218500 2850500  2 26  6   1.0 1007 235  5.1 8  3.9  96    0    0 311 -322  2
4218500 2850500  2 26  7   1.7 1006 234  4.9 8  4.1  98    0    0 317 -323  2
4218500 2850500  2 26  8   1.9 1006 235  4.7 8  4.2  97    0    5 320 -323  2
4218500 2850500  2 26  9   2.1 1006 228  4.7 8  4.2  96    0   31 320 -324  2
4218500 2850500  2 26 10   2.5 1006 239  4.5 7  4.3  96    0   61 316 -325  2
4218500 2850500  2 26 11   3.3 1006 245  4.1 8  4.5  96    0   70 318 -328  2
4218500 2850500  2 26 12   3.9 1006 242  4.8 8  4.7  96    0   73 325 -331  2
4218500 2850500  2 26 13   4.9 1006 263  5.6 8  5.0  94    0   83 326 -335  2
4218500 2850500  2 26 14   5.2 1006 258  5.7 8  5.1  93    0   71 327 -338  2
4218500 2850500  2 26 15   5.9 1006 257  5.1 7  5.2  91    0   73 323 -338  2
4218500 2850500  2 26 16   6.2 1006 258  5.5 8  5.2  89    0   57 323 -336  2
4218500 2850500  2 26 17   6.4 1006 254  4.3 8  5.2  87    0   21 325 -335  2
4218500 2850500  2 26 18   6.2 1006 237  4.1 8  5.3  89    0    0 323 -334  2
4218500 2850500  2 26 19   6.3 1006 261  4.8 8  5.6  93    0    0 323 -334  2
4218500 2850500  2 26 20   6.2 1007 247  4.1 8  5.6  95    0    0 323 -333  2
4218500 2850500  2 26 21   6.2 1007 246  4.4 8  5.7  95    0    0 322 -332  2
4218500 2850500  2 26 22   6.3 1007 246  3.1 8  5.7  96    0    0 320 -329  2
4218500 2850500  2 26 23   6.3 1007 236  2.7 8  5.7  95    0    0 319 -324  2
4218500 2850500  2 26 24   6.4 1007 241  2.6 8  5.7  94    0    0 317 -320  2
4218500 2850500  2 27  1   6.6 1007 277  3.4 8  5.7  93    0    0 316 -317  2
4218500 2850500  2 27  2   6.7 1007 235  2.0 8  5.6  92    0    0 315 -316  2
4218500 2850500  2 27  3   6.3 1007 208  2.6 8  5.4  90    0    0 312 -315  2
4218500 2850500  2 27  4   6.0 1006 212  2.6 8  5.1  87    0    0 310 -315  2
4218500 2850500  2 27  5   5.9 1006 208  2.4 8  4.9  84    0    0 307 -315  2
4218500 2850500  2 27  6   5.9 1006 179  2.0 7  4.7  82    0    0 304 -315  2
4218500 2850500  2 27  7   5.0 1006 187  2.5 4  4.6  81    0    0 291 -314  2
4218500 2850500  2 27  8   3.8 1006 195  3.2 2  4.3  83   15   14 271 -313  2
4218500 2850500  2 27  9   4.5 1006 185  2.8 3  4.1  80  118   53 263 -313  2
4218500 2850500  2 27 10   5.7 1006 205  4.6 2  4.1  74  249   67 263 -315  2
4218500 2850500  2 27 11   8.0 1005 215  3.8 2  4.1  66  357   71 262 -322  2
4218500 2850500  2 27 12   9.5 1006 217  4.0 3  4.1  59  402   85 269 -333  2
4218500 2850500  2 27 13  11.1 1006 213  4.8 3  4.1  52  417   89 276 -343  2
4218500 2850500  2 27 14  11.8 1005 231  5.6 3  4.1  48  385   92 279 -349  2
4218500 2850500  2 27 15  12.3 1005 208  5.8 2  4.0  46  297   96 279 -351  2
4218500 2850500  2 27 16  12.7 1005 222  5.8 1  4.0  44  203   78 276 -349  2
4218500 2850500  2 27 17  12.1 1004 227  5.7 2  4.1  46   75   58 278 -345  2
4218500 2850500  2 27 18  10.8 1004 244  4.2 1  4.2  49    3   12 276 -339  2
4218500 2850500  2 27 19  10.0 1005 279  3.9 6  4.2  53    0    0 286 -334  2
4218500 2850500  2 27 20   9.1 1005 283  3.3 8  4.4  59    0    0 306 -331  2
4218500 2850500  2 27 21   9.3 1006 260  3.4 8  4.6  63    0    0 314 -332  2
4218500 2850500  2 27 22   9.0 1006 242  3.8 7  4.6  64    0    0 311 -334  2
4218500 2850500  2 27 23   8.6 1007 234  3.4 7  4.6  65    0    0 308 -334  2
4218500 2850500  2 27 24   8.4 1007 242  4.3 7  4.7  68    0    0 310 -333  2
4218500 2850500  2 28  1   7.8 1007 246  3.9 7  4.8  71    0    0 312 -332  2
4218500 2850500  2 28  2   7.4 1007 220  3.6 7  4.8  73    0    0 312 -332  2
4218500 2850500  2 28  3   6.9 1007 222  3.6 7  4.8  76    0    0 312 -332  2
4218500 2850500  2 28  4   7.1 1007 253  4.5 7  4.8  77    0    0 313 -333  2
4218500 2850500  2 28  5   7.6 1007 266  5.3 7  4.9  77    0    0 315 -334  2
4218500 2850500  2 28  6   6.7 1008 253  3.8 7  5.2  82    0    0 316 -333  2
4218500 2850500  2 28  7   6.0 1009 246  3.5 6  5.2  87    0    0 310 -329  2
4218500 2850500  2 28  8   5.8 1010 256  3.5 5  5.1  87   20   13 297 -325  2
4218500 2850500  2 28  9   6.4 1011 249  4.3 4  5.0  86  125   52 285 -326  2
4218500 2850500  2 28 10   7.5 1012 271  6.6 1  4.9  80  246   68 264 -330  2
4218500 2850500  2 28 11   7.9 1012 263  7.5 0  4.7  72  313   91 244 -335  2
4218500 2850500  2 28 12   8.2 1013 263  7.4 4  4.4  66   88  198 263 -341  2
4218500 2850500  2 28 13   9.3 1013 270  5.7 4  4.3  61   90  207 287 -346  2
4218500 2850500  2 28 14   9.5 1013 264  6.1 3  4.3  59  182  179 282 -350  2
4218500 2850500  2 28 15  10.9 1014 268  6.6 3  4.3  55  147  152 277 -351  2
4218500 2850500  2 28 16  10.8 1014 270  5.6 2  4.2  52  139  105 273 -349  2
4218500 2850500  2 28 17  10.1 1014 246  5.6 2  4.0  51   78   57 266 -344  2
4218500 2850500  2 28 18   8.9 1013 237  4.2 4  3.9  53    8   12 270 -338  2
4218500 2850500  2 28 19   7.7 1013 202  3.8 3  4.0  58    0    0 270 -332  2
4218500 2850500  2 28 20   6.4 1013 199  3.3 4  4.0  64    0    0 265 -329  2
4218500 2850500  2 28 21   6.0 1012 212  4.0 5  4.0  68    0    0 269 -328  2
4218500 2850500  2 28 22   5.6 1012 217  4.8 2  4.0  70    0    0 262 -326  2
4218500 2850500  2 28 23   5.6 1012 211  5.0 2  4.0  71    0    0 251 -325  2
4218500 2850500  2 28 24   5.5 1011 207  5.3 1  4.0  71    0    0 250 -326  2
4218500 2850500  3  1  1   5.3 1010 216  6.7 6  4.0  72    0    0 282 -328  2
4218500 2850500  3  1  2   5.3 1010 205  7.0 7  4.0  73    0    0 286 -328  2
4218500 2850500  3  1  3   5.4 1008 207  7.3 8  4.1  74    0    0 298 -329  2
4218500 2850500  3  1  4   6.0 1007 226  7.8 8  4.1  72    0    0 306 -330  2
4218500 2850500  3  1  5   5.9 1006 216  7.7 8  4.2  73    0    0 309 -331  2
4218500 2850500  3  1  6   6.1 1005 222  7.4 8  4.4  75    0    0 311 -331  2
4218500 2850500  3  1  7   6.1 1005 228  7.1 8  4.6  77    0    0 315 -331  2
4218500 2850500  3  1  8   5.8 1005 227  6.2 8  4.7  81    0   10 317 -331  2
4218500 2850500  3  1  9   5.7 1004 221  7.4 8  4.9  85    0   48 318 -332  2
4218500 2850500  3  1 10   6.4 1004 227  7.0 7  5.0  85    0   79 313 -334  2
4218500 2850500  3  1 11   6.4 1004 221  7.4 7  5.1  85    0   80 309 -337  2
4218500 2850500  3  1 12   6.4 1003 214  7.4 7  5.3  88    0  102 312 -340  2
4218500 2850500  3  1 13   6.4 1002 215  6.8 8  5.5  90    0   80 319 -340  2
4218500 2850500  3  1 14   6.8 1001 207  6.3 8  5.6  91    0   88 327 -340  2
4218500 2850500  3  1 15   7.2 1000 219  6.8 8  5.8  91    0   55 329 -341  2
4218500 2850500  3  1 16   7.7  998 226  7.9 7  5.9  90    0   51 328 -341  2
4218500 2850500  3  1 17   7.7  997 220  9.3 7  5.9  88    0   28 325 -341  2
4218500 2850500  3  1 18   7.6  996 220  9.7 8  5.9  89    0    3 333 -341  2
4218500 2850500  3  1 19   7.7  995 235  8.4 8  6.0  91    0    0 341 -341  2
4218500 2850500  3  1 20   8.1  995 226  9.9 8  6.2  92    0    0 343 -342  2
4218500 2850500  3  1 21   8.3  995 247  9.1 8  6.4  93    0    0 345 -344  2
4218500 2850500  3  1 22   8.3  996 312  8.1 7  6.2  90    0    0 339 -345  2
4218500 2850500  3  1 23   5.7  998 302  7.9 7  5.5  86    0    0 328 -344  2
4218500 2850500  3  1 24   4.9  999 321  6.3 7  4.8  86    0    0 321 -341  2
4218500 2850500  3  2  1   5.1 1000 285  6.3 7  4.7  85    0    0 319 -337  2
4218500 2850500  3  2  2   4.8 1001 297  6.1 7  4.5  83    0    0 318 -334  2
4218500 2850500  3  2  3   4.7 1002 293  6.8 7  4.3  81    0    0 316 -332  2
4218500 2850500  3  2  4   4.6 1002 270  6.0 7  4.3  81    0    0 313 -329  2
4218500 2850500  3  2  5   4.5 1002 266  6.0 6  4.3  80    0    0 304 -325  2
4218500 2850500  3  2  6   3.9 1002 263  5.8 5  4.2  80    0    0 284 -322  2
4218500 2850500  3  2  7   4.0 1002 267  5.0 3  4.1  81    0    0 258 -321  2
4218500 2850500  3  2  8   3.7 1003 270  4.8 3  4.2  82   20   29 245 -322  2
4218500 2850500  3  2  9   4.5 1003 269  5.7 3  4.1  80   94   66 247 -327  2
4218500 2850500  3  2 10   4.9 1003 285  6.6 4  4.1  77  143  110 258 -331  2
4218500 2850500  3  2 11   5.5 1003 271  6.0 4  4.1  74  162  155 267 -335  2
4218500 2850500  3  2 12   6.7 1003 255  6.3 4  4.1  69  199  176 269 -339  2
4218500 2850500  3  2 13   8.2 1004 272  5.2 3  4.2  65  263  158 264 -342  2
4218500 2850500  3  2 14   8.2 1003 257  5.2 3  4.1  60  206  186 258 -343  2
4218500 2850500  3  2 15   8.5 1002 260  4.5 6  4.0  58  105  170 280 -343  2
4218500 2850500  3  2 16   8.2 1001 243  4.2 7  4.1  59    8  117 311 -343  2
4218500 2850500  3  2 17   7.7 1001 240  3.6 8  4.3  64    0   45 326 -344  2
4218500 2850500  3  2 18   7.3 1000 210  2.8 8  4.5  69    0    5 334 -348  2
4218500 2850500  3  2 19   6.8  999 171  2.5 8  4.9  78    0    0 333 -351  2
4218500 2850500  3  2 20   6.6  998 152  1.9 8  5.4  87    0    0 335 -353  2
4218500 2850500  3  2 21   6.2  997 148  2.3 8  5.6  92    0    0 337 -354  2
4218500 2850500  3  2 22   6.4  997 163  3.5 8  5.8  95    0    0 339 -355  2
4218500 2850500  3  2 23   6.4  995 152  3.1 8  5.9  97    0    0 341 -355  2
4218500 2850500  3  2 24   6.9  995 167  2.7 8  6.1  98    0    0 343 -355  2
4218500 2850500  3  3  1   8.3  994 251  5.6 8  6.5  99    0    0 348 -355  2
4218500 2850500  3  3  2  10.3  993 243  5.6 8  7.4  99    0    0 354 -355  2
4218500 2850500  3  3  3  10.1  993 222  4.3 7  7.7  98    0    0 350 -355  2
4218500 2850500  3  3  4   9.9  993 225  5.7 7  7.5  95    0    0 343 -355  2
4218500 2850500  3  3  5  10.0  992 214  6.5 7  7.2  93    0    0 344 -355  2
4218500 2850500  3  3  6  10.2  992 213  6.6 7  7.1  90    0    0 344 -354  2
4218500 2850500  3  3  7  10.3  991 218  6.1 7  7.0  87    0    0 344 -354  2
4218500 2850500  3  3  8  10.6  991 218  6.0 8  6.9  86    0   10 350 -353  2
4218500 2850500  3  3  9  10.6  991 215  6.2 7  7.0  86    0   64 349 -353  2
4218500 2850500  3  3 10  11.2  991 224  6.0 6  7.1  85   32  129 338 -353  2
4218500 2850500  3  3 11  12.0  991 214  7.1 7  7.1  81    0  111 338 -355  2
4218500 2850500  3  3 12  11.6  991 214  7.1 7  7.1  80    0  119 343 -358  2
4218500 2850500  3  3 13  11.1  991 218  5.6 7  7.0  82    0  117 339 -361  2
4218500 2850500  3  3 14   8.1  992 278  3.3 8  6.6  87    0   59 339 -363  2
4218500 2850500  3  3 15   8.2  992 233  3.5 7  6.4  93    0   55 333 -362  2
4218500 2850500  3  3 16   8.6  992 205  5.0 8  6.5  93    0   45 331 -361  2
4218500 2850500  3  3 17   8.7  991 202  4.4 7  6.6  92    0   34 330 -360  2
4218500 2850500  3  3 18   8.3  991 187  3.8 7  6.5  91    0    5 320 -358  2
4218500 2850500  3  3 19   7.8  991 186  3.0 6  6.3  92    0    0 309 -354  2
4218500 2850500  3  3 20   7.4  991 197  3.7 6  6.3  95    0    0 300 -349  2
4218500 2850500  3  3 21   7.5  992 198  2.8 6  6.4  97    0    0 296 -345  2
4218500 2850500  3  3 22   6.9  992 200  3.2 4  6.1  95    0    0 281 -342  2
4218500 2850500  3  3 23   6.0  992 180  1.8 4  5.8  94    0    0 263 -339  2
4218500 2850500  3  3 24   6.0  992 163  1.8 6  5.7  95    0    0 271 -338  2
4218500 2850500  3  4  1   5.6  992 156  3.2 6  5.5  95    0    0 281 -339  2
4218500 2850500  3  4  2   5.8  992 172  2.7 6  5.5  94    0    0 278 -341  2
4218500 2850500  3  4  3   5.8  992 169  2.8 7  5.5  95    0    0 287 -342  2
4218500 2850500  3  4  4   6.8  991 165  3.0 8  5.6  92    0    0 307 -343  2
4218500 2850500  3  4  5   6.7  990 142  1.9 8  5.6  90    0    0 317 -342  2
4218500 2850500  3  4  6   6.4  990 144  2.3 7  5.6  91    0    0 307 -340  2
4218500 2850500  3  4  7   6.2  989 128  2.5 7  5.6  92    0    0 296 -339  2
4218500 2850500  3  4  8   6.3  989 140  2.5 7  5.6  92    0   24 296 -338  2
4218500 2850500  3  4  9   7.1  989 141  1.3 7  5.7  92    0   49 297 -341  2
4218500 2850500  3  4 10   7.5  989 207  1.4 8  5.9  90    1  107 307 -347  2
4218500 2850500  3  4 11   8.8  989 109  2.0 6  5.9  86   62  200 302 -353  2
4218500 2850500  3  4 12  10.0  988 138  2.3 7  6.2  82   91  232 300 -357  2
4218500 2850500  3  4 13  11.0  988 197  2.4 6  6.4  79  121  242 306 -357  2
4218500 2850500  3  4 14  12.0  988 117  1.7 6  6.4  73   53  221 302 -356  2
4218500 2850500  3  4 15  11.6  987 188  1.4 7  6.2  70    3  141 312 -356  2
4218500 2850500  3  4 16  11.9  987 137  1.1 7  6.2  71   16  131 320 -354  2
4218500 2850500  3  4 17  11.4  987 304  0.5 7  6.3  72    8   78 321 -353  2
4218500 2850500  3  4 18  10.5  987 119  1.2 7  6.2  74    0   12 318 -350  2
4218500 2850500  3  4 19   9.8  988  19  1.6 8  6.3  79    0    0 322 -348  2
4218500 2850500  3  4 20   8.9  988   6  1.0 8  6.1  82    0    0 327 -346  2
4218500 2850500  3  4 21   8.7  988 289  1.0 8  6.1  85    0    0 324 -346  2
4218500 2850500  3  4 22   7.2  988  60  2.0 7  6.0  88    0    0 313 -345  2
4218500 2850500  3  4 23   7.1  987  33  1.6 8  5.8  90    0    0 311 -345  2
4218500 2850500  3  4 24   6.3  987  13  1.4 8  5.8  92    0    0 318 -344  2
4218500 2850500  3  5  1   7.0  987 310  2.6 7  5.9  94    0    0 311 -344  2
4218500 2850500  3  5  2   7.4  986  68  2.5 7  6.0  92    0    0 307 -344  2
4218500 2850500  3  5  3   7.3  986  25  3.0 7  6.0  92    0    0 309 -343  2
4218500 2850500  3  5  4   6.5  985 359  2.5 8  5.9  93    0    0 315 -341  2
4218500 2850500  3  5  5   5.8  985  11  1.0 7  5.7  94    0    0 312 -339  2
4218500 2850500  3  5  6   4.9  985  16  1.8 7  5.6  97    0    0 300 -337  2
4218500 2850500  3  5  7   4.3  984 295  1.5 6  5.4  99    0    0 288 -335  2
4218500 2850500  3  5  8   4.7  984 343  2.0 8  5.4  99    0    7 295 -335  2
4218500 2850500  3  5  9   5.0  984 354  1.3 8  5.5  99    0   68 315 -337  2
4218500 2850500  3  5 10   5.8  984 309  2.7 7  5.7  98    0   72 307 -340  2
4218500 2850500  3  5 11   6.2  984 233  1.9 8  6.0  99    0   68 309 -345  2
4218500 2850500  3  5 12   6.2  985 242  3.0 7  6.0  99    0  102 309 -350  2
4218500 2850500  3  5 13   6.5  985 249  3.3 7  6.1  99    0  124 301 -353  2
4218500 2850500  3  5 14   7.0  985 277  3.0 7  6.2  99    0   83 303 -355  2
4218500 2850500  3  5 15   7.1  985 266  4.5 8  6.3  97    0   55 309 -354  2
4218500 2850500  3  5 16   6.4  985 268  4.7 8  5.9  94    0   40 310 -352  2
4218500 2850500  3  5 17   5.8  985 255  5.1 7  5.6  93    0   28 298 -348  2
4218500 2850500  3  5 18   5.3  986 267  4.3 8  5.4  93    0   11 293 -342  2
4218500 2850500  3  5 19   5.1  986 280  3.1 8  5.3  93    0    0 295 -337  2
4218500 2850500  3  5 20   5.0  987 254  3.2 8  5.2  94    0    0 295 -334  2
4218500 2850500  3  5 21   4.8  987 260  3.8 8  5.3  96    0    0 296 -333  2
4218500 2850500  3  5 22   5.3  987 249  3.5 8  5.4  97    0    0 298 -331  2
4218500 2850500  3  5 23   5.3  987 219  3.3 8  5.5  96    0    0 300 -328  2
4218500 2850500  3  5 24   5.2  987 212  3.5 8  5.5  97    0    0 302 -325  2
4218500 2850500  3  6  1   5.4  987 239  4.0 8  5.6  98    0    0 303 -322  2
4218500 2850500  3  6  2   5.5  987 230  4.1 8  5.7  99    0    0 306 -319  2
4218500 2850500  3  6  3   5.2  987 236  3.8 8  5.6  98    0    0 306 -316  2
4218500 2850500  3  6  4   5.1  988 237  4.1 8  5.4  96    0    0 304 -315  2
4218500 2850500  3  6  5   4.7  988 239  4.7 8  5.2  94    0    0 302 -315  2
4218500 2850500  3  6  6   4.2  988 236  4.9 8  4.9  91    0    0 298 -315  2
4218500 2850500  3  6  7   4.0  988 240  4.9 8  4.6  89    0    0 296 -315  2
4218500 2850500  3  6  8   4.0  989 229  4.3 7  4.5  87    0   23 289 -315  2
4218500 2850500  3  6  9   4.0  989 225  5.3 8  4.5  87    0   53 288 -316  2
4218500 2850500  3  6 10   4.7  989 244  5.3 6  4.6  86   37  163 283 -322  2
4218500 2850500  3  6 11   6.1  990 246  6.3 6  4.7  82   37  208 275 -332  2
4218500 2850500  3  6 12   5.8  990 221  6.2 7  4.7  79    0   86 283 -338  2
4218500 2850500  3  6 13   6.1  991 237  5.7 8  4.7  79    0   86 293 -344  2
4218500 2850500  3  6 14   7.0  991 244  7.5 7  4.6  74    3  162 293 -349  2
4218500 2850500  3  6 15   7.3  991 256  6.0 6  4.5  69    7  162 284 -347  2
4218500 2850500  3  6 16   7.1  992 233  4.4 6  4.5  70   10  132 279 -346  2
4218500 2850500  3  6 17   6.4  992 233  5.9 7  4.6  74    4   77 280 -343  2
4218500 2850500  3  6 18   4.5  992 215  4.3 6  4.5  79    0   12 274 -335  2
4218500 2850500  3  6 19   4.2  993 209  4.7 4  4.4  84    0    0 257 -327  2
4218500 2850500  3  6 20   4.6  993 211  4.5 4  4.5  85    0    0 248 -322  2
4218500 2850500  3  6 21   3.8  993 204  4.3 3  4.4  85    0    0 243 -319  2
4218500 2850500  3  6 22   4.1  993 209  4.2 6  4.3  84    0    0 250 -317  2
4218500 2850500  3  6 23   4.4  994 210  4.7 7  4.3  81    0    0 268 -315  2
4218500 2850500  3  6 24   4.0  994 208  4.3 6  4.1  79    0    0 266 -315  2
4218500 2850500  3  7  1   3.9  994 218  4.8 5  4.0  79    0    0 257 -315  2
4218500 2850500  3  7  2   3.1  995 213  4.1 4  4.0  80    0    0 248 -314  2
4218500 2850500  3  7  3   2.2  995 207  3.8 0  3.8  81    0    0 225 -313  2
4218500 2850500  3  7  4   1.5  995 203  3.3 0  3.7  83    0    0 208 -312  2
4218500 2850500  3  7  5   1.3  996 204  3.5 0  3.7  86    0    0 208 -311  2
4218500 2850500  3  7  6   1.1  996 201  3.0 0  3.6  86    0    0 207 -311  2
4218500 2850500  3  7  7   0.5  997 190  3.6 0  3.6  88    0    0 205 -312  2
4218500 2850500  3  7  8   0.5  997 191  3.7 1  3.5  89   31   39 210 -312  2
4218500 2850500  3  7  9   1.9  998 208  3.3 1  3.6  86  122   88 218 -313  2
4218500 2850500  3  7 10   3.3  999 210  3.0 2  3.8  82  206  124 227 -316  2
4218500 2850500  3  7 11   4.5  999 194  3.5 4  3.9  76  148  200 243 -324  2
4218500 2850500  3  7 12   5.0 1000 187  3.7 6  4.0  74   67  235 262 -335  2
4218500 2850500  3  7 13   6.5 1000 196  4.0 6  4.1  70  164  244 274 -343  2
4218500 2850500  3  7 14   6.8 1001 192  4.5 6  3.9  63  197  224 277 -347  2
4218500 2850500  3  7 15   7.9 1001 191  4.0 5  3.7  58  152  198 276 -348  2
4218500 2850500  3  7 16   7.2 1001 206  3.2 5  3.6  56   68  154 271 -345  2
4218500 2850500  3  7 17   7.3 1001 212  2.4 4  3.5  55   53   92 265 -342  2
4218500 2850500  3  7 18   6.6 1002 224  1.5 5  3.4  55    8   28 262 -337  2
4218500 2850500  3  7 19   5.5 1001 203  2.2 4  3.5  59    0    0 258 -332  2
4218500 2850500  3  7 20   4.4 1002 186  1.2 4  3.6  65    0    0 249 -329  2
4218500 2850500  3  7 21   4.1 1002 236  0.9 3  3.5  68    0    0 240 -328  2
4218500 2850500  3  7 22   3.3 1003 277  1.5 5  3.5  71    0    0 244 -327  2
4218500 2850500  3  7 23   2.4 1003 350  0.4 5  3.5  75    0    0 253 -323  2
4218500 2850500  3  7 24   1.6 1003 320  0.7 2  3.5  79    0    0 239 -321  2
4218500 2850500  3  8  1   1.1 1003 331  1.1 2  3.4  81    0    0 223 -323  2
4218500 2850500  3  8  2   0.2 1003 293  0.6 3  3.3  83    0    0 226 -324  2
4218500 2850500  3  8  3   0.7 1004 286  0.9 5  3.4  85    0    0 240 -325  2
4218500 2850500  3  8  4   0.3 1003 325  1.8 7  3.4  85    0    0 262 -325  2
4218500 2850500  3  8  5   0.2 1003 291  0.9 7  3.3  86    0    0 271 -325  2
4218500 2850500  3  8  6   0.4 1003 267  0.6 7  3.3  85    0    0 272 -325  2
4218500 2850500  3  8  7   1.8 1003 311  2.6 8  3.5  84    0    0 278 -324  2
4218500 2850500  3  8  8   1.4 1003 314  2.4 7  3.6  84    5   28 279 -322  2
4218500 2850500  3  8  9   2.6 1003 298  3.0 7  3.5  80   18   82 273 -324  2
4218500 2850500  3  8 10   3.1 1003 300  3.1 6  3.6  76   66  127 269 -331  2
4218500 2850500  3  8 11   4.3 1003 307  3.1 6  3.7  74  144  141 266 -340  2
4218500 2850500  3  8 12   5.5 1003 285  3.7 5  3.7  68  119  178 265 -347  2
4218500 2850500  3  8 13   5.5 1003 311  3.8 6  3.6  63   18  186 266 -352  2
4218500 2850500  3  8 14   6.1 1003 298  3.2 6  3.6  62   12  167 271 -355  2
4218500 2850500  3  8 15   6.5 1002 295  3.0 6  3.6  61   21  156 274 -356  2
4218500 2850500  3  8 16   6.3 1002 306  2.9 5  3.7  61   23  119 274 -354  2
4218500 2850500  3  8 17   5.6 1002  40  2.6 5  3.7  64   34   71 271 -348  2
4218500 2850500  3  8 18   4.1 1002  29  2.3 6  3.7  68   12   23 269 -342  2
4218500 2850500  3  8 19   3.2 1002  87  1.8 5  3.6  72    0    0 264 -337  2
4218500 2850500  3  8 20   2.2 1002 151  1.3 4  3.6  76    0    0 252 -334  2
4218500 2850500  3  8 21   2.0 1002 136  1.2 2  3.6  81    0    0 230 -333  2
4218500 2850500  3  8 22   0.8 1002 116  2.1 0  3.6  84    0    0 196 -332  2
4218500 2850500  3  8 23   1.3 1002 112  1.7 0  3.6  86    0    0 174 -332  2
4218500 2850500  3  8 24   0.3 1002 114  1.8 0  3.6  88    0    0 173 -332  2
4218500 2850500  3  9  1  -0.2 1002 121  2.5 1  3.4  89    0    0 181 -332  2
4218500 2850500  3  9  2  -0.8 1002 105  1.3 2  3.3  90    0    0 197 -332  2
4218500 2850500  3  9  3  -1.3 1002  95  1.8 3  3.3  93    0    0 214 -333  2
4218500 2850500  3  9  4  -0.7 1001 120  2.8 5  3.4  95    0    0 241 -333  2
4218500 2850500  3  9  5   0.1 1001 117  3.0 7  3.6  95    0    0 274 -333  2
4218500 2850500  3  9  6   0.1 1001 127  3.3 7  3.5  91    0    0 291 -333  2
4218500 2850500  3  9  7   0.5 1000 135  3.5 7  3.5  89    0    0 292 -334  2
4218500 2850500  3  9  8   1.7 1000 133  3.4 7  3.6  86    3   39 295 -334  2
4218500 2850500  3  9  9   2.2 1000 124  3.6 7  3.6  82    3   87 297 -335  2
4218500 2850500  3  9 10   2.8 1000 134  3.9 7  3.7  81    4  142 299 -338  2
4218500 2850500  3  9 11   3.2 1000 108  3.0 8  4.0  84    0  119 307 -340  2
4218500 2850500  3  9 12   3.3 1000 124  3.3 8  4.2  86    0   97 314 -341  2
4218500 2850500  3  9 13   4.1 1000 138  4.4 8  4.2  84    0   90 315 -341  2
4218500 2850500  3  9 14   4.1 1000 139  3.8 8  4.3  83    0   61 317 -341  2
4218500 2850500  3  9 15   4.2 1000 148  3.6 8  4.4  84    0   64 316 -341  2
4218500 2850500  3  9 16   4.5 1001 139  2.9 7  4.5  85    0   53 309 -340  2
4218500 2850500  3  9 17   4.5 1001 126  3.1 7  4.5  85    0   62 301 -338  2
4218500 2850500  3  9 18   4.5 1001 117  2.9 8  4.5  86    0   17 306 -337  2
4218500 2850500  3  9 19   4.2 1002 126  3.3 8  4.5  86    0    0 311 -336  2
4218500 2850500  3  9 20   4.1 1002 128  2.8 8  4.5  88    0    0 309 -336  2
4218500 2850500  3  9 21   4.1 1002 129  2.6 8  4.6  89    0    0 309 -335  2
4218500 2850500  3  9 22   4.0 1002 128  2.5 8  4.6  90    0    0 310 -335  2
4218500 2850500  3  9 23   4.4 1003 147  2.6 8  4.6  88    0    0 311 -335  2
4218500 2850500  3  9 24   4.8 1003 171  2.8 8  4.6  84    0    0 311 -335  2
4218500 2850500  3 10  1   5.1 1009 202  3.0 8  4.5  80    0    0 309 -334  2
4218500 2850500  3 10  2   5.3 1009 231  3.2 8  4.3  77    0    0 308 -334  2
4218500 2850500  3 10  3   5.1 1009 247  3.3 8  4.2  75    0    0 307 -333  2
4218500 2850500  3 10  4   4.6 1009 240  3.2 7  4.2  77    0    0 298 -331  2
4218500 2850500  3 10  5   4.4 1008 230  3.1 7  4.2  78    0    0 290 -330  2
4218500 2850500  3 10  6   3.7 1008 213  3.3 7  4.1  81    0    0 288 -327  2
4218500 2850500  3 10  7   3.8 1008 216  3.5 7  4.2  83    0    7 289 -322  2
4218500 2850500  3 10  8   4.7 1008 209  3.7 6  4.3  83   21   44 284 -318  2
4218500 2850500  3 10  9   6.0 1008 204  4.3 4  4.4  78  117  113 267 -321  2
4218500 2850500  3 10 10   8.1 1008 213  5.7 4  4.3  69  191  155 258 -330  2
4218500 2850500  3 10 11   9.8 1008 213  6.5 5  4.3  60  253  192 270 -340  2
4218500 2850500  3 10 12  10.6 1008 219  7.5 5  4.1  52  226  244 280 -349  2
4218500 2850500  3 10 13  10.9 1007 222  6.7 6  3.8  47   57  272 286 -354  2
4218500 2850500  3 10 14  10.9 1006 220  8.7 6  3.6  45   67  266 292 -357  2
4218500 2850500  3 10 15  10.9 1005 234  7.4 6  3.7  46   25  206 292 -361  2
4218500 2850500  3 10 16  10.5 1005 243  7.7 7  3.7  46    0   64 299 -361  2
4218500 2850500  3 10 17  10.0 1005 219  6.9 7  3.7  47    0   31 304 -355  2
4218500 2850500  3 10 18   9.5 1005 241  6.6 8  3.8  50    0   12 309 -348  2
4218500 2850500  3 10 19   9.3 1005 235  5.7 7  3.8  52    0    0 310 -341  2
4218500 2850500  3 10 20   9.0 1005 230  6.1 7  3.9  54    0    0 305 -337  2
4218500 2850500  3 10 21   9.0 1004 230  6.0 8  3.9  55    0    0 311 -334  2
4218500 2850500  3 10 22   8.9 1004 230  7.1 8  3.9  54    0    0 318 -330  2
4218500 2850500  3 10 23   8.8 1003 230  7.1 8  3.9  55    0    0 317 -327  2
4218500 2850500  3 10 24   8.7 1003 233  6.7 7  4.1  57    0    0 312 -326  2
4218500 2850500  3 11  1   8.3 1003 228  7.7 7  4.1  59    0    0 306 -325  2
4218500 2850500  3 11  2   8.3 1003 234  7.9 7  4.2  61    0    0 307 -325  2
4218500 2850500  3 11  3   7.5 1002 262  7.8 8  4.5  68    0    0 313 -326  2
4218500 2850500  3 11  4   6.7 1003 251  5.9 8  4.6  73    0    0 318 -326  2
4218500 2850500  3 11  5   6.1 1003 252  6.0 8  4.6  77    0    0 317 -326  2
4218500 2850500  3 11  6   5.8 1003 260  5.7 8  4.7  80    0    0 317 -325  2
4218500 2850500  3 11  7   5.6 1004 250  4.6 7  4.7  82    0    5 311 -324  2
4218500 2850500  3 11  8   6.3 1005 268  5.3 7  4.8  82   12   34 306 -325  2
4218500 2850500  3 11  9   6.6 1006 252  4.6 7  4.9  80    9   93 308 -328  2
4218500 2850500  3 11 10   7.3 1006 261  6.1 6  4.8  77   38  152 303 -333  2
4218500 2850500  3 11 11   8.0 1007 264  5.8 6  4.7  71   60  194 299 -339  2
4218500 2850500  3 11 12   8.9 1008 281  6.2 5  4.2  61  143  205 294 -344  2
4218500 2850500  3 11 13  10.6 1009 295  7.2 5  3.7  49   98  224 291 -348  2
4218500 2850500  3 11 14   9.4 1009 265  7.1 6  3.6  46    4  175 296 -351  2
4218500 2850500  3 11 15   9.6 1009 265  6.5 4  3.6  48   35  182 290 -353  2
4218500 2850500  3 11 16   9.6 1009 271  7.8 4  3.5  46   64  143 280 -353  2
4218500 2850500  3 11 17   9.2 1009 263  5.5 4  3.3  45   29   89 279 -351  2
4218500 2850500  3 11 18   8.1 1009 265  3.8 6  3.3  48    1   23 284 -345  2
4218500 2850500  3 11 19   6.7 1009 247  4.3 5  3.3  52    0    0 282 -338  2
4218500 2850500  3 11 20   6.5 1010 253  3.5 5  3.4  57    0    0 276 -331  2
4218500 2850500  3 11 21   5.8 1010 241  3.2 3  3.5  60    0    0 266 -326  2
4218500 2850500  3 11 22   4.8 1010 244  3.1 2  3.6  65    0    0 252 -322  2
4218500 2850500  3 11 23   4.0 1011 242  3.2 3  3.7  71    0    0 248 -318  2
4218500 2850500  3 11 24   2.8 1011 233  3.2 1  3.7  76    0    0 240 -315  2
4218500 2850500  3 12  1   2.7 1011 213  2.8 0  3.7  79    0    0 225 -314  2
4218500 2850500  3 12  2   1.9 1011 209  2.6 0  3.7  83    0    0 218 -313  2
4218500 2850500  3 12  3   1.7 1011 200  2.8 0  3.7  86    0    0 215 -312  2
4218500 2850500  3 12  4   0.8 1011 199  2.8 0  3.7  89    0    0 211 -312  2
4218500 2850500  3 12  5   0.5 1011 180  2.5 0  3.6  91    0    0 207 -312  2
4218500 2850500  3 12  6  -0.1 1010 186  2.7 0  3.6  93    0    0 206 -313  2
4218500 2850500  3 12  7   0.6 1010 170  2.7 3  3.7  94    0    8 218 -313  2
4218500 2850500  3 12  8   2.2 1010 178  2.5 4  3.9  92   29   48 238 -313  2
4218500 2850500  3 12  9   4.4 1010 188  2.1 4  4.1  86  129   99 245 -314  2
4218500 2850500  3 12 10   7.5 1010 198  2.7 5  4.4  76  234  135 253 -323  2
4218500 2850500  3 12 11  10.0 1009 168  3.4 5  4.5  63  244  181 261 -337  2
4218500 2850500  3 12 12  11.2 1010 177  3.7 6  4.4  55  143  266 268 -350  2
4218500 2850500  3 12 13  12.3 1009 191  3.8 6  4.2  49  160  276 274 -362  2
4218500 2850500  3 12 14  13.1 1008 192  3.6 6  4.2  46  149  264 277 -370  2
4218500 2850500  3 12 15  12.8 1008 178  3.4 6  4.1  44   71  232 279 -374  2
4218500 2850500  3 12 16  12.7 1007 165  3.7 6  4.0  44   30  167 279 -372  2
4218500 2850500  3 12 17  12.2 1006 132  3.4 7  4.0  45    4   86 284 -366  2
4218500 2850500  3 12 18  11.0 1005 142  2.7 7  4.0  46    0   18 288 -358  2
4218500 2850500  3 12 19   9.9 1005 138  2.9 6  4.0  51    0    0 280 -349  2
4218500 2850500  3 12 20   7.3 1005 129  3.0 5  4.1  58    0    0 266 -343  2
4218500 2850500  3 12 21   6.5 1003 110  3.5 2  4.0  64    0    0 244 -340  2
4218500 2850500  3 12 22   6.5 1002 130  3.1 1  4.1  67    0    0 228 -337  2
4218500 2850500  3 12 23   5.4 1002 131  2.6 2  4.0  68    0    0 228 -336  2
4218500 2850500  3 12 24   3.6 1001 146  2.4 3  3.9  73    0    0 232 -334  2
4218500 2850500  3 13  1   3.8 1001 153  2.6 4  3.9  78    0    0 243 -333  2
4218500 2850500  3 13  2   3.4 1001 163  2.3 3  4.0  80    0    0 244 -332  2
4218500 2850500  3 13  3   1.7 1001 177  2.5 2  3.9  85    0    0 234 -331  2
4218500 2850500  3 13  4   1.3 1001 146  2.4 2  3.9  91    0    0 228 -330  2
4218500 2850500  3 13  5   1.3 1000 139  2.5 4  3.9  93    0    0 240 -329  2
4218500 2850500  3 13  6   2.2 1000 144  2.3 6  4.0  91    0    0 264 -328  2
4218500 2850500  3 13  7   2.5 1001 179  2.5 7  4.0  89    0    5 281 -327  2
4218500 2850500  3 13  8   4.1 1001 183  2.6 7  4.1  85   10   46 290 -328  2
4218500 2850500  3 13  9   6.6 1001 170  1.9 5  4.2  75  112  110 287 -334  2
4218500 2850500  3 13 10   9.5 1002 166  2.1 4  4.3  63  218  154 280 -344  2
4218500 2850500  3 13 11  12.1 1002 198  2.3 4  4.4  54  286  183 285 -357  2
4218500 2850500  3 13 12  15.0 1002 163  2.0 4  4.5  47  310  207 295 -369  2
4218500 2850500  3 13 13  15.8 1002 143  2.0 6  4.5  41   66  276 310 -379  2
4218500 2850500  3 13 14  16.1 1002 171  2.9 7  4.5  40   29  243 327 -387  2
4218500 2850500  3 13 15  16.4 1002 177  2.5 6  4.7  40   63  235 327 -391  2
4218500 2850500  3 13 16  16.1 1002 167  2.8 6  4.6  39   39  176 320 -389  2
4218500 2850500  3 13 17  15.3 1002 157  2.4 5  4.5  40   22  107 311 -380  2
4218500 2850500  3 13 18  13.6 1002 139  2.5 7  4.4  43    2   30 312 -368  2
4218500 2850500  3 13 19  11.4 1003 136  2.1 7  4.4  48    0    0 315 -357  2
4218500 2850500  3 13 20  10.9 1003 118  1.8 7  4.5  54    0    0 310 -350  2
4218500 2850500  3 13 21  10.2 1003  61  1.5 7  4.7  59    0    0 308 -346  2
4218500 2850500  3 13 22   9.6 1004  84  1.4 7  4.8  63    0    0 304 -342  2
4218500 2850500  3 13 23   8.8 1004  74  1.7 7  4.8  65    0    0 301 -340  2
4218500 2850500  3 13 24   8.2 1004  47  1.6 7  4.7  68    0    0 298 -339  2
4218500 2850500  3 14  1   8.0 1004  53  1.2 8  4.8  70    0    0 301 -337  2
4218500 2850500  3 14  2   7.9 1004 219  1.2 8  4.9  73    0    0 306 -335  2
4218500 2850500  3 14  3   7.7 1004 329  1.7 8  5.1  76    0    0 308 -335  2
4218500 2850500  3 14  4   8.2 1004 309  2.1 8  5.2  77    0    0 311 -334  2
4218500 2850500  3 14  5   8.0 1005 302  2.7 8  5.3  79    0    0 313 -332  2
4218500 2850500  3 14  6   7.5 1006 310  1.7 8  5.7  86    0    0 315 -330  2
4218500 2850500  3 14  7   7.4 1006 324  2.0 8  5.9  91    0    2 316 -329  2
4218500 2850500  3 14  8   7.7 1006 317  1.9 8  6.1  93    0   21 317 -330  2
4218500 2850500  3 14  9   8.5 1008 304  1.8 7  6.2  92    0   55 313 -335  2
4218500 2850500  3 14 10   9.1 1009 314  1.2 7  6.4  90    0  127 308 -346  2
4218500 2850500  3 14 11   9.5 1009  12  1.3 7  6.7  92   13  213 310 -358  2
4218500 2850500  3 14 12  10.2 1010 304  0.8 8  6.9  90    1  178 318 -370  2
4218500 2850500  3 14 13  10.9 1010 263  1.0 8  7.0  87    0  141 326 -381  2
4218500 2850500  3 14 14  11.3 1011 265  1.6 7  7.1  86    0  161 326 -387  2
4218500 2850500  3 14 15  11.2 1011 261  2.5 7  7.1  85   13  199 324 -389  2
4218500 2850500  3 14 16  11.0 1011 289  2.1 7  6.9  83   32  185 327 -386  2
4218500 2850500  3 14 17  11.0 1012 289  1.7 8  6.8  83    2   84 333 -379  2
4218500 2850500  3 14 18  10.6 1012 299  1.2 8  6.8  84    0   10 340 -370  2
4218500 2850500  3 14 19   9.8 1013 319  1.2 8  6.8  87    0    0 339 -362  2
4218500 2850500  3 14 20   9.6 1013 328  1.3 7  6.8  90    0    0 333 -358  2
4218500 2850500  3 14 21   9.4 1014  13  1.4 7  6.7  90    0    0 331 -356  2
4218500 2850500  3 14 22   9.4 1013  21  1.3 7  6.7  91    0    0 332 -355  2
4218500 2850500  3 14 23   9.1 1014  27  1.4 7  6.8  94    0    0 333 -354  2
4218500 2850500  3 14 24   8.9 1014  43  1.5 8  6.8  94    0    0 337 -353  2
4218500 2850500  3 15  1   9.0 1014  68  2.2 8  6.7  94    0    0 342 -353  2
4218500 2850500  3 15  2   9.0 1015  78  2.6 8  6.6  93    0    0 343 -352  2
4218500 2850500  3 15  3   8.8 1015  78  2.6 8  6.5  91    0    0 343 -352  2
4218500 2850500  3 15  4   8.5 1015  78  2.5 8  6.3  90    0    0 343 -352  2
4218500 2850500  3 15  5   8.3 1015  78  2.7 8  6.1  89    0    0 342 -352  2
4218500 2850500  3 15  6   7.7 1016  68  2.3 8  5.8  87    0    0 341 -351  2
4218500 2850500  3 15  7   7.4 1016  68  2.7 8  5.5  86    0    1 340 -350  2
4218500 2850500  3 15  8   6.9 1016  77  2.6 8  5.4  86    0   19 338 -350  2
4218500 2850500  3 15  9   7.1 1017  68  3.1 7  5.4  86    0   63 333 -349  2
4218500 2850500  3 15 10   7.4 1017  59  3.9 7  5.5  86    0  118 328 -349  2
4218500 2850500  3 15 11   8.4 1017  51  3.9 7  5.5  84    2  178 330 -349  2
4218500 2850500  3 15 12  10.2 1017  52  4.2 7  5.7  78   20  264 334 -350  2
4218500 2850500  3 15 13  10.1 1017  62  4.2 6  5.7  74   34  293 330 -351  2
4218500 2850500  3 15 14  10.5 1017  58  4.3 7  5.6  73   53  307 330 -352  2
4218500 2850500  3 15 15  10.9 1017  64  4.9 5  5.6  71   74  285 324 -352  2
4218500 2850500  3 15 16  10.1 1016  68  4.9 6  5.6  71   17  179 316 -351  2
4218500 2850500  3 15 17   8.9 1016  57  4.7 7  5.3  72    4  100 324 -349  2
4218500 2850500  3 15 18   8.6 1016  49  3.9 8  5.2  74    1   32 333 -346  2
4218500 2850500  3 15 19   8.2 1016  46  4.4 7  5.1  74    0    0 332 -343  2
4218500 2850500  3 15 20   7.3 1016  57  5.0 7  4.9  75    0    0 324 -341  2
4218500 2850500  3 15 21   7.6 1016  59  5.1 8  4.8  75    0    0 328 -339  2
4218500 2850500  3 15 22   7.4 1017  68  5.7 8  4.8  75    0    0 336 -337  2
4218500 2850500  3 15 23   6.8 1017  77  6.1 7  4.6  74    0    0 327 -335  2
4218500 2850500  3 15 24   5.8 1017  77  6.3 7  4.3  73    0    0 316 -334  2
4218500 2850500  3 16  1   5.4 1016  77  6.0 8  4.3  76    0    0 321 -333  2
4218500 2850500  3 16  2   4.7 1016  75  6.5 8  4.3  80    0    0 330 -332  2
4218500 2850500  3 16  3   4.4 1016  77  6.0 8  4.2  81    0    0 329 -330  2
4218500 2850500  3 16  4   4.0 1015  68  5.2 8  4.0  78    0    0 327 -329  2
4218500 2850500  3 16  5   3.4 1015  67  5.8 8  3.7  75    0    0 325 -328  2
4218500 2850500  3 16  6   2.9 1014  68  5.1 8  3.5  75    0    0 324 -328  2
4218500 2850500  3 16  7   2.8 1014  70  5.0 8  3.5  76    0    4 323 -327  2
4218500 2850500  3 16  8   3.0 1014  68  5.2 7  3.5  76    1   43 308 -327  2
4218500 2850500  3 16  9   3.6 1014  67  5.3 8  3.7  76    0   78 311 -329  2
4218500 2850500  3 16 10   2.9 1013  68  5.4 7  3.9  82    0   87 311 -331  2
4218500 2850500  3 16 11   3.4 1013  69  5.3 8  4.2  88    0   82 317 -333  2
4218500 2850500  3 16 12   3.3 1012  68  5.8 8  4.3  89    0   61 326 -335  2
4218500 2850500  3 16 13   3.2 1012  66  6.1 8  4.3  90    0   79 327 -339  2
4218500 2850500  3 16 14   3.6 1011  69  6.1 7  4.4  90    0  120 322 -343  2
4218500 2850500  3 16 15   3.9 1010  66  6.6 7  4.5  91    0  117 321 -345  2
4218500 2850500  3 16 16   4.7 1010  70  5.9 8  4.7  90    0   82 327 -345  2
4218500 2850500  3 16 17   5.4 1009  76  6.5 8  4.9  89    0   43 335 -343  2
4218500 2850500  3 16 18   6.1 1009  76  5.8 8  5.0  86    0   14 337 -340  2
4218500 2850500  3 16 19   6.6 1008  88  5.8 8  5.1  86    0    0 339 -337  2
4218500 2850500  3 16 20   7.0 1008  86  6.9 8  5.3  86    0    0 341 -335  2
4218500 2850500  3 16 21   6.9 1008  87  7.7 8  5.2  83    0    0 340 -333  2
4218500 2850500  3 16 22   6.4 1008  89  6.6 8  5.0  81    0    0 339 -331  2
4218500 2850500  3 16 23   6.1 1007  87  6.7 7  4.8  81    0    0 331 -329  2
4218500 2850500  3 16 24   6.0 1007  79  6.7 7  4.8  82    0    0 324 -328  2
4218500 2850500  3 17  1   5.6 1006  79  6.8 8  4.8  83    0    0 329 -328  2
4218500 2850500  3 17  2   5.1 1005  78  6.4 8  4.8  86    0    0 334 -328  2
4218500 2850500  3 17  3   4.7 1005  74  6.2 8  4.9  89    0    0 331 -328  2
4218500 2850500  3 17  4   4.5 1004  78  6.0 8  4.8  91    0    0 331 -328  2
4218500 2850500  3 17  5   4.3 1003  78  6.1 8  4.8  92    0    0 330 -329  2
4218500 2850500  3 17  6   3.9 1003  77  6.1 8  4.7  92    0    0 329 -330  2
4218500 2850500  3 17  7   3.5 1002  76  5.8 8  4.6  92    0    0 327 -331  2
4218500 2850500  3 17  8   3.1 1003  68  5.3 8  4.5  93    0   15 325 -333  2
4218500 2850500  3 17  9   3.1 1002  66  6.0 7  4.5  94    0   44 319 -335  2
4218500 2850500  3 17 10   2.9 1002  68  5.6 6  4.5  94    0   76 307 -340  2
4218500 2850500  3 17 11   3.1 1002  69  5.4 8  4.5  94    0   55 311 -345  2
4218500 2850500  3 17 12   3.8 1001  70  5.1 8  4.6  94    0   63 324 -351  2
4218500 2850500  3 17 13   3.9 1001  71  4.4 8  4.8  94    0   66 326 -358  2
4218500 2850500  3 17 14   4.0 1001  73  4.7 8  4.8  94    0   60 327 -369  2
4218500 2850500  3 17 15   4.1 1001  84  3.6 8  4.8  94    0   55 327 -377  2
4218500 2850500  3 17 16   4.2 1001  48  3.7 8  4.9  95    0   39 329 -374  2
4218500 2850500  3 17 17   4.2 1001  39  3.2 8  4.9  95    0   33 330 -364  2
4218500 2850500  3 17 18   4.4 1001  39  3.2 8  5.0  95    0   10 331 -352  2
4218500 2850500  3 17 19   4.5 1001  14  3.0 8  5.0  95    0    0 332 -345  2
4218500 2850500  3 17 20   4.4 1002  21  3.2 8  5.0  95    0    0 332 -340  2
4218500 2850500  3 17 21   4.3 1002  30  2.7 8  5.0  95    0    0 331 -337  2
4218500 2850500  3 17 22   4.3 1002 355  2.2 8  5.0  96    0    0 331 -335  2
4218500 2850500  3 17 23   4.2 1003 326  3.0 8  5.0  96    0    0 331 -333  2
4218500 2850500  3 17 24   4.1 1003 326  2.7 8  4.9  95    0    0 331 -330  2
4218500 2850500  3 18  1   3.7 1003 315  4.0 8  4.8  96    0    0 329 -329  2
4218500 2850500  3 18  2   3.9 1004 303  3.9 8  4.8  95    0    0 328 -328  2
4218500 2850500  3 18  3   3.1 1004 301  4.1 8  4.7  96    0    0 327 -327  2
4218500 2850500  3 18  4   2.7 1005 302  4.6 8  4.6  97    0    0 325 -327  2
4218500 2850500  3 18  5   2.7 1005 303  5.1 8  4.5  97    0    0 324 -328  2
4218500 2850500  3 18  6   2.6 1006 303  5.4 8  4.5  96    0    0 322 -329  2
4218500 2850500  3 18  7   2.7 1007 301  6.2 8  4.4  94    0    5 321 -330  2
4218500 2850500  3 18  8   2.1 1008 305  5.8 7  4.3  94    3   58 312 -331  2
4218500 2850500  3 18  9   2.1 1009 302  5.2 7  4.2  95    0   83 302 -333  2
4218500 2850500  3 18 10   2.1 1009 312  5.1 7  4.2  94    0   92 300 -334  2
4218500 2850500  3 18 11   2.2 1010 304  4.8 7  4.2  94    0   71 298 -337  2
4218500 2850500  3 18 12   2.5 1011 288  5.8 7  4.2  93    0   86 299 -341  2
4218500 2850500  3 18 13   3.2 1012 305  5.1 7  4.2  90    0   83 299 -345  2
4218500 2850500  3 18 14   3.4 1012 291  5.6 8  4.2  87    0   69 303 -349  2
4218500 2850500  3 18 15   3.8 1013 294  4.4 7  4.3  87    0   65 303 -352  2
4218500 2850500  3 18 16   3.9 1013 289  4.0 8  4.4  88    0   51 301 -350  2
4218500 2850500  3 18 17   4.2 1014 299  3.7 8  4.5  90    0   51 303 -345  2
4218500 2850500  3 18 18   4.3 1014 293  3.6 8  4.7  91    0   20 304 -337  2
4218500 2850500  3 18 19   4.4 1015 289  3.1 8  4.7  91    0    0 307 -329  2
4218500 2850500  3 18 20   4.5 1015 293  3.0 8  4.6  88    0    0 308 -324  2
4218500 2850500  3 18 21   4.4 1016 284  3.0 8  4.5  86    0    0 308 -320  2
4218500 2850500  3 18 22   4.4 1016 292  3.2 8  4.5  87    0    0 309 -317  2
4218500 2850500  3 18 23   4.4 1017 281  3.1 8  4.5  88    0    0 307 -315  2
4218500 2850500  3 18 24   4.4 1017 291  3.9 8  4.6  88    0    0 307 -315  2
4218500 2850500  3 19  1   4.1 1017 303  3.9 6  4.5  88    0    0 290 -314  2
4218500 2850500  3 19  2   3.5 1018 304  3.4 5  4.4  88    0    0 270 -312  2
4218500 2850500  3 19  3   3.3 1019 312  3.9 5  4.2  88    0    0 263 -310  2
4218500 2850500  3 19  4   2.7 1019 311  4.1 5  4.2  90    0    0 261 -310  2
4218500 2850500  3 19  5   3.1 1019 313  3.2 6  4.1  89    0    0 264 -309  2
4218500 2850500  3 19  6   3.3 1020 332  4.5 6  4.0  85    0    0 267 -309  2
4218500 2850500  3 19  7   3.3 1021 325  3.4 6  3.9  82    1   12 267 -310  2
4218500 2850500  3 19  8   3.1 1022 321  3.2 6  3.8  81   15   64 267 -312  2
4218500 2850500  3 19  9   3.6 1022 330  4.1 6  3.7  78   74  133 269 -315  2
4218500 2850500  3 19 10   4.3 1023 321  4.4 5  3.6  73  249  140 268 -320  2
4218500 2850500  3 19 11   5.3 1024 342  4.2 3  3.5  66  434  108 254 -326  2
4218500 2850500  3 19 12   7.1 1025 326  4.3 2  3.2  56  506  108 243 -335  2
4218500 2850500  3 19 13   7.8 1025 340  4.8 1  3.0  48  494  126 240 -342  2
4218500 2850500  3 19 14   8.6 1025 316  4.5 1  2.9  44  443  139 241 -346  2
4218500 2850500  3 19 15   9.2 1024 326  4.8 1  2.8  40  374  130 246 -347  2
4218500 2850500  3 19 16   9.7 1024 316  4.4 0  2.7  37  255  123 245 -345  2
4218500 2850500  3 19 17   8.7 1025 304  5.0 0  2.7  38  128   98 241 -344  2
4218500 2850500  3 19 18   7.3 1025 320  4.9 0  2.6  39   22   45 236 -339  2
4218500 2850500  3 19 19   6.0 1025 322  4.0 0  2.6  43    0    0 231 -332  2
4218500 2850500  3 19 20   4.6 1026 324  2.1 0  2.8  52    0    0 227 -326  2
4218500 2850500  3 19 21   3.6 1027 294  2.0 0  3.1  62    0    0 224 -322  2
4218500 2850500  3 19 22   3.4 1027 276  2.9 2  3.3  68    0    0 229 -321  2
4218500 2850500  3 19 23   3.2 1027 271  3.1 3  3.4  71    0    0 238 -320  2
4218500 2850500  3 19 24   4.4 1027 291  3.4 5  3.5  71    0    0 251 -318  2
4218500 2850500  3 20  1   4.2 1027 302  3.1 5  3.5  69    0    0 257 -315  2
4218500 2850500  3 20  2   2.6 1027 302  2.9 3  3.5  73    0    0 245 -313  2
4218500 2850500  3 20  3   2.2 1027 304  2.7 3  3.5  78    0    0 234 -311  2
4218500 2850500  3 20  4   0.5 1027 295  2.9 2  3.4  82    0    0 227 -310  2
4218500 2850500  3 20  5   0.0 1027 288  2.7 1  3.3  87    0    0 217 -309  2
4218500 2850500  3 20  6   0.5 1027 289  3.0 3  3.4  89    0    0 221 -309  2
4218500 2850500  3 20  7   0.7 1027 282  2.7 5  3.5  90    0   13 238 -309  2
4218500 2850500  3 20  8   1.8 1027 298  3.0 5  3.7  91   12   69 247 -311  2
4218500 2850500  3 20  9   1.5 1027 288  2.9 7  3.9  92   47  150 254 -313  2
4218500 2850500  3 20 10   1.4 1028 284  2.4 8  3.9  93   37  208 260 -319  2
4218500 2850500  3 20 11   3.4 1028 298  2.8 6  3.9  88  109  268 258 -328  2
4218500 2850500  3 20 12   4.8 1029 299  3.0 3  3.9  78  392  213 251 -338  2
4218500 2850500  3 20 13   5.4 1028 293  3.3 2  4.0  74  411  216 244 -348  2
4218500 2850500  3 20 14   5.8 1028 317  3.5 2  4.0  72  377  215 245 -354  2
4218500 2850500  3 20 15   6.1 1028 306  3.0 2  4.0  70  323  192 249 -355  2
4218500 2850500  3 20 16   6.1 1028 329  3.3 1  3.9  67  219  167 248 -355  2
4218500 2850500  3 20 17   6.1 1028 311  2.0 0  3.7  64  112  121 239 -351  2
4218500 2850500  3 20 18   5.4 1028 302  2.2 1  3.6  63   21   51 237 -344  2
4218500 2850500  3 20 19   3.8 1028 311  1.9 0  3.5  67    0    0 234 -335  2
4218500 2850500  3 20 20   2.6 1028 309  1.6 0  3.5  75    0    0 227 -330  2
4218500 2850500  3 20 21   1.5 1029 304  1.3 0  3.5  80    0    0 225 -327  2
4218500 2850500  3 20 22   0.7 1029 290  1.2 0  3.4  85    0    0 223 -324  2
4218500 2850500  3 20 23   0.0 1029 247  1.5 0  3.2  84    0    0 221 -323  2
4218500 2850500  3 20 24  -0.6 1029 199  1.9 0  2.9  80    0    0 221 -322  2
4218500 2850500  3 21  1  -1.2 1019 146  2.3 0  2.6  74    0    0 196 -304  2
4218500 2850500  3 21  2  -1.7 1019 108  2.6 0  2.4  70    0    0 196 -301  2
4218500 2850500  3 21  3  -2.3 1019  83  2.8 0  2.2  68    0    0 195 -299  2
4218500 2850500  3 21  4  -2.6 1019  84  2.7 1  2.2  71    0    0 195 -298  2
4218500 2850500  3 21  5  -2.4 1019  84  2.7 2  2.3  72    0    0 199 -297  2
4218500 2850500  3 21  6  -2.7 1019  88  2.7 3  2.3  77    0    0 215 -296  2
4218500 2850500  3 21  7  -1.7 1019  94  2.5 6  2.4  75    0   11 240 -296  2
4218500 2850500  3 21  8  -0.7 1019 107  2.6 6  2.5  71   71   61 258 -298  2
4218500 2850500  3 21  9   1.6 1019 123  2.7 2  2.5  65  230   90 245 -303  2
4218500 2850500  3 21 10   3.6 1019 129  2.9 1  2.5  55  367  101 228 -310  2
4218500 2850500  3 21 11   3.8 1019 126  3.9 1  2.4  48  465  114 227 -316  2
4218500 2850500  3 21 12   5.2 1019 120  2.7 1  2.3  44  523  119 229 -324  2
4218500 2850500  3 21 13   5.8 1019 104  3.3 0  2.2  39  530  123 227 -329  2
4218500 2850500  3 21 14   6.9 1018  99  3.5 0  2.1  36  479  131 226 -332  2
4218500 2850500  3 21 15   7.1 1018 118  2.9 0  2.0  33  393  130 228 -335  2
4218500 2850500  3 21 16   7.1 1017 102  3.5 0  1.9  30  276  121 228 -334  2
4218500 2850500  3 21 17   6.8 1017 101  2.8 0  1.9  31  141  101 229 -329  2
4218500 2850500  3 21 18   5.3 1017  95  3.7 1  2.0  35   33   53 234 -322  2
4218500 2850500  3 21 19   4.2 1017  97  3.4 1  2.1  41    0    6 236 -316  2
4218500 2850500  3 21 20   2.4 1017  97  3.6 1  2.2  46    0    0 233 -314  2
4218500 2850500  3 21 21   1.9 1017 100  3.6 0  2.3  51    0    0 226 -311  2
4218500 2850500  3 21 22   1.2 1017 110  3.3 0  2.3  55    0    0 222 -309  2
4218500 2850500  3 21 23   1.3 1017 128  4.2 0  2.3  56    0    0 222 -309  2
4218500 2850500  3 21 24   0.3 1017 129  3.6 1  2.2  56    0    0 225 -308  2
4218500 2850500  3 22  1   0.0 1017 126  3.7 0  2.2  59    0    0 225 -307  2
4218500 2850500  3 22  2  -0.8 1017 122  3.4 0  2.3  64    0    0 221 -306  2
4218500 2850500  3 22  3  -1.2 1016 126  3.5 0  2.4  69    0    0 221 -305  2
4218500 2850500  3 22  4  -1.5 1016 127  3.2 1  2.5  72    0    0 225 -303  2
4218500 2850500  3 22  5  -1.5 1016 118  4.0 1  2.5  74    0    0 228 -302  2
4218500 2850500  3 22  6  -1.7 1015 118  3.7 1  2.5  75    0    0 228 -301  2
4218500 2850500  3 22  7  -1.4 1015 115  3.9 1  2.6  76    9   16 229 -300  2
4218500 2850500  3 22  8   0.0 1015 114  3.9 1  2.6  73   58   60 230 -302  2
4218500 2850500  3 22  9   2.9 1015 129  4.0 1  2.7  66  241   92 235 -308  2
4218500 2850500  3 22 10   5.2 1015 143  4.8 2  2.9  57  371  103 245 -315  2
4218500 2850500  3 22 11   8.2 1015 120  4.4 2  3.0  49  461  117 254 -325  2
4218500 2850500  3 22 12   9.5 1014 113  4.4 3  2.9  41  530  118 262 -335  2
4218500 2850500  3 22 13  10.6 1014 123  5.5 4  2.7  36  535  122 273 -345  2
4218500 2850500  3 22 14  11.6 1014 124  5.7 4  2.6  32  467  138 280 -352  2
4218500 2850500  3 22 15  11.7 1013 127  5.6 5  2.5  29  299  184 285 -353  2
4218500 2850500  3 22 16  11.2 1013 117  5.4 5  2.5  30  130  190 288 -351  2
4218500 2850500  3 22 17  10.7 1012 108  4.7 6  2.5  31   48  133 289 -345  2
4218500 2850500  3 22 18   9.7 1012 109  5.0 7  2.5  33    3   52 293 -335  2
4218500 2850500  3 22 19   8.2 1011 116  4.2 7  2.5  36    0    2 292 -325  2
4218500 2850500  3 22 20   7.8 1011 117  4.7 6  2.5  38    0    0 283 -318  2
4218500 2850500  3 22 21   6.9 1011 120  4.8 6  2.5  40    0    0 277 -316  2
4218500 2850500  3 22 22   6.4 1012 128  4.6 4  2.7  44    0    0 268 -315  2
4218500 2850500  3 22 23   5.5 1011 127  4.1 4  2.9  50    0    0 259 -315  2
4218500 2850500  3 22 24   4.9 1012 129  4.0 5  3.1  56    0    0 260 -314  2
4218500 2850500  3 23  1   4.0 1011 129  3.6 4  3.2  62    0    0 256 -313  2
4218500 2850500  3 23  2   3.1 1011 126  4.0 4  3.3  67    0    0 251 -312  2
4218500 2850500  3 23  3   2.9 1011 129  3.6 5  3.3  71    0    0 253 -311  2
4218500 2850500  3 23  4   3.0 1011 141  3.0 6  3.4  73    0    0 260 -311  2
4218500 2850500  3 23  5   3.2 1011 145  2.7 7  3.5  75    0    0 268 -311  2
4218500 2850500  3 23  6   3.3 1011 154  2.7 7  3.6  76    0    0 272 -310  2
4218500 2850500  3 23  7   3.6 1011 161  2.4 7  3.7  76    3   12 272 -310  2
4218500 2850500  3 23  8   4.9 1012 187  2.0 7  3.8  74   23   60 275 -311  2
4218500 2850500  3 23  9   7.9 1012 224  2.1 7  4.1  68   28  128 282 -314  2
4218500 2850500  3 23 10   9.9 1012 260  2.5 8  4.8  68   38  184 297 -322  2
4218500 2850500  3 23 11  10.5 1014 279  3.4 8  5.9  76   11  206 312 -334  2
4218500 2850500  3 23 12  10.7 1014 268  3.1 7  6.6  83    5  207 311 -347  2
4218500 2850500  3 23 13  10.3 1014 270  2.6 8  7.2  91    0  165 313 -360  2
4218500 2850500  3 23 14  10.5 1015 267  2.1 8  7.7  97    0  149 320 -369  2
4218500 2850500  3 23 15  11.3 1015 260  2.1 7  8.0  99    0  138 317 -373  2
4218500 2850500  3 23 16  11.8 1015 278  1.9 8  8.2  97    0   95 321 -374  2
4218500 2850500  3 23 17  12.0 1015 286  1.8 8  8.2  95    0   49 329 -372  2
4218500 2850500  3 23 18  11.5 1015 339  0.5 5  8.0  93    3   48 313 -366  2
4218500 2850500  3 23 19   9.9 1015 182  1.6 5  7.5  93    0    8 293 -358  2
4218500 2850500  3 23 20   8.5 1014 177  2.0 4  6.9  96    0    0 283 -353  2
4218500 2850500  3 23 21   7.9 1015 176  2.2 2  6.6  97    0    0 265 -351  2
4218500 2850500  3 23 22   7.7 1015 180  2.2 4  6.5  98    0    0 263 -349  2
4218500 2850500  3 23 23   7.4 1015 178  1.7 5  6.4  99    0    0 281 -349  2
4218500 2850500  3 23 24   7.0 1015 180  1.7 5  6.2  99    0    0 286 -348  2
4218500 2850500  3 24  1   6.6 1015 167  1.2 7  6.1  99    0    0 298 -348  2
4218500 2850500  3 24  2   6.6 1015 276  1.1 7  6.0  99    0    0 309 -347  2
4218500 2850500  3 24  3   6.8 1015  78  1.0 8  6.0  99    0    0 317 -346  2
4218500 2850500  3 24  4   6.8 1015 171  2.2 8  6.0  98    0    0 326 -345  2
4218500 2850500  3 24  5   7.5 1015 152  1.9 8  6.2  98    0    0 329 -344  2
4218500 2850500  3 24  6   7.4 1015 169  2.2 8  6.4  99    0    0 332 -341  2
4218500 2850500  3 24  7   7.6 1015 160  2.4 7  6.4  99    0   10 327 -340  2
4218500 2850500  3 24  8   8.0 1015 173  3.0 8  6.5  99    3   62 330 -344  2
4218500 2850500  3 24  9   8.8 1015 169  3.1 7  6.8  99    7  127 332 -351  2
4218500 2850500  3 24 10   9.6 1015 185  2.5 7  7.1  98   19  198 328 -358  2
4218500 2850500  3 24 11  10.3 1016 144  1.6 7  7.5  98   29  247 332 -366  2
4218500 2850500  3 24 12  12.5 1016 157  1.4 4  7.7  92  206  275 317 -375  2
4218500 2850500  3 24 13  14.5 1016 202  1.3 2  7.6  79  521  126 292 -381  2
4218500 2850500  3 24 14  16.3 1016 172  1.8 2  7.3  67  423  157 285 -383  2
4218500 2850500  3 24 15  17.1 1015 171  2.3 4  7.1  60  189  233 304 -382  2
4218500 2850500  3 24 16  17.2 1015  69  1.7 4  7.0  58  115  194 319 -381  2
4218500 2850500  3 24 17  16.7 1014  95  2.1 3  6.8  56   68  131 315 -378  2
4218500 2850500  3 24 18  15.0 1014  68  2.8 2  6.7  60   30   55 302 -375  2
4218500 2850500  3 24 19  13.3 1014  78  3.4 3  6.8  67    0    7 296 -369  2
4218500 2850500  3 24 20  12.0 1014  91  3.5 2  6.9  75    0    0 290 -364  2
4218500 2850500  3 24 21  11.0 1014  98  4.0 1  7.0  83    0    0 275 -362  2
4218500 2850500  3 24 22  10.0 1015 107  3.7 1  6.9  87    0    0 266 -360  2
4218500 2850500  3 24 23   9.5 1014 104  3.6 1  6.8  91    0    0 264 -359  2
4218500 2850500  3 24 24   8.8 1013 119  3.4 0  6.8  94    0    0 257 -358  2
4218500 2850500  3 25  1   8.1 1013 110  3.2 1  6.6  96    0    0 256 -357  2
4218500 2850500  3 25  2   7.4 1013  99  3.0 1  6.4  98    0    0 260 -356  2
4218500 2850500  3 25  3   6.8 1013 114  2.8 1  6.2  98    0    0 260 -355  2
4218500 2850500  3 25  4   5.9 1012  84  3.2 1  5.9  98    0    0 258 -354  2
4218500 2850500  3 25  5   5.9 1012 107  3.1 1  5.7  99    0    0 256 -353  2
4218500 2850500  3 25  6   5.7 1012 112  3.0 3  5.6  98    0    0 267 -353  2
4218500 2850500  3 25  7   6.0 1012 105  2.9 5  5.7  99    0   14 290 -352  2
4218500 2850500  3 25  8   7.0 1012 134  2.5 6  6.0  99   20   79 310 -352  2
4218500 2850500  3 25  9   8.3 1012 121  2.6 5  6.3  97  150  149 314 -356  2
4218500 2850500  3 25 10  10.9 1013 121  2.9 4  6.5  87  255  200 308 -364  2
4218500 2850500  3 25 11  13.8 1012 134  3.3 5  6.4  72  241  266 317 -372  2
4218500 2850500  3 25 12  15.9 1012 127  4.1 6  6.2  59  234  313 336 -379  2
4218500 2850500  3 25 13  17.0 1011 132  3.7 5  6.0  52  303  294 342 -385  2
4218500 2850500  3 25 14  17.3 1011 125  4.2 5  6.1  50  210  314 339 -388  2
4218500 2850500  3 25 15  17.5 1010 153  3.0 6  6.0  49  142  287 345 -389  2
4218500 2850500  3 25 16  17.8 1010 172  3.1 7  6.0  48   40  216 355 -387  2
4218500 2850500  3 25 17  16.6 1010 149  2.1 6  6.0  49   24  143 353 -383  2
4218500 2850500  3 25 18  16.4 1009 174  2.0 5  6.2  52    4   59 342 -377  2
4218500 2850500  3 25 19  14.6 1009 110  3.8 8  6.4  58    0    8 349 -371  2
4218500 2850500  3 25 20  13.7 1009 100  2.7 7  6.5  64    0    0 354 -367  2
4218500 2850500  3 25 21  13.1 1009  92  2.6 7  6.5  68    0    0 346 -365  2
4218500 2850500  3 25 22  11.4 1009  88  2.5 6  6.5  72    0    0 337 -363  2
4218500 2850500  3 25 23   9.7 1009  65  2.7 6  6.5  81    0    0 326 -362  2
4218500 2850500  3 25 24   8.5 1009  74  2.3 7  6.5  90    0    0 327 -360  2
4218500 2850500  3 26  1   8.2 1009  55  1.7 7  6.4  94    0    0 329 -359  2
4218500 2850500  3 26  2   7.5 1008  84  1.7 7  6.4  96    0    0 327 -358  2
4218500 2850500  3 26  3   7.1 1007  14  0.7 7  6.3  98    0    0 326 -357  2
4218500 2850500  3 26  4   7.1 1007  73  1.8 7  6.3  99    0    0 325 -356  2
4218500 2850500  3 26  5   7.5 1006  86  2.1 6  6.3  99    0    0 319 -355  2
4218500 2850500  3 26  6   7.4 1006 101  1.7 7  6.3  97    0    0 318 -354  2
4218500 2850500  3 26  7   7.3 1006 100  1.7 8  6.3  97    0    5 331 -353  2
4218500 2850500  3 26  8   7.5 1006  89  1.7 8  6.4  98    0   23 338 -352  2
4218500 2850500  3 26  9   7.7 1007 110  1.6 8  6.5  99    0   56 339 -352  2
4218500 2850500  3 26 10   8.1 1007 116  1.5 6  6.6  99    0  108 318 -353  2
4218500 2850500  3 26 11   8.3 1007  90  2.2 7  6.8  99    0  133 303 -355  2
4218500 2850500  3 26 12   8.6 1007 140  2.4 7  6.9  99    0  129 317 -357  2
4218500 2850500  3 26 13   9.2 1007 152  0.9 8  7.0  98    0   82 332 -358  2
4218500 2850500  3 26 14   9.3 1007 134  1.5 8  7.2  99    0   68 345 -359  2
4218500 2850500  3 26 15  10.2 1007  74  1.8 7  7.4  97    0   92 334 -358  2
4218500 2850500  3 26 16  10.7 1006  91  1.9 7  7.3  92    0   86 324 -355  2
4218500 2850500  3 26 17  11.0 1006  85  1.9 7  7.2  88    0   84 323 -354  2
4218500 2850500  3 26 18  10.7 1006  69  2.8 7  7.2  88    0   36 322 -351  2
4218500 2850500  3 26 19  10.3 1006  90  2.6 8  7.1  89    0    3 332 -348  2
4218500 2850500  3 26 20  10.0 1006  88  2.5 8  7.0  90    0    0 344 -346  2
4218500 2850500  3 26 21   9.9 1006  83  2.6 7  7.0  92    0    0 332 -346  2
4218500 2850500  3 26 22   9.5 1006  90  1.8 8  7.1  94    0    0 331 -346  2
4218500 2850500  3 26 23   9.2 1006  89  2.4 8  7.0  95    0    0 345 -346  2
4218500 2850500  3 26 24   8.7 1006  99  2.7 7  7.0  97    0    0 328 -346  2
4218500 2850500  3 27  1   7.8 1006  86  2.6 7  6.7  98    0    0 308 -345  2
4218500 2850500  3 27  2   7.0 1006  83  2.1 7  6.4  99    0    0 307 -345  2
4218500 2850500  3 27  3   7.4 1005  83  2.7 8  6.3  99    0    0 324 -344  2
4218500 2850500  3 27  4   7.7 1006  74  2.8 8  6.4  99    0    0 343 -343  2
4218500 2850500  3 27  5   7.9 1005  76  3.0 8  6.5  98    0    0 343 -342  2
4218500 2850500  3 27  6   7.8 1005  80  3.0 8  6.6  98    0    0 345 -341  2
4218500 2850500  3 27  7   7.7 1005  85  2.9 7  6.6  99    0    8 329 -340  2
4218500 2850500  3 27  8   8.1 1005  85  3.2 8  6.6  99    0   52 331 -340  2
4218500 2850500  3 27  9   8.7 1005  79  3.8 7  6.9  99    1  121 334 -341  2
4218500 2850500  3 27 10   9.1 1006  91  3.5 6  7.0  98    1  164 312 -342  2
4218500 2850500  3 27 11   9.6 1006  82  4.4 8  6.9  94    0  164 328 -344  2
4218500 2850500  3 27 12   9.8 1006  90  3.7 8  6.9  91    0  198 351 -349  2
4218500 2850500  3 27 13  10.1 1006  84  3.7 7  6.9  90    4  251 343 -353  2
4218500 2850500  3 27 14  10.4 1006  85  3.6 7  6.9  87    2  220 337 -353  2
4218500 2850500  3 27 15  10.6 1006  76  3.9 8  6.7  84    1  175 346 -353  2
4218500 2850500  3 27 16  10.7 1006  75  4.1 7  6.6  82    2  155 345 -351  2
4218500 2850500  3 27 17  10.8 1006  70  4.5 8  6.6  81    0   89 345 -348  2
4218500 2850500  3 27 18  10.5 1006  76  3.3 7  6.4  80    1   49 343 -345  2
4218500 2850500  3 27 19  10.3 1006  66  3.9 7  6.3  80    0    7 334 -343  2
4218500 2850500  3 27 20   9.2 1006  75  4.4 6  5.9  78    0    0 323 -341  2
4218500 2850500  3 27 21   8.2 1007  78  4.9 3  5.4  77    0    0 286 -340  2
4218500 2850500  3 27 22   7.6 1007  79  5.1 3  5.1  76    0    0 258 -339  2
4218500 2850500  3 27 23   7.3 1007  85  4.3 5  4.5  70    0    0 272 -338  2
4218500 2850500  3 27 24   7.6 1008  87  4.0 7  4.2  65    0    0 302 -337  2
4218500 2850500  3 28  1   7.6 1008  81  4.3 7  4.3  66    0    0 318 -336  2
4218500 2850500  3 28  2   7.4 1008  80  4.7 7  4.5  70    0    0 319 -334  2
4218500 2850500  3 28  3   6.7 1008  77  4.8 7  4.6  74    0    0 318 -333  2
4218500 2850500  3 28  4   5.9 1008  77  4.1 7  4.6  77    0    0 315 -331  2
4218500 2850500  3 28  5   5.2 1009  76  5.0 8  4.4  78    0    0 320 -330  2
4218500 2850500  3 28  6   3.7 1009  75  4.9 7  4.1  79    0    0 315 -328  2
4218500 2850500  3 28  7   3.0 1009  76  4.4 5  4.0  82   16   19 292 -327  2
4218500 2850500  3 28  8   3.7 1010  84  5.3 3  3.9  81  112   71 265 -328  2
4218500 2850500  3 28  9   5.5 1010  73  4.2 2  4.0  75  246   97 247 -332  2
4218500 2850500  3 28 10   6.8 1010  77  4.6 2  4.1  69  376  112 246 -337  2
4218500 2850500  3 28 11   8.1 1010  73  4.2 2  4.1  64  472  120 252 -340  2
4218500 2850500  3 28 12   9.8 1010  58  4.8 2  4.0  56  539  120 258 -342  2
4218500 2850500  3 28 13  11.4 1011  98  4.8 1  3.7  46  556  118 257 -345  2
4218500 2850500  3 28 14  11.9 1011  79  4.5 2  3.5  41  520  118 261 -345  2
4218500 2850500  3 28 15  12.5 1011  67  4.3 1  3.6  41  428  119 263 -344  2
4218500 2850500  3 28 16  12.2 1010  74  3.8 1  3.7  42  310  112 258 -343  2
4218500 2850500  3 28 17  11.9 1010  69  3.8 1  3.7  43  179   92 258 -342  2
4218500 2850500  3 28 18  10.6 1010  72  4.0 1  3.7  45   59   56 256 -339  2
4218500 2850500  3 28 19   8.6 1010  79  3.0 1  3.7  49    2   11 251 -335  2
4218500 2850500  3 28 20   7.8 1010  79  3.6 1  3.6  53    0    0 244 -331  2
4218500 2850500  3 28 21   7.4 1010  87  3.8 1  3.6  55    0    0 240 -328  2
4218500 2850500  3 28 22   6.5 1011  85  3.5 2  3.6  59    0    0 243 -328  2
4218500 2850500  3 28 23   5.5 1011  86  3.4 2  3.7  64    0    0 246 -327  2
4218500 2850500  3 28 24   5.2 1011  94  3.6 1  3.8  69    0    0 240 -326  2
4218500 2850500  3 29  1   4.6 1011  96  3.4 2  3.9  72    0    0 238 -326  2
4218500 2850500  3 29  2   4.2 1012  97  3.2 3  3.9  76    0    0 248 -325  2
4218500 2850500  3 29  3   4.3 1012  82  3.2 5  3.9  76    0    0 265 -325  2
4218500 2850500  3 29  4   3.5 1012  90  2.9 4  3.9  77    0    0 270 -324  2
4218500 2850500  3 29  5   2.7 1012  74  3.8 3  3.7  79    0    0 257 -323  2
4218500 2850500  3 29  6   2.3 1012  77  3.3 4  3.7  81    0    0 255 -319  2
4218500 2850500  3 29  7   3.5 1012  80  3.8 5  3.7  80    5   17 267 -317  2
4218500 2850500  3 29  8   4.8 1012  78  4.5 4  3.8  75   83   72 270 -319  2
4218500 2850500  3 29  9   6.8 1012  85  4.9 3  3.9  67  238   99 263 -324  2
4218500 2850500  3 29 10   8.5 1012  79  5.6 3  3.9  60  381  113 261 -333  2
4218500 2850500  3 29 11   9.8 1013  84  5.4 2  4.0  55  493  118 259 -341  2
4218500 2850500  3 29 12  11.2 1013  87  5.7 2  4.1  52  553  121 259 -347  2
4218500 2850500  3 29 13  12.4 1013  78  5.1 2  4.2  49  569  119 265 -351  2
4218500 2850500  3 29 14  12.9 1013  66  5.1 2  4.2  47  539  115 268 -355  2
4218500 2850500  3 29 15  13.1 1013  64  5.4 1  4.1  44  450  113 264 -356  2
4218500 2850500  3 29 16  13.2 1013  66  5.7 1  3.9  42  324  108 259 -353  2
4218500 2850500  3 29 17  12.5 1012  76  5.8 1  3.7  41  184   92 258 -348  2
4218500 2850500  3 29 18  10.9 1013  72  5.6 2  3.5  42   60   56 262 -341  2
4218500 2850500  3 29 19   9.6 1013  76  5.7 4  3.4  44    3   11 273 -334  2
4218500 2850500  3 29 20   9.0 1012  76  5.2 4  3.3  46    0    0 281 -328  2
4218500 2850500  3 29 21   8.2 1013  76  5.6 3  3.4  48    0    0 274 -324  2
4218500 2850500  3 29 22   7.4 1013  79  5.7 3  3.4  52    0    0 267 -321  2
4218500 2850500  3 29 23   6.8 1013  80  5.6 3  3.5  56    0    0 265 -317  2
4218500 2850500  3 29 24   6.3 1014  77  5.2 2  3.5  58    0    0 259 -315  2
4218500 2850500  3 30  1   5.6 1014  76  5.9 3  3.5  61    0    0 257 -315  2
4218500 2850500  3 30  2   5.2 1014  76  6.1 4  3.5  63    0    0 266 -314  2
4218500 2850500  3 30  3   4.5 1014  76  5.4 5  3.4  63    0    0 275 -312  2
4218500 2850500  3 30  4   3.7 1014  77  5.6 4  3.3  65    0    0 273 -311  2
4218500 2850500  3 30  5   3.1 1015  75  5.3 4  3.3  68    0    0 266 -310  2
4218500 2850500  3 30  6   2.4 1015  74  5.9 4  3.2  70    0    0 264 -309  2
4218500 2850500  3 30  7   2.7 1015  79  5.9 2  3.2  71   27   21 252 -309  2
4218500 2850500  3 30  8   3.7 1016  77  5.7 1  3.3  70  149   68 239 -311  2
4218500 2850500  3 30  9   6.1 1016  80  5.9 1  3.5  65  287   91 237 -314  2
4218500 2850500  3 30 10   8.2 1017  84  5.7 1  3.6  58  420  102 243 -321  2
4218500 2850500  3 30 11  10.1 1017  88  7.3 1  3.7  51  511  113 248 -332  2
4218500 2850500  3 30 12  10.5 1017  93  6.6 2  3.7  48  563  119 256 -341  2
4218500 2850500  3 30 13  10.9 1017  88  6.1 2  3.6  45  583  116 261 -349  2
4218500 2850500  3 30 14  12.0 1018  73  6.0 2  3.3  40  545  114 263 -354  2
4218500 2850500  3 30 15  12.2 1018  83  6.4 1  3.3  38  452  113 261 -356  2
4218500 2850500  3 30 16  11.9 1018  71  6.8 1  3.2  37  330  106 258 -354  2
4218500 2850500  3 30 17  11.0 1018  73  6.0 1  3.1  38  195   89 256 -348  2
4218500 2850500  3 30 18   9.4 1017  77  5.7 0  2.9  38   70   55 247 -342  2
4218500 2850500  3 30 19   8.4 1017  78  6.3 1  2.8  40    4   11 243 -335  2
4218500 2850500  3 30 20   7.3 1018  81  5.3 1  2.8  43    0    0 243 -328  2
4218500 2850500  3 30 21   6.3 1019  83  4.8 1  2.8  46    0    0 238 -323  2
4218500 2850500  3 30 22   5.4 1019  84  4.3 1  2.8  49    0    0 236 -319  2
4218500 2850500  3 30 23   5.1 1020 104  3.6 1  3.2  56    0    0 234 -316  2
4218500 2850500  3 30 24   5.0 1020  96  2.7 0  3.7  66    0    0 226 -315  2
4218500 2850500  3 31  1   5.2 1016 140  1.8 0  4.4  77    0    0 252 -357  2
4218500 2850500  3 31  2   5.5 1016 142  1.2 0  4.9  86    0    0 246 -355  2
4218500 2850500  3 31  3   5.6 1016 165  0.7 0  5.3  92    0    0 245 -353  2
4218500 2850500  3 31  4   5.2 1016 151  0.6 0  5.2  94    0    0 245 -351  2
4218500 2850500  3 31  5   5.0 1016 189  0.7 0  5.2  95    0    0 244 -349  2
4218500 2850500  3 31  6   4.2 1016 151  0.5 0  5.1  98    0    0 242 -347  2
4218500 2850500  3 31  7   4.6 1016  64  0.9 0  5.1  98   20   27 241 -346  2
4218500 2850500  3 31  8   7.1 1017  33  0.7 0  5.6  97  110   96 245 -349  2
4218500 2850500  3 31  9  11.4 1017  48  1.1 0  6.3  87  208  145 254 -359  2
4218500 2850500  3 31 10  13.2 1018  85  1.7 0  6.3  70  300  183 263 -373  2
4218500 2850500  3 31 11  15.3 1019 110  1.7 0  6.0  59  380  209 269 -387  2
4218500 2850500  3 31 12  16.3 1018 132  1.9 0  5.9  53  418  229 276 -401  2
4218500 2850500  3 31 13  16.3 1018 154  2.7 0  5.7  50  387  256 278 -413  2
4218500 2850500  3 31 14  17.3 1018 141  2.3 1  5.5  46  339  261 281 -420  2
4218500 2850500  3 31 15  17.5 1018  79  1.8 1  5.4  44  294  231 286 -422  2
4218500 2850500  3 31 16  17.6 1017 104  2.1 1  5.3  43  212  193 286 -419  2
4218500 2850500  3 31 17  17.1 1017  75  1.6 2  5.4  44  117  140 287 -410  2
4218500 2850500  3 31 18  15.8 1017  68  1.6 4  5.4  47   40   70 287 -396  2
4218500 2850500  3 31 19  14.8 1017  76  2.4 4  5.2  48    0   10 285 -381  2
4218500 2850500  3 31 20  13.6 1017  51  1.0 4  5.0  50    0    0 280 -371  2
4218500 2850500  3 31 21  12.6 1017  38  0.9 4  5.1  54    0    0 275 -365  2
4218500 2850500  3 31 22  10.5 1018  53  2.4 2  5.2  61    0    0 268 -360  2
4218500 2850500  3 31 23  10.1 1017  51  1.6 2  5.3  68    0    0 262 -356  2
4218500 2850500  3 31 24  10.4 1017  49  1.9 2  5.4  69    0    0 261 -352  2
4218500 2850500  4  1  1   9.1 1017  46  2.3 2  5.3  74    0    0 257 -347  2
4218500 2850500  4  1  2   8.9 1017  63  1.4 2  5.5  77    0    0 257 -346  2
4218500 2850500  4  1  3   8.4 1017  66  1.4 1  5.5  79    0    0 256 -344  2
4218500 2850500  4  1  4   8.1 1017  64  2.5 0  5.3  78    0    0 251 -341  2
4218500 2850500  4  1  5   6.8 1017  61  2.1 0  5.1  80    0    0 246 -338  2
4218500 2850500  4  1  6   7.0 1017  70  1.7 0  4.8  79    0    0 244 -336  2
4218500 2850500  4  1  7   7.5 1017  76  3.0 0  4.8  75   13   41 243 -335  2
4218500 2850500  4  1  8   9.2 1017  96  2.3 0  4.9  72   87  102 244 -339  2
4218500 2850500  4  1  9  11.3 1017  71  1.8 0  5.0  64  207  142 247 -350  2
4218500 2850500  4  1 10  13.6 1018  73  2.5 0  5.0  56  323  165 253 -364  2
4218500 2850500  4  1 11  15.9 1018  79  3.6 0  4.9  47  417  179 260 -379  2
4218500 2850500  4  1 12  17.2 1018  85  4.5 0  4.7  40  475  185 265 -394  2
4218500 2850500  4  1 13  17.9 1018 100  4.9 0  4.5  36  476  195 269 -406  2
4218500 2850500  4  1 14  18.4 1017  89  5.1 0  4.1  32  421  206 270 -414  2
4218500 2850500  4  1 15  18.5 1017  74  4.8 0  3.8  29  328  210 270 -416  2
4218500 2850500  4  1 16  18.5 1016  78  4.8 0  4.0  30  241  180 271 -413  2
4218500 2850500  4  1 17  18.0 1015  72  4.3 0  4.1  32  132  140 270 -405  2
4218500 2850500  4  1 18  17.0 1015  86  3.9 0  4.1  33   32   83 267 -392  2
4218500 2850500  4  1 19  14.9 1015  74  3.4 0  4.1  37    0   14 263 -377  2
4218500 2850500  4  1 20  14.6 1015  62  2.2 0  4.1  39    0    0 258 -365  2
4218500 2850500  4  1 21  12.6 1015  74  2.5 0  4.1  42    0    0 255 -360  2
4218500 2850500  4  1 22  12.2 1016  84  3.0 0  4.3  48    0    0 252 -357  2
4218500 2850500  4  1 23  10.8 1016  73  1.8 0  4.3  52    0    0 250 -354  2
4218500 2850500  4  1 24   8.7 1015  76  2.2 0  4.2  56    0    0 245 -351  2
4218500 2850500  4  2  1   9.1 1015  96  2.9 1  4.2  59    0    0 244 -349  2
4218500 2850500  4  2  2   8.2 1015  81  1.9 1  4.3  62    0    0 246 -346  2
4218500 2850500  4  2  3   7.9 1015  66  2.1 0  4.3  64    0    0 242 -343  2
4218500 2850500  4  2  4   7.1 1014  83  2.9 0  4.2  66    0    0 239 -340  2
4218500 2850500  4  2  5   6.5 1014  65  2.1 0  4.2  68    0    0 237 -338  2
4218500 2850500  4  2  6   6.8 1014  29  1.0 0  4.2  69    0    0 236 -336  2
4218500 2850500  4  2  7   6.0 1014  73  2.2 0  4.2  71   18   43 235 -335  2
4218500 2850500  4  2  8   8.5 1015  84  2.5 0  4.4  69   95  105 236 -339  2
4218500 2850500  4  2  9  10.7 1015  70  1.9 0  4.7  63  212  145 240 -350  2
4218500 2850500  4  2 10  13.0 1016  80  1.9 0  4.7  54  327  168 245 -363  2
4218500 2850500  4  2 11  15.6 1016 108  3.2 2  4.6  46  404  190 258 -378  2
4218500 2850500  4  2 12  17.1 1016  99  4.3 4  4.1  36  390  241 276 -393  2
4218500 2850500  4  2 13  17.7 1016 101  3.9 5  3.7  30  356  272 289 -405  2
4218500 2850500  4  2 14  17.9 1016  80  3.0 6  3.8  30  278  286 299 -413  2
4218500 2850500  4  2 15  17.4 1015  74  4.1 5  3.8  30  134  282 300 -415  2
4218500 2850500  4  2 16  16.8 1015  87  3.1 6  3.9  33   37  209 299 -412  2
4218500 2850500  4  2 17  16.1 1015  88  2.7 7  4.2  36   21  147 304 -405  2
4218500 2850500  4  2 18  15.4 1015  85  1.4 7  4.3  39    6   76 306 -392  2
4218500 2850500  4  2 19  15.1 1015  56  1.8 7  4.0  38    0    7 302 -377  2
4218500 2850500  4  2 20  12.8 1015  35  1.4 8  4.1  42    0    0 301 -365  2
4218500 2850500  4  2 21  11.6 1016  17  1.4 7  4.2  48    0    0 297 -359  2
4218500 2850500  4  2 22  10.2 1016  37  2.2 6  4.4  54    0    0 288 -354  2
4218500 2850500  4  2 23  10.3 1015  31  1.8 6  4.6  60    0    0 285 -350  2
4218500 2850500  4  2 24   9.4 1016  20  0.9 7  4.7  63    0    0 287 -348  2
4218500 2850500  4  3  1   8.5 1016  15  2.0 6  4.8  68    0    0 285 -345  2
4218500 2850500  4  3  2   6.9 1016  10  1.1 5  4.9  75    0    0 275 -343  2
4218500 2850500  4  3  3   6.1 1016   7  1.1 3  4.8  80    0    0 262 -341  2
4218500 2850500  4  3  4   6.4 1016  88  1.6 3  4.8  82    0    0 256 -338  2
4218500 2850500  4  3  5   5.0 1016   9  0.5 3  4.8  84    0    0 255 -336  2
4218500 2850500  4  3  6   5.6 1016  27  0.7 3  4.6  83    0    0 253 -333  2
4218500 2850500  4  3  7   6.2 1017 121  1.7 5  4.6  80    4   35 261 -333  2
4218500 2850500  4  3  8   8.8 1017  96  2.5 6  4.8  75   48  108 276 -339  2
4218500 2850500  4  3  9  11.3 1017 103  2.2 5  4.8  63  143  163 283 -352  2
4218500 2850500  4  3 10  13.9 1018 154  1.7 6  4.7  52  227  212 290 -368  2
4218500 2850500  4  3 11  16.0 1018 137  1.2 6  4.7  44  300  242 299 -384  2
4218500 2850500  4  3 12  16.9 1018 110  1.8 6  4.4  38  307  276 303 -400  2
4218500 2850500  4  3 13  17.8 1018  94  1.9 7  4.1  33  234  312 309 -412  2
4218500 2850500  4  3 14  17.9 1017  86  2.1 7  4.0  31  166  309 313 -420  2
4218500 2850500  4  3 15  17.6 1017  89  1.5 7  3.8  30   55  260 312 -423  2
4218500 2850500  4  3 16  17.7 1017 108  1.8 7  3.6  29   24  194 312 -420  2
4218500 2850500  4  3 17  17.3 1016 108  1.5 7  3.7  30   20  143 311 -412  2
4218500 2850500  4  3 18  16.2 1016  68  1.4 7  3.8  32    0   54 308 -398  2
4218500 2850500  4  3 19  15.8 1016 104  1.8 7  3.7  33    0    9 304 -382  2
4218500 2850500  4  3 20  15.1 1016  83  0.9 6  3.7  34    0    0 298 -369  2
4218500 2850500  4  3 21  12.8 1016  32  0.9 5  3.7  38    0    0 288 -362  2
4218500 2850500  4  3 22  11.3 1016 117  1.4 4  4.0  46    0    0 279 -357  2
4218500 2850500  4  3 23  10.4 1016 359  0.5 4  4.1  50    0    0 273 -354  2
4218500 2850500  4  3 24   9.3 1015  10  0.5 6  4.1  55    0    0 278 -350  2
4218500 2850500  4  4  1   8.5 1015 181  1.6 4  4.2  60    0    0 277 -347  2
4218500 2850500  4  4  2   7.1 1015 103  0.9 3  4.2  64    0    0 265 -344  2
4218500 2850500  4  4  3   6.4 1015 357  0.6 4  4.3  70    0    0 263 -340  2
4218500 2850500  4  4  4   6.0 1015 145  1.5 3  4.4  75    0    0 263 -336  2
4218500 2850500  4  4  5   5.0 1014 328  1.2 3  4.4  79    0    0 257 -331  2
4218500 2850500  4  4  6   5.8 1014   3  0.6 4  4.5  81    0    0 261 -328  2
4218500 2850500  4  4  7   6.9 1014 165  1.0 3  4.7  79   25   50 265 -331  2
4218500 2850500  4  4  8  10.1 1015 171  0.9 1  5.2  75  107  113 259 -339  2
4218500 2850500  4  4  9  13.2 1016 272  0.9 1  5.2  61  220  159 258 -351  2
4218500 2850500  4  4 10  15.8 1016 234  1.8 1  4.7  46  325  189 267 -366  2
4218500 2850500  4  4 11  17.3 1016 210  1.9 1  4.6  39  414  207 275 -383  2
4218500 2850500  4  4 12  17.8 1016 221  2.3 2  4.2  34  459  219 285 -399  2
4218500 2850500  4  4 13  18.3 1016 198  2.0 4  3.8  30  377  273 302 -412  2
4218500 2850500  4  4 14  19.0 1016 261  1.4 4  3.8  28  325  278 313 -420  2
4218500 2850500  4  4 15  19.3 1015 283  2.3 4  4.2  30  264  257 316 -421  2
4218500 2850500  4  4 16  18.8 1015 309  2.5 4  5.1  38  210  207 317 -417  2
4218500 2850500  4  4 17  18.3 1015 308  2.8 2  5.9  44  122  152 307 -408  2
4218500 2850500  4  4 18  17.3 1015 290  3.4 2  6.1  48   36   85 295 -394  2
4218500 2850500  4  4 19  15.0 1015 330  2.9 2  6.2  54    0   18 289 -378  2
4218500 2850500  4  4 20  13.7 1016 339  2.0 1  6.1  60    0    0 278 -366  2
4218500 2850500  4  4 21  13.0 1017  39  3.9 1  6.0  63    0    0 268 -358  2
4218500 2850500  4  4 22  11.5 1017  47  3.4 1  5.5  62    0    0 262 -353  2
4218500 2850500  4  4 23  10.0 1017  39  2.6 1  5.0  62    0    0 255 -349  2
4218500 2850500  4  4 24   8.7 1018  27  1.8 0  4.8  66    0    0 247 -346  2
4218500 2850500  4  5  1   7.9 1018  50  2.6 0  4.7  70    0    0 241 -342  2
4218500 2850500  4  5  2   7.3 1019  21  1.8 0  4.7  72    0    0 238 -340  2
4218500 2850500  4  5  3   5.9 1019   4  1.5 0  4.6  77    0    0 236 -336  2
4218500 2850500  4  5  4   5.9 1019  29  1.8 0  4.6  80    0    0 233 -333  2
4218500 2850500  4  5  5   5.3 1019  15  1.9 0  4.6  82    0    0 232 -330  2
4218500 2850500  4  5  6   3.7 1020  34  2.0 1  4.5  86    0    1 232 -328  2
4218500 2850500  4  5  7   4.0 1020  71  1.9 1  4.3  87   22   45 233 -330  2
4218500 2850500  4  5  8   4.4 1021  88  1.3 2  4.5  89  104  105 237 -338  2
4218500 2850500  4  5  9   6.3 1021 116  1.3 2  4.8  86  229  143 244 -351  2
4218500 2850500  4  5 10   8.9 1021 180  1.9 0  5.0  77  350  163 244 -367  2
4218500 2850500  4  5 11  11.1 1021 229  1.5 0  5.1  68  450  174 248 -384  2
4218500 2850500  4  5 12  13.7 1022 233  2.0 0  5.4  60  509  179 259 -400  2
4218500 2850500  4  5 13  15.0 1022 229  2.7 0  5.4  53  517  182 270 -412  2
4218500 2850500  4  5 14  16.6 1021 284  2.9 0  5.0  45  470  184 276 -420  2
4218500 2850500  4  5 15  17.1 1021 275  3.3 1  4.9  42  393  177 283 -423  2
4218500 2850500  4  5 16  17.2 1021 252  3.5 1  4.9  40  285  160 287 -421  2
4218500 2850500  4  5 17  16.4 1020 223  4.5 0  5.3  45  156  133 285 -414  2
4218500 2850500  4  5 18  15.9 1020 228  4.2 0  6.2  54   46   82 285 -403  2
4218500 2850500  4  5 19  14.0 1020 225  3.8 0  6.6  63    1   20 290 -390  2
4218500 2850500  4  5 20  12.7 1020 222  3.2 0  6.9  72    0    0 292 -379  2
4218500 2850500  4  5 21  11.8 1020 189  3.1 0  6.9  78    0    0 293 -374  2
4218500 2850500  4  5 22  11.6 1020 199  3.4 4  6.9  81    0    0 304 -371  2
4218500 2850500  4  5 23  11.6 1019 227  4.1 5  7.0  83    0    0 316 -368  2
4218500 2850500  4  5 24  12.1 1019 226  3.5 6  7.0  82    0    0 323 -367  2
4218500 2850500  4  6  1  12.4 1018 238  3.8 7  7.0  79    0    0 331 -367  2
4218500 2850500  4  6  2  12.2 1018 237  3.7 7  7.1  80    0    0 336 -368  2
4218500 2850500  4  6  3  12.4 1018 211  3.1 7  7.2  81    0    0 339 -368  2
4218500 2850500  4  6  4  12.2 1017 236  3.3 7  7.2  81    0    0 341 -368  2
4218500 2850500  4  6  5  12.0 1017 229  3.3 8  7.3  83    0    0 346 -369  2
4218500 2850500  4  6  6  11.3 1016 224  3.8 8  7.6  89    0    0 350 -370  2
4218500 2850500  4  6  7  11.4 1016 229  3.0 8  7.9  94    0   21 350 -371  2
4218500 2850500  4  6  8  12.0 1016 212  3.6 7  8.0  94   19  108 348 -374  2
4218500 2850500  4  6  9  13.2 1016 236  4.6 5  8.4  92   47  183 338 -378  2
4218500 2850500  4  6 10  14.2 1016 240  5.4 8  8.7  89    0  165 346 -385  2
4218500 2850500  4  6 11  14.6 1015 224  5.5 8  8.8  86    8  228 360 -397  2
4218500 2850500  4  6 12  16.0 1015 238  6.2 7  8.8  81   86  317 359 -403  2
4218500 2850500  4  6 13  17.7 1014 254  6.4 6  8.4  70  172  322 355 -408  2
4218500 2850500  4  6 14  18.3 1013 243  6.0 6  8.0  62  207  297 354 -418  2
4218500 2850500  4  6 15  19.3 1012 261  6.7 7  8.1  60   95  269 361 -423  2
4218500 2850500  4  6 16  19.3 1011 268  6.2 6  8.0  57   25  194 361 -424  2
4218500 2850500  4  6 17  16.7 1011 269  6.2 7  8.0  62    0   80 355 -420  2
4218500 2850500  4  6 18  15.3 1011 251  3.5 7  8.8  77    0   48 352 -411  2
4218500 2850500  4  6 19  14.9 1010 199  3.0 7  9.1  84    0   14 349 -400  2
4218500 2850500  4  6 20  14.2 1009 179  2.9 7  9.0  86    0    0 346 -392  2
4218500 2850500  4  6 21  14.1 1008 177  4.2 7  8.9  88    0    0 346 -388  2
4218500 2850500  4  6 22  13.5 1006 267  5.4 8  8.8  89    0    0 351 -385  2
4218500 2850500  4  6 23  12.2 1007 270  6.9 8  8.6  92    0    0 356 -383  2
4218500 2850500  4  6 24  12.0 1007 263  5.7 8  8.2  93    0    0 354 -382  2
4218500 2850500  4  7  1  11.5 1007 280  4.6 7  7.9  91    0    0 346 -382  2
4218500 2850500  4  7  2  11.3 1007 244  4.5 6  7.7  91    0    0 324 -381  2
4218500 2850500  4  7  3  10.4 1007 243  2.9 5  7.5  92    0    0 297 -378  2
4218500 2850500  4  7  4  10.0 1006 243  3.7 5  7.2  92    0    0 279 -373  2
4218500 2850500  4  7  5   9.8 1006 239  3.3 5  7.0  91    0    0 270 -369  2
4218500 2850500  4  7  6   9.1 1005 225  3.5 6  6.8  92    0    0 283 -366  2
4218500 2850500  4  7  7   9.4 1005 247  4.4 7  6.7  92    1   31 308 -365  2
4218500 2850500  4  7  8  10.4 1005 256  5.3 7  6.8  89    1   85 321 -368  2
4218500 2850500  4  7  9  11.0 1005 255  6.3 7  6.8  84    0  123 324 -373  2
4218500 2850500  4  7 10  11.8 1005 266  6.0 8  6.8  80    1  169 335 -376  2
4218500 2850500  4  7 11  12.0 1005 261  6.6 7  6.7  77    7  224 338 -380  2
4218500 2850500  4  7 12  12.9 1005 242  6.7 7  6.7  73   80  303 331 -382  2
4218500 2850500  4  7 13  13.7 1004 266  6.8 7  6.6  68   59  295 333 -388  2
4218500 2850500  4  7 14  14.1 1004 310  6.7 7  6.6  66   19  244 335 -391  2
4218500 2850500  4  7 15  10.2 1003 277  4.8 8  6.7  75    2  177 334 -382  2
4218500 2850500  4  7 16  12.1 1004 266  5.5 6  6.7  80   89  203 327 -380  2
4218500 2850500  4  7 17  12.0 1003 236  5.8 6  6.5  74   61  143 321 -379  2
4218500 2850500  4  7 18  11.4 1003 281  5.4 4  6.4  74   50   74 310 -375  2
4218500 2850500  4  7 19  10.1 1003 298  5.2 6  6.3  77    0   17 307 -369  2
4218500 2850500  4  7 20   9.8 1004 280  3.6 6  5.9  77    0    0 312 -362  2
4218500 2850500  4  7 21   9.3 1005 276  3.8 5  5.6  75    0    0 306 -359  2
4218500 2850500  4  7 22   9.3 1005 273  4.0 6  5.9  80    0    0 307 -358  2
4218500 2850500  4  7 23   9.1 1005 272  4.9 7  6.1  84    0    0 316 -356  2
4218500 2850500  4  7 24   9.0 1006 279  4.3 6  6.0  83    0    0 316 -354  2
4218500 2850500  4  8  1   7.9 1006 291  3.5 7  6.0  87    0    0 314 -350  2
4218500 2850500  4  8  2   7.9 1006 264  3.4 7  6.1  91    0    0 318 -346  2
4218500 2850500  4  8  3   8.0 1006 268  4.5 7  6.1  92    0    0 317 -346  2
4218500 2850500  4  8  4   7.8 1006 268  4.6 7  6.0  90    0    0 318 -348  2
4218500 2850500  4  8  5   7.9 1006 272  5.4 7  6.0  90    0    0 319 -349  2
4218500 2850500  4  8  6   7.7 1007 275  5.5 7  6.1  91    0    2 321 -349  2
4218500 2850500  4  8  7   7.5 1006 278  5.0 7  6.0  92    1   38 322 -349  2
4218500 2850500  4  8  8   7.9 1007 268  4.5 8  6.0  91    1   90 329 -350  2
4218500 2850500  4  8  9   7.7 1007 273  5.0 8  6.0  91    0  127 335 -353  2
4218500 2850500  4  8 10   8.2 1008 300  4.5 7  6.2  92    2  192 331 -358  2
4218500 2850500  4  8 11   8.1 1009 286  5.3 7  6.2  92    0  135 327 -365  2
4218500 2850500  4  8 12   8.5 1010 287  5.0 8  6.4  93    0  105 330 -376  2
4218500 2850500  4  8 13   8.8 1010 306  5.5 7  6.3  90    0  155 327 -388  2
4218500 2850500  4  8 14   9.4 1012 331  4.6 6  6.1  85    1  199 317 -395  2
4218500 2850500  4  8 15   9.8 1013 329  4.2 7  6.1  81    0  144 316 -398  2
4218500 2850500  4  8 16  10.0 1013 330  4.1 7  6.0  78    0   99 316 -397  2
4218500 2850500  4  8 17   9.5 1013 292  4.0 8  5.8  78    0   51 316 -391  2
4218500 2850500  4  8 18   9.6 1013 330  2.9 7  5.9  80    0   44 313 -381  2
4218500 2850500  4  8 19   9.4 1013 342  2.7 8  5.9  80    0   12 310 -368  2
4218500 2850500  4  8 20   8.9 1014 318  1.6 8  5.8  80    0    0 309 -358  2
4218500 2850500  4  8 21   9.3 1015 274  1.6 8  5.9  82    0    0 309 -352  2
4218500 2850500  4  8 22   9.3 1015 276  2.0 8  6.0  82    0    0 312 -348  2
4218500 2850500  4  8 23   9.4 1016 257  1.7 8  6.0  83    0    0 312 -345  2
4218500 2850500  4  8 24   9.1 1016 259  1.6 6  6.1  84    0    0 306 -341  2
4218500 2850500  4  9  1   8.5 1016 285  2.4 6  6.0  85    0    0 298 -338  2
4218500 2850500  4  9  2   7.6 1017 267  2.5 5  5.8  87    0    0 293 -337  2
4218500 2850500  4  9  3   6.9 1017 277  2.7 1  5.6  88    0    0 270 -336  2
4218500 2850500  4  9  4   6.3 1017 296  4.3 4  5.5  91    0    0 263 -334  2
4218500 2850500  4  9  5   5.9 1017 289  4.4 6  5.5  94    0    0 284 -333  2
4218500 2850500  4  9  6   5.1 1017 282  5.1 8  5.4  96    0    3 302 -332  2
4218500 2850500  4  9  7   5.1 1017 289  4.1 7  5.3  98    0   34 307 -333  2
4218500 2850500  4  9  8   5.2 1018 287  4.6 7  5.4  98    0   76 305 -339  2
4218500 2850500  4  9  9   5.8 1018 276  4.7 8  5.4  96    0  112 314 -350  2
4218500 2850500  4  9 10   6.8 1018 285  4.4 7  5.4  91    3  191 317 -362  2
4218500 2850500  4  9 11   8.0 1018 269  4.8 7  5.4  84   12  248 315 -376  2
4218500 2850500  4  9 12   9.2 1018 274  4.5 7  5.4  78   64  325 320 -391  2
4218500 2850500  4  9 13   9.6 1018 259  4.3 4  5.4  74  229  341 308 -404  2
4218500 2850500  4  9 14  11.9 1017 257  5.0 2  5.5  68  438  242 288 -412  2
4218500 2850500  4  9 15  13.9 1018 279  4.9 2  5.6  61  372  223 283 -414  2
4218500 2850500  4  9 16  14.4 1017 280  4.4 2  5.6  56  273  192 287 -411  2
4218500 2850500  4  9 17  14.8 1017 256  4.6 3  5.7  55  149  154 292 -403  2
4218500 2850500  4  9 18  14.5 1016 271  4.1 5  5.8  56   32   91 307 -392  2
4218500 2850500  4  9 19  14.0 1016 275  3.0 7  5.8  58    0   17 325 -378  2
4218500 2850500  4  9 20  13.5 1016 276  2.7 8  5.9  60    0    0 335 -369  2
4218500 2850500  4  9 21  13.3 1016 251  2.6 7  6.1  63    0    0 333 -366  2
4218500 2850500  4  9 22  13.2 1016 262  2.8 7  6.2  65    0    0 328 -364  2
4218500 2850500  4  9 23  13.0 1016 254  2.8 7  6.3  67    0    0 327 -363  2
4218500 2850500  4  9 24  12.9 1016 267  3.3 8  6.5  70    0    0 330 -362  2
4218500 2850500  4 10  1  12.7 1015 266  2.7 8  6.8  74    0    0 334 -362  2
4218500 2850500  4 10  2  12.5 1015 247  2.5 8  7.0  77    0    0 331 -361  2
4218500 2850500  4 10  3  12.4 1014 239  3.0 8  6.9  77    0    0 330 -358  2
4218500 2850500  4 10  4  12.3 1014 263  3.4 8  6.8  76    0    0 328 -356  2
4218500 2850500  4 10  5  12.3 1014 259  3.5 8  7.0  78    0    0 327 -355  2
4218500 2850500  4 10  6  12.1 1013 250  3.0 8  7.1  80    0    2 327 -354  2
4218500 2850500  4 10  7  12.1 1013 266  2.9 8  7.2  81    3   44 327 -355  2
4218500 2850500  4 10  8  12.4 1013 264  3.7 6  7.3  82   17  115 317 -361  2
4218500 2850500  4 10  9  13.3 1013 263  4.4 6  7.3  79   53  196 307 -370  2
4218500 2850500  4 10 10  14.0 1013 286  4.2 7  7.2  74   30  240 316 -382  2
4218500 2850500  4 10 11  14.9 1012 266  4.1 7  7.2  70    3  220 326 -397  2
4218500 2850500  4 10 12  15.3 1012 259  5.0 7  7.4  69    2  226 331 -410  2
4218500 2850500  4 10 13  16.3 1011 246  5.0 6  7.5  67   49  308 329 -421  2
4218500 2850500  4 10 14  17.2 1010 249  5.2 7  7.5  63   47  292 334 -426  2
4218500 2850500  4 10 15  17.4 1010 257  5.0 6  7.6  61   26  245 338 -426  2
4218500 2850500  4 10 16  17.4 1009 269  4.9 6  7.5  60    5  168 333 -424  2
4218500 2850500  4 10 17  17.3 1008 263  4.5 7  7.3  59    9  137 337 -419  2
4218500 2850500  4 10 18  16.8 1008 261  3.8 7  7.2  59    3   75 342 -410  2
4218500 2850500  4 10 19  16.2 1008 284  2.6 6  7.3  62    0   17 335 -400  2
4218500 2850500  4 10 20  14.0 1007 273  2.4 6  7.4  69    0    0 327 -391  2
4218500 2850500  4 10 21  13.9 1008 272  1.9 5  7.3  73    0    0 321 -385  2
4218500 2850500  4 10 22  13.3 1008 284  2.4 3  7.2  74    0    0 304 -382  2
4218500 2850500  4 10 23  12.3 1007 273  2.3 3  7.2  78    0    0 289 -380  2
4218500 2850500  4 10 24  11.7 1007 270  2.1 2  7.1  81    0    0 282 -377  2
4218500 2850500  4 11  1  11.1 1007 274  3.1 5  7.0  83    0    0 293 -376  2
4218500 2850500  4 11  2  11.1 1006 271  2.4 6  7.0  84    0    0 317 -374  2
4218500 2850500  4 11  3  11.6 1006 270  3.1 7  7.0  83    0    0 332 -373  2
4218500 2850500  4 11  4  11.7 1006 277  2.9 7  7.0  82    0    0 341 -372  2
4218500 2850500  4 11  5  11.4 1006 269  3.6 7  7.0  82    0    0 342 -370  2
4218500 2850500  4 11  6  11.5 1005 273  3.0 7  7.0  82    0    0 343 -367  2
4218500 2850500  4 11  7  11.2 1005 260  2.9 8  7.1  83    0   20 349 -362  2
4218500 2850500  4 11  8  11.3 1005 279  3.6 7  7.2  86    1   87 347 -360  2
4218500 2850500  4 11  9  11.9 1005 282  3.7 8  7.3  86    1  132 345 -361  2
4218500 2850500  4 11 10  10.7 1005 301  4.4 8  7.4  88    0  145 346 -365  2
4218500 2850500  4 11 11  11.6 1006 270  5.2 7  7.2  87    9  225 338 -378  2
4218500 2850500  4 11 12  12.3 1006 275  4.5 7  6.9  78   21  263 334 -390  2
4218500 2850500  4 11 13  13.6 1005 279  5.9 6  6.5  69  131  297 331 -395  2
4218500 2850500  4 11 14  13.5 1005 266  8.1 5  5.7  59  103  282 321 -393  2
4218500 2850500  4 11 15  13.3 1005 296  7.3 6  4.8  50    9  203 317 -390  2
4218500 2850500  4 11 16  13.2 1005 310  6.9 4  4.5  47   30  194 313 -387  2
4218500 2850500  4 11 17  12.7 1005 294  8.2 3  4.4  47  131  129 300 -380  2
4218500 2850500  4 11 18  11.9 1005 285  6.2 4  4.4  49   64   76 297 -371  2
4218500 2850500  4 11 19   9.2 1005 311  6.3 6  4.7  59    0   20 299 -363  2
4218500 2850500  4 11 20   9.0 1005 280  5.9 7  4.9  68    0    0 302 -355  2
4218500 2850500  4 11 21   8.2 1006 263  4.6 7  4.9  70    0    0 302 -349  2
4218500 2850500  4 11 22   8.0 1006 260  4.9 6  5.0  74    0    0 296 -344  2
4218500 2850500  4 11 23   7.4 1006 260  5.0 5  4.9  75    0    0 284 -340  2
4218500 2850500  4 11 24   6.7 1005 266  4.3 2  4.8  77    0    0 266 -338  2
4218500 2850500  4 12  1   6.3 1005 245  4.0 0  4.7  78    0    0 243 -336  2
4218500 2850500  4 12  2   5.7 1004 233  4.7 0  4.6  79    0    0 231 -333  2
4218500 2850500  4 12  3   5.7 1003 247  4.3 2  4.6  80    0    0 236 -331  2
4218500 2850500  4 12  4   6.4 1003 257  4.3 6  4.6  78    0    0 265 -329  2
4218500 2850500  4 12  5   6.1 1002 227  3.5 7  4.6  77    0    0 290 -327  2
4218500 2850500  4 12  6   5.4 1001 211  3.8 7  4.5  79    0    6 294 -325  2
4218500 2850500  4 12  7   5.7 1000 226  4.6 7  4.6  80    0   36 294 -326  2
4218500 2850500  4 12  8   6.7 1000 213  4.4 6  4.7  78   38  145 289 -333  2
4218500 2850500  4 12  9   8.7  999 219  6.7 6  4.9  74  126  234 287 -343  2
4218500 2850500  4 12 10  10.3  998 222  6.9 7  5.0  67  106  309 298 -357  2
4218500 2850500  4 12 11  11.1  997 221  7.5 6  4.8  59   95  354 303 -370  2
4218500 2850500  4 12 12  11.7  996 212  7.8 6  4.6  54   69  361 303 -380  2
4218500 2850500  4 12 13  11.9  995 211  8.1 7  4.6  53   16  289 313 -385  2
4218500 2850500  4 12 14  12.0  994 198  8.1 7  4.5  51    9  257 320 -387  2
4218500 2850500  4 12 15  12.7  993 204  9.1 7  4.5  50   31  276 321 -389  2
4218500 2850500  4 12 16  12.3  992 223  9.1 6  4.4  48   23  219 315 -390  2
4218500 2850500  4 12 17  10.4  992 213  4.4 7  4.7  56    0   77 314 -385  2
4218500 2850500  4 12 18   9.9  992 190  5.2 7  5.3  67    0   28 318 -379  2
4218500 2850500  4 12 19  10.3  991 210  6.4 8  5.4  68    0   13 324 -370  2
4218500 2850500  4 12 20   9.9  991 221  5.5 7  5.1  65    0    0 322 -363  2
4218500 2850500  4 12 21   9.6  991 215  5.0 6  5.1  66    0    0 308 -357  2
4218500 2850500  4 12 22   9.0  991 206  4.6 5  5.1  68    0    0 295 -355  2
4218500 2850500  4 12 23   8.5  991 205  5.2 5  5.1  71    0    0 287 -353  2
4218500 2850500  4 12 24   7.3  991 194  3.7 4  5.1  75    0    0 278 -353  2
4218500 2850500  4 13  1   6.2  991 190  3.9 2  5.0  80    0    0 255 -352  2
4218500 2850500  4 13  2   6.1  991 187  3.7 3  5.0  83    0    0 250 -351  2
4218500 2850500  4 13  3   6.8  990 190  3.2 5  5.1  83    0    0 272 -350  2
4218500 2850500  4 13  4   6.9  990 204  3.4 3  5.2  83    0    0 271 -350  2
4218500 2850500  4 13  5   6.5  990 191  2.9 4  5.2  84    0    0 262 -349  2
4218500 2850500  4 13  6   6.5  990 201  2.9 7  5.3  85    0    5 289 -347  2
4218500 2850500  4 13  7   7.6  989 190  3.5 7  5.4  85    1   43 311 -347  2
4218500 2850500  4 13  8   7.9  990 189  3.7 6  5.6  83   62  115 304 -351  2
4218500 2850500  4 13  9   9.4  989 206  4.8 5  5.8  81  315   78 293 -360  2
4218500 2850500  4 13 10  11.0  989 226  5.7 5  5.8  74  232  201 291 -372  2
4218500 2850500  4 13 11  12.4  989 226  5.8 6  5.6  64   86  281 304 -384  2
4218500 2850500  4 13 12  12.5  989 227  6.3 4  5.3  57  111  302 304 -394  2
4218500 2850500  4 13 13  12.7  989 251  7.9 4  4.9  53  149  304 303 -401  2
4218500 2850500  4 13 14  11.6  989 244  7.4 6  5.0  55    7  228 312 -400  2
4218500 2850500  4 13 15  10.4  989 255  5.9 7  5.3  63    0  117 320 -396  2
4218500 2850500  4 13 16  13.2  989 273  6.9 6  5.1  58   57  206 320 -393  2
4218500 2850500  4 13 17  10.0  989 239  7.2 6  5.1  58   16  142 314 -386  2
4218500 2850500  4 13 18  10.1  990 272  7.6 3  5.1  65  104   70 296 -376  2
4218500 2850500  4 13 19   8.7  990 276  5.6 2  4.8  64   24   31 277 -366  2
4218500 2850500  4 13 20   7.9  991 270  4.6 3  4.7  67    0    0 271 -358  2
4218500 2850500  4 13 21   6.8  992 273  4.6 2  4.6  70    0    0 264 -352  2
4218500 2850500  4 13 22   5.9  992 277  2.9 1  4.4  73    0    0 249 -346  2
4218500 2850500  4 13 23   5.1  993 247  3.3 1  4.4  78    0    0 242 -342  2
4218500 2850500  4 13 24   4.8  993 234  2.6 2  4.4  79    0    0 243 -337  2
4218500 2850500  4 14  1   3.8  993 253  2.9 2  4.2  80    0    0 243 -332  2
4218500 2850500  4 14  2   3.7  992 191  2.2 3  4.2  83    0    0 244 -328  2
4218500 2850500  4 14  3   3.8  992 163  1.7 5  4.3  84    0    0 257 -325  2
4218500 2850500  4 14  4   3.3  991 158  2.1 6  4.2  85    0    0 269 -323  2
4218500 2850500  4 14  5   2.8  991 153  1.7 6  4.2  87    0    0 272 -321  2
4218500 2850500  4 14  6   3.0  990 131  2.5 7  4.2  89    0    2 275 -322  2
4218500 2850500  4 14  7   3.0  990 151  2.8 8  4.4  90    0   20 284 -326  2
4218500 2850500  4 14  8   2.6  990 187  2.0 8  4.4  92    0   46 287 -333  2
4218500 2850500  4 14  9   2.7  990 259  4.7 7  4.4  93    0   67 282 -339  2
4218500 2850500  4 14 10   0.5  990 246  5.3 8  4.1  95    0   83 280 -347  2
4218500 2850500  4 14 11   0.7  991 248  5.3 7  3.9  97    0  136 278 -358  2
4218500 2850500  4 14 12   2.3  992 231  4.4 7  4.2  98   50  272 275 -368  2
4218500 2850500  4 14 13   5.0  992 247  4.2 7  4.8  96   59  278 280 -373  2
4218500 2850500  4 14 14   5.0  993 240  4.3 8  5.1  91    0  102 285 -370  2
4218500 2850500  4 14 15   7.7  993 230  5.6 7  4.7  78    0  172 286 -370  2
4218500 2850500  4 14 16   6.9  993 239  5.9 6  4.7  72  164  168 279 -371  2
4218500 2850500  4 14 17   8.1  993 226  3.8 5  4.5  69  251   61 270 -364  2
4218500 2850500  4 14 18   8.0  993 187  4.0 7  4.3  63   46   80 276 -356  2
4218500 2850500  4 14 19   7.5  993 178  2.6 7  4.3  64    1   24 285 -347  2
4218500 2850500  4 14 20   7.2  993 137  2.9 8  4.3  65    0    0 289 -338  2
4218500 2850500  4 14 21   6.7  993 125  3.2 8  4.3  68    0    0 293 -335  2
4218500 2850500  4 14 22   6.7  992 122  4.7 8  4.3  70    0    0 293 -335  2
4218500 2850500  4 14 23   6.7  991 120  4.5 8  4.3  69    0    0 294 -335  2
4218500 2850500  4 14 24   7.4  990 145  3.9 8  4.3  67    0    0 297 -336  2
4218500 2850500  4 15  1   7.5  990 147  5.4 8  4.2  64    0    0 301 -335  2
4218500 2850500  4 15  2   7.4  989 142  5.1 8  4.2  64    0    0 304 -335  2
4218500 2850500  4 15  3   7.5  988 148  5.6 8  4.3  65    0    0 308 -335  2
4218500 2850500  4 15  4   8.2  988 173  5.7 8  4.3  64    0    0 311 -336  2
4218500 2850500  4 15  5   8.7  987 171  5.7 8  4.4  63    0    0 312 -337  2
4218500 2850500  4 15  6   9.6  987 207  8.1 7  4.7  64    0    6 307 -339  2
4218500 2850500  4 15  7   9.4  989 248  8.1 6  4.9  64   44   86 297 -339  2
4218500 2850500  4 15  8   7.5  991 255  8.4 6  4.5  63   35  148 285 -340  2
4218500 2850500  4 15  9   6.6  993 250  7.9 7  4.1  64    0  140 283 -341  2
4218500 2850500  4 15 10   6.5  995 267  6.3 7  4.1  66    0  170 286 -346  2
4218500 2850500  4 15 11   6.4  996 251  5.2 8  4.0  66    0  155 291 -355  2
4218500 2850500  4 15 12   6.5  998 263  5.0 8  4.1  67    0  175 297 -364  2
4218500 2850500  4 15 13   6.8  999 244  3.6 8  4.1  66    2  233 298 -370  2
4218500 2850500  4 15 14   7.0 1000 211  5.1 8  4.1  65    0  178 302 -374  2
4218500 2850500  4 15 15   7.3 1000 223  4.9 8  4.0  63    0  113 305 -373  2
4218500 2850500  4 15 16   7.4 1000 194  4.3 8  4.1  64    0   88 308 -370  2
4218500 2850500  4 15 17   7.2 1000 186  3.6 8  4.3  67    0  100 308 -369  2
4218500 2850500  4 15 18   6.7 1001 167  3.3 8  4.5  71    0   50 309 -361  2
4218500 2850500  4 15 19   6.3 1001 195  2.8 8  4.5  74    0    7 309 -353  2
4218500 2850500  4 15 20   6.0 1000 188  2.1 8  4.6  77    0    0 308 -345  2
4218500 2850500  4 15 21   5.4 1001 152  2.6 7  4.6  80    0    0 302 -342  2
4218500 2850500  4 15 22   5.4 1001 171  2.7 8  4.8  84    0    0 302 -340  2
4218500 2850500  4 15 23   5.1 1002 179  2.4 8  4.8  87    0    0 308 -338  2
4218500 2850500  4 15 24   5.3 1002 174  2.9 8  4.8  86    0    0 309 -337  2
4218500 2850500  4 16  1   5.3 1002 189  3.3 8  4.7  85    0    0 310 -336  2
4218500 2850500  4 16  2   5.2 1002 195  2.8 8  4.7  84    0    0 311 -335  2
4218500 2850500  4 16  3   4.7 1002 189  2.8 8  4.6  84    0    0 311 -335  2
4218500 2850500  4 16  4   4.2 1002 174  2.8 7  4.6  87    0    0 302 -335  2
4218500 2850500  4 16  5   4.1 1002 167  2.5 7  4.6  89    0    0 294 -335  2
4218500 2850500  4 16  6   4.3 1003 165  2.9 7  4.6  89    0    6 293 -335  2
4218500 2850500  4 16  7   4.5 1003 182  3.0 8  4.7  89    0   24 301 -336  2
4218500 2850500  4 16  8   4.8 1004 172  3.1 7  4.8  89    3   95 301 -340  2
4218500 2850500  4 16  9   5.6 1004 184  3.2 8  4.8  86    4  151 303 -346  2
4218500 2850500  4 16 10   6.8 1004 174  2.8 8  4.7  79   15  222 313 -351  2
4218500 2850500  4 16 11   7.4 1004 189  1.8 8  4.7  74   23  255 318 -355  2
4218500 2850500  4 16 12   7.6 1005 220  2.0 7  4.5  69   50  295 318 -361  2
4218500 2850500  4 16 13   8.5 1005 186  2.6 6  4.4  66  135  312 313 -365  2
4218500 2850500  4 16 14  10.0 1005 163  2.4 6  4.5  62  150  295 314 -366  2
4218500 2850500  4 16 15   9.2 1004 115  3.3 6  4.5  60  105  261 312 -368  2
4218500 2850500  4 16 16   8.9 1003 107  3.5 6  4.4  62   27  198 306 -363  2
4218500 2850500  4 16 17   8.4 1003  81  3.8 6  4.6  65    6  128 300 -359  2
4218500 2850500  4 16 18   7.4 1004  93  3.8 7  4.7  70    0   38 299 -357  2
4218500 2850500  4 16 19   6.7 1003 102  3.5 7  4.7  74    0   11 299 -352  2
4218500 2850500  4 16 20   6.1 1002  78  3.0 7  4.7  79    0    0 295 -348  2
4218500 2850500  4 16 21   5.6 1002  82  3.1 7  4.8  83    0    0 292 -342  2
4218500 2850500  4 16 22   5.5 1002  57  2.8 8  4.8  85    0    0 293 -336  2
4218500 2850500  4 16 23   5.0 1002  15  2.6 8  4.9  88    0    0 294 -331  2
4218500 2850500  4 16 24   4.8 1001  25  2.2 8  4.9  90    0    0 292 -329  2
4218500 2850500  4 17  1   4.7 1001  18  3.9 8  4.9  91    0    0 291 -326  2
4218500 2850500  4 17  2   4.3 1000   7  4.6 8  4.8  91    0    0 290 -323  2
4218500 2850500  4 17  3   3.9  999 354  4.7 8  4.7  92    0    0 289 -322  2
4218500 2850500  4 17  4   3.4  998 354  4.9 8  4.6  93    0    0 284 -321  2
4218500 2850500  4 17  5   3.4  998 355  5.5 8  4.6  93    0    0 281 -319  2
4218500 2850500  4 17  6   3.0  997 357  4.4 8  4.5  93    0    3 278 -318  2
4218500 2850500  4 17  7   2.8  997   0  5.4 8  4.4  94    1   47 275 -320  2
4218500 2850500  4 17  8   3.0  997 350  5.4 7  4.4  94    0   53 270 -328  2
4218500 2850500  4 17  9   3.0  997 344  4.4 7  4.5  94    0   71 267 -342  2
4218500 2850500  4 17 10   3.5  997 336  5.3 7  4.6  94    0  129 269 -356  2
4218500 2850500  4 17 11   3.5  997 326  5.9 7  4.7  94    0  125 272 -371  2
4218500 2850500  4 17 12   3.7  997 325  6.0 7  4.7  93    0  126 275 -384  2
4218500 2850500  4 17 13   4.1  996 338  6.1 7  4.7  91    0  135 277 -394  2
4218500 2850500  4 17 14   4.0  996 303  4.6 8  4.6  89    0  101 280 -400  2
4218500 2850500  4 17 15   3.9  996 325  5.3 8  4.6  89    0   83 283 -401  2
4218500 2850500  4 17 16   3.7  997 296  5.5 7  4.6  90    0   77 279 -390  2
4218500 2850500  4 17 17   3.5  997 266  5.5 7  4.6  92    0   60 273 -379  2
4218500 2850500  4 17 18   3.5  997 324  5.5 8  4.6  92    0   32 275 -372  2
4218500 2850500  4 17 19   3.5  997 297  4.4 8  4.6  92    0   12 278 -362  2
4218500 2850500  4 17 20   3.6  997 280  3.8 8  4.5  91    0    0 278 -353  2
4218500 2850500  4 17 21   3.3  997 304  5.6 8  4.5  91    0    0 278 -348  2
4218500 2850500  4 17 22   3.3  998 314  5.3 7  4.5  92    0    0 274 -346  2
4218500 2850500  4 17 23   3.0  998 298  5.3 7  4.5  94    0    0 270 -343  2
4218500 2850500  4 17 24   3.0  998 280  5.7 7  4.5  94    0    0 270 -340  2
4218500 2850500  4 18  1   3.0  998 287  4.5 8  4.5  94    0    0 275 -338  2
4218500 2850500  4 18  2   2.9  998 264  4.1 8  4.5  95    0    0 279 -337  2
4218500 2850500  4 18  3   3.6  997 265  5.4 8  4.6  94    0    0 280 -335  2
4218500 2850500  4 18  4   4.1  997 274  5.4 8  4.8  94    0    0 282 -332  2
4218500 2850500  4 18  5   4.4  997 264  6.5 8  4.9  93    0    0 285 -330  2
4218500 2850500  4 18  6   4.4  997 282  6.8 8  4.9  92    0    3 287 -328  2
4218500 2850500  4 18  7   4.6  997 290  5.7 8  4.9  92    0   23 289 -330  2
4218500 2850500  4 18  8   4.9  998 272  5.9 8  4.9  91    2  107 290 -338  2
4218500 2850500  4 18  9   5.6  998 266  7.2 7  4.9  87   20  215 287 -350  2
4218500 2850500  4 18 10   6.2  999 274  7.8 7  4.7  81   38  293 285 -365  2
4218500 2850500  4 18 11   7.4 1000 280  7.9 7  4.7  75   95  379 289 -381  2
4218500 2850500  4 18 12   8.6 1000 256  7.8 6  4.6  68  103  409 290 -394  2
4218500 2850500  4 18 13   8.5 1000 276  8.0 6  4.3  61   89  402 288 -402  2
4218500 2850500  4 18 14   9.2 1001 293  7.5 7  4.0  57   54  355 294 -409  2
4218500 2850500  4 18 15   9.5 1001 246  7.3 7  4.1  55   67  332 297 -412  2
4218500 2850500  4 18 16  10.3 1002 264  7.2 6  4.1  53   69  281 291 -408  2
4218500 2850500  4 18 17  10.6 1002 267  8.7 5  3.9  49   67  215 278 -400  2
4218500 2850500  4 18 18   9.4 1003 259  5.8 5  3.9  51   34  129 270 -389  2
4218500 2850500  4 18 19   9.6 1003 275  6.2 5  3.9  53    3   38 269 -376  2
4218500 2850500  4 18 20   8.8 1004 270  5.4 5  3.7  51    0    0 270 -363  2
4218500 2850500  4 18 21   7.2 1005 268  5.2 3  3.7  55    0    0 258 -355  2
4218500 2850500  4 18 22   6.5 1005 275  4.9 2  3.6  59    0    0 242 -350  2
4218500 2850500  4 18 23   5.9 1006 264  4.2 1  3.4  58    0    0 231 -347  2
4218500 2850500  4 18 24   4.7 1006 276  4.6 2  3.2  58    0    0 231 -343  2
4218500 2850500  4 19  1   3.7 1007 285  3.9 2  3.2  62    0    0 234 -339  2
4218500 2850500  4 19  2   3.0 1008 262  3.5 2  3.4  70    0    0 234 -335  2
4218500 2850500  4 19  3   2.3 1009 273  3.7 2  3.5  76    0    0 232 -333  2
4218500 2850500  4 19  4   1.8 1009 285  3.7 2  3.6  80    0    0 230 -330  2
4218500 2850500  4 19  5   1.8 1010 268  3.8 1  3.6  82    0    0 224 -327  2
4218500 2850500  4 19  6   1.4 1010 265  3.0 1  3.6  85   13   17 215 -326  2
4218500 2850500  4 19  7   2.8 1010 284  3.6 1  3.7  84  104   61 213 -329  2
4218500 2850500  4 19  8   4.8 1011 292  3.9 0  3.9  78  259   75 209 -338  2
4218500 2850500  4 19  9   6.4 1012 298  4.3 0  3.9  68  427   70 206 -352  2
4218500 2850500  4 19 10   7.7 1012 302  3.9 1  3.8  60  566   66 217 -368  2
4218500 2850500  4 19 11   8.6 1012 282  4.2 1  3.7  54  651   81 228 -386  2
4218500 2850500  4 19 12   9.5 1011 291  5.7 1  3.2  45  700   84 231 -403  2
4218500 2850500  4 19 13  10.9 1012 313  5.3 1  2.9  38  676   97 237 -415  2
4218500 2850500  4 19 14  11.0 1012 267  4.9 2  2.8  35  501  184 248 -420  2
4218500 2850500  4 19 15  11.2 1012 296  4.3 2  2.7  33  369  208 254 -419  2
4218500 2850500  4 19 16  10.5 1012 317  4.6 2  2.9  36  278  183 254 -414  2
4218500 2850500  4 19 17   9.9 1012 318  3.8 2  3.0  39  160  152 252 -406  2
4218500 2850500  4 19 18  10.0 1012 324  3.7 3  3.0  40   60  103 254 -396  2
4218500 2850500  4 19 19   8.9 1011 313  3.1 1  3.0  40   13   37 248 -384  2
4218500 2850500  4 19 20   7.2 1011 320  2.2 2  3.0  45    0    0 243 -370  2
4218500 2850500  4 19 21   6.1 1012 350  1.9 1  3.1  52    0    0 243 -360  2
4218500 2850500  4 19 22   5.0 1012 356  1.7 1  3.2  57    0    0 241 -354  2
4218500 2850500  4 19 23   4.3 1012 353  1.1 0  3.3  63    0    0 240 -349  2
4218500 2850500  4 19 24   3.7 1012  23  2.0 0  3.4  68    0    0 240 -345  2
4218500 2850500  4 20  1   3.4 1012  37  2.0 0  3.5  72    0    0 242 -341  2
4218500 2850500  4 20  2   2.6 1013   6  1.1 0  3.5  75    0    0 241 -339  2
4218500 2850500  4 20  3   2.3 1013  14  0.5 0  3.5  78    0    0 238 -338  2
4218500 2850500  4 20  4   2.1 1013  20  1.4 0  3.5  80    0    0 237 -337  2
4218500 2850500  4 20  5   0.9 1013 305  0.6 1  3.5  82    0    0 238 -336  2
4218500 2850500  4 20  6   0.5 1013 324  0.7 3  3.4  86   18   19 246 -337  2
4218500 2850500  4 20  7   2.3 1013 333  1.4 2  3.6  87  106   60 252 -339  2
4218500 2850500  4 20  8   5.9 1013   8  1.7 1  4.0  79  253   76 251 -343  2
4218500 2850500  4 20  9   7.4 1013 335  1.6 1  3.9  65  415   73 253 -350  2
4218500 2850500  4 20 10   8.6 1013 331  2.0 2  3.7  56  548   72 259 -355  2
4218500 2850500  4 20 11   9.7 1013 303  3.9 2  3.5  49  473  174 267 -354  2
4218500 2850500  4 20 12  10.7 1013 327  3.4 3  3.3  43  491  201 275 -352  2
4218500 2850500  4 20 13  11.0 1013 318  3.1 2  3.1  38  571  162 277 -353  2
4218500 2850500  4 20 14  11.6 1012 298  3.4 1  3.0  36  576  135 270 -353  2
4218500 2850500  4 20 15  11.7 1012 313  2.7 1  2.9  34  512  123 266 -351  2
4218500 2850500  4 20 16  12.1 1011 322  2.7 1  2.8  33  422  102 265 -349  2
4218500 2850500  4 20 17  11.9 1011 320  2.3 1  2.8  32  275   98 265 -347  2
4218500 2850500  4 20 18  11.6 1010 309  1.7 0  2.9  34  122   84 257 -346  2
4218500 2850500  4 20 19  10.6 1010 327  2.5 1  2.9  36   19   38 253 -345  2
4218500 2850500  4 20 20   8.8 1009 160  2.0 0  2.8  39    0    0 252 -345  2
4218500 2850500  4 20 21   7.4 1009 116  2.1 0  2.9  43    0    0 242 -345  2
4218500 2850500  4 20 22   6.2 1008  83  2.1 0  2.9  48    0    0 235 -345  2
4218500 2850500  4 20 23   5.8 1008 120  2.6 1  3.3  56    0    0 230 -345  2
4218500 2850500  4 20 24   5.7 1008 157  3.3 3  3.7  62    0    0 228 -345  2
4218500 2850500  4 21  1   5.8 1006 201  4.0 4  4.0  67    0    0 304 -344  2
4218500 2850500  4 21  2   6.0 1006 216  4.7 6  4.2  70    0    0 300 -342  2
4218500 2850500  4 21  3   6.2 1006 241  5.3 6  4.3  71    0    0 284 -341  2
4218500 2850500  4 21  4   6.0 1006 236  5.4 6  4.1  70    0    0 280 -339  2
4218500 2850500  4 21  5   6.0 1006 277  5.5 7  4.3  72    0    0 290 -337  2
4218500 2850500  4 21  6   5.8 1005 268  5.4 7  4.2  73    0   10 295 -336  2
4218500 2850500  4 21  7   6.1 1005 265  5.9 6  4.3  74   67   57 291 -336  2
4218500 2850500  4 21  8   6.5 1005 275  6.0 6  4.3  73   30  138 286 -336  2
4218500 2850500  4 21  9   6.7 1005 280  7.3 8  4.2  70    3  159 295 -336  2
4218500 2850500  4 21 10   7.3 1006 289  8.4 6  4.3  69  121  256 297 -337  2
4218500 2850500  4 21 11   8.4 1006 292  8.3 6  4.3  64  164  286 292 -337  2
4218500 2850500  4 21 12   6.3 1006 277  7.3 7  4.1  64   59  306 294 -339  2
4218500 2850500  4 21 13   7.5 1006 278  7.4 7  4.3  69   96  323 296 -345  2
4218500 2850500  4 21 14   7.9 1006 288  8.6 7  4.0  61   86  303 297 -353  2
4218500 2850500  4 21 15   8.4 1007 279  7.7 5  3.5  52  211  247 289 -357  2
4218500 2850500  4 21 16   4.8 1006 304  9.3 5  3.5  58   96  215 277 -356  2
4218500 2850500  4 21 17   7.3 1007 289  6.4 4  3.8  65  157  144 272 -352  2
4218500 2850500  4 21 18   5.1 1007 297  4.5 5  4.1  69   34   98 273 -347  2
4218500 2850500  4 21 19   5.8 1007 287  6.4 4  4.1  72   12   33 270 -342  2
4218500 2850500  4 21 20   4.5 1007 290  6.1 4  3.7  68    0    0 262 -339  2
4218500 2850500  4 21 21   4.2 1008 282  4.4 4  3.8  73    0    0 258 -336  2
4218500 2850500  4 21 22   3.8 1009 279  3.2 3  3.9  76    0    0 252 -331  2
4218500 2850500  4 21 23   3.5 1009 271  3.7 2  3.8  77    0    0 243 -327  2
4218500 2850500  4 21 24   3.0 1009 280  4.2 2  3.7  78    0    0 239 -322  2
4218500 2850500  4 22  1   2.5 1009 270  3.7 4  3.7  80    0    0 243 -319  2
4218500 2850500  4 22  2   2.5 1009 272  3.6 5  3.7  82    0    0 251 -317  2
4218500 2850500  4 22  3   3.5 1009 280  4.2 6  3.8  80    0    0 256 -316  2
4218500 2850500  4 22  4   3.4 1009 273  4.5 6  3.9  79    0    0 260 -315  2
4218500 2850500  4 22  5   3.8 1009 281  4.1 7  3.9  79    0    0 261 -315  2
4218500 2850500  4 22  6   4.0 1009 277  4.8 7  3.9  78    0    9 263 -315  2
4218500 2850500  4 22  7   4.1 1009 288  4.8 7  4.0  78   14   77 262 -315  2
4218500 2850500  4 22  8   5.3 1010 291  5.7 6  3.9  73   76  149 258 -321  2
4218500 2850500  4 22  9   5.8 1010 294  6.0 7  3.7  66   24  206 259 -334  2
4218500 2850500  4 22 10   6.4 1011 302  6.2 6  3.6  62   54  269 262 -347  2
4218500 2850500  4 22 11   7.2 1011 304  5.2 5  3.7  59  122  313 264 -360  2
4218500 2850500  4 22 12   7.7 1011 310  4.9 6  3.5  55   53  316 270 -369  2
4218500 2850500  4 22 13   8.5 1011  99  5.6 6  3.4  51   67  329 277 -365  2
4218500 2850500  4 22 14   9.6 1011 282  4.7 6  3.4  48   98  322 279 -365  2
4218500 2850500  4 22 15   9.5 1011 274  5.7 6  3.4  46   78  281 283 -374  2
4218500 2850500  4 22 16   9.7 1011 306  5.0 4  3.3  44  174  231 277 -367  2
4218500 2850500  4 22 17   9.5 1011 305  4.1 4  3.2  43  128  172 270 -358  2
4218500 2850500  4 22 18   9.6 1011 288  3.0 2  3.1  42  113   94 263 -354  2
4218500 2850500  4 22 19   9.0 1010 266  3.0 2  3.1  42   19   38 255 -348  2
4218500 2850500  4 22 20   7.4 1009 264  2.4 2  3.0  45    0    0 248 -343  2
4218500 2850500  4 22 21   6.1 1010 246  2.6 2  3.1  50    0    0 243 -337  2
4218500 2850500  4 22 22   5.0 1010 261  2.9 2  3.3  58    0    0 239 -333  2
4218500 2850500  4 22 23   3.7 1010 267  2.8 2  3.4  65    0    0 235 -332  2
4218500 2850500  4 22 24   3.5 1010 289  3.1 2  3.4  70    0    0 234 -329  2
4218500 2850500  4 23  1   2.5 1010 282  2.3 2  3.4  72    0    0 232 -328  2
4218500 2850500  4 23  2   1.1 1010 318  2.0 1  3.3  76    0    0 227 -327  2
4218500 2850500  4 23  3   1.4 1010 311  2.2 1  3.3  78    0    0 222 -325  2
4218500 2850500  4 23  4  -0.5 1010 306  2.4 1  3.3  83    0    0 220 -322  2
4218500 2850500  4 23  5  -0.3 1010 295  2.2 1  3.3  89    0    0 217 -320  2
4218500 2850500  4 23  6   0.3 1011 303  2.2 2  3.3  87   19   24 221 -317  2
4218500 2850500  4 23  7   3.1 1011 313  1.6 1  3.5  82  116   65 225 -319  2
4218500 2850500  4 23  8   5.7 1012 324  1.8 1  3.9  74  259   91 228 -326  2
4218500 2850500  4 23  9   8.4 1012 245  2.0 2  4.1  66  408  107 240 -337  2
4218500 2850500  4 23 10   9.2 1012 267  3.1 1  4.0  56  495  127 246 -349  2
4218500 2850500  4 23 11  10.2 1012 288  3.1 2  3.6  49  466  208 249 -362  2
4218500 2850500  4 23 12  10.5 1013 257  3.5 2  3.6  46  556  190 257 -374  2
4218500 2850500  4 23 13  12.0 1012 275  3.5 2  3.5  43  510  227 264 -382  2
4218500 2850500  4 23 14  12.5 1012 266  3.4 2  3.3  37  502  208 268 -383  2
4218500 2850500  4 23 15  13.1 1012 276  3.6 2  3.0  33  424  202 269 -379  2
4218500 2850500  4 23 16  13.2 1012 299  4.0 1  3.0  32  348  167 268 -376  2
4218500 2850500  4 23 17  12.7 1012 293  3.5 1  3.1  34  240  135 265 -375  2
4218500 2850500  4 23 18  12.2 1012 317  3.6 1  3.1  35  114  100 263 -370  2
4218500 2850500  4 23 19  11.0 1012 317  2.8 2  3.1  37   16   41 265 -361  2
4218500 2850500  4 23 20   9.3 1012 338  2.3 1  3.0  39    0    0 262 -353  2
4218500 2850500  4 23 21   6.8 1012 356  1.3 1  3.0  45    0    0 254 -347  2
4218500 2850500  4 23 22   5.3 1012 354  1.1 1  3.1  54    0    0 250 -345  2
4218500 2850500  4 23 23   4.3 1012 201  0.9 1  3.4  63    0    0 249 -343  2
4218500 2850500  4 23 24   3.2 1013 215  1.1 0  3.4  69    0    0 243 -343  2
4218500 2850500  4 24  1   1.7 1013 198  1.1 1  3.5  78    0    0 239 -342  2
4218500 2850500  4 24  2   2.0 1013 196  1.7 1  3.7  84    0    0 240 -341  2
4218500 2850500  4 24  3   1.5 1013 211  2.1 1  3.7  85    0    0 238 -340  2
4218500 2850500  4 24  4   1.5 1014 252  1.6 1  3.7  87    0    0 236 -339  2
4218500 2850500  4 24  5   1.8 1014 340  1.7 3  3.7  86    0    0 245 -339  2
4218500 2850500  4 24  6   3.6 1015 319  1.9 6  3.9  84    0   14 267 -338  2
4218500 2850500  4 24  7   6.0 1015 348  1.4 7  4.2  79    4   74 289 -340  2
4218500 2850500  4 24  8   8.2 1016  53  0.9 7  4.3  70    8  141 297 -345  2
4218500 2850500  4 24  9  10.0 1016  31  1.4 7  4.3  60   33  224 302 -353  2
4218500 2850500  4 24 10  11.6 1017 284  0.9 7  4.2  52  139  300 308 -362  2
4218500 2850500  4 24 11  13.3 1018 327  1.9 6  3.9  44  275  327 308 -365  2
4218500 2850500  4 24 12  14.2 1018 324  1.3 6  3.8  39  388  317 307 -367  2
4218500 2850500  4 24 13  15.0 1018 341  2.0 5  3.8  37  527  249 306 -374  2
4218500 2850500  4 24 14  15.5 1018  66  1.8 4  3.9  36  514  234 303 -378  2
4218500 2850500  4 24 15  15.8 1018 310  1.5 3  3.9  36  443  219 296 -378  2
4218500 2850500  4 24 16  15.9 1018 336  2.0 3  3.9  35  326  203 292 -378  2
4218500 2850500  4 24 17  15.8 1018   7  2.6 2  3.8  34  212  165 288 -379  2
4218500 2850500  4 24 18  15.1 1018  31  2.2 2  3.9  36  100  115 282 -376  2
4218500 2850500  4 24 19  13.2 1018  48  3.4 4  3.9  39   16   46 284 -369  2
4218500 2850500  4 24 20  11.7 1019  50  4.0 4  4.0  44    0    0 285 -361  2
4218500 2850500  4 24 21  10.5 1019  69  3.4 4  4.3  52    0    0 280 -354  2
4218500 2850500  4 24 22   9.6 1019  56  3.5 3  4.6  60    0    0 274 -349  2
4218500 2850500  4 24 23   9.1 1020  81  3.5 3  4.6  64    0    0 269 -345  2
4218500 2850500  4 24 24   8.4 1020  87  3.6 2  4.6  66    0    0 264 -343  2
4218500 2850500  4 25  1   7.5 1021  90  3.3 1  4.6  70    0    0 254 -341  2
4218500 2850500  4 25  2   6.8 1021  81  3.2 1  4.7  75    0    0 249 -339  2
4218500 2850500  4 25  3   6.1 1021  91  3.2 1  4.6  78    0    0 247 -337  2
4218500 2850500  4 25  4   6.0 1021  91  3.6 2  4.6  80    0    0 249 -334  2
4218500 2850500  4 25  5   5.5 1021  91  3.5 3  4.6  80    0    0 253 -333  2
4218500 2850500  4 25  6   6.2 1021  90  3.5 4  4.5  79   30   27 257 -333  2
4218500 2850500  4 25  7   7.9 1021 108  3.1 3  4.6  74  137   68 259 -336  2
4218500 2850500  4 25  8  10.9 1022 122  4.8 3  4.8  66  268   95 260 -346  2
4218500 2850500  4 25  9  13.9 1023 119  4.9 3  5.1  57  408  112 265 -361  2
4218500 2850500  4 25 10  16.2 1022 117  4.4 2  5.0  48  522  127 271 -378  2
4218500 2850500  4 25 11  17.7 1022 103  4.7 1  4.9  42  620  130 274 -397  2
4218500 2850500  4 25 12  18.6 1022 139  5.1 1  4.7  37  668  135 276 -415  2
4218500 2850500  4 25 13  20.0 1022 111  4.3 0  4.8  34  663  143 279 -429  2
4218500 2850500  4 25 14  20.2 1021 138  4.6 0  4.9  34  592  163 280 -437  2
4218500 2850500  4 25 15  20.9 1020 126  4.3 0  4.8  32  493  168 281 -439  2
4218500 2850500  4 25 16  20.9 1020 135  4.2 0  4.8  32  366  164 282 -436  2
4218500 2850500  4 25 17  20.7 1019 130  4.2 1  4.7  31  239  139 283 -429  2
4218500 2850500  4 25 18  20.1 1019 118  3.8 1  4.7  31  110  104 284 -417  2
4218500 2850500  4 25 19  18.5 1018 118  4.0 3  4.7  34   16   44 286 -401  2
4218500 2850500  4 25 20  16.0 1018 100  3.3 4  4.6  38    0    0 284 -387  2
4218500 2850500  4 25 21  15.4 1019 111  3.8 5  4.7  42    0    0 283 -377  2
4218500 2850500  4 25 22  14.2 1019 118  4.4 5  4.8  46    0    0 281 -369  2
4218500 2850500  4 25 23  13.0 1019 120  4.1 4  4.8  50    0    0 279 -364  2
4218500 2850500  4 25 24  12.1 1018 113  3.7 3  4.8  53    0    0 277 -360  2
4218500 2850500  4 26  1  11.3 1018 121  3.4 3  4.9  58    0    0 277 -357  2
4218500 2850500  4 26  2  10.7 1017 109  3.3 3  5.0  62    0    0 278 -354  2
4218500 2850500  4 26  3   9.5 1016 107  2.9 4  5.0  65    0    0 278 -352  2
4218500 2850500  4 26  4   8.6 1015 109  3.0 4  4.9  69    0    0 276 -352  2
4218500 2850500  4 26  5   8.5 1015 108  3.0 3  4.9  71    0    0 277 -351  2
4218500 2850500  4 26  6   8.6 1015 108  3.2 4  4.9  71   21   34 277 -351  2
4218500 2850500  4 26  7  10.9 1015 128  3.6 4  5.1  68   73   93 280 -354  2
4218500 2850500  4 26  8  12.6 1015 121  3.8 5  5.3  62  138  166 285 -363  2
4218500 2850500  4 26  9  15.3 1015 169  3.3 6  5.7  58  163  251 295 -379  2
4218500 2850500  4 26 10  16.6 1015 159  2.4 5  5.9  52  161  324 303 -397  2
4218500 2850500  4 26 11  17.4 1014 232  3.5 5  6.0  50  216  369 306 -416  2
4218500 2850500  4 26 12  17.1 1014 255  4.7 6  6.1  50   60  349 312 -433  2
4218500 2850500  4 26 13  16.6 1015 272  6.0 7  6.3  53    3  247 318 -445  2
4218500 2850500  4 26 14  15.2 1015 230  5.6 8  6.7  60    0   85 324 -451  2
4218500 2850500  4 26 15  12.5 1016 258  5.0 7  7.4  75    0   88 321 -449  2
4218500 2850500  4 26 16  11.8 1016 269  4.1 8  8.0  91    0   65 318 -438  2
4218500 2850500  4 26 17  11.7 1016 250  3.5 8  8.2  95    0   35 322 -424  2
4218500 2850500  4 26 18  11.6 1016 256  4.0 7  8.1  95    0   45 320 -414  2
4218500 2850500  4 26 19  11.6 1015 276  3.7 8  8.0  94    0   26 321 -405  2
4218500 2850500  4 26 20  11.5 1015 285  4.6 8  7.9  93    0    0 328 -394  2
4218500 2850500  4 26 21  11.1 1016 267  4.2 7  7.8  93    0    0 326 -385  2
4218500 2850500  4 26 22  11.1 1016 279  4.9 7  7.9  95    0    0 324 -381  2
4218500 2850500  4 26 23  11.0 1016 276  4.8 7  7.9  96    0    0 326 -377  2
4218500 2850500  4 26 24  11.3 1016 284  5.7 7  7.9  95    0    0 327 -374  2
4218500 2850500  4 27  1  11.1 1016 281  5.8 7  7.6  92    0    0 327 -371  2
4218500 2850500  4 27  2  10.8 1016 290  6.7 7  7.3  90    0    0 325 -367  2
4218500 2850500  4 27  3  10.7 1016 295  6.1 7  7.0  87    0    0 326 -363  2
4218500 2850500  4 27  4  10.3 1017 293  5.6 7  6.7  84    0    0 327 -359  2
4218500 2850500  4 27  5   9.3 1016 293  5.0 6  6.4  85    0    0 321 -355  2
4218500 2850500  4 27  6   9.1 1016 285  5.0 6  6.3  87   16   20 315 -353  2
4218500 2850500  4 27  7   9.4 1017 283  5.6 5  6.3  87  136   48 311 -355  2
4218500 2850500  4 27  8  10.8 1018 284  5.3 6  6.4  83  168  109 316 -362  2
4218500 2850500  4 27  9  11.9 1019 299  5.9 6  6.4  77  222  167 326 -375  2
4218500 2850500  4 27 10  13.0 1019 284  6.3 6  6.2  70  213  238 328 -389  2
4218500 2850500  4 27 11  13.8 1019 292  6.6 6  6.1  64   60  284 332 -403  2
4218500 2850500  4 27 12  14.0 1020 308  6.7 6  5.9  60    7  243 332 -414  2
4218500 2850500  4 27 13  13.6 1020 297  6.3 7  5.6  57    0  153 332 -422  2
4218500 2850500  4 27 14  13.7 1020 277  5.8 7  5.6  58    0  114 332 -427  2
4218500 2850500  4 27 15  13.6 1020 304  5.3 7  5.5  57    0  131 329 -427  2
4218500 2850500  4 27 16  13.9 1020 304  3.8 8  5.5  56    0  134 330 -424  2
4218500 2850500  4 27 17  14.1 1021 304  4.5 6  5.7  58   54  176 327 -419  2
4218500 2850500  4 27 18  13.9 1021 294  3.0 7  5.6  56   10  101 322 -410  2
4218500 2850500  4 27 19  13.6 1021 274  2.5 7  5.5  56    0   30 322 -398  2
4218500 2850500  4 27 20  12.7 1021 260  2.5 7  5.6  60    0    0 318 -386  2
4218500 2850500  4 27 21  11.5 1021 260  2.5 5  5.9  67    0    0 304 -374  2
4218500 2850500  4 27 22  10.4 1020 269  3.1 2  6.0  74    0    0 280 -366  2
4218500 2850500  4 27 23   9.5 1020 266  3.2 1  5.9  78    0    0 261 -359  2
4218500 2850500  4 27 24   9.0 1021 284  3.1 1  5.8  80    0    0 255 -354  2
4218500 2850500  4 28  1   8.6 1021 279  3.0 2  5.7  82    0    0 256 -350  2
4218500 2850500  4 28  2   7.2 1021 252  2.6 2  5.6  85    0    0 256 -346  2
4218500 2850500  4 28  3   7.3 1021 250  2.6 3  5.6  88    0    0 257 -344  2
4218500 2850500  4 28  4   6.2 1021 245  2.5 4  5.5  91    0    0 262 -342  2
4218500 2850500  4 28  5   5.5 1021 258  2.6 5  5.4  94    0    0 266 -340  2
4218500 2850500  4 28  6   6.8 1021 272  2.5 5  5.5  94   16   26 270 -339  2
4218500 2850500  4 28  7   8.8 1021 270  1.7 4  5.9  90  121   75 268 -343  2
4218500 2850500  4 28  8  12.0 1021 298  2.2 3  5.9  75  280  101 265 -353  2
4218500 2850500  4 28  9  14.0 1022 284  3.1 2  5.6  60  420  121 263 -369  2
4218500 2850500  4 28 10  15.2 1022 269  4.4 2  5.6  55  501  148 268 -388  2
4218500 2850500  4 28 11  16.3 1022 243  4.2 2  5.8  53  524  190 278 -407  2
4218500 2850500  4 28 12  17.3 1022 235  4.4 2  5.9  50  628  167 287 -425  2
4218500 2850500  4 28 13  17.9 1021 224  4.4 2  5.8  47  632  173 291 -438  2
4218500 2850500  4 28 14  19.1 1020 242  4.4 2  5.6  42  576  182 295 -442  2
4218500 2850500  4 28 15  19.1 1020 287  3.5 3  5.4  40  430  215 300 -440  2
4218500 2850500  4 28 16  19.2 1019 275  3.4 4  5.4  39  253  230 306 -439  2
4218500 2850500  4 28 17  19.1 1019 291  2.5 5  5.4  40  129  188 312 -434  2
4218500 2850500  4 28 18  19.1 1018 265  2.0 5  5.6  41   69  120 314 -426  2
4218500 2850500  4 28 19  17.0 1018 306  1.5 5  5.5  43   30   47 311 -413  2
4218500 2850500  4 28 20  14.4 1018 280  0.8 5  5.8  52    0    0 306 -398  2
4218500 2850500  4 28 21  12.8 1017 163  2.2 5  6.0  62    0    0 301 -386  2
4218500 2850500  4 28 22  11.9 1017 189  2.8 5  6.1  68    0    0 299 -380  2
4218500 2850500  4 28 23  10.9 1017 200  2.6 5  6.2  74    0    0 297 -376  2
4218500 2850500  4 28 24  10.8 1017 189  2.3 5  6.2  77    0    0 298 -372  2
4218500 2850500  4 29  1  11.2 1016 189  2.4 6  6.3  77    0    0 302 -371  2
4218500 2850500  4 29  2  11.1 1016 183  2.5 7  6.2  76    0    0 307 -370  2
4218500 2850500  4 29  3  10.2 1015 178  2.5 7  6.2  77    0    0 308 -369  2
4218500 2850500  4 29  4  10.1 1014 160  2.6 7  6.1  80    0    0 307 -368  2
4218500 2850500  4 29  5   9.6 1014 160  2.7 8  6.2  81    0    0 308 -367  2
4218500 2850500  4 29  6   9.9 1013 172  2.7 7  6.1  81   25   34 307 -368  2
4218500 2850500  4 29  7  11.9 1012 184  2.8 5  6.1  75   88   94 306 -372  2
4218500 2850500  4 29  8  14.1 1012 190  2.8 6  6.3  68  169  156 310 -383  2
4218500 2850500  4 29  9  17.4 1012 199  2.8 5  6.4  58  298  202 319 -399  2
4218500 2850500  4 29 10  20.2 1011 184  3.2 5  6.6  49  330  268 329 -419  2
4218500 2850500  4 29 11  21.9 1011 190  3.7 7  6.6  42  166  364 337 -439  2
4218500 2850500  4 29 12  22.5 1010 206  3.7 6  6.5  39  213  390 342 -456  2
4218500 2850500  4 29 13  22.8 1009 208  3.8 5  6.5  38  267  393 345 -468  2
4218500 2850500  4 29 14  23.9 1009 206  5.7 6  6.4  35  297  363 348 -475  2
4218500 2850500  4 29 15  23.9 1008 200  5.1 6  6.3  34  207  338 352 -476  2
4218500 2850500  4 29 16  24.0 1007 205  3.5 7  6.3  34   74  273 353 -472  2
4218500 2850500  4 29 17  23.6 1006 213  4.2 7  6.0  32   10  163 353 -469  2
4218500 2850500  4 29 18  23.0 1006 236  3.3 7  5.9  33   10  114 351 -459  2
4218500 2850500  4 29 19  21.7 1006 205  2.5 7  6.2  37    1   39 349 -443  2
4218500 2850500  4 29 20  19.6 1005 195  2.5 6  6.5  42    0    0 342 -427  2
4218500 2850500  4 29 21  16.6 1005 173  2.7 6  6.7  52    0    0 333 -412  2
4218500 2850500  4 29 22  15.0 1005 189  2.9 4  7.0  62    0    0 321 -402  2
4218500 2850500  4 29 23  15.1 1004 174  2.6 4  7.1  66    0    0 316 -398  2
4218500 2850500  4 29 24  13.4 1004 172  2.7 5  7.1  70    0    0 317 -397  2
4218500 2850500  4 30  1  12.8 1003 190  2.9 6  7.2  76    0    0 320 -396  2
4218500 2850500  4 30  2  12.1 1003 178  2.5 7  7.3  80    0    0 322 -393  2
4218500 2850500  4 30  3  13.0 1002 183  2.9 7  7.2  79    0    0 326 -388  2
4218500 2850500  4 30  4  14.3 1001 169  3.1 7  7.2  73    0    0 330 -387  2
4218500 2850500  4 30  5  14.5 1001 172  3.4 8  7.1  69    0    0 335 -387  2
4218500 2850500  4 30  6  15.1 1000 192  3.8 8  7.0  66    2   20 340 -388  2
4218500 2850500  4 30  7  16.3 1000 203  4.1 5  7.2  64   78   63 334 -392  2
4218500 2850500  4 30  8  17.4 1000 216  5.0 6  7.6  62    6  126 332 -401  2
4218500 2850500  4 30  9  20.3 1000 239  5.8 5  8.2  59  270  143 341 -414  2
4218500 2850500  4 30 10  22.3 1000 250  6.5 2  8.4  52  575   51 340 -430  2
4218500 2850500  4 30 11  23.3 1000 256  8.3 2  8.0  46  267  261 338 -446  2
4218500 2850500  4 30 12  22.9 1000 275  8.4 2  7.6  42  423  224 339 -460  2
4218500 2850500  4 30 13  23.0 1001 276  7.7 4  7.3  41  272  286 343 -469  2
4218500 2850500  4 30 14  22.3 1001 280  7.2 5  7.3  42   32  271 352 -464  2
4218500 2850500  4 30 15  21.8 1001 270  6.1 6  7.1  42    0  175 357 -460  2
4218500 2850500  4 30 16  21.5 1002 255  6.2 5  7.0  43   51  220 355 -461  2
4218500 2850500  4 30 17  20.6 1002 280  5.8 4  6.9  44  122  162 343 -455  2
4218500 2850500  4 30 18  19.5 1002 291  6.1 5  6.8  46   63  104 339 -446  2
4218500 2850500  4 30 19  18.5 1002 280  6.3 7  6.7  48    5   38 349 -437  2
4218500 2850500  4 30 20  17.4 1003 273  5.6 7  6.5  50    0    0 355 -428  2
4218500 2850500  4 30 21  15.7 1003 294  4.2 6  6.4  54    0    0 344 -417  2
4218500 2850500  4 30 22  14.7 1004 280  3.9 6  6.7  62    0    0 333 -408  2
4218500 2850500  4 30 23  14.3 1004 283  4.4 6  7.0  67    0    0 332 -401  2
4218500 2850500  4 30 24  13.7 1005 271  3.7 7  7.2  72    0    0 337 -396  2
4218500 2850500  5  1  1  12.8 1005 279  2.8 5  7.4  79    0    0 316 -390  2
4218500 2850500  5  1  2  12.5 1005 299  3.4 6  7.4  80    0    0 320 -389  2
4218500 2850500  5  1  3  11.6 1005 274  3.3 7  7.2  82    0    0 332 -388  2
4218500 2850500  5  1  4  11.2 1005 297  2.4 7  7.1  84    0    0 337 -386  2
4218500 2850500  5  1  5  11.1 1006 284  1.9 7  7.1  85    0    0 336 -384  2
4218500 2850500  5  1  6  10.9 1006 272  1.3 7  7.0  85    0    8 336 -383  2
4218500 2850500  5  1  7  11.2 1006 265  1.8 8  7.1  86    0   30 342 -384  2
4218500 2850500  5  1  8  11.7 1006 213  1.4 7  7.2  84    3  134 342 -386  2
4218500 2850500  5  1  9  13.0 1006 209  2.3 4  7.1  79  171  214 321 -389  2
4218500 2850500  5  1 10  14.0 1006 221  2.8 6  6.8  70  184  246 318 -396  2
4218500 2850500  5  1 11  14.8 1005 210  2.8 6  6.6  64  225  307 332 -407  2
4218500 2850500  5  1 12  15.7 1005 241  3.8 7  6.2  57   45  325 338 -419  2
4218500 2850500  5  1 13  16.2 1005 261  2.9 6  5.9  52   32  315 340 -429  2
4218500 2850500  5  1 14  16.5 1005 180  3.8 6  6.1  52   28  290 337 -438  2
4218500 2850500  5  1 15  16.9 1004 220  4.6 6  6.2  52   62  282 337 -443  2
4218500 2850500  5  1 16  17.1 1004 218  2.8 7  6.2  51   23  221 341 -440  2
4218500 2850500  5  1 17  16.6 1003 210  3.7 6  6.5  54   23  177 340 -433  2
4218500 2850500  5  1 18  16.2 1003 213  3.6 5  6.6  56   30  122 328 -424  2
4218500 2850500  5  1 19  15.6 1003 193  3.6 6  6.6  58   14   60 326 -413  2
4218500 2850500  5  1 20  14.3 1003 220  3.4 6  6.7  64    0    0 327 -401  2
4218500 2850500  5  1 21  13.0 1004 240  3.4 6  6.8  70    0    0 325 -391  2
4218500 2850500  5  1 22  11.8 1004 265  3.2 6  6.9  76    0    0 326 -386  2
4218500 2850500  5  1 23  10.3 1005 273  3.0 5  6.4  78    0    0 316 -383  2
4218500 2850500  5  1 24   8.9 1005 269  2.7 5  5.8  78    0    0 298 -378  2
4218500 2850500  5  2  1   8.0 1013 248  2.5 5  5.1  74    0    0 289 -344  2
4218500 2850500  5  2  2   7.6 1013 232  2.3 6  4.6  70    0    0 288 -342  2
4218500 2850500  5  2  3   7.4 1013 221  2.2 6  4.2  66    0    0 294 -341  2
4218500 2850500  5  2  4   7.6 1013 224  2.0 7  4.2  65    0    0 300 -341  2
4218500 2850500  5  2  5   7.8 1013 234  1.9 6  4.2  65    0    1 305 -342  2
4218500 2850500  5  2  6   7.8 1013 247  1.5 7  4.3  66    0    8 306 -344  2
4218500 2850500  5  2  7   9.1 1013 269  1.9 7  4.5  66    3   79 310 -349  2
4218500 2850500  5  2  8  11.3 1014 274  2.6 5  4.3  55   70  176 305 -359  2
4218500 2850500  5  2  9  12.1 1014 272  2.1 7  3.9  46   65  237 309 -372  2
4218500 2850500  5  2 10  14.4 1014 250  2.8 6  4.2  45  183  295 322 -388  2
4218500 2850500  5  2 11  15.8 1014 263  2.5 3  4.3  40  509  201 309 -404  2
4218500 2850500  5  2 12  16.9 1013 253  1.4 2  4.0  35  616  169 293 -419  2
4218500 2850500  5  2 13  18.0 1013 248  2.2 2  4.2  34  627  169 294 -430  2
4218500 2850500  5  2 14  18.9 1013 211  2.6 1  4.8  36  581  173 295 -435  2
4218500 2850500  5  2 15  19.1 1012 331  2.0 1  5.1  37  482  181 294 -435  2
4218500 2850500  5  2 16  19.3 1011 352  1.5 1  5.1  36  350  182 294 -431  2
4218500 2850500  5  2 17  19.0 1011 294  2.4 1  5.1  37  245  147 294 -425  2
4218500 2850500  5  2 18  18.6 1010 282  2.2 1  5.1  37  115  115 291 -416  2
4218500 2850500  5  2 19  17.4 1010 290  1.7 1  4.9  38   19   56 288 -405  2
4218500 2850500  5  2 20  15.3 1010 262  2.2 1  4.7  40    0    0 282 -391  2
4218500 2850500  5  2 21  12.2 1010 261  2.3 1  4.7  48    0    0 273 -380  2
4218500 2850500  5  2 22  11.5 1010 277  2.3 0  4.7  55    0    0 264 -373  2
4218500 2850500  5  2 23  10.1 1010  61  2.6 0  5.0  62    0    0 257 -366  2
4218500 2850500  5  2 24   9.9 1011  71  2.0 0  5.5  72    0    0 255 -361  2
4218500 2850500  5  3  1   8.8 1011  81  1.8 0  5.7  77    0    0 253 -357  2
4218500 2850500  5  3  2   7.5 1010  64  1.7 0  5.7  85    0    0 249 -353  2
4218500 2850500  5  3  3   7.1 1010  56  2.0 0  5.8  90    0    0 245 -351  2
4218500 2850500  5  3  4   6.8 1010  47  2.3 1  5.7  92    0    0 247 -348  2
4218500 2850500  5  3  5   6.5 1010  40  2.2 2  5.6  92    0    4 253 -345  2
4218500 2850500  5  3  6   7.7 1010  50  1.9 2  5.8  92   36   39 259 -345  2
4218500 2850500  5  3  7  11.0 1011  77  2.7 0  5.9  81  150   77 257 -349  2
4218500 2850500  5  3  8  12.9 1011  55  3.4 0  5.8  66  299   92 255 -360  2
4218500 2850500  5  3  9  15.4 1011  83  2.3 0  5.6  56  440  104 261 -373  2
4218500 2850500  5  3 10  17.1 1011 111  2.6 1  5.6  48  551  116 273 -388  2
4218500 2850500  5  3 11  18.9 1011  69  2.9 1  5.6  44  637  122 284 -401  2
4218500 2850500  5  3 12  19.2 1011  64  3.6 2  5.5  40  667  135 292 -414  2
4218500 2850500  5  3 13  19.5 1011  47  3.2 2  5.5  39  546  218 297 -424  2
4218500 2850500  5  3 14  19.7 1011  48  3.1 2  5.6  40  467  240 297 -428  2
4218500 2850500  5  3 15  20.4 1010  78  2.5 2  5.8  39  392  231 299 -428  2
4218500 2850500  5  3 16  19.6 1010  41  4.6 2  5.7  39  348  181 299 -426  2
4218500 2850500  5  3 17  19.3 1010  57  4.2 2  5.4  38  259  138 295 -419  2
4218500 2850500  5  3 18  18.6 1009  74  4.5 2  5.2  38  124  111 293 -408  2
4218500 2850500  5  3 19  17.0 1009  50  4.6 3  4.7  37   23   56 292 -397  2
4218500 2850500  5  3 20  15.3 1009  56  4.3 4  4.0  35    0    0 292 -384  2
4218500 2850500  5  3 21  14.1 1010  60  3.8 3  3.5  34    0    0 286 -374  2
4218500 2850500  5  3 22  12.8 1010  58  3.5 2  3.4  36    0    0 274 -366  2
4218500 2850500  5  3 23  11.4 1010  65  3.3 1  3.4  38    0    0 262 -359  2
4218500 2850500  5  3 24  10.0 1010  76  3.1 1  3.3  42    0    0 255 -354  2
4218500 2850500  5  4  1   9.2 1010  96  2.7 1  3.3  44    0    0 252 -350  2
4218500 2850500  5  4  2   7.6 1009  93  2.7 1  3.3  48    0    0 249 -347  2
4218500 2850500  5  4  3   6.6 1009  83  2.6 1  3.4  54    0    0 246 -344  2
4218500 2850500  5  4  4   6.0 1009  76  2.9 1  3.6  60    0    0 244 -341  2
4218500 2850500  5  4  5   6.1 1009  79  2.9 1  3.7  64    1    7 244 -338  2
4218500 2850500  5  4  6   7.3 1009  77  2.9 0  3.8  62   49   43 242 -338  2
4218500 2850500  5  4  7   9.5 1009  79  2.2 0  3.9  56  169   74 242 -342  2
4218500 2850500  5  4  8  11.8 1009  95  2.5 0  4.1  51  318   84 247 -355  2
4218500 2850500  5  4  9  14.9 1009  62  3.3 0  4.1  43  456   96 254 -373  2
4218500 2850500  5  4 10  17.0 1009  96  3.3 1  4.0  36  569  106 265 -392  2
4218500 2850500  5  4 11  18.5 1009  91  3.3 1  4.0  31  657  111 275 -411  2
4218500 2850500  5  4 12  19.5 1009 105  3.4 1  4.0  29  697  118 280 -426  2
4218500 2850500  5  4 13  20.6 1008 103  3.8 0  4.1  28  684  129 282 -438  2
4218500 2850500  5  4 14  20.9 1008 100  3.3 0  4.3  28  644  130 283 -446  2
4218500 2850500  5  4 15  21.4 1007  48  3.9 0  4.1  26  551  136 284 -450  2
4218500 2850500  5  4 16  21.3 1007  80  4.0 0  3.5  22  427  135 282 -446  2
4218500 2850500  5  4 17  21.5 1006  96  3.2 0  3.4  21  284  128 282 -436  2
4218500 2850500  5  4 18  20.6 1006  84  4.2 1  3.4  22  137  107 284 -427  2
4218500 2850500  5  4 19  19.1 1006  58  4.5 1  3.4  23   29   59 283 -415  2
4218500 2850500  5  4 20  16.8 1005  58  3.6 1  3.6  28    0    4 279 -400  2
4218500 2850500  5  4 21  15.3 1006  49  3.5 1  3.9  34    0    0 274 -387  2
4218500 2850500  5  4 22  13.9 1007  66  3.7 1  4.0  39    0    0 270 -378  2
4218500 2850500  5  4 23  12.6 1007  47  3.3 1  4.2  44    0    0 266 -371  2
4218500 2850500  5  4 24  11.5 1007  49  3.2 1  4.3  49    0    0 264 -366  2
4218500 2850500  5  5  1  10.8 1007  58  2.8 1  4.5  55    0    0 262 -361  2
4218500 2850500  5  5  2   8.9 1007  56  2.6 1  4.6  60    0    0 258 -357  2
4218500 2850500  5  5  3   8.2 1007  58  2.7 1  4.6  66    0    0 255 -353  2
4218500 2850500  5  5  4   8.3 1007  57  2.8 1  4.6  68    0    0 254 -349  2
4218500 2850500  5  5  5   8.0 1007  65  2.8 1  4.5  66    1    7 253 -347  2
4218500 2850500  5  5  6   9.5 1007  50  3.0 1  4.6  65   51   43 254 -346  2
4218500 2850500  5  5  7  12.1 1007  72  2.7 1  4.7  58  172   73 258 -351  2
4218500 2850500  5  5  8  14.5 1008  67  3.3 1  4.7  49  316   84 264 -365  2
4218500 2850500  5  5  9  17.5 1008  77  3.7 2  4.9  43  446   99 276 -384  2
4218500 2850500  5  5 10  19.2 1008  79  5.3 2  5.0  38  578  101 289 -406  2
4218500 2850500  5  5 11  20.3 1008  76  5.1 2  5.0  35  669  104 294 -428  2
4218500 2850500  5  5 12  21.8 1008  73  5.0 2  5.0  32  707  112 301 -446  2
4218500 2850500  5  5 13  22.1 1008  65  5.5 2  4.8  29  672  134 305 -457  2
4218500 2850500  5  5 14  22.9 1008  64  4.9 2  4.9  29  629  138 309 -462  2
4218500 2850500  5  5 15  22.1 1008  92  4.7 3  5.0  30  558  132 315 -461  2
4218500 2850500  5  5 16  22.8 1008  74  4.6 3  5.2  30  430  133 320 -457  2
4218500 2850500  5  5 17  22.8 1007  64  4.9 4  5.4  31  265  134 326 -451  2
4218500 2850500  5  5 18  22.1 1007  67  4.5 4  5.5  32   92  125 328 -441  2
4218500 2850500  5  5 19  20.6 1008  80  4.1 4  5.1  32    4   54 323 -427  2
4218500 2850500  5  5 20  17.9 1008  66  3.5 4  4.9  35    0    1 316 -411  2
4218500 2850500  5  5 21  17.0 1009  78  3.7 4  4.9  39    0    0 310 -398  2
4218500 2850500  5  5 22  16.1 1009  85  3.9 3  5.0  43    0    0 304 -389  2
4218500 2850500  5  5 23  14.4 1010  75  3.2 2  5.2  48    0    0 294 -383  2
4218500 2850500  5  5 24  13.2 1010  72  3.0 2  5.3  54    0    0 286 -377  2
4218500 2850500  5  6  1  12.8 1010  83  3.4 1  5.5  59    0    0 280 -371  2
4218500 2850500  5  6  2  12.7 1010  90  3.2 1  5.6  61    0    0 275 -365  2
4218500 2850500  5  6  3  12.3 1010  73  3.2 2  5.7  63    0    0 278 -359  2
4218500 2850500  5  6  4  10.9 1010  83  3.1 2  5.7  67    0    0 277 -353  2
4218500 2850500  5  6  5  10.3 1010  72  3.0 2  5.6  71    1    7 272 -348  2
4218500 2850500  5  6  6  11.2 1010  80  2.8 2  5.8  72   45   45 271 -347  2
4218500 2850500  5  6  7  13.9 1011  98  2.4 1  6.0  66  161   81 272 -355  2
4218500 2850500  5  6  8  15.9 1011  87  1.7 1  6.4  61  307   96 275 -374  2
4218500 2850500  5  6  9  18.3 1011   4  1.6 1  6.7  55  442  112 282 -399  2
4218500 2850500  5  6 10  20.7 1010  85  2.0 1  6.7  48  556  124 290 -423  2
4218500 2850500  5  6 11  21.7 1010  91  2.5 2  6.4  41  590  153 299 -445  2
4218500 2850500  5  6 12  22.1 1010 105  2.2 2  5.6  34  570  201 304 -463  2
4218500 2850500  5  6 13  22.4 1009  93  1.8 2  5.1  31  574  205 305 -474  2
4218500 2850500  5  6 14  22.7 1009  79  2.3 2  4.9  29  523  212 307 -477  2
4218500 2850500  5  6 15  23.0 1008  78  1.7 2  5.3  31  411  226 310 -476  2
4218500 2850500  5  6 16  23.2 1008 356  0.7 1  5.7  32  348  185 309 -474  2
4218500 2850500  5  6 17  22.9 1007 281  1.8 1  5.0  28  249  147 303 -469  2
4218500 2850500  5  6 18  22.5 1007 340  2.1 3  5.0  29   47  134 308 -457  2
4218500 2850500  5  6 19  21.7 1007 291  2.5 3  5.1  31    2   49 315 -442  2
4218500 2850500  5  6 20  18.1 1006 290  2.1 2  4.9  34    0    7 304 -425  2
4218500 2850500  5  6 21  15.2 1006 271  0.9 1  5.4  46    0    0 290 -409  2
4218500 2850500  5  6 22  13.4 1007 245  2.4 2  5.8  57    0    0 286 -401  2
4218500 2850500  5  6 23  15.3 1006 286  3.8 3  5.9  58    0    0 297 -396  2
4218500 2850500  5  6 24  14.0 1006 274  3.1 5  6.0  57    0    0 311 -392  2
4218500 2850500  5  7  1  13.9 1006 263  2.5 6  6.2  62    0    0 319 -390  2
4218500 2850500  5  7  2  14.7 1006 271  3.2 7  6.4  62    0    0 328 -389  2
4218500 2850500  5  7  3  15.3 1005 284  3.6 7  6.3  59    0    0 335 -389  2
4218500 2850500  5  7  4  14.6 1005 296  2.9 7  6.3  59    0    0 336 -390  2
4218500 2850500  5  7  5  13.8 1005 301  2.2 7  6.2  61    0    2 334 -391  2
4218500 2850500  5  7  6  13.9 1005 269  3.4 7  6.5  65    0   16 336 -389  2
4218500 2850500  5  7  7  13.6 1005 262  4.2 8  7.1  72    0   36 343 -389  2
4218500 2850500  5  7  8  14.5 1005 263  4.2 7  7.7  76    3  136 347 -391  2
4218500 2850500  5  7  9  14.4 1005 260  4.5 7  7.8  75    1  168 346 -396  2
4218500 2850500  5  7 10  13.7 1005 271  4.2 8  8.0  79    0  102 354 -399  2
4218500 2850500  5  7 11  12.7 1005 283  3.9 8  8.5  89    0  133 360 -398  2
4218500 2850500  5  7 12  12.4 1005 271  3.7 8  8.7  95    0  131 359 -398  2
4218500 2850500  5  7 13  12.9 1005 250  4.0 8  8.8  96    0  131 361 -402  2
4218500 2850500  5  7 14  12.5 1005 236  4.0 8  8.8  95    0  131 361 -403  2
4218500 2850500  5  7 15  12.5 1004 190  3.0 7  8.6  94    0  193 354 -398  2
4218500 2850500  5  7 16  13.4 1003 210  3.4 8  8.8  93    0  110 356 -392  2
4218500 2850500  5  7 17  13.2 1002 192  3.4 8  9.2  95    0   54 364 -393  2
4218500 2850500  5  7 18  13.4 1001 199  3.3 8  9.5  99    0   36 365 -392  2
4218500 2850500  5  7 19  13.5 1000 264  4.6 8  9.7  99    0   14 366 -388  2
4218500 2850500  5  7 20  13.0  999 272  3.0 8  9.4  98    0    1 366 -384  2
4218500 2850500  5  7 21  12.5  999 241  3.4 8  9.1  98    0    0 364 -383  2
4218500 2850500  5  7 22  12.2  998 260  3.2 8  9.0  98    0    0 361 -384  2
4218500 2850500  5  7 23  11.7  997 253  4.7 8  8.6  97    0    0 358 -383  2
4218500 2850500  5  7 24  11.4  998 258  4.3 8  8.5  98    0    0 356 -378  2
4218500 2850500  5  8  1  11.3  998 292  4.0 8  8.3  97    0    0 354 -375  2
4218500 2850500  5  8  2  11.0  998 286  3.2 8  8.1  97    0    0 353 -373  2
4218500 2850500  5  8  3  10.8  998 301  2.9 8  7.9  96    0    0 351 -370  2
4218500 2850500  5  8  4  10.7  999 287  3.7 8  7.8  95    0    0 349 -369  2
4218500 2850500  5  8  5  10.4  999 283  3.2 8  7.7  95    0    1 349 -368  2
4218500 2850500  5  8  6  10.5 1000 279  3.8 8  7.6  95    0   26 347 -368  2
4218500 2850500  5  8  7  11.2 1000 288  4.3 7  7.8  94    2   72 343 -369  2
4218500 2850500  5  8  8  11.3 1001 272  5.2 6  7.6  90  108  155 331 -372  2
4218500 2850500  5  8  9  12.9 1001 264  5.7 5  7.1  80  225  187 320 -379  2
4218500 2850500  5  8 10  13.6 1001 266  6.7 6  6.8  71  177  261 322 -386  2
4218500 2850500  5  8 11  14.1 1001 258  6.0 6  6.9  69   62  290 331 -389  2
4218500 2850500  5  8 12  15.0 1001 283  6.5 7  6.9  66   53  301 337 -395  2
4218500 2850500  5  8 13  12.7 1001 281  6.5 5  7.2  72  218  313 328 -396  2
4218500 2850500  5  8 14  10.9 1001 235  4.9 7  7.3  83   84  303 319 -391  2
4218500 2850500  5  8 15  13.6 1001 272  4.6 4  7.1  79  148  275 314 -400  2
4218500 2850500  5  8 16  12.5 1001 286  5.1 7  6.7  71   20  214 314 -405  2
4218500 2850500  5  8 17  12.5 1001 258  4.1 7  6.2  68    0   99 323 -400  2
4218500 2850500  5  8 18  11.2 1001 259  3.8 5  6.8  77   14  110 314 -395  2
4218500 2850500  5  8 19   9.9 1001 242  4.7 7  7.2  90    0   32 312 -389  2
4218500 2850500  5  8 20   9.0 1001 228  4.5 6  7.0  93    0    1 314 -381  2
4218500 2850500  5  8 21   8.9 1001 238  4.0 6  6.8  95    0    0 307 -375  2
4218500 2850500  5  8 22   8.7 1001 204  3.8 6  6.8  95    0    0 307 -374  2
4218500 2850500  5  8 23   9.1 1001 215  4.5 7  6.9  96    0    0 313 -373  2
4218500 2850500  5  8 24   9.5 1000 213  4.2 8  7.0  94    0    0 326 -370  2
4218500 2850500  5  9  1   9.8 1000 232  6.1 7  7.1  93    0    0 329 -367  2
4218500 2850500  5  9  2  10.2  999 272  6.9 7  7.0  91    0    0 326 -365  2
4218500 2850500  5  9  3   9.6 1000 272  6.8 6  6.7  87    0    0 322 -364  2
4218500 2850500  5  9  4   9.2 1001 270  6.5 5  6.4  86    0    0 310 -362  2
4218500 2850500  5  9  5   8.9 1001 261  5.5 4  6.2  86    0    5 299 -360  2
4218500 2850500  5  9  6   9.7 1001 263  5.2 5  6.3  85    6   34 300 -360  2
4218500 2850500  5  9  7  10.6 1002 266  6.2 7  6.5  84   61   91 319 -364  2
4218500 2850500  5  9  8  11.3 1002 280  6.7 6  6.5  79   78  157 326 -371  2
4218500 2850500  5  9  9  12.2 1002 280  7.9 6  6.1  70  141  207 321 -380  2
4218500 2850500  5  9 10  13.1 1003 278  8.6 4  5.8  63  296  217 313 -388  2
4218500 2850500  5  9 11  13.5 1003 289  8.8 3  5.5  58  310  259 301 -395  2
4218500 2850500  5  9 12  14.1 1003 301  8.9 6  5.3  54  164  313 313 -404  2
4218500 2850500  5  9 13  15.0 1004 292  8.0 5  5.3  51  200  312 324 -410  2
4218500 2850500  5  9 14  14.9 1004 296  8.5 7  5.1  48  106  304 328 -410  2
4218500 2850500  5  9 15  16.0 1004 288  7.6 4  4.9  45  137  276 324 -410  2
4218500 2850500  5  9 16  16.3 1005 275  7.0 3  5.3  46  215  206 305 -409  2
4218500 2850500  5  9 17  15.8 1005 301  5.9 4  5.7  50  293   95 304 -407  2
4218500 2850500  5  9 18  15.5 1005 279  5.9 4  5.5  50  100  106 308 -401  2
4218500 2850500  5  9 19  14.5 1005 292  4.3 6  5.4  50   18   58 317 -394  2
4218500 2850500  5  9 20  13.3 1005 263  3.1 6  5.8  58    0    6 326 -389  2
4218500 2850500  5  9 21  12.9 1006 265  2.9 6  6.3  66    0    0 326 -384  2
4218500 2850500  5  9 22  11.9 1007 270  2.5 5  6.6  73    0    0 320 -381  2
4218500 2850500  5  9 23  10.7 1007 265  2.1 3  6.6  79    0    0 302 -378  2
4218500 2850500  5  9 24  10.4 1007 240  2.3 4  6.7  84    0    0 295 -374  2
4218500 2850500  5 10  1   9.8 1007 230  2.2 7  6.9  90    0    0 313 -370  2
4218500 2850500  5 10  2   9.5 1006 205  1.7 8  7.0  94    0    0 331 -365  2
4218500 2850500  5 10  3   9.8 1006 204  2.5 8  7.1  94    0    0 335 -363  2
4218500 2850500  5 10  4   9.4 1005 207  3.2 8  7.2  95    0    0 335 -363  2
4218500 2850500  5 10  5   9.7 1005 191  3.3 8  7.2  96    0    1 335 -364  2
4218500 2850500  5 10  6  10.2 1004 192  3.6 8  7.5  97    0   16 337 -365  2
4218500 2850500  5 10  7  11.0 1003 205  4.1 7  7.9  98    0   43 335 -367  2
4218500 2850500  5 10  8  11.7 1002 222  4.4 7  8.3  98    0   75 335 -368  2
4218500 2850500  5 10  9  12.8 1002 241  5.7 7  8.8  98    1  156 343 -370  2
4218500 2850500  5 10 10  13.4 1002 242  6.2 7  9.2  97   25  242 349 -373  2
4218500 2850500  5 10 11  14.4 1002 234  6.7 6  9.3  93   60  292 350 -376  2
4218500 2850500  5 10 12  15.9 1002 254  7.5 6  9.1  83   62  306 352 -384  2
4218500 2850500  5 10 13  15.9 1002 257  5.7 7  9.1  80   15  270 356 -399  2
4218500 2850500  5 10 14  14.6 1001 269  6.2 7  9.5  87   17  263 355 -412  2
4218500 2850500  5 10 15  15.3 1002 261  6.7 6  9.8  91   22  249 349 -416  2
4218500 2850500  5 10 16  16.0 1001 256  5.9 8  9.4  83    1  167 352 -412  2
4218500 2850500  5 10 17  14.0 1001 278  6.8 7  8.8  82    1  131 351 -407  2
4218500 2850500  5 10 18  15.6 1001 267  5.5 7  8.5  80    0   70 346 -402  2
4218500 2850500  5 10 19  15.1 1001 268  5.2 7  8.1  73    0   30 347 -395  2
4218500 2850500  5 10 20  14.9 1001 255  3.7 7  8.1  75    0    2 348 -389  2
4218500 2850500  5 10 21  14.6 1001 245  3.4 8  8.0  76    0    0 351 -383  2
4218500 2850500  5 10 22  13.9 1001 256  2.4 8  8.1  79    0    0 353 -378  2
4218500 2850500  5 10 23  13.3 1001 224  2.2 7  8.3  84    0    0 349 -376  2
4218500 2850500  5 10 24  12.3 1001 251  1.8 7  8.4  90    0    0 344 -375  2
4218500 2850500  5 11  1  11.7 1000 186  2.2 6  8.3  94    0    0 338 -374  2
4218500 2850500  5 11  2  10.1 1000 129  2.0 5  7.8  95    0    0 324 -373  2
4218500 2850500  5 11  3  10.7  998 143  3.0 5  7.7  96    0    0 317 -371  2
4218500 2850500  5 11  4  11.1  997 137  2.8 8  8.1  97    0    0 333 -370  2
4218500 2850500  5 11  5  11.6  996 147  2.6 8  8.3  98    0    1 349 -371  2
4218500 2850500  5 11  6  12.2  994 161  3.2 7  8.6  97    0   17 345 -372  2
4218500 2850500  5 11  7  12.8  993 191  3.7 6  8.9  96   47  104 335 -374  2
4218500 2850500  5 11  8  15.3  993 230  5.2 5  9.0  88  320   90 328 -377  2
4218500 2850500  5 11  9  17.2  993 249  5.2 6  9.0  76  142  233 335 -379  2
4218500 2850500  5 11 10  17.2  993 207  4.5 6  8.9  71    2  199 346 -380  2
4218500 2850500  5 11 11  12.5  992 253  5.4 5  8.7  81   17  266 334 -381  2
4218500 2850500  5 11 12  13.7  994 239  6.1 7  8.9  93   26  291 335 -387  2
4218500 2850500  5 11 13  16.7  993 243  7.2 7  9.2  84   19  287 350 -393  2
4218500 2850500  5 11 14  17.3  993 244  8.0 8  9.2  74    0  136 361 -397  2
4218500 2850500  5 11 15  16.2  994 249 10.7 6  8.7  72    1  195 353 -403  2
4218500 2850500  5 11 16  17.0  994 258 10.6 6  7.9  66   18  220 339 -403  2
4218500 2850500  5 11 17  15.2  995 260  9.5 7  7.1  61    0  113 339 -392  2
4218500 2850500  5 11 18  14.2  996 249 10.0 8  7.1  67    0   41 344 -381  2
4218500 2850500  5 11 19  11.8  997 267  8.4 7  7.4  78    0   27 337 -375  2
4218500 2850500  5 11 20  11.6 1000 258  7.2 7  7.2  82    0    1 325 -371  2
4218500 2850500  5 11 21   9.4 1001 269  5.7 5  6.8  85    0    0 307 -368  2
4218500 2850500  5 11 22   9.3 1002 258  5.3 3  6.7  91    0    0 276 -366  2
4218500 2850500  5 11 23   9.6 1002 257  4.8 4  6.8  91    0    0 272 -364  2
4218500 2850500  5 11 24   9.4 1003 261  4.4 6  6.9  92    0    0 291 -362  2
4218500 2850500  5 12  1   9.6 1003 266  3.6 4  6.9  92    0    0 290 -359  2
4218500 2850500  5 12  2   9.3 1003 252  3.3 4  6.8  91    0    0 276 -359  2
4218500 2850500  5 12  3   8.7 1003 226  2.6 4  6.6  92    0    0 276 -360  2
4218500 2850500  5 12  4   8.0 1003 198  3.1 3  6.4  93    0    0 273 -361  2
4218500 2850500  5 12  5   7.8 1003 183  2.3 5  6.3  94    0    3 281 -363  2
4218500 2850500  5 12  6   8.1 1002 168  2.3 8  6.4  95    0   18 312 -365  2
4218500 2850500  5 12  7   9.3 1002 230  2.7 8  6.7  94    0   28 335 -367  2
4218500 2850500  5 12  8  10.0 1002  86  3.0 8  6.9  91    0   52 337 -368  2
4218500 2850500  5 12  9  10.4 1002 177  4.2 8  7.1  90    0  148 338 -369  2
4218500 2850500  5 12 10  12.1 1001 191  3.3 8  7.5  89    4  211 342 -375  2
4218500 2850500  5 12 11  11.2 1001 169  4.2 8  7.7  88    0  104 345 -388  2
4218500 2850500  5 12 12  10.6 1001 176  4.4 7  7.7  93    0  143 340 -406  2
4218500 2850500  5 12 13  12.8 1001 258  4.1 6  8.2  94    7  256 334 -420  2
4218500 2850500  5 12 14  15.3 1001 228  5.7 6  8.4  83  123  325 336 -423  2
4218500 2850500  5 12 15  16.2 1002 288  5.5 5  7.9  70  171  289 336 -418  2
4218500 2850500  5 12 16  14.6 1002 257  4.6 6  8.3  75   49  238 333 -416  2
4218500 2850500  5 12 17  14.4 1003 263  3.6 4  8.5  82  156  178 327 -414  2
4218500 2850500  5 12 18  14.2 1003 206  2.7 6  8.3  81   19  118 325 -407  2
4218500 2850500  5 12 19  13.9 1003 148  2.2 6  8.5  84    3   53 329 -399  2
4218500 2850500  5 12 20  12.6 1004  33  2.1 7  8.7  90    0    1 330 -389  2
4218500 2850500  5 12 21  12.3 1005 244  3.8 7  8.7  96    0    0 332 -381  2
4218500 2850500  5 12 22  12.0 1006 260  3.1 7  8.6  97    0    0 332 -377  2
4218500 2850500  5 12 23  11.6 1006 222  3.1 6  8.4  96    0    0 328 -374  2
4218500 2850500  5 12 24  10.7 1006 213  3.5 4  7.9  95    0    0 314 -372  2
4218500 2850500  5 13  1  10.7 1007 206  3.3 3  7.7  95    0    0 300 -373  2
4218500 2850500  5 13  2  10.1 1007 221  2.9 4  7.6  96    0    0 299 -374  2
4218500 2850500  5 13  3   9.7 1007 211  3.6 3  7.3  96    0    0 296 -374  2
4218500 2850500  5 13  4   9.5 1008 203  3.2 2  7.1  95    0    0 287 -372  2
4218500 2850500  5 13  5   9.1 1007 211  3.2 3  7.0  96    2   10 285 -371  2
4218500 2850500  5 13  6  10.3 1008 200  3.0 3  7.3  96   43   50 289 -372  2
4218500 2850500  5 13  7  12.8 1008 194  3.2 2  7.8  92  186   82 290 -375  2
4218500 2850500  5 13  8  14.8 1008 198  3.6 3  8.4  85  335  100 296 -380  2
4218500 2850500  5 13  9  17.3 1008 198  4.7 3  8.5  74  505   99 306 -392  2
4218500 2850500  5 13 10  18.7 1008 197  4.6 3  8.1  62  646   95 313 -407  2
4218500 2850500  5 13 11  19.9 1008 179  5.2 3  7.7  55  630  157 320 -421  2
4218500 2850500  5 13 12  19.8 1007 187  5.7 4  7.6  52  375  321 330 -432  2
4218500 2850500  5 13 13  20.8 1007 193  5.5 5  7.4  49  235  368 343 -446  2
4218500 2850500  5 13 14  21.1 1006 203  4.5 6  7.2  46  109  344 353 -459  2
4218500 2850500  5 13 15  20.8 1006 214  4.0 6  7.0  45  149  315 357 -463  2
4218500 2850500  5 13 16  21.6 1005 181  3.4 6  7.0  44  140  262 358 -460  2
4218500 2850500  5 13 17  20.8 1005 170  2.9 7  7.3  46    0  121 363 -453  2
4218500 2850500  5 13 18  18.3 1005 208  2.5 7  7.9  56    0   66 361 -444  2
4218500 2850500  5 13 19  17.7 1004  88  2.5 6  8.9  68    0   41 355 -435  2
4218500 2850500  5 13 20  16.7 1003  89  3.1 7  9.1  73    0    9 353 -427  2
4218500 2850500  5 13 21  16.4 1003 100  3.9 6  8.6  72    0    0 352 -413  2
4218500 2850500  5 13 22  15.8 1002 109  3.6 6  8.2  71    0    0 345 -400  2
4218500 2850500  5 13 23  16.2 1002  98  3.2 7  8.2  71    0    0 350 -397  2
4218500 2850500  5 13 24  16.5 1001 125  3.8 7  8.3  70    0    0 355 -396  2
4218500 2850500  5 14  1  16.8 1001 279  3.5 8  8.4  70    0    0 360 -397  2
4218500 2850500  5 14  2  16.5 1002 283  4.0 8  9.1  76    0    0 365 -397  2
4218500 2850500  5 14  3  14.7 1003  83  2.4 8  9.9  88    0    0 360 -396  2
4218500 2850500  5 14  4  14.2 1002 220  2.5 7 10.1  96    0    0 350 -397  2
4218500 2850500  5 14  5  14.1 1003 162  3.4 7  9.9  97    5   12 342 -397  2
4218500 2850500  5 14  6  14.7 1002 198  4.1 6 10.2  98   66   47 336 -398  2
4218500 2850500  5 14  7  15.9 1003 232  4.0 4 10.6  96  221   64 324 -399  2
4218500 2850500  5 14  8  18.0 1003 229  4.2 4 10.4  85  304  102 317 -401  2
4218500 2850500  5 14  9  19.2 1003 239  4.1 4  9.6  71  484   92 320 -405  2
4218500 2850500  5 14 10  21.3 1004 242  4.6 4  8.7  58  607   97 324 -412  2
4218500 2850500  5 14 11  22.1 1003 207  3.9 7  7.8  48   89  326 345 -423  2
4218500 2850500  5 14 12  23.0 1003 220  5.0 5  7.3  42  195  359 352 -431  2
4218500 2850500  5 14 13  23.5 1003 211  5.7 4  7.0  39  498  254 339 -434  2
4218500 2850500  5 14 14  22.8 1003 212  5.0 4  6.9  39  457  255 333 -435  2
4218500 2850500  5 14 15  23.3 1002 197  5.1 6  7.1  40  155  309 345 -430  2
4218500 2850500  5 14 16  23.6 1001 205  4.3 6  7.3  40   47  246 359 -428  2
4218500 2850500  5 14 17  20.8 1001 279  5.1 7  6.9  41    5  154 359 -429  2
4218500 2850500  5 14 18  19.4 1001 287  5.3 7  7.3  49    1   92 358 -426  2
4218500 2850500  5 14 19  17.5 1001 303  3.0 7  8.2  61    0   18 356 -420  2
4218500 2850500  5 14 20  17.5 1000 271  2.8 7  8.2  65    0    9 355 -411  2
4218500 2850500  5 14 21  16.2 1000 302  3.3 7  8.1  67    0    0 353 -404  2
4218500 2850500  5 14 22  15.1 1000 322  3.6 7  8.4  74    0    0 351 -401  2
4218500 2850500  5 14 23  12.9  999 300  4.5 8  8.8  87    0    0 353 -398  2
4218500 2850500  5 14 24  12.7 1001 280  4.1 8  9.1  97    0    0 355 -393  2
4218500 2850500  5 15  1  12.3 1002 312  3.9 8  8.9  96    0    0 352 -390  2
4218500 2850500  5 15  2  11.9 1001 308  1.4 8  8.5  96    0    0 349 -387  2
4218500 2850500  5 15  3  12.1 1001 235  2.7 8  8.6  97    0    0 345 -384  2
4218500 2850500  5 15  4  12.0 1002 234  3.3 7  8.7  97    0    0 338 -381  2
4218500 2850500  5 15  5  11.7 1002 238  3.4 7  8.6  97    0    3 329 -374  2
4218500 2850500  5 15  6  12.1 1003 227  2.9 8  8.6  97    0   16 331 -368  2
4218500 2850500  5 15  7  12.3 1004 252  3.3 8  8.8  98    0   43 333 -370  2
4218500 2850500  5 15  8  12.7 1004 234  2.5 8  8.9  97    0   83 331 -377  2
4218500 2850500  5 15  9  13.2 1005 212  3.0 8  8.8  94    0  134 333 -388  2
4218500 2850500  5 15 10  13.0 1006 242  3.7 7  8.7  92    1  191 329 -398  2
4218500 2850500  5 15 11  13.6 1006 209  2.8 6  8.8  92   23  284 323 -407  2
4218500 2850500  5 15 12  13.1 1006 306  3.2 7  8.6  89    3  242 324 -417  2
4218500 2850500  5 15 13  10.9 1006 348  3.6 7  8.2  92    3  242 323 -422  2
4218500 2850500  5 15 14  11.0 1007 335  4.7 8  7.9  96   13  269 323 -420  2
4218500 2850500  5 15 15  11.7 1007 347  3.5 8  7.4  88    0  142 328 -417  2
4218500 2850500  5 15 16  11.3 1008 328  4.6 7  6.8  80    0  136 325 -414  2
4218500 2850500  5 15 17  11.5 1008 326  3.5 7  6.3  75    0   88 319 -407  2
4218500 2850500  5 15 18  11.8 1009 307  1.7 8  6.3  73    0   30 323 -398  2
4218500 2850500  5 15 19  11.7 1009 299  2.3 8  6.5  75    0   12 329 -391  2
4218500 2850500  5 15 20  11.3 1009 283  1.8 7  6.6  77    0    2 325 -381  2
4218500 2850500  5 15 21  10.3 1009 258  2.2 6  6.6  81    0    0 314 -368  2
4218500 2850500  5 15 22   9.9 1010 257  2.3 7  6.7  87    0    0 312 -359  2
4218500 2850500  5 15 23   9.3 1010 246  2.5 5  6.8  91    0    0 306 -355  2
4218500 2850500  5 15 24   8.8 1010 244  2.1 2  6.7  92    0    0 282 -351  2
4218500 2850500  5 16  1   8.3 1010 263  2.6 2  6.5  93    0    0 267 -348  2
4218500 2850500  5 16  2   7.6 1009 261  2.3 2  6.3  95    0    0 262 -345  2
4218500 2850500  5 16  3   6.1 1009 238  1.9 3  6.0  96    0    0 263 -342  2
4218500 2850500  5 16  4   5.7 1009 248  2.4 3  5.6  96    0    0 264 -340  2
4218500 2850500  5 16  5   5.6 1008 232  2.0 3  5.4  95    7   14 263 -337  2
4218500 2850500  5 16  6   6.6 1008 194  1.3 2  5.6  96   71   52 260 -338  2
4218500 2850500  5 16  7   9.1 1008 211  1.9 1  6.1  92  207   76 256 -344  2
4218500 2850500  5 16  8  11.9 1009 194  2.7 1  6.1  77  351   92 259 -356  2
4218500 2850500  5 16  9  13.7 1009 203  4.1 1  5.5  60  495  100 266 -372  2
4218500 2850500  5 16 10  15.7 1009 209  4.4 1  5.2  50  614  107 271 -388  2
4218500 2850500  5 16 11  16.3 1008 179  4.5 1  5.2  46  623  161 276 -401  2
4218500 2850500  5 16 12  16.6 1008 185  4.5 2  5.2  45  434  294 283 -412  2
4218500 2850500  5 16 13  17.5 1007 193  2.2 2  5.1  42  434  299 288 -420  2
4218500 2850500  5 16 14  17.5 1006 172  5.0 2  4.9  39  441  276 288 -428  2
4218500 2850500  5 16 15  18.1 1006 151  5.5 4  4.8  38  181  318 293 -431  2
4218500 2850500  5 16 16  17.2 1005 165  5.8 7  4.8  38    0  137 309 -425  2
4218500 2850500  5 16 17  16.5 1004 181  4.9 6  5.2  43   17  173 315 -418  2
4218500 2850500  5 16 18  16.6 1004 178  5.4 6  5.5  46   66  139 311 -407  2
4218500 2850500  5 16 19  16.2 1003 159  4.3 7  5.6  48    1   45 317 -396  2
4218500 2850500  5 16 20  15.4 1002 186  4.6 7  5.8  51    0    3 322 -387  2
4218500 2850500  5 16 21  11.3 1001 183  4.1 8  6.8  70    0    0 323 -378  2
4218500 2850500  5 16 22  11.2 1002 171  4.6 8  7.9  94    0    0 326 -372  2
4218500 2850500  5 16 23  11.3 1001 191  4.3 8  7.9  93    0    0 328 -367  2
4218500 2850500  5 16 24  10.9 1001 212  3.8 8  7.8  94    0    0 329 -364  2
4218500 2850500  5 17  1  10.5 1000 257  4.7 8  7.9  97    0    0 330 -361  2
4218500 2850500  5 17  2  10.4 1000 250  3.9 8  7.8  97    0    0 331 -359  2
4218500 2850500  5 17  3   9.3 1000 282  6.1 8  7.3  94    0    0 331 -357  2
4218500 2850500  5 17  4   8.3 1000 283  6.8 8  6.5  91    0    0 327 -356  2
4218500 2850500  5 17  5   7.7 1000 278  6.0 8  6.1  90    0    3 326 -356  2
4218500 2850500  5 17  6   7.7 1000 285  6.2 8  6.0  90    1   36 327 -358  2
4218500 2850500  5 17  7   7.9 1001 266  5.3 8  5.9  88    3   83 328 -363  2
4218500 2850500  5 17  8   8.1 1001 276  5.8 8  5.8  86    3  132 330 -371  2
4218500 2850500  5 17  9  10.0 1002 271  6.0 5  5.7  79  258  213 320 -375  2
4218500 2850500  5 17 10  10.7 1002 276  6.3 5  5.2  66  265  280 310 -377  2
4218500 2850500  5 17 11  12.0 1002 288  6.4 5  4.8  57  125  348 312 -383  2
4218500 2850500  5 17 12  11.5 1002 280  6.1 6  4.6  53  134  370 318 -390  2
4218500 2850500  5 17 13  11.4 1003 288  6.5 5  4.5  53  147  372 319 -389  2
4218500 2850500  5 17 14  12.1 1003 283  5.5 7  4.7  54   12  269 326 -380  2
4218500 2850500  5 17 15  11.1 1003 269  4.1 7  5.0  58   39  280 336 -383  2
4218500 2850500  5 17 16  12.4 1003 265  4.7 6  4.9  56  117  263 333 -393  2
4218500 2850500  5 17 17  12.7 1004 308  4.3 6  4.6  50   71  202 331 -396  2
4218500 2850500  5 17 18  12.8 1004 300  4.4 6  4.4  47   30  131 330 -391  2
4218500 2850500  5 17 19  12.4 1005 287  4.5 6  4.3  47    6   62 329 -384  2
4218500 2850500  5 17 20  11.9 1005 284  3.2 7  4.4  50    0    4 331 -374  2
4218500 2850500  5 17 21  11.8 1006 283  3.5 7  4.5  52    0    0 334 -367  2
4218500 2850500  5 17 22  11.4 1007 286  4.0 8  4.7  54    0    0 338 -361  2
4218500 2850500  5 17 23  10.8 1008 284  4.4 8  4.8  58    0    0 342 -357  2
4218500 2850500  5 17 24  10.5 1009 284  3.9 8  5.0  62    0    0 340 -353  2
4218500 2850500  5 18  1   9.9 1009 284  4.5 7  5.1  65    0    0 334 -351  2
4218500 2850500  5 18  2   9.2 1010 282  4.4 7  5.1  68    0    0 328 -349  2
4218500 2850500  5 18  3   8.4 1010 271  3.5 6  5.2  73    0    0 322 -347  2
4218500 2850500  5 18  4   7.3 1010 272  4.0 2  5.2  79    0    0 295 -345  2
4218500 2850500  5 18  5   6.4 1010 272  4.1 1  5.2  85   12   18 267 -344  2
4218500 2850500  5 18  6   6.7 1011 274  3.6 1  5.3  87   88   53 259 -344  2
4218500 2850500  5 18  7   7.9 1012 282  4.5 1  5.4  85  217   77 260 -351  2
4218500 2850500  5 18  8   9.5 1012 281  3.9 1  5.7  81  365   90 263 -363  2
4218500 2850500  5 18  9  11.5 1014 291  3.7 1  5.8  73  508   99 271 -378  2
4218500 2850500  5 18 10  12.7 1014 276  3.8 1  5.5  63  625  106 277 -396  2
4218500 2850500  5 18 11  14.1 1013 293  3.7 1  4.9  51  715  109 281 -413  2
4218500 2850500  5 18 12  15.2 1013 261  3.1 1  4.4  42  757  115 286 -427  2
4218500 2850500  5 18 13  15.9 1013 269  2.9 0  4.2  38  754  121 285 -438  2
4218500 2850500  5 18 14  16.7 1013 206  2.9 0  4.3  37  711  124 283 -445  2
4218500 2850500  5 18 15  17.6 1012 231  3.5 1  4.4  37  614  130 293 -448  2
4218500 2850500  5 18 16  17.9 1012 244  3.3 0  4.4  34  479  137 297 -443  2
4218500 2850500  5 18 17  18.1 1012 216  2.6 0  4.4  34  337  130 293 -436  2
4218500 2850500  5 18 18  17.7 1011 197  3.2 0  4.3  34  184  115 291 -428  2
4218500 2850500  5 18 19  17.0 1011 200  3.2 0  4.2  34   61   78 288 -417  2
4218500 2850500  5 18 20  14.7 1011 160  2.8 1  4.3  39    2   18 288 -403  2
4218500 2850500  5 18 21  12.8 1011 159  3.0 1  4.8  49    0    0 287 -391  2
4218500 2850500  5 18 22  12.3 1011 165  2.9 1  5.1  56    0    0 286 -384  2
4218500 2850500  5 18 23  11.1 1011 161  3.3 0  5.4  63    0    0 281 -379  2
4218500 2850500  5 18 24  10.6 1011 162  3.6 0  5.6  69    0    0 275 -376  2
4218500 2850500  5 19  1  10.5 1011 163  3.9 0  5.7  71    0    0 275 -374  2
4218500 2850500  5 19  2   9.6 1010 161  3.4 0  5.8  75    0    0 276 -374  2
4218500 2850500  5 19  3   8.7 1010 154  3.3 1  5.7  78    0    0 278 -375  2
4218500 2850500  5 19  4   8.6 1010 163  3.5 1  5.5  79    0    0 281 -376  2
4218500 2850500  5 19  5   8.4 1009 164  3.2 1  5.7  82    5   17 281 -376  2
4218500 2850500  5 19  6  10.3 1009 177  3.2 0  6.0  81   67   67 278 -378  2
4218500 2850500  5 19  7  12.3 1009 167  3.2 0  6.3  75  178  113 278 -384  2
4218500 2850500  5 19  8  14.6 1009 171  3.5 0  6.9  71  297  152 282 -391  2
4218500 2850500  5 19  9  17.5 1009 166  4.3 0  7.4  65  417  183 289 -394  2
4218500 2850500  5 19 10  19.2 1009 181  5.3 0  7.7  58  518  208 295 -400  2
4218500 2850500  5 19 11  21.0 1009 184  5.5 1  8.0  54  594  226 306 -413  2
4218500 2850500  5 19 12  22.1 1009 191  5.5 1  8.4  52  632  239 316 -419  2
4218500 2850500  5 19 13  23.0 1008 194  4.7 1  8.7  51  625  247 321 -430  2
4218500 2850500  5 19 14  24.2 1008 197  4.0 1  9.1  50  577  249 327 -445  2
4218500 2850500  5 19 15  24.5 1008 195  4.6 3  9.3  48  439  273 341 -443  2
4218500 2850500  5 19 16  23.8 1008 213  3.9 4  9.2  48  200  299 353 -435  2
4218500 2850500  5 19 17  23.8 1008 251  2.8 4  9.1  49  167  232 356 -431  2
4218500 2850500  5 19 18  22.3 1008 300  3.6 3 10.1  57  146  149 349 -427  2
4218500 2850500  5 19 19  21.9 1008 311  2.7 3 11.2  67   52   90 342 -419  2
4218500 2850500  5 19 20  20.0 1009 346  2.8 4 11.3  72    0   18 341 -412  2
4218500 2850500  5 19 21  18.4 1009  13  2.1 3 11.2  80    0    0 334 -405  2
4218500 2850500  5 19 22  17.2 1010  32  2.3 2 11.0  86    0    0 319 -400  2
4218500 2850500  5 19 23  15.8 1010  26  1.8 2 10.7  90    0    0 310 -397  2
4218500 2850500  5 19 24  15.8 1010  32  1.9 2 10.4  92    0    0 305 -395  2
4218500 2850500  5 20  1  15.2 1011  46  1.9 4 10.4  94    0    0 313 -394  2
4218500 2850500  5 20  2  15.0 1011  65  2.0 4 10.3  95    0    0 322 -393  2
4218500 2850500  5 20  3  14.5 1011  89  2.2 4 10.0  95    0    0 321 -391  2
4218500 2850500  5 20  4  14.5 1011  63  2.0 6  9.9  96    0    0 330 -390  2
4218500 2850500  5 20  5  14.6 1011  55  2.1 6  9.9  96    0    3 341 -388  2
4218500 2850500  5 20  6  16.1 1011  57  1.8 7 10.1  92    0   25 348 -388  2
4218500 2850500  5 20  7  17.5 1012  44  1.5 7 10.2  85   15  115 358 -391  2
4218500 2850500  5 20  8  19.4 1012  70  2.3 5 10.1  76  180  193 351 -400  2
4218500 2850500  5 20  9  20.6 1012  87  2.1 5  9.9  67  298  235 346 -410  2
4218500 2850500  5 20 10  23.0 1012 103  2.3 5  9.9  60  356  286 354 -421  2
4218500 2850500  5 20 11  24.8 1012 124  3.0 5  9.6  52  467  295 363 -432  2
4218500 2850500  5 20 12  25.5 1012 126  2.6 5  8.8  44  603  257 369 -435  2
4218500 2850500  5 20 13  26.0 1012 108  3.3 4  8.4  40  617  254 367 -444  2
4218500 2850500  5 20 14  26.5 1012  82  3.4 4  8.6  40  521  284 366 -465  2
4218500 2850500  5 20 15  26.5 1011  65  3.1 5  8.6  40  355  313 370 -475  2
4218500 2850500  5 20 16  26.4 1011  85  3.9 5  8.3  38  346  248 374 -477  2
4218500 2850500  5 20 17  25.8 1011  59  5.1 5  8.2  39  273  190 373 -474  2
4218500 2850500  5 20 18  25.3 1011  72  5.2 5  8.1  40  152  148 371 -466  2
4218500 2850500  5 20 19  24.6 1011  81  4.7 4  7.9  40   48   90 366 -455  2
4218500 2850500  5 20 20  22.5 1011  73  3.9 5  7.5  41    0   16 362 -443  2
4218500 2850500  5 20 21  21.3 1011  81  4.0 4  7.3  44    0    0 357 -431  2
4218500 2850500  5 20 22  20.0 1011  90  3.7 4  7.3  48    0    0 351 -423  2
4218500 2850500  5 20 23  18.8 1011  88  2.5 4  7.8  55    0    0 349 -416  2
4218500 2850500  5 20 24  18.4 1011  92  3.4 4  8.5  63    0    0 349 -411  2
4218500 2850500  5 21  1  17.7 1011  98  3.3 5  9.0  69    0    0 350 -406  2
4218500 2850500  5 21  2  17.3 1011  93  3.3 4  9.5  76    0    0 349 -400  2
4218500 2850500  5 21  3  16.4 1010 104  3.0 4  9.7  80    0    0 344 -397  2
4218500 2850500  5 21  4  15.7 1010 109  3.1 2  9.7  85    0    0 337 -396  2
4218500 2850500  5 21  5  15.3 1010 117  3.0 2  9.8  89    7   15 329 -394  2
4218500 2850500  5 21  6  17.5 1010 130  3.0 2 10.3  87   73   56 331 -393  2
4218500 2850500  5 21  7  19.5 1010 151  3.0 1 10.8  80  203   84 334 -399  2
4218500 2850500  5 21  8  22.1 1011 143  3.7 1 11.0  71  345  103 337 -412  2
4218500 2850500  5 21  9  23.8 1011 152  3.3 1 11.0  63  485  114 346 -430  2
4218500 2850500  5 21 10  25.9 1011 155  3.7 1 11.0  56  601  124 354 -450  2
4218500 2850500  5 21 11  27.4 1010 144  3.9 1 10.7  49  666  143 362 -468  2
4218500 2850500  5 21 12  28.6 1010 150  5.0 1 10.1  42  715  147 368 -484  2
4218500 2850500  5 21 13  29.3 1010 139  4.4 1  9.9  39  720  149 373 -497  2
4218500 2850500  5 21 14  29.7 1009 149  4.6 1  9.7  38  664  159 376 -504  2
4218500 2850500  5 21 15  30.0 1009 150  3.9 1  9.7  37  579  157 378 -506  2
4218500 2850500  5 21 16  30.0 1009 175  4.0 1  9.8  37  457  154 378 -504  2
4218500 2850500  5 21 17  29.8 1008 165  3.4 1  9.7  37  293  159 377 -498  2
4218500 2850500  5 21 18  29.5 1008 162  2.7 1  9.7  37  151  135 375 -486  2
4218500 2850500  5 21 19  27.3 1008 167  2.2 1  9.9  40   49   83 370 -471  2
4218500 2850500  5 21 20  25.1 1008 152  2.1 2 10.0  47    1   17 365 -455  2
4218500 2850500  5 21 21  22.9 1008 145  2.2 2 10.0  53    0    0 360 -440  2
4218500 2850500  5 21 22  20.6 1008 171  2.8 1 10.2  62    0    0 350 -429  2
4218500 2850500  5 21 23  19.9 1009 167  2.5 1 10.4  70    0    0 344 -422  2
4218500 2850500  5 21 24  18.6 1009 182  2.4 1 10.5  75    0    0 340 -416  2
4218500 2850500  5 22  1  17.5 1009 197  2.6 1 10.9  84    0    0 337 -411  2
4218500 2850500  5 22  2  17.8 1009 267  2.9 1 11.4  89    0    0 336 -407  2
4218500 2850500  5 22  3  17.1 1009 203  2.3 1 11.4  90    0    0 336 -403  2
4218500 2850500  5 22  4  16.5 1009 281  2.5 2 11.0  91    0    0 336 -401  2
4218500 2850500  5 22  5  17.2 1009 284  2.9 2 11.0  91    6   16 339 -399  2
4218500 2850500  5 22  6  19.0 1009 305  3.0 1 11.7  89   68   63 340 -400  2
4218500 2850500  5 22  7  20.6 1010 309  3.9 0 12.3  84  188  101 340 -409  2
4218500 2850500  5 22  8  22.7 1010 297  3.5 0 12.5  76  320  130 343 -425  2
4218500 2850500  5 22  9  23.8 1011 279  4.0 0 12.6  70  447  154 351 -448  2
4218500 2850500  5 22 10  24.5 1011 295  3.9 0 12.5  66  553  173 356 -471  2
4218500 2850500  5 22 11  25.4 1011 265  3.7 0 12.4  62  635  185 361 -492  2
4218500 2850500  5 22 12  26.0 1011 265  3.3 0 12.6  60  675  195 367 -510  2
4218500 2850500  5 22 13  26.4 1011 261  4.6 1 12.7  59  639  222 372 -522  2
4218500 2850500  5 22 14  27.2 1011 294  4.4 1 12.7  57  617  209 379 -525  2
4218500 2850500  5 22 15  27.0 1011 267  5.0 1 12.6  56  489  232 380 -526  2
4218500 2850500  5 22 16  26.6 1010 246  3.0 2 12.5  56  241  275 379 -524  2
4218500 2850500  5 22 17  26.3 1010 298  4.6 5 12.3  56   54  214 387 -517  2
4218500 2850500  5 22 18  25.1 1010 300  4.4 5 12.1  58   15  135 390 -505  2
4218500 2850500  5 22 19  24.2 1011 318  4.5 6 12.0  62    0   48 389 -489  2
4218500 2850500  5 22 20  23.2 1011 357  5.0 7 12.3  66    0    4 392 -473  2
4218500 2850500  5 22 21  21.6 1012 340  5.0 6 12.0  70    0    0 387 -458  2
4218500 2850500  5 22 22  20.6 1013   5  2.6 5 11.1  71    0    0 377 -448  2
4218500 2850500  5 22 23  18.9 1013  38  2.1 4 10.9  75    0    0 366 -437  2
4218500 2850500  5 22 24  18.2 1014 340  2.4 3 11.1  83    0    0 355 -426  2
4218500 2850500  5 23  1  17.2 1014   3  2.1 4 10.9  86    0    0 351 -420  2
4218500 2850500  5 23  2  16.9 1014  74  2.1 5 10.4  86    0    0 354 -416  2
4218500 2850500  5 23  3  15.7 1015  74  1.9 4 10.3  88    0    0 352 -412  2
4218500 2850500  5 23  4  15.0 1015   3  2.2 5 10.1  93    0    0 347 -408  2
4218500 2850500  5 23  5  15.2 1015  39  2.0 4 10.2  95    2   13 346 -405  2
4218500 2850500  5 23  6  16.7 1015  33  2.6 1 10.1  89   73   49 331 -403  2
4218500 2850500  5 23  7  17.8 1015  36  3.1 3  9.9  81  100  113 329 -403  2
4218500 2850500  5 23  8  17.8 1016  15  2.5 5  9.8  77   24  177 348 -408  2
4218500 2850500  5 23  9  18.1 1016  33  1.6 7  9.7  75   32  242 366 -413  2
4218500 2850500  5 23 10  18.8 1017 324  2.0 7  9.6  73   48  297 377 -417  2
4218500 2850500  5 23 11  19.1 1017 318  1.9 7  9.9  72   97  340 379 -423  2
4218500 2850500  5 23 12  20.1 1017 302  2.8 6 10.2  71  154  364 377 -435  2
4218500 2850500  5 23 13  20.0 1017 295  3.3 7 10.2  70   84  349 378 -453  2
4218500 2850500  5 23 14  20.3 1017 317  3.4 6 10.2  69  146  344 376 -463  2
4218500 2850500  5 23 15  20.4 1016 294  3.1 7 10.0  67    0  154 375 -463  2
4218500 2850500  5 23 16  20.3 1016 287  3.3 6  9.7  65   23  222 374 -462  2
4218500 2850500  5 23 17  21.0 1016 292  3.0 3  9.4  62  304  140 357 -457  2
4218500 2850500  5 23 18  21.0 1016 304  2.9 2  9.2  59  192  105 341 -445  2
4218500 2850500  5 23 19  20.2 1015 296  2.0 0  8.9  59   79   73 327 -432  2
4218500 2850500  5 23 20  18.2 1015 294  2.1 1  8.7  63    3   21 316 -418  2
4218500 2850500  5 23 21  16.5 1015 320  1.9 2  8.6  69    0    0 316 -406  2
4218500 2850500  5 23 22  15.2 1016 316  1.7 3  8.7  77    0    0 317 -396  2
4218500 2850500  5 23 23  13.5 1016  16  2.5 2  8.7  85    0    0 311 -388  2
4218500 2850500  5 23 24  13.7 1016  53  2.8 1  8.4  86    0    0 301 -382  2
4218500 2850500  5 24  1  13.7 1016  71  3.1 1  8.3  85    0    0 296 -376  2
4218500 2850500  5 24  2  13.6 1016  81  2.5 3  8.2  85    0    0 304 -371  2
4218500 2850500  5 24  3  13.0 1016  83  3.7 5  7.8  82    0    0 320 -366  2
4218500 2850500  5 24  4  12.8 1016  93  2.8 5  7.3  79    0    0 328 -362  2
4218500 2850500  5 24  5  12.3 1016  89  2.5 4  7.1  79    0   12 321 -359  2
4218500 2850500  5 24  6  13.6 1015  92  2.6 5  7.3  78   12   58 320 -360  2
4218500 2850500  5 24  7  14.9 1015 100  3.2 6  7.4  74   18  117 330 -368  2
4218500 2850500  5 24  8  16.8 1015 124  3.1 5  7.8  69  131  201 334 -383  2
4218500 2850500  5 24  9  19.2 1015 139  2.7 2  8.4  65  409  172 326 -402  2
4218500 2850500  5 24 10  20.6 1015 137  2.2 2  9.2  63  503  200 322 -422  2
4218500 2850500  5 24 11  21.8 1015 164  2.3 2  9.9  63  514  256 330 -440  2
4218500 2850500  5 24 12  23.0 1014 160  2.1 2 10.2  60  531  280 335 -456  2
4218500 2850500  5 24 13  23.9 1013 155  2.9 3 10.4  57  358  362 341 -467  2
4218500 2850500  5 24 14  24.1 1012 159  1.9 2 10.5  56  419  317 344 -472  2
4218500 2850500  5 24 15  24.5 1012 154  2.5 3 10.4  54  358  297 345 -473  2
4218500 2850500  5 24 16  25.0 1011 195  2.4 3 10.5  53  229  279 350 -469  2
4218500 2850500  5 24 17  25.4 1010 147  2.5 2 10.4  52  236  201 349 -460  2
4218500 2850500  5 24 18  25.3 1009 152  2.0 1 10.4  51  138  150 343 -451  2
4218500 2850500  5 24 19  24.7 1009 140  2.5 1 10.5  52   42   89 339 -439  2
4218500 2850500  5 24 20  23.6 1009 116  2.7 1 10.4  55    1   21 335 -425  2
4218500 2850500  5 24 21  22.2 1008 137  2.8 1 10.5  60    0    0 330 -410  2
4218500 2850500  5 24 22  22.1 1008 142  3.0 0 10.4  62    0    0 323 -400  2
4218500 2850500  5 24 23  21.4 1008 151  3.3 0 10.4  64    0    0 319 -392  2
4218500 2850500  5 24 24  20.9 1008 149  3.5 4 10.8  68    0    0 326 -387  2
4218500 2850500  5 25  1  20.3 1007 151  3.0 6 10.9  71    0    0 336 -382  2
4218500 2850500  5 25  2  19.7 1007 150  3.0 6 10.9  74    0    0 340 -378  2
4218500 2850500  5 25  3  19.4 1007 142  2.9 6 10.9  76    0    0 338 -375  2
4218500 2850500  5 25  4  18.4 1006 146  2.8 5 10.8  79    0    0 334 -372  2
4218500 2850500  5 25  5  18.3 1006 146  2.6 4 10.8  81    0    6 326 -370  2
4218500 2850500  5 25  6  18.7 1006 141  2.0 5 11.1  82   11   55 325 -372  2
4218500 2850500  5 25  7  20.4 1006 163  2.7 2 11.3  78  138  114 321 -381  2
4218500 2850500  5 25  8  22.2 1005 173  3.3 0 11.4  71  325  121 314 -398  2
4218500 2850500  5 25  9  24.7 1005 164  2.7 0 11.9  65  471  133 318 -419  2
4218500 2850500  5 25 10  26.3 1004 175  4.3 0 12.2  59  588  143 327 -441  2
4218500 2850500  5 25 11  28.2 1004 173  4.8 0 11.7  51  683  145 336 -461  2
4218500 2850500  5 25 12  29.6 1003 170  5.4 0 10.5  41  724  153 342 -478  2
4218500 2850500  5 25 13  30.3 1002 176  5.5 1  9.6  36  724  157 351 -492  2
4218500 2850500  5 25 14  30.8 1001 165  5.2 1  9.5  34  540  245 358 -500  2
4218500 2850500  5 25 15  30.6 1000 184  4.2 2  9.6  34  347  292 362 -502  2
4218500 2850500  5 25 16  30.2 1000 181  4.2 2 10.0  36  257  265 365 -499  2
4218500 2850500  5 25 17  30.6  999 189  4.2 2 10.6  38  218  203 367 -492  2
4218500 2850500  5 25 18  29.8  998 181  4.1 4 10.6  39   31  149 372 -482  2
4218500 2850500  5 25 19  19.9  997 270  7.4 7 11.7  58    0   24 373 -469  2
4218500 2850500  5 25 20  18.9 1001  49  1.9 7 13.0  90    0    7 368 -455  2
4218500 2850500  5 25 21  18.9 1000 132  3.1 7 13.1  94    0    0 368 -443  2
4218500 2850500  5 25 22  18.9 1000 184  3.0 7 13.3  95    0    0 369 -434  2
4218500 2850500  5 25 23  19.0 1000 214  3.2 8 13.2  94    0    0 374 -426  2
4218500 2850500  5 25 24  18.6 1000 234  4.0 6 12.8  93    0    0 370 -418  2
4218500 2850500  5 26  1  17.7 1000 249  2.6 6 12.5  94    0    0 360 -414  2
4218500 2850500  5 26  2  17.4 1000 297  2.7 6 12.3  96    0    0 358 -412  2
4218500 2850500  5 26  3  17.0  999 315  2.6 7 12.1  97    0    0 361 -410  2
4218500 2850500  5 26  4  16.9  999 225  2.0 7 12.0  97    0    0 363 -408  2
4218500 2850500  5 26  5  17.5  999 259  1.2 8 12.1  97    0    7 366 -407  2
4218500 2850500  5 26  6  17.8 1000 306  1.6 6 12.5  97   11   59 364 -409  2
4218500 2850500  5 26  7  18.5  999 310  0.6 7 12.7  96   12  113 363 -416  2
4218500 2850500  5 26  8  19.5  999 134  2.2 6 12.9  92   48  204 367 -429  2
4218500 2850500  5 26  9  20.2  999 168  2.5 6 12.9  87  115  280 369 -445  2
4218500 2850500  5 26 10  21.6  999 202  2.6 5 13.1  83  282  312 370 -455  2
4218500 2850500  5 26 11  23.5  999 196  2.7 3 13.4  76  577  228 369 -456  2
4218500 2850500  5 26 12  24.7  998 202  2.4 2 12.9  67  592  256 369 -469  2
4218500 2850500  5 26 13  26.3  998 203  2.6 2 12.9  62  601  257 375 -489  2
4218500 2850500  5 26 14  27.3  997 167  1.2 2 13.2  58  567  251 382 -485  2
4218500 2850500  5 26 15  28.0  996 255  1.8 3 13.0  55  307  326 387 -485  2
4218500 2850500  5 26 16  27.5  996 276  0.7 5 12.9  54   42  259 392 -495  2
4218500 2850500  5 26 17  16.7  996 281  6.4 6 12.0  70    2  147 377 -486  2
4218500 2850500  5 26 18  16.8  997 274  2.2 7 11.4  94    0   29 363 -465  2
4218500 2850500  5 26 19  17.5  996   2  1.2 7 12.1  97    0   16 370 -449  2
4218500 2850500  5 26 20  17.5  996  73  2.0 7 12.4  97    0    4 372 -437  2
4218500 2850500  5 26 21  17.2  997   6  0.6 6 12.2  97    0    0 370 -426  2
4218500 2850500  5 26 22  16.6  997 339  1.6 6 12.0  97    0    0 364 -420  2
4218500 2850500  5 26 23  16.4  997  26  1.9 6 11.7  98    0    0 362 -415  2
4218500 2850500  5 26 24  15.9  996  22  0.5 5 11.4  97    0    0 356 -411  2
4218500 2850500  5 27  1  15.5  997  29  1.8 6 11.1  98    0    0 353 -406  2
4218500 2850500  5 27  2  15.6  996  79  2.2 5 11.0  98    0    0 352 -405  2
4218500 2850500  5 27  3  15.6  996 132  2.6 6 11.1  98    0    0 351 -407  2
4218500 2850500  5 27  4  16.3  996 280  3.2 7 11.4  98    0    0 362 -407  2
4218500 2850500  5 27  5  15.5  996 320  3.4 7 11.1  96    0    4 364 -407  2
4218500 2850500  5 27  6  16.0  995   2  2.0 8 10.7  94    0   19 368 -407  2
4218500 2850500  5 27  7  16.7  995  47  2.8 6 11.0  93   24  130 366 -408  2
4218500 2850500  5 27  8  18.4  994  66  2.8 5 11.4  89  159  217 355 -415  2
4218500 2850500  5 27  9  20.7  994  74  3.4 5 11.9  82  287  262 357 -422  2
4218500 2850500  5 27 10  21.7  994  67  3.1 5 12.0  74  270  343 364 -429  2
4218500 2850500  5 27 11  22.9  993  88  2.5 7 12.1  70   41  357 378 -434  2
4218500 2850500  5 27 12  22.9  993  82  1.0 8 12.3  68    3  259 393 -431  2
4218500 2850500  5 27 13  22.4  993 105  2.0 7 12.6  71    0  181 393 -426  2
4218500 2850500  5 27 14  21.1  993 290  2.5 7 13.2  79    0   88 387 -440  2
4218500 2850500  5 27 15  19.3  993 164  1.5 7 13.7  90    0   69 383 -462  2
4218500 2850500  5 27 16  18.8  992 215  2.3 7 13.6  96    0   97 378 -469  2
4218500 2850500  5 27 17  20.3  991  85  2.9 6 13.3  91   27  209 376 -465  2
4218500 2850500  5 27 18  21.2  991  60  2.8 6 13.5  85   22  154 375 -456  2
4218500 2850500  5 27 19  21.2  991  89  2.0 4 13.9  85   40  101 368 -446  2
4218500 2850500  5 27 20  19.8  991 172  2.9 5 13.8  89    3   24 360 -434  2
4218500 2850500  5 27 21  18.7  991 184  3.2 6 13.3  93    0    0 364 -424  2
4218500 2850500  5 27 22  17.3  993  26  2.2 8 12.3  92    0    0 374 -416  2
4218500 2850500  5 27 23  16.4  993 255  3.2 8 11.2  92    0    0 378 -410  2
4218500 2850500  5 27 24  15.6  992 236  2.8 6 11.1  95    0    0 367 -404  2
4218500 2850500  5 28  1  15.3  992 233  1.9 4 11.0  98    0    0 346 -403  2
4218500 2850500  5 28  2  14.8  992 226  1.9 4 10.7  98    0    0 334 -401  2
4218500 2850500  5 28  3  14.0  992 251  2.4 3 10.3  98    0    0 325 -395  2
4218500 2850500  5 28  4  14.1  991 308  1.7 5 10.2  99    0    0 330 -389  2
4218500 2850500  5 28  5  14.8  991 325  1.9 6 10.5  99    0   14 346 -385  2
4218500 2850500  5 28  6  15.3  992   6  2.2 7 10.7  98    0   29 357 -381  2
4218500 2850500  5 28  7  15.6  992   0  2.3 6 10.8  96    4   97 357 -382  2
4218500 2850500  5 28  8  16.1  992   9  2.3 6 10.7  93    9  167 353 -388  2
4218500 2850500  5 28  9  16.3  992 359  2.2 6 10.6  90   11  226 354 -396  2
4218500 2850500  5 28 10  17.0  992  19  2.8 7 10.8  89   23  290 361 -406  2
4218500 2850500  5 28 11  17.8  992 353  2.9 7 11.0  86   41  338 369 -417  2
4218500 2850500  5 28 12  19.4  991 353  3.1 6 11.0  80  125  391 370 -429  2
4218500 2850500  5 28 13  20.5  991  11  2.2 6 11.4  76   15  303 371 -442  2
4218500 2850500  5 28 14  20.5  991 314  3.0 5 11.7  75   46  334 368 -450  2
4218500 2850500  5 28 15  23.1  990 284  2.0 4 11.9  71  191  336 365 -454  2
4218500 2850500  5 28 16  23.6  990 324  1.5 6 12.1  65   34  246 373 -455  2
4218500 2850500  5 28 17  23.7  989 309  2.5 4 12.1  64  162  221 372 -448  2
4218500 2850500  5 28 18  23.3  989 300  2.4 5 12.2  65   26  146 367 -437  2
4218500 2850500  5 28 19  21.5  989 303  3.1 5 12.3  70   31   92 365 -425  2
4218500 2850500  5 28 20  20.3  990 314  3.3 6 12.6  79    0   14 365 -413  2
4218500 2850500  5 28 21  19.5  990 324  3.3 6 13.0  87    0    0 368 -404  2
4218500 2850500  5 28 22  18.9  990 314  3.1 8 13.2  92    0    0 378 -397  2
4218500 2850500  5 28 23  18.4  990 316  3.6 8 13.3  96    0    0 389 -394  2
4218500 2850500  5 28 24  18.2  990 347  3.9 8 13.2  97    0    0 388 -391  2
4218500 2850500  5 29  1  18.0  989 313  2.3 8 13.0  97    0    0 386 -388  2
4218500 2850500  5 29  2  17.2  990  14  2.8 8 12.7  98    0    0 384 -386  2
4218500 2850500  5 29  3  16.6  990 318  3.1 8 12.2  98    0    0 381 -385  2
4218500 2850500  5 29  4  16.5  988  22  4.0 7 11.8  98    0    0 374 -385  2
4218500 2850500  5 29  5  16.3  989  22  3.2 7 11.7  98    0    4 370 -385  2
4218500 2850500  5 29  6  17.0  989  37  3.6 7 12.1  99    2   45 371 -388  2
4218500 2850500  5 29  7  18.7  989  38  3.1 5 12.8  97   68  129 365 -394  2
4218500 2850500  5 29  8  19.7  989  57  3.2 5 12.9  90  200  175 358 -406  2
4218500 2850500  5 29  9  20.9  990  57  3.2 4 12.5  82  340  198 355 -422  2
4218500 2850500  5 29 10  22.6  990  56  2.4 2 12.2  73  576  146 346 -443  2
4218500 2850500  5 29 11  23.8  990  75  2.4 2 12.2  66  408  296 343 -464  2
4218500 2850500  5 29 12  24.0  990  96  1.7 3 12.3  64  294  373 350 -479  2
4218500 2850500  5 29 13  25.1  990  59  2.0 4 12.3  62  194  394 362 -476  2
4218500 2850500  5 29 14  25.3  989  46  1.8 5 12.1  59   37  323 373 -468  2
4218500 2850500  5 29 15  21.7  989 125  4.9 7 12.2  65    0   68 380 -479  2
4218500 2850500  5 29 16  18.7  990 202  6.3 6 12.7  83   96  274 374 -487  2
4218500 2850500  5 29 17  19.8  991 199  6.2 4 12.5  87  310  159 358 -465  2
4218500 2850500  5 29 18  19.7  992 212  5.2 3 11.6  79  138  148 344 -440  2
4218500 2850500  5 29 19  18.8  993 228  4.7 3 11.4  79   63   89 337 -429  2
4218500 2850500  5 29 20  16.9  994 240  4.5 5 11.1  85    8   29 341 -413  2
4218500 2850500  5 29 21  14.8  995 248  5.4 7 10.4  90    0    0 349 -396  2
4218500 2850500  5 29 22  13.9  996 261  5.6 8  9.6  92    0    0 356 -385  2
4218500 2850500  5 29 23  13.3  997 269  5.4 8  9.2  93    0    0 358 -380  2
4218500 2850500  5 29 24  12.6  998 282  6.8 8  8.9  93    0    0 357 -378  2
4218500 2850500  5 30  1  11.6  999 281  7.1 8  8.3  93    0    0 353 -375  2
4218500 2850500  5 30  2  11.2 1000 282  6.4 8  7.9  92    0    0 349 -372  2
4218500 2850500  5 30  3  10.9 1001 283  6.0 7  7.7  92    0    0 343 -370  2
4218500 2850500  5 30  4  10.4 1002 272  5.7 7  7.6  94    0    0 337 -369  2
4218500 2850500  5 30  5  10.1 1003 280  6.0 7  7.5  96    0   10 334 -367  2
4218500 2850500  5 30  6  10.0 1004 273  5.3 8  7.4  96    0   15 339 -366  2
4218500 2850500  5 30  7  10.3 1005 274  5.3 8  7.3  94    0   53 343 -366  2
4218500 2850500  5 30  8  10.6 1006 272  5.6 8  7.1  89    0  112 344 -370  2
4218500 2850500  5 30  9  11.0 1006 280  6.2 8  6.9  85    0  164 347 -380  2
4218500 2850500  5 30 10  12.0 1007 277  5.5 7  6.8  80   10  248 344 -392  2
4218500 2850500  5 30 11  13.4 1008 284  5.1 6  6.9  75  146  319 335 -406  2
4218500 2850500  5 30 12  14.2 1008 309  3.8 5  6.7  67  253  314 328 -419  2
4218500 2850500  5 30 13  15.2 1008 302  4.3 4  6.3  60  302  298 321 -424  2
4218500 2850500  5 30 14  16.5 1008 242  3.7 4  6.1  54  369  248 318 -422  2
4218500 2850500  5 30 15  17.0 1008 317  3.9 5  6.1  51  227  262 325 -428  2
4218500 2850500  5 30 16  17.1 1009 347  2.5 5  6.1  50  189  220 331 -435  2
4218500 2850500  5 30 17  16.1 1009 295  3.0 7  6.0  50   77  188 339 -434  2
4218500 2850500  5 30 18  16.3 1009 295  2.4 5  5.8  51  173   99 337 -429  2
4218500 2850500  5 30 19  16.5 1009 292  1.5 3  5.8  50  137   42 317 -419  2
4218500 2850500  5 30 20  15.3 1009 282  1.2 4  6.0  53   10   24 310 -407  2
4218500 2850500  5 30 21  13.1 1009  17  0.4 5  6.3  62    0    0 315 -392  2
4218500 2850500  5 30 22  11.6 1010  62  1.4 4  6.4  72    0    0 308 -380  2
4218500 2850500  5 30 23  11.1 1010 158  2.0 3  6.7  79    0    0 294 -372  2
4218500 2850500  5 30 24  11.2 1010 121  1.9 2  6.8  83    0    0 284 -367  2
4218500 2850500  5 31  1  10.7 1010 110  1.9 2  6.9  84    0    0 277 -364  2
4218500 2850500  5 31  2   9.5 1010 138  1.7 2  6.9  89    0    0 273 -363  2
4218500 2850500  5 31  3   9.1 1010 118  2.0 1  6.8  93    0    0 262 -362  2
4218500 2850500  5 31  4   8.9 1010 123  1.9 1  6.8  94    0    0 253 -360  2
4218500 2850500  5 31  5   8.7 1010 140  1.3 1  6.8  96   12   20 251 -358  2
4218500 2850500  5 31  6  10.9 1010 155  1.2 1  7.1  94  108   57 252 -360  2
4218500 2850500  5 31  7  13.1 1010 151  1.0 0  7.2  82  262   71 249 -369  2
4218500 2850500  5 31  8  15.4 1010 138  1.6 0  6.5  64  437   67 245 -385  2
4218500 2850500  5 31  9  17.1 1010 185  2.0 0  6.1  53  575   78 255 -403  2
4218500 2850500  5 31 10  17.8 1010 133  2.5 2  6.2  50  384  247 277 -421  2
4218500 2850500  5 31 11  17.9 1010 130  2.5 5  6.2  48  114  366 311 -437  2
4218500 2850500  5 31 12  18.1 1010 119  2.3 7  6.0  46   19  308 339 -451  2
4218500 2850500  5 31 13  17.9 1010 178  3.1 6  6.2  48   47  347 346 -463  2
4218500 2850500  5 31 14  18.7 1010 107  2.3 6  6.4  49  166  366 343 -469  2
4218500 2850500  5 31 15  18.8 1010 133  3.2 6  6.5  48   96  319 345 -469  2
4218500 2850500  5 31 16  19.2 1010 127  2.9 6  6.6  48   68  263 345 -467  2
4218500 2850500  5 31 17  19.0 1010 136  2.4 6  6.7  48   29  197 345 -462  2
4218500 2850500  5 31 18  18.3 1010  87  4.2 7  6.6  49   27  146 347 -454  2
4218500 2850500  5 31 19  17.5 1010  99  3.6 5  6.9  54   36   90 341 -441  2
4218500 2850500  5 31 20  16.0 1010  91  3.2 4  7.2  61   10   28 328 -426  2
4218500 2850500  5 31 21  14.9 1010  89  2.9 3  7.4  68    0    0 313 -413  2
4218500 2850500  5 31 22  13.9 1010  88  2.7 2  7.6  75    0    0 303 -404  2
4218500 2850500  5 31 23  13.5 1011 124  3.2 3  8.0  81    0    0 301 -397  2
4218500 2850500  5 31 24  13.4 1011 177  3.8 4  8.5  86    0    0 297 -393  2
4218500 2850500  6  1  1  13.5 1013 243  4.6 6  8.9  90    0    0 348 -407  2
4218500 2850500  6  1  2  13.5 1013 297  5.3 7  9.0  92    0    0 347 -404  2
4218500 2850500  6  1  3  13.5 1013 338  5.9 8  9.0  92    0    0 343 -399  2
4218500 2850500  6  1  4  13.1 1014 341  6.0 8  8.7  91    0    0 341 -395  2
4218500 2850500  6  1  5  13.2 1014 339  6.0 8  8.5  89    0    4 339 -391  2
4218500 2850500  6  1  6  12.5 1015 341  5.9 7  8.0  88    0   33 329 -390  2
4218500 2850500  6  1  7  12.9 1016 343  6.6 7  7.7  84    0   35 319 -394  2
4218500 2850500  6  1  8  13.0 1017 351  6.7 8  7.2  78    0   52 329 -402  2
4218500 2850500  6  1  9  13.4 1018 360  5.5 8  6.7  71    0   85 339 -414  2
4218500 2850500  6  1 10  13.7 1018 344  5.4 7  6.3  65    0  152 331 -428  2
4218500 2850500  6  1 11  14.5 1019 344  5.2 7  6.0  60    1  225 325 -440  2
4218500 2850500  6  1 12  14.9 1020 340  5.7 6  5.7  56   53  340 320 -452  2
4218500 2850500  6  1 13  16.8 1020 334  6.3 5  5.4  49  239  383 311 -461  2
4218500 2850500  6  1 14  17.9 1020 334  5.7 4  5.3  43  482  268 307 -467  2
4218500 2850500  6  1 15  18.3 1020 341  6.0 3  5.3  41  531  192 302 -467  2
4218500 2850500  6  1 16  18.5 1020 331  5.8 3  5.3  41  421  186 301 -464  2
4218500 2850500  6  1 17  18.2 1020 350  4.8 3  5.4  41  261  189 304 -459  2
4218500 2850500  6  1 18  18.1 1021 347  5.5 4  5.3  41  131  156 310 -450  2
4218500 2850500  6  1 19  17.1 1021 355  4.8 4  5.1  41   37  100 312 -436  2
4218500 2850500  6  1 20  16.1 1022 357  3.9 4  4.9  42    0   28 308 -423  2
4218500 2850500  6  1 21  15.3 1023  11  3.2 3  4.9  45    0    0 303 -412  2
4218500 2850500  6  1 22  14.3 1023   2  3.4 3  5.0  48    0    0 297 -404  2
4218500 2850500  6  1 23  13.6 1024 355  3.3 3  5.0  50    0    0 295 -397  2
4218500 2850500  6  1 24  12.6 1024 352  3.3 3  4.8  52    0    0 294 -392  2
4218500 2850500  6  2  1  11.9 1024 342  3.1 2  4.8  55    0    0 290 -387  2
4218500 2850500  6  2  2  11.3 1024 335  3.2 3  5.1  61    0    0 289 -382  2
4218500 2850500  6  2  3  11.4 1024 342  2.8 3  5.4  66    0    0 292 -378  2
4218500 2850500  6  2  4   9.5 1025 342  2.9 2  5.6  72    0    0 288 -375  2
4218500 2850500  6  2  5  10.0 1025 334  2.7 1  5.7  77   17   23 282 -373  2
4218500 2850500  6  2  6  12.1 1025 343  3.0 0  5.9  73  104   60 282 -374  2
4218500 2850500  6  2  7  13.7 1025   3  4.1 0  5.9  65  238   80 284 -380  2
4218500 2850500  6  2  8  15.8 1027   3  4.7 0  5.7  56  394   88 289 -391  2
4218500 2850500  6  2  9  17.1 1027  17  4.5 0  5.4  47  539   94 294 -406  2
4218500 2850500  6  2 10  18.6 1027   3  4.0 0  5.2  42  669   90 300 -422  2
4218500 2850500  6  2 11  19.6 1027  21  4.3 1  5.0  37  773   82 306 -438  2
4218500 2850500  6  2 12  20.5 1027 360  4.5 1  4.9  34  803   96 311 -451  2
4218500 2850500  6  2 13  21.4 1027 355  3.5 0  4.8  31  772  123 312 -460  2
4218500 2850500  6  2 14  22.4 1026  26  4.2 0  4.5  28  707  140 314 -464  2
4218500 2850500  6  2 15  22.6 1026 352  3.8 1  4.5  27  615  147 318 -461  2
4218500 2850500  6  2 16  22.9 1025 347  4.0 1  4.7  28  494  148 324 -464  2
4218500 2850500  6  2 17  23.0 1025  18  4.5 1  4.7  27  346  146 325 -464  2
4218500 2850500  6  2 18  22.2 1025  11  4.2 2  4.8  29  210  127 328 -455  2
4218500 2850500  6  2 19  21.1 1025  17  3.9 2  5.2  32   81   94 328 -442  2
4218500 2850500  6  2 20  19.7 1025  19  3.9 4  5.5  37    6   33 328 -428  2
4218500 2850500  6  2 21  18.1 1025  21  2.5 4  5.7  43    0    0 328 -416  2
4218500 2850500  6  2 22  16.8 1026  31  2.9 3  5.6  45    0    0 320 -408  2
4218500 2850500  6  2 23  15.9 1027  33  2.6 2  5.6  49    0    0 313 -401  2
4218500 2850500  6  2 24  13.6 1027  61  2.3 1  5.8  56    0    0 303 -396  2
4218500 2850500  6  3  1  11.9 1026  25  2.1 0  6.0  66    0    0 294 -392  2
4218500 2850500  6  3  2  11.8 1026  16  2.4 0  6.1  72    0    0 288 -387  2
4218500 2850500  6  3  3  10.9 1026  15  2.4 1  6.2  75    0    0 288 -384  2
4218500 2850500  6  3  4  10.6 1026  41  1.6 1  6.3  79    0    0 288 -380  2
4218500 2850500  6  3  5  11.1 1026  39  1.7 1  6.4  81   21   24 287 -377  2
4218500 2850500  6  3  6  13.3 1026  37  1.4 1  7.0  79  106   60 291 -377  2
4218500 2850500  6  3  7  16.3 1027  50  2.3 1  7.8  75  233   83 299 -385  2
4218500 2850500  6  3  8  18.5 1027  75  2.8 1  8.4  68  384   94 307 -398  2
4218500 2850500  6  3  9  19.7 1027  58  2.9 1  8.5  62  522  104 314 -415  2
4218500 2850500  6  3 10  21.2 1027  49  3.1 2  8.5  57  636  110 321 -434  2
4218500 2850500  6  3 11  22.2 1027  28  3.4 2  8.3  52  734  108 328 -452  2
4218500 2850500  6  3 12  23.3 1026  44  2.9 1  8.4  49  768  121 330 -468  2
4218500 2850500  6  3 13  23.9 1026  66  3.2 1  8.3  46  747  139 332 -479  2
4218500 2850500  6  3 14  24.9 1025  34  3.4 1  8.4  44  689  151 336 -486  2
4218500 2850500  6  3 15  25.7 1024  42  3.8 1  8.4  42  605  154 339 -488  2
4218500 2850500  6  3 16  25.8 1024  39  4.3 1  8.1  39  490  151 341 -485  2
4218500 2850500  6  3 17  25.5 1023  50  4.6 0  8.0  39  350  145 337 -476  2
4218500 2850500  6  3 18  24.9 1022  64  4.5 0  7.9  40  207  129 334 -466  2
4218500 2850500  6  3 19  23.9 1022  49  4.0 0  7.7  41   86   93 330 -454  2
4218500 2850500  6  3 20  22.4 1021  41  4.6 0  7.3  42    8   35 325 -439  2
4218500 2850500  6  3 21  20.9 1022  47  4.4 0  7.2  45    0    0 318 -425  2
4218500 2850500  6  3 22  19.2 1022  47  4.1 0  7.2  50    0    0 312 -415  2
4218500 2850500  6  3 23  18.0 1022  48  3.6 0  7.2  54    0    0 306 -407  2
4218500 2850500  6  3 24  16.9 1022  48  3.6 0  7.3  59    0    0 303 -401  2
4218500 2850500  6  4  1  16.0 1021  46  2.6 0  7.3  63    0    0 300 -396  2
4218500 2850500  6  4  2  15.3 1021  47  2.6 0  7.4  67    0    0 298 -392  2
4218500 2850500  6  4  3  14.5 1021  36  2.4 0  7.5  71    0    0 295 -389  2
4218500 2850500  6  4  4  13.5 1020  28  2.1 0  7.5  76    0    0 293 -386  2
4218500 2850500  6  4  5  14.1 1020  47  2.4 1  7.6  78   21   24 293 -384  2
4218500 2850500  6  4  6  16.0 1019  51  2.0 0  8.0  75  110   59 296 -385  2
4218500 2850500  6  4  7  17.5 1019  70  1.8 0  8.3  70  239   80 296 -393  2
4218500 2850500  6  4  8  19.9 1019  90  1.5 0  8.6  64  392   89 302 -408  2
4218500 2850500  6  4  9  22.3 1018  86  1.7 1  8.7  56  533   97 313 -426  2
4218500 2850500  6  4 10  24.2 1018  64  1.8 1  8.6  48  660   95 324 -445  2
4218500 2850500  6  4 11  25.6 1017  49  1.3 1  8.4  43  756   92 331 -463  2
4218500 2850500  6  4 12  26.6 1017 171  2.0 1  8.3  39  779  112 337 -478  2
4218500 2850500  6  4 13  27.8 1016  42  2.0 1  8.3  37  755  132 342 -488  2
4218500 2850500  6  4 14  28.4 1015  63  2.6 1  8.4  35  690  149 347 -494  2
4218500 2850500  6  4 15  28.6 1014  91  2.3 1  8.4  34  593  157 350 -497  2
4218500 2850500  6  4 16  28.9 1013  98  1.6 1  8.5  35  470  160 351 -496  2
4218500 2850500  6  4 17  28.7 1012  61  3.3 1  8.2  33  340  149 350 -489  2
4218500 2850500  6  4 18  28.2 1012  44  3.0 2  7.9  32  197  132 350 -478  2
4218500 2850500  6  4 19  27.2 1011  70  4.0 1  8.1  35   77   95 346 -465  2
4218500 2850500  6  4 20  25.2 1011  62  3.5 1  8.2  38    7   34 336 -452  2
4218500 2850500  6  4 21  23.9 1010  51  3.7 1  8.6  44    0    0 331 -439  2
4218500 2850500  6  4 22  23.0 1010  56  4.0 0  9.2  50    0    0 324 -429  2
4218500 2850500  6  4 23  21.7 1011  49  3.6 0  9.6  56    0    0 317 -420  2
4218500 2850500  6  4 24  20.2 1010  62  3.4 0 10.0  64    0    0 315 -413  2
4218500 2850500  6  5  1  19.8 1010  78  3.2 0 10.2  70    0    0 312 -408  2
4218500 2850500  6  5  2  18.6 1009  77  3.2 0  9.9  70    0    0 310 -403  2
4218500 2850500  6  5  3  18.4 1009  87  3.2 0  9.5  71    0    0 307 -399  2
4218500 2850500  6  5  4  17.5 1008  89  2.9 1  9.3  72    0    0 310 -396  2
4218500 2850500  6  5  5  17.8 1008  94  2.8 1  9.3  73    7   21 313 -394  2
4218500 2850500  6  5  6  19.4 1008  86  2.5 2  9.6  71   49   70 318 -395  2
4218500 2850500  6  5  7  21.1 1008 107  2.5 1 10.0  67  211   88 321 -403  2
4218500 2850500  6  5  8  23.8 1008  72  2.9 1 10.4  61  343  107 321 -419  2
4218500 2850500  6  5  9  25.6 1007  92  3.1 2 10.7  54  496  111 334 -438  2
4218500 2850500  6  5 10  27.7 1007 100  4.0 2 10.9  50  644  101 346 -459  2
4218500 2850500  6  5 11  29.3 1006 116  5.8 2 10.5  42  723  111 355 -478  2
4218500 2850500  6  5 12  30.0 1006 132  4.9 3 10.1  38  719  144 366 -495  2
4218500 2850500  6  5 13  30.6 1005 129  5.3 4 10.0  37  422  322 377 -507  2
4218500 2850500  6  5 14  31.2 1004 170  4.3 4  9.6  34  196  370 382 -514  2
4218500 2850500  6  5 15  31.0 1004 121  4.6 5  9.0  31  150  334 384 -516  2
4218500 2850500  6  5 16  31.1 1003  97  5.8 3  8.3  29  270  261 379 -512  2
4218500 2850500  6  5 17  29.8 1002  79  6.3 6  9.2  33   54  217 381 -506  2
4218500 2850500  6  5 18  26.4 1002  79  4.7 4 10.4  43   92  165 378 -498  2
4218500 2850500  6  5 19  25.5 1001  75  4.2 4 10.6  50   69   95 362 -488  2
4218500 2850500  6  5 20  24.6 1001  75  3.9 3 10.6  53    1   28 355 -477  2
4218500 2850500  6  5 21  23.6 1001 100  2.7 3 10.8  57    0    0 347 -456  2
4218500 2850500  6  5 22  23.5 1002 126  4.4 3 10.9  59    0    0 346 -439  2
4218500 2850500  6  5 23  22.6 1001 125  3.9 2 10.6  60    0    0 340 -436  2
4218500 2850500  6  5 24  22.2 1001 157  3.2 2 10.6  61    0    0 332 -437  2
4218500 2850500  6  6  1  20.6 1001 122  3.0 2 10.5  65    0    0 323 -438  2
4218500 2850500  6  6  2  20.2 1000 134  3.0 2 10.5  69    0    0 318 -438  2
4218500 2850500  6  6  3  21.0 1000 151  3.1 3 10.6  69    0    0 324 -437  2
4218500 2850500  6  6  4  19.2 1000 151  2.3 3 10.7  72    0    0 327 -435  2
4218500 2850500  6  6  5  18.8 1000 138  2.7 3 10.9  78    0    4 324 -433  2
4218500 2850500  6  6  6  21.4 1000 143  2.9 4 11.2  75   31   68 330 -434  2
4218500 2850500  6  6  7  21.9  999 152  3.6 2 11.7  71  186   97 328 -440  2
4218500 2850500  6  6  8  24.3  999 176  3.9 1 11.7  65  404   78 319 -450  2
4218500 2850500  6  6  9  25.7  999 167  3.0 1 11.6  57  567   73 327 -464  2
4218500 2850500  6  6 10  27.4  999 161  3.2 0 11.9  54  711   62 336 -480  2
4218500 2850500  6  6 11  28.6  999 161  4.1 0 12.1  50  785   69 344 -495  2
4218500 2850500  6  6 12  29.5  999 154  4.2 1 11.8  46  666  173 359 -508  2
4218500 2850500  6  6 13  30.8  998 174  4.6 3 11.6  42  429  315 380 -518  2
4218500 2850500  6  6 14  30.2  998 169  4.4 7 10.8  39   23  291 405 -524  2
4218500 2850500  6  6 15  27.5  997 181  5.4 7 10.1  40    0  103 409 -525  2
4218500 2850500  6  6 16  24.6  997 200  4.2 5 10.4  48   57  266 392 -523  2
4218500 2850500  6  6 17  26.0  997 292  2.7 3 11.3  55  103  225 377 -518  2
4218500 2850500  6  6 18  27.3  997 230  3.3 5 11.6  52    1  105 381 -510  2
4218500 2850500  6  6 19  25.5  996 260  2.6 7 11.5  52    0   18 394 -498  2
4218500 2850500  6  6 20  20.8  997  68  3.5 7 12.8  70    0    9 392 -487  2
4218500 2850500  6  6 21  19.6  998  81  2.2 7 13.4  89    0    0 382 -477  2
4218500 2850500  6  6 22  19.1  998 123  2.1 8 12.7  88    0    0 383 -462  2
4218500 2850500  6  6 23  18.9  998 355  2.7 8 12.5  89    0    0 384 -447  2
4218500 2850500  6  6 24  18.5  998  30  1.6 8 12.7  92    0    0 385 -440  2
4218500 2850500  6  7  1  18.4  998 158  1.9 8 12.7  94    0    0 385 -435  2
4218500 2850500  6  7  2  18.4  998 182  2.5 8 12.7  94    0    0 385 -431  2
4218500 2850500  6  7  3  18.0  998 189  2.8 6 12.5  94    0    0 377 -430  2
4218500 2850500  6  7  4  17.5  998 193  2.6 4 12.2  94    0    0 357 -430  2
4218500 2850500  6  7  5  17.5  998 187  2.5 5 11.9  94    0   10 351 -428  2
4218500 2850500  6  7  6  17.3  999 194  2.9 5 11.6  92    2   53 352 -429  2
4218500 2850500  6  7  7  17.4 1000 190  2.6 6 11.4  90   20  127 354 -434  2
4218500 2850500  6  7  8  18.6 1000 220  3.0 6 11.4  87   71  214 362 -441  2
4218500 2850500  6  7  9  20.8 1000 251  2.7 6 11.6  79  126  284 368 -450  2
4218500 2850500  6  7 10  21.5 1000 224  2.2 7 11.5  72   70  327 378 -461  2
4218500 2850500  6  7 11  22.2 1001 216  3.6 5 11.0  66  141  382 378 -473  2
4218500 2850500  6  7 12  23.3 1001 257  2.7 6 10.8  62  199  409 378 -485  2
4218500 2850500  6  7 13  24.4 1001 254  3.2 6 10.8  58  146  407 388 -498  2
4218500 2850500  6  7 14  24.2 1001 221  3.1 6 10.7  55   70  351 388 -513  2
4218500 2850500  6  7 15  24.5 1001 232  3.0 8 10.2  53    0  127 393 -520  2
4218500 2850500  6  7 16  24.8 1001 216  2.7 5  9.9  50   82  291 389 -512  2
4218500 2850500  6  7 17  25.1 1001 227  1.6 4  9.9  50  247  216 380 -499  2
4218500 2850500  6  7 18  25.1 1000 165  2.3 4  9.9  49  116  176 378 -490  2
4218500 2850500  6  7 19  24.1 1000 166  2.6 2 10.0  51   66  105 369 -480  2
4218500 2850500  6  7 20  22.2 1000 150  1.8 3 10.4  58    8   37 360 -470  2
4218500 2850500  6  7 21  19.5 1000  75  1.9 2 10.7  68    0    0 349 -460  2
4218500 2850500  6  7 22  18.4 1001  73  2.1 2 10.8  78    0    0 333 -453  2
4218500 2850500  6  7 23  18.5 1001  67  3.0 1 11.2  83    0    0 328 -449  2
4218500 2850500  6  7 24  18.1 1000  67  2.5 1 11.3  84    0    0 326 -447  2
4218500 2850500  6  8  1  17.6 1000  67  2.3 1 11.2  86    0    0 325 -443  2
4218500 2850500  6  8  2  17.3 1000  81  3.3 2 11.3  89    0    0 329 -438  2
4218500 2850500  6  8  3  17.3  999  82  3.2 1 11.2  90    0    0 329 -437  2
4218500 2850500  6  8  4  17.5  999  82  3.3 2 11.1  88    0    0 327 -436  2
4218500 2850500  6  8  5  18.3  998  82  3.3 4 11.0  84    0    4 340 -436  2
4218500 2850500  6  8  6  19.5  998  82  3.5 7 10.9  78    0   22 363 -438  2
4218500 2850500  6  8  7  21.6  997  71  3.6 8 10.7  70    0   49 386 -443  2
4218500 2850500  6  8  8  22.3  997  91  5.0 6 10.4  62    0  126 385 -450  2
4218500 2850500  6  8  9  20.5  996 103  3.2 6 11.5  71   86  229 376 -460  2
4218500 2850500  6  8 10  19.9  996  82  4.6 6 13.1  87  198  249 375 -475  2
4218500 2850500  6  8 11  23.0  996  87  3.1 6 13.8  84  199  284 382 -490  2
4218500 2850500  6  8 12  22.7  996  83  3.6 6 14.3  80  194  304 388 -489  2
4218500 2850500  6  8 13  24.4  995  79  2.8 8 14.1  75    0  168 399 -469  2
4218500 2850500  6  8 14  21.0  995 159  3.1 6 13.6  77    0  134 396 -446  2
4218500 2850500  6  8 15  20.3  995 133  3.3 7 13.8  88    0   98 384 -423  2
4218500 2850500  6  8 16  20.3  996 175  2.4 6 14.1  92   19  221 384 -409  2
4218500 2850500  6  8 17  21.9  996 263  6.7 5 13.2  82  143  174 375 -406  2
4218500 2850500  6  8 18  19.2  996 264  6.2 6 12.0  77   36  138 372 -409  2
4218500 2850500  6  8 19  17.8  997 278  6.0 7 11.2  82    1   68 372 -409  2
4218500 2850500  6  8 20  15.9  998 272  6.0 8 10.7  87    0    6 374 -405  2
4218500 2850500  6  8 21  14.7  999 269  6.1 8 10.0  90    0    0 371 -400  2
4218500 2850500  6  8 22  14.5 1000 280  6.1 8  9.4  89    0    0 367 -394  2
4218500 2850500  6  8 23  14.1 1001 271  6.4 8  9.0  87    0    0 363 -389  2
4218500 2850500  6  8 24  13.4 1002 284  6.6 8  8.8  88    0    0 358 -384  2
4218500 2850500  6  9  1  13.7 1002 281  6.0 8  8.6  87    0    0 355 -380  2
4218500 2850500  6  9  2  13.8 1002 282  5.8 7  8.2  83    0    0 349 -377  2
4218500 2850500  6  9  3  13.6 1003 282  5.6 7  7.6  77    0    0 341 -375  2
4218500 2850500  6  9  4  13.1 1004 287  5.5 7  6.9  71    0    0 336 -373  2
4218500 2850500  6  9  5  13.0 1004 284  4.6 6  6.6  70    0   18 329 -373  2
4218500 2850500  6  9  6  13.6 1005 280  5.0 5  6.7  70   42   74 320 -377  2
4218500 2850500  6  9  7  14.3 1005 280  4.7 5  7.0  69   88  137 318 -385  2
4218500 2850500  6  9  8  15.5 1006 281  5.6 5  7.0  66  271  155 322 -396  2
4218500 2850500  6  9  9  16.3 1006 289  7.3 4  6.5  57  390  181 321 -410  2
4218500 2850500  6  9 10  17.7 1006 281  7.1 5  6.3  52  477  213 324 -423  2
4218500 2850500  6  9 11  18.8 1006 279  7.2 4  6.2  47  575  215 328 -434  2
4218500 2850500  6  9 12  19.6 1007 286  6.4 4  6.0  43  537  272 326 -443  2
4218500 2850500  6  9 13  19.3 1007 278  6.1 5  5.9  42  365  361 332 -449  2
4218500 2850500  6  9 14  19.5 1007 320  6.2 4  5.9  42  321  357 331 -452  2
4218500 2850500  6  9 15  19.5 1007 300  6.2 4  5.7  40  250  338 327 -453  2
4218500 2850500  6  9 16  19.7 1007 279  5.9 6  5.6  39  147  297 333 -449  2
4218500 2850500  6  9 17  19.7 1007 289  5.5 6  5.6  39   66  232 341 -444  2
4218500 2850500  6  9 18  19.8 1007 305  4.3 7  5.7  39   11  142 345 -441  2
4218500 2850500  6  9 19  19.2 1008 289  4.7 6  5.7  40    2   73 342 -435  2
4218500 2850500  6  9 20  18.2 1008 295  3.4 7  5.9  44    0   30 339 -429  2
4218500 2850500  6  9 21  16.5 1009 293  2.9 7  6.2  50    0    0 341 -421  2
4218500 2850500  6  9 22  15.6 1009 302  2.7 6  6.6  58    0    0 332 -414  2
4218500 2850500  6  9 23  16.4 1010 307  2.8 7  6.9  61    0    0 332 -409  2
4218500 2850500  6  9 24  15.9 1010 305  2.9 7  7.0  61    0    0 337 -404  2
4218500 2850500  6 10  1  14.9 1010 309  3.4 5  7.1  65    0    0 324 -399  2
4218500 2850500  6 10  2  13.9 1010 322  3.0 2  7.2  70    0    0 297 -395  2
4218500 2850500  6 10  3  13.1 1010 318  2.8 2  7.2  75    0    0 280 -391  2
4218500 2850500  6 10  4  11.9 1010 319  2.8 2  7.1  79    0    0 277 -387  2
4218500 2850500  6 10  5  11.4 1010 310  2.5 1  7.2  84    5   20 270 -385  2
4218500 2850500  6 10  6  13.4 1011 328  3.1 0  7.4  82   79   70 263 -386  2
4218500 2850500  6 10  7  14.8 1011 346  3.2 0  7.3  73  221   92 264 -390  2
4218500 2850500  6 10  8  16.3 1011 312  3.6 0  6.8  62  384  101 268 -397  2
4218500 2850500  6 10  9  17.8 1011 307  4.3 0  6.2  51  545   96 274 -406  2
4218500 2850500  6 10 10  19.2 1011 304  4.0 0  5.8  44  669   99 280 -417  2
4218500 2850500  6 10 11  19.5 1011 318  3.8 0  5.5  39  753  100 281 -428  2
4218500 2850500  6 10 12  20.0 1011 296  5.0 1  5.3  37  657  190 286 -436  2
4218500 2850500  6 10 13  20.2 1011 300  4.3 1  5.4  37  619  221 292 -443  2
4218500 2850500  6 10 14  21.3 1010 299  3.5 4  5.4  35  264  368 307 -445  2
4218500 2850500  6 10 15  21.7 1010 305  3.1 4  5.5  34  147  344 325 -446  2
4218500 2850500  6 10 16  20.9 1010 316  3.7 5  5.6  35  119  294 329 -443  2
4218500 2850500  6 10 17  20.3 1010 322  4.1 5  5.6  37  114  238 332 -436  2
4218500 2850500  6 10 18  19.6 1010 305  2.8 3  5.6  38  138  162 315 -431  2
4218500 2850500  6 10 19  19.2 1010 310  2.8 3  5.7  40   68  102 297 -424  2
4218500 2850500  6 10 20  17.5 1010 320  2.2 2  5.8  44    7   38 288 -416  2
4218500 2850500  6 10 21  16.5 1010 308  1.8 2  6.2  51    0    0 277 -408  2
4218500 2850500  6 10 22  15.1 1010 333  1.3 3  6.4  57    0    0 279 -403  2
4218500 2850500  6 10 23  14.9 1010 338  1.1 2  6.4  60    0    0 280 -399  2
4218500 2850500  6 10 24  13.2 1010  50  1.0 1  6.8  68    0    0 266 -396  2
4218500 2850500  6 11  1  12.6 1010  92  1.4 2  7.0  75    0    0 263 -393  2
4218500 2850500  6 11  2  12.3 1010  94  2.0 2  6.9  77    0    0 269 -390  2
4218500 2850500  6 11  3  11.5 1010 109  2.0 4  6.9  79    0    0 281 -387  2
4218500 2850500  6 11  4  11.9 1010 118  2.0 6  7.2  84    0    0 307 -384  2
4218500 2850500  6 11  5  12.8 1010 134  2.1 7  7.5  84    0    5 327 -382  2
4218500 2850500  6 11  6  14.8 1010 124  2.0 7  7.5  76    0   20 336 -383  2
4218500 2850500  6 11  7  16.3 1010 115  2.1 7  7.3  66    1   93 340 -387  2
4218500 2850500  6 11  8  17.2 1010 135  2.0 5  7.3  61  133  215 330 -394  2
4218500 2850500  6 11  9  20.2 1010 146  2.1 2  7.2  53  454  166 304 -405  2
4218500 2850500  6 11 10  20.9 1010 169  2.3 1  6.8  45  556  185 287 -416  2
4218500 2850500  6 11 11  22.4 1010 227  1.7 2  6.6  40  417  315 292 -428  2
4218500 2850500  6 11 12  22.3 1010 267  1.4 3  6.3  37  282  397 310 -439  2
4218500 2850500  6 11 13  23.0 1010 202  1.6 5  6.1  35   79  382 331 -446  2
4218500 2850500  6 11 14  22.6 1009 245  2.2 7  6.5  38    4  252 354 -447  2
4218500 2850500  6 11 15  21.6 1009 266  4.3 8  7.0  42    0   73 367 -446  2
4218500 2850500  6 11 16  16.7 1010 274  5.3 7  8.0  57    0  150 359 -445  2
4218500 2850500  6 11 17  18.1 1011 290  2.9 4  9.7  77  115  251 336 -441  2
4218500 2850500  6 11 18  19.1 1010 287  3.8 4  9.7  72  129  176 325 -435  2
4218500 2850500  6 11 19  18.3 1010 312  3.7 5  8.7  65   38  109 329 -427  2
4218500 2850500  6 11 20  17.9 1011 305  2.8 4  8.2  63    0   24 325 -417  2
4218500 2850500  6 11 21  16.7 1012 315  3.2 4  7.7  62    0    0 316 -407  2
4218500 2850500  6 11 22  15.3 1012 304  2.5 4  7.4  65    0    0 311 -399  2
4218500 2850500  6 11 23  14.7 1013 292  2.3 4  7.4  70    0    0 307 -392  2
4218500 2850500  6 11 24  14.3 1013 298  2.2 5  7.3  71    0    0 308 -386  2
4218500 2850500  6 12  1  13.5 1013 300  1.9 6  7.3  74    0    0 316 -382  2
4218500 2850500  6 12  2  11.8 1013 306  1.9 6  7.4  81    0    0 317 -380  2
4218500 2850500  6 12  3  12.2 1014 314  2.7 5  7.3  84    0    0 311 -376  2
4218500 2850500  6 12  4  11.8 1014 318  1.6 5  7.2  83    0    0 306 -371  2
4218500 2850500  6 12  5  11.5 1014   1  1.4 6  7.4  86    0    5 309 -366  2
4218500 2850500  6 12  6  13.2 1014 314  1.0 7  7.7  86    0   44 320 -366  2
4218500 2850500  6 12  7  14.5 1014 329  1.2 3  7.9  80  135  126 310 -371  2
4218500 2850500  6 12  8  17.2 1014 351  1.7 2  7.6  68  373  114 294 -382  2
4218500 2850500  6 12  9  18.5 1015  43  1.3 1  6.7  52  518  123 290 -396  2
4218500 2850500  6 12 10  19.3 1015  12  1.1 1  5.9  43  653  117 288 -412  2
4218500 2850500  6 12 11  20.4 1014 352  1.6 1  5.5  38  697  146 292 -428  2
4218500 2850500  6 12 12  21.5 1014 201  2.3 2  5.2  34  515  284 301 -439  2
4218500 2850500  6 12 13  21.8 1014 306  1.7 2  5.0  31  378  357 308 -448  2
4218500 2850500  6 12 14  23.0 1014 267  2.8 4  5.2  31   90  367 319 -451  2
4218500 2850500  6 12 15  20.7 1013 310  3.8 6  5.6  34    6  243 331 -452  2
4218500 2850500  6 12 16  21.0 1013 331  2.3 4  5.8  38  222  293 328 -454  2
4218500 2850500  6 12 17  21.6 1013  39  2.2 4  5.6  36  294  188 322 -452  2
4218500 2850500  6 12 18  21.7 1013 287  1.9 4  5.4  34  171  154 320 -444  2
4218500 2850500  6 12 19  20.3 1012 316  1.8 4  5.6  36   48  107 318 -433  2
4218500 2850500  6 12 20  18.3 1012 342  1.8 5  6.0  43    8   40 315 -422  2
4218500 2850500  6 12 21  16.5 1012  20  2.8 5  6.4  51    0    0 313 -408  2
4218500 2850500  6 12 22  16.4 1013  44  2.7 4  6.8  58    0    0 306 -397  2
4218500 2850500  6 12 23  15.3 1013  51  2.4 4  7.3  65    0    0 301 -389  2
4218500 2850500  6 12 24  14.8 1013  50  2.0 5  7.7  72    0    0 301 -383  2
4218500 2850500  6 13  1  14.3 1013  56  1.8 5  7.7  74    0    0 303 -377  2
4218500 2850500  6 13  2  14.2 1013  74  2.3 4  7.6  75    0    0 301 -373  2
4218500 2850500  6 13  3  13.0 1012  82  2.2 5  7.4  76    0    0 299 -370  2
4218500 2850500  6 13  4  12.4 1012  95  2.2 6  7.4  81    0    0 304 -367  2
4218500 2850500  6 13  5  13.4 1012 101  2.4 6  7.5  81    0   18 307 -366  2
4218500 2850500  6 13  6  13.9 1012 136  2.0 5  7.5  77   34   76 307 -369  2
4218500 2850500  6 13  7  16.3 1011 169  2.2 4  7.5  70  162  127 305 -379  2
4218500 2850500  6 13  8  18.5 1011 179  2.4 5  7.8  63  257  174 312 -395  2
4218500 2850500  6 13  9  21.9 1011 177  3.2 5  8.0  54  339  224 325 -414  2
4218500 2850500  6 13 10  23.1 1011 169  3.8 6  8.0  47  424  260 337 -434  2
4218500 2850500  6 13 11  24.5 1011 204  4.4 5  7.3  40  481  289 342 -453  2
4218500 2850500  6 13 12  24.8 1010 218  4.0 4  6.8  35  426  349 343 -468  2
4218500 2850500  6 13 13  24.9 1010 172  3.6 4  7.0  36  231  419 345 -480  2
4218500 2850500  6 13 14  24.6 1009 261  3.6 5  6.7  34  171  403 349 -486  2
4218500 2850500  6 13 15  25.2 1009 277  3.5 6  6.2  31   86  349 356 -488  2
4218500 2850500  6 13 16  24.0 1009 195  4.7 6  6.1  32   22  261 360 -487  2
4218500 2850500  6 13 17  23.9 1009 247  4.5 5  6.2  33   58  241 357 -483  2
4218500 2850500  6 13 18  23.2 1009 235  4.9 6  6.0  33    9  145 356 -472  2
4218500 2850500  6 13 19  23.1 1009 218  3.4 5  6.0  34    4   82 356 -460  2
4218500 2850500  6 13 20  22.4 1010 221  3.7 6  6.3  36    2   36 356 -452  2
4218500 2850500  6 13 21  20.6 1009 223  3.6 5  6.5  40    0    0 354 -441  2
4218500 2850500  6 13 22  18.7 1010 226  2.8 3  6.6  46    0    0 337 -433  2
4218500 2850500  6 13 23  16.2 1010 217  2.8 2  7.0  56    0    0 319 -428  2
4218500 2850500  6 13 24  15.7 1010 236  3.3 2  7.4  66    0    0 309 -424  2
4218500 2850500  6 14  1  15.2 1010 243  2.9 1  7.6  69    0    0 301 -421  2
4218500 2850500  6 14  2  13.7 1010 235  2.7 1  7.6  74    0    0 290 -417  2
4218500 2850500  6 14  3  13.0 1010 226  2.6 2  7.7  80    0    0 288 -413  2
4218500 2850500  6 14  4  13.5 1010 225  2.4 4  8.0  84    0    0 302 -411  2
4218500 2850500  6 14  5  15.3 1010 218  2.4 6  8.2  80    0    5 327 -409  2
4218500 2850500  6 14  6  15.9 1011 223  2.2 7  8.3  74    0   22 347 -410  2
4218500 2850500  6 14  7  16.6 1011 234  2.1 7  8.6  74    0   69 355 -413  2
4218500 2850500  6 14  8  18.3 1011 240  2.5 7  9.0  72    6  159 359 -419  2
4218500 2850500  6 14  9  20.0 1011 272  3.1 6  9.4  68  134  259 360 -423  2
4218500 2850500  6 14 10  21.3 1011 265  3.5 6  9.7  64  290  272 362 -425  2
4218500 2850500  6 14 11  18.8 1011 271  4.1 6 10.6  72  124  343 363 -427  2
4218500 2850500  6 14 12  20.9 1011 268  4.2 6 11.6  80  131  361 365 -438  2
4218500 2850500  6 14 13  21.8 1011 304  4.3 7 11.0  69   41  323 375 -445  2
4218500 2850500  6 14 14  21.5 1011 290  4.2 7 10.1  62    9  264 379 -453  2
4218500 2850500  6 14 15  21.8 1011 292  4.8 7 10.0  61   15  254 375 -465  2
4218500 2850500  6 14 16  22.3 1011 258  2.9 6  9.7  58   75  274 368 -467  2
4218500 2850500  6 14 17  22.5 1011 305  3.7 6  9.3  55   70  223 364 -466  2
4218500 2850500  6 14 18  21.9 1011 324  4.0 5  8.9  53   20  150 356 -459  2
4218500 2850500  6 14 19  21.9 1011 330  3.8 7  8.6  52    0   40 356 -451  2
4218500 2850500  6 14 20  20.8 1011 342  3.4 8  8.5  53    0   11 362 -441  2
4218500 2850500  6 14 21  19.7 1012 349  2.8 7  8.3  56    0    0 356 -431  2
4218500 2850500  6 14 22  19.4 1013 346  2.9 7  8.3  58    0    0 350 -421  2
4218500 2850500  6 14 23  18.5 1013 347  2.6 6  8.2  60    0    0 345 -413  2
4218500 2850500  6 14 24  16.9 1013   8  1.5 6  8.1  64    0    0 336 -404  2
4218500 2850500  6 15  1  16.8 1013 329  1.4 6  8.3  70    0    0 333 -397  2
4218500 2850500  6 15  2  16.3 1013 346  1.7 6  8.7  74    0    0 332 -391  2
4218500 2850500  6 15  3  15.7 1013   7  1.0 6  8.8  77    0    0 329 -386  2
4218500 2850500  6 15  4  14.6 1013  68  0.7 6  8.8  82    0    0 327 -382  2
4218500 2850500  6 15  5  14.9 1013 156  0.9 7  9.0  86    0   14 331 -380  2
4218500 2850500  6 15  6  16.0 1013  11  1.3 6  9.2  84    1   47 332 -383  2
4218500 2850500  6 15  7  17.2 1013 135  1.8 5  8.9  75   69  138 327 -394  2
4218500 2850500  6 15  8  18.7 1013 165  1.3 4  8.6  67  251  161 323 -411  2
4218500 2850500  6 15  9  19.6 1013 272  1.5 5  8.6  62  200  262 329 -430  2
4218500 2850500  6 15 10  20.0 1013 295  1.1 6  8.8  61  133  331 342 -449  2
4218500 2850500  6 15 11  21.3 1013 290  2.0 6  8.7  57  235  362 351 -465  2
4218500 2850500  6 15 12  22.3 1013 301  3.2 5  8.1  50  285  376 353 -478  2
4218500 2850500  6 15 13  22.9 1012 279  2.2 5  7.6  45  261  387 353 -485  2
4218500 2850500  6 15 14  23.5 1012  99  1.4 5  7.7  44  329  349 356 -493  2
4218500 2850500  6 15 15  23.2 1011 265  4.0 6  7.8  43  214  341 362 -497  2
4218500 2850500  6 15 16  23.4 1011 268  2.7 6  7.9  44  135  296 365 -483  2
4218500 2850500  6 15 17  24.1 1011 288  3.1 6  7.9  43   93  236 368 -472  2
4218500 2850500  6 15 18  23.7 1011 256  2.2 5  7.4  40   88  171 363 -467  2
4218500 2850500  6 15 19  23.1 1010 286  2.5 6  7.2  40   22  100 363 -460  2
4218500 2850500  6 15 20  20.7 1010 298  1.5 6  7.4  45    1   31 364 -453  2
4218500 2850500  6 15 21  18.8 1010 297  1.0 7  7.7  53    0    0 364 -445  2
4218500 2850500  6 15 22  18.0 1010 311  0.6 7  7.9  60    0    0 365 -438  2
4218500 2850500  6 15 23  17.7 1010 169  1.4 7  8.3  65    0    0 366 -434  2
4218500 2850500  6 15 24  17.6 1010 155  1.4 7  8.8  69    0    0 367 -431  2
4218500 2850500  6 16  1  17.9 1010 162  2.3 7  8.9  70    0    0 370 -428  2
4218500 2850500  6 16  2  18.1 1010 170  2.2 8  8.8  68    0    0 376 -426  2
4218500 2850500  6 16  3  17.2 1010 163  1.9 8  9.3  73    0    0 381 -423  2
4218500 2850500  6 16  4  16.3 1009 177  2.0 8 10.1  84    0    0 381 -420  2
4218500 2850500  6 16  5  16.6 1009 176  1.8 8 10.4  88    0    4 380 -418  2
4218500 2850500  6 16  6  17.8 1009 142  2.0 6 10.3  83    0   38 371 -420  2
4218500 2850500  6 16  7  18.6 1009 172  1.8 6 10.0  76   18  127 363 -424  2
4218500 2850500  6 16  8  21.2 1008 157  2.7 6  9.3  64  156  211 368 -432  2
4218500 2850500  6 16  9  23.1 1008 162  2.9 5  9.2  55  258  258 372 -443  2
4218500 2850500  6 16 10  24.5 1008 179  2.8 4  9.6  52  423  257 373 -454  2
4218500 2850500  6 16 11  25.6 1008 223  3.8 4  9.6  48  378  334 376 -464  2
4218500 2850500  6 16 12  26.6 1007 205  3.8 5  9.2  43  213  411 385 -478  2
4218500 2850500  6 16 13  28.0 1007 203  4.4 5  8.9  39  187  413 392 -491  2
4218500 2850500  6 16 14  28.5 1006 201  4.3 5  8.5  35  163  394 391 -491  2
4218500 2850500  6 16 15  28.6 1005 214  4.7 6  8.3  34  129  357 393 -486  2
4218500 2850500  6 16 16  27.7 1005 212  4.7 6  8.1  34   63  290 394 -488  2
4218500 2850500  6 16 17  27.1 1004 227  5.1 5  8.1  35   74  243 387 -486  2
4218500 2850500  6 16 18  26.9 1004 215  4.4 5  8.4  37   82  181 382 -475  2
4218500 2850500  6 16 19  25.9 1004 239  4.1 4  8.2  38   31  108 374 -459  2
4218500 2850500  6 16 20  24.5 1004 211  2.6 6  8.1  40    3   38 375 -437  2
4218500 2850500  6 16 21  23.8 1004 228  3.0 7  8.1  43    0    0 382 -420  2
4218500 2850500  6 16 22  20.1 1004 280  5.9 8  8.7  52    0    0 384 -416  2
4218500 2850500  6 16 23  16.9 1006 312  2.0 8  9.8  73    0    0 381 -416  2
4218500 2850500  6 16 24  16.8 1005 253  2.3 8 10.4  86    0    0 377 -416  2
4218500 2850500  6 17  1  16.9 1006 211  3.3 8 10.5  86    0    0 378 -413  2
4218500 2850500  6 17  2  16.6 1006 219  3.7 8 10.4  86    0    0 378 -409  2
4218500 2850500  6 17  3  16.3 1006 248  4.4 7 10.2  86    0    0 373 -407  2
4218500 2850500  6 17  4  15.6 1006 281  5.6 6  9.5  83    0    0 360 -405  2
4218500 2850500  6 17  5  15.2 1007 274  5.1 7  8.7  79    5   21 356 -404  2
4218500 2850500  6 17  6  14.8 1008 272  5.2 5  8.3  78   49   73 347 -401  2
4218500 2850500  6 17  7  15.1 1009 263  6.4 3  7.9  74  190  105 325 -402  2
4218500 2850500  6 17  8  16.5 1009 253  6.4 2  7.5  67  362  113 312 -407  2
4218500 2850500  6 17  9  17.9 1009 258  6.1 2  7.0  57  467  139 308 -417  2
4218500 2850500  6 17 10  19.1 1009 250  6.0 2  6.6  50  576  154 310 -428  2
4218500 2850500  6 17 11  20.0 1010 251  6.3 1  6.0  42  651  167 306 -440  2
4218500 2850500  6 17 12  19.5 1010 251  6.2 2  5.7  40  601  232 307 -448  2
4218500 2850500  6 17 13  21.6 1009 263  6.7 2  5.6  37  493  299 314 -453  2
4218500 2850500  6 17 14  21.0 1009 296  6.6 2  5.4  34  506  271 315 -463  2
4218500 2850500  6 17 15  21.9 1009 289  5.0 3  5.3  33  389  287 318 -466  2
4218500 2850500  6 17 16  22.6 1008 258  5.1 3  5.1  30  328  251 325 -465  2
4218500 2850500  6 17 17  21.6 1008 280  4.3 2  4.8  29  308  180 322 -464  2
4218500 2850500  6 17 18  21.3 1007 276  3.3 4  4.9  31  126  169 322 -457  2
4218500 2850500  6 17 19  20.2 1007 323  2.8 4  5.1  33   54  107 325 -448  2
4218500 2850500  6 17 20  18.9 1006 134  2.6 5  5.2  38    4   39 325 -440  2
4218500 2850500  6 17 21  18.1 1006  92  2.8 6  5.4  40    0    0 330 -431  2
4218500 2850500  6 17 22  17.6 1005  61  3.1 6  5.5  43    0    0 335 -424  2
4218500 2850500  6 17 23  17.7 1005  85  3.3 6  6.5  51    0    0 344 -418  2
4218500 2850500  6 17 24  17.9 1004 100  3.2 5  7.9  60    0    0 353 -413  2
4218500 2850500  6 18  1  18.0 1015 112  3.0 3  9.5  72    0    0 335 -415  2
4218500 2850500  6 18  2  17.8 1015 118  2.7 2 10.7  82    0    0 336 -411  2
4218500 2850500  6 18  3  17.6 1015 123  2.5 1 11.5  90    0    0 333 -407  2
4218500 2850500  6 18  4  17.6 1015 122  2.4 2 11.5  91    0    0 331 -405  2
4218500 2850500  6 18  5  18.7 1015 133  2.2 2 11.8  89   11   22 333 -403  2
4218500 2850500  6 18  6  19.3 1016 126  1.7 2 12.1  91   73   69 336 -404  2
4218500 2850500  6 18  7  22.3 1016 153  2.1 2 12.4  80  174  108 342 -413  2
4218500 2850500  6 18  8  25.3 1016 150  3.4 2 12.5  67  311  129 352 -429  2
4218500 2850500  6 18  9  27.2 1015 153  4.5 3 12.3  58  474  127 361 -448  2
4218500 2850500  6 18 10  28.1 1015 152  5.0 3 11.8  51  588  137 368 -467  2
4218500 2850500  6 18 11  29.4 1015 159  4.4 2 11.6  47  682  141 373 -485  2
4218500 2850500  6 18 12  30.7 1014 151  4.6 2 11.6  43  735  145 380 -500  2
4218500 2850500  6 18 13  31.5 1014 184  4.3 1 11.1  39  692  180 385 -512  2
4218500 2850500  6 18 14  32.5 1013 169  4.7 1 10.9  36  674  171 389 -520  2
4218500 2850500  6 18 15  32.9 1013 163  4.4 1 11.1  36  575  183 394 -522  2
4218500 2850500  6 18 16  33.0 1012 166  4.0 2 10.8  34  487  165 396 -521  2
4218500 2850500  6 18 17  33.0 1012 156  4.7 3 10.6  33  343  162 398 -516  2
4218500 2850500  6 18 18  32.0 1011 167  4.2 4 10.7  35  212  138 398 -507  2
4218500 2850500  6 18 19  30.2 1011 166  3.5 5 11.0  39  103   98 396 -494  2
4218500 2850500  6 18 20  28.5 1010 158  4.0 6 11.2  44   20   47 392 -479  2
4218500 2850500  6 18 21  26.0 1010 159  3.6 5 11.2  49    0    6 386 -464  2
4218500 2850500  6 18 22  25.6 1011 158  4.2 3 11.4  54    0    0 378 -454  2
4218500 2850500  6 18 23  25.0 1011 161  4.1 3 11.5  56    0    0 374 -446  2
4218500 2850500  6 18 24  24.1 1010 173  3.1 2 11.6  60    0    0 371 -440  2
4218500 2850500  6 19  1  23.4 1011 171  3.9 1 12.1  65    0    0 367 -434  2
4218500 2850500  6 19  2  22.5 1011 203  3.0 1 12.4  70    0    0 365 -430  2
4218500 2850500  6 19  3  22.3 1011 208  3.2 1 12.6  74    0    0 363 -427  2
4218500 2850500  6 19  4  22.1 1011 267  4.0 2 13.1  78    0    0 363 -424  2
4218500 2850500  6 19  5  21.6 1012 307  6.2 5 13.4  81    0   17 365 -423  2
4218500 2850500  6 19  6  21.1 1013 317  5.6 6 13.4  84    2   50 368 -426  2
4218500 2850500  6 19  7  21.0 1014 322  5.2 7 13.4  85    8  111 370 -435  2
4218500 2850500  6 19  8  21.1 1015 338  4.5 7 13.2  84   14  177 372 -451  2
4218500 2850500  6 19  9  21.8 1016 334  4.5 8 12.7  79   16  236 378 -469  2
4218500 2850500  6 19 10  22.2 1016 338  3.8 7 12.2  73   82  326 380 -487  2
4218500 2850500  6 19 11  23.7 1017 331  3.5 6 12.0  68  247  368 381 -504  2
4218500 2850500  6 19 12  24.9 1017 325  3.2 5 12.2  64  385  353 384 -517  2
4218500 2850500  6 19 13  25.8 1017 325  2.8 4 12.4  61  406  349 386 -528  2
4218500 2850500  6 19 14  25.7 1017 329  3.4 4 12.5  60  308  367 387 -533  2
4218500 2850500  6 19 15  26.4 1017 331  3.7 4 12.5  59  251  341 389 -531  2
4218500 2850500  6 19 16  26.7 1017 333  3.2 4 12.4  57  337  256 391 -523  2
4218500 2850500  6 19 17  26.2 1017 335  2.7 4 12.2  56  203  232 391 -513  2
4218500 2850500  6 19 18  26.0 1017  30  2.6 3 11.9  56  140  173 387 -501  2
4218500 2850500  6 19 19  24.7 1017  64  3.9 3 11.8  58   44  113 383 -485  2
4218500 2850500  6 19 20  23.9 1017  87  3.5 5 11.8  62    5   44 382 -470  2
4218500 2850500  6 19 21  22.4 1017  69  3.5 6 12.1  68    0    3 382 -456  2
4218500 2850500  6 19 22  21.3 1017  13  3.4 6 11.5  70    0    0 379 -446  2
4218500 2850500  6 19 23  20.2 1018  42  4.2 6  8.8  58    0    0 372 -439  2
4218500 2850500  6 19 24  19.4 1018  44  3.8 7  6.9  48    0    0 367 -433  2
4218500 2850500  6 20  1  18.8 1018  53  4.5 7  6.7  49    0    0 367 -428  2
4218500 2850500  6 20  2  18.4 1018  72  4.4 7  6.9  52    0    0 366 -425  2
4218500 2850500  6 20  3  18.1 1018  73  4.3 7  6.7  52    0    0 364 -421  2
4218500 2850500  6 20  4  16.6 1017  66  4.3 7  6.9  56    0    0 362 -418  2
4218500 2850500  6 20  5  16.6 1017  63  4.3 8  7.6  65    0   16 362 -417  2
4218500 2850500  6 20  6  15.7 1017 349  3.6 8  8.2  72    0   22 363 -419  2
4218500 2850500  6 20  7  15.9 1018  52  4.9 8  8.5  76    0   39 361 -427  2
4218500 2850500  6 20  8  16.4 1018  59  5.7 8  8.4  73    0   69 361 -440  2
4218500 2850500  6 20  9  18.1 1017  85  5.9 8  8.4  68    0  147 364 -457  2
4218500 2850500  6 20 10  20.8 1016 100  6.3 6  8.8  63  124  337 367 -480  2
4218500 2850500  6 20 11  22.1 1015 105  6.1 6  9.4  59  254  374 372 -502  2
4218500 2850500  6 20 12  24.7 1014 116  6.2 4 10.1  56  527  295 378 -517  2
4218500 2850500  6 20 13  26.2 1013 108  5.7 3 10.9  54  636  244 382 -528  2
4218500 2850500  6 20 14  27.4 1012 111  5.7 2 11.6  52  584  253 387 -536  2
4218500 2850500  6 20 15  28.6 1011 103  4.8 2 12.0  50  542  228 391 -534  2
4218500 2850500  6 20 16  29.1 1011 140  4.0 2 12.2  49  274  265 392 -526  2
4218500 2850500  6 20 17  27.8 1010 131  3.8 6 12.2  50    0  101 400 -519  2
4218500 2850500  6 20 18  27.1 1009 140  3.7 6 12.1  52    0   31 409 -512  2
4218500 2850500  6 20 19  26.9 1009 147  4.0 7 12.3  55    0   18 413 -497  2
4218500 2850500  6 20 20  25.0 1009 194  3.6 7 13.1  62    0    6 414 -475  2
4218500 2850500  6 20 21  20.8 1009 273  4.7 8 13.7  77    0    0 409 -454  2
4218500 2850500  6 20 22  20.3 1012 274  3.1 6 13.7  90    0    0 396 -443  2
4218500 2850500  6 20 23  20.7 1011 275  4.3 6 13.7  90    0    0 385 -436  2
4218500 2850500  6 20 24  20.3 1012 265  4.5 5 13.5  89    0    0 381 -427  2
4218500 2850500  6 21  1  19.3 1013 277  6.5 5 12.9  88    0    0 374 -416  2
4218500 2850500  6 21  2  17.7 1014 279  6.9 4 11.5  86    0    0 363 -409  2
4218500 2850500  6 21  3  17.1 1014 267  5.3 4 10.3  83    0    0 353 -405  2
4218500 2850500  6 21  4  16.8 1014 277  5.8 5  9.8  81    0    0 355 -401  2
4218500 2850500  6 21  5  16.2 1015 286  5.5 6  9.6  81    9   21 361 -397  2
4218500 2850500  6 21  6  16.6 1016 290  5.9 5  9.4  81   61   68 361 -395  2
4218500 2850500  6 21  7  16.7 1016 304  5.2 5  9.5  80   75  132 355 -394  2
4218500 2850500  6 21  8  17.1 1017 307  4.0 7  9.4  78   52  201 361 -396  2
4218500 2850500  6 21  9  18.1 1017 333  2.2 5  9.2  73  279  223 360 -405  2
4218500 2850500  6 21 10  19.4 1017 340  2.0 5  9.3  69  294  289 354 -417  2
4218500 2850500  6 21 11  20.3 1017 269  2.8 7  9.4  65  122  365 364 -429  2
4218500 2850500  6 21 12  20.5 1017 291  2.6 5  9.3  62  317  359 363 -439  2
4218500 2850500  6 21 13  21.3 1017 245  1.8 6  9.2  59  181  392 359 -448  2
4218500 2850500  6 21 14  21.1 1017 282  2.0 7  9.0  58   44  342 364 -453  2
4218500 2850500  6 21 15  20.9 1017 300  1.9 7  8.9  57    3  239 367 -454  2
4218500 2850500  6 21 16  20.8 1016 327  2.0 7  8.9  58    5  209 365 -455  2
4218500 2850500  6 21 17  20.9 1016 351  0.0 8  9.0  58    0  116 369 -454  2
4218500 2850500  6 21 18  21.1 1015 283  1.2 8  8.9  58    0  105 374 -449  2
4218500 2850500  6 21 19  20.0 1014 325  1.1 8  9.1  60    0   43 372 -441  2
4218500 2850500  6 21 20  19.9 1014 206  2.9 7  9.4  64    0    7 368 -431  2
4218500 2850500  6 21 21  18.8 1014 200  2.3 6  9.8  70    0    0 359 -422  2
4218500 2850500  6 21 22  17.6 1015 221  2.3 5 10.2  78    0    0 350 -416  2
4218500 2850500  6 21 23  16.9 1015 218  2.5 5 10.3  84    0    0 345 -411  2
4218500 2850500  6 21 24  16.4 1015 257  2.3 3 10.5  88    0    0 337 -408  2
4218500 2850500  6 22  1  15.7 1015 256  2.3 2 10.5  92    0    0 323 -406  2
4218500 2850500  6 22  2  15.3 1015 251  2.3 2 10.4  94    0    0 316 -402  2
4218500 2850500  6 22  3  14.7 1015 233  2.0 0 10.2  95    0    0 305 -400  2
4218500 2850500  6 22  4  14.4 1015 237  2.1 0  9.9  95    0    0 296 -398  2
4218500 2850500  6 22  5  14.7 1015 241  1.8 4 10.0  96    0    3 313 -398  2
4218500 2850500  6 22  6  15.8 1016 267  1.8 6 10.4  96    2   51 343 -399  2
4218500 2850500  6 22  7  17.6 1016 288  1.9 3 10.6  89  103  131 344 -399  2
4218500 2850500  6 22  8  19.6 1016 264  2.6 2 10.2  76  272  150 333 -402  2
4218500 2850500  6 22  9  20.6 1016 256  4.0 2  9.4  64  383  179 335 -406  2
4218500 2850500  6 22 10  21.3 1016 250  3.6 3  9.3  60  376  259 346 -415  2
4218500 2850500  6 22 11  21.7 1016 276  4.3 4  9.4  58  419  293 361 -422  2
4218500 2850500  6 22 12  22.6 1016 287  4.3 3  8.9  53  576  244 364 -429  2
4218500 2850500  6 22 13  24.1 1016 278  4.2 1  8.3  47  677  193 357 -441  2
4218500 2850500  6 22 14  24.4 1016 273  4.4 1  7.8  42  679  171 351 -447  2
4218500 2850500  6 22 15  24.8 1015 294  2.4 1  7.4  38  522  217 348 -452  2
4218500 2850500  6 22 16  25.4 1015 264  2.4 3  7.7  39  314  236 353 -455  2
4218500 2850500  6 22 17  24.7 1015 281  3.3 7  8.1  41   45  224 368 -453  2
4218500 2850500  6 22 18  24.1 1014 292  2.3 6  8.4  44   13  145 377 -447  2
4218500 2850500  6 22 19  23.8 1014 314  1.2 5  8.8  47   34  108 371 -438  2
4218500 2850500  6 22 20  23.2 1014 312  0.0 4  9.3  51    7   46 364 -428  2
4218500 2850500  6 22 21  21.3 1014 177  1.9 3  9.7  57    0    4 354 -416  2
4218500 2850500  6 22 22  20.1 1014 158  2.1 3 10.0  66    0    0 345 -407  2
4218500 2850500  6 22 23  19.7 1013 154  2.5 4 10.4  72    0    0 346 -400  2
4218500 2850500  6 22 24  20.0 1012 150  2.1 6 10.7  74    0    0 358 -397  2
4218500 2850500  6 23  1  20.3 1012 166  3.5 7 10.7  72    0    0 372 -397  2
4218500 2850500  6 23  2  20.5 1011 175  4.0 7 10.7  71    0    0 378 -395  2
4218500 2850500  6 23  3  20.9 1010 181  4.6 7 10.8  70    0    0 380 -395  2
4218500 2850500  6 23  4  20.8 1009 282  5.7 7 11.1  71    0    0 382 -394  2
4218500 2850500  6 23  5  19.7 1010 301  5.4 7 11.7  78    0    3 381 -391  2
4218500 2850500  6 23  6  18.7 1010 298  4.7 7 11.6  83   13   64 377 -389  2
4218500 2850500  6 23  7  18.4 1011 287  5.4 6 10.9  81    4  102 370 -392  2
4218500 2850500  6 23  8  19.0 1011 296  6.1 6  9.4  70   38  194 364 -399  2
4218500 2850500  6 23  9  18.9 1012 288  5.8 6  8.4  61   37  257 364 -404  2
4218500 2850500  6 23 10  17.6 1012 280  6.0 7  8.7  66    0  217 366 -411  2
4218500 2850500  6 23 11  17.8 1013 289  6.7 7  8.8  69    0  207 367 -421  2
4218500 2850500  6 23 12  17.3 1013 297  6.9 7  9.0  71    0  185 363 -431  2
4218500 2850500  6 23 13  20.1 1014 296  4.5 5  9.0  67  173  381 356 -439  2
4218500 2850500  6 23 14  21.9 1014 273  6.4 3  8.7  56  548  247 346 -444  2
4218500 2850500  6 23 15  22.3 1013 281  7.6 3  8.3  50  436  260 341 -444  2
4218500 2850500  6 23 16  22.9 1013 271  6.3 3  7.8  46  423  194 340 -444  2
4218500 2850500  6 23 17  22.3 1013 309  5.8 3  7.8  46  251  206 339 -440  2
4218500 2850500  6 23 18  21.9 1013 295  6.3 2  7.9  48  175  156 333 -434  2
4218500 2850500  6 23 19  21.2 1013 307  5.4 1  7.9  49   69  108 324 -427  2
4218500 2850500  6 23 20  20.2 1014 305  2.8 2  7.9  52   21   49 320 -418  2
4218500 2850500  6 23 21  17.9 1014 309  2.4 2  7.9  57    0    4 318 -408  2
4218500 2850500  6 23 22  16.5 1015 302  2.7 3  8.0  65    0    0 314 -400  2
4218500 2850500  6 23 23  15.4 1015 284  2.1 2  8.0  70    0    0 309 -393  2
4218500 2850500  6 23 24  14.1 1015 335  2.1 2  7.9  75    0    0 298 -388  2
4218500 2850500  6 24  1  13.6 1015  12  2.2 2  7.9  80    0    0 292 -382  2
4218500 2850500  6 24  2  12.7 1015  14  2.3 1  7.8  83    0    0 288 -379  2
4218500 2850500  6 24  3  11.9 1015 359  2.2 2  7.5  84    0    0 288 -376  2
4218500 2850500  6 24  4  12.7 1015 353  2.3 4  7.2  80    0    0 303 -373  2
4218500 2850500  6 24  5  13.0 1015  12  1.9 4  7.0  76    0    6 314 -371  2
4218500 2850500  6 24  6  14.6 1015 340  1.8 5  7.3  74    5   53 322 -373  2
4218500 2850500  6 24  7  15.2 1015 324  2.6 6  7.4  70   25  122 335 -380  2
4218500 2850500  6 24  8  15.8 1016 315  3.6 6  7.4  68   45  191 343 -392  2
4218500 2850500  6 24  9  16.8 1016 321  3.2 7  7.5  65   41  252 352 -406  2
4218500 2850500  6 24 10  17.2 1016 298  4.2 5  7.6  63  262  287 349 -419  2
4218500 2850500  6 24 11  18.7 1016 298  4.3 5  7.2  56  485  239 340 -431  2
4218500 2850500  6 24 12  19.7 1017 293  5.6 3  6.7  48  583  219 333 -439  2
4218500 2850500  6 24 13  19.4 1017 318  6.5 3  6.5  46  305  349 326 -445  2
4218500 2850500  6 24 14  20.1 1016 316  5.9 2  6.5  45  323  326 322 -449  2
4218500 2850500  6 24 15  20.8 1017 318  5.0 4  6.4  43  159  317 326 -452  2
4218500 2850500  6 24 16  19.8 1017 302  5.7 4  6.5  44  145  256 332 -453  2
4218500 2850500  6 24 17  20.5 1017 309  6.1 3  6.5  44  191  213 329 -448  2
4218500 2850500  6 24 18  20.0 1017 291  6.5 2  6.3  43  196  139 320 -441  2
4218500 2850500  6 24 19  19.3 1018 294  6.1 1  6.1  43   95   98 309 -431  2
4218500 2850500  6 24 20  18.3 1018 310  4.4 1  5.9  44   29   47 302 -419  2
4218500 2850500  6 24 21  16.5 1018 281  3.1 0  6.1  49    0    5 293 -406  2
4218500 2850500  6 24 22  15.5 1019 281  3.5 0  6.3  56    0    0 285 -395  2
4218500 2850500  6 24 23  15.0 1020 292  3.7 0  6.6  62    0    0 283 -387  2
4218500 2850500  6 24 24  14.4 1020 312  3.7 1  6.8  66    0    0 283 -381  2
4218500 2850500  6 25  1  13.4 1020 281  3.5 2  6.9  70    0    0 287 -377  2
4218500 2850500  6 25  2  12.7 1021 297  3.1 3  7.0  75    0    0 291 -373  2
4218500 2850500  6 25  3  11.7 1021 289  2.7 3  6.9  78    0    0 293 -370  2
4218500 2850500  6 25  4  10.8 1020 286  2.8 2  6.8  82    0    0 289 -369  2
4218500 2850500  6 25  5  12.1 1021 301  3.0 2  7.0  84    7   17 288 -369  2
4218500 2850500  6 25  6  13.3 1021 301  2.7 2  7.3  80   72   62 291 -371  2
4218500 2850500  6 25  7  14.9 1021 301  3.9 2  7.4  74  185   95 295 -380  2
4218500 2850500  6 25  8  15.9 1021 291  4.6 1  7.4  68  361   95 295 -397  2
4218500 2850500  6 25  9  17.2 1021 279  5.9 1  7.1  60  401  156 295 -417  2
4218500 2850500  6 25 10  16.9 1021 296  5.5 4  6.8  56  311  255 310 -436  2
4218500 2850500  6 25 11  18.3 1021 316  5.0 5  6.7  54  295  306 330 -454  2
4218500 2850500  6 25 12  19.5 1021 298  5.2 4  6.9  51  344  317 337 -465  2
4218500 2850500  6 25 13  19.8 1021 317  5.4 4  6.8  48  268  337 337 -472  2
4218500 2850500  6 25 14  20.2 1021 302  5.0 4  6.7  46  291  316 339 -473  2
4218500 2850500  6 25 15  20.2 1020 294  5.1 5  6.8  46  109  291 343 -472  2
4218500 2850500  6 25 16  20.6 1020 316  4.5 6  7.0  47  125  244 352 -470  2
4218500 2850500  6 25 17  20.8 1020 293  4.5 4  7.1  47  297  171 350 -466  2
4218500 2850500  6 25 18  20.4 1020 306  4.1 3  7.1  47  170  143 338 -459  2
4218500 2850500  6 25 19  20.2 1019 312  3.3 2  7.0  47   76   98 328 -447  2
4218500 2850500  6 25 20  19.4 1019 315  2.2 6  7.1  49   13   41 338 -433  2
4218500 2850500  6 25 21  18.6 1019 274  2.6 7  7.4  54    0    1 355 -417  2
4218500 2850500  6 25 22  18.4 1020 264  2.2 7  7.7  58    0    0 357 -405  2
4218500 2850500  6 25 23  17.7 1020 260  3.0 6  7.8  61    0    0 352 -397  2
4218500 2850500  6 25 24  16.1 1020 287  3.1 5  7.9  66    0    0 341 -392  2
4218500 2850500  6 26  1  14.9 1020 281  2.9 5  8.1  74    0    0 336 -388  2
4218500 2850500  6 26  2  13.6 1020 306  2.9 4  8.3  82    0    0 329 -383  2
4218500 2850500  6 26  3  13.0 1020 285  2.6 4  8.3  87    0    0 323 -378  2
4218500 2850500  6 26  4  12.3 1019 254  2.2 4  8.2  90    0    0 321 -374  2
4218500 2850500  6 26  5  12.7 1019 275  2.3 4  8.2  91    2   16 321 -372  2
4218500 2850500  6 26  6  13.9 1019 294  1.7 3  8.1  85   37   71 321 -375  2
4218500 2850500  6 26  7  16.3 1019 292  2.2 2  7.8  74  133  135 315 -388  2
4218500 2850500  6 26  8  17.2 1019 302  2.9 2  7.2  61  213  193 315 -407  2
4218500 2850500  6 26  9  17.9 1020 278  2.8 3  7.1  57  220  263 322 -428  2
4218500 2850500  6 26 10  19.4 1019 231  3.5 2  7.5  56  491  236 327 -449  2
4218500 2850500  6 26 11  21.0 1018 238  4.6 3  7.8  53  389  332 335 -468  2
4218500 2850500  6 26 12  21.2 1018 268  6.0 6  7.9  51  218  392 357 -484  2
4218500 2850500  6 26 13  22.4 1017 239  3.9 6  7.9  49  269  393 372 -485  2
4218500 2850500  6 26 14  22.8 1017 245  1.8 5  7.9  46  229  375 370 -472  2
4218500 2850500  6 26 15  23.5 1016 276  4.1 5  7.8  44  173  338 367 -475  2
4218500 2850500  6 26 16  23.5 1015 256  4.2 5  7.6  42  162  284 366 -484  2
4218500 2850500  6 26 17  23.4 1014 333  3.3 5  7.4  41  151  239 364 -479  2
4218500 2850500  6 26 18  23.9 1014 265  3.2 4  7.3  40   86  176 360 -469  2
4218500 2850500  6 26 19  23.1 1013 256  2.7 4  7.1  40   35  102 355 -457  2
4218500 2850500  6 26 20  21.6 1013 207  2.4 2  7.3  43    8   41 346 -445  2
4218500 2850500  6 26 21  19.1 1012 207  2.4 2  7.6  51    0    4 333 -434  2
4218500 2850500  6 26 22  18.2 1012 198  3.1 1  7.9  58    0    0 324 -425  2
4218500 2850500  6 26 23  16.8 1011 197  2.9 1  7.9  64    0    0 316 -419  2
4218500 2850500  6 26 24  15.8 1011 198  2.9 1  8.0  69    0    0 314 -415  2
4218500 2850500  6 27  1  15.2 1010 206  2.8 0  7.8  71    0    0 307 -410  2
4218500 2850500  6 27  2  14.9 1010 214  2.8 1  7.6  71    0    0 306 -407  2
4218500 2850500  6 27  3  14.4 1009 230  2.3 2  7.6  73    0    0 312 -405  2
4218500 2850500  6 27  4  14.2 1008 229  2.0 4  7.8  76    0    0 322 -403  2
4218500 2850500  6 27  5  14.6 1008 245  2.0 6  8.0  78    0    6 337 -400  2
4218500 2850500  6 27  6  15.2 1007 154  1.8 6  8.4  79   29   61 345 -398  2
4218500 2850500  6 27  7  17.1 1007 215  1.9 4  8.7  76   50  119 341 -404  2
4218500 2850500  6 27  8  18.4 1006 203  2.2 5  9.0  70   95  187 342 -415  2
4218500 2850500  6 27  9  20.0 1006 238  2.8 4  9.3  66  188  249 348 -425  2
4218500 2850500  6 27 10  21.3 1005 284  4.8 6  9.4  61  173  313 360 -436  2
4218500 2850500  6 27 11  20.6 1005 292  6.1 7  9.4  60   31  304 375 -455  2
4218500 2850500  6 27 12  20.5 1005 265  7.5 5  8.7  57  197  358 370 -474  2
4218500 2850500  6 27 13  19.9 1006 304  8.7 3  8.3  55  436  334 357 -473  2
4218500 2850500  6 27 14  20.0 1006 289  6.4 5  8.3  57  207  357 356 -455  2
4218500 2850500  6 27 15  19.0 1006 294  7.3 7  7.7  54   37  273 363 -429  2
4218500 2850500  6 27 16  19.6 1006 283  6.7 5  7.3  52  230  256 360 -418  2
4218500 2850500  6 27 17  19.8 1006 286  6.9 4  7.1  49  162  225 351 -433  2
4218500 2850500  6 27 18  19.1 1005 286  6.1 4  7.0  49  166  160 346 -441  2
4218500 2850500  6 27 19  18.9 1005 264  3.8 5  6.9  50   57  106 347 -434  2
4218500 2850500  6 27 20  18.3 1005 280  3.7 4  6.8  50    0   25 345 -424  2
4218500 2850500  6 27 21  17.3 1005 238  2.8 4  6.8  53    0    1 338 -414  2
4218500 2850500  6 27 22  16.1 1006 270  3.1 4  7.1  59    0    0 333 -407  2
4218500 2850500  6 27 23  14.0 1006 319  3.1 4  7.3  68    0    0 327 -398  2
4218500 2850500  6 27 24  13.3 1006 310  2.1 5  7.1  72    0    0 326 -387  2
4218500 2850500  6 28  1  12.7 1006 248  3.5 6  7.4  78    0    0 330 -381  2
4218500 2850500  6 28  2  12.2 1006 262  2.6 5  7.9  87    0    0 330 -377  2
4218500 2850500  6 28  3  11.4 1006 266  3.2 3  7.6  87    0    0 314 -376  2
4218500 2850500  6 28  4  10.6 1006 269  3.6 3  7.1  86    0    0 303 -375  2
4218500 2850500  6 28  5  11.5 1006 281  3.8 2  7.0  85   26   12 298 -370  2
4218500 2850500  6 28  6  11.8 1006 270  4.8 1  6.9  80  116   56 287 -370  2
4218500 2850500  6 28  7  12.9 1006 259  5.7 0  6.9  77  277   57 277 -376  2
4218500 2850500  6 28  8  14.0 1006 261  6.7 2  7.0  72  382   77 284 -386  2
4218500 2850500  6 28  9  15.3 1006 258  6.4 3  7.0  67  412  141 300 -397  2
4218500 2850500  6 28 10  16.0 1006 252  7.0 3  6.7  60  424  204 306 -406  2
4218500 2850500  6 28 11  16.6 1005 263  7.0 4  6.3  54  219  315 313 -415  2
4218500 2850500  6 28 12  16.2 1005 244  8.9 5  6.2  53   60  308 323 -420  2
4218500 2850500  6 28 13  18.4 1005 247  7.9 5  6.1  49  228  326 330 -430  2
4218500 2850500  6 28 14  17.7 1005 213  7.3 5  6.0  46  204  315 329 -436  2
4218500 2850500  6 28 15  17.2 1005 273  7.4 7  6.0  48   30  255 331 -431  2
4218500 2850500  6 28 16  17.4 1005 268  7.9 8  6.1  49    3  165 341 -430  2
4218500 2850500  6 28 17  18.3 1005 263  8.1 6  6.2  48  147  205 339 -429  2
4218500 2850500  6 28 18  13.2 1005 261  6.7 6  7.3  65   48  143 329 -422  2
4218500 2850500  6 28 19  14.0 1006 247  5.5 5  8.6  88   37   89 323 -413  2
4218500 2850500  6 28 20  13.9 1005 231  4.6 3  8.4  84   40   44 313 -403  2
4218500 2850500  6 28 21  13.8 1006 251  6.1 3  8.0  80    0    7 305 -393  2
4218500 2850500  6 28 22  13.6 1006 275  6.7 3  7.6  77    0    0 305 -386  2
4218500 2850500  6 28 23  13.5 1006 264  7.0 4  7.7  79    0    0 310 -383  2
4218500 2850500  6 28 24  13.2 1007 264  7.0 7  7.9  82    0    0 326 -382  2
4218500 2850500  6 29  1  13.2 1007 287  8.0 8  7.8  82    0    0 345 -381  2
4218500 2850500  6 29  2  12.4 1008 278  7.3 8  7.9  85    0    0 349 -380  2
4218500 2850500  6 29  3  12.5 1008 278  6.7 7  7.8  86    0    0 342 -380  2
4218500 2850500  6 29  4  12.1 1008 278  7.0 7  7.4  82    0    0 338 -379  2
4218500 2850500  6 29  5  12.3 1008 280  7.2 7  7.2  81    0    3 338 -378  2
4218500 2850500  6 29  6  12.2 1008 278  7.2 7  7.1  80    0   17 338 -378  2
4218500 2850500  6 29  7  12.4 1009 278  6.2 8  7.1  79    0   70 343 -382  2
4218500 2850500  6 29  8  13.0 1009 292  6.4 7  7.0  76   12  153 344 -389  2
4218500 2850500  6 29  9  14.3 1010 286  6.8 6  6.8  69   99  242 337 -398  2
4218500 2850500  6 29 10  15.0 1010 284  7.5 6  6.6  63  180  293 336 -402  2
4218500 2850500  6 29 11  15.6 1010 286  7.8 7  6.4  59  115  328 343 -412  2
4218500 2850500  6 29 12  16.7 1010 274  8.6 7  5.9  51   57  312 350 -420  2
4218500 2850500  6 29 13  17.5 1011 265  8.0 5  5.7  47  160  341 344 -417  2
4218500 2850500  6 29 14  17.7 1011 286  7.4 3  5.9  47  409  290 328 -425  2
4218500 2850500  6 29 15  18.0 1011 295  9.1 4  5.9  46  184  302 325 -431  2
4218500 2850500  6 29 16  17.8 1011 248  8.5 3  5.9  46  369  197 325 -431  2
4218500 2850500  6 29 17  15.4 1011 302  4.9 5  6.2  52  128  215 325 -421  2
4218500 2850500  6 29 18  14.2 1012 266  6.1 7  6.9  66   25  136 336 -410  2
4218500 2850500  6 29 19  14.8 1012 272  5.5 6  7.2  70   29   91 340 -407  2
4218500 2850500  6 29 20  14.0 1012 267  5.3 4  7.0  70   20   44 327 -399  2
4218500 2850500  6 29 21  13.5 1012 268  4.8 3  7.0  72    0    5 307 -390  2
4218500 2850500  6 29 22  12.8 1013 267  4.3 2  7.0  74    0    0 295 -385  2
4218500 2850500  6 29 23  13.1 1013 274  3.6 2  7.3  76    0    0 292 -380  2
4218500 2850500  6 29 24  13.8 1013 287  2.9 2  7.7  76    0    0 290 -375  2
4218500 2850500  6 30  1  14.9 1009 302  2.3 2  8.3  76    0    0 308 -403  2
4218500 2850500  6 30  2  15.8 1009 311  2.1 2  8.8  76    0    0 307 -398  2
4218500 2850500  6 30  3  16.2 1010 319  2.2 2  9.2  78    0    0 306 -393  2
4218500 2850500  6 30  4  15.8 1010 314  2.5 3  9.3  81    0    0 306 -389  2
4218500 2850500  6 30  5  15.5 1010 310  2.7 4  9.2  82    2   15 304 -386  2
4218500 2850500  6 30  6  15.0 1010 291  3.6 5  9.3  87    9   57 304 -387  2
4218500 2850500  6 30  7  14.8 1011 300  3.3 7  9.2  86   10  113 305 -396  2
4218500 2850500  6 30  8  14.5 1011 291  3.2 8  9.0  86    2  147 307 -411  2
4218500 2850500  6 30  9  14.7 1011 284  3.4 8  9.0  86    2  196 308 -430  2
4218500 2850500  6 30 10  15.7 1012 295  3.3 3  8.8  81  250  284 306 -450  2
4218500 2850500  6 30 11  18.4 1012 281  2.9 1  8.5  70  767   67 306 -468  2
4218500 2850500  6 30 12  20.4 1011 282  3.3 0  8.1  58  814   71 312 -485  2
4218500 2850500  6 30 13  22.3 1011 289  2.6 0  7.8  49  821   72 316 -498  2
4218500 2850500  6 30 14  23.3 1011 279  2.9 0  7.7  44  787   69 319 -507  2
4218500 2850500  6 30 15  24.2 1010 306  3.1 0  7.8  42  716   63 322 -511  2
4218500 2850500  6 30 16  25.0 1010 295  3.2 0  7.7  40  614   54 326 -510  2
4218500 2850500  6 30 17  25.1 1009 276  3.2 0  7.6  38  465   62 327 -505  2
4218500 2850500  6 30 18  25.0 1009 269  2.4 1  8.0  40  289   77 330 -497  2
4218500 2850500  6 30 19  25.1 1009 291  1.3 1  8.2  41  150   67 332 -485  2
4218500 2850500  6 30 20  23.7 1008 309  1.4 2  8.2  42   42   41 334 -470  2
4218500 2850500  6 30 21  22.7 1008 198  0.8 1  8.2  46    1    7 330 -455  2
4218500 2850500  6 30 22  21.5 1008 230  1.6 0  8.3  50    0    0 323 -444  2
4218500 2850500  6 30 23  19.5 1008 181  0.9 0  8.5  56    0    0 315 -438  2
4218500 2850500  6 30 24  17.8 1008 354  0.8 1  8.6  64    0    0 311 -433  2
4218500 2850500  7  1  1  17.9 1008 205  2.2 0  8.8  68    0    0 307 -428  2
4218500 2850500  7  1  2  17.4 1008 234  1.6 1  8.8  69    0    0 306 -426  2
4218500 2850500  7  1  3  16.5 1008 244  1.2 1  8.8  72    0    0 305 -422  2
4218500 2850500  7  1  4  16.0 1008 226  1.6 1  8.5  73    0    0 301 -418  2
4218500 2850500  7  1  5  15.2 1007 236  1.0 0  8.2  74    5   19 295 -415  2
4218500 2850500  7  1  6  17.2 1007 283  1.8 0  8.5  73   79   70 291 -416  2
4218500 2850500  7  1  7  18.9 1007 303  2.7 0  9.1  70  195  105 296 -423  2
4218500 2850500  7  1  8  19.8 1007 311  3.7 0  9.5  67  328  129 301 -437  2
4218500 2850500  7  1  9  20.2 1008 324  5.0 1  9.4  64  438  154 307 -451  2
4218500 2850500  7  1 10  20.4 1008 304  4.5 3  9.3  62  537  175 321 -463  2
4218500 2850500  7  1 11  19.5 1009 322  5.7 4  9.4  64  588  202 331 -471  2
4218500 2850500  7  1 12  18.8 1009 308  5.8 6  9.3  67  316  374 341 -478  2
4218500 2850500  7  1 13  18.9 1010 310  4.7 5  9.1  67  355  369 346 -485  2
4218500 2850500  7  1 14  20.5 1010 298  4.6 4  9.0  62  641  201 343 -490  2
4218500 2850500  7  1 15  21.4 1010 315  4.5 3  8.3  53  565  200 341 -490  2
4218500 2850500  7  1 16  21.3 1010 318  4.4 3  7.5  47  455  194 338 -482  2
4218500 2850500  7  1 17  21.6 1010 351  3.9 4  7.2  45  289  199 340 -472  2
4218500 2850500  7  1 18  21.5 1009 332  4.7 3  6.7  42  198  151 338 -462  2
4218500 2850500  7  1 19  20.9 1010 358  3.7 2  6.1  39  105  104 327 -449  2
4218500 2850500  7  1 20  18.4 1010   4  3.4 2  5.8  41   19   50 316 -435  2
4218500 2850500  7  1 21  17.3 1010  28  3.1 2  5.9  46    0    3 311 -422  2
4218500 2850500  7  1 22  15.6 1011  45  3.0 2  6.3  54    0    0 307 -410  2
4218500 2850500  7  1 23  14.0 1011  32  1.6 2  6.3  60    0    0 301 -401  2
4218500 2850500  7  1 24  13.4 1011  21  1.8 1  6.2  64    0    0 290 -395  2
4218500 2850500  7  2  1  12.9 1011  71  1.9 1  6.3  66    0    0 278 -390  2
4218500 2850500  7  2  2  12.7 1011  91  1.5 1  6.4  69    0    0 274 -385  2
4218500 2850500  7  2  3  12.4 1011  90  1.3 2  6.5  72    0    0 277 -381  2
4218500 2850500  7  2  4  12.0 1010 101  2.4 3  6.6  74    0    0 288 -378  2
4218500 2850500  7  2  5  12.0 1010  97  1.7 3  6.6  76    2   15 295 -377  2
4218500 2850500  7  2  6  12.9 1010  98  2.7 4  6.8  75   44   66 302 -379  2
4218500 2850500  7  2  7  14.6 1009 118  3.1 4  6.9  70  178   98 312 -389  2
4218500 2850500  7  2  8  16.7 1009 124  3.1 5  7.0  63  199  167 325 -405  2
4218500 2850500  7  2  9  17.5 1008 131  2.8 6  7.1  58  192  251 342 -425  2
4218500 2850500  7  2 10  18.8 1008 144  2.8 7  7.0  53   79  323 356 -445  2
4218500 2850500  7  2 11  18.9 1008 131  2.9 7  6.8  50   73  357 364 -459  2
4218500 2850500  7  2 12  19.2 1007 120  3.0 8  6.7  49   24  329 372 -467  2
4218500 2850500  7  2 13  20.2 1006 134  3.1 6  6.8  48  183  398 369 -468  2
4218500 2850500  7  2 14  21.0 1005 126  2.3 6  7.1  47  131  382 361 -473  2
4218500 2850500  7  2 15  21.6 1005 105  2.8 6  7.3  46  114  343 364 -473  2
4218500 2850500  7  2 16  21.6 1004 122  2.6 8  7.6  47    3  198 376 -466  2
4218500 2850500  7  2 17  21.1 1003 101  2.1 7  7.9  49    0  146 380 -462  2
4218500 2850500  7  2 18  21.3 1002  17  0.0 6  8.1  51   28  157 368 -451  2
4218500 2850500  7  2 19  20.6 1001  84  2.3 7  8.3  53    3   83 368 -440  2
4218500 2850500  7  2 20  20.5 1000  91  1.4 7  8.5  56    0   12 374 -434  2
4218500 2850500  7  2 21  19.6 1000  89  1.8 8  9.0  61    0    1 381 -428  2
4218500 2850500  7  2 22  18.5 1000  75  2.6 8  9.7  69    0    0 386 -424  2
4218500 2850500  7  2 23  18.2  999  43  2.7 8 10.0  75    0    0 384 -423  2
4218500 2850500  7  2 24  18.2  998  71  3.5 7 10.1  76    0    0 379 -422  2
4218500 2850500  7  3  1  17.2  997 110  3.3 7 10.3  80    0    0 376 -419  2
4218500 2850500  7  3  2  16.5  996  71  2.4 7 10.8  88    0    0 374 -417  2
4218500 2850500  7  3  3  16.8  995  79  2.8 7 11.3  93    0    0 375 -417  2
4218500 2850500  7  3  4  16.8  994 137  2.0 8 11.5  94    0    0 380 -417  2
4218500 2850500  7  3  5  17.2  993 132  2.5 8 11.7  94    9   23 385 -418  2
4218500 2850500  7  3  6  17.4  993 212  3.7 8 11.8  93   11   62 385 -421  2
4218500 2850500  7  3  7  17.8  993 233  3.8 7 11.9  92    1   93 380 -427  2
4218500 2850500  7  3  8  18.2  993 241  4.3 7 11.9  90   14  182 376 -432  2
4218500 2850500  7  3  9  18.9  993 251  5.1 7 11.8  86    6  211 378 -435  2
4218500 2850500  7  3 10  19.6  993 248  3.7 7 11.6  81   17  289 381 -448  2
4218500 2850500  7  3 11  20.6  994 249  4.7 8 11.8  78    3  269 388 -460  2
4218500 2850500  7  3 12  19.8  994 257  4.6 7 12.2  80   16  322 390 -469  2
4218500 2850500  7  3 13  20.7  994 265  4.9 4 12.3  81  217  423 378 -472  2
4218500 2850500  7  3 14  22.5  995 241  7.2 4 12.1  73  239  405 374 -479  2
4218500 2850500  7  3 15  23.0  995 279  5.0 5 11.8  66  207  371 380 -484  2
4218500 2850500  7  3 16  22.9  995 272  4.3 6 11.6  65  119  318 384 -479  2
4218500 2850500  7  3 17  23.4  995 251  4.1 4 11.6  64  204  245 381 -476  2
4218500 2850500  7  3 18  23.3  995 270  3.0 6 11.7  64   80  186 380 -468  2
4218500 2850500  7  3 19  22.6  995 310  4.7 4 11.8  66   74  114 376 -462  2
4218500 2850500  7  3 20  17.0  995  38  0.7 7 11.5  78    5   45 368 -455  2
4218500 2850500  7  3 21  17.7  995 185  1.8 7 11.5  91    0    3 372 -446  2
4218500 2850500  7  3 22  17.9  996 223  2.1 7 11.8  90    0    0 374 -439  2
4218500 2850500  7  3 23  18.0  996 243  2.0 7 11.7  89    0    0 375 -434  2
4218500 2850500  7  3 24  17.8  996 261  3.2 5 11.7  89    0    0 368 -429  2
4218500 2850500  7  4  1  17.1  997 268  2.9 2 11.3  88    0    0 346 -425  2
4218500 2850500  7  4  2  16.4  997 290  4.7 4 10.8  89    0    0 340 -421  2
4218500 2850500  7  4  3  15.3  998 284  6.3 6 10.1  88    0    0 352 -415  2
4218500 2850500  7  4  4  13.8  999 281  3.8 7  9.0  86    0    0 358 -408  2
4218500 2850500  7  4  5  13.0  999 287  5.0 8  8.2  84    0    7 361 -402  2
4218500 2850500  7  4  6  13.1 1000 289  4.6 7  8.0  84    0   29 360 -399  2
4218500 2850500  7  4  7  13.1 1001 274  3.8 8  8.1  85    0   49 360 -396  2
4218500 2850500  7  4  8  13.6 1002 285  3.8 8  8.0  82    0   88 365 -398  2
4218500 2850500  7  4  9  14.7 1002 292  6.1 7  7.6  74   50  269 363 -406  2
4218500 2850500  7  4 10  14.9 1003 279  5.5 6  7.1  67   99  334 355 -413  2
4218500 2850500  7  4 11  16.3 1003 290  7.2 6  6.7  60  160  380 352 -423  2
4218500 2850500  7  4 12  16.3 1004 283  6.7 4  6.8  58  335  365 345 -436  2
4218500 2850500  7  4 13  17.2 1004 283  6.1 5  6.7  56  215  409 342 -444  2
4218500 2850500  7  4 14  17.0 1005 263  7.7 6  6.2  51  100  389 346 -448  2
4218500 2850500  7  4 15  17.0 1005 284  5.9 6  6.3  52  133  359 345 -449  2
4218500 2850500  7  4 16  17.2 1005 261  5.4 5  6.4  52  155  309 341 -449  2
4218500 2850500  7  4 17  17.6 1006 295  5.2 3  6.2  50  234  223 331 -446  2
4218500 2850500  7  4 18  18.0 1006 258  6.9 2  6.0  47  209  145 321 -440  2
4218500 2850500  7  4 19  17.8 1006 250  4.0 4  6.0  46   68  111 324 -432  2
4218500 2850500  7  4 20  17.5 1006 265  5.0 6  6.3  50    0   36 339 -425  2
4218500 2850500  7  4 21  17.0 1006 269  3.4 5  6.7  54    0    1 343 -417  2
4218500 2850500  7  4 22  16.5 1007 239  4.9 7  6.9  58    0    0 345 -407  2
4218500 2850500  7  4 23  16.6 1007 266  5.4 7  7.2  61    0    0 354 -398  2
4218500 2850500  7  4 24  15.8 1007 287  4.6 8  7.4  64    0    0 357 -391  2
4218500 2850500  7  5  1  15.3 1008 272  5.2 8  7.5  67    0    0 358 -385  2
4218500 2850500  7  5  2  14.1 1009 290  6.1 7  7.1  68    0    0 350 -380  2
4218500 2850500  7  5  3  13.4 1009 266  4.6 7  6.7  68    0    0 341 -376  2
4218500 2850500  7  5  4  13.5 1010 269  4.4 7  6.9  71    0    0 339 -372  2
4218500 2850500  7  5  5  13.3 1010 267  4.6 7  7.0  73    0    5 337 -369  2
4218500 2850500  7  5  6  13.4 1010 275  4.9 4  7.3  76    5   52 324 -368  2
4218500 2850500  7  5  7  13.9 1011 284  5.6 4  7.4  75   74  122 311 -374  2
4218500 2850500  7  5  8  14.4 1011 285  5.1 5  7.1  70  151  177 316 -384  2
4218500 2850500  7  5  9  15.4 1012 292  6.1 6  6.9  65  116  258 326 -396  2
4218500 2850500  7  5 10  16.4 1012 280  5.0 6  6.7  60  151  310 331 -410  2
4218500 2850500  7  5 11  16.4 1013 285  6.3 6  6.6  56   95  351 330 -423  2
4218500 2850500  7  5 12  16.8 1013 281  5.6 5  6.5  55   95  368 323 -434  2
4218500 2850500  7  5 13  17.2 1013 294  5.2 4  6.5  54  100  378 316 -443  2
4218500 2850500  7  5 14  18.5 1014 289  5.3 5  6.3  49  282  345 317 -447  2
4218500 2850500  7  5 15  17.8 1014 294  4.4 5  6.3  48  206  327 321 -449  2
4218500 2850500  7  5 16  18.4 1013 287  3.8 5  6.4  50  202  276 321 -447  2
4218500 2850500  7  5 17  18.4 1013 285  4.4 4  6.3  48  219  204 319 -443  2
4218500 2850500  7  5 18  18.4 1013 304  3.9 3  6.2  47  205  128 312 -437  2
4218500 2850500  7  5 19  18.6 1013 279  2.3 4  6.1  46  102   90 312 -428  2
4218500 2850500  7  5 20  17.2 1013 301  2.9 6  6.2  48   15   45 321 -417  2
4218500 2850500  7  5 21  16.1 1013 301  1.7 7  6.4  54    0    1 328 -405  2
4218500 2850500  7  5 22  15.8 1014 258  1.7 6  6.6  59    0    0 327 -395  2
4218500 2850500  7  5 23  14.4 1014 236  1.3 6  6.8  64    0    0 322 -389  2
4218500 2850500  7  5 24  13.9 1014 249  0.9 7  6.9  69    0    0 326 -384  2
4218500 2850500  7  6  1  14.1 1015 240  1.3 7  7.2  72    0    0 333 -380  2
4218500 2850500  7  6  2  14.5 1015 251  0.4 7  7.3  72    0    0 337 -378  2
4218500 2850500  7  6  3  14.2 1015 261  0.9 8  7.4  72    0    0 344 -376  2
4218500 2850500  7  6  4  14.0 1015 263  0.7 7  7.4  74    0    0 346 -376  2
4218500 2850500  7  6  5  14.1 1015 326  0.2 7  7.5  75    0    1 343 -378  2
4218500 2850500  7  6  6  14.7 1015 210  1.0 7  7.8  76    0   22 345 -382  2
4218500 2850500  7  6  7  15.9 1015 224  1.1 6  7.6  70    4  105 343 -385  2
4218500 2850500  7  6  8  16.9 1016 229  2.2 6  7.2  62   54  215 342 -387  2
4218500 2850500  7  6  9  18.6 1016 259  2.9 5  7.1  56  133  294 345 -388  2
4218500 2850500  7  6 10  19.0 1016 262  2.8 6  7.2  53  130  357 351 -392  2
4218500 2850500  7  6 11  20.0 1016 246  2.8 6  7.2  51  241  393 359 -399  2
4218500 2850500  7  6 12  21.5 1016 291  2.7 6  7.1  47  278  415 364 -409  2
4218500 2850500  7  6 13  21.7 1016 281  2.4 5  7.2  45  313  415 363 -422  2
4218500 2850500  7  6 14  22.5 1016 282  2.5 5  7.4  44  339  390 362 -439  2
4218500 2850500  7  6 15  23.2 1016 276  2.3 6  7.6  44  200  386 370 -455  2
4218500 2850500  7  6 16  23.3 1015 290  2.6 5  8.0  45  212  327 373 -466  2
4218500 2850500  7  6 17  23.3 1015 288  2.0 6  8.0  45  124  267 373 -468  2
4218500 2850500  7  6 18  23.4 1015 300  1.1 6  8.0  44   69  190 376 -462  2
4218500 2850500  7  6 19  23.3 1015 285  1.6 5  7.9  44   59  121 372 -453  2
4218500 2850500  7  6 20  22.6 1015 314  1.2 6  7.8  45   16   52 371 -442  2
4218500 2850500  7  6 21  21.6 1015 106  1.1 6  7.8  47    0   10 369 -430  2
4218500 2850500  7  6 22  20.3 1015 135  1.0 4  8.0  52    0    0 358 -420  2
4218500 2850500  7  6 23  19.4 1015 119  1.5 3  8.4  58    0    0 346 -414  2
4218500 2850500  7  6 24  18.8 1015 121  1.1 1  8.6  62    0    0 336 -409  2
4218500 2850500  7  7  1  18.0 1015 133  1.6 0  8.7  66    0    0 326 -405  2
4218500 2850500  7  7  2  17.0 1015  98  0.8 0  8.6  69    0    0 319 -401  2
4218500 2850500  7  7  3  16.8 1015 127  1.1 0  8.6  71    0    0 318 -398  2
4218500 2850500  7  7  4  16.3 1015 145  1.7 2  8.6  73    0    0 324 -396  2
4218500 2850500  7  7  5  16.4 1015 120  1.2 3  8.5  73    2   17 331 -395  2
4218500 2850500  7  7  6  17.3 1015 127  1.2 3  8.6  72   52   74 334 -398  2
4218500 2850500  7  7  7  18.5 1015 178  1.6 1  8.6  67  156  121 332 -407  2
4218500 2850500  7  7  8  20.9 1015 191  1.9 1  8.4  58  286  152 332 -423  2
4218500 2850500  7  7  9  22.8 1016 177  2.8 1  8.2  50  413  176 340 -443  2
4218500 2850500  7  7 10  24.1 1016 213  2.5 1  8.0  45  513  199 346 -464  2
4218500 2850500  7  7 11  24.9 1015 169  1.6 1  7.7  40  582  219 348 -485  2
4218500 2850500  7  7 12  25.9 1015 169  1.2 2  7.9  39  611  238 351 -500  2
4218500 2850500  7  7 13  26.4 1015 109  0.3 2  8.1  38  592  260 357 -492  2
4218500 2850500  7  7 14  27.0 1015 185  2.7 2  8.3  38  555  263 361 -494  2
4218500 2850500  7  7 15  27.5 1015 136  2.0 2  8.3  37  464  268 363 -509  2
4218500 2850500  7  7 16  28.1 1014 182  1.9 2  8.2  35  360  255 363 -512  2
4218500 2850500  7  7 17  27.8 1014 175  2.1 2  8.5  36  266  218 362 -508  2
4218500 2850500  7  7 18  27.8 1014 169  1.9 2  8.4  36  173  167 361 -497  2
4218500 2850500  7  7 19  27.6 1014 169  2.0 2  8.3  36   73  113 359 -487  2
4218500 2850500  7  7 20  26.6 1014 161  1.4 1  8.5  38   10   47 353 -474  2
4218500 2850500  7  7 21  25.6 1014 119  1.0 1  8.7  41    0    3 347 -460  2
4218500 2850500  7  7 22  23.4 1014 140  1.5 1  9.2  48    0    0 343 -447  2
4218500 2850500  7  7 23  21.4 1014  90  1.9 0  9.7  57    0    0 335 -438  2
4218500 2850500  7  7 24  21.1 1015 115  1.7 0  9.8  62    0    0 329 -432  2
4218500 2850500  7  8  1  19.6 1015 105  0.9 0  9.8  66    0    0 326 -426  2
4218500 2850500  7  8  2  19.0 1015 109  1.1 0  9.6  68    0    0 323 -421  2
4218500 2850500  7  8  3  17.9 1015 120  1.2 0  9.2  70    0    0 321 -418  2
4218500 2850500  7  8  4  17.6 1015 134  1.7 1  9.2  72    0    0 322 -415  2
4218500 2850500  7  8  5  17.3 1015  97  1.4 1  9.5  76    4   17 324 -413  2
4218500 2850500  7  8  6  18.5 1016 122  1.6 1  9.7  76   69   65 325 -415  2
4218500 2850500  7  8  7  20.3 1016 138  1.4 0  9.9  70  188   96 328 -423  2
4218500 2850500  7  8  8  21.9 1016 132  1.4 0 10.1  64  329  111 333 -439  2
4218500 2850500  7  8  9  24.1 1016 163  1.5 0 10.4  59  472  119 341 -458  2
4218500 2850500  7  8 10  26.0 1016 159  1.6 0 10.7  54  585  129 351 -477  2
4218500 2850500  7  8 11  27.5 1016 185  1.2 0 10.1  46  679  131 358 -495  2
4218500 2850500  7  8 12  28.7 1016 174  1.5 0  9.3  39  729  136 364 -510  2
4218500 2850500  7  8 13  29.4 1016 178  1.7 0  9.1  36  717  152 369 -521  2
4218500 2850500  7  8 14  29.8 1016 135  1.5 0  8.8  34  668  164 371 -529  2
4218500 2850500  7  8 15  30.6 1015 195  2.0 0  8.5  32  584  170 373 -529  2
4218500 2850500  7  8 16  30.9 1015 170  1.6 0  8.5  31  475  166 375 -525  2
4218500 2850500  7  8 17  30.8 1015 195  2.0 0  8.4  30  322  170 376 -520  2
4218500 2850500  7  8 18  30.7 1015 318  1.3 0  8.1  29  193  145 373 -512  2
4218500 2850500  7  8 19  30.4 1014  87  1.2 0  8.4  31   81  104 373 -499  2
4218500 2850500  7  8 20  27.0 1014  67  2.3 0  9.4  38   10   45 369 -484  2
4218500 2850500  7  8 21  25.2 1015  70  1.8 0 10.2  48    0    3 361 -469  2
4218500 2850500  7  8 22  24.1 1015  84  2.4 0 10.3  53    0    0 356 -457  2
4218500 2850500  7  8 23  23.3 1015  78  1.5 0 10.1  55    0    0 352 -449  2
4218500 2850500  7  8 24  22.0 1016  67  2.4 1 10.0  58    0    0 349 -443  2
4218500 2850500  7  9  1  21.2 1016  77  2.6 0  9.8  60    0    0 344 -439  2
4218500 2850500  7  9  2  20.9 1016  71  2.2 0  9.5  61    0    0 340 -435  2
4218500 2850500  7  9  3  19.1 1016  76  2.1 0  9.6  66    0    0 334 -431  2
4218500 2850500  7  9  4  18.3 1016  79  2.1 0  9.7  72    0    0 328 -427  2
4218500 2850500  7  9  5  18.3 1016 101  1.2 0  9.7  74    2   16 326 -422  2
4218500 2850500  7  9  6  19.7 1016  84  1.3 0 10.1  73   58   68 326 -421  2
4218500 2850500  7  9  7  21.6 1016  91  1.8 0 10.4  68  169  105 328 -429  2
4218500 2850500  7  9  8  23.6 1016  96  1.9 0 10.6  62  319  119 333 -444  2
4218500 2850500  7  9  9  26.2 1016  96  2.0 0 11.1  56  464  129 343 -461  2
4218500 2850500  7  9 10  28.4 1016 102  2.8 0 11.9  52  571  143 356 -479  2
4218500 2850500  7  9 11  29.6 1016  78  3.4 0 12.0  48  661  148 366 -497  2
4218500 2850500  7  9 12  30.1 1015  87  3.6 0 11.6  44  717  151 370 -513  2
4218500 2850500  7  9 13  30.7 1015 101  3.7 1 11.1  41  709  164 371 -526  2
4218500 2850500  7  9 14  31.2 1015  59  3.8 1 10.3  37  646  184 373 -536  2
4218500 2850500  7  9 15  31.7 1014  69  3.6 1 10.6  37  554  194 375 -541  2
4218500 2850500  7  9 16  31.7 1014  60  3.0 1 10.8  37  451  185 375 -540  2
4218500 2850500  7  9 17  31.5 1014  46  3.9 1 10.9  38  293  190 374 -533  2
4218500 2850500  7  9 18  30.9 1013  53  4.1 1 11.2  39  188  150 372 -521  2
4218500 2850500  7  9 19  30.1 1013  61  4.1 0 11.1  40   87  104 368 -506  2
4218500 2850500  7  9 20  28.8 1013  45  3.7 1 11.6  45   13   46 367 -491  2
4218500 2850500  7  9 21  27.0 1013  48  4.2 2 12.2  52    0    4 366 -475  2
4218500 2850500  7  9 22  25.8 1014  58  4.5 2 12.9  59    0    0 362 -463  2
4218500 2850500  7  9 23  24.6 1014  52  4.2 2 13.1  65    0    0 359 -453  2
4218500 2850500  7  9 24  24.1 1014  58  3.5 2 12.9  68    0    0 353 -446  2
4218500 2850500  7 10  1  22.3 1014  67  2.9 1 12.7  71    0    0 347 -440  2
4218500 2850500  7 10  2  21.3 1014  75  2.9 1 12.4  75    0    0 340 -435  2
4218500 2850500  7 10  3  20.7 1013  82  2.5 1 12.3  79    0    0 338 -432  2
4218500 2850500  7 10  4  19.9 1013  68  2.1 3 12.2  81    0    0 339 -428  2
4218500 2850500  7 10  5  20.0 1013  55  2.2 4 12.1  82    0   12 341 -426  2
4218500 2850500  7 10  6  20.8 1013  67  2.3 4 12.2  81   27   64 344 -427  2
4218500 2850500  7 10  7  21.6 1013  67  2.6 4 12.3  78   78  127 345 -435  2
4218500 2850500  7 10  8  23.2 1013  73  2.0 3 12.4  73  218  159 347 -449  2
4218500 2850500  7 10  9  24.7 1013  44  2.3 2 12.5  67  410  147 350 -467  2
4218500 2850500  7 10 10  26.2 1013  59  2.3 2 12.8  62  579  132 357 -486  2
4218500 2850500  7 10 11  27.9 1012  61  2.8 2 13.3  59  636  154 365 -503  2
4218500 2850500  7 10 12  29.3 1012  47  2.6 2 13.9  56  690  158 374 -517  2
4218500 2850500  7 10 13  30.6 1012  38  3.0 2 13.7  51  650  194 381 -529  2
4218500 2850500  7 10 14  31.6 1011  34  3.2 2 13.3  47  443  294 384 -539  2
4218500 2850500  7 10 15  31.3 1011  37  4.5 5 13.8  48   75  318 391 -545  2
4218500 2850500  7 10 16  31.1 1010  37  4.7 5 14.4  50    8  199 397 -544  2
4218500 2850500  7 10 17  30.3 1009  57  4.1 5 14.6  52    2  141 394 -537  2
4218500 2850500  7 10 18  29.8 1009 357  6.2 4 14.7  55   23  152 389 -528  2
4218500 2850500  7 10 19  27.1 1009 118  5.7 7 14.4  58    0   63 387 -517  2
4218500 2850500  7 10 20  25.1 1009  99  4.3 7 13.8  65    0   33 385 -501  2
4218500 2850500  7 10 21  23.6 1010  23  5.5 7 13.4  69    0    0 378 -485  2
4218500 2850500  7 10 22  21.7 1010  55  2.8 7 12.8  74    0    0 371 -471  2
4218500 2850500  7 10 23  20.7 1010  52  4.8 7 12.9  81    0    0 366 -462  2
4218500 2850500  7 10 24  19.0 1010  32  4.0 7 12.5  86    0    0 362 -455  2
4218500 2850500  7 11  1  17.7 1010  93  4.2 7 11.6  88    0    0 356 -450  2
4218500 2850500  7 11  2  17.1 1010  47  3.0 7 11.1  89    0    0 353 -443  2
4218500 2850500  7 11  3  16.4 1010  45  3.0 6 10.9  91    0    0 348 -439  2
4218500 2850500  7 11  4  17.2 1010  70  3.5 6 11.1  92    0    0 346 -436  2
4218500 2850500  7 11  5  17.3 1009  56  3.6 6 11.4  92    0    8 347 -431  2
4218500 2850500  7 11  6  17.2 1009  82  4.0 7 11.4  92   21   64 348 -430  2
4218500 2850500  7 11  7  17.9 1009  61  4.7 6 11.4  90   17  114 347 -438  2
4218500 2850500  7 11  8  18.1 1009  70  4.1 6 11.5  88   35  189 345 -455  2
4218500 2850500  7 11  9  19.0 1009  85  5.1 5 11.7  87  191  251 346 -476  2
4218500 2850500  7 11 10  20.0 1009  73  4.6 6 11.9  83  219  309 350 -497  2
4218500 2850500  7 11 11  20.9 1009  75  5.5 5 12.1  80  334  321 356 -518  2
4218500 2850500  7 11 12  23.7 1009  88  5.3 2 12.4  73  482  289 357 -535  2
4218500 2850500  7 11 13  24.6 1009  74  5.3 1 12.6  66  610  227 359 -543  2
4218500 2850500  7 11 14  26.1 1008  81  4.5 1 12.5  61  580  227 362 -543  2
4218500 2850500  7 11 15  27.1 1007  73  4.8 1 12.5  57  511  222 366 -541  2
4218500 2850500  7 11 16  27.5 1007  66  4.6 1 12.8  56  392  221 368 -537  2
4218500 2850500  7 11 17  27.4 1007  89  4.7 1 13.5  58  291  192 368 -528  2
4218500 2850500  7 11 18  27.1 1006  87  4.9 1 13.3  58  172  158 366 -516  2
4218500 2850500  7 11 19  26.8 1005  90  3.6 0 12.6  56   72  108 360 -502  2
4218500 2850500  7 11 20  25.9 1006  84  3.1 1 12.5  57   10   45 357 -486  2
4218500 2850500  7 11 21  23.7 1007  71  3.0 1 12.5  63    0    3 353 -471  2
4218500 2850500  7 11 22  23.3 1007  79  4.4 1 12.6  69    0    0 349 -458  2
4218500 2850500  7 11 23  22.4 1007  74  3.4 0 12.6  71    0    0 345 -448  2
4218500 2850500  7 11 24  21.5 1007  75  3.2 0 12.5  75    0    0 339 -441  2
4218500 2850500  7 12  1  20.7 1007  88  3.0 0 12.5  79    0    0 337 -436  2
4218500 2850500  7 12  2  20.2 1007  85  2.6 0 12.4  81    0    0 335 -434  2
4218500 2850500  7 12  3  19.7 1007  73  2.9 1 12.4  84    0    0 336 -432  2
4218500 2850500  7 12  4  19.4 1007  82  3.0 1 12.4  86    0    0 338 -429  2
4218500 2850500  7 12  5  19.2 1007  71  2.9 1 12.3  87    0   10 337 -426  2
4218500 2850500  7 12  6  19.8 1007  74  3.6 0 12.3  86   36   64 335 -425  2
4218500 2850500  7 12  7  21.1 1007  87  2.9 0 12.4  82  129  116 334 -431  2
4218500 2850500  7 12  8  22.8 1007  74  2.4 0 12.7  76  264  144 341 -441  2
4218500 2850500  7 12  9  24.6 1007  96  2.6 0 13.3  71  425  149 348 -455  2
4218500 2850500  7 12 10  26.6 1008  97  2.5 0 13.9  67  555  153 358 -471  2
4218500 2850500  7 12 11  28.0 1008 107  3.3 0 13.5  59  665  150 365 -487  2
4218500 2850500  7 12 12  29.0 1007 103  3.2 1 13.1  53  669  179 373 -501  2
4218500 2850500  7 12 13  30.0 1007  93  3.3 2 13.2  50  451  311 385 -510  2
4218500 2850500  7 12 14  30.3 1007  83  3.4 3 13.0  48  319  350 393 -513  2
4218500 2850500  7 12 15  30.3 1007  81  3.6 5 13.3  48   64  302 402 -515  2
4218500 2850500  7 12 16  30.2 1006  65  3.4 5 13.2  48   20  228 406 -513  2
4218500 2850500  7 12 17  29.0 1006 107  4.4 2 13.1  50   92  233 395 -502  2
4218500 2850500  7 12 18  25.0 1006 285  1.8 3 13.6  60   62  170 379 -490  2
4218500 2850500  7 12 19  25.3 1007 359  1.6 5 13.9  68   17   97 379 -482  2
4218500 2850500  7 12 20  25.0 1006 117  1.1 6 13.9  69    1   35 387 -473  2
4218500 2850500  7 12 21  24.8 1007 125  1.4 5 13.8  69    0    2 387 -462  2
4218500 2850500  7 12 22  23.8 1007  65  1.5 2 13.5  70    0    0 375 -451  2
4218500 2850500  7 12 23  21.8 1007  21  0.4 2 13.5  76    0    0 363 -443  2
4218500 2850500  7 12 24  21.4 1007  14  0.7 1 13.4  82    0    0 356 -436  2
4218500 2850500  7 13  1  21.8 1008 208  1.0 1 13.5  82    0    0 354 -430  2
4218500 2850500  7 13  2  20.9 1007  70  1.1 0 13.2  82    0    0 352 -426  2
4218500 2850500  7 13  3  21.0 1008 167  0.7 0 12.7  81    0    0 347 -422  2
4218500 2850500  7 13  4  19.6 1007 134  1.1 1 12.9  86    0    0 347 -419  2
4218500 2850500  7 13  5  20.1 1007 108  1.8 1 12.7  87    0    8 348 -417  2
4218500 2850500  7 13  6  21.0 1007 139  1.3 1 12.3  80   21   66 348 -418  2
4218500 2850500  7 13  7  22.0 1007 142  1.3 1 13.1  80   87  135 351 -426  2
4218500 2850500  7 13  8  24.0 1007 165  1.6 1 13.4  75  203  182 355 -441  2
4218500 2850500  7 13  9  25.5 1008 155  2.0 1 13.0  66  332  211 361 -460  2
4218500 2850500  7 13 10  27.1 1008 168  1.9 0 13.5  62  432  239 365 -481  2
4218500 2850500  7 13 11  29.1 1007 196  0.9 0 13.1  54  509  260 370 -500  2
4218500 2850500  7 13 12  30.0 1007 218  2.3 0 12.5  48  513  297 377 -514  2
4218500 2850500  7 13 13  30.7 1007 187  2.5 1 12.9  47  453  336 386 -521  2
4218500 2850500  7 13 14  31.2 1006 208  1.6 2 12.1  43  451  319 392 -524  2
4218500 2850500  7 13 15  31.7 1006 280  2.3 2 11.4  39  305  340 393 -527  2
4218500 2850500  7 13 16  31.0 1006 249  3.4 3 12.4  43  142  312 395 -523  2
4218500 2850500  7 13 17  27.1 1005 356  3.7 7 12.3  48    0   98 398 -514  2
4218500 2850500  7 13 18  25.5 1006 108  3.7 7 11.8  54    0   51 399 -503  2
4218500 2850500  7 13 19  21.1 1007 134  2.7 6 12.7  70    0   46 388 -489  2
4218500 2850500  7 13 20  21.3 1007  11  3.0 7 12.4  78    0    7 381 -477  2
4218500 2850500  7 13 21  20.6 1007 319  2.0 7 11.6  74    0    0 382 -465  2
4218500 2850500  7 13 22  20.6 1007 302  1.5 8 12.8  83    0    0 384 -454  2
4218500 2850500  7 13 23  20.4 1007  59  1.3 8 14.1  92    0    0 387 -445  2
4218500 2850500  7 13 24  20.3 1007  72  2.0 7 13.8  91    0    0 383 -439  2
4218500 2850500  7 14  1  20.4 1007 116  1.0 6 13.9  91    0    0 377 -433  2
4218500 2850500  7 14  2  20.1 1007 104  0.7 4 13.9  92    0    0 366 -428  2
4218500 2850500  7 14  3  19.8 1007 221  0.4 2 13.7  92    0    0 351 -424  2
4218500 2850500  7 14  4  19.4 1007 216  1.2 1 13.5  93    0    0 338 -421  2
4218500 2850500  7 14  5  19.3 1006 348  0.2 3 13.4  94    0    1 340 -418  2
4218500 2850500  7 14  6  19.8 1006  18  0.6 5 13.4  93    6   52 354 -418  2
4218500 2850500  7 14  7  21.1 1006 242  1.0 2 13.7  90   87  126 352 -424  2
4218500 2850500  7 14  8  22.7 1006 262  1.1 2 13.6  81  199  171 343 -435  2
4218500 2850500  7 14  9  24.2 1007 342  0.6 2 13.6  74  354  184 348 -451  2
4218500 2850500  7 14 10  25.5 1006 243  1.0 2 14.2  71  459  205 355 -471  2
4218500 2850500  7 14 11  26.7 1006 258  1.3 2 14.5  67  559  210 360 -491  2
4218500 2850500  7 14 12  27.5 1006 193  1.3 3 14.1  62  553  251 368 -508  2
4218500 2850500  7 14 13  28.2 1006 232  1.6 3 13.4  56  486  296 375 -521  2
4218500 2850500  7 14 14  29.3 1005 220  1.5 3 12.6  50  417  313 377 -526  2
4218500 2850500  7 14 15  29.6 1005 130  0.2 4 12.3  47  355  301 384 -525  2
4218500 2850500  7 14 16  30.1 1005 327  2.2 4 12.3  46  243  284 389 -513  2
4218500 2850500  7 14 17  29.6 1004 328  1.0 5 11.9  45   79  230 391 -495  2
4218500 2850500  7 14 18  28.3 1004 313  1.9 5 12.1  48   43  164 391 -486  2
4218500 2850500  7 14 19  27.6 1004 312  2.0 7 12.6  53    0   48 396 -482  2
4218500 2850500  7 14 20  26.4 1004 247  8.1 8 12.5  55    0   11 404 -471  2
4218500 2850500  7 14 21  20.6 1005 278  4.7 8 12.5  68    0    0 396 -459  2
4218500 2850500  7 14 22  20.3 1006 301  3.0 8 13.4  88    0    0 385 -451  2
4218500 2850500  7 14 23  20.0 1006 305  2.6 8 13.5  90    0    0 385 -444  2
4218500 2850500  7 14 24  20.6 1006  89  1.7 8 13.1  87    0    0 386 -439  2
4218500 2850500  7 15  1  20.1 1006 284  2.4 7 13.3  88    0    0 382 -436  2
4218500 2850500  7 15  2  19.7 1006 269  2.9 7 13.1  89    0    0 377 -433  2
4218500 2850500  7 15  3  19.2 1006 259  2.7 6 12.5  87    0    0 371 -431  2
4218500 2850500  7 15  4  19.1 1006 259  1.7 6 12.4  88    0    0 367 -429  2
4218500 2850500  7 15  5  19.0 1006 277  2.4 7 12.2  88    0    3 370 -427  2
4218500 2850500  7 15  6  19.2 1006 282  2.8 7 12.1  86    4   52 373 -428  2
4218500 2850500  7 15  7  19.3 1006 279  2.4 4 12.2  86   94  135 360 -430  2
4218500 2850500  7 15  8  19.9 1006 284  2.5 7 12.5  87   47  199 360 -435  2
4218500 2850500  7 15  9  20.5 1007 272  2.7 7 12.8  86    4  205 377 -442  2
4218500 2850500  7 15 10  21.5 1007 252  2.4 7 13.1  83   41  314 381 -450  2
4218500 2850500  7 15 11  22.1 1007 248  2.9 6 13.2  80  117  384 382 -462  2
4218500 2850500  7 15 12  23.7 1007 274  3.3 5 13.3  75  301  395 381 -471  2
4218500 2850500  7 15 13  25.0 1007 272  3.0 5 13.5  70  366  384 384 -478  2
4218500 2850500  7 15 14  26.2 1006 280  3.2 4 13.5  65  342  377 387 -482  2
4218500 2850500  7 15 15  26.4 1006 256  3.8 5 13.0  60  279  358 390 -484  2
4218500 2850500  7 15 16  26.5 1005 279  2.9 5 12.2  56  224  313 393 -482  2
4218500 2850500  7 15 17  26.7 1005 282  3.0 6 11.0  50  101  252 394 -476  2
4218500 2850500  7 15 18  26.3 1005 281  2.5 8 10.3  47   31  168 403 -464  2
4218500 2850500  7 15 19  25.8 1005 305  1.5 7 10.6  50    4   84 406 -453  2
4218500 2850500  7 15 20  24.6 1005 325  2.0 7 10.9  54    0    7 400 -445  2
4218500 2850500  7 15 21  24.1 1005 313  1.3 7 11.1  58    0    0 398 -440  2
4218500 2850500  7 15 22  23.4 1005 254  2.1 6 11.6  62    0    0 392 -433  2
4218500 2850500  7 15 23  22.3 1006 259  1.5 6 11.9  67    0    0 385 -424  2
4218500 2850500  7 15 24  21.5 1006 313  0.6 6 11.8  71    0    0 381 -417  2
4218500 2850500  7 16  1  20.8 1005 255  1.1 7 11.7  74    0    0 382 -411  2
4218500 2850500  7 16  2  20.8 1005 198  1.0 7 11.9  76    0    0 385 -407  2
4218500 2850500  7 16  3  20.1 1005 281  1.3 7 12.2  80    0    0 383 -405  2
4218500 2850500  7 16  4  19.0 1005 296  0.8 5 12.1  84    0    0 370 -405  2
4218500 2850500  7 16  5  18.7 1004 183  1.1 3 11.8  85    9   13 348 -405  2
4218500 2850500  7 16  6  18.7 1004 182  1.0 3 11.8  86   83   48 337 -407  2
4218500 2850500  7 16  7  20.3 1004 186  1.2 2 11.9  82  231   52 335 -410  2
4218500 2850500  7 16  8  22.3 1004 204  2.5 4 12.1  75  115  165 347 -415  2
4218500 2850500  7 16  9  23.0 1004 223  4.2 6 12.1  69    0  134 372 -424  2
4218500 2850500  7 16 10  20.6 1004 241  2.5 5 12.1  73   94  293 375 -438  2
4218500 2850500  7 16 11  22.0 1004 258  2.4 5 12.1  75  181  319 374 -449  2
4218500 2850500  7 16 12  23.2 1004 216  4.0 6 12.0  69  266  319 385 -452  2
4218500 2850500  7 16 13  24.0 1004 263  3.4 7 11.7  63   69  325 395 -445  2
4218500 2850500  7 16 14  23.3 1003 228  4.4 8 11.6  63    2  226 400 -437  2
4218500 2850500  7 16 15  23.7 1003 242  2.9 6 11.4  62   49  268 394 -431  2
4218500 2850500  7 16 16  23.6 1003 250  3.5 6 11.2  61    6  194 386 -428  2
4218500 2850500  7 16 17  21.4 1003 278  8.7 7 11.5  67    0  129 386 -423  2
4218500 2850500  7 16 18  17.2 1004 274  4.3 7 11.6  82    1  113 378 -418  2
4218500 2850500  7 16 19  17.3 1005 252  3.2 6 11.5  92   46   92 368 -420  2
4218500 2850500  7 16 20  17.3 1005 262  3.0 7 11.6  91   27   37 368 -418  2
4218500 2850500  7 16 21  17.4 1006 261  2.7 7 11.7  93    0    3 371 -411  2
4218500 2850500  7 16 22  17.4 1006 263  2.8 6 11.7  93    0    0 372 -404  2
4218500 2850500  7 16 23  18.2 1006 237  3.0 5 11.4  87    0    0 372 -403  2
4218500 2850500  7 16 24  19.1 1007 201  3.3 4 11.0  80    0    0 357 -402  2
4218500 2850500  7 17  1  20.2 1007 156  3.5 3 10.5  71    0    0 353 -431  2
4218500 2850500  7 17  2  20.8 1008 129  3.5 3 10.1  65    0    0 351 -428  2
4218500 2850500  7 17  3  21.2 1008 102  3.2 3  9.9  61    0    0 353 -425  2
4218500 2850500  7 17  4  20.9 1008 113  2.7 4 10.0  64    0    0 357 -422  2
4218500 2850500  7 17  5  20.8 1008 121  2.6 5 10.3  66    0    4 361 -419  2
4218500 2850500  7 17  6  21.1 1008 150  1.6 7 10.5  68    0   13 370 -420  2
4218500 2850500  7 17  7  19.0 1008 214  2.8 8 11.2  76    0   28 378 -427  2
4218500 2850500  7 17  8  18.7 1009  26  2.9 8 12.2  88    0   65 380 -440  2
4218500 2850500  7 17  9  20.0 1010 334  1.8 6 13.1  92   43  238 377 -458  2
4218500 2850500  7 17 10  21.2 1010 157  1.5 6 13.6  88  131  306 378 -478  2
4218500 2850500  7 17 11  22.9 1010 181  2.1 6 13.6  81  287  310 385 -497  2
4218500 2850500  7 17 12  25.7 1010 143  2.0 3 13.0  68  641  160 384 -514  2
4218500 2850500  7 17 13  27.5 1010 356  1.7 2 12.0  54  617  173 381 -525  2
4218500 2850500  7 17 14  28.5 1009 249  1.5 3 11.1  47  295  323 386 -531  2
4218500 2850500  7 17 15  28.3 1009 151  2.0 6 10.5  43   72  309 398 -535  2
4218500 2850500  7 17 16  26.0 1009 247  3.7 7 10.7  47    0  118 406 -536  2
4218500 2850500  7 17 17  22.8 1010 239  1.9 7 12.6  65    0  105 403 -526  2
4218500 2850500  7 17 18  22.8 1010 269  4.5 7 13.8  78    0   90 400 -509  2
4218500 2850500  7 17 19  22.0 1011 262  3.5 6 12.9  76    9   81 393 -493  2
4218500 2850500  7 17 20  20.5 1011 234  3.2 6 13.2  83    1   29 386 -480  2
4218500 2850500  7 17 21  20.7 1011 233  3.0 7 13.5  88    0    3 388 -470  2
4218500 2850500  7 17 22  20.7 1012 246  5.3 7 12.5  81    0    0 390 -463  2
4218500 2850500  7 17 23  19.5 1012 241  4.9 8 12.0  81    0    0 390 -458  2
4218500 2850500  7 17 24  18.8 1013 211  4.0 8 12.4  89    0    0 392 -454  2
4218500 2850500  7 18  1  18.6 1013 279  4.3 8 12.5  92    0    0 391 -449  2
4218500 2850500  7 18  2  17.9 1014 280  3.5 8 12.0  91    0    0 387 -443  2
4218500 2850500  7 18  3  17.5 1014 296  3.0 8 11.5  90    0    0 384 -437  2
4218500 2850500  7 18  4  17.2 1014 282  3.8 8 11.4  92    0    0 382 -431  2
4218500 2850500  7 18  5  17.5 1014 275  4.0 8 11.6  94    0    1 381 -428  2
4218500 2850500  7 18  6  18.1 1014 294  2.8 8 12.0  94    0   11 382 -428  2
4218500 2850500  7 18  7  18.6 1015 293  3.3 8 12.1  91    0   36 383 -431  2
4218500 2850500  7 18  8  19.1 1015 286  4.6 8 11.9  87    0  106 384 -438  2
4218500 2850500  7 18  9  20.0 1016 284  3.6 6 11.4  80   63  257 380 -447  2
4218500 2850500  7 18 10  20.6 1016 285  4.5 3 10.7  72  424  240 364 -457  2
4218500 2850500  7 18 11  22.1 1016 294  4.3 4 10.0  63  427  300 362 -468  2
4218500 2850500  7 18 12  23.0 1017 328  3.7 5  9.4  55  319  379 373 -482  2
4218500 2850500  7 18 13  23.9 1017 312  3.5 6  9.4  52  162  405 383 -494  2
4218500 2850500  7 18 14  24.1 1016 306  4.0 5  9.2  49  200  392 385 -496  2
4218500 2850500  7 18 15  25.6 1016 326  2.8 4  9.0  46  290  341 383 -495  2
4218500 2850500  7 18 16  26.3 1016 306  3.8 4  8.9  43  250  294 383 -499  2
4218500 2850500  7 18 17  26.2 1016 300  4.5 3  8.9  42  224  230 380 -498  2
4218500 2850500  7 18 18  24.9 1016 321  3.2 5  9.0  44   62  173 378 -491  2
4218500 2850500  7 18 19  25.0 1016 323  2.5 4  8.8  44   16   94 377 -481  2
4218500 2850500  7 18 20  23.2 1016 346  1.8 3  8.9  48   13   42 367 -470  2
4218500 2850500  7 18 21  21.0 1017 359  1.2 1  9.4  57    0    3 351 -459  2
4218500 2850500  7 18 22  20.7 1017 344  0.9 1  9.8  63    0    0 341 -450  2
4218500 2850500  7 18 23  19.2 1017   1  0.3 1 10.1  69    0    0 336 -445  2
4218500 2850500  7 18 24  18.8 1017 146  0.9 0 10.4  76    0    0 330 -440  2
4218500 2850500  7 19  1  17.3 1018 152  2.1 0 10.4  80    0    0 324 -434  2
4218500 2850500  7 19  2  16.6 1018 197  2.6 0 10.2  85    0    0 319 -426  2
4218500 2850500  7 19  3  16.1 1018 188  2.0 0 10.1  87    0    0 317 -420  2
4218500 2850500  7 19  4  15.1 1018 219  2.3 0 10.0  90    0    0 313 -417  2
4218500 2850500  7 19  5  15.8 1018 263  2.1 1 10.0  91    0    8 317 -413  2
4218500 2850500  7 19  6  17.0 1018 232  2.1 1 10.4  89   37   54 323 -413  2
4218500 2850500  7 19  7  20.7 1018 241  2.0 0 10.3  76  161   85 326 -419  2
4218500 2850500  7 19  8  23.4 1018 240  2.5 0  9.8  59  334   83 334 -431  2
4218500 2850500  7 19  9  25.3 1018 259  2.1 0  9.6  51  496   80 343 -445  2
4218500 2850500  7 19 10  26.3 1018 271  2.1 1  9.1  44  554  115 352 -461  2
4218500 2850500  7 19 11  27.1 1018  17  1.7 2  8.8  40  497  209 364 -476  2
4218500 2850500  7 19 12  27.6 1018 272  2.3 3  8.8  39  554  214 375 -488  2
4218500 2850500  7 19 13  28.2 1017 314  2.6 2  8.8  37  436  270 378 -499  2
4218500 2850500  7 19 14  27.8 1017 316  1.3 3  8.5  36  423  265 378 -509  2
4218500 2850500  7 19 15  29.3 1017 326  2.2 4  8.3  34  482  204 381 -514  2
4218500 2850500  7 19 16  29.9 1017  38  1.8 4  8.3  32  306  229 386 -511  2
4218500 2850500  7 19 17  29.7 1016 335  1.3 3  8.3  32  335  142 383 -505  2
4218500 2850500  7 19 18  29.2 1016 288  1.6 3  8.3  32  220  114 377 -496  2
4218500 2850500  7 19 19  28.0 1016 356  1.9 3  8.4  34   67   91 371 -486  2
4218500 2850500  7 19 20  25.7 1016  70  3.1 3  8.5  39   15   37 364 -473  2
4218500 2850500  7 19 21  23.4 1016  70  2.8 2  8.5  44    0    2 352 -459  2
4218500 2850500  7 19 22  22.0 1016  71  3.2 1  8.7  51    0    0 341 -449  2
4218500 2850500  7 19 23  22.9 1016  78  3.9 1  9.2  54    0    0 339 -441  2
4218500 2850500  7 19 24  22.2 1016  81  3.5 0  9.9  58    0    0 339 -434  2
4218500 2850500  7 20  1  20.7 1016  90  3.4 0 10.6  66    0    0 334 -429  2
4218500 2850500  7 20  2  20.1 1016  83  3.2 0 10.9  72    0    0 329 -425  2
4218500 2850500  7 20  3  19.3 1016  90  3.3 0 11.0  77    0    0 327 -421  2
4218500 2850500  7 20  4  18.9 1015  92  3.1 0 11.1  80    0    0 325 -417  2
4218500 2850500  7 20  5  18.6 1015  99  2.9 0 11.1  82    0    9 324 -415  2
4218500 2850500  7 20  6  19.8 1015 110  2.1 1 11.1  80   37   54 326 -416  2
4218500 2850500  7 20  7  21.6 1015 116  2.5 0 11.3  74  146   90 329 -424  2
4218500 2850500  7 20  8  23.8 1015 145  2.4 0 11.1  64  316   94 333 -439  2
4218500 2850500  7 20  9  26.3 1015 172  2.6 0 10.6  54  472   95 340 -458  2
4218500 2850500  7 20 10  28.1 1014 170  3.0 0 10.2  45  611   89 348 -479  2
4218500 2850500  7 20 11  29.7 1014 151  4.3 0  9.6  38  723   80 355 -499  2
4218500 2850500  7 20 12  30.7 1013 126  3.8 1  8.8  33  582  201 363 -516  2
4218500 2850500  7 20 13  30.7 1013 148  4.1 1  8.6  31  379  297 369 -522  2
4218500 2850500  7 20 14  31.4 1012 128  3.8 2  8.2  29  489  234 374 -529  2
4218500 2850500  7 20 15  31.7 1012 144  3.9 2  7.4  26  513  190 377 -542  2
4218500 2850500  7 20 16  31.9 1011 149  4.6 2  7.3  25  388  195 377 -545  2
4218500 2850500  7 20 17  31.7 1011 113  4.1 1  7.5  25  286  169 375 -542  2
4218500 2850500  7 20 18  31.1 1010 126  4.6 1  7.7  27  214  118 371 -534  2
4218500 2850500  7 20 19  30.5 1010 126  3.9 1  7.7  28   76   91 368 -521  2
4218500 2850500  7 20 20  28.6 1010 334  3.6 2  7.7  30   20   38 365 -507  2
4218500 2850500  7 20 21  26.7 1010  93  3.5 2  8.2  35    0    3 361 -496  2
4218500 2850500  7 20 22  25.3 1010 111  3.4 2  8.6  41    0    0 353 -488  2
4218500 2850500  7 20 23  24.0 1010 105  3.8 3  8.9  46    0    0 352 -479  2
4218500 2850500  7 20 24  23.6 1011 122  3.9 4  9.2  50    0    0 356 -469  2
4218500 2850500  7 21  1  21.1 1011 128  3.1 4  9.2  54    0    0 357 -459  2
4218500 2850500  7 21  2  20.5 1010 119  3.5 3  9.1  59    0    0 346 -454  2
4218500 2850500  7 21  3  20.0 1010 128  3.9 3  9.1  61    0    0 340 -454  2
4218500 2850500  7 21  4  19.3 1010 123  3.1 4  9.1  63    0    0 344 -452  2
4218500 2850500  7 21  5  19.8 1011 123  4.1 5  9.1  64    0    1 352 -445  2
4218500 2850500  7 21  6  21.4 1010 132  3.4 6  9.3  61    0   10 363 -442  2
4218500 2850500  7 21  7  21.8 1011 167  2.9 5  9.5  59   71  120 366 -444  2
4218500 2850500  7 21  8  24.0 1011 153  2.0 4  9.7  55  150  183 364 -449  2
4218500 2850500  7 21  9  26.1 1010 114  1.7 5 10.1  50  159  255 375 -454  2
4218500 2850500  7 21 10  27.3 1010 266  1.8 6 10.1  46  103  315 390 -457  2
4218500 2850500  7 21 11  29.0 1010 319  1.7 4  9.8  41  434  291 395 -462  2
4218500 2850500  7 21 12  30.6 1010 282  2.1 2  9.5  36  591  248 389 -471  2
4218500 2850500  7 21 13  31.5 1010 287  2.9 3 10.0  35  371  350 395 -477  2
4218500 2850500  7 21 14  32.3 1010 299  2.3 5 10.2  34  364  340 410 -491  2
4218500 2850500  7 21 15  32.2 1010 255  2.1 5  9.7  32  444  273 416 -509  2
4218500 2850500  7 21 16  32.3 1009 341  3.0 6  9.9  33  215  298 419 -516  2
4218500 2850500  7 21 17  30.7 1009 307  4.4 7 10.2  35    2  155 419 -514  2
4218500 2850500  7 21 18  29.3 1009 316  4.1 7  9.8  37    0   62 413 -507  2
4218500 2850500  7 21 19  28.1 1010 283  3.5 8  9.9  40    0   15 410 -498  2
4218500 2850500  7 21 20  25.7 1011 239  2.5 8 10.3  46    0    5 407 -488  2
4218500 2850500  7 21 21  23.4 1011  77  2.3 8 11.3  58    0    0 401 -477  2
4218500 2850500  7 21 22  22.7 1012 243  1.0 7 12.4  70    0    0 393 -468  2
4218500 2850500  7 21 23  22.4 1012 170  1.6 7 12.9  75    0    0 389 -463  2
4218500 2850500  7 21 24  21.7 1012  17  1.1 7 13.2  79    0    0 388 -460  2
4218500 2850500  7 22  1  21.7 1012 154  1.1 8 13.2  80    0    0 389 -452  2
4218500 2850500  7 22  2  21.2 1012 267  1.1 8 13.3  82    0    0 393 -448  2
4218500 2850500  7 22  3  20.9 1012 116  2.4 7 13.4  85    0    0 390 -446  2
4218500 2850500  7 22  4  20.5 1011 194  1.6 6 13.5  88    0    0 382 -444  2
4218500 2850500  7 22  5  19.9 1010 163  1.4 6 13.6  91    0    1 377 -442  2
4218500 2850500  7 22  6  20.5 1011 170  1.5 6 13.9  93   44   51 377 -441  2
4218500 2850500  7 22  7  21.8 1011 213  1.5 4 14.1  89  152   84 374 -446  2
4218500 2850500  7 22  8  23.7 1011 235  1.7 4 13.8  79  291   97 373 -455  2
4218500 2850500  7 22  9  26.0 1011 229  2.6 5 13.5  68  352  147 383 -469  2
4218500 2850500  7 22 10  26.5 1011 262  4.4 6 12.4  58  191  274 393 -485  2
4218500 2850500  7 22 11  27.1 1011 278  4.6 5 11.7  53  241  312 397 -488  2
4218500 2850500  7 22 12  26.8 1012 315  4.4 2 12.0  54  525  223 389 -492  2
4218500 2850500  7 22 13  27.5 1012 317  4.3 1 11.5  51  582  187 381 -494  2
4218500 2850500  7 22 14  27.6 1011 323  4.3 2 10.2  44  556  187 380 -498  2
4218500 2850500  7 22 15  28.2 1011 311  4.3 3  9.3  39  534  168 382 -507  2
4218500 2850500  7 22 16  27.9 1011 310  4.2 3  9.2  39  357  202 382 -512  2
4218500 2850500  7 22 17  27.2 1012 334  5.5 2  9.5  41  340  134 378 -506  2
4218500 2850500  7 22 18  26.3 1011 312  5.0 1  9.5  43  211  114 369 -497  2
4218500 2850500  7 22 19  25.5 1012 298  4.0 1  9.4  45   66   89 362 -487  2
4218500 2850500  7 22 20  24.1 1012 322  3.0 1  9.6  49   13   34 358 -474  2
4218500 2850500  7 22 21  21.9 1012 300  2.4 2 10.0  56    0    1 353 -462  2
4218500 2850500  7 22 22  20.7 1013 329  2.2 3 10.2  64    0    0 353 -452  2
4218500 2850500  7 22 23  21.2 1013 297  2.1 5 10.5  68    0    0 360 -445  2
4218500 2850500  7 22 24  20.8 1013 331  2.1 7 10.7  68    0    0 373 -439  2
4218500 2850500  7 23  1  21.2 1013 261  2.5 6 10.8  69    0    0 376 -433  2
4218500 2850500  7 23  2  21.3 1013 264  2.7 6 10.9  69    0    0 374 -429  2
4218500 2850500  7 23  3  20.7 1013 301  2.5 5 10.9  70    0    0 370 -424  2
4218500 2850500  7 23  4  19.7 1013 290  2.0 5 11.0  74    0    0 363 -422  2
4218500 2850500  7 23  5  19.4 1013 320  1.9 5 11.0  77    0    8 360 -423  2
4218500 2850500  7 23  6  18.2 1013 266  1.5 3 11.3  83    7   42 351 -425  2
4218500 2850500  7 23  7  19.7 1013 225  1.4 3 11.7  85  102   97 345 -431  2
4218500 2850500  7 23  8  21.7 1013  37  1.0 2 11.4  74  304   94 348 -443  2
4218500 2850500  7 23  9  24.1 1014 153  1.2 1 10.7  61  484   81 350 -458  2
4218500 2850500  7 23 10  24.4 1014 330  1.2 3 10.0  53  363  214 360 -470  2
4218500 2850500  7 23 11  25.5 1014 288  1.9 4  9.4  48  378  265 375 -486  2
4218500 2850500  7 23 12  26.4 1013 268  2.0 3  8.9  42  347  311 378 -502  2
4218500 2850500  7 23 13  27.4 1013 299  2.8 5  8.4  38  230  325 383 -508  2
4218500 2850500  7 23 14  26.5 1012 318  3.8 5  8.3  37  207  321 385 -508  2
4218500 2850500  7 23 15  26.7 1012 300  3.8 6  8.4  38   98  303 385 -510  2
4218500 2850500  7 23 16  25.8 1012 291  3.4 7  8.3  39   27  231 388 -508  2
4218500 2850500  7 23 17  26.3 1012 322  2.8 5  8.5  40   58  206 385 -501  2
4218500 2850500  7 23 18  26.2 1012 302  1.6 2  8.6  40  200  119 374 -491  2
4218500 2850500  7 23 19  25.0 1012 319  1.8 2  8.2  40   68   88 362 -480  2
4218500 2850500  7 23 20  23.2 1012 326  1.8 3  8.2  44   15   35 358 -469  2
4218500 2850500  7 23 21  21.6 1012 335  1.3 4  8.6  50    0    1 357 -460  2
4218500 2850500  7 23 22  20.5 1012  65  1.9 4  9.1  58    0    0 356 -453  2
4218500 2850500  7 23 23  20.3 1012 119  2.5 4  9.7  64    0    0 355 -445  2
4218500 2850500  7 23 24  19.8 1012 103  1.6 4 10.2  69    0    0 355 -436  2
4218500 2850500  7 24  1  19.3 1012 100  2.0 6 10.4  73    0    0 358 -430  2
4218500 2850500  7 24  2  19.2 1011 125  1.6 7 10.7  76    0    0 367 -426  2
4218500 2850500  7 24  3  18.3 1011 122  3.2 7 11.5  84    0    0 369 -422  2
4218500 2850500  7 24  4  17.6 1011 116  2.2 6 12.0  92    0    0 364 -422  2
4218500 2850500  7 24  5  16.8 1011  81  3.1 4 11.3  92    2   11 353 -422  2
4218500 2850500  7 24  6  17.8 1010  98  2.9 3 11.2  90    4   39 345 -423  2
4218500 2850500  7 24  7  19.7 1010  90  4.0 4 11.6  85   66  106 350 -427  2
4218500 2850500  7 24  8  21.3 1010  95  3.4 2 11.5  76  250  131 354 -434  2
4218500 2850500  7 24  9  22.9 1010 104  4.7 2 11.3  67  359  161 355 -444  2
4218500 2850500  7 24 10  24.9 1010 109  4.5 2 11.1  59  494  167 363 -460  2
4218500 2850500  7 24 11  26.2 1009  94  3.5 3 11.0  53  596  171 373 -472  2
4218500 2850500  7 24 12  28.0 1009 120  3.8 3 10.9  48  580  218 382 -481  2
4218500 2850500  7 24 13  27.0 1008 116  4.2 5 10.6  46  241  348 389 -494  2
4218500 2850500  7 24 14  21.7 1008 126  4.5 6  9.9  51   34  305 383 -509  2
4218500 2850500  7 24 15  22.7 1008  31  2.9 6 10.7  63    0  195 378 -521  2
4218500 2850500  7 24 16  24.8 1007 142  2.9 6 11.5  62   33  241 385 -519  2
4218500 2850500  7 24 17  23.8 1007 337  1.8 5 11.2  58   15  184 385 -511  2
4218500 2850500  7 24 18  23.7 1007  51  3.3 6 11.2  60   17  138 383 -495  2
4218500 2850500  7 24 19  22.5 1007  57  2.6 7 10.9  61    5   76 387 -467  2
4218500 2850500  7 24 20  21.8 1007  75  2.2 6 10.8  64    0   27 383 -446  2
4218500 2850500  7 24 21  20.7 1007 335  1.7 7 11.0  69    0    0 381 -437  2
4218500 2850500  7 24 22  20.7 1007 292  2.2 7 11.1  72    0    0 384 -431  2
4218500 2850500  7 24 23  20.2 1008 327  1.1 7 11.2  74    0    0 384 -426  2
4218500 2850500  7 24 24  19.6 1008 259  1.0 6 11.7  80    0    0 379 -423  2
4218500 2850500  7 25  1  19.9 1008 230  2.8 8 12.4  85    0    0 386 -423  2
4218500 2850500  7 25  2  19.8 1009 266  2.7 7 12.5  85    0    0 390 -424  2
4218500 2850500  7 25  3  19.4 1009 294  1.6 8 12.0  83    0    0 390 -422  2
4218500 2850500  7 25  4  18.8 1009 234  1.2 8 11.7  84    0    0 391 -420  2
4218500 2850500  7 25  5  18.5 1009 283  2.8 8 11.6  86    0    1 389 -419  2
4218500 2850500  7 25  6  18.1 1009 287  2.7 8 11.5  86    0   10 388 -418  2
4218500 2850500  7 25  7  18.4 1009 296  2.4 8 11.6  88    0   37 386 -416  2
4218500 2850500  7 25  8  18.2 1009 283  2.8 8 11.6  88    0   77 385 -420  2
4218500 2850500  7 25  9  18.2 1010 295  2.4 7 11.5  87    0  158 380 -431  2
4218500 2850500  7 25 10  18.8 1010 265  2.2 7 11.6  86    4  222 379 -446  2
4218500 2850500  7 25 11  19.3 1010 269  1.3 7 11.4  82   10  249 379 -462  2
4218500 2850500  7 25 12  21.2 1011 273  0.9 5 11.0  74  152  361 379 -475  2
4218500 2850500  7 25 13  24.0 1010 193  2.9 3 10.4  60  515  264 375 -484  2
4218500 2850500  7 25 14  25.1 1010 197  2.0 4  9.6  50  467  272 377 -489  2
4218500 2850500  7 25 15  25.2 1009  23  0.8 5  9.4  47  293  314 382 -496  2
4218500 2850500  7 25 16  24.5 1008 130  2.2 3  9.8  50  314  247 378 -496  2
4218500 2850500  7 25 17  25.1 1008 129  2.3 4 10.1  51  208  213 375 -490  2
4218500 2850500  7 25 18  24.8 1008 111  1.9 4  9.9  50  103  162 378 -481  2
4218500 2850500  7 25 19  24.0 1008 103  3.6 4  9.7  50   25   91 375 -470  2
4218500 2850500  7 25 20  22.6 1008 133  2.5 4  9.9  55   11   34 372 -462  2
4218500 2850500  7 25 21  21.6 1008 135  2.9 4 10.4  62    0    1 368 -453  2
4218500 2850500  7 25 22  20.8 1008 148  2.7 3 10.9  68    0    0 362 -445  2
4218500 2850500  7 25 23  19.7 1008 148  2.8 2 11.2  75    0    0 355 -440  2
4218500 2850500  7 25 24  18.1 1008 141  2.5 1 11.2  81    0    0 344 -436  2
4218500 2850500  7 26  1  17.2 1008 142  2.7 0 11.2  88    0    0 328 -435  2
4218500 2850500  7 26  2  17.1 1007 120  3.4 2 11.3  91    0    0 320 -434  2
4218500 2850500  7 26  3  17.0 1007 112  3.0 2 11.2  92    0    0 324 -432  2
4218500 2850500  7 26  4  16.8 1007 122  2.8 3 11.1  91    0    0 326 -430  2
4218500 2850500  7 26  5  17.2 1006 134  2.6 5 11.1  91    0    2 338 -429  2
4218500 2850500  7 26  6  18.5 1006 146  2.9 7 11.0  85    0   10 365 -430  2
4218500 2850500  7 26  7  17.6 1006 227  2.2 6 11.1  85   11   88 373 -431  2
4218500 2850500  7 26  8  18.0 1007 132  1.6 6 11.7  90    7  137 370 -436  2
4218500 2850500  7 26  9  18.6 1007 134  1.7 8 12.0  90    0  112 384 -440  2
4218500 2850500  7 26 10  19.1 1007 181  2.7 7 12.0  87    0  119 392 -442  2
4218500 2850500  7 26 11  19.0 1007 199  3.4 8 12.2  87    0  127 394 -448  2
4218500 2850500  7 26 12  19.4 1007 180  2.3 8 12.6  90    0  164 399 -456  2
4218500 2850500  7 26 13  21.2 1008 178  2.0 6 12.5  83  124  352 397 -460  2
4218500 2850500  7 26 14  24.0 1007 237  2.4 5 11.6  67  233  342 393 -471  2
4218500 2850500  7 26 15  23.4 1007 220  2.1 7 11.1  60    7  231 399 -479  2
4218500 2850500  7 26 16  24.6 1007 251  2.8 6 10.9  58   72  258 402 -480  2
4218500 2850500  7 26 17  24.4 1007 252  2.1 6 10.9  56  104  222 399 -483  2
4218500 2850500  7 26 18  24.4 1007 282  2.7 8 11.0  57   10  131 404 -478  2
4218500 2850500  7 26 19  23.7 1007 256  1.0 7 10.8  57    0   49 404 -469  2
4218500 2850500  7 26 20  22.4 1007 331  0.5 6 10.9  61    0   22 391 -461  2
4218500 2850500  7 26 21  21.3 1007 355  0.5 6 11.6  70    0    0 382 -453  2
4218500 2850500  7 26 22  19.5 1007 137  2.1 5 11.9  78    0    0 372 -447  2
4218500 2850500  7 26 23  19.6 1007 149  2.3 5 12.2  85    0    0 365 -443  2
4218500 2850500  7 26 24  19.2 1007 143  2.1 5 12.7  89    0    0 364 -441  2
4218500 2850500  7 27  1  19.5 1007 159  2.4 6 13.0  91    0    0 367 -439  2
4218500 2850500  7 27  2  19.4 1007 155  2.7 6 13.0  91    0    0 375 -438  2
4218500 2850500  7 27  3  19.1 1007 157  2.4 6 12.9  91    0    0 377 -437  2
4218500 2850500  7 27  4  19.1 1006 134  2.1 7 13.0  92    0    0 382 -436  2
4218500 2850500  7 27  5  19.2 1006 160  1.5 7 13.3  94    2    9 389 -431  2
4218500 2850500  7 27  6  19.3 1006 103  2.5 7 13.6  96    0   23 391 -427  2
4218500 2850500  7 27  7  20.0 1006 129  2.9 7 14.1  97    8   81 394 -428  2
4218500 2850500  7 27  8  21.5 1005 141  3.6 5 14.1  91  142  155 392 -435  2
4218500 2850500  7 27  9  25.0 1005 150  4.0 5 13.2  73  374  135 394 -447  2
4218500 2850500  7 27 10  28.1 1005 194  4.9 5 11.7  53  483  150 404 -458  2
4218500 2850500  7 27 11  30.1 1004 202  5.0 5 11.3  44  567  162 413 -467  2
4218500 2850500  7 27 12  30.6 1004 251  5.3 4 11.1  40  505  228 414 -473  2
4218500 2850500  7 27 13  32.1 1004 263  5.8 4 10.8  37  383  285 414 -479  2
4218500 2850500  7 27 14  32.3 1004 247  3.9 4 10.7  35  114  331 416 -482  2
4218500 2850500  7 27 15  32.4 1004 273  4.9 4 10.6  34   90  305 413 -484  2
4218500 2850500  7 27 16  32.4 1003 280  3.8 4 10.7  35  227  237 410 -488  2
4218500 2850500  7 27 17  31.0 1003 250  3.9 7 10.8  36    0  115 415 -489  2
4218500 2850500  7 27 18  23.1 1004 179  6.2 7 12.5  55    0   29 409 -486  2
4218500 2850500  7 27 19  21.8 1006 170  2.1 5 15.1  87    0   39 388 -476  2
4218500 2850500  7 27 20  21.5 1006 142  2.5 6 15.6  95    0   20 383 -464  2
4218500 2850500  7 27 21  21.1 1007 183  2.8 4 15.5  96    0    0 377 -454  2
4218500 2850500  7 27 22  20.9 1007 217  3.3 2 15.0  95    0    0 359 -448  2
4218500 2850500  7 27 23  20.9 1007 231  3.0 3 14.9  95    0    0 355 -445  2
4218500 2850500  7 27 24  20.7 1007 221  2.6 6 14.8  95    0    0 371 -441  2
4218500 2850500  7 28  1  20.7 1008 201  3.7 7 14.7  95    0    0 387 -439  2
4218500 2850500  7 28  2  20.7 1009 250  2.5 7 14.9  96    0    0 390 -435  2
4218500 2850500  7 28  3  19.9 1009 285  3.3 8 14.3  95    0    0 391 -431  2
4218500 2850500  7 28  4  18.4 1009 311  4.3 8 13.0  92    0    0 389 -428  2
4218500 2850500  7 28  5  17.3 1010 315  3.5 8 12.2  94    0    8 382 -424  2
4218500 2850500  7 28  6  17.3 1010 319  2.1 8 12.0  96    0   17 380 -424  2
4218500 2850500  7 28  7  17.5 1011 305  3.0 7 12.0  95    0   39 377 -427  2
4218500 2850500  7 28  8  17.4 1012 299  3.2 8 11.7  93    0   68 375 -434  2
4218500 2850500  7 28  9  17.8 1013 288  3.2 8 11.7  93    0   97 379 -446  2
4218500 2850500  7 28 10  18.1 1013 286  3.3 7 11.9  92    0  129 377 -461  2
4218500 2850500  7 28 11  18.5 1014 287  3.2 7 11.8  89    0  191 374 -476  2
4218500 2850500  7 28 12  20.6 1014 285  3.8 5 11.8  83  160  354 371 -488  2
4218500 2850500  7 28 13  21.9 1015 266  4.1 4 10.9  69  447  279 367 -497  2
4218500 2850500  7 28 14  23.1 1015 304  3.5 4  9.6  56  345  314 366 -500  2
4218500 2850500  7 28 15  24.1 1015 303  3.4 4  9.2  51  270  311 367 -502  2
4218500 2850500  7 28 16  24.6 1015 302  3.3 3  8.7  46  264  245 364 -503  2
4218500 2850500  7 28 17  24.8 1015 309  3.9 2  8.0  41  349  140 357 -499  2
4218500 2850500  7 28 18  25.0 1014 310  3.2 1  7.7  39  217  119 350 -491  2
4218500 2850500  7 28 19  23.3 1015 329  2.8 2  7.4  39   57   91 346 -481  2
4218500 2850500  7 28 20  21.1 1015 357  1.9 2  7.7  46    8   32 343 -470  2
4218500 2850500  7 28 21  19.5 1016 332  1.8 3  8.4  56    0    0 340 -461  2
4218500 2850500  7 28 22  19.0 1016  11  2.5 4  9.1  65    0    0 345 -455  2
4218500 2850500  7 28 23  18.3 1017  18  2.8 3  9.3  69    0    0 344 -450  2
4218500 2850500  7 28 24  17.4 1017  11  2.8 1  8.7  69    0    0 326 -445  2
4218500 2850500  7 29  1  16.6 1017  13  2.4 0  8.7  72    0    0 309 -441  2
4218500 2850500  7 29  2  15.9 1017 331  1.9 1  9.1  79    0    0 307 -438  2
4218500 2850500  7 29  3  15.8 1017 323  2.0 3  9.5  84    0    0 319 -435  2
4218500 2850500  7 29  4  15.9 1018 333  1.8 6  9.8  87    0    0 342 -433  2
4218500 2850500  7 29  5  15.7 1018   0  2.7 6 10.1  90    0    6 357 -431  2
4218500 2850500  7 29  6  16.7 1018 355  2.0 5 10.4  90   38   46 353 -428  2
4218500 2850500  7 29  7  18.2 1018 339  1.6 4 10.4  83  116   93 347 -422  2
4218500 2850500  7 29  8  19.8 1019 358  2.0 5  9.8  71  182  143 353 -418  2
4218500 2850500  7 29  9  21.1 1019 339  2.4 4  9.4  63  395  126 359 -418  2
4218500 2850500  7 29 10  22.4 1019 347  2.2 5  9.3  58  378  208 366 -421  2
4218500 2850500  7 29 11  22.9 1019 337  2.5 6  8.8  52  341  274 380 -424  2
4218500 2850500  7 29 12  23.8 1019   5  2.2 6  8.4  47  322  301 387 -426  2
4218500 2850500  7 29 13  24.3 1018 357  2.3 6  8.2  44  201  333 391 -431  2
4218500 2850500  7 29 14  23.8 1018   8  3.0 7  7.9  42   49  314 396 -444  2
4218500 2850500  7 29 15  23.8 1018 322  2.0 8  7.7  42    9  234 402 -455  2
4218500 2850500  7 29 16  24.5 1018 305  2.3 8  7.5  40    3  183 406 -461  2
4218500 2850500  7 29 17  24.0 1018 280  3.0 5  7.7  41   78  212 395 -461  2
4218500 2850500  7 29 18  23.8 1017 307  2.7 3  7.8  42  108  148 374 -459  2
4218500 2850500  7 29 19  22.8 1017 338  2.5 4  8.1  45    4   71 368 -454  2
4218500 2850500  7 29 20  21.6 1017  81  1.7 6  8.5  51    0   14 377 -445  2
4218500 2850500  7 29 21  20.6 1017  68  2.6 6  8.4  54    0    0 380 -433  2
4218500 2850500  7 29 22  20.3 1018  97  2.5 6  7.6  51    0    0 375 -424  2
4218500 2850500  7 29 23  18.8 1018  87  2.0 5  7.2  51    0    0 367 -418  2
4218500 2850500  7 29 24  18.1 1018  82  1.7 4  7.2  54    0    0 357 -413  2
4218500 2850500  7 30  1  17.0 1018  99  1.7 5  7.4  59    0    0 354 -409  2
4218500 2850500  7 30  2  16.9 1017 138  1.7 4  7.7  64    0    0 353 -405  2
4218500 2850500  7 30  3  16.1 1017 118  1.5 4  7.8  67    0    0 349 -402  2
4218500 2850500  7 30  4  14.8 1017 104  1.8 4  8.0  74    0    0 345 -399  2
4218500 2850500  7 30  5  14.0 1016  89  1.7 2  8.2  80    0    1 334 -397  2
4218500 2850500  7 30  6  14.7 1016 127  1.3 2  8.3  82   10   42 325 -397  2
4218500 2850500  7 30  7  17.5 1016 139  1.7 1  8.2  72  113   94 325 -403  2
4218500 2850500  7 30  8  19.4 1016 177  2.1 0  7.8  59  295   99 324 -416  2
4218500 2850500  7 30  9  21.7 1016 144  2.2 0  7.7  51  467   91 329 -435  2
4218500 2850500  7 30 10  23.2 1016 151  2.7 0  7.4  44  602   89 336 -454  2
4218500 2850500  7 30 11  24.2 1016 118  2.1 0  7.2  39  159  290 342 -471  2
4218500 2850500  7 30 12  25.6 1015 138  1.3 1  7.3  37  349  290 354 -485  2
4218500 2850500  7 30 13  25.9 1015 102  2.5 1  7.5  36  612  177 364 -496  2
4218500 2850500  7 30 14  26.4 1014  94  3.0 1  7.6  36  558  190 367 -499  2
4218500 2850500  7 30 15  26.6 1014 150  3.1 1  7.4  34  621  115 368 -498  2
4218500 2850500  7 30 16  26.4 1013 120  2.9 1  7.2  34  490  129 366 -494  2
4218500 2850500  7 30 17  25.9 1012  96  2.3 1  7.2  34  349  127 362 -486  2
4218500 2850500  7 30 18  25.1 1012 113  3.0 2  7.2  36  164  133 361 -474  2
4218500 2850500  7 30 19  23.9 1012  98  2.9 3  7.2  38   36   88 363 -465  2
4218500 2850500  7 30 20  22.5 1012  98  2.8 4  7.1  40    7   30 363 -459  2
4218500 2850500  7 30 21  20.7 1012  94  1.9 3  6.9  43    0    0 356 -452  2
4218500 2850500  7 30 22  18.9 1013 114  2.4 3  7.2  50    0    0 346 -446  2
4218500 2850500  7 30 23  17.1 1013  95  2.7 3  7.6  59    0    0 340 -443  2
4218500 2850500  7 30 24  17.0 1013  75  2.8 0  7.9  65    0    0 327 -438  2
4218500 2850500  7 31  1  16.4 1012  79  2.7 0  8.3  70    0    0 314 -434  2
4218500 2850500  7 31  2  16.2 1012  78  2.5 0  8.3  72    0    0 313 -431  2
4218500 2850500  7 31  3  15.5 1012  78  2.8 0  8.2  73    0    0 312 -428  2
4218500 2850500  7 31  4  15.0 1012  71  2.5 1  8.4  77    0    0 314 -426  2
4218500 2850500  7 31  5  15.9 1012  61  2.2 3  8.7  79    0    1 326 -424  2
4218500 2850500  7 31  6  17.1 1012  69  2.2 5  9.2  78    0   15 345 -423  2
4218500 2850500  7 31  7  19.0 1012  79  2.1 6  9.9  76    2   69 361 -425  2
4218500 2850500  7 31  8  20.2 1012  85  2.2 6 10.5  73   39  160 371 -432  2
4218500 2850500  7 31  9  22.7 1013  88  3.0 6 11.0  69  205  209 379 -444  2
4218500 2850500  7 31 10  24.3 1013  59  3.3 6 10.8  59  327  228 386 -457  2
4218500 2850500  7 31 11  25.3 1012  71  4.1 5 10.0  51  291  285 386 -472  2
4218500 2850500  7 31 12  26.1 1012  86  4.0 5  9.6  46  254  322 387 -480  2
4218500 2850500  7 31 13  25.3 1012  79  4.5 5  9.9  48  242  319 389 -481  2
4218500 2850500  7 31 14  25.8 1012  89  3.5 5 10.6  52   26  291 391 -484  2
4218500 2850500  7 31 15  23.7 1012 101  4.4 6 11.1  57    3  208 392 -485  2
4218500 2850500  7 31 16  22.5 1012  90  3.9 5 12.6  71   35  230 388 -487  2
4218500 2850500  7 31 17  22.9 1012  64  3.1 4 13.6  78  236  180 380 -486  2
4218500 2850500  7 31 18  23.8 1012  73  1.9 3 13.0  72  187  118 376 -480  2
4218500 2850500  7 31 19  23.6 1012  74  2.7 1 12.6  68   55   85 368 -469  2
4218500 2850500  7 31 20  22.2 1012  74  2.2 3 12.7  74    6   29 364 -457  2
4218500 2850500  7 31 21  21.3 1013  66  2.0 3 12.7  78    0    0 368 -445  2
4218500 2850500  7 31 22  20.4 1013  56  1.7 3 12.7  82    0    0 363 -436  2
4218500 2850500  7 31 23  19.5 1013  51  1.7 2 12.1  83    0    0 353 -429  2
4218500 2850500  7 31 24  18.7 1013  54  1.9 2 11.2  81    0    0 348 -423  2
4218500 2850500  8  1  1  17.8 1015  63  2.2 1 10.1  77    0    0 327 -399  2
4218500 2850500  8  1  2  16.9 1016  77  2.4 1  9.2  74    0    0 325 -397  2
4218500 2850500  8  1  3  16.0 1015  87  2.2 2  8.5  74    0    0 322 -397  2
4218500 2850500  8  1  4  15.6 1015  88  1.7 2  8.6  77    0    0 323 -396  2
4218500 2850500  8  1  5  16.3 1015  90  1.6 2  8.7  76    0    2 328 -395  2
4218500 2850500  8  1  6  16.5 1015  78  0.9 2  8.9  80   24   47 330 -394  2
4218500 2850500  8  1  7  18.2 1015 127  1.7 1  9.5  76  120   97 328 -398  2
4218500 2850500  8  1  8  21.3 1015 135  1.1 0  9.4  65  268  121 326 -410  2
4218500 2850500  8  1  9  24.4 1015 188  1.1 0  9.2  53  401  141 334 -425  2
4218500 2850500  8  1 10  26.5 1015 188  1.1 1  8.6  42  516  155 347 -443  2
4218500 2850500  8  1 11  27.4 1014  23  0.8 1  8.2  37  597  170 357 -459  2
4218500 2850500  8  1 12  28.2 1014 199  1.1 2  8.1  35  572  225 365 -470  2
4218500 2850500  8  1 13  28.2 1014 153  0.9 4  8.1  34  236  381 376 -471  2
4218500 2850500  8  1 14  28.7 1013  18  1.2 5  8.4  34  334  338 387 -469  2
4218500 2850500  8  1 15  28.7 1013 299  0.8 5  8.5  34  352  291 392 -466  2
4218500 2850500  8  1 16  28.7 1012 203  1.7 4  8.3  34  215  279 388 -464  2
4218500 2850500  8  1 17  27.0 1012 323  4.3 4  8.6  37  182  219 382 -456  2
4218500 2850500  8  1 18  25.6 1012  10  3.2 6  9.6  45   25  151 384 -444  2
4218500 2850500  8  1 19  25.1 1012 340  3.2 5 10.1  50    0   35 382 -442  2
4218500 2850500  8  1 20  23.7 1012 354  3.3 5 10.3  54    0   23 376 -437  2
4218500 2850500  8  1 21  21.9 1013 181  2.2 6 10.6  61    0    0 373 -428  2
4218500 2850500  8  1 22  20.0 1013 139  1.4 6 11.0  71    0    0 369 -421  2
4218500 2850500  8  1 23  19.5 1013 352  2.3 5 11.5  79    0    0 362 -417  2
4218500 2850500  8  1 24  18.4 1013  35  1.4 6 11.6  84    0    0 358 -412  2
4218500 2850500  8  2  1  18.1 1013 188  1.6 7 12.0  92    0    0 361 -404  2
4218500 2850500  8  2  2  18.0 1013 307  1.8 6 11.9  92    0    0 359 -402  2
4218500 2850500  8  2  3  17.5 1012 327  2.6 6 11.8  92    0    0 353 -399  2
4218500 2850500  8  2  4  16.3 1012 344  2.3 5 11.6  96    0    0 346 -395  2
4218500 2850500  8  2  5  15.5 1013 336  1.5 3 11.2  98    0    0 333 -392  2
4218500 2850500  8  2  6  15.7 1013 325  1.4 2 10.9  98   35   39 320 -389  2
4218500 2850500  8  2  7  17.8 1013 332  2.0 0 11.0  92  142   79 311 -391  2
4218500 2850500  8  2  8  18.9 1013 351  2.6 1 11.0  83  277  101 310 -400  2
4218500 2850500  8  2  9  20.8 1013 332  2.4 1 10.8  74  423  113 318 -414  2
4218500 2850500  8  2 10  22.5 1012 300  2.5 1 10.6  65  551  118 327 -430  2
4218500 2850500  8  2 11  23.6 1012 336  3.6 1 10.4  59  617  135 334 -444  2
4218500 2850500  8  2 12  24.3 1012 317  3.6 2 10.1  54  333  327 344 -455  2
4218500 2850500  8  2 13  25.5 1012 318  2.9 4 10.0  51  209  365 360 -459  2
4218500 2850500  8  2 14  24.8 1012 296  3.9 4  9.6  48  248  343 367 -456  2
4218500 2850500  8  2 15  24.9 1012 293  3.7 5  9.6  49  193  312 368 -450  2
4218500 2850500  8  2 16  24.9 1011 288  4.1 4  9.9  50  318  217 368 -445  2
4218500 2850500  8  2 17  23.9 1011   7  3.9 3 10.0  52   94  191 362 -446  2
4218500 2850500  8  2 18  22.3 1011 279  1.4 6 11.9  67    0   88 365 -446  2
4218500 2850500  8  2 19  22.3 1011 303  1.6 5 12.4  73   13   72 369 -439  2
4218500 2850500  8  2 20  20.6 1011 332  2.3 3 11.7  73    4   18 357 -431  2
4218500 2850500  8  2 21  20.9 1011  23  2.8 4 11.4  74    0    0 350 -423  2
4218500 2850500  8  2 22  19.1 1012  23  1.7 3 10.8  74    0    0 345 -418  2
4218500 2850500  8  2 23  17.7 1012  42  2.1 2 10.9  82    0    0 333 -414  2
4218500 2850500  8  2 24  17.4 1012  36  1.9 1 10.1  80    0    0 321 -410  2
4218500 2850500  8  3  1  16.3 1012 335  1.6 0 10.0  83    0    0 313 -406  2
4218500 2850500  8  3  2  15.8 1012 340  1.4 0 10.3  90    0    0 310 -403  2
4218500 2850500  8  3  3  15.1 1012 357  1.6 0 10.2  93    0    0 309 -402  2
4218500 2850500  8  3  4  14.4 1012   3  1.6 0 10.1  96    0    0 308 -400  2
4218500 2850500  8  3  5  14.2 1012  27  1.4 1  9.8  96    0    0 311 -398  2
4218500 2850500  8  3  6  14.8 1012  37  0.5 1  9.6  93   51   32 313 -397  2
4218500 2850500  8  3  7  17.7 1012 277  1.3 0 10.3  89  205   42 314 -401  2
4218500 2850500  8  3  8  19.8 1012 289  1.7 0 10.5  78  351   72 317 -409  2
4218500 2850500  8  3  9  21.2 1011 321  2.7 1 10.4  69  488  100 325 -420  2
4218500 2850500  8  3 10  22.3 1011 324  2.7 2 10.6  65  618   54 338 -424  2
4218500 2850500  8  3 11  22.7 1011 332  2.8 4 10.2  60  198  308 353 -436  2
4218500 2850500  8  3 12  22.7 1011 330  3.0 5 10.0  58   23  271 365 -458  2
4218500 2850500  8  3 13  23.6 1011 305  1.7 5 10.3  58  127  339 372 -470  2
4218500 2850500  8  3 14  24.4 1011  20  2.7 4 10.3  55  268  311 372 -467  2
4218500 2850500  8  3 15  24.9 1010 342  2.9 5  9.8  50   88  289 373 -464  2
4218500 2850500  8  3 16  25.2 1009 302  3.6 5  9.9  50   15  187 378 -467  2
4218500 2850500  8  3 17  24.9 1009 343  3.0 4  9.6  48   72  184 373 -465  2
4218500 2850500  8  3 18  24.6 1009 337  3.4 5  9.1  47  100  128 370 -456  2
4218500 2850500  8  3 19  24.0 1009 335  3.1 5  9.1  48   62   65 371 -447  2
4218500 2850500  8  3 20  22.0 1009  41  2.3 4  9.2  52    2   14 364 -440  2
4218500 2850500  8  3 21  20.2 1009  11  1.9 3  9.6  61    0    0 352 -432  2
4218500 2850500  8  3 22  19.3 1009  28  1.4 4 10.3  71    0    0 348 -424  2
4218500 2850500  8  3 23  18.2 1009  35  1.2 3 10.7  79    0    0 343 -417  2
4218500 2850500  8  3 24  17.5 1009   7  1.8 1 10.7  83    0    0 332 -410  2
4218500 2850500  8  4  1  16.2 1009  54  1.9 0 10.7  88    0    0 321 -406  2
4218500 2850500  8  4  2  16.1 1008  38  1.4 0 10.6  92    0    0 316 -401  2
4218500 2850500  8  4  3  15.6 1008 351  1.4 1 10.4  91    0    0 316 -398  2
4218500 2850500  8  4  4  14.9 1008 344  1.6 1 10.2  93    0    0 316 -395  2
4218500 2850500  8  4  5  14.8 1007 355  1.5 0 10.1  95    0    0 311 -394  2
4218500 2850500  8  4  6  15.4 1007 333  1.3 1 10.3  95   38   36 311 -394  2
4218500 2850500  8  4  7  18.3 1007 282  1.1 2 10.9  90  142   70 321 -400  2
4218500 2850500  8  4  8  19.5 1007 305  2.2 3 11.2  81  258   90 332 -411  2
4218500 2850500  8  4  9  21.3 1007 310  3.1 3 10.9  72  408   95 340 -426  2
4218500 2850500  8  4 10  22.1 1007 305  3.8 3 10.9  67  483  126 345 -442  2
4218500 2850500  8  4 11  22.9 1007 313  3.9 4 10.8  62  402  243 353 -456  2
4218500 2850500  8  4 12  23.7 1007 292  3.5 3 10.3  57  381  289 358 -467  2
4218500 2850500  8  4 13  24.3 1006 314  3.7 3 10.0  53  437  270 360 -475  2
4218500 2850500  8  4 14  23.6 1006 300  1.7 4 10.0  53  109  328 363 -481  2
4218500 2850500  8  4 15  24.3 1006 337  3.5 7 10.0  53    0  168 373 -488  2
4218500 2850500  8  4 16  24.7 1006 281  3.2 7 10.2  53   12  184 383 -488  2
4218500 2850500  8  4 17  24.4 1006 293  2.7 6 10.4  53  119  179 379 -482  2
4218500 2850500  8  4 18  24.6 1005 319  4.0 4 10.4  53  157  111 370 -473  2
4218500 2850500  8  4 19  23.6 1005 359  3.5 3 10.5  55   67   67 360 -460  2
4218500 2850500  8  4 20  22.1 1005  42  2.5 2 10.5  60    3   15 349 -447  2
4218500 2850500  8  4 21  20.0 1006  60  2.3 2 10.6  68    0    0 341 -436  2
4218500 2850500  8  4 22  18.6 1006  96  1.8 1 10.9  77    0    0 331 -426  2
4218500 2850500  8  4 23  17.9 1007  75  2.1 1 11.0  83    0    0 325 -419  2
4218500 2850500  8  4 24  16.7 1007  88  2.3 0 11.1  89    0    0 319 -413  2
4218500 2850500  8  5  1  16.6 1007  86  2.4 0 11.0  92    0    0 314 -408  2
4218500 2850500  8  5  2  16.1 1007  90  1.9 0 10.8  92    0    0 313 -403  2
4218500 2850500  8  5  3  15.6 1007  90  2.4 0 10.7  94    0    0 311 -400  2
4218500 2850500  8  5  4  15.1 1007  87  2.4 0 10.4  95    0    0 308 -397  2
4218500 2850500  8  5  5  15.4 1007  97  2.1 0 10.3  94    0    0 307 -396  2
4218500 2850500  8  5  6  16.3 1007  99  1.9 0 10.6  93   38   38 309 -396  2
4218500 2850500  8  5  7  17.9 1007 129  2.2 0 11.1  90  145   77 311 -401  2
4218500 2850500  8  5  8  20.4 1008 120  2.7 0 11.2  80  280   98 318 -412  2
4218500 2850500  8  5  9  22.9 1008 112  2.4 0 11.1  68  417  112 327 -429  2
4218500 2850500  8  5 10  24.2 1008  84  2.6 0 11.1  61  539  120 337 -448  2
4218500 2850500  8  5 11  25.7 1008 134  2.2 1 10.8  54  573  153 348 -466  2
4218500 2850500  8  5 12  26.3 1008 138  1.4 2 10.4  49  387  302 359 -478  2
4218500 2850500  8  5 13  27.4 1008  21  1.7 3 10.1  45  370  318 370 -487  2
4218500 2850500  8  5 14  26.7 1008  22  1.9 3  9.7  43  471  249 373 -491  2
4218500 2850500  8  5 15  27.9 1008  77  2.5 2  9.6  42  371  256 371 -492  2
4218500 2850500  8  5 16  28.3 1008 355  1.9 3  9.5  40  276  233 374 -489  2
4218500 2850500  8  5 17  27.0 1008  81  2.8 3  9.3  40  290  143 375 -482  2
4218500 2850500  8  5 18  27.6 1008  92  2.8 2  9.2  40  182  111 370 -473  2
4218500 2850500  8  5 19  26.0 1008  91  2.7 2  9.4  42   68   72 366 -463  2
4218500 2850500  8  5 20  23.3 1008  84  2.7 2  9.6  49    4   16 358 -452  2
4218500 2850500  8  5 21  21.1 1009  75  2.8 2  9.7  57    0    0 350 -442  2
4218500 2850500  8  5 22  21.1 1009  78  3.4 1  9.8  62    0    0 343 -433  2
4218500 2850500  8  5 23  21.0 1009  87  3.1 1 10.1  64    0    0 342 -427  2
4218500 2850500  8  5 24  20.0 1010  79  3.0 0 10.2  67    0    0 337 -421  2
4218500 2850500  8  6  1  19.3 1010  75  3.3 0 10.4  72    0    0 333 -418  2
4218500 2850500  8  6  2  19.1 1010  74  3.5 1 10.5  75    0    0 334 -415  2
4218500 2850500  8  6  3  18.7 1010  80  2.7 1 10.6  77    0    0 337 -413  2
4218500 2850500  8  6  4  18.1 1010  76  3.1 1 10.8  81    0    0 336 -413  2
4218500 2850500  8  6  5  17.7 1010  77  3.1 1 10.9  85    0    0 335 -412  2
4218500 2850500  8  6  6  18.2 1010  76  3.1 1 11.3  87   29   37 335 -412  2
4218500 2850500  8  6  7  20.3 1010  79  2.5 0 11.6  83  134   74 336 -416  2
4218500 2850500  8  6  8  22.4 1010  90  2.6 0 11.8  73  275   90 339 -426  2
4218500 2850500  8  6  9  25.0 1010 109  2.5 0 11.8  64  432   94 348 -441  2
4218500 2850500  8  6 10  27.1 1010  85  3.9 1 11.7  55  566   94 361 -456  2
4218500 2850500  8  6 11  27.6 1010  76  4.7 2 11.3  50  582  136 374 -469  2
4218500 2850500  8  6 12  28.3 1010  71  4.4 2 10.8  45  436  267 381 -477  2
4218500 2850500  8  6 13  28.7 1010  87  3.9 2 10.7  44  361  312 383 -486  2
4218500 2850500  8  6 14  30.0 1009 110  3.8 3 11.0  43  331  306 391 -495  2
4218500 2850500  8  6 15  29.9 1009 118  1.2 3 11.0  41  246  293 395 -498  2
4218500 2850500  8  6 16  29.9 1009  92  4.2 3 10.9  41  180  246 394 -497  2
4218500 2850500  8  6 17  29.9 1009  67  4.1 4 10.9  41  172  165 394 -490  2
4218500 2850500  8  6 18  29.1 1008  88  4.9 2 11.1  42   86  137 389 -481  2
4218500 2850500  8  6 19  28.2 1008  97  3.4 4 11.1  45    1   39 385 -471  2
4218500 2850500  8  6 20  26.4 1008  64  3.9 4 11.0  48    0    7 383 -459  2
4218500 2850500  8  6 21  24.9 1009  67  3.8 2 10.8  52    0    0 372 -448  2
4218500 2850500  8  6 22  23.9 1009  90  4.1 1 10.5  54    0    0 359 -440  2
4218500 2850500  8  6 23  23.8 1010 106  4.0 0  9.7  52    0    0 348 -432  2
4218500 2850500  8  6 24  22.8 1010 116  4.4 0  9.0  50    0    0 342 -425  2
4218500 2850500  8  7  1  21.3 1011  98  3.5 0  8.8  53    0    0 336 -419  2
4218500 2850500  8  7  2  20.7 1011 106  4.0 0  8.7  56    0    0 331 -414  2
4218500 2850500  8  7  3  19.9 1011 108  3.6 0  8.8  59    0    0 328 -409  2
4218500 2850500  8  7  4  18.6 1011  89  3.8 0  8.8  63    0    0 324 -405  2
4218500 2850500  8  7  5  17.5 1011  88  4.0 0  8.9  68    0    0 320 -401  2
4218500 2850500  8  7  6  18.5 1012  98  4.1 1  9.2  71   31   39 322 -399  2
4218500 2850500  8  7  7  19.3 1012 103  4.5 0  9.6  70  132   80 324 -402  2
4218500 2850500  8  7  8  20.8 1012  99  5.3 0 10.0  68  267  101 322 -413  2
4218500 2850500  8  7  9  22.7 1012 107  5.4 1 10.3  63  403  116 333 -428  2
4218500 2850500  8  7 10  24.1 1013 121  5.7 0 10.6  59  514  129 343 -443  2
4218500 2850500  8  7 11  25.9 1012 125  7.7 1 10.5  53  602  136 350 -458  2
4218500 2850500  8  7 12  26.7 1012 106  6.2 1 10.0  46  659  139 359 -470  2
4218500 2850500  8  7 13  27.2 1012  92  6.2 1  9.9  44  682  135 364 -478  2
4218500 2850500  8  7 14  28.9 1012 113  6.0 1  9.9  42  623  152 369 -475  2
4218500 2850500  8  7 15  28.9 1012 106  7.0 1  9.6  38  523  168 372 -474  2
4218500 2850500  8  7 16  29.0 1011 100  5.5 1  9.3  37  395  173 372 -474  2
4218500 2850500  8  7 17  28.4 1011  99  5.7 1  9.0  36  272  152 369 -466  2
4218500 2850500  8  7 18  27.9 1011 108  4.6 1  8.7  36  156  118 365 -458  2
4218500 2850500  8  7 19  27.0 1011 114  3.9 1  8.1  35   54   72 361 -450  2
4218500 2850500  8  7 20  25.1 1011  96  2.8 1  7.6  36    2   15 353 -442  2
4218500 2850500  8  7 21  21.5 1012  80  2.5 0  8.0  45    0    0 340 -433  2
4218500 2850500  8  7 22  20.7 1012  74  2.9 0  8.4  53    0    0 330 -428  2
4218500 2850500  8  7 23  19.6 1012  76  2.8 0  8.3  56    0    0 327 -425  2
4218500 2850500  8  7 24  19.3 1012  82  3.2 0  8.4  59    0    0 324 -420  2
4218500 2850500  8  8  1  19.3 1013  87  3.3 0  8.4  60    0    0 324 -416  2
4218500 2850500  8  8  2  19.0 1013  91  3.5 0  8.4  61    0    0 323 -414  2
4218500 2850500  8  8  3  18.2 1013  86  3.2 0  8.4  63    0    0 320 -412  2
4218500 2850500  8  8  4  17.4 1013  78  2.9 0  8.3  66    0    0 315 -410  2
4218500 2850500  8  8  5  17.4 1013  83  4.2 0  8.5  68    0    0 312 -408  2
4218500 2850500  8  8  6  17.6 1013  80  3.4 0  8.7  70   24   38 312 -408  2
4218500 2850500  8  8  7  18.6 1013  95  3.2 0  9.1  70  119   82 312 -413  2
4218500 2850500  8  8  8  20.4 1013  90  3.6 0  9.6  68  253  107 318 -424  2
4218500 2850500  8  8  9  22.4 1014  94  4.1 0 10.1  63  392  121 328 -438  2
4218500 2850500  8  8 10  23.9 1014  98  3.9 0 10.4  59  510  132 337 -451  2
4218500 2850500  8  8 11  25.2 1014 111  4.9 0 10.4  54  603  138 347 -465  2
4218500 2850500  8  8 12  26.2 1014  96  4.5 1 10.6  51  665  138 358 -475  2
4218500 2850500  8  8 13  26.9 1013 108  4.1 1 10.8  49  667  145 368 -482  2
4218500 2850500  8  8 14  28.1 1013 115  4.2 1 10.4  45  496  231 371 -487  2
4218500 2850500  8  8 15  28.7 1012  90  5.4 2 10.0  41  391  243 375 -489  2
4218500 2850500  8  8 16  28.6 1012 109  5.6 2  9.7  40  356  193 376 -488  2
4218500 2850500  8  8 17  27.6 1011  96  5.8 2 10.0  42  210  169 373 -483  2
4218500 2850500  8  8 18  28.1 1011  96  5.2 2  9.7  41  137  124 369 -476  2
4218500 2850500  8  8 19  27.1 1011 112  4.3 1  9.1  39   50   72 363 -466  2
4218500 2850500  8  8 20  24.9 1011  88  3.5 1  9.1  43    1   15 355 -455  2
4218500 2850500  8  8 21  22.8 1011  83  3.3 0  8.9  48    0    0 343 -445  2
4218500 2850500  8  8 22  22.4 1012  94  3.7 1  9.0  52    0    0 338 -438  2
4218500 2850500  8  8 23  21.7 1012  86  3.6 1  9.0  54    0    0 339 -431  2
4218500 2850500  8  8 24  20.7 1012 111  3.2 0  9.1  57    0    0 333 -423  2
4218500 2850500  8  9  1  18.6 1012  84  3.0 0  9.1  64    0    0 324 -417  2
4218500 2850500  8  9  2  18.3 1012  73  2.9 0  9.1  68    0    0 322 -413  2
4218500 2850500  8  9  3  17.7 1012  74  2.9 0  9.2  71    0    0 320 -408  2
4218500 2850500  8  9  4  17.3 1012  77  3.3 0  9.3  74    0    0 320 -404  2
4218500 2850500  8  9  5  17.1 1012  82  3.4 0  9.3  76    0    0 319 -400  2
4218500 2850500  8  9  6  17.3 1012  79  2.8 0  9.4  76   27   36 319 -398  2
4218500 2850500  8  9  7  19.3 1012  95  2.9 0  9.5  72  120   78 321 -401  2
4218500 2850500  8  9  8  20.3 1012  92  2.5 0  9.6  67  249  102 324 -411  2
4218500 2850500  8  9  9  24.0 1012  94  3.3 0  9.8  58  390  115 333 -428  2
4218500 2850500  8  9 10  26.4 1012 101  4.4 0  9.9  49  512  123 345 -446  2
4218500 2850500  8  9 11  27.3 1012 100  4.8 0  9.8  44  606  129 353 -454  2
4218500 2850500  8  9 12  28.0 1012  95  5.9 1  9.6  42  609  162 363 -457  2
4218500 2850500  8  9 13  28.6 1011  93  4.7 2  9.7  40  488  249 373 -457  2
4218500 2850500  8  9 14  29.3 1011  98  4.2 2  9.3  37  390  281 380 -464  2
4218500 2850500  8  9 15  29.3 1010 102  4.4 2  8.1  32  395  235 378 -473  2
4218500 2850500  8  9 16  29.7 1010  95  4.0 2  7.3  28  353  190 375 -476  2
4218500 2850500  8  9 17  28.8 1009 107  4.6 1  7.4  29  270  149 370 -474  2
4218500 2850500  8  9 18  28.5 1009  93  4.2 1  7.6  31  153  114 365 -469  2
4218500 2850500  8  9 19  27.1 1009  90  3.5 2  7.8  33   39   68 364 -458  2
4218500 2850500  8  9 20  25.7 1009  79  3.3 2  8.1  38    2   13 362 -445  2
4218500 2850500  8  9 21  24.2 1009  86  3.8 2  8.4  42    0    0 358 -435  2
4218500 2850500  8  9 22  22.3 1010 102  3.3 1  8.4  47    0    0 348 -432  2
4218500 2850500  8  9 23  20.9 1010  71  3.0 1  8.5  52    0    0 340 -428  2
4218500 2850500  8  9 24  19.7 1011  76  2.8 0  8.4  56    0    0 331 -423  2
4218500 2850500  8 10  1  19.0 1011  71  3.1 0  8.4  60    0    0 325 -419  2
4218500 2850500  8 10  2  19.2 1011  69  3.6 0  8.6  62    0    0 324 -417  2
4218500 2850500  8 10  3  18.2 1011  73  3.1 0  8.6  64    0    0 322 -414  2
4218500 2850500  8 10  4  17.7 1011  77  3.9 0  8.6  67    0    0 320 -411  2
4218500 2850500  8 10  5  17.6 1011  78  2.6 0  8.8  69    0    0 318 -409  2
4218500 2850500  8 10  6  17.6 1012  78  2.9 0  8.9  71   22   33 317 -406  2
4218500 2850500  8 10  7  19.4 1012  86  2.8 0  9.3  70  114   73 319 -409  2
4218500 2850500  8 10  8  21.0 1012  91  3.0 0  9.7  66  254   91 323 -418  2
4218500 2850500  8 10  9  23.7 1012  82  3.4 0 10.1  59  404   97 332 -433  2
4218500 2850500  8 10 10  26.2 1012 100  3.9 0  9.9  50  532  100 343 -451  2
4218500 2850500  8 10 11  27.7 1012 101  4.6 0  9.3  42  629  103 350 -467  2
4218500 2850500  8 10 12  28.2 1012  96  4.8 1  8.7  37  638  132 359 -481  2
4218500 2850500  8 10 13  29.2 1012 116  4.5 1  8.4  34  466  248 366 -492  2
4218500 2850500  8 10 14  29.7 1012  78  5.6 2  8.2  32  327  294 372 -499  2
4218500 2850500  8 10 15  30.1 1011 101  4.0 3  7.9  30  259  279 379 -500  2
4218500 2850500  8 10 16  30.0 1011  84  3.4 3  8.0  30  298  206 382 -497  2
4218500 2850500  8 10 17  29.7 1011  73  4.2 1  8.0  30  259  146 375 -490  2
4218500 2850500  8 10 18  28.9 1010  83  3.7 1  8.1  32  126  116 366 -478  2
4218500 2850500  8 10 19  27.4 1010  69  3.2 1  8.2  34   49   64 362 -465  2
4218500 2850500  8 10 20  25.2 1011  71  2.7 1  8.1  38    1   12 356 -452  2
4218500 2850500  8 10 21  23.4 1011  76  3.3 1  8.1  43    0    0 349 -441  2
4218500 2850500  8 10 22  23.4 1012  75  3.1 1  8.4  46    0    0 345 -432  2
4218500 2850500  8 10 23  21.4 1012  58  2.5 0  8.7  51    0    0 341 -425  2
4218500 2850500  8 10 24  20.5 1012  64  2.6 0  9.1  58    0    0 335 -419  2
4218500 2850500  8 11  1  20.0 1013  72  3.2 0  9.5  64    0    0 332 -415  2
4218500 2850500  8 11  2  20.9 1013  75  3.5 0  9.5  63    0    0 332 -412  2
4218500 2850500  8 11  3  19.8 1013  76  3.6 0  9.5  64    0    0 330 -409  2
4218500 2850500  8 11  4  18.9 1013  76  3.0 0  9.5  68    0    0 325 -406  2
4218500 2850500  8 11  5  18.4 1013  77  3.1 0  9.6  71    0    0 322 -404  2
4218500 2850500  8 11  6  18.5 1013  77  2.9 0  9.8  74   22   34 319 -403  2
4218500 2850500  8 11  7  19.9 1013  80  3.3 0 10.0  72  107   81 318 -406  2
4218500 2850500  8 11  8  21.6 1013  77  3.5 0 10.1  66  232  110 320 -417  2
4218500 2850500  8 11  9  24.0 1013  68  3.9 0 10.5  60  364  130 328 -434  2
4218500 2850500  8 11 10  26.4 1013  89  4.7 0 11.0  55  476  146 340 -451  2
4218500 2850500  8 11 11  27.4 1013  69  3.9 0 10.8  49  566  157 350 -468  2
4218500 2850500  8 11 12  28.8 1013  61  3.1 0 10.3  43  611  168 355 -481  2
4218500 2850500  8 11 13  29.3 1012 114  3.4 1  9.7  39  616  176 363 -491  2
4218500 2850500  8 11 14  30.6 1012  67  4.1 1  9.0  34  572  184 369 -497  2
4218500 2850500  8 11 15  30.7 1011  94  4.2 1  8.4  30  507  175 370 -499  2
4218500 2850500  8 11 16  30.2 1011  70  4.2 1  7.7  28  416  157 367 -496  2
4218500 2850500  8 11 17  30.3 1010  70  4.5 1  7.4  28  281  143 366 -492  2
4218500 2850500  8 11 18  29.6 1010  84  4.6 1  7.4  28  151  113 365 -484  2
4218500 2850500  8 11 19  27.7 1010  65  3.5 1  7.6  31   49   66 360 -472  2
4218500 2850500  8 11 20  26.3 1010  50  4.2 2  8.5  38    1   13 359 -459  2
4218500 2850500  8 11 21  25.4 1010  43  4.3 2  9.8  47    0    0 361 -448  2
4218500 2850500  8 11 22  23.9 1010  50  4.9 3 11.2  57    0    0 363 -440  2
4218500 2850500  8 11 23  23.0 1010  59  5.1 3 11.9  65    0    0 364 -436  2
4218500 2850500  8 11 24  21.9 1010  54  4.8 2 11.7  68    0    0 355 -431  2
4218500 2850500  8 12  1  21.8 1010  82  4.1 1 11.6  70    0    0 344 -427  2
4218500 2850500  8 12  2  20.8 1010  87  3.9 1 11.5  72    0    0 337 -422  2
4218500 2850500  8 12  3  19.6 1010  85  3.0 1 11.2  75    0    0 332 -418  2
4218500 2850500  8 12  4  19.3 1010  84  3.6 2 11.2  78    0    0 333 -415  2
4218500 2850500  8 12  5  18.7 1010  77  3.2 3 11.1  80    0    0 338 -412  2
4218500 2850500  8 12  6  18.6 1009  82  3.3 4 11.3  84    3   25 344 -410  2
4218500 2850500  8 12  7  20.2 1009  99  3.4 6 11.7  82    4   66 358 -414  2
4218500 2850500  8 12  8  21.7 1009 118  3.2 6 11.9  76   24  148 370 -424  2
4218500 2850500  8 12  9  23.1 1009  96  2.7 7 12.0  70   57  227 379 -436  2
4218500 2850500  8 12 10  24.4 1009  95  2.7 7 12.1  65   53  281 389 -442  2
4218500 2850500  8 12 11  26.0 1009  91  2.6 6 12.1  60  308  292 392 -445  2
4218500 2850500  8 12 12  27.2 1008 103  2.8 6 11.7  53  462  259 393 -446  2
4218500 2850500  8 12 13  28.7 1008  92  2.7 5 11.0  46  344  322 395 -446  2
4218500 2850500  8 12 14  28.9 1008  95  3.4 6 10.5  42  146  341 398 -449  2
4218500 2850500  8 12 15  29.3 1007 119  2.9 6 10.1  40   40  281 404 -451  2
4218500 2850500  8 12 16  29.0 1007 123  3.0 7  9.9  39    0  157 407 -448  2
4218500 2850500  8 12 17  29.1 1007 123  2.8 6  9.9  39   26  183 407 -447  2
4218500 2850500  8 12 18  29.1 1006  81  3.1 6  9.8  39   49  133 404 -447  2
4218500 2850500  8 12 19  27.3 1006 103  2.1 6  9.8  41   18   64 401 -444  2
4218500 2850500  8 12 20  25.4 1006  81  2.7 5  9.8  45    0   11 392 -438  2
4218500 2850500  8 12 21  24.3 1007  97  2.9 4 10.2  52    0    0 382 -430  2
4218500 2850500  8 12 22  22.7 1007  98  3.0 4 10.5  58    0    0 374 -423  2
4218500 2850500  8 12 23  22.9 1007 133  1.9 5 10.5  60    0    0 374 -419  2
4218500 2850500  8 12 24  21.6 1007 141  2.0 3 10.5  62    0    0 368 -416  2
4218500 2850500  8 13  1  19.8 1007 124  1.8 2 10.8  70    0    0 353 -413  2
4218500 2850500  8 13  2  19.3 1007 207  1.3 1 11.0  76    0    0 340 -409  2
4218500 2850500  8 13  3  18.2 1007 295  2.1 1 11.0  81    0    0 334 -405  2
4218500 2850500  8 13  4  17.9 1006 282  2.2 2 11.1  85    0    0 335 -400  2
4218500 2850500  8 13  5  17.1 1006 274  2.3 1 11.2  88    0    0 332 -398  2
4218500 2850500  8 13  6  17.6 1006 278  2.1 0 11.4  91   20   33 319 -398  2
4218500 2850500  8 13  7  20.1 1006 290  2.2 1 11.9  86   95   80 320 -403  2
4218500 2850500  8 13  8  21.7 1006 276  1.9 1 12.4  79  220  109 331 -417  2
4218500 2850500  8 13  9  24.0 1006 286  2.3 1 12.4  70  331  137 338 -437  2
4218500 2850500  8 13 10  26.8 1006 294  2.1 2 11.9  58  431  160 353 -459  2
4218500 2850500  8 13 11  28.1 1005 268  2.0 1 11.0  47  563  153 362 -478  2
4218500 2850500  8 13 12  29.3 1005 195  2.1 1 10.2  41  634  151 366 -495  2
4218500 2850500  8 13 13  30.2 1004 226  2.6 3 10.1  38  463  256 378 -506  2
4218500 2850500  8 13 14  30.4 1003 247  3.7 3  9.9  36  427  256 386 -511  2
4218500 2850500  8 13 15  30.6 1002 205  2.7 2  9.6  35  512  167 383 -506  2
4218500 2850500  8 13 16  30.3 1002 217  2.4 3  9.6  35  374  174 384 -499  2
4218500 2850500  8 13 17  30.3 1001 167  1.8 4  9.5  35  258  149 391 -492  2
4218500 2850500  8 13 18  29.5 1000 158  2.3 4  9.7  36  121  118 392 -484  2
4218500 2850500  8 13 19  27.2 1000 176  2.1 4 10.0  41   31   63 387 -473  2
4218500 2850500  8 13 20  25.3  999 110  2.0 4 10.3  49    0    6 378 -462  2
4218500 2850500  8 13 21  23.6  999  83  2.1 3 10.6  55    0    0 364 -453  2
4218500 2850500  8 13 22  22.4  998  60  2.2 4 10.9  62    0    0 355 -446  2
4218500 2850500  8 13 23  21.2  998  86  2.4 4 11.3  70    0    0 352 -443  2
4218500 2850500  8 13 24  20.3  998 125  2.6 5 11.7  77    0    0 360 -436  2
4218500 2850500  8 14  1  19.2 1011 180  2.6 6 12.0  85    0    0 393 -413  2
4218500 2850500  8 14  2  18.6 1011 215  2.6 6 12.1  90    0    0 389 -413  2
4218500 2850500  8 14  3  18.0 1011 234  2.7 7 12.2  93    0    0 385 -412  2
4218500 2850500  8 14  4  18.0 1011 225  2.6 7 12.2  94    0    0 383 -411  2
4218500 2850500  8 14  5  18.2 1011 230  2.5 7 12.2  94    0    0 386 -410  2
4218500 2850500  8 14  6  18.1 1011 223  2.3 7 12.3  94    0   11 386 -408  2
4218500 2850500  8 14  7  18.8 1011 230  2.0 7 12.4  92    0   49 387 -410  2
4218500 2850500  8 14  8  19.1 1012 230  2.2 8 12.5  90    0   94 390 -419  2
4218500 2850500  8 14  9  19.8 1012 241  2.0 8 12.6  89    0  147 394 -432  2
4218500 2850500  8 14 10  20.6 1013 184  2.1 8 12.8  86    1  199 396 -448  2
4218500 2850500  8 14 11  21.6 1013 178  3.0 8 12.9  82    8  255 398 -468  2
4218500 2850500  8 14 12  23.1 1013 203  3.4 6 12.6  74   95  338 395 -483  2
4218500 2850500  8 14 13  25.0 1013 214  3.0 6 12.6  67  154  346 397 -493  2
4218500 2850500  8 14 14  26.3 1013 264  3.0 5 12.9  62  237  326 401 -501  2
4218500 2850500  8 14 15  27.3 1013 217  2.2 3 13.0  59  329  259 400 -504  2
4218500 2850500  8 14 16  27.1 1012 243  1.9 2 13.0  57  315  203 395 -502  2
4218500 2850500  8 14 17  27.6 1012 238  1.8 0 13.1  57  216  168 389 -495  2
4218500 2850500  8 14 18  27.3 1012 286  1.2 0 13.3  57  108  124 384 -482  2
4218500 2850500  8 14 19  26.5 1012  20  1.2 0 13.2  59   28   64 380 -468  2
4218500 2850500  8 14 20  24.0 1012  82  1.4 0 13.8  68    0    8 374 -455  2
4218500 2850500  8 14 21  23.1 1013  69  1.9 0 14.1  77    0    0 366 -443  2
4218500 2850500  8 14 22  22.0 1013  90  2.7 1 13.9  81    0    0 362 -434  2
4218500 2850500  8 14 23  21.3 1013  91  2.1 1 13.9  85    0    0 359 -429  2
4218500 2850500  8 14 24  21.1 1013  96  1.9 0 13.5  85    0    0 355 -424  2
4218500 2850500  8 15  1  19.8 1013 112  2.7 0 13.0  86    0    0 351 -420  2
4218500 2850500  8 15  2  20.1 1013 100  1.7 0 12.9  88    0    0 348 -416  2
4218500 2850500  8 15  3  18.5 1013  94  1.8 0 12.6  89    0    0 346 -413  2
4218500 2850500  8 15  4  18.2 1013 110  2.5 0 12.3  93    0    0 342 -411  2
4218500 2850500  8 15  5  17.8 1014  82  1.5 0 12.3  94    0    0 341 -409  2
4218500 2850500  8 15  6  19.0 1014  99  1.6 0 12.5  94   12   25 342 -407  2
4218500 2850500  8 15  7  20.5 1014 125  2.7 0 13.1  90   85   75 345 -411  2
4218500 2850500  8 15  8  23.0 1014 124  2.7 0 13.4  82  217  102 351 -422  2
4218500 2850500  8 15  9  25.4 1014 121  3.0 0 13.6  72  354  117 359 -440  2
4218500 2850500  8 15 10  27.5 1014 132  3.4 0 13.9  64  482  124 368 -460  2
4218500 2850500  8 15 11  29.4 1014 134  4.2 0 13.6  56  574  131 377 -479  2
4218500 2850500  8 15 12  31.1 1013 142  4.5 0 12.7  47  627  139 384 -495  2
4218500 2850500  8 15 13  31.9 1013 160  5.2 1 12.2  42  617  155 390 -508  2
4218500 2850500  8 15 14  33.6 1012 170  5.0 1 11.8  38  574  161 396 -516  2
4218500 2850500  8 15 15  33.6 1012 151  5.3 1 11.3  35  500  158 399 -518  2
4218500 2850500  8 15 16  34.1 1011 148  5.3 1 10.6  32  395  150 398 -517  2
4218500 2850500  8 15 17  34.0 1011 139  5.0 0 10.3  31  265  136 396 -509  2
4218500 2850500  8 15 18  33.4 1010 141  4.7 0 10.2  31  138  107 392 -498  2
4218500 2850500  8 15 19  31.8 1010 171  3.7 0 10.3  33   37   60 386 -485  2
4218500 2850500  8 15 20  29.7 1010 145  2.8 0 10.6  38    0    8 379 -472  2
4218500 2850500  8 15 21  28.6 1010 137  2.8 0 11.0  43    0    0 371 -461  2
4218500 2850500  8 15 22  27.5 1010 153  3.7 0 11.4  48    0    0 367 -453  2
4218500 2850500  8 15 23  26.4 1011 146  3.0 0 11.8  53    0    0 362 -446  2
4218500 2850500  8 15 24  25.4 1010 142  3.1 0 12.2  58    0    0 359 -441  2
4218500 2850500  8 16  1  24.8 1010 148  4.0 1 12.3  61    0    0 359 -436  2
4218500 2850500  8 16  2  23.8 1010 146  2.9 1 12.1  63    0    0 359 -432  2
4218500 2850500  8 16  3  23.6 1010 142  3.1 0 12.1  65    0    0 356 -429  2
4218500 2850500  8 16  4  22.4 1010 148  4.0 1 12.1  68    0    0 354 -426  2
4218500 2850500  8 16  5  22.2 1009 133  3.1 1 11.9  70    0    0 353 -422  2
4218500 2850500  8 16  6  22.6 1009 141  3.4 1 11.8  69   14   26 351 -420  2
4218500 2850500  8 16  7  22.9 1009 159  4.4 0 11.9  68   96   73 349 -421  2
4218500 2850500  8 16  8  24.6 1009 161  4.6 0 12.0  64  235   95 349 -430  2
4218500 2850500  8 16  9  26.6 1009 168  4.7 0 12.0  58  371  108 354 -445  2
4218500 2850500  8 16 10  27.9 1008 171  4.3 0 12.2  53  489  118 361 -463  2
4218500 2850500  8 16 11  30.2 1008 161  3.9 0 12.5  49  576  128 370 -481  2
4218500 2850500  8 16 12  31.6 1008 167  3.8 0 12.3  43  629  135 378 -497  2
4218500 2850500  8 16 13  33.3 1008 178  3.8 0 12.0  39  628  145 385 -509  2
4218500 2850500  8 16 14  34.4 1007 192  3.7 1 11.6  35  577  156 394 -517  2
4218500 2850500  8 16 15  34.0 1007 170  4.9 3 11.0  32  235  280 401 -520  2
4218500 2850500  8 16 16  34.4 1007 278  5.4 3 11.1  33   47  239 404 -518  2
4218500 2850500  8 16 17  32.0 1006 288  6.8 2 11.5  36  214  159 399 -510  2
4218500 2850500  8 16 18  31.1 1007 294  4.6 2 11.9  41  109  116 391 -500  2
4218500 2850500  8 16 19  29.6 1007 314  3.7 2 12.2  44   26   59 386 -487  2
4218500 2850500  8 16 20  27.0 1008 318  2.5 1 12.1  50    0    7 375 -473  2
4218500 2850500  8 16 21  26.0 1009 322  2.7 2 12.1  55    0    0 368 -461  2
4218500 2850500  8 16 22  24.7 1010 328  3.0 3 12.1  59    0    0 368 -454  2
4218500 2850500  8 16 23  24.1 1010   4  2.6 3 12.1  63    0    0 366 -449  2
4218500 2850500  8 16 24  23.1 1010 352  1.4 1 12.0  66    0    0 359 -445  2
4218500 2850500  8 17  1  22.5 1011 297  2.3 4 12.0  68    0    0 360 -441  2
4218500 2850500  8 17  2  22.0 1011 311  2.7 5 11.9  70    0    0 370 -438  2
4218500 2850500  8 17  3  20.7 1012 312  3.7 6 11.9  75    0    0 375 -434  2
4218500 2850500  8 17  4  20.5 1012 310  4.2 7 12.1  79    0    0 383 -430  2
4218500 2850500  8 17  5  20.0 1013 302  3.3 7 12.4  83    0    0 389 -427  2
4218500 2850500  8 17  6  20.5 1013 303  3.5 8 12.6  84    0    6 397 -425  2
4218500 2850500  8 17  7  19.0 1013 314  4.6 8 12.2  84    0   18 401 -429  2
4218500 2850500  8 17  8  18.2 1014 317  3.0 8 11.8  87    0   37 398 -438  2
4218500 2850500  8 17  9  18.3 1015 356  1.8 7 11.8  90    0   71 393 -443  2
4218500 2850500  8 17 10  18.7 1015 328  2.3 7 11.9  89    0  151 390 -446  2
4218500 2850500  8 17 11  19.2 1015 316  2.1 8 11.9  86    0  151 397 -456  2
4218500 2850500  8 17 12  20.4 1015 341  2.0 6 11.7  80  106  362 392 -467  2
4218500 2850500  8 17 13  22.2 1015 339  2.1 5 10.9  69  269  350 383 -472  2
4218500 2850500  8 17 14  23.5 1015 309  1.7 5 10.1  58  456  251 382 -476  2
4218500 2850500  8 17 15  24.2 1015 326  1.9 3  9.7  52  464  203 379 -478  2
4218500 2850500  8 17 16  24.1 1014 330  2.0 3  9.1  48  351  191 373 -476  2
4218500 2850500  8 17 17  23.6 1014 320  2.3 2  8.5  46  230  164 367 -470  2
4218500 2850500  8 17 18  23.4 1014 347  2.0 2  8.1  45  132  115 360 -458  2
4218500 2850500  8 17 19  22.1 1014 339  2.1 3  8.0  46   29   60 358 -445  2
4218500 2850500  8 17 20  20.6 1014  36  1.9 5  8.4  53    0    5 361 -435  2
4218500 2850500  8 17 21  19.5 1015  88  2.0 5  9.0  62    0    0 362 -426  2
4218500 2850500  8 17 22  18.9 1015  78  2.2 5  9.6  69    0    0 359 -418  2
4218500 2850500  8 17 23  18.5 1015  63  1.9 5 10.0  74    0    0 356 -413  2
4218500 2850500  8 17 24  17.7 1015  72  2.0 7 10.0  77    0    0 360 -408  2
4218500 2850500  8 18  1  17.4 1015  69  3.0 5  9.8  78    0    0 359 -404  2
4218500 2850500  8 18  2  16.7 1015  73  1.7 5  9.8  80    0    0 350 -401  2
4218500 2850500  8 18  3  16.5 1015  79  1.7 6  9.9  84    0    0 351 -399  2
4218500 2850500  8 18  4  15.9 1014  73  2.6 7 10.1  87    0    0 355 -395  2
4218500 2850500  8 18  5  15.4 1014  41  2.1 7 10.2  91    0    0 355 -392  2
4218500 2850500  8 18  6  16.6 1014  48  2.9 7 10.4  91    0   14 355 -390  2
4218500 2850500  8 18  7  16.9 1014  59  4.0 7 10.6  88    0   38 356 -393  2
4218500 2850500  8 18  8  17.4 1014  61  3.7 8 10.2  83    0   52 359 -403  2
4218500 2850500  8 18  9  17.4 1014  66  3.7 8 10.1  81    0   89 364 -417  2
4218500 2850500  8 18 10  17.3 1014  58  3.6 7 10.5  84    0  149 362 -433  2
4218500 2850500  8 18 11  17.3 1014  53  4.0 7 11.0  89    0  152 362 -451  2
4218500 2850500  8 18 12  17.0 1014  37  3.4 8 11.6  94    0   94 367 -465  2
4218500 2850500  8 18 13  17.4 1014  41  4.1 8 12.0  98    0  112 373 -474  2
4218500 2850500  8 18 14  18.2 1013  56  3.7 8 12.3  96    0  124 375 -478  2
4218500 2850500  8 18 15  18.3 1013  68  3.5 7 12.5  95    0  127 373 -478  2
4218500 2850500  8 18 16  18.8 1012  62  3.6 7 12.7  94    1  166 371 -475  2
4218500 2850500  8 18 17  19.1 1011  62  3.5 8 12.8  93    4  150 376 -468  2
4218500 2850500  8 18 18  18.9 1011  63  2.7 8 12.8  92    3   95 380 -457  2
4218500 2850500  8 18 19  18.7 1010  70  3.4 8 12.7  92    0   31 380 -445  2
4218500 2850500  8 18 20  18.4 1010  68  3.0 8 12.5  92    0    0 380 -434  2
4218500 2850500  8 18 21  18.3 1010  59  1.9 8 12.5  94    0    0 381 -423  2
4218500 2850500  8 18 22  17.7 1010  72  2.6 6 12.5  96    0    0 371 -416  2
4218500 2850500  8 18 23  18.2 1010  80  1.8 5 12.6  97    0    0 356 -411  2
4218500 2850500  8 18 24  18.4 1010  61  1.5 8 12.6  95    0    0 367 -405  2
4218500 2850500  8 19  1  18.6 1009  77  2.1 7 12.7  94    0    0 379 -399  2
4218500 2850500  8 19  2  18.7 1008  53  1.5 7 13.0  95    0    0 374 -396  2
4218500 2850500  8 19  3  18.8 1008  49  1.3 8 13.1  95    0    0 379 -393  2
4218500 2850500  8 19  4  18.5 1007  69  2.3 7 13.2  97    0    0 378 -390  2
4218500 2850500  8 19  5  18.5 1007  75  1.8 7 13.4  99    0    0 372 -389  2
4218500 2850500  8 19  6  18.6 1007  87  1.8 8 13.5  99    0   10 377 -390  2
4218500 2850500  8 19  7  18.9 1006 143  2.1 7 13.6  99    1   59 377 -394  2
4218500 2850500  8 19  8  19.0 1006 157  1.8 8 13.8  99    0  103 377 -404  2
4218500 2850500  8 19  9  19.6 1006 161  1.9 6 14.1  99   25  204 372 -415  2
4218500 2850500  8 19 10  20.9 1006 150  1.6 8 14.6  97    5  216 376 -426  2
4218500 2850500  8 19 11  21.5 1006 226  2.9 8 14.8  92    7  249 389 -437  2
4218500 2850500  8 19 12  22.4 1006 242  2.5 8 14.7  88   26  308 391 -449  2
4218500 2850500  8 19 13  22.5 1006 234  1.7 8 14.6  84   65  347 392 -460  2
4218500 2850500  8 19 14  23.3 1006 194  1.9 8 14.6  82   39  312 392 -469  2
4218500 2850500  8 19 15  24.4 1006 191  2.4 6 14.7  78  156  310 390 -474  2
4218500 2850500  8 19 16  24.7 1005 216  3.3 4 14.8  76  170  249 382 -475  2
4218500 2850500  8 19 17  25.1 1005 227  2.3 5 15.1  75   43  187 379 -472  2
4218500 2850500  8 19 18  24.4 1005 257  2.4 7 15.1  76    0   39 384 -465  2
4218500 2850500  8 19 19  20.3 1006 268  2.7 7 14.0  82    0   18 381 -456  2
4218500 2850500  8 19 20  19.6 1006 113  2.2 6 13.1  88    0    1 368 -447  2
4218500 2850500  8 19 21  18.8 1005 144  1.4 5 12.9  91    0    0 359 -439  2
4218500 2850500  8 19 22  18.1 1006 189  1.9 4 12.4  92    0    0 348 -433  2
4218500 2850500  8 19 23  17.6 1006 250  1.6 4 12.1  94    0    0 342 -428  2
4218500 2850500  8 19 24  17.3 1006 204  1.2 1 12.0  95    0    0 330 -426  2
4218500 2850500  8 20  1  16.8 1006 220  2.9 1 11.7  95    0    0 321 -425  2
4218500 2850500  8 20  2  16.5 1006 139  0.8 1 11.5  96    0    0 322 -425  2
4218500 2850500  8 20  3  15.5 1006 142  0.6 1 11.3  98    0    0 322 -425  2
4218500 2850500  8 20  4  16.0 1006 167  2.1 2 11.2  99    0    0 324 -424  2
4218500 2850500  8 20  5  15.8 1006 191  0.3 3 11.2  98    0    0 331 -420  2
4218500 2850500  8 20  6  16.5 1007 241  1.0 5 11.4  98    9   22 341 -417  2
4218500 2850500  8 20  7  18.2 1007 277  2.1 5 12.2  97   68   68 351 -419  2
4218500 2850500  8 20  8  19.5 1007 268  1.2 5 12.3  89   61  138 356 -429  2
4218500 2850500  8 20  9  21.2 1008 307  1.0 7 11.9  79   45  205 368 -444  2
4218500 2850500  8 20 10  22.4 1008 290  2.4 5 12.3  74  248  223 375 -463  2
4218500 2850500  8 20 11  24.3 1009 306  2.4 5 12.3  68  447  181 372 -481  2
4218500 2850500  8 20 12  25.9 1008 288  3.3 5 11.3  56  503  186 381 -490  2
4218500 2850500  8 20 13  26.8 1009 315  2.6 4 10.6  49  613  126 386 -490  2
4218500 2850500  8 20 14  27.1 1008 316  3.2 4  9.8  44  508  174 387 -485  2
4218500 2850500  8 20 15  26.5 1008 336  3.2 4  9.5  43  290  246 388 -478  2
4218500 2850500  8 20 16  25.4 1008 323  5.1 4  9.8  46  246  203 386 -471  2
4218500 2850500  8 20 17  24.2 1009 313  4.6 6 10.3  52   66  182 388 -464  2
4218500 2850500  8 20 18  23.0 1009 330  5.1 7 10.4  57   23  110 392 -456  2
4218500 2850500  8 20 19  21.7 1009 325  3.9 6 10.4  61   12   46 388 -446  2
4218500 2850500  8 20 20  21.0 1010 331  3.1 6 10.3  64    0    3 382 -440  2
4218500 2850500  8 20 21  20.0 1011 324  2.7 6 10.0  66    0    0 379 -435  2
4218500 2850500  8 20 22  19.1 1011 325  3.2 5 10.1  71    0    0 373 -433  2
4218500 2850500  8 20 23  18.7 1011 319  2.3 6 10.5  76    0    0 372 -430  2
4218500 2850500  8 20 24  18.7 1012 303  2.8 6 10.7  79    0    0 375 -428  2
4218500 2850500  8 21  1  18.2 1012 311  2.8 5 10.9  82    0    0 371 -426  2
4218500 2850500  8 21  2  17.9 1012 333  1.9 5 11.3  86    0    0 366 -425  2
4218500 2850500  8 21  3  18.5 1013 357  2.9 5 11.4  87    0    0 366 -423  2
4218500 2850500  8 21  4  18.5 1013   3  3.1 6 11.2  84    0    0 371 -421  2
4218500 2850500  8 21  5  18.1 1013   5  3.2 6 11.0  83    0    0 375 -419  2
4218500 2850500  8 21  6  18.0 1013 336  2.7 6 11.0  84    0    8 374 -417  2
4218500 2850500  8 21  7  18.4 1014 359  3.3 7 11.2  85    5   45 378 -418  2
4218500 2850500  8 21  8  19.5 1014  11  3.4 7 11.2  81    0   64 384 -422  2
4218500 2850500  8 21  9  19.5 1015  17  2.9 8 11.2  79    0  122 389 -431  2
4218500 2850500  8 21 10  19.7 1015  22  3.2 8 11.3  79    0  141 393 -442  2
4218500 2850500  8 21 11  21.0 1016  11  3.1 8 11.4  76    5  196 395 -450  2
4218500 2850500  8 21 12  21.6 1015  25  3.1 7 11.2  71   30  232 395 -454  2
4218500 2850500  8 21 13  22.1 1015 324  2.5 7 11.3  69   25  230 395 -454  2
4218500 2850500  8 21 14  22.4 1015 332  2.4 7 11.7  70   10  215 397 -454  2
4218500 2850500  8 21 15  21.9 1015   4  2.3 7 11.7  70    0  119 396 -462  2
4218500 2850500  8 21 16  22.0 1015  25  3.0 8 11.5  69    0   83 397 -466  2
4218500 2850500  8 21 17  21.9 1015  25  2.1 8 11.2  68    0   96 399 -464  2
4218500 2850500  8 21 18  21.6 1015  43  1.5 8 11.1  68   15   76 397 -461  2
4218500 2850500  8 21 19  21.2 1015  12  1.4 7 11.4  71   20   23 391 -453  2
4218500 2850500  8 21 20  21.0 1016  21  1.6 7 11.6  74    0    1 386 -442  2
4218500 2850500  8 21 21  20.8 1016  14  2.1 7 11.5  74    0    0 383 -432  2
4218500 2850500  8 21 22  20.3 1016  37  2.6 7 11.6  76    0    0 382 -425  2
4218500 2850500  8 21 23  19.8 1016  19  2.6 7 11.7  80    0    0 381 -420  2
4218500 2850500  8 21 24  19.4 1017 355  2.6 7 11.8  82    0    0 379 -417  2
4218500 2850500  8 22  1  18.9 1017  31  3.4 7 11.9  85    0    0 377 -414  2
4218500 2850500  8 22  2  18.7 1017 358  2.4 8 11.9  87    0    0 379 -411  2
4218500 2850500  8 22  3  18.7 1017 341  1.7 8 11.8  87    0    0 383 -408  2
4218500 2850500  8 22  4  18.4 1017 337  2.5 8 11.8  88    0    0 384 -405  2
4218500 2850500  8 22  5  17.5 1017 337  2.3 7 11.6  90    0    0 381 -402  2
4218500 2850500  8 22  6  18.2 1017 338  2.2 6 11.8  92    2   16 375 -399  2
4218500 2850500  8 22  7  18.8 1018   8  2.6 7 12.2  91   27   73 378 -401  2
4218500 2850500  8 22  8  19.7 1018 349  3.2 4 11.9  85  106  139 373 -413  2
4218500 2850500  8 22  9  20.6 1018  59  3.8 6 11.8  80  102  218 371 -431  2
4218500 2850500  8 22 10  21.9 1018 153  3.9 4 11.9  75  283  234 374 -451  2
4218500 2850500  8 22 11  23.3 1018  28  3.2 3 11.9  70  417  228 369 -467  2
4218500 2850500  8 22 12  24.6 1018   6  2.8 2 12.2  66  477  234 369 -485  2
4218500 2850500  8 22 13  25.5 1018  35  3.2 2 12.1  61  475  245 371 -499  2
4218500 2850500  8 22 14  26.5 1018  39  3.4 1 11.4  54  433  249 371 -499  2
4218500 2850500  8 22 15  26.6 1018 339  3.5 2 10.9  50  375  231 372 -494  2
4218500 2850500  8 22 16  27.1 1017  22  3.2 1 10.9  49  282  208 372 -492  2
4218500 2850500  8 22 17  26.5 1017  33  3.2 0 10.9  49  181  168 365 -485  2
4218500 2850500  8 22 18  25.3 1017  35  3.5 1 11.1  53   90  108 360 -474  2
4218500 2850500  8 22 19  24.2 1017  26  3.2 0 11.5  59   17   46 356 -461  2
4218500 2850500  8 22 20  22.6 1017  35  3.3 0 11.5  64    0    2 347 -447  2
4218500 2850500  8 22 21  21.8 1018  28  2.9 1 11.6  70    0    0 346 -436  2
4218500 2850500  8 22 22  20.5 1018  35  3.4 0 11.7  74    0    0 342 -428  2
4218500 2850500  8 22 23  19.1 1019  34  2.8 0 11.5  80    0    0 334 -422  2
4218500 2850500  8 22 24  18.7 1019  38  2.4 1 11.5  84    0    0 334 -417  2
4218500 2850500  8 23  1  18.3 1019  45  2.5 0 11.8  88    0    0 333 -412  2
4218500 2850500  8 23  2  17.8 1018  53  2.0 0 11.9  92    0    0 329 -408  2
4218500 2850500  8 23  3  17.5 1018  34  2.1 0 11.9  94    0    0 326 -404  2
4218500 2850500  8 23  4  17.0 1018  45  2.4 0 11.9  96    0    0 325 -400  2
4218500 2850500  8 23  5  16.8 1018  55  1.5 0 11.8  98    0    0 323 -397  2
4218500 2850500  8 23  6  17.2 1018  55  1.6 1 11.8  97    2   15 325 -395  2
4218500 2850500  8 23  7  18.3 1019  71  2.6 0 12.0  94   41   72 325 -397  2
4218500 2850500  8 23  8  19.7 1019  76  2.0 0 12.2  88  134  127 324 -406  2
4218500 2850500  8 23  9  21.6 1019  87  1.8 0 12.3  81  246  168 330 -421  2
4218500 2850500  8 23 10  23.1 1018  91  1.9 0 12.4  73  360  192 339 -440  2
4218500 2850500  8 23 11  25.0 1018  78  2.1 0 12.2  65  426  220 347 -458  2
4218500 2850500  8 23 12  26.0 1018  81  3.0 0 11.9  58  433  257 355 -473  2
4218500 2850500  8 23 13  26.9 1018 106  3.3 1 11.9  55  434  266 362 -483  2
4218500 2850500  8 23 14  26.9 1017  77  3.4 1 11.5  52  418  254 366 -487  2
4218500 2850500  8 23 15  27.7 1017  62  3.0 1 10.8  48  373  229 366 -486  2
4218500 2850500  8 23 16  27.8 1016  96  3.2 1 10.3  44  284  204 365 -483  2
4218500 2850500  8 23 17  27.5 1016  49  2.6 0 10.0  43  180  166 362 -475  2
4218500 2850500  8 23 18  26.5 1016  85  3.4 0 10.4  47   90  106 358 -463  2
4218500 2850500  8 23 19  24.8 1015  99  4.0 0 11.6  56   16   45 355 -451  2
4218500 2850500  8 23 20  23.3 1015  94  3.3 0 11.7  63    0    2 351 -440  2
4218500 2850500  8 23 21  21.9 1016  96  3.1 0 12.1  71    0    0 348 -430  2
4218500 2850500  8 23 22  20.7 1017  96  2.7 0 12.2  77    0    0 344 -424  2
4218500 2850500  8 23 23  19.6 1017  98  2.5 0 11.9  81    0    0 340 -418  2
4218500 2850500  8 23 24  18.6 1016  98  2.4 0 11.5  83    0    0 334 -413  2
4218500 2850500  8 24  1  17.8 1008  97  2.3 0 10.9  83    0    0 315 -426  2
4218500 2850500  8 24  2  17.0 1008  99  2.1 0 10.4  84    0    0 318 -424  2
4218500 2850500  8 24  3  16.4 1009 102  1.9 0 10.1  84    0    0 311 -423  2
4218500 2850500  8 24  4  16.0 1009 103  1.7 0 10.1  87    0    0 304 -420  2
4218500 2850500  8 24  5  16.2 1008 106  1.8 0 10.0  86    0    0 300 -419  2
4218500 2850500  8 24  6  15.6 1008 102  1.5 1  9.9  90    6   19 305 -417  2
4218500 2850500  8 24  7  17.5 1008 116  2.2 1 10.2  86   77   70 314 -417  2
4218500 2850500  8 24  8  19.5 1008 122  2.6 0 10.3  77  210   97 316 -418  2
4218500 2850500  8 24  9  21.8 1008 121  2.7 0 10.3  67  351  110 319 -419  2
4218500 2850500  8 24 10  23.9 1008 124  3.9 0 10.1  58  463  125 329 -420  2
4218500 2850500  8 24 11  24.9 1008 121  4.4 0 10.1  52  556  132 336 -425  2
4218500 2850500  8 24 12  26.0 1008 117  4.5 0 10.2  50  593  147 343 -430  2
4218500 2850500  8 24 13  27.0 1008 110  4.2 1 10.1  46  575  168 352 -445  2
4218500 2850500  8 24 14  27.4 1007 134  4.9 2  9.7  43  301  284 363 -466  2
4218500 2850500  8 24 15  27.1 1007 119  4.5 3  9.5  42  260  257 371 -476  2
4218500 2850500  8 24 16  27.0 1007 140  4.0 2  9.6  43  280  191 370 -479  2
4218500 2850500  8 24 17  27.2 1006 106  3.6 1  9.8  43  227  133 360 -473  2
4218500 2850500  8 24 18  27.1 1006 142  3.1 1 10.0  44   92   99 355 -462  2
4218500 2850500  8 24 19  26.1 1005 133  2.8 1 10.6  48   13   39 353 -450  2
4218500 2850500  8 24 20  24.3 1006 139  2.7 1 11.3  56    0    3 352 -440  2
4218500 2850500  8 24 21  23.4 1006  20  2.9 1 11.5  62    0    0 346 -435  2
4218500 2850500  8 24 22  22.6 1007 136  2.9 1 11.4  64    0    0 342 -432  2
4218500 2850500  8 24 23  21.7 1007 131  2.7 0 11.3  67    0    0 333 -430  2
4218500 2850500  8 24 24  20.9 1007 128  3.3 1 11.5  72    0    0 330 -427  2
4218500 2850500  8 25  1  20.3 1006 136  2.7 1 11.4  74    0    0 327 -425  2
4218500 2850500  8 25  2  19.9 1006 132  2.6 1 11.2  75    0    0 319 -422  2
4218500 2850500  8 25  3  19.5 1006 138  2.7 1 10.9  75    0    0 313 -420  2
4218500 2850500  8 25  4  18.9 1006 155  2.2 2 10.8  77    0    0 317 -419  2
4218500 2850500  8 25  5  18.4 1005 135  1.4 3 10.7  79    0    0 326 -415  2
4218500 2850500  8 25  6  17.9 1005 174  1.6 5 10.7  81    1   14 341 -410  2
4218500 2850500  8 25  7  18.0 1005 205  2.0 5 10.9  83   44   75 352 -410  2
4218500 2850500  8 25  8  19.4 1006 223  1.9 3 11.1  82   87  141 347 -416  2
4218500 2850500  8 25  9  21.3 1006 216  1.2 3 11.5  76  217  186 346 -426  2
4218500 2850500  8 25 10  23.6 1006 194  1.5 3 12.0  70  303  227 355 -436  2
4218500 2850500  8 25 11  25.3 1006 227  2.0 3 11.8  61  375  258 364 -445  2
4218500 2850500  8 25 12  26.6 1005 197  2.7 3 11.5  54  395  288 370 -450  2
4218500 2850500  8 25 13  27.2 1005 227  2.8 6 11.5  51  105  346 385 -453  2
4218500 2850500  8 25 14  25.3 1004 238  4.9 7 11.4  53    0   74 397 -454  2
4218500 2850500  8 25 15  19.2 1005 291  2.5 7 12.1  71    0   61 387 -456  2
4218500 2850500  8 25 16  19.7 1005 206  1.4 8 13.0  90    0   71 382 -458  2
4218500 2850500  8 25 17  19.9 1005 172  1.9 6 13.1  89    0   84 380 -455  2
4218500 2850500  8 25 18  21.1 1006 235  1.9 3 13.1  86   44  110 364 -448  2
4218500 2850500  8 25 19  20.4 1005 280  1.5 7 13.1  84   16   45 368 -440  2
4218500 2850500  8 25 20  20.1 1005 295  1.6 7 13.1  87    0    0 380 -433  2
4218500 2850500  8 25 21  19.7 1005 246  2.2 7 12.9  87    0    0 378 -426  2
4218500 2850500  8 25 22  19.2 1006 249  1.9 7 12.2  85    0    0 375 -420  2
4218500 2850500  8 25 23  18.3 1006 247  1.8 7 11.2  82    0    0 370 -414  2
4218500 2850500  8 25 24  17.8 1006 194  1.3 6 10.4  80    0    0 361 -408  2
4218500 2850500  8 26  1  17.2 1006 209  2.1 7 10.2  81    0    0 358 -406  2
4218500 2850500  8 26  2  17.1 1006 212  2.4 7  9.9  80    0    0 361 -404  2
4218500 2850500  8 26  3  16.6 1006 208  2.6 8  9.5  79    0    0 363 -403  2
4218500 2850500  8 26  4  16.1 1007 195  2.0 7  9.5  81    0    0 362 -403  2
4218500 2850500  8 26  5  16.0 1007 199  2.0 7  9.6  83    0    0 359 -403  2
4218500 2850500  8 26  6  15.6 1007 197  2.2 7  9.7  85    0    4 357 -400  2
4218500 2850500  8 26  7  15.5 1007 200  1.5 8  9.8  88    0   16 359 -400  2
4218500 2850500  8 26  8  15.6 1007 180  1.9 8 10.0  90    0   34 361 -407  2
4218500 2850500  8 26  9  16.1 1008 182  2.1 7 10.1  89    0   72 357 -419  2
4218500 2850500  8 26 10  16.4 1008 179  1.6 7 10.3  88    0  129 354 -435  2
4218500 2850500  8 26 11  17.5 1009 177  1.9 6 10.4  86   30  276 354 -451  2
4218500 2850500  8 26 12  19.0 1009 171  2.9 6 10.5  79  102  330 356 -461  2
4218500 2850500  8 26 13  20.0 1009 202  2.6 6 10.4  73  121  335 361 -468  2
4218500 2850500  8 26 14  20.8 1009 167  3.1 5 10.0  66  257  307 360 -470  2
4218500 2850500  8 26 15  22.1 1008 168  2.1 4  9.9  62  289  257 358 -469  2
4218500 2850500  8 26 16  21.7 1008 157  2.8 3 10.1  61  206  222 354 -464  2
4218500 2850500  8 26 17  21.7 1008 192  2.8 5 10.0  61   61  165 354 -459  2
4218500 2850500  8 26 18  20.9 1008 114  2.6 6 10.2  64   11   89 362 -454  2
4218500 2850500  8 26 19  20.5 1008 128  3.4 4 10.8  70    2   32 356 -445  2
4218500 2850500  8 26 20  19.4 1008 147  2.3 3 11.1  76    0    0 344 -435  2
4218500 2850500  8 26 21  18.7 1008 169  2.5 2 11.2  80    0    0 334 -425  2
4218500 2850500  8 26 22  17.9 1009 169  2.2 2 11.1  84    0    0 327 -418  2
4218500 2850500  8 26 23  17.2 1009 151  1.6 3 11.0  87    0    0 329 -410  2
4218500 2850500  8 26 24  16.9 1009 141  1.6 5 10.9  89    0    0 340 -404  2
4218500 2850500  8 27  1  16.6 1009 148  1.5 4 10.8  90    0    0 345 -401  2
4218500 2850500  8 27  2  16.1 1009 170  2.0 3 10.6  91    0    0 335 -398  2
4218500 2850500  8 27  3  15.5 1009 197  1.0 4 10.3  91    0    0 334 -395  2
4218500 2850500  8 27  4  15.1 1009 239  1.3 6 10.0  91    0    0 343 -392  2
4218500 2850500  8 27  5  15.0 1009 273  1.1 6  9.7  90    0    0 350 -390  2
4218500 2850500  8 27  6  15.1 1009 261  1.2 5  9.5  88    0    5 344 -388  2
4218500 2850500  8 27  7  15.6 1009 242  1.4 5  9.6  88   75   57 341 -388  2
4218500 2850500  8 27  8  16.8 1010 235  1.9 3  9.9  86  205   81 334 -396  2
4218500 2850500  8 27  9  18.6 1010 277  1.3 3  9.9  78  279  123 330 -412  2
4218500 2850500  8 27 10  19.8 1010 239  1.5 2  9.8  70  463  101 332 -431  2
4218500 2850500  8 27 11  21.4 1010 249  2.6 2  9.8  64  600   86 335 -448  2
4218500 2850500  8 27 12  22.5 1010 227  2.6 2  9.3  56  585  128 340 -462  2
4218500 2850500  8 27 13  22.4 1010 247  2.3 4  8.7  51  309  279 348 -469  2
4218500 2850500  8 27 14  22.6 1010 230  2.5 4  8.6  50  156  295 354 -471  2
4218500 2850500  8 27 15  23.8 1010 271  2.8 5  8.5  47  120  263 360 -473  2
4218500 2850500  8 27 16  24.1 1010 240  2.6 4  7.9  42  253  182 360 -473  2
4218500 2850500  8 27 17  24.3 1010 259  1.9 2  7.4  39  236  117 348 -465  2
4218500 2850500  8 27 18  23.9 1009 285  1.9 2  7.4  39  111   85 338 -454  2
4218500 2850500  8 27 19  22.8 1010 317  1.4 3  7.4  41   14   35 335 -443  2
4218500 2850500  8 27 20  21.0 1010 358  0.8 3  7.5  46    0    0 333 -434  2
4218500 2850500  8 27 21  19.5 1011  85  1.0 2  7.8  52    0    0 323 -425  2
4218500 2850500  8 27 22  18.1 1011 136  1.9 3  8.1  60    0    0 318 -416  2
4218500 2850500  8 27 23  17.1 1011 112  1.6 3  8.5  67    0    0 318 -410  2
4218500 2850500  8 27 24  16.4 1012 114  1.0 1  8.4  71    0    0 306 -407  2
4218500 2850500  8 28  1  15.5 1012 118  1.4 1  8.5  75    0    0 295 -406  2
4218500 2850500  8 28  2  14.8 1012 113  1.6 1  8.8  81    0    0 293 -406  2
4218500 2850500  8 28  3  14.4 1012 157  0.9 1  8.8  85    0    0 291 -406  2
4218500 2850500  8 28  4  14.3 1012 147  1.1 2  8.8  86    0    0 294 -407  2
4218500 2850500  8 28  5  13.7 1012 112  1.3 3  8.8  88    0    0 302 -406  2
4218500 2850500  8 28  6  14.6 1012 133  1.5 6  9.0  89    0    9 322 -405  2
4218500 2850500  8 28  7  14.9 1012 135  1.4 7  9.3  88    6   49 343 -406  2
4218500 2850500  8 28  8  16.3 1013 126  1.0 7  9.4  85    1   85 351 -409  2
4218500 2850500  8 28  9  17.4 1013 124  1.5 7  9.5  79   16  171 355 -415  2
4218500 2850500  8 28 10  18.5 1013 120  1.7 5  9.6  74  212  209 350 -419  2
4218500 2850500  8 28 11  20.1 1013 135  2.1 6  9.7  69  180  266 351 -423  2
4218500 2850500  8 28 12  21.1 1013 155  3.2 5  9.7  64  337  238 359 -433  2
4218500 2850500  8 28 13  22.4 1013 127  3.2 4  9.7  59  425  205 357 -439  2
4218500 2850500  8 28 14  21.5 1013 134  3.1 5  9.8  59   65  268 361 -443  2
4218500 2850500  8 28 15  21.1 1013 106  3.2 6  9.6  60   29  225 368 -448  2
4218500 2850500  8 28 16  21.4 1012 109  2.9 7  9.5  60    7  156 374 -449  2
4218500 2850500  8 28 17  20.6 1012  88  2.6 7 10.0  64   46  145 377 -448  2
4218500 2850500  8 28 18  20.3 1012  92  2.4 8 10.6  70    4   73 380 -443  2
4218500 2850500  8 28 19  20.0 1012  77  2.6 6 11.1  75    0   23 376 -437  2
4218500 2850500  8 28 20  19.5 1011  67  2.3 6 11.2  77    0    0 366 -430  2
4218500 2850500  8 28 21  19.3 1012  72  2.3 7 11.4  80    0    0 370 -424  2
4218500 2850500  8 28 22  18.5 1012  75  2.4 6 11.3  82    0    0 370 -420  2
4218500 2850500  8 28 23  18.4 1011  82  2.9 6 11.1  84    0    0 364 -418  2
4218500 2850500  8 28 24  17.7 1011  90  2.7 4 11.1  85    0    0 354 -417  2
4218500 2850500  8 29  1  17.6 1011  82  2.9 3 10.9  86    0    0 342 -414  2
4218500 2850500  8 29  2  16.6 1010  84  2.2 3 10.6  87    0    0 336 -411  2
4218500 2850500  8 29  3  16.4 1010  66  2.3 3 10.6  90    0    0 334 -410  2
4218500 2850500  8 29  4  16.2 1009  76  2.7 6 10.8  92    0    0 346 -409  2
4218500 2850500  8 29  5  15.8 1009  75  2.2 6 10.7  94    0    0 358 -408  2
4218500 2850500  8 29  6  15.6 1008  81  2.4 7 10.6  95    0    0 361 -407  2
4218500 2850500  8 29  7  16.1 1008  70  3.1 8 10.7  94    0   14 369 -408  2
4218500 2850500  8 29  8  16.0 1008  80  3.3 7 10.9  94    0   31 370 -410  2
4218500 2850500  8 29  9  16.2 1008  62  3.4 8 10.9  94    0   83 369 -410  2
4218500 2850500  8 29 10  16.6 1007  84  3.8 8 11.0  93    0  123 374 -408  2
4218500 2850500  8 29 11  17.2 1007  75  3.8 8 11.1  91    0  137 377 -410  2
4218500 2850500  8 29 12  18.3 1007  84  3.7 8 11.2  88    0  194 381 -413  2
4218500 2850500  8 29 13  19.5 1006  66  3.8 7 11.6  84   64  212 382 -418  2
4218500 2850500  8 29 14  20.4 1005  93  3.3 7 12.0  81    0  156 383 -428  2
4218500 2850500  8 29 15  21.0 1005 103  4.0 8 12.3  80    0  133 391 -438  2
4218500 2850500  8 29 16  21.4 1004 115  2.7 8 12.7  79    0  103 398 -439  2
4218500 2850500  8 29 17  21.4 1003 239  4.3 8 12.8  79    0   55 399 -437  2
4218500 2850500  8 29 18  19.5 1003 195  5.8 8 12.0  79    0   25 396 -425  2
4218500 2850500  8 29 19  17.3 1003 214  4.3 8 11.3  84    0    7 388 -410  2
4218500 2850500  8 29 20  16.4 1004 229  3.6 7 10.9  90    0    0 377 -403  2
4218500 2850500  8 29 21  16.2 1004 202  2.7 7 10.7  91    0    0 371 -400  2
4218500 2850500  8 29 22  16.0 1005 203  2.5 7 10.8  93    0    0 371 -396  2
4218500 2850500  8 29 23  15.7 1005 186  2.1 7 10.7  94    0    0 370 -393  2
4218500 2850500  8 29 24  15.3 1005 206  2.6 6 10.5  95    0    0 363 -391  2
4218500 2850500  8 30  1  14.7 1006 203  3.2 3 10.1  94    0    0 344 -391  2
4218500 2850500  8 30  2  14.1 1006 204  3.3 1  9.6  93    0    0 320 -391  2
4218500 2850500  8 30  3  13.6 1006 209  3.8 1  9.2  92    0    0 308 -390  2
4218500 2850500  8 30  4  13.2 1006 211  3.5 0  8.9  92    0    0 301 -389  2
4218500 2850500  8 30  5  12.8 1007 194  3.2 1  8.5  91    0    0 297 -387  2
4218500 2850500  8 30  6  12.4 1007 212  3.6 1  8.3  90    4   13 296 -385  2
4218500 2850500  8 30  7  12.9 1007 203  4.4 1  8.2  89   92   48 291 -386  2
4218500 2850500  8 30  8  13.9 1008 201  4.7 1  8.1  84  251   51 288 -391  2
4218500 2850500  8 30  9  14.9 1008 192  6.5 2  7.9  77  385   78 291 -401  2
4218500 2850500  8 30 10  16.1 1008 191  4.8 2  7.8  70  521   67 297 -416  2
4218500 2850500  8 30 11  17.6 1008 182  5.0 3  7.8  65  475  131 307 -432  2
4218500 2850500  8 30 12  19.0 1008 180  5.4 3  7.9  60  307  250 319 -447  2
4218500 2850500  8 30 13  19.9 1008 207  5.1 5  7.7  54  118  297 334 -457  2
4218500 2850500  8 30 14  20.9 1008 151  5.7 5  7.3  49  111  276 346 -463  2
4218500 2850500  8 30 15  21.7 1007  90  5.0 4  7.1  44  214  234 345 -464  2
4218500 2850500  8 30 16  21.6 1007 185  4.7 3  6.8  42  147  195 338 -458  2
4218500 2850500  8 30 17  21.6 1007 184  5.3 5  6.8  42   30  141 341 -450  2
4218500 2850500  8 30 18  21.0 1007 136  4.9 6  7.2  45    0   61 351 -440  2
4218500 2850500  8 30 19  20.0 1007 135  3.7 2  7.6  50    0   22 338 -427  2
4218500 2850500  8 30 20  18.7 1007 123  4.4 2  7.7  55    0    0 320 -415  2
4218500 2850500  8 30 21  18.3 1008 147  3.9 2  7.7  58    0    0 315 -406  2
4218500 2850500  8 30 22  17.4 1008 154  3.4 2  7.8  61    0    0 314 -401  2
4218500 2850500  8 30 23  16.7 1008 151  5.0 3  8.1  66    0    0 317 -399  2
4218500 2850500  8 30 24  16.4 1008 217  3.7 3  8.1  68    0    0 320 -398  2
4218500 2850500  8 31  1  15.6 1008 170  3.6 2  8.1  71    0    0 314 -399  2
4218500 2850500  8 31  2  14.4 1008 152  3.5 1  7.9  74    0    0 302 -398  2
4218500 2850500  8 31  3  13.7 1008 172  3.6 1  7.4  74    0    0 295 -396  2
4218500 2850500  8 31  4  14.1 1008 181  4.0 1  7.2  72    0    0 294 -394  2
4218500 2850500  8 31  5  13.1 1008 168  3.3 0  7.1  73    0    0 289 -393  2
4218500 2850500  8 31  6  13.7 1009 175  3.8 1  7.1  74    0    7 289 -393  2
4218500 2850500  8 31  7  14.4 1009 209  4.7 4  7.1  71    9   54 307 -394  2
4218500 2850500  8 31  8  14.8 1009 208  4.0 4  7.1  68   67  129 322 -396  2
4218500 2850500  8 31  9  15.9 1009 174  4.2 3  7.1  65  237  153 320 -399  2
4218500 2850500  8 31 10  18.0 1009 193  5.6 2  7.3  60  417  140 316 -406  2
4218500 2850500  8 31 11  19.4 1010 194  7.3 3  7.1  53  457  179 322 -413  2
4218500 2850500  8 31 12  19.5 1009 199  7.6 3  7.0  49  293  290 331 -416  2
4218500 2850500  8 31 13  20.7 1009 203  6.4 4  7.0  48  165  324 343 -417  2
4218500 2850500  8 31 14  20.5 1009 208  7.4 5  7.1  47  146  306 356 -416  2
4218500 2850500  8 31 15  19.2 1009 218  6.8 8  7.2  50    0  136 369 -413  2
4218500 2850500  8 31 16  18.4 1010 212  6.0 8  7.5  55    4  150 378 -407  2
4218500 2850500  8 31 17  18.1 1010 196  6.2 8  7.7  59    0   83 377 -399  2
4218500 2850500  8 31 18  18.3 1010 196  5.5 7  7.8  60    0   47 373 -394  2
4218500 2850500  8 31 19  17.8 1010 207  4.4 4  7.8  60    0   23 356 -392  2
4218500 2850500  8 31 20  17.0 1010 194  3.6 3  7.8  63    0    0 335 -390  2
4218500 2850500  8 31 21  16.3 1010 197  4.2 4  7.8  66    0    0 330 -388  2
4218500 2850500  8 31 22  15.6 1010 198  3.9 5  7.8  69    0    0 337 -387  2
4218500 2850500  8 31 23  15.0 1010 205  3.8 4  7.9  72    0    0 334 -385  2
4218500 2850500  8 31 24  14.6 1011 214  4.0 3  8.1  76    0    0 323 -384  2
4218500 2850500  9  1  1  13.9 1011 212  3.5 1  8.1  80    0    0 306 -382  2
4218500 2850500  9  1  2  13.5 1011 215  4.2 1  8.1  83    0    0 294 -381  2
4218500 2850500  9  1  3  13.2 1011 236  4.0 1  8.2  86    0    0 292 -380  2
4218500 2850500  9  1  4  13.0 1011 219  4.0 0  8.3  88    0    0 287 -378  2
4218500 2850500  9  1  5  13.0 1012 235  3.2 2  8.3  89    0    0 293 -376  2
4218500 2850500  9  1  6  12.8 1012 218  3.0 5  8.3  89    0    3 318 -374  2
4218500 2850500  9  1  7  13.6 1012 238  3.4 7  8.5  89    1   43 343 -375  2
4218500 2850500  9  1  8  14.7 1013 249  4.1 8  8.8  87    5   89 360 -380  2
4218500 2850500  9  1  9  16.0 1013 254  4.7 6  8.8  80   94  154 358 -387  2
4218500 2850500  9  1 10  16.5 1013 253  4.2 6  8.6  74   76  212 351 -393  2
4218500 2850500  9  1 11  17.8 1014 253  4.7 7  8.6  70    7  203 361 -399  2
4218500 2850500  9  1 12  17.9 1014 244  5.6 8  8.7  68    0  177 372 -407  2
4218500 2850500  9  1 13  19.1 1014 236  4.4 7  8.8  66   46  250 373 -413  2
4218500 2850500  9  1 14  18.5 1014 248  4.2 5  8.9  66  135  230 361 -412  2
4218500 2850500  9  1 15  19.6 1014 243  4.6 6  8.9  64  217  178 358 -407  2
4218500 2850500  9  1 16  18.4 1014 263  3.7 7  8.6  62   30  165 364 -402  2
4218500 2850500  9  1 17  18.2 1015 277  5.2 5  8.3  63  101  115 358 -399  2
4218500 2850500  9  1 18  17.4 1015 273  4.6 7  8.2  65   10   74 356 -396  2
4218500 2850500  9  1 19  16.0 1015 274  2.7 7  8.6  73    0   21 363 -392  2
4218500 2850500  9  1 20  15.4 1016 273  2.7 7  9.1  82    0    0 361 -387  2
4218500 2850500  9  1 21  15.1 1016 269  2.5 7  9.2  85    0    0 360 -385  2
4218500 2850500  9  1 22  15.1 1017 272  2.3 7  9.3  86    0    0 358 -385  2
4218500 2850500  9  1 23  14.7 1017 287  2.9 7  9.0  85    0    0 356 -384  2
4218500 2850500  9  1 24  13.9 1017 304  2.9 7  8.4  82    0    0 353 -384  2
4218500 2850500  9  2  1  13.7 1017 308  2.7 7  7.5  77    0    0 349 -384  2
4218500 2850500  9  2  2  13.2 1017 312  2.5 7  7.3  76    0    0 349 -384  2
4218500 2850500  9  2  3  12.3 1018 311  2.6 7  7.1  77    0    0 345 -384  2
4218500 2850500  9  2  4  12.2 1018 296  1.9 7  7.1  80    0    0 344 -382  2
4218500 2850500  9  2  5  11.9 1018 305  2.4 7  7.1  81    0    0 342 -379  2
4218500 2850500  9  2  6  11.6 1018 297  1.8 7  7.0  82    0    3 341 -377  2
4218500 2850500  9  2  7  12.1 1019 304  2.0 7  7.1  82    0   14 341 -375  2
4218500 2850500  9  2  8  12.7 1019 299  2.6 7  7.1  80    0   74 342 -379  2
4218500 2850500  9  2  9  13.1 1020 305  3.0 7  7.2  78   62  161 344 -387  2
4218500 2850500  9  2 10  14.5 1020 294  2.1 6  7.2  74  327   98 342 -398  2
4218500 2850500  9  2 11  15.8 1020 312  2.8 5  7.2  67  448   80 336 -412  2
4218500 2850500  9  2 12  17.0 1020 330  2.8 4  6.6  57  462  105 329 -423  2
4218500 2850500  9  2 13  17.7 1020 300  2.8 6  6.3  51  140  243 336 -430  2
4218500 2850500  9  2 14  17.8 1020 295  2.5 6  6.3  50   59  231 348 -434  2
4218500 2850500  9  2 15  18.2 1020 258  2.4 6  6.1  48   60  209 348 -435  2
4218500 2850500  9  2 16  18.2 1019 286  2.3 5  5.9  45  167  140 343 -434  2
4218500 2850500  9  2 17  17.6 1019 276  3.5 6  5.7  45   29  121 342 -429  2
4218500 2850500  9  2 18  17.4 1019 299  2.3 3  5.7  46   87   46 329 -419  2
4218500 2850500  9  2 19  16.9 1019 288  1.8 2  5.7  47    3   14 309 -407  2
4218500 2850500  9  2 20  15.0 1020 295  1.6 2  5.9  54    0    0 301 -397  2
4218500 2850500  9  2 21  13.7 1020 303  1.4 2  6.0  60    0    0 301 -392  2
4218500 2850500  9  2 22  12.5 1020 305  1.3 2  6.2  67    0    0 295 -390  2
4218500 2850500  9  2 23  12.2 1020 271  1.4 2  6.5  72    0    0 288 -387  2
4218500 2850500  9  2 24  12.3 1020 223  1.8 1  6.9  76    0    0 277 -385  2
4218500 2850500  9  3  1  12.7 1023 162  2.2 1  7.2  78    0    0 289 -381  2
4218500 2850500  9  3  2  13.0 1023 107  2.6 1  7.4  79    0    0 285 -379  2
4218500 2850500  9  3  3  13.0 1023  76  2.9 1  7.5  80    0    0 282 -376  2
4218500 2850500  9  3  4  12.6 1023  75  2.9 0  7.2  79    0    0 280 -373  2
4218500 2850500  9  3  5  12.9 1022  74  3.2 1  7.1  78    0    0 275 -370  2
4218500 2850500  9  3  6  12.1 1022  71  3.0 1  6.7  77    2    9 275 -368  2
4218500 2850500  9  3  7  13.7 1022  75  3.6 1  6.8  74   61   56 278 -368  2
4218500 2850500  9  3  8  16.1 1022  72  4.7 0  7.0  67  186   94 279 -375  2
4218500 2850500  9  3  9  18.1 1021  70  3.8 0  7.2  60  321  117 284 -389  2
4218500 2850500  9  3 10  20.0 1021  86  4.7 2  7.4  54  407  143 294 -407  2
4218500 2850500  9  3 11  20.5 1020  89  5.0 4  7.5  51  165  288 308 -425  2
4218500 2850500  9  3 12  21.2 1019  83  6.6 4  7.8  51  234  307 318 -439  2
4218500 2850500  9  3 13  22.2 1018  96  6.8 3  8.1  50  262  306 323 -448  2
4218500 2850500  9  3 14  23.5 1017 100  7.0 3  8.4  49  258  285 329 -454  2
4218500 2850500  9  3 15  24.1 1016 101  6.8 2  8.7  47  364  189 332 -456  2
4218500 2850500  9  3 16  23.9 1015 113  6.1 2  8.9  48  285  159 333 -455  2
4218500 2850500  9  3 17  23.2 1015 118  5.5 2  9.0  49  135  137 331 -448  2
4218500 2850500  9  3 18  22.5 1014 109  5.6 1  9.0  52   77   78 328 -438  2
4218500 2850500  9  3 19  21.2 1014 104  4.7 2  9.1  55    6   18 325 -425  2
4218500 2850500  9  3 20  20.1 1014 104  4.8 1  9.2  60    0    0 320 -412  2
4218500 2850500  9  3 21  19.7 1014 103  4.7 2  9.6  66    0    0 317 -404  2
4218500 2850500  9  3 22  19.4 1013 116  4.7 1  9.8  68    0    0 315 -398  2
4218500 2850500  9  3 23  18.5 1013 123  4.2 1  9.7  71    0    0 310 -393  2
4218500 2850500  9  3 24  17.9 1013 118  3.8 0  9.8  75    0    0 305 -389  2
4218500 2850500  9  4  1  17.7 1013 119  4.3 1 10.0  78    0    0 302 -387  2
4218500 2850500  9  4  2  17.4 1012 123  4.0 1  9.9  79    0    0 303 -384  2
4218500 2850500  9  4  3  16.6 1012 126  4.2 1  9.7  80    0    0 300 -382  2
4218500 2850500  9  4  4  16.2 1011 115  3.9 1  9.5  81    0    0 297 -380  2
4218500 2850500  9  4  5  15.6 1011 117  4.6 2  9.4  83    0    0 298 -378  2
4218500 2850500  9  4  6  16.0 1010 125  4.2 3  9.5  84    1    8 306 -377  2
4218500 2850500  9  4  7  16.8 1010 143  3.3 3  9.7  82   45   54 311 -379  2
4218500 2850500  9  4  8  18.6 1010 150  4.0 3  9.7  76  112  114 313 -387  2
4218500 2850500  9  4  9  20.9 1010 162  4.4 2  9.7  67  235  154 316 -404  2
4218500 2850500  9  4 10  23.0 1010 159  4.8 3  9.9  60  229  230 325 -425  2
4218500 2850500  9  4 11  24.2 1009 156  4.7 3  9.9  54  344  240 337 -445  2
4218500 2850500  9  4 12  25.0 1009 152  5.3 3  9.8  50  493  199 344 -463  2
4218500 2850500  9  4 13  26.3 1008 181  4.7 3  9.7  47  516  193 352 -477  2
4218500 2850500  9  4 14  26.9 1008 185  5.0 3  9.6  44  475  192 358 -485  2
4218500 2850500  9  4 15  26.9 1008 177  3.7 1  9.3  42  389  188 354 -488  2
4218500 2850500  9  4 16  26.9 1007 189  2.8 1  9.1  41  274  173 348 -486  2
4218500 2850500  9  4 17  25.7 1007 168  3.0 2  9.3  43  151  139 346 -479  2
4218500 2850500  9  4 18  23.9 1007 196  2.6 3  9.2  47   55   83 345 -466  2
4218500 2850500  9  4 19  22.3 1007 190  2.5 5  9.3  52    1   15 348 -449  2
4218500 2850500  9  4 20  20.2 1007 188  2.8 6  9.6  60    0    0 352 -434  2
4218500 2850500  9  4 21  19.0 1008 186  2.3 6  9.8  68    0    0 350 -424  2
4218500 2850500  9  4 22  18.9 1008 194  2.3 5 10.2  74    0    0 346 -416  2
4218500 2850500  9  4 23  18.9 1008 260  2.6 5 10.2  74    0    0 344 -411  2
4218500 2850500  9  4 24  17.2 1008 273  2.4 4 10.3  79    0    0 339 -407  2
4218500 2850500  9  5  1  17.4 1008 257  2.0 3 10.5  85    0    0 332 -403  2
4218500 2850500  9  5  2  16.2 1008 212  2.0 3 10.5  87    0    0 327 -400  2
4218500 2850500  9  5  3  15.8 1008 197  2.1 3 10.3  90    0    0 326 -397  2
4218500 2850500  9  5  4  15.2 1008 246  2.6 2 10.1  91    0    0 321 -396  2
4218500 2850500  9  5  5  15.0 1008 161  1.7 3 10.0  93    0    0 319 -397  2
4218500 2850500  9  5  6  14.6 1008 250  1.5 5  9.9  93    0    3 328 -395  2
4218500 2850500  9  5  7  15.3 1008 248  1.3 6 10.0  93   11   49 340 -395  2
4218500 2850500  9  5  8  17.4 1008 274  1.9 5 10.5  89   80  124 345 -401  2
4218500 2850500  9  5  9  19.4 1009 290  0.8 4 10.8  81  187  179 344 -415  2
4218500 2850500  9  5 10  21.4 1009 290  2.1 4 10.9  72  243  234 348 -431  2
4218500 2850500  9  5 11  23.0 1009 289  2.1 4 10.4  62  284  280 354 -445  2
4218500 2850500  9  5 12  23.4 1009 197  2.7 4 10.1  56  371  275 359 -456  2
4218500 2850500  9  5 13  24.2 1008 243  2.7 4  9.5  51  322  305 362 -463  2
4218500 2850500  9  5 14  24.5 1008 294  2.7 5  9.1  47  104  315 368 -466  2
4218500 2850500  9  5 15  24.0 1008 282  3.3 6  9.2  48   16  213 375 -467  2
4218500 2850500  9  5 16  24.1 1008 279  3.7 6  9.3  49  138  221 376 -467  2
4218500 2850500  9  5 17  23.6 1007 285  3.8 5  8.8  47   87  155 370 -461  2
4218500 2850500  9  5 18  22.6 1007 281  2.9 5  8.5  48   20   82 363 -452  2
4218500 2850500  9  5 19  21.7 1007 293  2.6 7  8.7  52    0   14 367 -442  2
4218500 2850500  9  5 20  20.4 1008 340  4.2 7  9.2  58    0    0 371 -432  2
4218500 2850500  9  5 21  19.8 1008 332  2.9 7  9.6  65    0    0 370 -423  2
4218500 2850500  9  5 22  18.9 1009 296  2.6 6  9.6  68    0    0 364 -418  2
4218500 2850500  9  5 23  17.6 1009 332  2.7 5  9.7  74    0    0 353 -416  2
4218500 2850500  9  5 24  16.4 1009 338  2.7 4 10.0  82    0    0 340 -414  2
4218500 2850500  9  6  1  15.2 1009 302  2.6 2  9.9  87    0    0 324 -410  2
4218500 2850500  9  6  2  14.6 1009 306  2.6 2  9.6  90    0    0 313 -407  2
4218500 2850500  9  6  3  14.1 1009 311  2.6 0  9.5  93    0    0 303 -407  2
4218500 2850500  9  6  4  13.5 1010 293  1.9 1  9.4  94    0    0 298 -403  2
4218500 2850500  9  6  5  14.0 1010 276  2.3 1  9.4  95    0    0 302 -401  2
4218500 2850500  9  6  6  13.8 1010 280  2.1 2  9.6  96    0    4 308 -400  2
4218500 2850500  9  6  7  14.0 1010 278  1.1 4  9.6  96   14   48 320 -399  2
4218500 2850500  9  6  8  15.7 1011 299  1.5 2  9.5  90   86  115 322 -402  2
4218500 2850500  9  6  9  17.9 1011 300  1.9 2  9.2  76  258  137 319 -412  2
4218500 2850500  9  6 10  19.8 1011 286  2.8 1  8.6  63  384  155 322 -424  2
4218500 2850500  9  6 11  20.9 1011 284  2.6 1  7.8  52  481  162 322 -436  2
4218500 2850500  9  6 12  21.6 1012 287  2.0 1  7.0  44  516  174 325 -447  2
4218500 2850500  9  6 13  22.7 1011 272  3.0 2  6.6  40  377  257 333 -456  2
4218500 2850500  9  6 14  22.7 1011 250  2.0 3  6.4  37  235  292 343 -460  2
4218500 2850500  9  6 15  23.1 1011 256  3.0 2  6.5  37  272  236 344 -461  2
4218500 2850500  9  6 16  22.9 1011 275  2.6 2  6.5  37   96  208 342 -458  2
4218500 2850500  9  6 17  22.0 1010 284  2.0 2  6.7  40   51  140 339 -451  2
4218500 2850500  9  6 18  21.0 1010 266  1.2 1  7.1  44   59   80 333 -440  2
4218500 2850500  9  6 19  19.9 1010 182  1.2 2  7.5  50    3   17 330 -427  2
4218500 2850500  9  6 20  16.0 1010 163  2.2 1  7.7  60    0    0 321 -416  2
4218500 2850500  9  6 21  15.7 1011 166  2.5 0  7.9  70    0    0 306 -408  2
4218500 2850500  9  6 22  15.3 1011 166  2.6 0  8.0  72    0    0 300 -402  2
4218500 2850500  9  6 23  15.3 1011 177  2.5 1  8.1  74    0    0 304 -397  2
4218500 2850500  9  6 24  15.9 1011 193  2.5 4  8.2  74    0    0 320 -393  2
4218500 2850500  9  7  1  16.1 1011 194  2.6 6  8.4  73    0    0 341 -391  2
4218500 2850500  9  7  2  14.6 1011 200  2.2 6  8.3  76    0    0 348 -388  2
4218500 2850500  9  7  3  14.8 1011 203  1.9 3  8.3  79    0    0 333 -387  2
4218500 2850500  9  7  4  13.0 1011 188  1.7 3  8.3  84    0    0 318 -385  2
4218500 2850500  9  7  5  12.3 1011 205  1.4 3  8.2  89    0    0 313 -381  2
4218500 2850500  9  7  6  12.8 1011 177  1.6 4  8.3  91    0    4 316 -379  2
4218500 2850500  9  7  7  13.0 1011 171  0.8 4  8.5  92   44   44 320 -379  2
4218500 2850500  9  7  8  14.8 1011 155  2.0 4  8.9  89   67  110 322 -386  2
4218500 2850500  9  7  9  16.6 1011 108  0.6 6  9.1  81   46  179 336 -402  2
4218500 2850500  9  7 10  18.9 1011 124  1.2 5  9.1  71  200  213 347 -420  2
4218500 2850500  9  7 11  21.6 1011 135  2.1 3  9.3  62  529  103 342 -437  2
4218500 2850500  9  7 12  23.3 1011 155  2.6 2  9.2  54  608   91 337 -452  2
4218500 2850500  9  7 13  24.0 1010 153  3.2 2  8.9  48  350  245 338 -464  2
4218500 2850500  9  7 14  24.0 1010 193  3.3 3  8.7  46  131  282 345 -469  2
4218500 2850500  9  7 15  23.8 1009 176  2.2 4  8.7  47  153  238 354 -460  2
4218500 2850500  9  7 16  24.3 1009 157  3.2 5  8.5  45  117  190 362 -450  2
4218500 2850500  9  7 17  22.9 1008 127  2.6 4  8.3  46   38  132 359 -449  2
4218500 2850500  9  7 18  21.6 1008 156  2.5 4  8.6  51   53   70 349 -445  2
4218500 2850500  9  7 19  20.1 1008 181  2.3 5  8.8  57    3   13 347 -435  2
4218500 2850500  9  7 20  17.7 1009 192  2.1 5  8.9  65    0    0 344 -426  2
4218500 2850500  9  7 21  16.5 1009 179  2.2 3  9.0  74    0    0 329 -418  2
4218500 2850500  9  7 22  15.8 1009 129  2.3 3  9.1  79    0    0 317 -411  2
4218500 2850500  9  7 23  15.5 1009 125  2.6 3  9.3  83    0    0 314 -406  2
4218500 2850500  9  7 24  16.2 1009 142  2.6 5  9.3  82    0    0 322 -402  2
4218500 2850500  9  8  1  14.9 1010 138  2.7 4  9.3  84    0    0 325 -398  2
4218500 2850500  9  8  2  14.8 1010 134  2.8 3  9.3  88    0    0 312 -394  2
4218500 2850500  9  8  3  14.6 1010 126  2.3 3  9.2  88    0    0 308 -391  2
4218500 2850500  9  8  4  14.2 1010 133  2.5 2  9.3  90    0    0 303 -389  2
4218500 2850500  9  8  5  14.1 1010 129  2.4 3  9.2  91    0    0 301 -387  2
4218500 2850500  9  8  6  13.4 1010 130  2.6 4  8.9  90    0    2 307 -385  2
4218500 2850500  9  8  7  14.4 1010 118  2.8 5  9.1  91   30   43 317 -386  2
4218500 2850500  9  8  8  16.4 1010 123  2.3 3  9.3  84  143   86 316 -393  2
4218500 2850500  9  8  9  18.7 1010 137  2.6 3  9.3  74  275  109 316 -408  2
4218500 2850500  9  8 10  21.3 1011 112  2.6 3  9.6  65  404  118 327 -427  2
4218500 2850500  9  8 11  23.4 1011 109  3.0 4  9.5  56  487  128 340 -446  2
4218500 2850500  9  8 12  24.4 1011 124  3.9 4  9.4  50  534  133 350 -461  2
4218500 2850500  9  8 13  25.3 1011 124  4.4 5  9.3  47  418  212 357 -472  2
4218500 2850500  9  8 14  25.5 1010 131  4.2 5  8.8  43  221  276 362 -477  2
4218500 2850500  9  8 15  25.2 1010  98  3.7 6  8.5  42   36  219 364 -477  2
4218500 2850500  9  8 16  25.5 1010 134  4.1 4  8.5  42   38  186 361 -472  2
4218500 2850500  9  8 17  24.6 1010 120  3.6 1  8.2  41  160  111 345 -464  2
4218500 2850500  9  8 18  22.9 1010 114  3.1 1  7.9  43   53   70 331 -453  2
4218500 2850500  9  8 19  20.5 1011  92  3.2 1  7.7  47    3   13 323 -440  2
4218500 2850500  9  8 20  19.5 1011  86  3.6 1  7.5  51    0    0 317 -427  2
4218500 2850500  9  8 21  18.6 1011  99  3.9 1  7.5  55    0    0 314 -419  2
4218500 2850500  9  8 22  18.4 1012 101  3.6 0  8.2  61    0    0 312 -413  2
4218500 2850500  9  8 23  17.3 1012  96  3.4 0  8.8  68    0    0 308 -409  2
4218500 2850500  9  8 24  17.0 1013  86  3.5 0  8.7  71    0    0 306 -405  2
4218500 2850500  9  9  1  16.7 1013  91  3.4 0  8.7  73    0    0 306 -402  2
4218500 2850500  9  9  2  16.4 1013  95  3.6 0  8.9  75    0    0 305 -399  2
4218500 2850500  9  9  3  15.9 1013  84  3.5 0  8.9  78    0    0 304 -397  2
4218500 2850500  9  9  4  15.5 1013  84  3.3 0  8.9  79    0    0 303 -395  2
4218500 2850500  9  9  5  15.5 1013  84  4.1 1  8.8  80    0    0 306 -393  2
4218500 2850500  9  9  6  15.2 1013  83  3.8 1  8.7  80    0    1 308 -391  2
4218500 2850500  9  9  7  15.8 1013  75  3.9 1  9.0  81   32   47 308 -390  2
4218500 2850500  9  9  8  16.6 1013  79  3.0 0  9.3  81  126  100 306 -396  2
4218500 2850500  9  9  9  20.1 1013  88  3.7 0 10.0  76  244  135 311 -409  2
4218500 2850500  9  9 10  22.0 1013  91  4.5 1 10.7  68  354  157 325 -426  2
4218500 2850500  9  9 11  23.8 1012  87  5.3 1 10.8  61  444  169 336 -443  2
4218500 2850500  9  9 12  25.0 1012  94  5.6 1 10.6  55  493  175 343 -458  2
4218500 2850500  9  9 13  25.6 1012 103  4.9 1 10.3  51  470  195 347 -469  2
4218500 2850500  9  9 14  26.2 1011 106  4.7 1  9.9  47  374  228 351 -475  2
4218500 2850500  9  9 15  26.1 1011  84  5.4 1  9.5  45  278  227 352 -477  2
4218500 2850500  9  9 16  25.8 1010 100  5.3 1  9.0  43  190  189 350 -473  2
4218500 2850500  9  9 17  25.2 1010  95  4.9 1  8.7  43  143  124 348 -467  2
4218500 2850500  9  9 18  23.5 1010  86  4.0 0  8.9  47   48   72 342 -457  2
4218500 2850500  9  9 19  21.5 1009  74  3.2 1  8.9  52    1   13 334 -445  2
4218500 2850500  9  9 20  20.7 1010  84  3.6 1  8.6  55    0    0 332 -434  2
4218500 2850500  9  9 21  20.2 1010  75  3.9 1  8.8  58    0    0 329 -425  2
4218500 2850500  9  9 22  19.7 1010  72  3.7 1  9.0  61    0    0 328 -418  2
4218500 2850500  9  9 23  19.9 1010  83  4.0 1  9.2  64    0    0 327 -414  2
4218500 2850500  9  9 24  19.4 1010  83  3.8 3  9.5  66    0    0 335 -409  2
4218500 2850500  9 10  1  19.2 1010  83  4.0 2  9.6  68    0    0 339 -405  2
4218500 2850500  9 10  2  18.5 1010  75  3.5 2  9.6  70    0    0 334 -400  2
4218500 2850500  9 10  3  17.9 1010  75  4.1 2  9.5  72    0    0 330 -397  2
4218500 2850500  9 10  4  17.6 1010  76  3.8 2  9.6  75    0    0 329 -393  2
4218500 2850500  9 10  5  17.0 1010  82  3.3 3  9.7  78    0    0 332 -391  2
4218500 2850500  9 10  6  16.3 1010  84  3.5 2  9.8  82    0    1 329 -387  2
4218500 2850500  9 10  7  16.9 1010  78  4.4 2  9.9  83   17   47 324 -386  2
4218500 2850500  9 10  8  17.8 1011  79  3.9 1 10.1  81   65  125 320 -391  2
4218500 2850500  9 10  9  19.8 1011  86  3.3 1 10.3  76  116  201 319 -404  2
4218500 2850500  9 10 10  21.5 1011  79  3.7 1 10.7  70  200  253 326 -422  2
4218500 2850500  9 10 11  23.4 1011  78  4.3 1 10.7  63  278  285 333 -439  2
4218500 2850500  9 10 12  24.8 1011  92  5.0 1 10.4  55  326  302 341 -454  2
4218500 2850500  9 10 13  25.8 1011  96  5.5 0 10.3  51  351  299 340 -465  2
4218500 2850500  9 10 14  26.1 1011 113  4.8 0 10.0  48  325  287 339 -472  2
4218500 2850500  9 10 15  26.3 1011  90  4.3 2  9.8  46  235  274 350 -473  2
4218500 2850500  9 10 16  25.9 1011  87  4.3 2  9.6  45  159  221 357 -469  2
4218500 2850500  9 10 17  25.1 1011  84  4.6 1  9.3  45   89  152 348 -461  2
4218500 2850500  9 10 18  23.8 1011  80  3.7 0  9.1  47   30   75 334 -449  2
4218500 2850500  9 10 19  21.4 1011  72  3.5 1  9.0  52    0   12 328 -436  2
4218500 2850500  9 10 20  20.1 1012  55  3.5 1  9.0  59    0    0 326 -425  2
4218500 2850500  9 10 21  18.9 1013  61  3.3 1  9.0  64    0    0 322 -417  2
4218500 2850500  9 10 22  18.3 1013  71  3.5 3  9.0  67    0    0 328 -411  2
4218500 2850500  9 10 23  18.3 1014  63  3.5 3  9.0  68    0    0 336 -406  2
4218500 2850500  9 10 24  18.7 1014  77  3.9 2  9.0  68    0    0 333 -401  2
4218500 2850500  9 11  1  17.9 1015  79  3.6 0  9.0  69    0    0 319 -397  2
4218500 2850500  9 11  2  16.8 1015  97  2.7 0  9.0  73    0    0 306 -393  2
4218500 2850500  9 11  3  16.0 1016  81  3.4 0  9.1  78    0    0 302 -389  2
4218500 2850500  9 11  4  16.3 1016  69  4.0 0  9.2  80    0    0 301 -386  2
4218500 2850500  9 11  5  16.3 1016  77  3.3 0  9.1  78    0    0 302 -384  2
4218500 2850500  9 11  6  16.1 1017  67  3.5 0  9.0  78    0    1 301 -382  2
4218500 2850500  9 11  7  16.6 1018  68  4.0 1  9.6  82   11   37 307 -382  2
4218500 2850500  9 11  8  17.2 1018  76  3.7 4 10.2  85   68  100 329 -387  2
4218500 2850500  9 11  9  18.9 1019  83  3.7 3 10.2  79  213  119 343 -398  2
4218500 2850500  9 11 10  20.7 1019  59  4.7 1 10.1  70  408   87 335 -411  2
4218500 2850500  9 11 11  22.1 1019  80  5.1 1  9.6  60  509   97 330 -422  2
4218500 2850500  9 11 12  21.4 1019  58  5.0 3  9.0  56  259  247 342 -429  2
4218500 2850500  9 11 13  21.8 1019  45  4.5 5  8.8  55   52  265 361 -436  2
4218500 2850500  9 11 14  21.7 1019  28  5.2 5  8.6  53   99  245 371 -445  2
4218500 2850500  9 11 15  22.8 1019  37  5.1 3  8.1  48  217  214 362 -448  2
4218500 2850500  9 11 16  22.4 1019  38  5.0 3  7.6  45  136  166 352 -446  2
4218500 2850500  9 11 17  21.6 1019  27  4.8 2  7.5  46  130  103 345 -438  2
4218500 2850500  9 11 18  21.0 1019  33  4.7 1  7.5  48   44   58 334 -428  2
4218500 2850500  9 11 19  20.0 1019  27  4.3 1  7.5  50    1   10 325 -416  2
4218500 2850500  9 11 20  19.0 1020  26  4.4 1  7.6  54    0    0 321 -406  2
4218500 2850500  9 11 21  17.7 1021  37  4.5 0  7.9  60    0    0 312 -398  2
4218500 2850500  9 11 22  16.9 1021  43  4.0 0  8.1  66    0    0 303 -392  2
4218500 2850500  9 11 23  15.8 1021  44  3.9 0  7.7  67    0    0 297 -387  2
4218500 2850500  9 11 24  15.1 1022  45  4.5 0  7.3  67    0    0 294 -382  2
4218500 2850500  9 12  1  13.9 1022  55  3.9 1  7.2  70    0    0 294 -377  2
4218500 2850500  9 12  2  13.1 1023  56  3.8 0  7.1  74    0    0 289 -373  2
4218500 2850500  9 12  3  12.0 1023  53  3.2 0  6.9  76    0    0 280 -368  2
4218500 2850500  9 12  4  11.3 1022  46  3.1 0  6.7  80    0    0 276 -364  2
4218500 2850500  9 12  5  11.1 1022  53  3.3 0  6.8  82    0    0 274 -362  2
4218500 2850500  9 12  6  10.6 1022  55  2.9 0  6.7  84    0    0 272 -359  2
4218500 2850500  9 12  7  11.8 1022  66  2.6 0  6.9  84   46   37 271 -359  2
4218500 2850500  9 12  8  13.5 1024  66  2.9 0  7.1  78  175   62 274 -365  2
4218500 2850500  9 12  9  15.5 1024  71  2.8 0  6.9  68  320   66 277 -377  2
4218500 2850500  9 12 10  17.6 1024  50  3.5 0  6.6  57  455   64 284 -394  2
4218500 2850500  9 12 11  19.0 1024  59  3.9 0  6.8  52  545   67 291 -410  2
4218500 2850500  9 12 12  20.0 1023  57  4.0 0  7.1  50  593   68 297 -424  2
4218500 2850500  9 12 13  21.0 1023  71  4.1 1  6.9  47  570   89 307 -434  2
4218500 2850500  9 12 14  21.3 1023  33  3.5 1  6.6  43  517   99 314 -440  2
4218500 2850500  9 12 15  21.8 1022  63  4.3 0  6.4  40  422  107 310 -441  2
4218500 2850500  9 12 16  21.5 1022  69  4.4 0  6.4  40  298  108 304 -437  2
4218500 2850500  9 12 17  20.7 1021  50  4.0 0  6.1  39  166   92 302 -430  2
4218500 2850500  9 12 18  19.4 1021  64  3.6 0  5.9  40   51   56 298 -420  2
4218500 2850500  9 12 19  17.2 1021  54  3.0 1  5.9  45    1   10 296 -409  2
4218500 2850500  9 12 20  16.3 1021  53  3.0 1  6.2  52    0    0 295 -399  2
4218500 2850500  9 12 21  15.3 1021  49  2.9 1  6.5  59    0    0 289 -392  2
4218500 2850500  9 12 22  14.6 1022  52  2.8 1  6.8  65    0    0 288 -387  2
4218500 2850500  9 12 23  14.0 1022  90  2.7 2  7.1  71    0    0 290 -381  2
4218500 2850500  9 12 24  13.5 1022 145  2.6 3  7.4  76    0    0 292 -376  2
4218500 2850500  9 13  1  13.1 1021 210  2.7 5  7.6  81    0    0 330 -392  2
4218500 2850500  9 13  2  12.9 1021 262  2.9 6  7.8  84    0    0 332 -391  2
4218500 2850500  9 13  3  13.0 1021 299  3.1 7  8.1  88    0    0 327 -390  2
4218500 2850500  9 13  4  13.0 1021 303  3.4 7  8.3  90    0    0 335 -388  2
4218500 2850500  9 13  5  13.0 1021 306  3.5 7  8.4  90    0    0 345 -385  2
4218500 2850500  9 13  6  13.0 1021 312  4.1 8  8.8  94    0    1 345 -379  2
4218500 2850500  9 13  7  13.0 1021 313  4.2 7  8.6  92   33   25 341 -372  2
4218500 2850500  9 13  8  13.1 1022 308  4.2 8  8.2  88   19   88 340 -373  2
4218500 2850500  9 13  9  14.0 1022 314  4.6 7  8.1  84   32  151 341 -382  2
4218500 2850500  9 13 10  14.2 1023 320  4.6 6  8.1  81   80  201 334 -395  2
4218500 2850500  9 13 11  15.4 1023 326  4.6 6  7.9  76   36  233 334 -409  2
4218500 2850500  9 13 12  16.0 1023 319  4.4 6  7.8  71    6  211 338 -420  2
4218500 2850500  9 13 13  16.6 1023 327  3.9 7  7.6  67    0  174 342 -428  2
4218500 2850500  9 13 14  17.6 1024 328  4.0 6  7.6  63   81  233 343 -431  2
4218500 2850500  9 13 15  17.8 1024 339  4.7 5  7.5  60  124  199 336 -431  2
4218500 2850500  9 13 16  17.8 1024 334  4.0 6  7.7  62   11  145 337 -429  2
4218500 2850500  9 13 17  17.8 1024   7  4.7 3  8.0  64  123   82 331 -423  2
4218500 2850500  9 13 18  16.9 1024 354  3.2 4  7.9  64   38   43 322 -413  2
4218500 2850500  9 13 19  15.8 1025 350  2.8 5  7.8  68    0    9 328 -402  2
4218500 2850500  9 13 20  16.1 1025 344  2.9 6  7.9  70    0    0 337 -393  2
4218500 2850500  9 13 21  16.2 1026 343  3.3 7  8.1  72    0    0 346 -386  2
4218500 2850500  9 13 22  16.1 1026   1  3.8 7  8.5  75    0    0 348 -381  2
4218500 2850500  9 13 23  15.6 1026   5  3.2 7  8.6  78    0    0 345 -376  2
4218500 2850500  9 13 24  15.4 1026 350  3.2 8  8.8  80    0    0 346 -372  2
4218500 2850500  9 14  1  15.3 1027 350  2.4 8  9.3  86    0    0 348 -368  2
4218500 2850500  9 14  2  15.1 1027 353  2.5 8  9.6  90    0    0 344 -364  2
4218500 2850500  9 14  3  15.1 1027 353  2.5 8  9.6  90    0    0 339 -361  2
4218500 2850500  9 14  4  15.0 1027 355  2.3 8  9.4  89    0    0 333 -359  2
4218500 2850500  9 14  5  14.8 1027 356  3.0 8  9.4  90    0    0 328 -357  2
4218500 2850500  9 14  6  14.8 1027 358  2.6 8  9.5  91    0    0 327 -356  2
4218500 2850500  9 14  7  15.0 1027   7  2.4 8  9.5  90   10   34 324 -356  2
4218500 2850500  9 14  8  15.4 1028  16  2.4 5  9.2  86   74   92 312 -361  2
4218500 2850500  9 14  9  15.5 1028  26  2.3 6  8.9  83   89  168 304 -375  2
4218500 2850500  9 14 10  16.1 1028  43  2.2 6  8.9  80   94  230 307 -392  2
4218500 2850500  9 14 11  17.5 1028  39  1.8 4  8.7  74  323  196 307 -410  2
4218500 2850500  9 14 12  18.2 1028  11  2.1 2  8.3  66  408  173 304 -426  2
4218500 2850500  9 14 13  19.7 1028  55  2.4 1  8.2  60  438  161 306 -436  2
4218500 2850500  9 14 14  20.0 1027  18  2.4 1  8.2  57  464  128 310 -442  2
4218500 2850500  9 14 15  20.0 1027  24  2.2 3  8.3  57  234  212 314 -443  2
4218500 2850500  9 14 16  20.2 1027  41  2.0 3  8.4  58  200  157 317 -440  2
4218500 2850500  9 14 17  19.8 1026  32  2.2 1  8.1  56  154   92 313 -433  2
4218500 2850500  9 14 18  18.3 1026  40  2.0 1  7.9  58   41   55 307 -422  2
4218500 2850500  9 14 19  16.5 1026  40  1.8 3  8.1  66    0    9 304 -408  2
4218500 2850500  9 14 20  14.2 1026  53  1.7 3  8.2  76    0    0 298 -397  2
4218500 2850500  9 14 21  13.4 1026  40  1.4 2  8.2  85    0    0 293 -391  2
4218500 2850500  9 14 22  13.0 1026  41  1.6 0  8.3  89    0    0 289 -386  2
4218500 2850500  9 14 23  12.3 1026  72  1.9 0  8.3  92    0    0 285 -381  2
4218500 2850500  9 14 24  11.8 1025 108  1.8 0  8.2  94    0    0 283 -376  2
4218500 2850500  9 15  1  11.0 1025 152  1.6 0  7.8  94    0    0 281 -373  2
4218500 2850500  9 15  2  10.7 1025 153  1.5 0  7.7  95    0    0 279 -370  2
4218500 2850500  9 15  3   9.7 1025 137  1.6 0  7.5  97    0    0 276 -369  2
4218500 2850500  9 15  4   9.8 1025 130  1.9 1  7.3  98    0    0 277 -367  2
4218500 2850500  9 15  5   9.4 1025 128  1.6 1  7.2  97    0    0 277 -365  2
4218500 2850500  9 15  6   9.1 1025 124  2.0 0  7.0  97    0    0 275 -364  2
4218500 2850500  9 15  7  10.1 1024 137  1.7 1  7.1  96   29   37 276 -365  2
4218500 2850500  9 15  8  12.3 1024 137  0.9 1  7.7  94  127   83 282 -370  2
4218500 2850500  9 15  9  16.0 1026 154  1.6 2  7.8  78  241  113 291 -384  2
4218500 2850500  9 15 10  18.0 1025 153  2.4 3  7.0  59  342  136 301 -402  2
4218500 2850500  9 15 11  18.9 1025 145  2.9 3  6.7  51  440  143 308 -421  2
4218500 2850500  9 15 12  20.1 1025 158  3.0 4  6.9  49  372  202 314 -437  2
4218500 2850500  9 15 13  20.8 1024 192  3.5 4  6.8  46  395  194 319 -449  2
4218500 2850500  9 15 14  21.4 1024 203  3.2 4  6.8  44  463  141 324 -456  2
4218500 2850500  9 15 15  21.7 1023 191  3.1 4  6.7  42  363  144 326 -458  2
4218500 2850500  9 15 16  21.6 1022 181  2.7 5  6.7  42  191  163 328 -455  2
4218500 2850500  9 15 17  20.7 1022 229  1.7 6  6.6  43   98  115 328 -448  2
4218500 2850500  9 15 18  19.3 1022 214  1.7 6  6.5  45   24   53 325 -436  2
4218500 2850500  9 15 19  17.0 1022 151  1.3 7  6.8  52    0    6 322 -422  2
4218500 2850500  9 15 20  15.4 1021 164  1.6 7  7.1  62    0    0 318 -411  2
4218500 2850500  9 15 21  13.9 1021 160  1.2 6  7.3  71    0    0 313 -404  2
4218500 2850500  9 15 22  13.4 1021 173  2.2 6  7.5  77    0    0 311 -399  2
4218500 2850500  9 15 23  12.9 1021 188  2.2 6  7.6  82    0    0 310 -395  2
4218500 2850500  9 15 24  12.4 1021 203  2.0 7  7.6  84    0    0 312 -391  2
4218500 2850500  9 16  1  11.7 1020 200  1.9 8  7.5  86    0    0 315 -388  2
4218500 2850500  9 16  2  11.9 1020 209  1.9 7  7.5  88    0    0 316 -385  2
4218500 2850500  9 16  3  11.5 1020 260  1.3 7  7.5  88    0    0 315 -383  2
4218500 2850500  9 16  4  10.4 1019 269  1.0 7  7.3  90    0    0 313 -382  2
4218500 2850500  9 16  5  10.9 1018 141  0.4 8  7.4  93    0    0 316 -382  2
4218500 2850500  9 16  6  11.3 1018 195  2.5 7  7.6  92    0    0 320 -384  2
4218500 2850500  9 16  7  11.9 1018 222  1.3 7  7.7  90    0   16 322 -386  2
4218500 2850500  9 16  8  13.5 1018 225  1.4 7  7.7  84    4   87 324 -392  2
4218500 2850500  9 16  9  15.3 1018 218  1.5 7  7.6  75   25  166 328 -403  2
4218500 2850500  9 16 10  17.0 1018 227  1.8 6  7.7  68  116  226 331 -419  2
4218500 2850500  9 16 11  18.6 1018 283  2.0 5  8.1  64  193  256 335 -436  2
4218500 2850500  9 16 12  20.5 1018 286  2.9 5  8.1  57  340  207 340 -450  2
4218500 2850500  9 16 13  21.1 1018 270  3.9 4  7.8  51  401  183 344 -460  2
4218500 2850500  9 16 14  21.7 1017 273  4.1 4  7.9  50  429  150 345 -466  2
4218500 2850500  9 16 15  22.1 1017 278  4.3 1  8.0  49  405  118 344 -469  2
4218500 2850500  9 16 16  22.3 1017 285  4.0 1  8.1  48  289  109 342 -467  2
4218500 2850500  9 16 17  22.0 1016 288  4.6 1  8.0  48  146   94 342 -461  2
4218500 2850500  9 16 18  20.1 1016 287  3.1 1  7.5  48   35   53 339 -450  2
4218500 2850500  9 16 19  17.9 1016 279  2.7 2  7.6  56    0    8 333 -438  2
4218500 2850500  9 16 20  16.3 1017 267  3.1 2  8.0  66    0    0 325 -429  2
4218500 2850500  9 16 21  15.1 1017 288  2.8 2  8.1  73    0    0 318 -424  2
4218500 2850500  9 16 22  13.8 1017 263  3.1 1  8.1  80    0    0 311 -420  2
4218500 2850500  9 16 23  13.0 1017 256  2.7 2  8.2  85    0    0 308 -416  2
4218500 2850500  9 16 24  12.9 1017 264  3.0 3  8.2  88    0    0 309 -413  2
4218500 2850500  9 17  1  13.0 1017 264  2.9 3  8.3  90    0    0 309 -411  2
4218500 2850500  9 17  2  12.7 1017 265  2.8 3  8.4  91    0    0 308 -408  2
4218500 2850500  9 17  3  12.3 1017 257  2.7 3  8.3  92    0    0 306 -404  2
4218500 2850500  9 17  4  12.0 1017 267  2.9 2  8.2  93    0    0 302 -399  2
4218500 2850500  9 17  5  12.1 1017 270  3.3 3  8.1  92    0    0 301 -394  2
4218500 2850500  9 17  6  12.6 1017 281  3.0 6  8.1  91    0    0 308 -389  2
4218500 2850500  9 17  7  13.2 1017 279  3.0 7  8.3  89    9   30 317 -384  2
4218500 2850500  9 17  8  13.1 1017 299  2.9 6  8.4  89   55   96 316 -386  2
4218500 2850500  9 17  9  14.5 1018 288  2.4 8  8.8  89   13  158 318 -397  2
4218500 2850500  9 17 10  16.3 1018 291  3.5 6  9.2  84  121  232 324 -412  2
4218500 2850500  9 17 11  16.7 1019 295  3.7 5  9.4  81  171  271 324 -428  2
4218500 2850500  9 17 12  18.6 1019 312  3.7 4  9.4  75  176  291 325 -442  2
4218500 2850500  9 17 13  19.1 1019 293  3.7 3  8.9  66  342  218 324 -453  2
4218500 2850500  9 17 14  20.2 1018 303  3.4 2  8.3  58  446  156 322 -460  2
4218500 2850500  9 17 15  20.5 1018 287  3.5 0  7.8  52  360  148 319 -462  2
4218500 2850500  9 17 16  20.6 1018 284  2.8 0  7.5  50  245  135 316 -459  2
4218500 2850500  9 17 17  20.3 1018 310  2.7 0  7.7  51  126  103 316 -452  2
4218500 2850500  9 17 18  18.5 1017 302  1.9 1  7.7  55   28   51 314 -440  2
4218500 2850500  9 17 19  16.5 1017 357  1.1 2  7.7  62    0    5 310 -426  2
4218500 2850500  9 17 20  14.9 1017 346  0.6 1  7.8  71    0    0 304 -415  2
4218500 2850500  9 17 21  12.8 1018  11  0.2 1  7.9  80    0    0 295 -408  2
4218500 2850500  9 17 22  12.2 1018 151  1.2 1  7.9  88    0    0 290 -403  2
4218500 2850500  9 17 23  12.3 1018 150  2.2 1  7.9  90    0    0 288 -399  2
4218500 2850500  9 17 24  12.1 1018 156  2.1 1  8.0  91    0    0 286 -396  2
4218500 2850500  9 18  1  12.7 1018 178  2.6 2  8.1  91    0    0 287 -393  2
4218500 2850500  9 18  2  11.7 1018 172  2.5 3  7.9  89    0    0 289 -390  2
4218500 2850500  9 18  3  11.1 1018 175  2.5 2  7.6  91    0    0 286 -388  2
4218500 2850500  9 18  4  12.0 1017 156  2.7 2  7.7  91    0    0 286 -386  2
4218500 2850500  9 18  5  11.2 1017 150  2.7 2  7.8  91    0    0 286 -384  2
4218500 2850500  9 18  6  11.8 1017 162  3.0 3  7.7  91    0    0 288 -384  2
4218500 2850500  9 18  7  12.7 1017 161  2.7 4  7.8  88   18   34 292 -384  2
4218500 2850500  9 18  8  14.4 1017 178  2.3 3  8.1  84  128   79 297 -388  2
4218500 2850500  9 18  9  17.0 1017 173  2.9 3  8.2  74  248  104 301 -399  2
4218500 2850500  9 18 10  20.9 1017 178  3.2 2  7.9  58  365  119 310 -416  2
4218500 2850500  9 18 11  23.1 1016 165  3.8 2  7.6  46  447  128 319 -434  2
4218500 2850500  9 18 12  24.7 1016 197  3.7 2  7.3  40  376  190 328 -450  2
4218500 2850500  9 18 13  25.8 1015 195  4.0 3  7.3  37  375  191 335 -463  2
4218500 2850500  9 18 14  26.8 1015 205  4.4 4  7.2  34  447  136 344 -471  2
4218500 2850500  9 18 15  26.9 1014 208  4.4 4  6.9  31  318  158 347 -474  2
4218500 2850500  9 18 16  27.2 1013 217  4.8 4  6.4  29  215  137 347 -472  2
4218500 2850500  9 18 17  26.7 1013 205  3.7 2  6.1  27  122   98 343 -464  2
4218500 2850500  9 18 18  25.2 1013 192  3.4 1  6.3  30   28   47 335 -453  2
4218500 2850500  9 18 19  23.0 1013 186  3.0 1  6.8  36    0    4 328 -440  2
4218500 2850500  9 18 20  21.4 1013 188  3.5 2  7.1  42    0    0 323 -429  2
4218500 2850500  9 18 21  20.1 1013 188  3.1 1  7.3  48    0    0 317 -421  2
4218500 2850500  9 18 22  18.5 1013 211  2.4 0  7.5  54    0    0 310 -416  2
4218500 2850500  9 18 23  16.0 1013 265  1.9 0  7.7  62    0    0 302 -411  2
4218500 2850500  9 18 24  14.7 1013 187  2.3 0  7.8  71    0    0 296 -407  2
4218500 2850500  9 19  1  12.4 1013 176  2.7 0  7.7  80    0    0 290 -404  2
4218500 2850500  9 19  2  12.2 1013 176  3.2 0  7.6  85    0    0 286 -401  2
4218500 2850500  9 19  3  11.7 1013 192  2.7 0  7.5  86    0    0 285 -398  2
4218500 2850500  9 19  4  11.5 1013 196  3.1 0  7.4  87    0    0 282 -396  2
4218500 2850500  9 19  5  11.9 1013 200  3.4 0  7.4  86    0    0 283 -394  2
4218500 2850500  9 19  6  11.8 1013 199  3.2 0  7.3  84    0    0 282 -392  2
4218500 2850500  9 19  7  12.6 1013 189  3.1 0  7.3  82   27   34 282 -392  2
4218500 2850500  9 19  8  15.6 1013 213  3.5 0  7.2  72  124   75 285 -397  2
4218500 2850500  9 19  9  19.1 1013 215  3.7 0  7.0  57  257   95 293 -409  2
4218500 2850500  9 19 10  22.1 1013 234  3.7 0  7.3  48  377  107 303 -428  2
4218500 2850500  9 19 11  24.3 1013 258  4.4 0  7.7  43  466  113 313 -448  2
4218500 2850500  9 19 12  26.3 1013 246  5.0 0  7.7  38  385  179 321 -468  2
4218500 2850500  9 19 13  27.9 1013 238  6.0 0  7.6  34  393  177 329 -483  2
4218500 2850500  9 19 14  28.6 1013 261  5.8 0  7.7  32  475  116 336 -491  2
4218500 2850500  9 19 15  28.7 1013 257  6.1 0  7.8  32  375  120 339 -492  2
4218500 2850500  9 19 16  28.2 1013 259  6.2 0  7.8  32  251  114 340 -488  2
4218500 2850500  9 19 17  27.3 1013 249  4.1 0  7.7  33  123   92 338 -480  2
4218500 2850500  9 19 18  25.4 1013 274  3.2 0  7.6  35   25   43 335 -468  2
4218500 2850500  9 19 19  21.9 1014 274  2.5 1  7.8  43    0    3 327 -454  2
4218500 2850500  9 19 20  19.0 1014 256  2.1 1  8.3  55    0    0 318 -444  2
4218500 2850500  9 19 21  17.6 1015 297  2.1 0  8.7  66    0    0 310 -437  2
4218500 2850500  9 19 22  16.1 1015 304  2.0 0  9.0  75    0    0 305 -430  2
4218500 2850500  9 19 23  15.3 1016 252  1.7 0  9.0  81    0    0 302 -424  2
4218500 2850500  9 19 24  14.3 1016 268  1.5 0  9.0  86    0    0 300 -420  2
4218500 2850500  9 20  1  14.3 1016   2  0.3 0  8.9  88    0    0 299 -415  2
4218500 2850500  9 20  2  14.1 1016  80  1.1 0  8.9  88    0    0 300 -411  2
4218500 2850500  9 20  3  13.1 1016 138  1.6 0  8.8  91    0    0 298 -408  2
4218500 2850500  9 20  4  12.5 1016 174  2.3 0  8.6  93    0    0 295 -405  2
4218500 2850500  9 20  5  12.0 1017 144  1.5 1  8.4  94    0    0 294 -400  2
4218500 2850500  9 20  6  12.3 1017 126  2.1 3  8.3  94    0    0 295 -396  2
4218500 2850500  9 20  7  12.9 1017 118  1.9 5  8.6  94   10   25 298 -393  2
4218500 2850500  9 20  8  15.5 1018  99  1.7 3  9.1  90   87   76 302 -397  2
4218500 2850500  9 20  9  19.0 1018 119  1.9 4  9.0  74  200  108 311 -411  2
4218500 2850500  9 20 10  21.8 1018 123  2.3 5  8.8  59  312  123 322 -431  2
4218500 2850500  9 20 11  24.4 1018 135  2.4 5  8.5  48  362  152 333 -452  2
4218500 2850500  9 20 12  25.8 1018 145  2.3 5  8.3  42  289  210 342 -469  2
4218500 2850500  9 20 13  26.9 1018 141  2.5 6  8.2  39  286  217 349 -482  2
4218500 2850500  9 20 14  28.0 1017 174  2.7 6  8.1  35  319  190 356 -490  2
4218500 2850500  9 20 15  28.7 1017 172  2.9 5  7.7  32  249  176 358 -492  2
4218500 2850500  9 20 16  28.9 1016 186  2.9 4  7.2  29  166  144 354 -488  2
4218500 2850500  9 20 17  27.8 1016 259  2.3 5  7.2  30   87   94 352 -478  2
4218500 2850500  9 20 18  24.8 1016 316  1.6 6  7.9  37   15   35 346 -462  2
4218500 2850500  9 20 19  21.1 1016  15  0.6 4  8.5  49    0    1 333 -442  2
4218500 2850500  9 20 20  18.7 1016  58  1.4 2  9.0  62    0    0 321 -429  2
4218500 2850500  9 20 21  17.0 1016 116  1.7 0  9.1  71    0    0 312 -426  2
4218500 2850500  9 20 22  15.8 1016 156  2.4 0  9.0  77    0    0 306 -422  2
4218500 2850500  9 20 23  15.2 1016 166  2.4 0  9.0  82    0    0 303 -418  2
4218500 2850500  9 20 24  14.4 1016 166  2.6 0  9.0  85    0    0 301 -416  2
4218500 2850500  9 21  1  14.6 1015 179  2.8 0  8.9  86    0    0 300 -413  2
4218500 2850500  9 21  2  13.5 1015 184  3.0 0  8.6  86    0    0 297 -411  2
4218500 2850500  9 21  3  13.4 1014 179  3.1 0  8.4  87    0    0 295 -408  2
4218500 2850500  9 21  4  12.8 1014 177  3.1 0  8.1  86    0    0 293 -404  2
4218500 2850500  9 21  5  12.1 1014 177  3.1 0  8.0  88    0    0 291 -402  2
4218500 2850500  9 21  6  12.2 1013 179  3.3 0  7.8  89    0    0 290 -399  2
4218500 2850500  9 21  7  14.4 1013 182  3.3 0  7.7  81   22   31 292 -397  2
4218500 2850500  9 21  8  16.9 1013 198  3.8 0  7.7  69  116   74 297 -400  2
4218500 2850500  9 21  9  20.2 1013 211  3.7 0  7.7  58  245   98 304 -411  2
4218500 2850500  9 21 10  24.0 1012 220  4.7 0  7.8  47  361  112 315 -430  2
4218500 2850500  9 21 11  26.7 1012 248  5.8 0  7.9  39  443  120 327 -450  2
4218500 2850500  9 21 12  27.5 1012 250  7.1 0  7.5  34  360  186 333 -469  2
4218500 2850500  9 21 13  27.7 1012 265  7.2 0  7.2  31  357  190 335 -485  2
4218500 2850500  9 21 14  27.7 1012 277  7.5 0  7.1  31  437  132 337 -495  2
4218500 2850500  9 21 15  26.6 1012 276  7.1 0  7.4  33  351  125 337 -498  2
4218500 2850500  9 21 16  25.4 1012 281  7.1 0  7.8  37  238  110 335 -493  2
4218500 2850500  9 21 17  24.4 1012 289  5.9 0  7.7  39  116   85 331 -483  2
4218500 2850500  9 21 18  22.6 1013 290  4.7 0  7.1  39   22   36 326 -468  2
4218500 2850500  9 21 19  19.5 1013 298  3.7 1  6.2  40    0    1 317 -453  2
4218500 2850500  9 21 20  17.1 1014 308  3.7 0  6.0  46    0    0 307 -443  2
4218500 2850500  9 21 21  14.9 1014 301  2.6 0  6.4  56    0    0 300 -436  2
4218500 2850500  9 21 22  13.4 1015 334  2.5 0  6.7  67    0    0 296 -430  2
4218500 2850500  9 21 23  12.4 1015   5  1.7 0  6.8  74    0    0 293 -425  2
4218500 2850500  9 21 24  11.6 1015 154  1.1 0  6.8  78    0    0 291 -421  2
4218500 2850500  9 22  1  11.1 1015 136  1.4 0  6.9  82    0    0 289 -416  2
4218500 2850500  9 22  2  11.0 1014 166  2.4 0  7.0  86    0    0 289 -412  2
4218500 2850500  9 22  3  11.0 1014 157  2.7 0  7.0  86    0    0 289 -409  2
4218500 2850500  9 22  4  11.0 1014 145  2.8 0  7.0  86    0    0 290 -406  2
4218500 2850500  9 22  5  10.4 1013 136  3.4 0  7.1  89    0    0 289 -403  2
4218500 2850500  9 22  6  10.6 1013 139  3.6 0  7.2  91    0    0 290 -401  2
4218500 2850500  9 22  7  12.0 1012 142  3.7 0  7.4  89   21   28 291 -400  2
4218500 2850500  9 22  8  16.0 1012 152  3.5 0  7.6  76  108   72 299 -403  2
4218500 2850500  9 22  9  19.1 1011 145  4.0 0  7.7  61  236   95 308 -414  2
4218500 2850500  9 22 10  22.4 1011 143  3.8 0  7.8  51  358  105 317 -433  2
4218500 2850500  9 22 11  24.8 1010 151  4.2 0  8.0  44  448  109 327 -453  2
4218500 2850500  9 22 12  26.9 1008 162  5.6 0  8.1  39  370  174 336 -469  2
4218500 2850500  9 22 13  28.4 1007 170  5.3 0  7.8  34  364  180 343 -481  2
4218500 2850500  9 22 14  29.3 1006 181  6.0 0  6.7  27  431  128 345 -488  2
4218500 2850500  9 22 15  29.4 1005 194  6.2 0  6.1  24  340  123 346 -489  2
4218500 2850500  9 22 16  29.3 1003 183  5.3 0  6.3  24  230  108 348 -486  2
4218500 2850500  9 22 17  28.5 1002 195  4.5 0  6.2  25  112   81 347 -478  2
4218500 2850500  9 22 18  25.7 1001 184  3.5 1  6.2  28   18   34 345 -467  2
4218500 2850500  9 22 19  21.5 1000 166  3.5 1  6.5  35    0    0 337 -457  2
4218500 2850500  9 22 20  20.0 1000 176  3.9 1  6.8  44    0    0 327 -449  2
4218500 2850500  9 22 21  20.2  999 177  3.7 0  7.1  48    0    0 321 -444  2
4218500 2850500  9 22 22  19.6  999 180  3.9 0  7.3  50    0    0 315 -442  2
4218500 2850500  9 22 23  17.8  998 177  4.1 1  7.5  55    0    0 315 -442  2
4218500 2850500  9 22 24  16.3  998 196  4.2 2  7.7  62    0    0 316 -442  2
4218500 2850500  9 23  1  17.9  997 200  4.6 1  7.9  64    0    0 317 -439  2
4218500 2850500  9 23  2  18.7  997 212  4.8 0  7.9  59    0    0 312 -438  2
4218500 2850500  9 23  3  20.1  997 212  5.9 1  8.0  56    0    0 308 -436  2
4218500 2850500  9 23  4  20.1  996 210  5.9 4  8.1  54    0    0 321 -432  2
4218500 2850500  9 23  5  19.8  996 204  5.3 5  8.2  56    0    0 336 -428  2
4218500 2850500  9 23  6  19.4  996 212  5.7 6  8.5  58    0    0 347 -412  2
4218500 2850500  9 23  7  19.4  996 212  5.1 7  8.9  62    6   16 358 -396  2
4218500 2850500  9 23  8  16.2  996 303  6.9 7  9.0  69   53   55 357 -392  2
4218500 2850500  9 23  9  12.2  997 309  7.1 7  8.5  83    0   89 343 -393  2
4218500 2850500  9 23 10  11.8 1000 302  4.4 8  8.2  92    0  102 341 -399  2
4218500 2850500  9 23 11  12.6 1002 294  5.4 7  8.3  93    0  142 340 -406  2
4218500 2850500  9 23 12  14.2 1003 274  4.6 6  8.4  87   53  206 330 -413  2
4218500 2850500  9 23 13  15.6 1004 286  5.5 5  7.8  73  189  187 322 -418  2
4218500 2850500  9 23 14  16.7 1005 274  6.3 3  7.0  61  286  126 310 -419  2
4218500 2850500  9 23 15  15.0 1005 293  5.9 4  6.4  57   97  153 304 -416  2
4218500 2850500  9 23 16  14.3 1007 301  5.5 4  5.8  56  132  101 303 -413  2
4218500 2850500  9 23 17  14.1 1008 284  4.7 5  5.6  55   80   62 305 -407  2
4218500 2850500  9 23 18  13.4 1008 286  4.0 5  5.8  59   31   21 309 -399  2
4218500 2850500  9 23 19  11.5 1009 275  3.5 6  6.1  68    0    0 310 -391  2
4218500 2850500  9 23 20  12.0 1011 287  3.4 5  6.1  70    0    0 308 -383  2
4218500 2850500  9 23 21  11.1 1012 281  3.5 5  5.9  69    0    0 303 -377  2
4218500 2850500  9 23 22  10.0 1013 271  3.4 3  5.9  74    0    0 291 -372  2
4218500 2850500  9 23 23   9.8 1014 285  3.9 2  5.7  76    0    0 275 -366  2
4218500 2850500  9 23 24   9.6 1014 289  4.4 2  5.6  75    0    0 270 -362  2
4218500 2850500  9 24  1   9.0 1015 281  3.8 1  5.6  77    0    0 265 -359  2
4218500 2850500  9 24  2   8.3 1016 277  3.9 0  5.6  81    0    0 255 -355  2
4218500 2850500  9 24  3   7.7 1017 272  3.4 0  5.5  83    0    0 249 -353  2
4218500 2850500  9 24  4   6.8 1018 272  3.3 0  5.5  87    0    0 247 -350  2
4218500 2850500  9 24  5   6.9 1018 276  3.4 0  5.6  91    0    0 246 -348  2
4218500 2850500  9 24  6   6.7 1019 280  3.4 0  5.6  91    0    0 246 -345  2
4218500 2850500  9 24  7   7.3 1020 278  3.4 0  5.6  90   23   26 245 -344  2
4218500 2850500  9 24  8   8.5 1021 288  4.3 0  5.7  86  135   58 247 -347  2
4218500 2850500  9 24  9  10.5 1022 290  3.3 0  5.8  79  280   72 251 -357  2
4218500 2850500  9 24 10  12.5 1022 277  3.3 0  5.9  71  432   56 257 -371  2
4218500 2850500  9 24 11  14.2 1024 282  4.1 0  6.0  64  521   50 264 -385  2
4218500 2850500  9 24 12  14.8 1024 277  4.6 1  5.9  58  381  143 273 -398  2
4218500 2850500  9 24 13  15.1 1025 289  5.1 2  5.7  55  249  210 285 -406  2
4218500 2850500  9 24 14  15.8 1025 260  5.9 3  5.4  50  209  210 296 -409  2
4218500 2850500  9 24 15  16.3 1025 339  5.2 3  4.9  44  150  184 302 -409  2
4218500 2850500  9 24 16  15.6 1025 296  4.1 3  4.8  43  177  117 302 -405  2
4218500 2850500  9 24 17  15.0 1025 312  4.5 2  5.0  47   99   75 296 -397  2
4218500 2850500  9 24 18  13.4 1025 296  2.9 3  5.1  52   16   29 294 -388  2
4218500 2850500  9 24 19  11.3 1025 300  2.9 1  5.1  58    0    0 282 -377  2
4218500 2850500  9 24 20  10.3 1025 302  3.0 1  5.3  66    0    0 267 -368  2
4218500 2850500  9 24 21   9.6 1026 303  3.0 0  5.3  70    0    0 259 -363  2
4218500 2850500  9 24 22   8.9 1026 300  2.9 0  5.2  73    0    0 252 -359  2
4218500 2850500  9 24 23   8.2 1027 275  2.1 0  5.3  77    0    0 250 -354  2
4218500 2850500  9 24 24   7.0 1027 268  2.2 0  5.3  82    0    0 247 -351  2
4218500 2850500  9 25  1   6.1 1027 259  2.1 0  5.2  87    0    0 244 -347  2
4218500 2850500  9 25  2   6.2 1028 245  1.8 0  5.2  89    0    0 242 -344  2
4218500 2850500  9 25  3   5.4 1028 268  2.6 0  5.1  91    0    0 241 -342  2
4218500 2850500  9 25  4   5.5 1027 270  2.8 0  5.1  93    0    0 240 -340  2
4218500 2850500  9 25  5   4.9 1027 270  2.1 1  5.1  94    0    0 243 -338  2
4218500 2850500  9 25  6   5.1 1027 252  1.8 3  5.1  95    0    0 257 -336  2
4218500 2850500  9 25  7   5.3 1028 247  1.7 3  5.2  95   19   26 266 -335  2
4218500 2850500  9 25  8   7.6 1028 278  1.3 2  5.7  96  108   65 264 -339  2
4218500 2850500  9 25  9  11.9 1028 335  0.6 2  5.9  80  228   87 268 -351  2
4218500 2850500  9 25 10  14.0 1029 202  1.5 3  5.5  60  340   98 282 -368  2
4218500 2850500  9 25 11  14.9 1030 208  1.2 5  5.1  51  388  121 301 -386  2
4218500 2850500  9 25 12  15.7 1029 237  1.9 5  4.9  46  331  176 311 -400  2
4218500 2850500  9 25 13  16.8 1029  76  2.0 5  4.9  44  316  190 313 -410  2
4218500 2850500  9 25 14  17.6 1028 233  2.1 5  5.0  41  355  150 315 -413  2
4218500 2850500  9 25 15  17.7 1028 172  1.9 5  4.8  39  268  143 315 -412  2
4218500 2850500  9 25 16  17.3 1027 170  1.9 4  4.6  38  168  123 309 -408  2
4218500 2850500  9 25 17  16.6 1026 148  2.2 3  4.5  38   93   79 298 -401  2
4218500 2850500  9 25 18  14.2 1026 126  2.6 2  4.6  42   13   28 285 -390  2
4218500 2850500  9 25 19  12.5 1025 108  2.4 2  4.8  51    0    0 275 -379  2
4218500 2850500  9 25 20  10.9 1024 116  2.8 1  5.0  60    0    0 265 -371  2
4218500 2850500  9 25 21   9.9 1024 116  2.9 0  5.1  67    0    0 254 -366  2
4218500 2850500  9 25 22   9.3 1024 120  3.2 0  5.2  71    0    0 248 -362  2
4218500 2850500  9 25 23  10.3 1024 138  3.0 1  6.1  75    0    0 248 -358  2
4218500 2850500  9 25 24  11.8 1023 154  2.6 3  7.1  78    0    0 250 -355  2
4218500 2850500  9 26  1  13.5 1005 165  2.2 5  8.3  82    0    0 357 -408  2
4218500 2850500  9 26  2  14.7 1004 171  1.8 7  9.2  85    0    0 369 -408  2
4218500 2850500  9 26  3  15.4 1004 166  1.5 8  9.9  88    0    0 368 -406  2
4218500 2850500  9 26  4  14.9 1004 152  1.5 8  9.8  90    0    0 367 -404  2
4218500 2850500  9 26  5  14.8 1003 150  1.7 8  9.8  91    0    0 367 -404  2
4218500 2850500  9 26  6  13.9 1003 142  1.5 7  9.7  94    0    0 359 -403  2
4218500 2850500  9 26  7  14.0 1003 150  2.4 7  9.7  96    0    8 352 -401  2
4218500 2850500  9 26  8  14.4 1002 168  2.6 7  9.8  96    0   36 353 -401  2
4218500 2850500  9 26  9  15.0 1002 150  2.1 8 10.0  94    0   79 361 -403  2
4218500 2850500  9 26 10  16.0 1002 180  3.0 8 10.1  91    0  103 370 -409  2
4218500 2850500  9 26 11  16.7 1002 162  2.6 7 10.4  88    0  116 367 -416  2
4218500 2850500  9 26 12  16.4 1002 160  2.4 8 10.6  89    0  117 368 -423  2
4218500 2850500  9 26 13  16.5 1001 178  2.9 8 10.8  91    0  112 375 -426  2
4218500 2850500  9 26 14  16.6 1001 169  2.5 8 11.2  94    0   78 375 -424  2
4218500 2850500  9 26 15  16.9 1001 181  2.7 8 11.7  96    0   64 375 -421  2
4218500 2850500  9 26 16  17.0 1000 191  2.7 8 12.0  98    0   58 375 -419  2
4218500 2850500  9 26 17  16.9 1000 199  3.3 8 11.9  97    0   29 374 -415  2
4218500 2850500  9 26 18  16.6  999 211  2.8 7 11.8  97    0    7 369 -410  2
4218500 2850500  9 26 19  16.6  999 237  3.2 7 11.9  99    0    0 364 -405  2
4218500 2850500  9 26 20  16.0 1000 235  3.6 7 11.6  98    0    0 361 -401  2
4218500 2850500  9 26 21  15.3 1000 274  2.7 5 11.0  98    0    0 349 -401  2
4218500 2850500  9 26 22  15.0 1000 230  4.8 4 10.7  98    0    0 335 -400  2
4218500 2850500  9 26 23  14.8 1001 234  4.1 4 10.1  94    0    0 331 -398  2
4218500 2850500  9 26 24  14.0 1001 235  4.0 3  9.4  91    0    0 325 -396  2
4218500 2850500  9 27  1  13.3 1002 245  4.4 1  9.1  92    0    0 309 -395  2
4218500 2850500  9 27  2  13.0 1002 238  3.3 1  8.7  91    0    0 298 -393  2
4218500 2850500  9 27  3  12.6 1002 235  4.2 1  8.3  89    0    0 298 -391  2
4218500 2850500  9 27  4  12.0 1003 232  3.9 1  8.2  90    0    0 298 -389  2
4218500 2850500  9 27  5  11.9 1003 212  3.9 1  8.1  92    0    0 297 -389  2
4218500 2850500  9 27  6  11.5 1003 211  4.1 2  8.0  92    0    0 301 -390  2
4218500 2850500  9 27  7  11.6 1002 208  4.3 2  7.9  92   12   23 305 -391  2
4218500 2850500  9 27  8  12.5 1003 227  4.6 3  8.1  91   86   71 310 -393  2
4218500 2850500  9 27  9  14.2 1003 231  4.8 4  8.3  86  204   99 322 -400  2
4218500 2850500  9 27 10  16.0 1003 224  4.9 5  8.5  78  275  134 336 -410  2
4218500 2850500  9 27 11  17.5 1003 223  5.2 5  8.7  72  264  194 344 -420  2
4218500 2850500  9 27 12  18.6 1003 236  5.6 7  8.5  65  115  256 357 -430  2
4218500 2850500  9 27 13  18.4 1003 239  5.1 7  8.5  63   62  248 366 -437  2
4218500 2850500  9 27 14  19.2 1003 222  4.4 5  8.6  63   95  244 358 -441  2
4218500 2850500  9 27 15  19.8 1002 206  5.9 3  8.5  59  120  208 345 -441  2
4218500 2850500  9 27 16  19.9 1002 235  4.9 3  8.0  55  122  150 338 -438  2
4218500 2850500  9 27 17  19.7 1001 225  4.3 4  7.8  53   57   93 340 -431  2
4218500 2850500  9 27 18  18.8 1001 213  3.8 6  7.8  55    4   30 348 -421  2
4218500 2850500  9 27 19  17.8 1001 190  3.5 7  7.9  60    0    0 356 -409  2
4218500 2850500  9 27 20  16.5 1000 176  3.1 7  8.1  65    0    0 356 -401  2
4218500 2850500  9 27 21  16.0 1001 175  3.4 6  8.1  70    0    0 349 -398  2
4218500 2850500  9 27 22  15.9 1000 199  4.2 5  8.1  70    0    0 338 -395  2
4218500 2850500  9 27 23  16.2 1000 194  3.9 5  8.1  70    0    0 331 -392  2
4218500 2850500  9 27 24  15.6 1000 194  3.7 4  8.4  73    0    0 326 -391  2
4218500 2850500  9 28  1  14.8 1000 198  3.8 5  8.5  78    0    0 324 -390  2
4218500 2850500  9 28  2  14.7 1000 194  3.6 7  8.4  79    0    0 337 -390  2
4218500 2850500  9 28  3  15.3  999 188  3.8 8  8.4  78    0    0 352 -390  2
4218500 2850500  9 28  4  15.9  999 210  3.8 7  8.4  75    0    0 355 -391  2
4218500 2850500  9 28  5  15.6  998 202  3.8 7  8.3  73    0    0 350 -392  2
4218500 2850500  9 28  6  15.7  998 196  3.3 7  8.4  75    0    0 351 -392  2
4218500 2850500  9 28  7  15.0  998 206  3.9 7  8.6  77    1   17 351 -392  2
4218500 2850500  9 28  8  15.6  998 211  4.2 7  8.6  78   40   72 350 -393  2
4218500 2850500  9 28  9  16.9  998 211  5.0 6  8.8  75   81  131 348 -397  2
4218500 2850500  9 28 10  17.9  999 233  5.3 7  8.9  71   37  184 355 -405  2
4218500 2850500  9 28 11  18.7  999 237  5.8 7  8.9  67   18  199 366 -413  2
4218500 2850500  9 28 12  19.3  999 225  5.8 7  8.8  63   55  235 372 -416  2
4218500 2850500  9 28 13  19.7  999 231  6.0 7  8.6  60   56  233 375 -418  2
4218500 2850500  9 28 14  19.7  999 224  6.8 6  8.4  58  102  228 371 -422  2
4218500 2850500  9 28 15  19.9  998 220  5.8 7  8.4  57   67  188 370 -424  2
4218500 2850500  9 28 16  20.5  998 207  3.8 8  8.4  56    4  116 378 -415  2
4218500 2850500  9 28 17  20.1  997 201  4.7 7  8.4  56    0   61 378 -404  2
4218500 2850500  9 28 18  19.3  997 202  4.4 6  8.5  58    0    9 368 -399  2
4218500 2850500  9 28 19  18.2  998 230  3.8 7  8.6  63    0    0 365 -395  2
4218500 2850500  9 28 20  16.6  998 260  4.1 7  8.9  70    0    0 366 -391  2
4218500 2850500  9 28 21  15.6  999 253  3.9 7  9.2  79    0    0 362 -389  2
4218500 2850500  9 28 22  15.7 1000 258  4.6 7  9.1  81    0    0 361 -388  2
4218500 2850500  9 28 23  16.0 1000 240  4.8 7  8.9  78    0    0 362 -388  2
4218500 2850500  9 28 24  15.2 1001 244  5.0 7  8.7  77    0    0 361 -390  2
4218500 2850500  9 29  1  15.1 1001 243  4.3 6  8.3  76    0    0 355 -390  2
4218500 2850500  9 29  2  14.5 1001 217  4.5 6  8.1  76    0    0 348 -390  2
4218500 2850500  9 29  3  13.9 1001 220  4.0 7  8.1  79    0    0 351 -389  2
4218500 2850500  9 29  4  14.0 1001 248  4.6 7  8.1  81    0    0 356 -389  2
4218500 2850500  9 29  5  14.0 1002 226  4.7 7  8.1  80    0    0 357 -389  2
4218500 2850500  9 29  6  13.5 1002 222  4.5 7  8.0  80    0    0 356 -389  2
4218500 2850500  9 29  7  13.0 1002 231  4.0 5  7.8  82    8   22 343 -388  2
4218500 2850500  9 29  8  12.9 1002 218  4.1 2  7.8  83   96   66 316 -389  2
4218500 2850500  9 29  9  14.1 1002 213  4.8 2  7.9  80  181  102 304 -393  2
4218500 2850500  9 29 10  15.9 1002 212  4.8 1  7.8  73  360   89 305 -400  2
4218500 2850500  9 29 11  17.7 1002 216  5.1 2  7.8  65  388  127 315 -410  2
4218500 2850500  9 29 12  18.1 1001 210  5.4 5  7.9  61  180  244 340 -413  2
4218500 2850500  9 29 13  19.4 1000 201  6.5 6  7.9  58  155  253 361 -412  2
4218500 2850500  9 29 14  19.6 1000 222  7.4 6  7.8  54    4  171 367 -415  2
4218500 2850500  9 29 15  17.9  999 200  6.1 7  8.1  60    0   75 369 -413  2
4218500 2850500  9 29 16  17.8  998 218  5.7 8  8.6  66    0   70 373 -408  2
4218500 2850500  9 29 17  17.8  997 195  5.3 7  8.7  68    0   44 375 -402  2
4218500 2850500  9 29 18  17.7  996 189  5.1 7  8.8  68    0    9 373 -398  2
4218500 2850500  9 29 19  17.8  995 198  6.3 8  9.0  69    0    0 379 -394  2
4218500 2850500  9 29 20  15.8  995 192  5.6 8  9.6  78    0    0 382 -392  2
4218500 2850500  9 29 21  15.7  994 203  6.6 8 10.3  90    0    0 381 -390  2
4218500 2850500  9 29 22  15.6  993 237  6.2 8 10.6  93    0    0 382 -388  2
4218500 2850500  9 29 23  15.1  993 233  5.7 8 10.5  94    0    0 382 -388  2
4218500 2850500  9 29 24  14.9  993 236  5.3 7 10.2  93    0    0 374 -388  2
4218500 2850500  9 30  1  14.4  993 236  4.5 5  9.8  92    0    0 354 -388  2
4218500 2850500  9 30  2  14.1  994 221  3.4 5  9.6  92    0    0 341 -387  2
4218500 2850500  9 30  3  14.0  994 213  3.5 7  9.5  92    0    0 352 -386  2
4218500 2850500  9 30  4  14.2  993 216  3.8 7  9.5  92    0    0 363 -386  2
4218500 2850500  9 30  5  14.6  993 202  3.5 7  9.6  91    0    0 363 -386  2
4218500 2850500  9 30  6  14.2  992 197  3.2 6  9.6  91    0    0 357 -385  2
4218500 2850500  9 30  7  14.2  992 184  3.7 7  9.6  93    0   11 356 -383  2
4218500 2850500  9 30  8  14.5  992 200  3.9 7  9.7  93    1   57 360 -383  2
4218500 2850500  9 30  9  15.9  992 208  4.8 6 10.1  91   32  127 356 -387  2
4218500 2850500  9 30 10  17.6  992 220  5.7 6 10.3  84   91  174 354 -393  2
4218500 2850500  9 30 11  18.4  992 218  6.5 7 10.2  77   49  207 362 -398  2
4218500 2850500  9 30 12  19.1  992 216  6.8 7 10.0  72   32  218 367 -406  2
4218500 2850500  9 30 13  18.9  991 212  6.2 7  9.8  70   12  196 366 -411  2
4218500 2850500  9 30 14  17.2  991 193  5.5 7 10.2  77    0  132 364 -409  2
4218500 2850500  9 30 15  16.8  991 207  4.8 8 10.6  86    0   97 367 -405  2
4218500 2850500  9 30 16  17.2  991 210  5.1 7 10.9  87    0   75 368 -402  2
4218500 2850500  9 30 17  17.7  990 211  4.6 7 10.8  85    0   42 366 -396  2
4218500 2850500  9 30 18  16.6  990 211  4.7 7 10.5  84    0   14 365 -392  2
4218500 2850500  9 30 19  17.3  990 218  5.6 7 10.3  83    0    0 365 -390  2
4218500 2850500  9 30 20  16.9  990 204  5.2 7  9.9  79    0    0 365 -388  2
4218500 2850500  9 30 21  16.9  990 219  5.6 7  9.5  77    0    0 364 -386  2
4218500 2850500  9 30 22  16.7  990 235  5.5 7  9.3  76    0    0 363 -385  2
4218500 2850500  9 30 23  16.4  990 220  5.7 6  8.9  74    0    0 356 -383  2
4218500 2850500  9 30 24  15.8  991 218  5.6 7  8.8  75    0    0 352 -381  2
4218500 2850500 10  1  1  15.5  991 226  5.1 6  8.6  76    0    0 345 -382  2
4218500 2850500 10  1  2  15.3  991 222  5.6 7  8.6  76    0    0 349 -381  2
4218500 2850500 10  1  3  15.0  991 224  5.8 6  8.4  76    0    0 349 -381  2
4218500 2850500 10  1  4  14.3  991 225  4.6 7  8.3  78    0    0 346 -381  2
4218500 2850500 10  1  5  14.3  991 219  5.4 7  8.3  79    0    0 350 -380  2
4218500 2850500 10  1  6  13.5  991 216  5.4 7  8.4  82    0    0 350 -380  2
4218500 2850500 10  1  7  13.1  991 210  5.8 8  8.7  89    0    2 353 -379  2
4218500 2850500 10  1  8  13.3  991 229  6.1 8  9.0  93    0   27 359 -380  2
4218500 2850500 10  1  9  13.1  992 233  7.1 8  9.0  93    0   82 358 -382  2
4218500 2850500 10  1 10  13.5  992 240  7.1 6  8.5  87   41  186 346 -387  2
4218500 2850500 10  1 11  14.6  993 242  7.7 6  8.0  79  111  229 338 -392  2
4218500 2850500 10  1 12  15.3  993 249  9.1 7  7.6  70    9  192 342 -394  2
4218500 2850500 10  1 13  16.4  994 257  8.8 5  7.1  62   74  233 337 -398  2
4218500 2850500 10  1 14  12.3  995 257  7.6 2  7.3  70  133  224 310 -402  2
4218500 2850500 10  1 15  15.3  996 273  8.9 4  7.0  70  181  184 304 -405  2
4218500 2850500 10  1 16  15.5  997 255  9.5 4  6.4  58  111  139 315 -406  2
4218500 2850500 10  1 17  14.8  998 267  6.6 5  6.4  59   40   76 321 -401  2
4218500 2850500 10  1 18  14.4  998 250  6.3 3  6.4  61    4   15 317 -395  2
4218500 2850500 10  1 19  13.8  999 228  4.0 3  6.5  64    0    0 309 -392  2
4218500 2850500 10  1 20  13.6 1000 234  4.0 5  6.6  66    0    0 319 -392  2
4218500 2850500 10  1 21  13.3 1001 217  3.6 8  6.3  65    0    0 340 -390  2
4218500 2850500 10  1 22  13.6 1001 217  4.8 8  6.2  64    0    0 353 -389  2
4218500 2850500 10  1 23  13.9 1001 213  5.2 8  6.4  64    0    0 356 -388  2
4218500 2850500 10  1 24  14.3 1001 209  4.7 8  6.7  66    0    0 359 -387  2
4218500 2850500 10  2  1  14.2 1001 206  5.7 7  7.1  69    0    0 357 -386  2
4218500 2850500 10  2  2  14.1 1001 204  5.7 7  7.3  72    0    0 354 -385  2
4218500 2850500 10  2  3  14.3 1002 205  5.7 7  7.5  73    0    0 354 -383  2
4218500 2850500 10  2  4  13.9 1002 199  5.6 5  7.4  73    0    0 346 -382  2
4218500 2850500 10  2  5  13.3 1001 193  5.3 3  7.4  75    0    0 329 -381  2
4218500 2850500 10  2  6  13.3 1001 193  5.3 1  7.5  78    0    0 313 -379  2
4218500 2850500 10  2  7  13.1 1001 196  6.2 2  7.5  78    8    9 309 -377  2
4218500 2850500 10  2  8  13.4 1001 188  6.4 5  7.4  77   77   24 321 -377  2
4218500 2850500 10  2  9  13.9 1000 186  5.8 6  7.5  76   54  100 333 -382  2
4218500 2850500 10  2 10  14.9 1000 180  6.7 7  7.6  73   43  150 341 -391  2
4218500 2850500 10  2 11  16.2 1000 183  7.1 7  7.7  69   15  166 347 -401  2
4218500 2850500 10  2 12  16.2 1000 183  6.7 7  7.8  67    1  150 348 -409  2
4218500 2850500 10  2 13  17.2  999 197  6.4 7  7.8  65    0  118 349 -415  2
4218500 2850500 10  2 14  17.6  998 191  7.0 7  7.9  63    0   90 353 -419  2
4218500 2850500 10  2 15  18.2  998 198  6.7 6  8.1  62    5  122 351 -420  2
4218500 2850500 10  2 16  18.6  998 199  5.7 7  8.1  60    5   88 353 -419  2
4218500 2850500 10  2 17  19.0  997 195  5.7 8  8.0  58    8   53 362 -414  2
4218500 2850500 10  2 18  18.4  997 178  5.2 5  7.7  56    1   11 354 -409  2
4218500 2850500 10  2 19  18.0  997 186  4.8 6  7.7  58    0    0 345 -404  2
4218500 2850500 10  2 20  17.8  997 188  4.7 5  7.6  58    0    0 344 -401  2
4218500 2850500 10  2 21  16.5  997 177  4.3 2  7.5  60    0    0 324 -399  2
4218500 2850500 10  2 22  16.0  997 186  3.7 1  7.5  64    0    0 302 -400  2
4218500 2850500 10  2 23  15.6  997 183  3.6 2  7.7  67    0    0 299 -400  2
4218500 2850500 10  2 24  16.5  997 195  4.5 7  7.8  68    0    0 328 -399  2
4218500 2850500 10  3  1  16.7  996 195  4.4 8  7.9  66    0    0 360 -399  2
4218500 2850500 10  3  2  16.4  996 192  3.8 7  7.9  66    0    0 359 -399  2
4218500 2850500 10  3  3  16.7  996 214  4.1 7  7.8  65    0    0 353 -398  2
4218500 2850500 10  3  4  16.3  996 235  3.9 7  7.5  63    0    0 351 -394  2
4218500 2850500 10  3  5  13.6  995 318  2.9 8  7.4  69    0    0 352 -391  2
4218500 2850500 10  3  6  12.1  996 302  4.4 7  7.5  80    0    0 346 -386  2
4218500 2850500 10  3  7  11.8  997 163  2.8 7  7.6  85    7   13 338 -380  2
4218500 2850500 10  3  8  12.4  997 215  3.5 7  7.7  86    7   55 338 -377  2
4218500 2850500 10  3  9  13.1  998 236  3.7 6  7.5  81   35  127 335 -376  2
4218500 2850500 10  3 10  13.3  999 221  4.3 6  7.4  77    9  151 332 -380  2
4218500 2850500 10  3 11  13.7 1000 233  4.8 7  7.5  77    0  109 340 -391  2
4218500 2850500 10  3 12  14.1 1000 237  6.3 7  7.3  72    0  122 345 -402  2
4218500 2850500 10  3 13  14.0 1001 220  4.6 7  6.8  68    0  100 342 -409  2
4218500 2850500 10  3 14  13.6 1000 194  4.9 7  6.7  67    0  103 340 -413  2
4218500 2850500 10  3 15  14.0 1000 198  4.6 7  6.7  67    0   78 337 -412  2
4218500 2850500 10  3 16  13.4 1000 205  4.5 8  6.9  69    0   33 339 -407  2
4218500 2850500 10  3 17  13.0 1001 194  4.8 8  6.9  72    0   27 341 -401  2
4218500 2850500 10  3 18  12.5 1001 195  4.0 6  6.7  73    0    7 329 -392  2
4218500 2850500 10  3 19  11.7 1001 197  4.6 6  6.6  74    0    0 318 -385  2
4218500 2850500 10  3 20  11.5 1002 182  4.0 6  6.5  75    0    0 316 -382  2
4218500 2850500 10  3 21  11.2 1002 208  4.0 6  6.4  76    0    0 316 -380  2
4218500 2850500 10  3 22  11.1 1002 215  4.7 7  6.4  77    0    0 321 -376  2
4218500 2850500 10  3 23  11.2 1002 211  4.4 7  6.4  77    0    0 327 -372  2
4218500 2850500 10  3 24  11.1 1002 216  4.7 6  6.3  76    0    0 323 -367  2
4218500 2850500 10  4  1  11.0 1002 220  4.2 7  6.3  76    0    0 323 -363  2
4218500 2850500 10  4  2  10.9 1002 213  5.0 7  6.3  77    0    0 328 -361  2
4218500 2850500 10  4  3  10.6 1003 224  4.5 8  6.4  78    0    0 333 -359  2
4218500 2850500 10  4  4  10.7 1003 236  4.0 7  6.3  78    0    0 334 -357  2
4218500 2850500 10  4  5  10.4 1003 219  3.9 7  6.3  79    0    0 328 -355  2
4218500 2850500 10  4  6  10.1 1003 217  3.6 7  6.3  80    0    0 327 -352  2
4218500 2850500 10  4  7   9.7 1003 218  3.9 4  6.3  82    4   13 311 -350  2
4218500 2850500 10  4  8  10.0 1004 219  4.7 2  6.3  82   88   55 286 -351  2
4218500 2850500 10  4  9  10.5 1004 216  5.9 2  6.3  80  223   72 276 -357  2
4218500 2850500 10  4 10  12.4 1004 230  5.3 2  6.2  73  337   87 279 -367  2
4218500 2850500 10  4 11  13.8 1004 217  5.6 2  6.2  65  278  159 285 -379  2
4218500 2850500 10  4 12  14.8 1005 227  5.6 2  6.1  59  154  224 289 -388  2
4218500 2850500 10  4 13  14.5 1005 254  5.0 2  5.9  56  107  218 292 -395  2
4218500 2850500 10  4 14  14.5 1005 249  5.3 5  5.7  55   10  163 304 -397  2
4218500 2850500 10  4 15  14.5 1005 222  5.1 7  5.7  55    0  105 324 -396  2
4218500 2850500 10  4 16  13.6 1005 220  3.8 7  5.8  58    0   54 330 -393  2
4218500 2850500 10  4 17  13.7 1005 226  4.4 6  6.1  62    1   50 324 -388  2
4218500 2850500 10  4 18  13.2 1005 194  3.7 7  6.2  64    0    9 322 -380  2
4218500 2850500 10  4 19  12.7 1006 204  3.0 7  6.3  67    0    0 323 -372  2
4218500 2850500 10  4 20  12.6 1006 203  2.9 7  6.4  70    0    0 322 -368  2
4218500 2850500 10  4 21  11.8 1007 210  2.6 7  6.5  73    0    0 321 -364  2
4218500 2850500 10  4 22  11.2 1007 201  2.2 7  6.5  77    0    0 319 -360  2
4218500 2850500 10  4 23  10.6 1007 242  2.5 7  6.5  80    0    0 317 -358  2
4218500 2850500 10  4 24  10.1 1007 200  2.3 5  6.5  82    0    0 308 -356  2
4218500 2850500 10  5  1   9.4 1008 193  1.8 5  6.4  85    0    0 297 -353  2
4218500 2850500 10  5  2   9.6 1008 244  1.8 7  6.5  87    0    0 304 -352  2
4218500 2850500 10  5  3   9.9 1009 248  1.7 6  6.7  88    0    0 309 -351  2
4218500 2850500 10  5  4  10.0 1009 273  2.9 7  6.8  88    0    0 311 -352  2
4218500 2850500 10  5  5   9.9 1009 254  2.4 6  6.7  88    0    0 311 -351  2
4218500 2850500 10  5  6   9.7 1010 271  2.9 6  6.6  87    0    0 306 -349  2
4218500 2850500 10  5  7   9.0 1010 269  3.3 6  6.5  88    5   13 305 -346  2
4218500 2850500 10  5  8   9.3 1011 282  3.5 6  6.6  91   14   58 304 -345  2
4218500 2850500 10  5  9   9.6 1011 271  3.2 6  6.7  90   54  125 305 -351  2
4218500 2850500 10  5 10  10.9 1012 268  3.7 3  6.7  85  183  150 294 -362  2
4218500 2850500 10  5 11  12.2 1012 271  3.8 2  6.5  77  307  151 279 -374  2
4218500 2850500 10  5 12  13.1 1012 281  3.6 3  6.4  70  305  181 283 -385  2
4218500 2850500 10  5 13  14.1 1013 262  3.8 5  6.5  67  134  223 300 -393  2
4218500 2850500 10  5 14  13.9 1013 306  3.9 4  6.5  65  112  206 306 -395  2
4218500 2850500 10  5 15  15.0 1013 292  3.5 2  6.3  61  201  156 298 -393  2
4218500 2850500 10  5 16  14.6 1013 299  3.2 3  6.1  58   82  123 298 -389  2
4218500 2850500 10  5 17  14.3 1013 300  3.5 7  5.8  57    3   53 313 -383  2
4218500 2850500 10  5 18  13.8 1013 282  3.3 6  5.7  57    0   10 321 -377  2
4218500 2850500 10  5 19  12.8 1014 300  3.0 7  5.9  62    0    0 319 -369  2
4218500 2850500 10  5 20  11.8 1014 297  2.0 7  6.0  68    0    0 320 -363  2
4218500 2850500 10  5 21  11.8 1015 261  2.6 6  6.2  71    0    0 317 -359  2
4218500 2850500 10  5 22  10.9 1015 258  2.3 6  6.3  76    0    0 313 -355  2
4218500 2850500 10  5 23  10.5 1015 274  2.2 6  6.5  81    0    0 312 -351  2
4218500 2850500 10  5 24  10.6 1015 271  2.9 6  6.5  81    0    0 311 -348  2
4218500 2850500 10  6  1  10.5 1016 285  3.4 4  6.5  81    0    0 302 -346  2
4218500 2850500 10  6  2   9.1 1015 281  2.6 3  6.4  84    0    0 288 -342  2
4218500 2850500 10  6  3   8.3 1015 275  2.9 1  6.2  88    0    0 272 -339  2
4218500 2850500 10  6  4   8.8 1015 280  2.7 3  6.1  88    0    0 272 -337  2
4218500 2850500 10  6  5   7.7 1015 277  2.7 4  6.0  89    0    0 284 -335  2
4218500 2850500 10  6  6   7.8 1015 274  3.0 6  6.1  93    0    0 294 -333  2
4218500 2850500 10  6  7   8.5 1015 270  2.8 8  6.3  94    0    8 312 -332  2
4218500 2850500 10  6  8   9.1 1015 279  2.8 8  6.5  93    2   49 322 -334  2
4218500 2850500 10  6  9   9.1 1016 269  3.7 8  6.6  92    0   73 322 -341  2
4218500 2850500 10  6 10   9.3 1016 282  3.3 8  6.7  92    0  106 323 -353  2
4218500 2850500 10  6 11   9.8 1016 284  4.8 7  6.8  91    0   95 320 -368  2
4218500 2850500 10  6 12  10.6 1016 276  5.0 6  6.9  89    1  159 314 -380  2
4218500 2850500 10  6 13  11.4 1017 295  4.6 5  7.0  85   11  186 309 -389  2
4218500 2850500 10  6 14  12.4 1016 285  4.6 5  7.0  80   49  205 308 -393  2
4218500 2850500 10  6 15  12.2 1016 299  3.3 7  7.0  79   30  169 317 -393  2
4218500 2850500 10  6 16  12.5 1016 301  2.9 7  6.9  77   29  124 322 -388  2
4218500 2850500 10  6 17   9.8 1016 300  2.9 8  6.7  81    0   35 322 -380  2
4218500 2850500 10  6 18  10.3 1016 264  2.0 7  6.8  89    0    0 318 -370  2
4218500 2850500 10  6 19  10.1 1016 304  3.2 7  6.9  89    0    0 314 -364  2
4218500 2850500 10  6 20  10.2 1016 279  2.7 7  6.8  88    0    0 313 -362  2
4218500 2850500 10  6 21  10.1 1016 281  3.0 7  6.8  88    0    0 313 -361  2
4218500 2850500 10  6 22   9.9 1016 279  3.2 6  6.8  89    0    0 311 -359  2
4218500 2850500 10  6 23  10.2 1016 249  3.4 5  7.1  90    0    0 307 -355  2
4218500 2850500 10  6 24  10.6 1016 207  3.5 4  7.4  92    0    0 306 -351  2
4218500 2850500 10  7  1  11.1 1023 154  3.4 2  7.8  94    0    0 276 -376  2
4218500 2850500 10  7  2  11.4 1023 113  3.2 1  8.1  95    0    0 270 -374  2
4218500 2850500 10  7  3  11.6 1023  83  3.0 0  8.3  97    0    0 270 -371  2
4218500 2850500 10  7  4  11.2 1022  84  2.9 0  8.1  97    0    0 269 -369  2
4218500 2850500 10  7  5  11.2 1022  86  3.1 1  8.1  97    0    0 269 -367  2
4218500 2850500 10  7  6  10.8 1022  88  3.0 2  7.8  97    0    0 280 -365  2
4218500 2850500 10  7  7  10.6 1021  94  3.4 2  7.7  97    2   11 290 -364  2
4218500 2850500 10  7  8  11.4 1022 107  2.6 4  7.9  97   38   52 302 -365  2
4218500 2850500 10  7  9  12.9 1023  98  3.4 5  8.4  96   50  128 322 -373  2
4218500 2850500 10  7 10  14.0 1023 123  3.5 4  8.6  90   66  186 327 -386  2
4218500 2850500 10  7 11  15.6 1023 104  3.8 3  8.7  83  190  200 322 -403  2
4218500 2850500 10  7 12  17.0 1022 122  3.7 1  8.7  76  387  120 315 -419  2
4218500 2850500 10  7 13  18.8 1022 104  3.7 1  8.6  68  379  127 313 -431  2
4218500 2850500 10  7 14  19.6 1021  93  4.3 1  8.6  62  320  130 320 -437  2
4218500 2850500 10  7 15  19.9 1020 103  4.8 1  8.6  60  247  118 324 -437  2
4218500 2850500 10  7 16  19.0 1020  92  4.5 1  8.5  60  143   98 325 -433  2
4218500 2850500 10  7 17  17.2 1020  99  5.0 1  8.4  65   44   59 320 -426  2
4218500 2850500 10  7 18  15.2 1019 102  4.9 1  8.3  73    0   10 314 -418  2
4218500 2850500 10  7 19  14.3 1020 110  4.4 1  8.3  79    0    0 308 -412  2
4218500 2850500 10  7 20  14.1 1019 114  4.7 1  8.3  82    0    0 307 -407  2
4218500 2850500 10  7 21  13.6 1019 108  4.6 1  8.3  85    0    0 306 -404  2
4218500 2850500 10  7 22  13.2 1019 111  4.5 0  8.3  87    0    0 301 -401  2
4218500 2850500 10  7 23  13.3 1019 118  4.5 0  8.3  87    0    0 297 -399  2
4218500 2850500 10  7 24  13.1 1019 118  5.0 0  8.1  86    0    0 297 -397  2
4218500 2850500 10  8  1  13.3 1018 128  3.9 0  7.9  83    0    0 296 -394  2
4218500 2850500 10  8  2  12.1 1018 121  3.9 0  7.7  84    0    0 294 -392  2
4218500 2850500 10  8  3  11.6 1018 116  3.7 0  7.6  88    0    0 291 -390  2
4218500 2850500 10  8  4  11.0 1017 117  4.0 0  7.6  91    0    0 290 -387  2
4218500 2850500 10  8  5  11.6 1017 126  4.2 0  7.7  92    0    0 290 -383  2
4218500 2850500 10  8  6  11.5 1017 124  4.1 0  7.6  90    0    0 291 -380  2
4218500 2850500 10  8  7  11.1 1017 125  4.1 2  7.6  91    2   11 298 -377  2
4218500 2850500 10  8  8  12.9 1017 136  4.1 2  7.7  88   63   53 308 -376  2
4218500 2850500 10  8  9  14.4 1018 142  4.7 1  7.9  82  174   86 309 -381  2
4218500 2850500 10  8 10  15.9 1018 153  4.4 2  8.0  75  265  109 314 -391  2
4218500 2850500 10  8 11  17.6 1018 154  5.3 2  7.9  67  312  133 324 -402  2
4218500 2850500 10  8 12  18.4 1017 151  5.2 2  7.7  60  364  133 329 -413  2
4218500 2850500 10  8 13  19.7 1017 149  5.5 1  7.7  56  342  145 329 -422  2
4218500 2850500 10  8 14  20.1 1017 158  5.6 1  7.2  50  284  150 327 -427  2
4218500 2850500 10  8 15  19.9 1017 155  6.0 2  6.5  45  220  128 329 -427  2
4218500 2850500 10  8 16  19.3 1016 161  5.0 2  6.5  46  121  103 331 -423  2
4218500 2850500 10  8 17  17.6 1016 155  4.2 3  6.5  49   39   57 328 -415  2
4218500 2850500 10  8 18  15.3 1016 139  3.8 3  6.6  56    1   10 324 -404  2
4218500 2850500 10  8 19  15.2 1016 138  4.6 3  6.6  62    0    0 319 -393  2
4218500 2850500 10  8 20  14.6 1016 143  4.3 1  6.5  61    0    0 309 -386  2
4218500 2850500 10  8 21  13.8 1017 157  4.5 0  6.3  63    0    0 294 -381  2
4218500 2850500 10  8 22  13.6 1017 141  4.4 0  6.2  64    0    0 287 -377  2
4218500 2850500 10  8 23  12.6 1017 149  4.0 1  6.1  65    0    0 287 -374  2
4218500 2850500 10  8 24  11.6 1017 153  3.9 0  6.0  69    0    0 281 -371  2
4218500 2850500 10  9  1  11.0 1017 153  4.0 1  6.0  72    0    0 277 -369  2
4218500 2850500 10  9  2  10.4 1016 147  3.7 0  5.9  73    0    0 274 -368  2
4218500 2850500 10  9  3  10.0 1016 150  3.7 0  5.7  74    0    0 267 -367  2
4218500 2850500 10  9  4   9.2 1016 149  3.6 0  5.7  77    0    0 263 -367  2
4218500 2850500 10  9  5   9.1 1016 141  3.5 0  5.7  79    0    0 257 -366  2
4218500 2850500 10  9  6   8.6 1016 158  3.7 2  5.6  80    0    0 264 -365  2
4218500 2850500 10  9  7   8.5 1016 149  3.8 5  5.6  81    0    6 289 -365  2
4218500 2850500 10  9  8  10.2 1017 176  3.1 5  5.7  78   12   53 307 -366  2
4218500 2850500 10  9  9  11.9 1018 176  3.2 5  6.0  74   90  113 313 -374  2
4218500 2850500 10  9 10  14.2 1018 203  3.4 5  6.5  70  218  137 321 -387  2
4218500 2850500 10  9 11  16.2 1018 199  2.7 5  7.2  67  278  161 330 -403  2
4218500 2850500 10  9 12  17.7 1018 224  2.5 3  7.8  65  312  174 325 -418  2
4218500 2850500 10  9 13  18.9 1019 177  2.3 2  8.2  63  320  173 313 -428  2
4218500 2850500 10  9 14  19.8 1018 176  2.7 1  8.6  62  273  167 305 -433  2
4218500 2850500 10  9 15  19.5 1018 164  3.0 3  8.8  62  202  145 314 -433  2
4218500 2850500 10  9 16  19.0 1018 170  2.5 4  8.7  63   88  120 332 -428  2
4218500 2850500 10  9 17  17.4 1019 168  2.2 5  8.8  67   22   57 340 -420  2
4218500 2850500 10  9 18  15.2 1019 148  2.3 6  8.8  76    0    7 344 -410  2
4218500 2850500 10  9 19  13.7 1020 153  3.0 4  8.7  85    0    0 332 -401  2
4218500 2850500 10  9 20  12.8 1020 151  2.8 3  8.5  90    0    0 314 -396  2
4218500 2850500 10  9 21  12.8 1020 153  2.9 4  8.4  92    0    0 315 -394  2
4218500 2850500 10  9 22  12.3 1021 153  2.9 3  8.3  92    0    0 315 -393  2
4218500 2850500 10  9 23  10.9 1021 166  2.3 2  7.9  94    0    0 302 -390  2
4218500 2850500 10  9 24   9.8 1020 169  1.8 3  7.4  95    0    0 296 -388  2
4218500 2850500 10 10  1   9.8 1020 132  2.4 2  7.2  96    0    0 292 -387  2
4218500 2850500 10 10  2   9.6 1020 125  2.5 1  7.2  97    0    0 283 -386  2
4218500 2850500 10 10  3   9.2 1020 124  2.3 0  7.0  96    0    0 275 -386  2
4218500 2850500 10 10  4   8.4 1020 127  2.4 0  6.8  96    0    0 270 -384  2
4218500 2850500 10 10  5   8.4 1020 140  2.3 1  6.6  97    0    0 271 -381  2
4218500 2850500 10 10  6   8.2 1021 132  2.4 2  6.6  97    0    0 278 -378  2
4218500 2850500 10 10  7   8.2 1021 138  2.5 5  6.6  98    0    6 289 -376  2
4218500 2850500 10 10  8   8.8 1021 132  1.9 5  6.7  97   31   53 299 -378  2
4218500 2850500 10 10  9  11.4 1021 137  2.7 4  7.1  93   78  114 300 -385  2
4218500 2850500 10 10 10  13.6 1023 150  2.6 5  7.5  84  120  175 308 -396  2
4218500 2850500 10 10 11  16.0 1023 130  3.0 6  7.6  73  167  211 321 -409  2
4218500 2850500 10 10 12  16.8 1022 138  3.1 6  7.7  67  214  220 331 -422  2
4218500 2850500 10 10 13  18.1 1022 133  3.3 6  7.9  64  206  224 334 -431  2
4218500 2850500 10 10 14  18.4 1022 124  4.2 6  8.0  62  172  211 338 -435  2
4218500 2850500 10 10 15  18.8 1021 137  3.5 5  7.9  59  141  171 336 -434  2
4218500 2850500 10 10 16  17.8 1021 136  3.0 5  7.7  59  101  113 332 -429  2
4218500 2850500 10 10 17  16.1 1021 126  2.3 5  7.7  65   27   57 326 -419  2
4218500 2850500 10 10 18  13.8 1021 115  3.1 5  7.7  74    0    8 319 -407  2
4218500 2850500 10 10 19  12.2 1021 107  3.3 3  7.6  82    0    0 306 -397  2
4218500 2850500 10 10 20  11.8 1021 116  3.4 2  7.7  89    0    0 295 -390  2
4218500 2850500 10 10 21  11.6 1021 125  3.7 1  7.7  90    0    0 288 -385  2
4218500 2850500 10 10 22   9.9 1020 123  3.5 1  7.4  93    0    0 282 -381  2
4218500 2850500 10 10 23   9.9 1020 123  3.7 0  7.1  94    0    0 275 -378  2
4218500 2850500 10 10 24   9.4 1020 123  3.7 0  6.9  93    0    0 271 -375  2
4218500 2850500 10 11  1   9.2 1020 126  3.5 1  6.8  94    0    0 271 -372  2
4218500 2850500 10 11  2   8.9 1020 117  3.6 0  6.8  95    0    0 271 -369  2
4218500 2850500 10 11  3   8.7 1020 120  3.3 0  6.6  94    0    0 266 -366  2
4218500 2850500 10 11  4   8.4 1020 112  3.6 0  6.5  94    0    0 265 -362  2
4218500 2850500 10 11  5   7.7 1020 114  3.4 0  6.3  95    0    0 262 -359  2
4218500 2850500 10 11  6   7.8 1020 103  3.5 0  6.2  96    0    0 260 -355  2
4218500 2850500 10 11  7   7.6 1019 103  3.3 0  6.2  95    0    8 259 -352  2
4218500 2850500 10 11  8   8.5 1019 105  3.2 0  6.4  95   61   48 258 -352  2
4218500 2850500 10 11  9  11.8 1019 107  3.4 0  6.9  90  169   80 263 -357  2
4218500 2850500 10 11 10  14.6 1021 125  4.7 0  7.0  74  271   99 270 -368  2
4218500 2850500 10 11 11  17.0 1020 126  5.2 0  6.8  61  347  108 277 -382  2
4218500 2850500 10 11 12  18.4 1020 130  6.2 0  6.7  53  377  115 283 -394  2
4218500 2850500 10 11 13  19.0 1019 135  6.2 0  6.5  48  353  127 286 -404  2
4218500 2850500 10 11 14  19.5 1019 134  5.3 0  6.4  46  304  126 288 -410  2
4218500 2850500 10 11 15  19.8 1018 118  5.9 0  6.5  46  238  106 289 -412  2
4218500 2850500 10 11 16  18.6 1018 120  4.9 0  6.6  48  127   91 288 -409  2
4218500 2850500 10 11 17  16.8 1018 108  3.9 0  6.7  54   32   50 284 -401  2
4218500 2850500 10 11 18  14.5 1018 101  3.6 0  7.0  63    0    5 279 -391  2
4218500 2850500 10 11 19  14.7 1018 113  4.6 0  7.2  70    0    0 275 -382  2
4218500 2850500 10 11 20  13.6 1018 118  4.7 0  7.2  72    0    0 274 -376  2
4218500 2850500 10 11 21  13.0 1018 118  4.4 0  7.1  75    0    0 272 -372  2
4218500 2850500 10 11 22  12.3 1019 125  4.0 0  7.1  78    0    0 270 -368  2
4218500 2850500 10 11 23  11.3 1019 125  3.8 0  7.0  82    0    0 268 -364  2
4218500 2850500 10 11 24  10.3 1018 126  3.9 0  7.0  87    0    0 266 -363  2
4218500 2850500 10 12  1  10.0 1018 120  4.1 0  6.9  90    0    0 265 -361  2
4218500 2850500 10 12  2  10.1 1018 124  4.2 0  6.8  89    0    0 265 -359  2
4218500 2850500 10 12  3   9.8 1018 127  4.6 0  6.5  86    0    0 265 -357  2
4218500 2850500 10 12  4   9.8 1018 136  4.2 0  6.5  86    0    0 265 -356  2
4218500 2850500 10 12  5   9.9 1018 122  3.4 0  6.4  85    0    0 266 -354  2
4218500 2850500 10 12  6   9.2 1018 119  3.0 0  6.2  84    0    0 266 -352  2
4218500 2850500 10 12  7   8.9 1018 127  4.4 0  6.2  87    2    6 265 -350  2
4218500 2850500 10 12  8  10.2 1018 136  4.6 0  6.5  88   60   45 267 -350  2
4218500 2850500 10 12  9  12.7 1020 138  4.5 0  6.5  78  162   76 272 -355  2
4218500 2850500 10 12 10  14.9 1020 145  5.0 0  6.5  66  264   94 278 -366  2
4218500 2850500 10 12 11  16.4 1019 147  5.4 0  6.4  58  338  104 283 -380  2
4218500 2850500 10 12 12  17.6 1019 142  4.9 0  6.2  52  366  113 288 -393  2
4218500 2850500 10 12 13  18.2 1018 146  5.4 0  6.2  49  341  128 292 -403  2
4218500 2850500 10 12 14  18.9 1018 142  4.7 0  6.3  47  294  126 294 -409  2
4218500 2850500 10 12 15  18.4 1018 131  4.9 0  6.2  47  225  109 295 -411  2
4218500 2850500 10 12 16  17.3 1017 119  4.8 0  6.3  50  121   90 293 -407  2
4218500 2850500 10 12 17  15.5 1017 109  4.0 0  6.3  54   30   46 289 -400  2
4218500 2850500 10 12 18  13.5 1017 119  3.5 1  6.2  61    0    4 287 -389  2
4218500 2850500 10 12 19  11.5 1017 111  2.7 0  6.3  70    0    0 282 -380  2
4218500 2850500 10 12 20  10.5 1018 106  3.1 0  6.5  79    0    0 275 -373  2
4218500 2850500 10 12 21  10.5 1017 117  3.6 0  6.6  84    0    0 273 -368  2
4218500 2850500 10 12 22   9.9 1017 124  3.6 0  6.8  88    0    0 273 -364  2
4218500 2850500 10 12 23   9.8 1017 119  3.0 0  6.8  90    0    0 273 -360  2
4218500 2850500 10 12 24   9.3 1017 117  3.3 0  6.5  88    0    0 272 -357  2
4218500 2850500 10 13  1   8.2 1017 106  2.9 0  6.3  90    0    0 269 -354  2
4218500 2850500 10 13  2   7.3 1017 103  2.7 0  6.0  92    0    0 264 -351  2
4218500 2850500 10 13  3   6.9 1016  98  2.7 0  5.9  94    0    0 262 -348  2
4218500 2850500 10 13  4   7.0 1016  91  2.2 0  5.8  94    0    0 262 -346  2
4218500 2850500 10 13  5   6.6 1016  81  2.5 0  5.7  93    0    0 262 -344  2
4218500 2850500 10 13  6   6.0 1016  77  2.8 2  5.7  96    0    0 267 -342  2
4218500 2850500 10 13  7   6.4 1016  97  2.1 3  5.8  98    0    3 276 -340  2
4218500 2850500 10 13  8   7.7 1017  95  2.3 3  6.1  98   38   43 284 -340  2
4218500 2850500 10 13  9  10.2 1017 108  2.1 3  6.6  93  107   90 290 -346  2
4218500 2850500 10 13 10  12.4 1018 119  2.8 1  6.9  83  231  108 288 -359  2
4218500 2850500 10 13 11  14.6 1018 117  2.6 0  6.9  72  307  122 280 -374  2
4218500 2850500 10 13 12  15.8 1018 100  3.0 0  6.9  64  334  135 281 -388  2
4218500 2850500 10 13 13  17.1 1018 120  2.7 0  7.1  61  327  142 286 -399  2
4218500 2850500 10 13 14  17.4 1017 113  2.5 0  6.8  56  279  139 288 -405  2
4218500 2850500 10 13 15  17.5 1017 113  2.7 0  6.5  53  199  125 288 -406  2
4218500 2850500 10 13 16  16.4 1017  91  2.8 0  6.5  54  104   98 286 -401  2
4218500 2850500 10 13 17  14.3 1017  87  2.8 0  6.5  60   24   46 281 -391  2
4218500 2850500 10 13 18  12.6 1017  92  2.6 0  6.6  69    0    3 276 -378  2
4218500 2850500 10 13 19  10.5 1017  87  2.1 0  6.7  79    0    0 271 -367  2
4218500 2850500 10 13 20   9.7 1017  76  2.5 0  6.7  87    0    0 267 -361  2
4218500 2850500 10 13 21   8.5 1017  79  2.7 0  6.5  91    0    0 265 -356  2
4218500 2850500 10 13 22   8.3 1017  92  2.4 0  6.4  93    0    0 263 -352  2
4218500 2850500 10 13 23   7.6 1018 116  1.9 0  6.2  94    0    0 259 -350  2
4218500 2850500 10 13 24   7.0 1018  96  1.9 0  6.0  95    0    0 254 -350  2
4218500 2850500 10 14  1   6.3 1018  92  1.8 0  5.9  97    0    0 249 -352  2
4218500 2850500 10 14  2   5.8 1018 117  1.9 0  5.7  98    0    0 242 -356  2
4218500 2850500 10 14  3   5.9 1018 116  2.0 0  5.6  98    0    0 237 -360  2
4218500 2850500 10 14  4   5.0 1018 102  1.3 0  5.5  98    0    0 237 -363  2
4218500 2850500 10 14  5   4.8 1018  81  0.9 0  5.3  99    0    0 237 -365  2
4218500 2850500 10 14  6   4.4 1019  93  1.3 0  5.2  99    0    0 235 -367  2
4218500 2850500 10 14  7   4.6 1019  68  0.8 1  5.1  98    0    4 233 -369  2
4218500 2850500 10 14  8   6.1 1020 116  1.6 2  5.5  99   49   40 241 -365  2
4218500 2850500 10 14  9   9.5 1021 131  1.1 2  6.4  98  146   74 252 -362  2
4218500 2850500 10 14 10  12.6 1021 149  1.3 2  7.2  88  247   93 262 -365  2
4218500 2850500 10 14 11  14.9 1022 158  1.7 1  6.9  71  316  106 266 -372  2
4218500 2850500 10 14 12  16.3 1023 117  0.8 1  6.5  60  340  118 271 -379  2
4218500 2850500 10 14 13  17.7 1023 225  1.0 3  6.4  53  316  133 292 -386  2
4218500 2850500 10 14 14  17.3 1023 224  1.5 4  6.2  50  207  156 312 -391  2
4218500 2850500 10 14 15  17.7 1023 231  1.4 4  6.1  49  170  127 317 -391  2
4218500 2850500 10 14 16  16.7 1023 236  1.2 4  6.0  50  102   92 316 -387  2
4218500 2850500 10 14 17  14.9 1023 259  1.0 4  6.2  56   20   41 311 -380  2
4218500 2850500 10 14 18  11.8 1023 198  1.0 2  6.3  66    0    2 295 -371  2
4218500 2850500 10 14 19  10.0 1022 212  0.7 1  6.2  77    0    0 274 -363  2
4218500 2850500 10 14 20   8.4 1023 173  1.2 1  6.3  88    0    0 264 -357  2
4218500 2850500 10 14 21   7.4 1023 254  0.9 1  6.2  95    0    0 259 -353  2
4218500 2850500 10 14 22   7.4 1024 255  1.4 2  6.1  95    0    0 261 -350  2
4218500 2850500 10 14 23   6.3 1024 249  1.4 2  5.9  96    0    0 264 -348  2
4218500 2850500 10 14 24   5.9 1024 243  1.8 2  5.6  97    0    0 261 -346  2
4218500 2850500 10 15  1   5.9 1024 216  2.5 4  5.6  98    0    0 270 -343  2
4218500 2850500 10 15  2   6.2 1024 230  2.5 4  5.7  99    0    0 279 -341  2
4218500 2850500 10 15  3   5.7 1024 300  1.8 3  5.7  99    0    0 275 -340  2
4218500 2850500 10 15  4   6.2 1024 276  2.3 4  5.7  99    0    0 276 -338  2
4218500 2850500 10 15  5   6.1 1024 319  2.5 4  5.7  98    0    0 280 -336  2
4218500 2850500 10 15  6   5.8 1024 309  2.1 4  5.6  98    0    0 281 -334  2
4218500 2850500 10 15  7   6.3 1024 277  2.2 3  5.7  99    0    4 277 -332  2
4218500 2850500 10 15  8   6.8 1024 331  2.1 3  5.9  99   49   40 275 -332  2
4218500 2850500 10 15  9   9.5 1025 350  1.4 2  6.5  97  140   75 277 -337  2
4218500 2850500 10 15 10  11.8 1025  14  2.2 2  7.4  93  227  100 282 -349  2
4218500 2850500 10 15 11  12.8 1026 359  2.1 1  7.4  84  308  112 282 -363  2
4218500 2850500 10 15 12  14.2 1026  12  2.6 1  6.4  67  339  122 281 -376  2
4218500 2850500 10 15 13  15.1 1026   6  2.8 1  5.4  53  297  144 282 -385  2
4218500 2850500 10 15 14  15.1 1026  14  3.4 1  5.5  52  252  139 283 -390  2
4218500 2850500 10 15 15  15.2 1026  14  3.2 1  6.0  57  189  121 285 -391  2
4218500 2850500 10 15 16  14.4 1025 356  3.1 2  6.0  58   72   94 287 -387  2
4218500 2850500 10 15 17  13.3 1025  22  3.5 2  5.7  59   16   36 284 -379  2
4218500 2850500 10 15 18  11.6 1025  19  3.3 1  5.1  58    0    2 275 -369  2
4218500 2850500 10 15 19  10.3 1025  31  3.0 0  4.7  59    0    0 263 -361  2
4218500 2850500 10 15 20   9.9 1025  29  3.1 0  4.6  60    0    0 258 -357  2
4218500 2850500 10 15 21   9.2 1026  32  3.4 0  4.6  63    0    0 256 -354  2
4218500 2850500 10 15 22   8.9 1026  33  3.5 0  4.7  66    0    0 254 -350  2
4218500 2850500 10 15 23   7.6 1026  38  2.8 0  4.7  70    0    0 252 -347  2
4218500 2850500 10 15 24   6.8 1026  29  2.5 0  4.8  77    0    0 248 -344  2
4218500 2850500 10 16  1   5.5 1026  24  2.0 0  4.9  84    0    0 244 -341  2
4218500 2850500 10 16  2   4.0 1026  32  1.6 0  4.9  93    0    0 240 -338  2
4218500 2850500 10 16  3   3.2 1026  28  1.4 0  4.7  96    0    0 237 -335  2
4218500 2850500 10 16  4   2.6 1026  24  1.2 0  4.5  96    0    0 234 -332  2
4218500 2850500 10 16  5   2.3 1026  52  1.1 0  4.4  98    0    0 234 -330  2
4218500 2850500 10 16  6   1.7 1026  31  1.2 0  4.3  99    0    0 233 -329  2
4218500 2850500 10 16  7   1.4 1026 359  1.2 1  4.2 100    0    3 235 -327  2
4218500 2850500 10 16  8   2.5 1027   2  1.4 2  4.3  99   44   37 243 -328  2
4218500 2850500 10 16  9   5.9 1027 354  1.0 3  4.9  98  101   80 259 -332  2
4218500 2850500 10 16 10   9.5 1027 351  1.5 4  5.8  89  184  109 280 -342  2
4218500 2850500 10 16 11  10.6 1027  22  1.9 5  5.7  75  156  171 296 -355  2
4218500 2850500 10 16 12  11.5 1027  74  2.2 6  5.4  66   71  206 308 -366  2
4218500 2850500 10 16 13  11.6 1026  52  3.3 5  5.1  61   39  193 311 -374  2
4218500 2850500 10 16 14  11.8 1026  30  3.9 5  5.0  59    7  144 308 -377  2
4218500 2850500 10 16 15  11.3 1025  47  4.0 6  4.9  59    1  104 313 -377  2
4218500 2850500 10 16 16  11.0 1025  52  3.8 5  4.8  58    3   72 312 -374  2
4218500 2850500 10 16 17  10.2 1025  15  2.9 6  4.7  60   10   34 311 -369  2
4218500 2850500 10 16 18  10.2 1025  21  2.8 7  4.8  63    0    0 318 -364  2
4218500 2850500 10 16 19  10.4 1025  28  2.8 7  5.0  65    0    0 323 -361  2
4218500 2850500 10 16 20  10.3 1025  18  2.6 7  5.3  68    0    0 323 -359  2
4218500 2850500 10 16 21   8.4 1026  33  2.8 4  5.4  74    0    0 307 -358  2
4218500 2850500 10 16 22   7.4 1026  30  2.5 2  5.4  82    0    0 284 -357  2
4218500 2850500 10 16 23   7.3 1026  20  2.6 3  5.6  89    0    0 278 -356  2
4218500 2850500 10 16 24   8.3 1026  29  2.6 6  5.9  91    0    0 294 -355  2
4218500 2850500 10 17  1   8.1 1026  23  2.8 7  6.0  90    0    0 311 -354  2
4218500 2850500 10 17  2   8.6 1026  47  3.5 7  6.1  90    0    0 314 -353  2
4218500 2850500 10 17  3   8.6 1025  45  3.3 7  6.2  90    0    0 315 -353  2
4218500 2850500 10 17  4   8.7 1025  41  2.9 7  6.3  91    0    0 314 -352  2
4218500 2850500 10 17  5   8.6 1025  40  2.4 7  6.3  91    0    0 312 -350  2
4218500 2850500 10 17  6   8.7 1025  39  2.6 7  6.3  91    0    0 311 -349  2
4218500 2850500 10 17  7   8.8 1025  49  2.9 8  6.4  92    0    0 315 -347  2
4218500 2850500 10 17  8   9.3 1026  46  3.1 8  6.5  92    9   37 320 -345  2
4218500 2850500 10 17  9  10.3 1026  49  2.8 7  6.7  90   23  104 321 -349  2
4218500 2850500 10 17 10  10.9 1026  50  3.6 6  6.8  86   35  160 317 -356  2
4218500 2850500 10 17 11  11.9 1026  53  3.0 6  6.6  80   50  199 317 -365  2
4218500 2850500 10 17 12  12.5 1026  41  3.3 7  6.5  74   18  189 324 -375  2
4218500 2850500 10 17 13  12.8 1026  39  3.7 6  6.5  72   15  180 328 -383  2
4218500 2850500 10 17 14  13.6 1026  36  3.7 5  6.3  68   64  201 323 -386  2
4218500 2850500 10 17 15  12.9 1025  36  4.2 5  6.1  65   43  156 318 -383  2
4218500 2850500 10 17 16  12.5 1025  38  3.2 6  6.2  68    3   74 323 -379  2
4218500 2850500 10 17 17  11.6 1024  58  2.5 7  6.2  72    0   24 330 -374  2
4218500 2850500 10 17 18  11.3 1024  47  2.5 8  6.2  74    0    0 336 -369  2
4218500 2850500 10 17 19  11.0 1024  43  2.9 7  6.3  77    0    0 334 -366  2
4218500 2850500 10 17 20  10.6 1024  48  3.5 7  6.4  80    0    0 327 -363  2
4218500 2850500 10 17 21  10.1 1024  50  3.6 6  6.5  83    0    0 322 -359  2
4218500 2850500 10 17 22   9.9 1024  56  3.1 6  6.5  86    0    0 316 -353  2
4218500 2850500 10 17 23   9.6 1025  67  2.8 7  6.5  87    0    0 317 -348  2
4218500 2850500 10 17 24   9.2 1024  67  2.7 6  6.5  89    0    0 314 -343  2
4218500 2850500 10 18  1   9.1 1024  67  2.7 7  6.5  91    0    0 312 -340  2
4218500 2850500 10 18  2   8.2 1024  67  2.7 6  6.4  93    0    0 311 -338  2
4218500 2850500 10 18  3   8.1 1024  69  2.1 7  6.4  95    0    0 310 -336  2
4218500 2850500 10 18  4   7.7 1023  65  1.8 7  6.4  97    0    0 315 -334  2
4218500 2850500 10 18  5   7.8 1023  49  2.0 7  6.3  97    0    0 316 -332  2
4218500 2850500 10 18  6   7.0 1023  56  2.0 7  6.2  97    0    0 315 -331  2
4218500 2850500 10 18  7   6.1 1023  67  2.3 5  5.9  99    0    1 303 -330  2
4218500 2850500 10 18  8   6.8 1024  65  2.4 5  5.9  99   47   33 293 -330  2
4218500 2850500 10 18  9   8.4 1024  74  2.6 5  6.0  94   77   81 296 -334  2
4218500 2850500 10 18 10   9.2 1024  73  3.6 6  5.9  84   74  140 304 -344  2
4218500 2850500 10 18 11  10.2 1024  83  4.0 6  5.5  74   63  174 311 -357  2
4218500 2850500 10 18 12  10.5 1024  90  4.8 6  5.1  66   54  190 313 -369  2
4218500 2850500 10 18 13  10.4 1024  92  4.6 6  4.7  60   14  164 312 -378  2
4218500 2850500 10 18 14  10.1 1023  85  4.0 6  4.6  60   22  154 309 -383  2
4218500 2850500 10 18 15  11.0 1023 120  3.4 5  4.7  60   75  136 304 -383  2
4218500 2850500 10 18 16  10.5 1022  94  3.0 3  4.7  59   65   85 293 -378  2
4218500 2850500 10 18 17   9.4 1022 104  2.3 2  4.7  62   14   32 280 -368  2
4218500 2850500 10 18 18   7.4 1021 127  1.9 1  4.7  69    0    0 267 -357  2
4218500 2850500 10 18 19   5.1 1022 126  1.9 0  4.7  80    0    0 250 -348  2
4218500 2850500 10 18 20   3.9 1022 102  1.4 0  4.7  91    0    0 239 -343  2
4218500 2850500 10 18 21   3.5 1022 121  1.9 0  4.6  94    0    0 237 -339  2
4218500 2850500 10 18 22   2.8 1022 103  1.8 0  4.5  95    0    0 235 -337  2
4218500 2850500 10 18 23   2.7 1022  81  1.4 0  4.4  96    0    0 233 -336  2
4218500 2850500 10 18 24   2.2 1021 104  2.4 0  4.4  97    0    0 232 -334  2
4218500 2850500 10 19  1   2.2 1021 101  2.5 0  4.3  98    0    0 232 -333  2
4218500 2850500 10 19  2   2.3 1021 113  2.3 0  4.4  99    0    0 232 -331  2
4218500 2850500 10 19  3   2.0 1020 117  2.8 0  4.4 100    0    0 233 -330  2
4218500 2850500 10 19  4   2.2 1020 121  2.7 0  4.4 100    0    0 234 -330  2
4218500 2850500 10 19  5   1.5 1020 111  2.6 0  4.3 100    0    0 234 -329  2
4218500 2850500 10 19  6   2.0 1020 124  3.1 0  4.3 100    0    0 235 -328  2
4218500 2850500 10 19  7   1.4 1019 110  3.4 0  4.2  99    0    0 235 -327  2
4218500 2850500 10 19  8   3.4 1019 117  3.5 0  4.3  96   47   30 237 -328  2
4218500 2850500 10 19  9   5.9 1019 138  3.9 0  4.6  88  153   52 242 -333  2
4218500 2850500 10 19 10   8.2 1018 125  4.3 0  4.9  78  256   63 248 -343  2
4218500 2850500 10 19 11   9.6 1018 139  5.2 0  4.9  70  321   77 254 -356  2
4218500 2850500 10 19 12  11.4 1018 130  5.0 1  4.9  62  344   86 260 -369  2
4218500 2850500 10 19 13  12.5 1018 128  4.1 1  4.8  56  310  106 268 -378  2
4218500 2850500 10 19 14  13.3 1017 124  4.9 1  4.8  52  256  109 271 -383  2
4218500 2850500 10 19 15  13.4 1016 130  4.5 1  4.8  51  181   98 272 -384  2
4218500 2850500 10 19 16  11.9 1015 121  4.2 1  4.9  54   93   73 271 -381  2
4218500 2850500 10 19 17  10.5 1015 117  3.3 4  5.0  60    7   30 272 -373  2
4218500 2850500 10 19 18   9.3 1014 117  3.7 5  5.1  68    0    0 277 -364  2
4218500 2850500 10 19 19   8.5 1013 116  3.7 5  5.3  74    0    0 276 -357  2
4218500 2850500 10 19 20   7.8 1013 138  3.4 5  5.3  78    0    0 274 -352  2
4218500 2850500 10 19 21   6.8 1013 127  3.6 5  5.2  81    0    0 272 -349  2
4218500 2850500 10 19 22   6.8 1012 129  3.9 5  5.0  82    0    0 270 -345  2
4218500 2850500 10 19 23   6.7 1012 147  3.8 5  4.9  80    0    0 270 -342  2
4218500 2850500 10 19 24   6.5 1012 158  3.6 6  4.8  79    0    0 271 -340  2
4218500 2850500 10 20  1   6.1 1012 148  3.3 7  4.8  80    0    0 275 -338  2
4218500 2850500 10 20  2   5.6 1011 150  3.4 6  4.8  83    0    0 274 -338  2
4218500 2850500 10 20  3   4.8 1011 161  3.3 5  4.7  85    0    0 268 -337  2
4218500 2850500 10 20  4   4.2 1011 151  3.2 2  4.6  88    0    0 256 -338  2
4218500 2850500 10 20  5   4.4 1010 161  3.1 1  4.6  89    0    0 240 -340  2
4218500 2850500 10 20  6   3.8 1010 162  3.0 2  4.5  89    0    0 237 -340  2
4218500 2850500 10 20  7   3.5 1009 158  2.7 3  4.6  92    0    0 241 -340  2
4218500 2850500 10 20  8   5.4 1009 168  3.3 5  4.8  91   11   39 254 -341  2
4218500 2850500 10 20  9   7.5 1009 188  3.2 5  5.0  83   67  101 268 -344  2
4218500 2850500 10 20 10   9.9 1010 175  3.3 5  5.3  75  118  155 273 -352  2
4218500 2850500 10 20 11  11.6 1010 172  3.8 6  5.8  71  107  205 287 -362  2
4218500 2850500 10 20 12  13.3 1009 162  4.4 6  6.2  69  131  226 302 -373  2
4218500 2850500 10 20 13  14.9 1008 177  4.2 6  6.7  66  139  229 310 -383  2
4218500 2850500 10 20 14  15.2 1008 167  4.3 6  7.0  66   74  203 316 -391  2
4218500 2850500 10 20 15  15.2 1007 173  4.1 7  7.3  67   29  145 325 -395  2
4218500 2850500 10 20 16  15.0 1007 177  4.2 7  7.4  69    9   83 334 -394  2
4218500 2850500 10 20 17  13.8 1007 176  3.4 7  7.4  72    2   29 334 -389  2
4218500 2850500 10 20 18  13.0 1007 173  3.3 7  7.4  77    0    0 333 -383  2
4218500 2850500 10 20 19  12.1 1007 172  3.3 7  7.4  81    0    0 331 -381  2
4218500 2850500 10 20 20  11.9 1007 184  3.0 7  7.4  84    0    0 330 -380  2
4218500 2850500 10 20 21  11.1 1007 182  2.5 7  7.3  86    0    0 330 -379  2
4218500 2850500 10 20 22  11.0 1007 200  2.5 7  7.5  90    0    0 330 -378  2
4218500 2850500 10 20 23  11.3 1007 214  2.8 7  7.7  92    0    0 330 -375  2
4218500 2850500 10 20 24  10.5 1007 216  2.4 5  7.6  93    0    0 315 -373  2
4218500 2850500 10 21  1   9.7 1007 208  2.2 6  7.4  96    0    0 303 -371  2
4218500 2850500 10 21  2   9.6 1007 206  2.2 6  7.4  98    0    0 306 -370  2
4218500 2850500 10 21  3  10.0 1007 195  2.0 8  7.5  98    0    0 324 -370  2
4218500 2850500 10 21  4   9.9 1007 214  2.0 8  7.5  98    0    0 344 -369  2
4218500 2850500 10 21  5  10.2 1007 157  1.8 8  7.6  98    0    0 343 -369  2
4218500 2850500 10 21  6  10.2 1006 162  2.0 8  7.6  98    0    0 342 -369  2
4218500 2850500 10 21  7  10.2 1006 164  2.1 8  7.6  98    0    0 341 -370  2
4218500 2850500 10 21  8  10.3 1006 159  2.0 8  7.7  98    3   29 341 -371  2
4218500 2850500 10 21  9  10.7 1006 150  1.9 7  7.9  99   18   94 333 -374  2
4218500 2850500 10 21 10  10.8 1005 162  2.6 8  8.0  98    6  119 334 -380  2
4218500 2850500 10 21 11  11.7 1005 133  2.9 7  8.2  98   19  171 336 -389  2
4218500 2850500 10 21 12  12.7 1005 148  3.7 5  8.1  90   90  228 311 -399  2
4218500 2850500 10 21 13  13.9 1004 163  3.5 6  7.7  80   60  217 305 -408  2
4218500 2850500 10 21 14  14.2 1003 161  3.9 6  7.5  74   51  193 319 -413  2
4218500 2850500 10 21 15  14.6 1003 159  3.9 6  7.5  72   44  155 322 -413  2
4218500 2850500 10 21 16  14.8 1002 158  3.7 7  7.7  73    6   78 333 -410  2
4218500 2850500 10 21 17  14.0 1001 156  3.6 7  7.8  75    0   19 341 -405  2
4218500 2850500 10 21 18  13.7 1001 159  4.5 8  7.7  77    0    0 348 -400  2
4218500 2850500 10 21 19  13.0 1001 161  4.4 7  7.5  78    0    0 348 -395  2
4218500 2850500 10 21 20  12.2 1001 171  4.5 8  7.2  78    0    0 346 -393  2
4218500 2850500 10 21 21  12.4 1000 166  4.6 7  7.2  79    0    0 346 -391  2
4218500 2850500 10 21 22  12.2 1000 172  4.3 8  7.2  79    0    0 347 -390  2
4218500 2850500 10 21 23  12.1 1000 178  4.8 8  7.2  81    0    0 352 -388  2
4218500 2850500 10 21 24  11.8 1000 171  4.5 6  7.3  83    0    0 340 -387  2
4218500 2850500 10 22  1  11.5  999 180  4.5 5  7.2  83    0    0 319 -386  2
4218500 2850500 10 22  2  11.5  999 180  5.1 6  7.1  82    0    0 319 -385  2
4218500 2850500 10 22  3  12.1  998 179  5.6 7  7.1  81    0    0 333 -384  2
4218500 2850500 10 22  4  12.0  998 177  4.7 7  7.4  83    0    0 340 -383  2
4218500 2850500 10 22  5  12.1  997 178  4.8 6  7.7  86    0    0 335 -383  2
4218500 2850500 10 22  6  12.8  997 184  4.6 7  7.8  86    0    0 335 -384  2
4218500 2850500 10 22  7  12.9  996 191  5.4 7  8.2  87    0    0 342 -384  2
4218500 2850500 10 22  8  13.4  997 199  5.4 8  8.5  89    2   29 349 -384  2
4218500 2850500 10 22  9  14.7  997 208  5.6 7  8.7  86    1   70 353 -385  2
4218500 2850500 10 22 10  14.6  997 203  5.2 8  8.8  83    0   85 355 -387  2
4218500 2850500 10 22 11  15.1  997 214  5.3 8  8.9  83    0   75 363 -390  2
4218500 2850500 10 22 12  15.8  997 212  5.0 7  9.0  81    9  184 361 -391  2
4218500 2850500 10 22 13  16.9  998 242  4.9 6  9.0  76   22  213 356 -395  2
4218500 2850500 10 22 14  16.7  997 222  5.2 7  8.7  71    0  103 357 -397  2
4218500 2850500 10 22 15  13.9  997 223  4.8 7  8.9  81    0   81 357 -399  2
4218500 2850500 10 22 16  13.5  998 239  4.8 8  9.7  97    0   31 357 -403  2
4218500 2850500 10 22 17  13.0  998 247  5.0 7  9.5  98    0    3 355 -401  2
4218500 2850500 10 22 18  12.4  998 223  3.6 6  9.2  98    0    0 341 -396  2
4218500 2850500 10 22 19  12.6  998 220  3.1 6  9.0  98    0    0 336 -392  2
4218500 2850500 10 22 20  11.7  998 171  3.5 6  8.8  98    0    0 334 -391  2
4218500 2850500 10 22 21  12.7  998 203  4.6 5  8.9  98    0    0 329 -390  2
4218500 2850500 10 22 22  13.6  999 219  5.3 7  9.3  96    0    0 339 -390  2
4218500 2850500 10 22 23  13.1  999 229  4.3 7  9.4  96    0    0 351 -391  2
4218500 2850500 10 22 24  13.2  999 238  3.8 6  9.3  97    0    0 344 -391  2
4218500 2850500 10 23  1  13.2  999 248  3.7 8  9.4  98    0    0 350 -391  2
4218500 2850500 10 23  2  11.9  999 239  2.8 5  9.1  99    0    0 341 -390  2
4218500 2850500 10 23  3  11.2 1000 220  2.7 3  8.5  98    0    0 307 -388  2
4218500 2850500 10 23  4  11.2 1000 249  2.7 4  8.2  97    0    0 298 -387  2
4218500 2850500 10 23  5  10.8 1000 199  2.0 6  8.2  98    0    0 314 -385  2
4218500 2850500 10 23  6  11.7 1000 175  1.8 7  8.4  99    0    0 333 -383  2
4218500 2850500 10 23  7  11.9 1000 330  2.7 8  8.7  99    0    0 347 -382  2
4218500 2850500 10 23  8  11.6 1000 280  2.6 8  8.7  99    0    6 353 -381  2
4218500 2850500 10 23  9  11.6 1001 269  2.4 8  8.6  99    1   54 351 -384  2
4218500 2850500 10 23 10  12.1 1001 257  4.2 7  8.7  99   38  137 343 -390  2
4218500 2850500 10 23 11  13.4 1002 248  4.7 6  9.0  96   85  177 331 -397  2
4218500 2850500 10 23 12  13.9 1003 247  4.7 5  9.0  91   57  193 321 -404  2
4218500 2850500 10 23 13  14.2 1003 261  5.1 6  8.8  87    4  137 323 -402  2
4218500 2850500 10 23 14  14.6 1004 258  5.1 6  8.5  82    6  129 332 -388  2
4218500 2850500 10 23 15  14.7 1004 250  4.8 4  8.2  78    9  116 320 -376  2
4218500 2850500 10 23 16  14.6 1005 255  5.1 5  7.8  75   16   79 314 -371  2
4218500 2850500 10 23 17  12.2 1005 271  4.2 6  7.7  79    0   14 323 -368  2
4218500 2850500 10 23 18  11.7 1005 283  4.3 7  7.9  90    0    0 329 -365  2
4218500 2850500 10 23 19  11.0 1006 285  4.6 7  8.1  95    0    0 331 -362  2
4218500 2850500 10 23 20  10.2 1007 302  3.3 7  7.7  95    0    0 325 -357  2
4218500 2850500 10 23 21   9.7 1008 291  2.9 7  7.3  95    0    0 321 -351  2
4218500 2850500 10 23 22   9.4 1009 275  3.0 7  7.2  96    0    0 319 -345  2
4218500 2850500 10 23 23   9.4 1011 272  3.1 7  7.0  95    0    0 318 -342  2
4218500 2850500 10 23 24   9.1 1011 272  2.9 7  6.8  93    0    0 318 -341  2
4218500 2850500 10 24  1   8.3 1011 260  3.2 5  6.6  93    0    0 307 -340  2
4218500 2850500 10 24  2   8.0 1011 266  3.0 3  6.4  95    0    0 286 -339  2
4218500 2850500 10 24  3   7.4 1012 253  2.8 2  6.3  96    0    0 273 -339  2
4218500 2850500 10 24  4   7.0 1012 234  2.8 3  6.2  98    0    0 273 -339  2
4218500 2850500 10 24  5   7.3 1012 224  1.9 6  6.2  99    0    0 293 -340  2
4218500 2850500 10 24  6   7.6 1012 212  1.7 7  6.4  99    0    0 315 -341  2
4218500 2850500 10 24  7   7.8 1012 184  1.8 7  6.5  99    0    0 321 -343  2
4218500 2850500 10 24  8   8.4 1012 193  1.7 8  6.6  98    2   24 327 -345  2
4218500 2850500 10 24  9   8.9 1013   0  0.4 7  6.9  98    3   75 329 -349  2
4218500 2850500 10 24 10   9.2 1013 175  1.5 8  7.1  98    0   82 331 -354  2
4218500 2850500 10 24 11   9.6 1014   4  0.6 8  7.2  98    0   68 339 -359  2
4218500 2850500 10 24 12   9.9 1014 137  1.6 8  7.4  98    0   79 339 -365  2
4218500 2850500 10 24 13  10.5 1014 109  1.9 8  7.5  97    0   69 337 -371  2
4218500 2850500 10 24 14  10.6 1013 148  2.0 7  7.7  97    0   68 331 -373  2
4218500 2850500 10 24 15  10.9 1013 137  2.5 6  7.8  97    0   75 319 -372  2
4218500 2850500 10 24 16  10.7 1013 128  2.3 7  7.9  97    0   56 318 -368  2
4218500 2850500 10 24 17  10.6 1013 124  2.5 8  7.9  98    0   14 329 -363  2
4218500 2850500 10 24 18  10.4 1012 136  3.3 8  7.8  98    0    0 334 -359  2
4218500 2850500 10 24 19  10.6 1011 142  3.2 8  7.8  99    0    0 335 -356  2
4218500 2850500 10 24 20  10.6 1011 158  3.5 8  7.9  99    0    0 337 -355  2
4218500 2850500 10 24 21  10.8 1010 181  4.1 8  7.9  99    0    0 341 -355  2
4218500 2850500 10 24 22  10.7 1010 172  4.1 8  8.0  99    0    0 343 -356  2
4218500 2850500 10 24 23  10.8 1009 184  4.5 8  8.0  98    0    0 345 -357  2
4218500 2850500 10 24 24  11.1 1008 194  4.3 8  8.1  98    0    0 348 -359  2
4218500 2850500 10 25  1  11.4 1008 204  4.3 7  8.3  99    0    0 348 -361  2
4218500 2850500 10 25  2  11.5 1008 203  4.1 7  8.4  99    0    0 347 -362  2
4218500 2850500 10 25  3  11.7 1007 202  4.2 7  8.5  99    0    0 348 -363  2
4218500 2850500 10 25  4  12.0 1007 203  4.5 8  8.6  98    0    0 352 -364  2
4218500 2850500 10 25  5  12.2 1006 212  4.8 7  8.7  98    0    0 353 -365  2
4218500 2850500 10 25  6  12.6 1006 203  5.3 8  8.7  96    0    0 354 -366  2
4218500 2850500 10 25  7  12.7 1006 203  5.0 8  8.6  93    0    0 357 -368  2
4218500 2850500 10 25  8  12.3 1005 202  5.5 8  8.6  95    0   16 357 -370  2
4218500 2850500 10 25  9  12.5 1005 191  5.5 7  8.8  97    4   77 352 -373  2
4218500 2850500 10 25 10  13.2 1005 194  5.4 7  8.8  94    1   96 348 -378  2
4218500 2850500 10 25 11  13.7 1004 202  6.7 8  8.7  89    0   68 352 -386  2
4218500 2850500 10 25 12  15.2 1004 211  7.1 6  8.3  80    2  139 350 -394  2
4218500 2850500 10 25 13  15.7 1003 212  7.2 7  8.0  72    4  151 349 -401  2
4218500 2850500 10 25 14  16.0 1002 211  6.4 7  7.9  69    0  111 353 -404  2
4218500 2850500 10 25 15  16.1 1001 212  6.4 7  7.8  68    0   54 353 -405  2
4218500 2850500 10 25 16  15.5 1001 207  5.4 7  8.0  70    0   30 354 -402  2
4218500 2850500 10 25 17  15.6 1000 220  8.0 8  8.1  72    0    9 359 -399  2
4218500 2850500 10 25 18  15.2 1000 221  6.1 8  8.1  73    0    0 365 -395  2
4218500 2850500 10 25 19  15.6 1000 230  6.1 7  8.3  75    0    0 362 -392  2
4218500 2850500 10 25 20  13.9 1000 240  6.9 7  8.7  82    0    0 356 -389  2
4218500 2850500 10 25 21  13.7 1001 239  6.4 7  9.0  90    0    0 353 -386  2
4218500 2850500 10 25 22  13.9 1001 238  5.8 7  9.0  90    0    0 351 -384  2
4218500 2850500 10 25 23  13.8 1002 241  5.7 7  9.2  92    0    0 350 -384  2
4218500 2850500 10 25 24  14.0 1002 237  5.6 5  8.8  88    0    0 337 -384  2
4218500 2850500 10 26  1  13.3 1003 230  6.2 6  8.2  83    0    0 327 -382  2
4218500 2850500 10 26  2  12.9 1003 239  4.8 5  7.7  81    0    0 323 -380  2
4218500 2850500 10 26  3  12.4 1003 224  5.4 3  7.4  80    0    0 303 -379  2
4218500 2850500 10 26  4  12.5 1003 233  5.8 3  7.2  79    0    0 290 -378  2
4218500 2850500 10 26  5  12.3 1004 229  6.1 3  7.2  79    0    0 290 -375  2
4218500 2850500 10 26  6  12.6 1004 238  6.3 2  7.1  78    0    0 286 -374  2
4218500 2850500 10 26  7  13.3 1005 246  6.7 4  7.0  74    0    0 294 -373  2
4218500 2850500 10 26  8  13.6 1006 251  7.7 5  6.9  71   10   23 315 -372  2
4218500 2850500 10 26  9  14.2 1007 251  8.0 3  6.9  69   94   59 312 -373  2
4218500 2850500 10 26 10  14.5 1008 251  7.5 5  7.1  69   57  129 316 -378  2
4218500 2850500 10 26 11  15.1 1008 251  8.2 5  7.2  68   73  166 329 -385  2
4218500 2850500 10 26 12  15.4 1009 266  7.3 4  7.1  66  113  183 325 -393  2
4218500 2850500 10 26 13  15.5 1010 256  8.0 6  7.0  63   44  181 329 -398  2
4218500 2850500 10 26 14  16.2 1010 268  7.5 6  6.8  60   65  167 340 -400  2
4218500 2850500 10 26 15  15.8 1010 260  6.3 4  6.7  59   61  128 329 -399  2
4218500 2850500 10 26 16  15.6 1011 262  6.1 4  6.7  60   16   75 318 -395  2
4218500 2850500 10 26 17  14.7 1011 260  4.2 4  6.7  63    3   20 316 -389  2
4218500 2850500 10 26 18  13.8 1012 262  4.3 2  6.6  65    0    0 302 -383  2
4218500 2850500 10 26 19  12.5 1013 252  3.5 1  6.6  70    0    0 285 -379  2
4218500 2850500 10 26 20  11.7 1014 241  3.5 1  6.8  77    0    0 273 -377  2
4218500 2850500 10 26 21  10.9 1014 236  3.3 1  6.8  82    0    0 266 -375  2
4218500 2850500 10 26 22  10.3 1015 232  3.2 1  6.9  87    0    0 268 -373  2
4218500 2850500 10 26 23  10.1 1016 231  3.2 2  6.8  88    0    0 277 -372  2
4218500 2850500 10 26 24  10.1 1015 227  3.2 3  6.8  87    0    0 287 -370  2
4218500 2850500 10 27  1  10.2 1006 219  3.3 4  6.7  86    0    0 284 -352  2
4218500 2850500 10 27  2  10.3 1006 212  3.4 5  6.7  85    0    0 300 -351  2
4218500 2850500 10 27  3  10.5 1006 211  3.4 6  6.6  84    0    0 304 -350  2
4218500 2850500 10 27  4  10.6 1006 207  3.4 6  6.7  84    0    0 303 -348  2
4218500 2850500 10 27  5  10.7 1006 210  3.3 7  6.6  83    0    0 309 -347  2
4218500 2850500 10 27  6  10.9 1006 189  3.3 7  6.7  82    0    0 315 -346  2
4218500 2850500 10 27  7  11.0 1006 201  2.9 8  6.7  82    0    0 322 -346  2
4218500 2850500 10 27  8  10.7 1006 217  2.7 7  6.8  84    4   19 322 -345  2
4218500 2850500 10 27  9  11.7 1007 220  3.2 6  6.9  83   40   69 313 -348  2
4218500 2850500 10 27 10  12.9 1007 257  3.6 6  6.9  76   72  109 312 -357  2
4218500 2850500 10 27 11  13.2 1008 247  4.0 6  6.8  73   59  146 313 -366  2
4218500 2850500 10 27 12  13.3 1008 280  3.1 7  6.6  70   19  159 318 -374  2
4218500 2850500 10 27 13  13.5 1008 262  3.2 8  6.4  66    0   75 326 -380  2
4218500 2850500 10 27 14  13.4 1007 276  3.2 8  6.3  66    0   55 331 -383  2
4218500 2850500 10 27 15  13.0 1007 275  3.1 8  6.4  68    0   55 331 -382  2
4218500 2850500 10 27 16  12.7 1007 275  2.2 8  6.5  70    0   29 330 -376  2
4218500 2850500 10 27 17  12.3 1008 267  2.2 8  6.6  73    0    2 329 -369  2
4218500 2850500 10 27 18  11.4 1008 264  2.0 8  6.6  76    0    0 327 -362  2
4218500 2850500 10 27 19  11.0 1008 260  1.9 7  6.5  78    0    0 320 -359  2
4218500 2850500 10 27 20  10.6 1008 258  1.7 7  6.6  81    0    0 315 -357  2
4218500 2850500 10 27 21  10.3 1008 257  1.7 8  6.6  83    0    0 321 -357  2
4218500 2850500 10 27 22   9.6 1008 289  1.3 7  6.6  86    0    0 322 -357  2
4218500 2850500 10 27 23   9.5 1008 292  1.0 7  6.6  88    0    0 318 -356  2
4218500 2850500 10 27 24   9.0 1008 285  1.3 8  6.5  89    0    0 323 -357  2
4218500 2850500 10 28  1   9.3 1008 224  1.2 7  6.7  92    0    0 325 -356  2
4218500 2850500 10 28  2   8.8 1008 262  1.4 7  6.7  93    0    0 322 -356  2
4218500 2850500 10 28  3   8.9 1008 268  1.3 7  6.7  94    0    0 325 -356  2
4218500 2850500 10 28  4   8.8 1007 247  1.1 7  6.7  94    0    0 327 -355  2
4218500 2850500 10 28  5   8.7 1007 268  1.6 8  6.6  93    0    0 333 -354  2
4218500 2850500 10 28  6   8.4 1007 176  1.8 8  6.5  94    0    0 340 -353  2
4218500 2850500 10 28  7   8.8 1007 204  2.1 8  6.5  93    0    0 341 -352  2
4218500 2850500 10 28  8   8.7 1007 213  1.8 7  6.6  93    0   15 336 -351  2
4218500 2850500 10 28  9   8.8 1008 201  2.0 6  6.6  93   56   66 325 -351  2
4218500 2850500 10 28 10  10.6 1008 195  2.7 4  6.6  87  117  105 312 -353  2
4218500 2850500 10 28 11  10.8 1008 189  2.8 4  6.7  84  141  136 304 -357  2
4218500 2850500 10 28 12  11.7 1007 228  2.2 3  6.9  82  202  136 301 -360  2
4218500 2850500 10 28 13  12.8 1007 190  1.7 3  6.4  72  137  159 298 -363  2
4218500 2850500 10 28 14  12.8 1006 345  0.8 3  5.9  64   90  151 297 -364  2
4218500 2850500 10 28 15  12.6 1006 133  1.5 5  5.7  62   45  121 305 -363  2
4218500 2850500 10 28 16  11.9 1006  95  2.1 6  5.8  65    4   59 320 -359  2
4218500 2850500 10 28 17  10.7 1006  91  2.8 7  5.8  70    0    9 326 -355  2
4218500 2850500 10 28 18   9.6 1006 108  2.4 6  5.9  76    0    0 320 -353  2
4218500 2850500 10 28 19   9.0 1006  98  3.4 5  6.3  85    0    0 301 -350  2
4218500 2850500 10 28 20   8.9 1006 104  3.1 6  6.6  91    0    0 298 -346  2
4218500 2850500 10 28 21   7.9 1005  93  3.2 5  6.6  95    0    0 294 -344  2
4218500 2850500 10 28 22   7.6 1005  95  3.7 6  6.3  95    0    0 291 -344  2
4218500 2850500 10 28 23   7.9 1005  89  4.6 7  6.2  94    0    0 304 -342  2
4218500 2850500 10 28 24   8.0 1005  86  4.9 8  6.3  94    0    0 318 -340  2
4218500 2850500 10 29  1   8.3 1004  90  5.0 7  6.5  95    0    0 321 -340  2
4218500 2850500 10 29  2   8.7 1003  87  4.8 7  6.5  93    0    0 319 -341  2
4218500 2850500 10 29  3   8.5 1003  89  4.5 8  6.4  91    0    0 327 -341  2
4218500 2850500 10 29  4   8.6 1003  96  5.1 8  6.4  92    0    0 334 -341  2
4218500 2850500 10 29  5   8.4 1002  91  4.7 8  6.4  91    0    0 336 -341  2
4218500 2850500 10 29  6   8.4 1001  97  4.9 8  6.3  90    0    0 337 -342  2
4218500 2850500 10 29  7   8.4 1001 100  3.9 8  6.3  90    0    0 339 -343  2
4218500 2850500 10 29  8   8.3 1001  96  4.0 8  6.3  92    0    7 341 -344  2
4218500 2850500 10 29  9   8.3 1001  97  4.0 8  6.4  93    0   18 342 -345  2
4218500 2850500 10 29 10   8.6 1000  97  3.4 8  6.6  94    0   51 343 -348  2
4218500 2850500 10 29 11   8.8 1000 108  2.6 8  6.8  96    0   44 344 -353  2
4218500 2850500 10 29 12   9.1 1000 115  2.2 8  7.0  97    0   43 346 -358  2
4218500 2850500 10 29 13   9.2 1000 122  2.0 8  7.2  98    0   46 345 -363  2
4218500 2850500 10 29 14   9.5 1000 123  1.8 7  7.3  98    0   51 341 -366  2
4218500 2850500 10 29 15   9.8  999 136  1.8 7  7.5  98    0   48 336 -366  2
4218500 2850500 10 29 16  10.0  999 130  1.9 7  7.6  99    0   38 337 -365  2
4218500 2850500 10 29 17  10.0  999 165  2.1 8  7.7  99    0   12 342 -362  2
4218500 2850500 10 29 18  10.1  999 153  1.5 8  7.7  98    0    0 345 -358  2
4218500 2850500 10 29 19  10.2  999 129  1.3 7  7.7  98    0    0 339 -355  2
4218500 2850500 10 29 20   9.6 1000  83  2.8 6  7.5  98    0    0 326 -353  2
4218500 2850500 10 29 21   9.2  999 154  1.9 5  7.3  98    0    0 310 -352  2
4218500 2850500 10 29 22   9.7  999 148  2.4 6  7.4  99    0    0 309 -352  2
4218500 2850500 10 29 23   9.8  999 154  2.1 7  7.6  99    0    0 321 -352  2
4218500 2850500 10 29 24   9.8  999 120  1.5 6  7.6  99    0    0 321 -353  2
4218500 2850500 10 30  1   9.8  999 123  1.5 8  7.5  98    0    0 327 -353  2
4218500 2850500 10 30  2   9.2  999  79  1.8 8  7.4  99    0    0 342 -354  2
4218500 2850500 10 30  3   9.6  999  96  2.4 8  7.4  99    0    0 343 -354  2
4218500 2850500 10 30  4   9.3  998  79  1.7 7  7.4  99    0    0 335 -356  2
4218500 2850500 10 30  5   9.2  998 111  2.0 6  7.3  99    0    0 319 -357  2
4218500 2850500 10 30  6   9.0  998  93  2.2 7  7.2  99    0    0 319 -358  2
4218500 2850500 10 30  7   8.8  998  88  3.0 7  7.2  99    0    0 328 -360  2
4218500 2850500 10 30  8   8.9  998  97  2.1 7  7.2  99    4   22 329 -362  2
4218500 2850500 10 30  9   9.5  999  87  3.3 7  7.3  99    3   60 331 -365  2
4218500 2850500 10 30 10   9.7  999  67  3.0 8  7.5  99    0   56 338 -370  2
4218500 2850500 10 30 11  11.2  999  80  3.1 7  8.0  99    0   70 343 -377  2
4218500 2850500 10 30 12  11.8  999  80  3.7 7  8.4  97    0   60 342 -384  2
4218500 2850500 10 30 13  11.9  998  76  4.3 7  8.5  97    0   70 345 -388  2
4218500 2850500 10 30 14  12.9  998  81  3.5 6  8.6  94   33  161 342 -388  2
4218500 2850500 10 30 15  13.4  998  88  4.0 6  8.4  88   44  132 340 -386  2
4218500 2850500 10 30 16  12.2  998  93  4.5 7  8.3  88    0   40 343 -382  2
4218500 2850500 10 30 17  11.5  998  90  4.5 8  8.3  94    0   12 348 -379  2
4218500 2850500 10 30 18  11.3  998  97  3.0 8  8.4  98    0    0 349 -376  2
4218500 2850500 10 30 19  11.2  998  95  4.1 8  8.4  99    0    0 347 -375  2
4218500 2850500 10 30 20  11.2  998 106  2.1 7  8.4 100    0    0 343 -374  2
4218500 2850500 10 30 21  11.3  998  99  3.2 8  8.4  99    0    0 343 -373  2
4218500 2850500 10 30 22  11.3  998  73  4.1 7  8.4  99    0    0 343 -372  2
4218500 2850500 10 30 23  11.1  998  47  3.2 8  8.4  99    0    0 342 -371  2
4218500 2850500 10 30 24  11.0  997 100  2.9 8  8.3  99    0    0 344 -368  2
4218500 2850500 10 31  1  10.9  998  71  2.6 8  8.2  99    0    0 344 -366  2
4218500 2850500 10 31  2  10.7  997  62  2.1 8  8.1  99    0    0 343 -365  2
4218500 2850500 10 31  3  10.6  997  91  2.4 8  8.1  99    0    0 342 -364  2
4218500 2850500 10 31  4  10.5  997  50  1.9 8  8.0  99    0    0 341 -362  2
4218500 2850500 10 31  5  10.3  997  60  2.1 8  8.0  99    0    0 341 -360  2
4218500 2850500 10 31  6  10.3  997  49  1.2 8  7.9 100    0    0 339 -359  2
4218500 2850500 10 31  7  10.4  997  59  1.6 8  7.9  99    0    0 337 -358  2
4218500 2850500 10 31  8  10.3  997 102  2.1 8  7.9  99    0    9 336 -358  2
4218500 2850500 10 31  9  10.5  998 167  1.0 5  8.0 100    1   55 325 -359  2
4218500 2850500 10 31 10  10.9  998 286  1.4 8  8.1  99    0   40 325 -363  2
4218500 2850500 10 31 11  11.2  998 325  1.8 8  8.2  99    0   37 336 -368  2
4218500 2850500 10 31 12  11.4  998 295  2.3 8  8.4  99    0   43 338 -371  2
4218500 2850500 10 31 13  11.6  999 284  3.2 8  8.6  99    0   53 340 -372  2
4218500 2850500 10 31 14  11.7  999 279  3.9 7  8.6  99    0   47 337 -371  2
4218500 2850500 10 31 15  11.6 1000 277  3.3 7  8.7 100    2   99 334 -370  2
4218500 2850500 10 31 16  11.7 1001 289  3.1 7  8.7 100    0   30 334 -370  2
4218500 2850500 10 31 17  11.6 1001 281  3.4 8  8.6 100    0    1 337 -368  2
4218500 2850500 10 31 18  11.7 1002 284  3.5 8  8.6 100    0    0 341 -365  2
4218500 2850500 10 31 19  11.7 1003 273  3.6 7  8.6  99    0    0 337 -363  2
4218500 2850500 10 31 20  11.3 1004 270  3.3 7  8.5  99    0    0 331 -359  2
4218500 2850500 10 31 21  11.1 1005 255  3.3 7  8.3  98    0    0 327 -356  2
4218500 2850500 10 31 22  10.7 1006 252  3.2 8  8.1  98    0    0 325 -353  2
4218500 2850500 10 31 23  10.9 1007 257  3.0 7  8.1  99    0    0 321 -350  2
4218500 2850500 10 31 24  10.7 1007 276  2.6 7  8.0  99    0    0 316 -349  2
4218500 2850500 11  1  1  10.7 1008 261  1.9 7  8.0  99    0    0 314 -346  2
4218500 2850500 11  1  2  10.9 1008 256  1.7 8  8.0  98    0    0 318 -344  2
4218500 2850500 11  1  3  11.1 1009 239  2.1 8  8.1  98    0    0 323 -343  2
4218500 2850500 11  1  4  11.2 1009 279  2.2 8  8.2  99    0    0 324 -342  2
4218500 2850500 11  1  5  11.2 1009 282  2.8 8  8.2  98    0    0 327 -340  2
4218500 2850500 11  1  6  11.0 1010 263  2.4 8  8.1  98    0    0 328 -339  2
4218500 2850500 11  1  7  10.9 1011 281  2.7 8  8.1  98    0    0 329 -338  2
4218500 2850500 11  1  8  10.9 1011 280  2.9 8  8.0  98    0   18 329 -338  2
4218500 2850500 11  1  9  10.7 1012 282  2.7 6  7.9  97   14   76 323 -340  2
4218500 2850500 11  1 10  11.4 1012 324  2.7 5  7.7  93   45  132 313 -347  2
4218500 2850500 11  1 11  12.4 1012 283  2.6 6  7.6  88   17  150 317 -357  2
4218500 2850500 11  1 12  12.2 1013 304  2.6 6  7.5  84    1  132 322 -366  2
4218500 2850500 11  1 13  12.8 1013 246  3.0 6  7.2  80    1  128 325 -373  2
4218500 2850500 11  1 14  13.0 1013 305  2.5 7  7.1  77    7  137 333 -376  2
4218500 2850500 11  1 15  12.7 1013 318  3.1 7  7.3  79    6  106 339 -375  2
4218500 2850500 11  1 16  12.4 1013 318  2.6 7  7.5  82    0   31 338 -369  2
4218500 2850500 11  1 17  11.8 1013 329  1.9 7  7.5  86    0    7 335 -361  2
4218500 2850500 11  1 18  11.4 1014 329  2.8 8  7.5  88    0    0 340 -353  2
4218500 2850500 11  1 19  11.4 1014 323  2.2 7  7.6  90    0    0 340 -349  2
4218500 2850500 11  1 20  11.3 1015 335  2.3 7  7.7  92    0    0 334 -347  2
4218500 2850500 11  1 21  11.1 1016 356  2.8 7  7.8  94    0    0 334 -345  2
4218500 2850500 11  1 22  10.5 1016  12  3.3 8  7.6  95    0    0 339 -343  2
4218500 2850500 11  1 23  10.1 1017  35  4.2 8  7.3  94    0    0 344 -341  2
4218500 2850500 11  1 24   9.9 1016  20  3.3 8  6.8  90    0    0 344 -340  2
4218500 2850500 11  2  1   9.9 1016  19  2.5 7  6.7  88    0    0 331 -339  2
4218500 2850500 11  2  2   9.5 1016  25  2.4 7  6.6  88    0    0 330 -338  2
4218500 2850500 11  2  3   9.3 1016  30  1.7 7  6.6  90    0    0 329 -338  2
4218500 2850500 11  2  4   9.1 1017  15  2.1 7  6.6  92    0    0 328 -337  2
4218500 2850500 11  2  5   8.9 1017  19  1.9 8  6.7  94    0    0 334 -336  2
4218500 2850500 11  2  6   8.6 1017  24  1.9 8  6.7  95    0    0 341 -336  2
4218500 2850500 11  2  7   8.5 1017  27  1.9 7  6.6  95    0    0 335 -335  2
4218500 2850500 11  2  8   8.5 1017  43  1.8 7  6.5  95    1   13 329 -336  2
4218500 2850500 11  2  9   9.0 1017  22  1.9 7  6.5  93    0   36 329 -339  2
4218500 2850500 11  2 10   9.7 1018  48  2.7 7  6.5  89    1   75 330 -345  2
4218500 2850500 11  2 11  10.0 1018  77  2.3 6  6.3  84    6  128 322 -353  2
4218500 2850500 11  2 12  10.6 1019  51  2.5 5  6.2  80   15  162 305 -359  2
4218500 2850500 11  2 13  10.4 1019  60  3.0 7  6.0  77    0   89 308 -363  2
4218500 2850500 11  2 14  10.4 1018  56  3.7 7  5.9  75    0   81 321 -365  2
4218500 2850500 11  2 15   9.9 1017  60  2.5 8  5.7  74    0   65 326 -364  2
4218500 2850500 11  2 16   9.6 1017  43  3.3 7  5.6  75    1   42 323 -363  2
4218500 2850500 11  2 17   9.4 1017  62  2.3 8  5.5  74    0    8 322 -360  2
4218500 2850500 11  2 18   9.2 1017  65  3.0 8  5.4  74    0    0 327 -358  2
4218500 2850500 11  2 19   9.2 1017  87  2.7 8  5.5  76    0    0 326 -357  2
4218500 2850500 11  2 20   9.0 1018  85  3.1 8  5.6  78    0    0 325 -356  2
4218500 2850500 11  2 21   8.9 1018  74  3.1 8  5.8  82    0    0 326 -355  2
4218500 2850500 11  2 22   8.7 1018  76  3.0 8  5.8  82    0    0 327 -355  2
4218500 2850500 11  2 23   8.3 1018  74  3.3 8  5.6  81    0    0 326 -354  2
4218500 2850500 11  2 24   7.7 1018  80  3.4 7  5.5  82    0    0 319 -354  2
4218500 2850500 11  3  1   7.7 1018  70  2.6 7  5.4  84    0    0 311 -354  2
4218500 2850500 11  3  2   7.4 1018  61  3.0 7  5.3  83    0    0 310 -353  2
4218500 2850500 11  3  3   7.3 1018  49  3.1 7  5.3  84    0    0 310 -352  2
4218500 2850500 11  3  4   7.3 1018  57  3.4 7  5.3  84    0    0 310 -351  2
4218500 2850500 11  3  5   7.4 1018  75  3.5 7  5.4  84    0    0 312 -351  2
4218500 2850500 11  3  6   7.3 1018  63  3.9 7  5.5  86    0    0 313 -350  2
4218500 2850500 11  3  7   7.8 1018  87  4.8 7  5.5  86    0    0 315 -349  2
4218500 2850500 11  3  8   7.8 1018  73  5.2 7  5.6  85    0    4 316 -347  2
4218500 2850500 11  3  9   8.4 1019  67  4.4 7  5.7  85    3   48 316 -349  2
4218500 2850500 11  3 10   9.3 1019  84  4.9 7  5.7  81    4   92 319 -352  2
4218500 2850500 11  3 11   9.9 1020  73  6.1 7  5.7  77   11  135 320 -355  2
4218500 2850500 11  3 12  11.2 1020  76  6.2 7  5.7  72   51  186 321 -357  2
4218500 2850500 11  3 13  11.1 1020  76  6.5 6  5.8  70   93  193 316 -358  2
4218500 2850500 11  3 14  11.4 1019  69  6.1 5  6.0  72   89  169 305 -360  2
4218500 2850500 11  3 15  10.8 1019  79  5.9 5  6.0  73   45  121 300 -359  2
4218500 2850500 11  3 16  10.1 1019  74  6.0 7  5.8  74    8   56 310 -358  2
4218500 2850500 11  3 17   9.6 1019  74  5.9 7  5.6  75    0    7 317 -357  2
4218500 2850500 11  3 18   9.2 1019  78  5.8 7  5.6  77    0    0 316 -356  2
4218500 2850500 11  3 19   9.2 1019  87  6.0 6  5.8  80    0    0 309 -356  2
4218500 2850500 11  3 20   9.0 1019  92  5.1 6  5.7  80    0    0 300 -355  2
4218500 2850500 11  3 21   8.2 1019  77  5.8 7  5.6  81    0    0 305 -355  2
4218500 2850500 11  3 22   7.9 1019  88  5.7 6  5.5  82    0    0 303 -355  2
4218500 2850500 11  3 23   7.8 1019  85  6.1 5  5.5  84    0    0 287 -355  2
4218500 2850500 11  3 24   7.7 1019  86  5.7 5  5.6  86    0    0 279 -355  2
4218500 2850500 11  4  1   7.4 1018  95  5.8 5  5.7  88    0    0 280 -355  2
4218500 2850500 11  4  2   7.4 1018  93  6.1 5  5.7  90    0    0 284 -355  2
4218500 2850500 11  4  3   7.6 1017  96  6.1 5  5.8  90    0    0 288 -355  2
4218500 2850500 11  4  4   7.7 1016  99  5.7 4  5.9  91    0    0 284 -355  2
4218500 2850500 11  4  5   7.7 1016 101  5.3 4  6.0  92    0    0 279 -355  2
4218500 2850500 11  4  6   7.8 1016 103  4.7 5  6.0  92    0    0 288 -356  2
4218500 2850500 11  4  7   7.9 1015 108  5.2 6  6.1  92    0    0 303 -357  2
4218500 2850500 11  4  8   7.8 1015 116  5.0 7  6.1  93    1   12 315 -357  2
4218500 2850500 11  4  9   8.3 1015 118  4.4 7  6.2  93   14   62 322 -359  2
4218500 2850500 11  4 10   8.8 1016 129  4.7 7  6.3  91   16  117 321 -362  2
4218500 2850500 11  4 11   9.3 1016 127  3.8 6  6.4  90   33  166 314 -366  2
4218500 2850500 11  4 12  10.4 1016 121  3.8 5  6.6  87   54  198 302 -371  2
4218500 2850500 11  4 13  10.9 1017 125  3.4 5  6.7  84   47  194 296 -376  2
4218500 2850500 11  4 14  11.4 1016 131  2.4 5  6.8  83   33  163 294 -379  2
4218500 2850500 11  4 15  11.6 1016 144  1.9 5  7.0  82   14  110 293 -379  2
4218500 2850500 11  4 16  11.5 1016 152  1.6 6  7.0  83   13   63 299 -376  2
4218500 2850500 11  4 17  11.2 1017 138  1.9 8  7.1  85    0    7 320 -371  2
4218500 2850500 11  4 18  10.9 1017 118  2.3 8  7.2  88    0    0 333 -367  2
4218500 2850500 11  4 19  10.9 1016 128  2.1 8  7.2  88    0    0 334 -366  2
4218500 2850500 11  4 20  10.8 1017 126  1.8 8  7.2  89    0    0 334 -366  2
4218500 2850500 11  4 21  10.7 1016 107  1.5 8  7.3  91    0    0 336 -366  2
4218500 2850500 11  4 22  10.8 1016 110  1.4 6  7.4  92    0    0 321 -366  2
4218500 2850500 11  4 23  10.5 1016  88  1.4 7  7.3  92    0    0 312 -365  2
4218500 2850500 11  4 24  10.5 1016  73  0.9 8  7.3  92    0    0 329 -365  2
4218500 2850500 11  5  1  10.5 1016  92  1.6 8  7.3  93    0    0 337 -364  2
4218500 2850500 11  5  2  10.5 1016  71  1.2 7  7.4  93    0    0 329 -363  2
4218500 2850500 11  5  3  10.5 1015  67  1.8 8  7.3  93    0    0 329 -362  2
4218500 2850500 11  5  4  10.5 1015 113  1.8 8  7.4  93    0    0 337 -361  2
4218500 2850500 11  5  5  10.5 1015 105  1.9 8  7.4  94    0    0 337 -360  2
4218500 2850500 11  5  6  10.0 1014 100  1.7 7  7.4  95    0    0 328 -360  2
4218500 2850500 11  5  7   9.7 1014 128  1.4 7  7.3  96    0    0 320 -361  2
4218500 2850500 11  5  8   9.8 1014  99  1.6 7  7.3  97    0    1 319 -361  2
4218500 2850500 11  5  9  10.9 1014 104  1.1 7  7.6  97    0   25 321 -363  2
4218500 2850500 11  5 10  11.8 1014 153  1.0 7  7.9  94    9   90 324 -368  2
4218500 2850500 11  5 11  12.8 1014 165  1.5 7  8.0  90    2   98 326 -375  2
4218500 2850500 11  5 12  14.3 1014 211  2.2 6  8.2  85   13  135 321 -381  2
4218500 2850500 11  5 13  14.3 1014 246  3.0 7  8.3  81    1  105 322 -386  2
4218500 2850500 11  5 14  14.0 1014 285  3.5 7  8.1  81    3  102 328 -388  2
4218500 2850500 11  5 15  13.2 1014 275  2.3 8  8.1  84    0   46 335 -387  2
4218500 2850500 11  5 16  13.2 1014 180  2.3 6  8.2  86    3   43 328 -384  2
4218500 2850500 11  5 17  12.6 1013 200  2.6 7  8.2  88    0    7 322 -377  2
4218500 2850500 11  5 18  11.9 1014 204  2.7 7  8.2  92    0    0 329 -372  2
4218500 2850500 11  5 19  11.8 1014 217  3.8 7  8.1  94    0    0 330 -371  2
4218500 2850500 11  5 20  11.5 1015 216  3.4 7  8.1  95    0    0 332 -371  2
4218500 2850500 11  5 21  11.5 1015 214  3.2 8  8.1  96    0    0 339 -372  2
4218500 2850500 11  5 22  11.8 1015 241  2.9 8  8.1  95    0    0 347 -373  2
4218500 2850500 11  5 23  11.7 1015 221  2.8 8  8.1  94    0    0 349 -373  2
4218500 2850500 11  5 24  11.4 1015 257  3.3 8  8.1  96    0    0 350 -374  2
4218500 2850500 11  6  1  11.3 1015 234  3.2 8  8.1  97    0    0 352 -374  2
4218500 2850500 11  6  2  11.3 1015 249  3.1 8  8.1  96    0    0 353 -374  2
4218500 2850500 11  6  3  11.3 1014 258  3.5 7  7.9  95    0    0 347 -374  2
4218500 2850500 11  6  4  11.2 1015 273  3.5 7  7.7  93    0    0 341 -373  2
4218500 2850500 11  6  5  11.1 1015 258  3.7 8  7.6  92    0    0 346 -369  2
4218500 2850500 11  6  6  11.0 1015 269  3.9 8  7.5  92    0    0 351 -365  2
4218500 2850500 11  6  7  10.8 1014 266  4.4 7  7.4  92    0    0 343 -364  2
4218500 2850500 11  6  8  10.1 1014 280  4.6 7  7.0  89    0    4 334 -361  2
4218500 2850500 11  6  9   9.0 1014 264  4.5 4  6.2  84   57   52 311 -355  2
4218500 2850500 11  6 10  10.2 1015 262  5.8 2  5.7  77  164   70 281 -354  2
4218500 2850500 11  6 11  11.2 1015 262  6.1 1  5.6  70  236   85 267 -356  2
4218500 2850500 11  6 12  11.1 1015 268  6.9 3  5.4  66   98  150 271 -359  2
4218500 2850500 11  6 13  11.1 1015 270  7.1 5  5.3  64    2  112 290 -362  2
4218500 2850500 11  6 14  11.4 1015 274  7.6 5  5.0  61   27  127 298 -362  2
4218500 2850500 11  6 15  10.6 1015 258  6.9 4  4.9  60   53   96 287 -360  2
4218500 2850500 11  6 16  10.3 1015 259  6.5 4  4.9  63    0   39 274 -355  2
4218500 2850500 11  6 17   9.9 1014 264  6.5 7  4.9  64    0    9 288 -351  2
4218500 2850500 11  6 18   9.1 1014 260  6.2 6  4.8  66    0    0 297 -347  2
4218500 2850500 11  6 19   8.3 1014 269  6.1 4  4.9  70    0    0 279 -343  2
4218500 2850500 11  6 20   7.9 1015 260  6.0 3  5.0  74    0    0 262 -340  2
4218500 2850500 11  6 21   7.5 1015 261  5.9 3  5.0  77    0    0 256 -338  2
4218500 2850500 11  6 22   6.9 1015 258  6.3 1  5.0  80    0    0 244 -336  2
4218500 2850500 11  6 23   6.6 1015 251  6.4 0  5.1  83    0    0 227 -334  2
4218500 2850500 11  6 24   6.6 1014 250  6.2 2  5.1  84    0    0 232 -333  2
4218500 2850500 11  7  1   6.7 1013 259  6.5 5  5.1  84    0    0 258 -332  2
4218500 2850500 11  7  2   6.7 1013 261  7.1 7  5.1  84    0    0 285 -330  2
4218500 2850500 11  7  3   6.9 1012 271  6.1 7  5.3  86    0    0 296 -329  2
4218500 2850500 11  7  4   6.7 1012 261  5.8 7  5.4  88    0    0 297 -329  2
4218500 2850500 11  7  5   6.8 1011 261  5.7 7  5.5  90    0    0 299 -331  2
4218500 2850500 11  7  6   7.3 1011 261  5.9 7  5.6  90    0    0 303 -334  2
4218500 2850500 11  7  7   7.2 1010 265  5.9 7  5.6  88    0    0 307 -335  2
4218500 2850500 11  7  8   7.2 1010 263  5.6 7  5.6  88    0    7 310 -336  2
4218500 2850500 11  7  9   7.1 1010 271  5.5 7  5.6  89    3   41 313 -336  2
4218500 2850500 11  7 10   7.6 1010 275  5.8 5  5.7  88   52   77 304 -338  2
4218500 2850500 11  7 11   7.8 1010 278  5.3 5  5.6  86    9  102 295 -343  2
4218500 2850500 11  7 12   8.3 1010 290  5.9 6  5.5  82    9  116 303 -348  2
4218500 2850500 11  7 13   8.7 1009 293  5.6 5  5.2  76   74  112 304 -352  2
4218500 2850500 11  7 14   9.1 1010 302  6.5 5  5.0  71   12  104 300 -354  2
4218500 2850500 11  7 15   7.8 1009 292  4.2 6  5.1  75    3   75 305 -352  2
4218500 2850500 11  7 16   7.9 1009 300  4.5 4  5.3  80    3   40 298 -347  2
4218500 2850500 11  7 17   7.3 1009 292  4.1 3  5.2  79    0    8 280 -340  2
4218500 2850500 11  7 18   6.9 1010 280  3.7 3  5.0  79    0    0 273 -335  2
4218500 2850500 11  7 19   6.0 1010 271  4.3 4  4.9  81    0    0 277 -332  2
4218500 2850500 11  7 20   6.5 1010 270  4.5 5  4.9  82    0    0 288 -329  2
4218500 2850500 11  7 21   6.6 1010 279  5.2 6  5.1  84    0    0 301 -327  2
4218500 2850500 11  7 22   6.2 1010 273  4.9 7  5.4  90    0    0 310 -325  2
4218500 2850500 11  7 23   6.0 1010 281  4.9 7  5.6  95    0    0 314 -323  2
4218500 2850500 11  7 24   6.3 1010 284  5.2 8  5.6  96    0    0 319 -322  2
4218500 2850500 11  8  1   6.2 1010 302  4.7 8  5.5  93    0    0 324 -320  2
4218500 2850500 11  8  2   6.1 1010 301  4.5 7  5.4  91    0    0 318 -319  2
4218500 2850500 11  8  3   5.5 1009 301  4.5 7  5.3  92    0    0 311 -317  2
4218500 2850500 11  8  4   5.8 1009 306  4.8 7  5.3  92    0    0 311 -316  2
4218500 2850500 11  8  5   5.7 1009 319  4.7 7  5.2  91    0    0 310 -315  2
4218500 2850500 11  8  6   5.8 1009 324  5.0 7  5.2  90    0    0 310 -315  2
4218500 2850500 11  8  7   5.3 1010 332  5.4 7  5.1  90    0    0 308 -315  2
4218500 2850500 11  8  8   5.1 1010 334  4.2 6  5.0  91    5   11 301 -314  2
4218500 2850500 11  8  9   5.4 1011 340  4.4 6  5.1  91   34   50 294 -315  2
4218500 2850500 11  8 10   6.0 1011 340  4.7 6  5.1  90    8   89 295 -319  2
4218500 2850500 11  8 11   6.7 1011 353  4.1 8  5.2  88    0   80 309 -328  2
4218500 2850500 11  8 12   7.4 1012   1  4.1 8  5.2  83    0   91 322 -333  2
4218500 2850500 11  8 13   7.8 1012 354  3.7 6  5.1  79    0   96 311 -338  2
4218500 2850500 11  8 14   7.9 1012 340  3.8 6  5.2  78    0   71 299 -342  2
4218500 2850500 11  8 15   7.4 1012 336  4.3 6  5.4  83    0   42 295 -342  2
4218500 2850500 11  8 16   6.7 1012 342  3.8 4  5.5  88    1   40 281 -338  2
4218500 2850500 11  8 17   6.1 1012 354  3.6 5  5.2  87    0    8 272 -331  2
4218500 2850500 11  8 18   4.9 1013  52  3.2 5  4.6  82    0    0 270 -327  2
4218500 2850500 11  8 19   3.8 1013  43  2.6 4  4.2  81    0    0 262 -324  2
4218500 2850500 11  8 20   3.2 1014  29  1.9 3  4.1  83    0    0 252 -323  2
4218500 2850500 11  8 21   1.8 1014  16  2.0 3  3.9  86    0    0 244 -323  2
4218500 2850500 11  8 22   1.6 1014 346  1.4 2  3.9  91    0    0 237 -322  2
4218500 2850500 11  8 23   0.8 1014 354  1.7 2  3.9  94    0    0 230 -322  2
4218500 2850500 11  8 24   0.3 1014   4  1.9 3  3.8  96    0    0 233 -321  2
4218500 2850500 11  9  1   1.0 1014  51  1.0 5  3.9  98    0    0 250 -319  2
4218500 2850500 11  9  2   0.2 1014  42  1.2 5  3.9  98    0    0 260 -317  2
4218500 2850500 11  9  3  -0.6 1014   9  0.4 3  3.7  98    0    0 247 -316  2
4218500 2850500 11  9  4  -0.5 1014   9  0.4 5  3.6  98    0    0 248 -316  2
4218500 2850500 11  9  5   0.1 1014 336  0.7 5  3.7  99    0    0 261 -319  2
4218500 2850500 11  9  6   0.9 1014 131  1.3 5  3.8  98    0    0 264 -321  2
4218500 2850500 11  9  7   1.1 1014 351  1.9 7  4.0  98    0    0 277 -323  2
4218500 2850500 11  9  8   1.9 1015 157  1.0 7  4.1  98    1   12 291 -323  2
4218500 2850500 11  9  9   3.7 1015 168  1.2 5  4.5  97   25   61 286 -324  2
4218500 2850500 11  9 10   4.1 1015 122  1.8 4  4.8  96   40  115 275 -328  2
4218500 2850500 11  9 11   4.3 1015 112  1.7 6  4.7  92   11  125 282 -333  2
4218500 2850500 11  9 12   4.7 1016 148  2.7 6  4.5  86   12  142 294 -339  2
4218500 2850500 11  9 13   4.5 1015 123  2.9 6  4.4  83    4  123 293 -342  2
4218500 2850500 11  9 14   4.5 1015  92  2.7 7  4.4  84    0   66 298 -343  2
4218500 2850500 11  9 15   4.1 1015  83  3.2 6  4.3  83    2   75 297 -342  2
4218500 2850500 11  9 16   3.9 1015  90  2.9 8  4.1  82    0   33 301 -338  2
4218500 2850500 11  9 17   3.7 1015  69  3.2 8  4.1  83    0    0 311 -331  2
4218500 2850500 11  9 18   3.9 1015  69  3.1 8  4.3  86    0    0 311 -326  2
4218500 2850500 11  9 19   3.8 1016  59  3.2 7  4.4  88    0    0 305 -322  2
4218500 2850500 11  9 20   3.5 1016  57  2.8 7  4.3  88    0    0 299 -320  2
4218500 2850500 11  9 21   3.9 1016  51  3.4 8  4.4  89    0    0 304 -318  2
4218500 2850500 11  9 22   3.9 1015  62  4.3 7  4.4  88    0    0 306 -316  2
4218500 2850500 11  9 23   2.7 1015  53  3.8 6  4.3  90    0    0 294 -315  2
4218500 2850500 11  9 24   3.2 1015  45  3.8 6  4.2  90    0    0 287 -315  2
4218500 2850500 11 10  1   3.3 1015  36  4.3 7  4.3  89    0    0 293 -315  2
4218500 2850500 11 10  2   3.0 1014  26  3.9 6  4.2  88    0    0 292 -316  2
4218500 2850500 11 10  3   2.7 1013  27  4.5 7  4.1  89    0    0 291 -318  2
4218500 2850500 11 10  4   2.7 1013  19  4.3 8  4.1  90    0    0 302 -319  2
4218500 2850500 11 10  5   2.8 1012  14  4.7 8  4.2  91    0    0 307 -320  2
4218500 2850500 11 10  6   3.0 1011  15  4.8 8  4.4  94    0    0 308 -320  2
4218500 2850500 11 10  7   3.0 1010  19  4.9 8  4.5  95    0    0 308 -321  2
4218500 2850500 11 10  8   3.1 1010  17  5.0 8  4.6  96    0    4 309 -321  2
4218500 2850500 11 10  9   3.1 1009  16  6.1 8  4.6  98    0   29 308 -322  2
4218500 2850500 11 10 10   3.2 1008  35  6.0 8  4.6  97    0   47 309 -324  2
4218500 2850500 11 10 11   3.3 1007  28  6.0 8  4.7  97    0   42 310 -326  2
4218500 2850500 11 10 12   3.6 1006  26  5.8 8  4.8  98    0   54 311 -328  2
4218500 2850500 11 10 13   3.9 1005  28  5.9 8  4.9  98    0   42 311 -330  2
4218500 2850500 11 10 14   4.3 1004  29  5.6 8  5.0  98    0   36 312 -332  2
4218500 2850500 11 10 15   4.8 1003  29  5.2 8  5.3  99    0   21 315 -334  2
4218500 2850500 11 10 16   5.2 1002  31  5.0 8  5.4  99    0    9 317 -333  2
4218500 2850500 11 10 17   5.5 1001  41  5.3 8  5.5  99    0    1 318 -332  2
4218500 2850500 11 10 18   5.9 1000  44  5.1 8  5.7  99    0    0 320 -332  2
4218500 2850500 11 10 19   6.2 1000  56  4.7 8  5.8  98    0    0 322 -332  2
4218500 2850500 11 10 20   6.6  999  67  4.4 8  6.0  99    0    0 325 -333  2
4218500 2850500 11 10 21   6.7  999  77  4.3 8  6.1  99    0    0 328 -333  2
4218500 2850500 11 10 22   7.0  999  87  4.6 8  6.2  99    0    0 331 -333  2
4218500 2850500 11 10 23   7.1  999  91  4.0 8  6.2  98    0    0 333 -334  2
4218500 2850500 11 10 24   7.1  999  93  3.4 8  6.3  99    0    0 334 -334  2
4218500 2850500 11 11  1   7.2  998 101  3.5 8  6.3  99    0    0 334 -334  2
4218500 2850500 11 11  2   5.2  998 163  4.2 8  5.9  99    0    0 331 -333  2
4218500 2850500 11 11  3   4.4  998 142  4.6 8  5.4  99    0    0 325 -332  2
4218500 2850500 11 11  4   4.2  999 139  5.0 8  5.1  98    0    0 323 -332  2
4218500 2850500 11 11  5   3.4  999 165  6.1 8  4.9  97    0    0 323 -331  2
4218500 2850500 11 11  6   3.4 1000 174  5.9 8  4.7  96    0    0 320 -330  2
4218500 2850500 11 11  7   3.7 1001 160  5.6 8  4.6  92    0    0 320 -329  2
4218500 2850500 11 11  8   3.7 1002 170  6.5 8  4.3  87    0    7 319 -328  2
4218500 2850500 11 11  9   3.9 1003 170  6.4 7  4.1  81    2   43 312 -328  2
4218500 2850500 11 11 10   5.2 1004 172  5.8 5  4.0  75   44  117 297 -328  2
4218500 2850500 11 11 11   5.2 1005 171  6.7 5  3.9  70   59  165 286 -331  2
4218500 2850500 11 11 12   5.3 1006 164  6.1 6  3.9  70   57  183 292 -334  2
4218500 2850500 11 11 13   5.6 1006 171  6.6 5  4.0  70   41  174 292 -337  2
4218500 2850500 11 11 14   6.2 1007 178  5.2 5  3.9  68   43  157 287 -338  2
4218500 2850500 11 11 15   6.3 1007 161  4.4 3  4.0  67   44  120 278 -338  2
4218500 2850500 11 11 16   5.8 1008 143  3.8 5  3.9  67   11   51 278 -336  2
4218500 2850500 11 11 17   4.5 1008 120  3.3 5  3.9  70    0    4 285 -335  2
4218500 2850500 11 11 18   2.9 1009 115  2.9 3  3.8  77    0    0 269 -333  2
4218500 2850500 11 11 19   2.6 1009 128  2.4 2  3.9  84    0    0 251 -331  2
4218500 2850500 11 11 20   1.3 1010 109  2.3 2  3.9  89    0    0 243 -330  2
4218500 2850500 11 11 21   0.7 1011  67  2.0 1  3.8  94    0    0 234 -329  2
4218500 2850500 11 11 22   0.8 1011  70  2.6 1  3.9  97    0    0 229 -327  2
4218500 2850500 11 11 23   0.7 1011  69  2.9 1  3.9  98    0    0 229 -324  2
4218500 2850500 11 11 24   1.8 1011  70  3.0 1  4.1  98    0    0 230 -321  2
4218500 2850500 11 12  1   1.3 1011  60  2.6 2  4.1  97    0    0 234 -319  2
4218500 2850500 11 12  2   2.4 1011  51  3.1 4  4.1  95    0    0 249 -316  2
4218500 2850500 11 12  3   2.4 1011  58  3.2 4  4.2  94    0    0 258 -315  2
4218500 2850500 11 12  4   2.5 1012  69  3.1 4  4.2  92    0    0 258 -315  2
4218500 2850500 11 12  5   1.4 1011  77  3.1 3  4.1  94    0    0 253 -314  2
4218500 2850500 11 12  6   0.9 1012  75  2.8 2  4.0  98    0    0 241 -314  2
4218500 2850500 11 12  7   0.4 1012  70  3.2 5  4.0  99    0    0 248 -313  2
4218500 2850500 11 12  8   0.5 1012  95  4.1 7  3.9  99    0    4 267 -312  2
4218500 2850500 11 12  9   1.1 1013  97  3.5 7  4.0 100   10   32 278 -312  2
4218500 2850500 11 12 10   2.3 1014  98  3.4 7  4.3  99   10   67 282 -313  2
4218500 2850500 11 12 11   2.6 1014  95  3.6 8  4.5  99    0   73 288 -318  2
4218500 2850500 11 12 12   2.8 1015  83  2.8 7  4.6  99    0   90 289 -327  2
4218500 2850500 11 12 13   3.1 1015  91  2.6 7  4.6  98    0   84 287 -334  2
4218500 2850500 11 12 14   3.5 1015  59  2.2 8  4.6  96    0   52 295 -338  2
4218500 2850500 11 12 15   3.7 1015  51  1.7 7  4.7  96    0   52 300 -338  2
4218500 2850500 11 12 16   4.1 1016  47  2.5 8  4.7  94    0   30 304 -336  2
4218500 2850500 11 12 17   3.9 1016  96  2.2 8  4.7  93    0    0 311 -331  2
4218500 2850500 11 12 18   3.9 1016  75  2.2 8  4.7  93    0    0 311 -328  2
4218500 2850500 11 12 19   3.9 1017 128  1.7 8  4.6  93    0    0 312 -326  2
4218500 2850500 11 12 20   3.7 1018 153  1.9 8  4.6  92    0    0 312 -325  2
4218500 2850500 11 12 21   3.4 1018 201  1.6 7  4.5  93    0    0 307 -323  2
4218500 2850500 11 12 22   3.1 1018 189  2.6 8  4.5  94    0    0 305 -322  2
4218500 2850500 11 12 23   2.9 1018 222  2.5 7  4.4  95    0    0 305 -321  2
4218500 2850500 11 12 24   2.5 1018 222  2.7 8  4.4  96    0    0 307 -320  2
4218500 2850500 11 13  1   2.1 1019 231  2.0 8  4.4  98    0    0 310 -317  2
4218500 2850500 11 13  2   2.1 1019 213  2.2 7  4.3  99    0    0 305 -315  2
4218500 2850500 11 13  3   2.0 1018 209  2.8 8  4.3  98    0    0 303 -314  2
4218500 2850500 11 13  4   2.1 1018 219  3.0 8  4.3  98    0    0 308 -313  2
4218500 2850500 11 13  5   2.1 1018 218  3.0 8  4.3  98    0    0 307 -312  2
4218500 2850500 11 13  6   2.2 1017 213  2.7 8  4.3  99    0    0 305 -311  2
4218500 2850500 11 13  7   2.5 1017 193  3.6 8  4.4  99    0    0 302 -311  2
4218500 2850500 11 13  8   2.8 1016 210  3.7 8  4.5  99    0    4 296 -311  2
4218500 2850500 11 13  9   3.0 1016 219  4.2 8  4.6  99    6   48 293 -312  2
4218500 2850500 11 13 10   3.4 1016 221  4.4 6  4.7  99    5   88 285 -313  2
4218500 2850500 11 13 11   4.3 1015 215  4.7 5  4.9  99   16  136 274 -316  2
4218500 2850500 11 13 12   5.5 1015 226  4.5 5  5.1  95   20  159 272 -324  2
4218500 2850500 11 13 13   6.5 1013 222  4.9 7  5.2  90    1  106 281 -332  2
4218500 2850500 11 13 14   6.4 1012 229  4.9 7  5.1  85    0   72 286 -336  2
4218500 2850500 11 13 15   5.7 1011 235  5.5 8  4.9  83    0   29 287 -336  2
4218500 2850500 11 13 16   5.4 1011 210  5.3 8  4.7  83    0   12 290 -333  2
4218500 2850500 11 13 17   5.1 1010 213  4.9 8  4.7  84    0    0 292 -328  2
4218500 2850500 11 13 18   5.1 1009 205  5.8 8  4.7  85    0    0 295 -324  2
4218500 2850500 11 13 19   4.8 1008 202  5.7 8  4.7  86    0    0 298 -322  2
4218500 2850500 11 13 20   4.2 1008 202  5.8 7  4.7  89    0    0 296 -321  2
4218500 2850500 11 13 21   4.0 1007 204  6.2 7  4.6  90    0    0 294 -321  2
4218500 2850500 11 13 22   3.9 1006 200  5.5 8  4.7  92    0    0 299 -320  2
4218500 2850500 11 13 23   3.8 1006 214  5.3 8  4.9  96    0    0 304 -320  2
4218500 2850500 11 13 24   4.0 1005 212  5.3 8  5.0  99    0    0 305 -323  2
4218500 2850500 11 14  1   4.4 1005 226  4.7 8  5.1  99    0    0 307 -326  2
4218500 2850500 11 14  2   5.0 1005 239  3.8 8  5.4 100    0    0 310 -330  2
4218500 2850500 11 14  3   5.7 1005 259  4.2 8  5.6 100    0    0 313 -333  2
4218500 2850500 11 14  4   6.1 1005 292  4.3 8  5.8  99    0    0 315 -335  2
4218500 2850500 11 14  5   6.1 1005 296  4.4 8  5.8  98    0    0 317 -336  2
4218500 2850500 11 14  6   5.6 1006 312  4.3 8  5.7  98    0    0 318 -334  2
4218500 2850500 11 14  7   4.9 1006 320  5.5 8  5.5  99    0    0 316 -333  2
4218500 2850500 11 14  8   4.3 1007 303  4.7 8  5.2  97    0    6 311 -330  2
4218500 2850500 11 14  9   4.7 1009 291  4.8 7  5.1  96   33   45 303 -328  2
4218500 2850500 11 14 10   5.0 1010 295  5.5 4  5.2  96   92   86 281 -329  2
4218500 2850500 11 14 11   5.7 1010 299  5.6 3  5.1  92  146  112 263 -330  2
4218500 2850500 11 14 12   5.9 1011 293  6.2 3  4.9  85  132  141 257 -332  2
4218500 2850500 11 14 13   6.7 1011 309  6.3 4  4.6  78   73  149 263 -333  2
4218500 2850500 11 14 14   6.5 1011 304  5.5 3  4.5  74   79  128 263 -333  2
4218500 2850500 11 14 15   6.4 1012 295  5.7 1  4.3  72   52   91 248 -331  2
4218500 2850500 11 14 16   4.9 1012 312  6.7 4  4.0  71   10   40 249 -327  2
4218500 2850500 11 14 17   3.9 1013 295  5.3 4  3.9  74    0    0 257 -322  2
4218500 2850500 11 14 18   3.5 1014 293  4.6 2  3.9  79    0    0 246 -318  2
4218500 2850500 11 14 19   2.9 1014 283  4.6 1  3.9  83    0    0 231 -316  2
4218500 2850500 11 14 20   2.4 1015 283  4.5 1  4.0  88    0    0 227 -316  2
4218500 2850500 11 14 21   2.0 1016 283  4.6 1  4.1  91    0    0 227 -317  2
4218500 2850500 11 14 22   1.7 1017 288  4.4 2  4.1  94    0    0 230 -317  2
4218500 2850500 11 14 23   1.2 1018 291  4.0 2  4.0  96    0    0 233 -314  2
4218500 2850500 11 14 24   0.8 1018 290  3.5 1  3.9  97    0    0 228 -313  2
4218500 2850500 11 15  1   0.4 1019 280  3.4 2  3.8  96    0    0 226 -311  2
4218500 2850500 11 15  2  -0.1 1019 291  3.5 2  3.7  98    0    0 229 -309  2
4218500 2850500 11 15  3  -0.3 1020 287  3.3 2  3.7  99    0    0 229 -308  2
4218500 2850500 11 15  4  -0.5 1020 287  2.9 3  3.6 100    0    0 233 -308  2
4218500 2850500 11 15  5  -0.9 1020 286  2.7 3  3.6  99    0    0 236 -307  2
4218500 2850500 11 15  6  -1.2 1021 286  2.8 3  3.5  99    0    0 235 -306  2
4218500 2850500 11 15  7  -1.0 1022 280  3.2 3  3.4  99    0    0 235 -304  2
4218500 2850500 11 15  8  -1.2 1022 270  2.5 3  3.5 100    0    4 235 -303  2
4218500 2850500 11 15  9  -0.4 1023 263  2.6 5  3.5 100   11   42 245 -302  2
4218500 2850500 11 15 10   0.2 1024 287  2.5 6  3.7  99   11   83 260 -304  2
4218500 2850500 11 15 11   0.7 1024 275  2.9 7  3.8  99    1   83 270 -308  2
4218500 2850500 11 15 12   0.7 1024 291  3.2 8  3.9  99    0   67 280 -312  2
4218500 2850500 11 15 13   0.8 1024 259  3.0 8  3.9 100    0   54 285 -314  2
4218500 2850500 11 15 14   1.4 1024 277  2.8 7  4.0  99    0   55 284 -316  2
4218500 2850500 11 15 15   1.4 1024 273  2.8 7  4.1  99    0   55 282 -316  2
4218500 2850500 11 15 16   1.3 1024 258  2.6 7  4.1  99    0   22 282 -315  2
4218500 2850500 11 15 17   1.6 1024 191  2.1 7  4.1  98    0    0 284 -312  2
4218500 2850500 11 15 18   2.0 1025 202  2.5 8  4.2  98    0    0 290 -308  2
4218500 2850500 11 15 19   2.0 1025 211  2.5 7  4.2  98    0    0 289 -306  2
4218500 2850500 11 15 20   1.9 1025 233  2.3 6  4.3  99    0    0 280 -305  2
4218500 2850500 11 15 21   0.9 1024 252  2.2 3  4.1  99    0    0 260 -304  2
4218500 2850500 11 15 22   0.2 1024 200  2.6 2  3.8  99    0    0 242 -303  2
4218500 2850500 11 15 23  -0.3 1024 235  2.3 3  3.7  99    0    0 239 -301  2
4218500 2850500 11 15 24  -0.5 1024 216  2.5 4  3.6  99    0    0 248 -300  2
4218500 2850500 11 16  1  -0.7 1024 229  2.6 4  3.6  99    0    0 253 -300  2
4218500 2850500 11 16  2  -0.7 1023 220  3.0 2  3.6 100    0    0 246 -300  2
4218500 2850500 11 16  3  -0.6 1023 213  2.7 2  3.6 100    0    0 240 -300  2
4218500 2850500 11 16  4  -0.5 1022 226  2.9 3  3.6 100    0    0 245 -300  2
4218500 2850500 11 16  5  -0.6 1022 200  2.7 4  3.6 100    0    0 255 -301  2
4218500 2850500 11 16  6   0.1 1021 221  2.3 6  3.7  99    0    0 270 -302  2
4218500 2850500 11 16  7   0.7 1021 223  2.9 7  3.9 100    0    0 285 -302  2
4218500 2850500 11 16  8   1.1 1021 238  3.4 6  4.0 100    0    1 287 -303  2
4218500 2850500 11 16  9   2.3 1020 225  3.1 5  4.2 100   17   45 281 -304  2
4218500 2850500 11 16 10   4.1 1020 223  3.5 3  4.7  98   75   98 272 -308  2
4218500 2850500 11 16 11   4.9 1020 238  4.3 4  5.0  95   69  135 271 -312  2
4218500 2850500 11 16 12   4.9 1019 231  4.7 7  5.0  93    0   72 289 -316  2
4218500 2850500 11 16 13   4.8 1018 215  4.2 7  4.9  92    0   41 304 -321  2
4218500 2850500 11 16 14   4.8 1017 227  4.6 8  4.9  91    0   33 308 -323  2
4218500 2850500 11 16 15   4.7 1017 224  4.9 8  4.8  91    0   20 314 -323  2
4218500 2850500 11 16 16   4.8 1016 229  4.6 8  4.9  92    0   12 316 -324  2
4218500 2850500 11 16 17   4.8 1015 229  5.2 8  5.0  94    0    0 319 -325  2
4218500 2850500 11 16 18   5.2 1015 231  5.7 8  5.1  95    0    0 323 -325  2
4218500 2850500 11 16 19   5.3 1014 229  5.3 8  5.2  95    0    0 326 -325  2
4218500 2850500 11 16 20   5.2 1014 233  5.1 8  5.4  97    0    0 328 -326  2
4218500 2850500 11 16 21   5.9 1013 251  6.2 7  5.5  98    0    0 326 -327  2
4218500 2850500 11 16 22   6.2 1013 252  6.3 8  5.6  96    0    0 329 -328  2
4218500 2850500 11 16 23   6.2 1013 258  5.9 8  5.6  96    0    0 336 -330  2
4218500 2850500 11 16 24   6.4 1012 251  6.7 8  5.7  96    0    0 337 -331  2
4218500 2850500 11 17  1   6.4 1012 258  6.3 8  5.8  96    0    0 338 -332  2
4218500 2850500 11 17  2   6.2 1012 250  6.0 8  5.9  98    0    0 339 -334  2
4218500 2850500 11 17  3   6.3 1011 259  5.1 8  5.9 100    0    0 339 -335  2
4218500 2850500 11 17  4   6.6 1011 269  4.8 8  6.0  99    0    0 341 -336  2
4218500 2850500 11 17  5   6.9 1011 278  5.0 8  6.1  99    0    0 342 -337  2
4218500 2850500 11 17  6   7.1 1012 277  4.1 8  6.2  99    0    0 342 -338  2
4218500 2850500 11 17  7   7.2 1012 282  4.1 8  6.2  99    0    0 341 -338  2
4218500 2850500 11 17  8   7.1 1013 272  3.2 7  6.2  98    0    1 332 -339  2
4218500 2850500 11 17  9   6.8 1014 273  3.2 5  6.1  98   16   40 312 -339  2
4218500 2850500 11 17 10   7.4 1014 280  3.9 3  6.1  97   80   84 289 -340  2
4218500 2850500 11 17 11   8.3 1015 281  4.1 2  6.1  93  144  109 273 -343  2
4218500 2850500 11 17 12   8.7 1015 281  4.7 2  5.7  83  106  137 269 -346  2
4218500 2850500 11 17 13   8.7 1015 278  4.6 4  5.2  75   51  139 279 -349  2
4218500 2850500 11 17 14   8.6 1014 279  5.2 5  4.9  71   19  109 295 -350  2
4218500 2850500 11 17 15   8.0 1014 279  4.5 4  4.8  71   22   78 293 -348  2
4218500 2850500 11 17 16   7.8 1014 270  4.6 6  4.9  75    9   34 297 -346  2
4218500 2850500 11 17 17   6.9 1014 272  4.6 6  5.2  82    0    0 306 -344  2
4218500 2850500 11 17 18   6.6 1014 276  3.7 6  5.5  90    0    0 305 -342  2
4218500 2850500 11 17 19   5.8 1015 263  3.9 4  5.5  94    0    0 290 -342  2
4218500 2850500 11 17 20   6.0 1015 263  3.9 4  5.5  95    0    0 276 -341  2
4218500 2850500 11 17 21   6.3 1015 258  3.2 7  5.6  95    0    0 294 -340  2
4218500 2850500 11 17 22   6.5 1015 260  2.7 7  5.6  93    0    0 313 -339  2
4218500 2850500 11 17 23   6.7 1015 240  3.1 8  5.7  94    0    0 320 -338  2
4218500 2850500 11 17 24   6.2 1014 244  3.3 8  5.8  97    0    0 326 -337  2
4218500 2850500 11 18  1   5.8 1014 242  1.9 8  5.7  98    0    0 324 -337  2
4218500 2850500 11 18  2   5.8 1014 252  1.4 8  5.7  99    0    0 322 -336  2
4218500 2850500 11 18  3   5.8 1013 218  1.2 8  5.7  99    0    0 322 -336  2
4218500 2850500 11 18  4   5.8 1012 176  0.9 8  5.7  99    0    0 322 -335  2
4218500 2850500 11 18  5   5.7 1012 173  1.1 8  5.6  99    0    0 322 -335  2
4218500 2850500 11 18  6   5.7 1011 156  1.7 8  5.6  99    0    0 323 -335  2
4218500 2850500 11 18  7   5.6 1010 147  1.9 8  5.7  99    0    0 324 -335  2
4218500 2850500 11 18  8   5.7 1010 159  1.7 8  5.6  99    0    0 324 -335  2
4218500 2850500 11 18  9   6.2 1009 176  2.6 8  5.7  99    0   17 326 -335  2
4218500 2850500 11 18 10   8.2 1009 235  4.6 8  6.3  99    0   27 331 -335  2
4218500 2850500 11 18 11   8.9 1009 247  6.0 8  6.9  99    0   35 337 -336  2
4218500 2850500 11 18 12   9.0 1009 246  6.2 8  7.1  99    0   60 340 -337  2
4218500 2850500 11 18 13   9.1 1008 249  6.5 8  7.2  99    0   34 342 -339  2
4218500 2850500 11 18 14   9.3 1007 248  6.5 7  7.2  99    0   37 337 -346  2
4218500 2850500 11 18 15   9.6 1006 249  6.4 8  7.3  99    0   25 340 -352  2
4218500 2850500 11 18 16   9.9 1006 251  6.9 8  7.5  99    0    9 351 -353  2
4218500 2850500 11 18 17  10.3 1005 250  6.8 8  7.7  99    0    0 354 -353  2
4218500 2850500 11 18 18  10.4 1005 251  7.7 8  7.8  99    0    0 356 -353  2
4218500 2850500 11 18 19  10.7 1005 251  8.0 8  7.9  99    0    0 357 -353  2
4218500 2850500 11 18 20  10.6 1004 250  8.7 8  8.0  99    0    0 357 -354  2
4218500 2850500 11 18 21  10.9 1004 251  8.7 8  8.0  98    0    0 358 -354  2
4218500 2850500 11 18 22  11.0 1003 251  8.1 8  8.0  96    0    0 358 -354  2
4218500 2850500 11 18 23  11.3 1003 247  8.1 8  7.9  94    0    0 358 -353  2
4218500 2850500 11 18 24  11.0 1002 257  8.9 8  7.8  93    0    0 358 -353  2
4218500 2850500 11 19  1  11.0 1001 249 10.0 8  7.7  93    0    0 356 -352  2
4218500 2850500 11 19  2  11.4 1000 248  8.9 8  7.5  89    0    0 355 -351  2
4218500 2850500 11 19  3  11.3  999 248  9.4 8  7.4  87    0    0 354 -351  2
4218500 2850500 11 19  4  11.3  998 250 10.1 8  7.3  86    0    0 352 -351  2
4218500 2850500 11 19  5  11.5  996 249 11.3 8  7.2  84    0    0 350 -351  2
4218500 2850500 11 19  6  10.8  995 250  9.6 8  7.3  87    0    0 348 -352  2
4218500 2850500 11 19  7  10.1  995 272 10.4 8  7.1  88    0    0 344 -351  2
4218500 2850500 11 19  8   9.9  996 283 10.9 8  5.6  72    0    0 337 -350  2
4218500 2850500 11 19  9   9.1  997 281  9.0 8  4.9  65    0   13 332 -346  2
4218500 2850500 11 19 10   9.0  998 288 11.7 6  4.8  66    7   76 315 -344  2
4218500 2850500 11 19 11   8.8  999 280 10.8 6  4.6  64   33  133 299 -344  2
4218500 2850500 11 19 12   8.6 1000 279  8.2 6  4.7  66   25  146 296 -343  2
4218500 2850500 11 19 13   8.3 1001 285  8.9 5  4.6  67   32  152 286 -341  2
4218500 2850500 11 19 14   8.3 1001 284  7.4 6  4.5  66   13  113 285 -339  2
4218500 2850500 11 19 15   8.0 1001 275  6.6 6  4.6  67    2   63 290 -337  2
4218500 2850500 11 19 16   7.5 1000 274  5.6 8  4.6  69    0   18 301 -334  2
4218500 2850500 11 19 17   7.2 1000 268  5.8 8  4.6  71    0    0 313 -332  2
4218500 2850500 11 19 18   5.5 1000 256  4.8 8  4.4  73    0    0 309 -330  2
4218500 2850500 11 19 19   5.2  999 251  5.4 8  4.1  72    0    0 306 -329  2
4218500 2850500 11 19 20   4.4  999 241  4.5 8  4.3  79    0    0 304 -327  2
4218500 2850500 11 19 21   3.9  999 237  3.9 8  4.4  84    0    0 303 -326  2
4218500 2850500 11 19 22   3.3  998 226  3.1 8  4.5  90    0    0 302 -324  2
4218500 2850500 11 19 23   3.5  997 188  2.5 8  4.7  93    0    0 298 -323  2
4218500 2850500 11 19 24   4.0  996 138  2.0 8  5.0  95    0    0 295 -322  2
4218500 2850500 11 20  1   4.8 1011  82  1.7 8  5.2  96    0    0 326 -341  2
4218500 2850500 11 20  2   5.4 1012  38  1.7 8  5.4  96    0    0 327 -342  2
4218500 2850500 11 20  3   5.9 1013  64  1.7 8  5.6  96    0    0 328 -343  2
4218500 2850500 11 20  4   5.7 1013  85  1.7 8  5.5  96    0    0 329 -343  2
4218500 2850500 11 20  5   5.6 1013 109  1.7 8  5.5  96    0    0 330 -343  2
4218500 2850500 11 20  6   5.4 1014  31  1.9 7  5.4  97    0    0 324 -343  2
4218500 2850500 11 20  7   4.9 1014  53  1.8 6  5.3  96    0    0 308 -342  2
4218500 2850500 11 20  8   4.3 1014  67  2.1 6  5.1  96    0    4 300 -342  2
4218500 2850500 11 20  9   5.1 1015  88  2.0 6  5.2  97    7   29 302 -343  2
4218500 2850500 11 20 10   5.7 1015 119  2.3 8  5.4  97    1   57 318 -346  2
4218500 2850500 11 20 11   5.9 1015 117  2.7 7  5.5  96    0   57 326 -351  2
4218500 2850500 11 20 12   6.1 1015 151  2.9 8  5.6  96    0   57 325 -355  2
4218500 2850500 11 20 13   6.3 1015 121  2.8 7  5.7  96    0   48 325 -357  2
4218500 2850500 11 20 14   6.4 1015 109  2.3 8  5.7  96    0   33 325 -359  2
4218500 2850500 11 20 15   6.6 1015 119  2.8 8  5.8  96    0   20 329 -359  2
4218500 2850500 11 20 16   6.7 1015 115  2.8 7  5.8  96    0    3 325 -357  2
4218500 2850500 11 20 17   6.8 1015 136  2.7 8  5.9  96    0    0 325 -354  2
4218500 2850500 11 20 18   6.9 1015 144  2.6 8  5.9  95    0    0 330 -349  2
4218500 2850500 11 20 19   6.9 1015 144  3.2 8  5.9  95    0    0 331 -345  2
4218500 2850500 11 20 20   7.0 1015 144  2.9 8  5.9  95    0    0 331 -344  2
4218500 2850500 11 20 21   6.9 1015 144  3.0 7  5.9  95    0    0 326 -345  2
4218500 2850500 11 20 22   7.1 1015 153  3.6 7  5.8  94    0    0 322 -344  2
4218500 2850500 11 20 23   7.2 1015 158  3.0 7  5.8  92    0    0 322 -344  2
4218500 2850500 11 20 24   6.8 1015 162  3.1 8  5.8  92    0    0 327 -344  2
4218500 2850500 11 21  1   6.4 1015 163  3.1 7  5.6  92    0    0 324 -345  2
4218500 2850500 11 21  2   6.0 1015 165  3.2 7  5.4  92    0    0 318 -346  2
4218500 2850500 11 21  3   5.6 1015 160  2.4 7  5.3  93    0    0 316 -347  2
4218500 2850500 11 21  4   5.1 1015 164  2.1 7  5.2  94    0    0 314 -347  2
4218500 2850500 11 21  5   4.8 1015 164  2.3 7  5.2  96    0    0 312 -346  2
4218500 2850500 11 21  6   4.6 1015 161  2.5 8  5.1  97    0    0 316 -347  2
4218500 2850500 11 21  7   4.1 1015 161  2.3 8  5.0  98    0    0 321 -347  2
4218500 2850500 11 21  8   3.4 1015 163  3.3 7  4.8  98    0    1 315 -347  2
4218500 2850500 11 21  9   3.3 1016 160  2.2 8  4.7  97    5   29 313 -347  2
4218500 2850500 11 21 10   3.6 1016 139  1.7 6  4.7  98   10   71 308 -348  2
4218500 2850500 11 21 11   4.1 1016 147  1.7 7  4.9  98    4   91 304 -352  2
4218500 2850500 11 21 12   4.4 1016 154  2.4 7  5.1  99    5  106 308 -356  2
4218500 2850500 11 21 13   5.1 1016 157  1.4 7  5.2  98    6  104 308 -360  2
4218500 2850500 11 21 14   5.1 1016  82  1.3 7  5.2  96    0   59 308 -361  2
4218500 2850500 11 21 15   5.6 1016  92  1.7 7  5.2  95    0   39 308 -359  2
4218500 2850500 11 21 16   4.9 1016 101  2.8 7  5.2  94    0   18 307 -354  2
4218500 2850500 11 21 17   4.8 1016 109  1.8 7  5.0  94    0    0 306 -349  2
4218500 2850500 11 21 18   4.7 1016 114  1.8 8  5.0  94    0    0 310 -345  2
4218500 2850500 11 21 19   4.6 1016 105  2.3 8  5.0  94    0    0 312 -342  2
4218500 2850500 11 21 20   4.9 1016 118  2.2 8  5.0  94    0    0 311 -340  2
4218500 2850500 11 21 21   5.0 1016 131  2.2 8  5.1  95    0    0 310 -338  2
4218500 2850500 11 21 22   5.1 1016 120  2.0 8  5.1  95    0    0 312 -336  2
4218500 2850500 11 21 23   5.1 1016 120  2.0 8  5.1  94    0    0 314 -335  2
4218500 2850500 11 21 24   5.1 1016 120  2.1 8  5.1  94    0    0 315 -333  2
4218500 2850500 11 22  1   5.1 1016 121  2.1 8  5.1  94    0    0 316 -332  2
4218500 2850500 11 22  2   5.2 1015 113  2.3 8  5.1  94    0    0 315 -330  2
4218500 2850500 11 22  3   4.6 1015 113  3.0 8  5.0  94    0    0 314 -328  2
4218500 2850500 11 22  4   4.1 1015 123  2.3 8  4.9  96    0    0 313 -327  2
4218500 2850500 11 22  5   4.1 1015 137  3.2 7  4.9  96    0    0 309 -325  2
4218500 2850500 11 22  6   4.3 1014 150  3.0 8  5.0  97    0    0 310 -324  2
4218500 2850500 11 22  7   4.4 1014 152  3.1 8  5.1  98    0    0 317 -323  2
4218500 2850500 11 22  8   4.5 1014 140  3.7 8  5.1  98    0    0 318 -322  2
4218500 2850500 11 22  9   4.6 1014 139  4.1 7  5.1  98    2   24 315 -322  2
4218500 2850500 11 22 10   4.6 1014 133  3.3 7  5.1  97    3   61 311 -324  2
4218500 2850500 11 22 11   4.8 1014 132  3.8 7  5.0  95    1   77 311 -329  2
4218500 2850500 11 22 12   5.4 1014 134  3.9 7  5.1  93    0   81 312 -335  2
4218500 2850500 11 22 13   6.0 1013 133  4.8 7  5.2  92    0   82 314 -340  2
4218500 2850500 11 22 14   6.3 1013 132  4.6 5  5.3  90   18   94 306 -343  2
4218500 2850500 11 22 15   6.5 1012 122  4.3 3  5.3  89   37   63 290 -342  2
4218500 2850500 11 22 16   5.9 1012 123  4.4 5  5.3  90    4   23 290 -339  2
4218500 2850500 11 22 17   5.9 1012 129  4.6 4  5.4  93    0    0 295 -334  2
4218500 2850500 11 22 18   6.0 1012 133  4.7 5  5.5  95    0    0 295 -331  2
4218500 2850500 11 22 19   5.9 1012 126  4.9 5  5.6  96    0    0 301 -329  2
4218500 2850500 11 22 20   5.8 1012 134  4.2 6  5.4  94    0    0 306 -329  2
4218500 2850500 11 22 21   5.9 1012 134  4.2 8  5.4  94    0    0 321 -329  2
4218500 2850500 11 22 22   6.3 1012 145  3.3 8  5.5  94    0    0 331 -330  2
4218500 2850500 11 22 23   6.3 1012 147  2.8 7  5.6  94    0    0 326 -330  2
4218500 2850500 11 22 24   6.3 1012 164  2.7 6  5.6  95    0    0 315 -330  2
4218500 2850500 11 23  1   5.4 1012 173  3.1 4  5.5  95    0    0 297 -333  2
4218500 2850500 11 23  2   4.1 1012 193  2.6 2  5.1  96    0    0 270 -336  2
4218500 2850500 11 23  3   4.2 1013 216  2.5 4  4.9  95    0    0 267 -338  2
4218500 2850500 11 23  4   4.2 1013 216  2.8 7  4.8  94    0    0 295 -340  2
4218500 2850500 11 23  5   4.7 1013 202  2.7 8  4.8  91    0    0 317 -342  2
4218500 2850500 11 23  6   4.8 1014 210  3.3 7  4.8  91    0    0 318 -344  2
4218500 2850500 11 23  7   5.5 1014 220  4.1 8  4.9  90    0    0 318 -345  2
4218500 2850500 11 23  8   6.0 1014 209  4.0 7  5.0  88    0    1 320 -346  2
4218500 2850500 11 23  9   6.2 1015 211  3.8 7  5.1  87    9   27 316 -347  2
4218500 2850500 11 23 10   7.3 1016 228  3.8 7  5.2  85    2   59 317 -349  2
4218500 2850500 11 23 11   8.1 1017 238  4.2 7  5.2  80    6   90 320 -351  2
4218500 2850500 11 23 12   9.0 1017 239  4.4 6  5.3  76   93  118 316 -353  2
4218500 2850500 11 23 13  10.1 1017 252  4.1 6  5.3  72   88  119 313 -355  2
4218500 2850500 11 23 14   9.6 1017 267  3.8 6  5.1  67   30  102 313 -357  2
4218500 2850500 11 23 15  10.0 1017 246  3.6 6  4.7  63   13   66 312 -357  2
4218500 2850500 11 23 16   8.5 1018 246  2.2 6  4.6  64    2   20 310 -357  2
4218500 2850500 11 23 17   6.1 1018 200  2.5 4  4.5  72    0    0 289 -355  2
4218500 2850500 11 23 18   4.8 1018 201  2.8 3  4.5  82    0    0 264 -354  2
4218500 2850500 11 23 19   5.0 1018 192  2.9 2  4.7  87    0    0 249 -354  2
4218500 2850500 11 23 20   3.6 1018 188  2.7 1  4.6  90    0    0 233 -354  2
4218500 2850500 11 23 21   3.8 1018 191  2.6 0  4.6  92    0    0 219 -353  2
4218500 2850500 11 23 22   2.8 1018 196  2.3 0  4.5  94    0    0 210 -353  2
4218500 2850500 11 23 23   2.0 1018 167  2.5 0  4.3  95    0    0 208 -353  2
4218500 2850500 11 23 24   1.6 1018 161  2.7 0  4.1  94    0    0 207 -353  2
4218500 2850500 11 24  1   0.6 1018 161  2.0 0  3.9  95    0    0 209 -353  2
4218500 2850500 11 24  2   0.2 1018 149  2.2 0  3.7  95    0    0 210 -353  2
4218500 2850500 11 24  3   0.0 1018 150  2.2 0  3.7  96    0    0 210 -353  2
4218500 2850500 11 24  4  -0.2 1018 143  2.3 0  3.6  97    0    0 207 -353  2
4218500 2850500 11 24  5  -0.1 1017 140  2.6 0  3.6  97    0    0 204 -352  2
4218500 2850500 11 24  6  -0.5 1017 131  2.9 0  3.6  98    0    0 199 -351  2
4218500 2850500 11 24  7   0.2 1016 139  3.3 2  3.6  97    0    0 202 -350  2
4218500 2850500 11 24  8   0.5 1016 153  3.0 4  3.8  98    0    0 224 -348  2
4218500 2850500 11 24  9   0.5 1016 155  2.6 6  3.9  99    6   26 253 -347  2
4218500 2850500 11 24 10   1.0 1016 152  2.9 6  3.9  98   22   69 271 -348  2
4218500 2850500 11 24 11   2.1 1016 155  2.5 6  4.1  98   23  101 275 -350  2
4218500 2850500 11 24 12   2.8 1016 143  3.1 6  4.4  98   45  123 278 -353  2
4218500 2850500 11 24 13   5.1 1015 155  3.6 5  4.7  94  127  106 273 -355  2
4218500 2850500 11 24 14   6.1 1014 163  3.3 5  5.0  88   84   99 270 -357  2
4218500 2850500 11 24 15   6.0 1014 160  3.5 6  5.1  87   10   63 282 -357  2
4218500 2850500 11 24 16   5.8 1014 187  3.6 7  5.0  87    0   12 302 -356  2
4218500 2850500 11 24 17   5.6 1014 181  3.3 7  4.9  86    0    0 308 -354  2
4218500 2850500 11 24 18   5.6 1014 171  3.4 7  4.9  86    0    0 307 -352  2
4218500 2850500 11 24 19   5.5 1013 176  3.0 7  4.9  87    0    0 306 -350  2
4218500 2850500 11 24 20   5.7 1014 172  3.0 8  5.0  88    0    0 317 -348  2
4218500 2850500 11 24 21   5.3 1013 163  3.4 8  5.0  89    0    0 324 -347  2
4218500 2850500 11 24 22   5.8 1013 191  2.4 8  5.0  89    0    0 325 -347  2
4218500 2850500 11 24 23   6.1 1013 207  2.4 8  5.2  89    0    0 326 -348  2
4218500 2850500 11 24 24   5.9 1013 205  2.9 8  5.3  91    0    0 328 -349  2
4218500 2850500 11 25  1   6.1 1014 205  2.5 8  5.4  93    0    0 328 -350  2
4218500 2850500 11 25  2   5.9 1014 214  2.8 8  5.5  95    0    0 328 -349  2
4218500 2850500 11 25  3   5.9 1014 222  2.2 8  5.5  96    0    0 328 -348  2
4218500 2850500 11 25  4   5.9 1014 246  2.3 8  5.6  96    0    0 328 -345  2
4218500 2850500 11 25  5   5.9 1014 226  1.6 8  5.6  97    0    0 329 -343  2
4218500 2850500 11 25  6   5.6 1014 212  1.4 8  5.6  98    0    0 329 -340  2
4218500 2850500 11 25  7   5.8 1014 211  1.2 8  5.6  99    0    0 329 -337  2
4218500 2850500 11 25  8   5.8 1014 201  1.0 8  5.6  98    0    0 329 -334  2
4218500 2850500 11 25  9   5.8 1014 175  0.9 8  5.7  99    0   22 329 -335  2
4218500 2850500 11 25 10   6.1 1015 191  1.0 7  5.7  99    1   58 322 -340  2
4218500 2850500 11 25 11   6.6 1015  72  0.5 7  5.8  98    0   61 316 -344  2
4218500 2850500 11 25 12   6.7 1015  66  0.5 7  6.0  98    0   74 316 -347  2
4218500 2850500 11 25 13   7.5 1015  37  0.7 6  6.0  96    3  103 310 -349  2
4218500 2850500 11 25 14   7.7 1015  60  1.5 8  6.0  93    0   61 315 -350  2
4218500 2850500 11 25 15   7.4 1015  60  2.5 8  6.0  92    0   16 328 -349  2
4218500 2850500 11 25 16   7.0 1015  68  2.9 8  5.9  93    0    5 325 -346  2
4218500 2850500 11 25 17   6.7 1015  60  2.7 8  5.8  94    0    0 322 -343  2
4218500 2850500 11 25 18   6.5 1015  59  2.6 8  5.8  95    0    0 319 -341  2
4218500 2850500 11 25 19   6.3 1015  84  3.5 8  5.7  96    0    0 318 -341  2
4218500 2850500 11 25 20   6.1 1015  87  3.7 8  5.7  96    0    0 317 -342  2
4218500 2850500 11 25 21   5.9 1015  81  3.1 8  5.6  97    0    0 318 -342  2
4218500 2850500 11 25 22   6.1 1014 108  3.2 8  5.7  98    0    0 320 -343  2
4218500 2850500 11 25 23   6.2 1014 117  3.5 7  5.8  98    0    0 313 -344  2
4218500 2850500 11 25 24   6.6 1013 118  3.6 7  5.9  99    0    0 309 -345  2
4218500 2850500 11 26  1   6.5 1013 110  3.9 8  5.9  98    0    0 319 -346  2
4218500 2850500 11 26  2   6.6 1012 118  4.1 8  5.8  95    0    0 327 -347  2
4218500 2850500 11 26  3   6.4 1011 108  3.6 8  5.7  95    0    0 328 -346  2
4218500 2850500 11 26  4   6.1 1011 121  4.1 7  5.6  95    0    0 320 -345  2
4218500 2850500 11 26  5   6.0 1010 114  3.9 7  5.6  96    0    0 312 -344  2
4218500 2850500 11 26  6   6.0 1009 122  4.6 8  5.6  95    0    0 321 -345  2
4218500 2850500 11 26  7   6.0 1008 125  4.4 8  5.5  94    0    0 331 -346  2
4218500 2850500 11 26  8   6.3 1008 139  5.2 7  5.4  91    0    0 323 -348  2
4218500 2850500 11 26  9   6.3 1007 141  4.9 8  5.2  87    0    4 324 -350  2
4218500 2850500 11 26 10   6.1 1007 140  4.6 7  5.1  87    0   18 325 -352  2
4218500 2850500 11 26 11   7.0 1006 150  4.7 7  5.1  85    0   45 318 -355  2
4218500 2850500 11 26 12   7.8 1005 161  4.3 7  5.2  80    0   61 323 -359  2
4218500 2850500 11 26 13   9.2 1006 170  3.4 6  5.4  77   10   90 321 -361  2
4218500 2850500 11 26 14  10.7 1005 195  4.0 6  5.5  72    7   76 318 -361  2
4218500 2850500 11 26 15  11.2 1004 200  4.3 7  5.8  70    0   44 327 -360  2
4218500 2850500 11 26 16  11.2 1004 198  3.4 7  6.0  71    0    4 332 -357  2
4218500 2850500 11 26 17  11.1 1005 210  4.2 7  5.8  69    0    0 329 -354  2
4218500 2850500 11 26 18  10.5 1005 230  3.9 6  5.5  68    0    0 322 -352  2
4218500 2850500 11 26 19  10.1 1006 230  4.8 5  5.3  67    0    0 307 -351  2
4218500 2850500 11 26 20   9.0 1006 241  4.4 3  4.9  66    0    0 288 -349  2
4218500 2850500 11 26 21   8.6 1007 237  4.1 2  4.5  63    0    0 269 -347  2
4218500 2850500 11 26 22   8.2 1008 227  4.4 2  4.4  64    0    0 263 -346  2
4218500 2850500 11 26 23   7.4 1007 210  4.4 1  4.7  70    0    0 257 -345  2
4218500 2850500 11 26 24   6.9 1007 212  4.8 1  4.8  75    0    0 250 -343  2
4218500 2850500 11 27  1   7.3 1007 223  4.8 0  4.7  75    0    0 246 -342  2
4218500 2850500 11 27  2   6.6 1007 211  4.4 0  4.6  74    0    0 240 -338  2
4218500 2850500 11 27  3   5.8 1007 219  3.6 1  4.4  74    0    0 242 -334  2
4218500 2850500 11 27  4   5.6 1007 202  3.6 1  4.3  75    0    0 245 -332  2
4218500 2850500 11 27  5   4.8 1007 191  3.1 1  4.3  78    0    0 244 -330  2
4218500 2850500 11 27  6   4.2 1007 193  3.6 0  4.2  81    0    0 237 -328  2
4218500 2850500 11 27  7   4.0 1007 195  3.4 1  4.1  81    0    0 234 -326  2
4218500 2850500 11 27  8   3.8 1007 190  2.5 2  4.1  81    0    0 243 -325  2
4218500 2850500 11 27  9   3.4 1007 187  2.9 2  4.1  84   20   24 247 -323  2
4218500 2850500 11 27 10   5.3 1007 202  3.1 1  4.2  81   81   55 244 -324  2
4218500 2850500 11 27 11   7.4 1007 200  2.9 1  4.3  72  130   76 244 -329  2
4218500 2850500 11 27 12   8.5 1006 186  3.1 1  4.4  65  153   89 246 -335  2
4218500 2850500 11 27 13   9.1 1006 174  3.0 3  4.5  64  131   97 258 -340  2
4218500 2850500 11 27 14   9.2 1005 158  3.0 4  4.7  65   85   92 273 -343  2
4218500 2850500 11 27 15   8.5 1005 145  3.2 6  4.8  67    9   63 286 -344  2
4218500 2850500 11 27 16   7.9 1004 140  3.1 7  4.7  70    0   11 301 -343  2
4218500 2850500 11 27 17   7.6 1003 141  3.4 7  4.6  70    0    0 308 -341  2
4218500 2850500 11 27 18   7.7 1003 137  3.7 7  4.7  71    0    0 308 -340  2
4218500 2850500 11 27 19   7.7 1002 142  3.3 8  4.7  72    0    0 318 -341  2
4218500 2850500 11 27 20   7.2 1001 146  3.7 8  4.9  75    0    0 328 -344  2
4218500 2850500 11 27 21   7.3 1001 144  3.8 8  5.2  82    0    0 331 -346  2
4218500 2850500 11 27 22   7.6 1001 172  3.4 8  5.5  85    0    0 333 -347  2
4218500 2850500 11 27 23   7.6 1001 163  3.6 8  5.7  87    0    0 335 -349  2
4218500 2850500 11 27 24   7.6 1000 177  3.4 8  6.0  91    0    0 336 -350  2
4218500 2850500 11 28  1   7.7 1000 195  3.0 8  6.3  95    0    0 335 -352  2
4218500 2850500 11 28  2   8.0 1000 200  2.6 8  6.5  96    0    0 337 -351  2
4218500 2850500 11 28  3   7.8 1000 200  2.5 8  6.5  97    0    0 337 -350  2
4218500 2850500 11 28  4   7.5 1000 181  2.5 8  6.5  98    0    0 336 -349  2
4218500 2850500 11 28  5   7.8  999 199  2.7 8  6.5  98    0    0 335 -349  2
4218500 2850500 11 28  6   7.8 1000 200  2.8 8  6.4  96    0    0 334 -348  2
4218500 2850500 11 28  7   7.7 1000 219  2.9 7  6.4  96    0    0 324 -347  2
4218500 2850500 11 28  8   7.9 1000 204  2.7 7  6.4  96    0    0 314 -347  2
4218500 2850500 11 28  9   8.2 1000 210  2.2 7  6.4  94    0   10 315 -347  2
4218500 2850500 11 28 10   8.4 1001 209  2.2 7  6.5  94    0   36 316 -347  2
4218500 2850500 11 28 11   8.6 1001 206  2.4 6  6.6  94    0   57 305 -349  2
4218500 2850500 11 28 12   8.9 1001 202  2.4 7  6.6  93    0   55 305 -351  2
4218500 2850500 11 28 13   9.1 1001 218  1.8 7  6.7  92    0   63 316 -353  2
4218500 2850500 11 28 14   9.1 1001 238  2.1 7  6.7  92    0   59 316 -352  2
4218500 2850500 11 28 15   8.9 1001 203  1.4 7  6.6  91    0   44 316 -351  2
4218500 2850500 11 28 16   8.0 1001 190  1.6 7  6.5  93    0   10 314 -348  2
4218500 2850500 11 28 17   7.3 1002 202  1.5 7  6.4  97    0    0 311 -346  2
4218500 2850500 11 28 18   6.8 1002 193  1.6 7  6.3  99    0    0 310 -344  2
4218500 2850500 11 28 19   6.2 1002 184  1.4 7  6.1 100    0    0 310 -343  2
4218500 2850500 11 28 20   5.9 1001 217  1.0 7  5.9  99    0    0 307 -342  2
4218500 2850500 11 28 21   5.7 1001 191  1.3 7  5.8  99    0    0 305 -341  2
4218500 2850500 11 28 22   5.3 1001 204  0.9 7  5.7 100    0    0 304 -340  2
4218500 2850500 11 28 23   5.7 1001  94  0.8 7  5.7  99    0    0 305 -339  2
4218500 2850500 11 28 24   5.7 1001 234  0.8 7  5.7  99    0    0 306 -339  2
4218500 2850500 11 29  1   5.8 1001 164  0.5 7  5.7  98    0    0 306 -338  2
4218500 2850500 11 29  2   5.7 1000   4  1.3 8  5.7  98    0    0 316 -337  2
4218500 2850500 11 29  3   5.4 1001  37  1.4 8  5.6  98    0    0 324 -336  2
4218500 2850500 11 29  4   5.6 1000  46  1.6 8  5.6  98    0    0 325 -336  2
4218500 2850500 11 29  5   5.8 1000  63  1.2 8  5.7  98    0    0 326 -335  2
4218500 2850500 11 29  6   6.1 1000  71  1.3 8  5.8  98    0    0 327 -335  2
4218500 2850500 11 29  7   6.0 1001  49  1.5 8  5.8  98    0    0 328 -334  2
4218500 2850500 11 29  8   6.1 1001  49  1.8 8  5.8  97    0    0 328 -334  2
4218500 2850500 11 29  9   6.1 1000  32  2.1 8  5.8  97    0   12 328 -334  2
4218500 2850500 11 29 10   6.3 1000  30  2.3 7  5.7  95    0   26 319 -336  2
4218500 2850500 11 29 11   6.5 1000  10  1.8 7  5.7  93    0   35 311 -340  2
4218500 2850500 11 29 12   6.5 1000  32  1.8 8  5.7  93    0   33 320 -342  2
4218500 2850500 11 29 13   6.6 1000  53  2.1 8  5.7  92    0   26 329 -344  2
4218500 2850500 11 29 14   6.4 1000  18  2.2 7  5.5  91    0   31 320 -344  2
4218500 2850500 11 29 15   6.5  999  22  2.4 7  5.4  90    0   34 311 -343  2
4218500 2850500 11 29 16   6.2  999   8  2.6 8  5.4  90    0    9 320 -341  2
4218500 2850500 11 29 17   6.1  999  10  2.5 8  5.3  90    0    0 327 -339  2
4218500 2850500 11 29 18   5.9  999  11  1.9 8  5.3  90    0    0 326 -337  2
4218500 2850500 11 29 19   6.0  998 353  2.2 8  5.3  90    0    0 327 -336  2
4218500 2850500 11 29 20   5.7  998   3  1.9 8  5.3  91    0    0 326 -335  2
4218500 2850500 11 29 21   5.8  998   3  2.2 8  5.4  94    0    0 326 -335  2
4218500 2850500 11 29 22   5.8  998  16  3.3 8  5.5  95    0    0 327 -335  2
4218500 2850500 11 29 23   5.9  998   9  3.2 8  5.6  95    0    0 327 -336  2
4218500 2850500 11 29 24   5.8  997  17  2.9 8  5.5  95    0    0 329 -336  2
4218500 2850500 11 30  1   5.7  996  11  2.8 8  5.5  94    0    0 329 -336  2
4218500 2850500 11 30  2   5.4  996  12  3.6 8  5.4  94    0    0 328 -336  2
4218500 2850500 11 30  3   5.3  995   9  3.5 8  5.3  94    0    0 328 -335  2
4218500 2850500 11 30  4   5.2  994  12  4.0 8  5.3  95    0    0 328 -335  2
4218500 2850500 11 30  5   5.3  994   8  4.5 8  5.3  95    0    0 328 -334  2
4218500 2850500 11 30  6   5.3  993  16  4.0 8  5.3  94    0    0 327 -333  2
4218500 2850500 11 30  7   5.2  992 358  3.9 8  5.3  94    0    0 326 -332  2
4218500 2850500 11 30  8   5.0  992 359  4.1 8  5.3  95    0    0 325 -331  2
4218500 2850500 11 30  9   5.1  992   9  4.7 8  5.3  95    0    4 324 -329  2
4218500 2850500 11 30 10   5.0  991  20  5.8 8  5.2  93    0   12 323 -326  2
4218500 2850500 11 30 11   4.1  991  21  6.1 8  4.9  91    0   18 318 -323  2
4218500 2850500 11 30 12   3.8  991   9  6.3 8  4.6  90    0   25 315 -319  2
4218500 2850500 11 30 13   3.1  990 360  6.0 8  4.5  92    0   23 314 -316  2
4218500 2850500 11 30 14   3.2  989 341  5.9 7  4.5  92    0   26 306 -316  2
4218500 2850500 11 30 15   3.5  990 339  6.2 8  4.6  92    0   25 304 -316  2
4218500 2850500 11 30 16   3.5  990 339  6.4 8  4.7  93    0   12 311 -316  2
4218500 2850500 11 30 17   3.5  990 331  6.5 8  4.6  93    0    0 311 -316  2
4218500 2850500 11 30 18   3.3  990 329  6.5 8  4.6  92    0    0 311 -316  2
4218500 2850500 11 30 19   2.9  990 327  6.6 8  4.4  92    0    0 309 -316  2
4218500 2850500 11 30 20   2.6  990 319  6.4 8  4.4  92    0    0 308 -316  2
4218500 2850500 11 30 21   2.5  991 314  6.4 8  4.3  93    0    0 307 -316  2
4218500 2850500 11 30 22   2.4  991 310  6.4 8  4.3  93    0    0 308 -316  2
4218500 2850500 11 30 23   2.8  992 291  6.2 8  4.5  94    0    0 308 -316  2
4218500 2850500 11 30 24   3.4  992 268  5.7 8  4.8  96    0    0 309 -316  2
4218500 2850500 12  1  1   4.2 1000 240  5.1 8  5.1  97    0    0 324 -328  2
4218500 2850500 12  1  2   4.9 1000 218  4.5 8  5.4  98    0    0 324 -328  2
4218500 2850500 12  1  3   5.5 1000 201  4.1 8  5.6  99    0    0 326 -329  2
4218500 2850500 12  1  4   5.8  999 201  4.2 8  5.7  98    0    0 327 -329  2
4218500 2850500 12  1  5   5.8  999 199  4.5 8  5.7  98    0    0 329 -329  2
4218500 2850500 12  1  6   6.2  999 200  4.7 8  5.8  97    0    0 331 -329  2
4218500 2850500 12  1  7   6.1  998 192  5.0 8  5.8  98    0    0 331 -330  2
4218500 2850500 12  1  8   6.3  998 202  5.3 8  5.9  99    0    0 333 -331  2
4218500 2850500 12  1  9   6.5  998 201  5.7 8  6.0  99    0    8 334 -331  2
4218500 2850500 12  1 10   6.8  997 211  5.8 7  6.1  99    0   21 330 -333  2
4218500 2850500 12  1 11   7.0  997 211  6.0 7  6.2  99    0   30 328 -334  2
4218500 2850500 12  1 12   7.2  997 220  5.8 8  6.3  98    0   34 334 -335  2
4218500 2850500 12  1 13   7.7  997 223  6.3 7  6.3  96    2   86 334 -337  2
4218500 2850500 12  1 14   8.2  997 222  5.7 6  6.3  93   35  108 324 -340  2
4218500 2850500 12  1 15   8.4  998 222  5.7 6  6.3  90   23   71 318 -342  2
4218500 2850500 12  1 16   8.2  998 221  5.5 6  6.1  88    0   15 316 -343  2
4218500 2850500 12  1 17   7.7  999 221  5.1 5  5.8  86    0    0 307 -343  2
4218500 2850500 12  1 18   7.3 1000 221  5.1 4  5.7  87    0    0 295 -341  2
4218500 2850500 12  1 19   6.7 1001 222  4.4 3  5.6  89    0    0 281 -341  2
4218500 2850500 12  1 20   6.2 1001 219  4.4 3  5.5  91    0    0 272 -340  2
4218500 2850500 12  1 21   6.0 1001 228  5.0 1  5.4  91    0    0 258 -336  2
4218500 2850500 12  1 22   5.9 1001 228  4.9 1  5.2  90    0    0 242 -331  2
4218500 2850500 12  1 23   5.6 1001 213  4.2 1  5.1  88    0    0 240 -329  2
4218500 2850500 12  1 24   5.2 1001 204  4.6 1  5.0  88    0    0 241 -328  2
4218500 2850500 12  2  1   5.1 1001 203  4.5 2  5.0  89    0    0 245 -328  2
4218500 2850500 12  2  2   4.7 1001 200  4.6 1  4.9  89    0    0 241 -330  2
4218500 2850500 12  2  3   4.2 1001 201  5.4 1  4.7  90    0    0 230 -331  2
4218500 2850500 12  2  4   4.6 1000 191  4.9 1  4.7  89    0    0 227 -332  2
4218500 2850500 12  2  5   4.7  999 190  5.8 3  4.7  87    0    0 235 -333  2
4218500 2850500 12  2  6   5.3  999 200  6.0 6  4.8  87    0    0 271 -334  2
4218500 2850500 12  2  7   5.2  998 200  5.2 6  5.0  89    0    0 297 -335  2
4218500 2850500 12  2  8   4.9  998 202  5.9 5  5.0  91    0    0 292 -335  2
4218500 2850500 12  2  9   5.4  998 202  6.2 5  5.0  90    2   12 288 -336  2
4218500 2850500 12  2 10   6.5  999 211  6.8 7  5.1  87    2   40 304 -337  2
4218500 2850500 12  2 11   6.9  998 213  6.4 5  5.2  84   37   78 307 -339  2
4218500 2850500 12  2 12   7.6  998 228  7.0 5  5.2  81   40   96 300 -341  2
4218500 2850500 12  2 13   8.7  998 221  7.4 7  5.2  76   11   93 313 -343  2
4218500 2850500 12  2 14   8.8  997 211  6.9 7  5.1  72    5   72 327 -344  2
4218500 2850500 12  2 15   8.8  996 210  7.2 6  5.1  72   25   55 322 -344  2
4218500 2850500 12  2 16   8.6  995 193  6.0 8  5.1  72    0   13 328 -344  2
4218500 2850500 12  2 17   7.8  994 201  5.9 8  5.2  76    0    0 337 -344  2
4218500 2850500 12  2 18   6.8  993 161  6.1 8  5.6  86    0    0 335 -344  2
4218500 2850500 12  2 19   7.0  990 170  7.2 8  6.0  95    0    0 333 -345  2
4218500 2850500 12  2 20   7.5  987 180  7.7 8  6.2  95    0    0 334 -345  2
4218500 2850500 12  2 21   8.3  985 181  9.2 8  6.4  94    0    0 337 -344  2
4218500 2850500 12  2 22   8.9  983 191  8.9 8  6.4  90    0    0 340 -344  2
4218500 2850500 12  2 23   9.5  981 212  9.2 7  6.1  82    0    0 336 -345  2
4218500 2850500 12  2 24   9.5  980 211  8.1 7  5.8  76    0    0 329 -345  2
4218500 2850500 12  3  1   9.4  979 212  8.2 7  5.6  74    0    0 327 -346  2
4218500 2850500 12  3  2   9.2  978 220  7.5 6  5.6  75    0    0 319 -345  2
4218500 2850500 12  3  3   8.4  978 227  6.3 6  5.9  80    0    0 310 -344  2
4218500 2850500 12  3  4   8.3  978 200  5.9 7  6.0  84    0    0 316 -344  2
4218500 2850500 12  3  5   8.6  977 194  7.9 7  5.7  80    0    0 323 -344  2
4218500 2850500 12  3  6   8.5  976 211  7.1 6  5.6  78    0    0 317 -343  2
4218500 2850500 12  3  7   7.9  976 210  8.2 6  5.5  79    0    0 310 -342  2
4218500 2850500 12  3  8   7.3  976 238  8.2 6  5.4  80    0    0 309 -342  2
4218500 2850500 12  3  9   6.8  976 248  8.4 8  5.5  84    6   14 318 -340  2
4218500 2850500 12  3 10   6.8  977 250  8.5 7  5.5  86    2   40 321 -339  2
4218500 2850500 12  3 11   6.8  978 259  7.8 8  5.5  86    1   58 319 -339  2
4218500 2850500 12  3 12   7.4  979 260  7.4 7  5.6  86    0   58 318 -339  2
4218500 2850500 12  3 13   7.8  980 271  7.7 6  5.4  81    3   80 306 -339  2
4218500 2850500 12  3 14   7.4  981 260  6.6 8  5.3  79    0   25 311 -339  2
4218500 2850500 12  3 15   7.3  982 259  6.0 8  5.3  80    0   26 320 -337  2
4218500 2850500 12  3 16   5.4  982 261  5.5 6  5.2  85    0    1 304 -335  2
4218500 2850500 12  3 17   6.1  983 247  6.6 7  5.2  89    0    0 297 -333  2
4218500 2850500 12  3 18   5.8  984 269  8.1 8  5.3  88    0    0 308 -331  2
4218500 2850500 12  3 19   5.7  985 258  7.9 7  5.2  89    0    0 308 -330  2
4218500 2850500 12  3 20   5.1  986 273  9.4 8  5.1  88    0    0 308 -330  2
4218500 2850500 12  3 21   4.6  987 282  9.5 8  5.0  90    0    0 312 -331  2
4218500 2850500 12  3 22   4.3  988 269  8.1 8  4.9  92    0    0 312 -331  2
4218500 2850500 12  3 23   4.6  989 270  8.3 8  5.0  93    0    0 312 -329  2
4218500 2850500 12  3 24   5.0  990 267  7.6 8  4.9  90    0    0 313 -327  2
4218500 2850500 12  4  1   5.3  990 261  7.9 8  4.9  87    0    0 315 -327  2
4218500 2850500 12  4  2   5.4  991 262  7.5 7  4.8  84    0    0 310 -328  2
4218500 2850500 12  4  3   5.3  992 267  6.7 7  4.7  82    0    0 305 -330  2
4218500 2850500 12  4  4   5.1  993 273  6.6 7  4.7  83    0    0 307 -331  2
4218500 2850500 12  4  5   5.4  994 265  5.8 7  4.7  83    0    0 308 -330  2
4218500 2850500 12  4  6   4.7  994 274  5.8 8  4.7  85    0    0 313 -330  2
4218500 2850500 12  4  7   4.8  995 277  6.7 7  4.8  89    0    0 312 -329  2
4218500 2850500 12  4  8   4.7  995 279  6.1 8  4.8  89    0    0 312 -326  2
4218500 2850500 12  4  9   4.8  997 281  6.1 7  4.8  89    5   13 310 -324  2
4218500 2850500 12  4 10   5.4  998 291  6.6 7  4.8  87    8   43 303 -324  2
4218500 2850500 12  4 11   5.8 1000 289  6.2 7  4.8  84    0   52 304 -327  2
4218500 2850500 12  4 12   6.1 1001 291  7.5 7  4.8  82   12   87 305 -331  2
4218500 2850500 12  4 13   6.7 1002 292  6.3 5  4.9  81   17   93 295 -333  2
4218500 2850500 12  4 14   7.0 1004 283  6.1 5  5.0  80   51   79 282 -334  2
4218500 2850500 12  4 15   6.7 1005 281  5.7 2  4.9  80   59   47 260 -333  2
4218500 2850500 12  4 16   6.4 1006 279  5.3 5  4.9  80    3   14 256 -330  2
4218500 2850500 12  4 17   5.6 1007 269  5.1 5  4.8  83    0    0 272 -326  2
4218500 2850500 12  4 18   5.6 1008 270  4.4 4  4.8  85    0    0 267 -323  2
4218500 2850500 12  4 19   5.4 1009 261  4.5 3  4.9  87    0    0 257 -321  2
4218500 2850500 12  4 20   4.9 1010 270  4.0 2  4.9  88    0    0 244 -319  2
4218500 2850500 12  4 21   5.2 1011 263  3.7 3  4.8  89    0    0 247 -321  2
4218500 2850500 12  4 22   5.1 1011 262  3.5 4  4.9  89    0    0 266 -325  2
4218500 2850500 12  4 23   5.1 1012 235  2.9 5  4.9  89    0    0 282 -330  2
4218500 2850500 12  4 24   4.8 1012 214  3.1 6  4.9  90    0    0 294 -333  2
4218500 2850500 12  5  1   4.7 1013 213  3.2 7  4.9  92    0    0 305 -336  2
4218500 2850500 12  5  2   5.0 1013 217  3.3 7  4.8  90    0    0 311 -337  2
4218500 2850500 12  5  3   5.1 1013 210  3.6 8  4.8  88    0    0 319 -338  2
4218500 2850500 12  5  4   5.3 1012 219  3.8 8  4.8  87    0    0 327 -338  2
4218500 2850500 12  5  5   5.3 1012 218  3.8 8  4.8  86    0    0 329 -338  2
4218500 2850500 12  5  6   5.1 1012 202  4.7 8  4.9  89    0    0 330 -338  2
4218500 2850500 12  5  7   5.4 1011 209  4.9 8  5.1  93    0    0 332 -338  2
4218500 2850500 12  5  8   5.4 1011 203  4.8 8  5.3  94    0    0 335 -338  2
4218500 2850500 12  5  9   5.5 1011 201  4.7 8  5.4  96    0   12 336 -339  2
4218500 2850500 12  5 10   6.1 1011 201  4.4 7  5.5  95   15   62 334 -340  2
4218500 2850500 12  5 11   7.0 1011 212  4.3 5  5.6  93   27  103 320 -343  2
4218500 2850500 12  5 12   7.8 1011 203  4.7 7  5.8  90    0   68 324 -346  2
4218500 2850500 12  5 13   8.3 1010 210  4.6 7  6.0  89    0   38 338 -348  2
4218500 2850500 12  5 14   8.5 1010 205  4.8 7  6.1  89    0   27 340 -350  2
4218500 2850500 12  5 15   9.1 1011 203  5.2 7  6.2  88    0   16 341 -351  2
4218500 2850500 12  5 16   9.3 1010 202  5.7 7  6.2  86    0    1 343 -352  2
4218500 2850500 12  5 17   9.5 1010 202  6.1 7  6.1  83    0    0 343 -353  2
4218500 2850500 12  5 18   9.7 1009 199  6.0 7  6.1  81    0    0 345 -354  2
4218500 2850500 12  5 19   9.7 1009 203  6.3 7  6.0  79    0    0 345 -355  2
4218500 2850500 12  5 20   9.5 1008 195  6.2 7  5.9  78    0    0 343 -356  2
4218500 2850500 12  5 21   9.8 1008 202  6.2 7  5.9  79    0    0 342 -357  2
4218500 2850500 12  5 22   9.6 1007 201  6.2 7  6.0  80    0    0 341 -357  2
4218500 2850500 12  5 23  10.1 1007 210  5.7 7  6.0  79    0    0 339 -356  2
4218500 2850500 12  5 24   9.9 1006 212  6.4 8  6.0  79    0    0 346 -356  2
4218500 2850500 12  6  1  10.0 1006 209  6.1 7  6.2  80    0    0 345 -356  2
4218500 2850500 12  6  2   9.8 1006 213  5.8 6  6.1  80    0    0 332 -355  2
4218500 2850500 12  6  3   9.6 1006 213  5.4 5  6.1  80    0    0 317 -354  2
4218500 2850500 12  6  4   9.4 1006 220  5.4 5  6.1  82    0    0 308 -352  2
4218500 2850500 12  6  5   9.7 1005 209  6.1 5  6.2  83    0    0 310 -352  2
4218500 2850500 12  6  6   9.2 1006 239  4.8 5  6.1  82    0    0 309 -352  2
4218500 2850500 12  6  7   9.5 1006 231  4.9 5  6.0  82    0    0 308 -351  2
4218500 2850500 12  6  8   9.2 1007 223  4.6 6  5.9  80    0    0 310 -349  2
4218500 2850500 12  6  9   9.0 1007 221  4.7 6  5.8  80    7   19 314 -348  2
4218500 2850500 12  6 10   9.3 1008 226  5.3 5  5.8  80   24   59 308 -348  2
4218500 2850500 12  6 11  10.1 1008 236  5.6 6  5.9  78   19   89 310 -349  2
4218500 2850500 12  6 12  11.1 1008 237  6.1 5  6.0  75   48  119 312 -349  2
4218500 2850500 12  6 13  10.5 1008 243  6.3 6  5.9  72    5   92 312 -350  2
4218500 2850500 12  6 14  10.0 1008 233  5.7 6  5.8  74    2   67 316 -351  2
4218500 2850500 12  6 15  10.1 1007 220  5.2 4  5.7  74   16   62 302 -350  2
4218500 2850500 12  6 16   9.8 1007 198  5.3 6  5.6  73    0    2 301 -348  2
4218500 2850500 12  6 17   8.7 1006 201  4.5 6  5.4  74    0    0 313 -346  2
4218500 2850500 12  6 18   8.3 1006 193  5.1 5  5.3  76    0    0 305 -345  2
4218500 2850500 12  6 19   8.5 1004 201  5.3 7  5.3  77    0    0 310 -345  2
4218500 2850500 12  6 20   8.8 1004 210  6.1 7  5.5  78    0    0 323 -346  2
4218500 2850500 12  6 21   8.4 1003 203  6.2 8  5.9  84    0    0 331 -347  2
4218500 2850500 12  6 22   8.2 1002 201  5.9 7  6.2  90    0    0 334 -349  2
4218500 2850500 12  6 23   8.2 1001 199  5.4 7  6.3  92    0    0 330 -350  2
4218500 2850500 12  6 24   8.5  999 201  6.5 7  6.3  91    0    0 331 -352  2
4218500 2850500 12  7  1   8.6  998 200  6.3 7  6.2  89    0    0 332 -353  2
4218500 2850500 12  7  2   8.9  997 200  6.6 7  6.2  87    0    0 331 -354  2
4218500 2850500 12  7  3   8.9  995 192  6.1 7  6.2  86    0    0 332 -355  2
4218500 2850500 12  7  4   9.2  993 192  6.6 8  6.3  86    0    0 342 -357  2
4218500 2850500 12  7  5   9.4  991 200  7.1 8  6.5  88    0    0 353 -359  2
4218500 2850500 12  7  6   9.1  989 200  7.8 8  6.9  93    0    0 354 -361  2
4218500 2850500 12  7  7   9.3  988 200  8.3 8  7.2  96    0    0 353 -363  2
4218500 2850500 12  7  8   9.8  986 209  8.2 8  7.3  96    0    0 354 -364  2
4218500 2850500 12  7  9  10.1  985 212  8.1 8  7.6  97    0    9 354 -364  2
4218500 2850500 12  7 10  10.9  984 210  8.5 7  7.8  95    9   46 349 -365  2
4218500 2850500 12  7 11  11.7  984 212  8.3 7  7.9  92   24   78 344 -366  2
4218500 2850500 12  7 12  12.8  983 221  7.6 3  8.0  87   91   90 321 -364  2
4218500 2850500 12  7 13  13.8  983 251  8.0 1  7.6  78  107   90 284 -359  2
4218500 2850500 12  7 14  12.0  982 256 10.0 5  6.7  70    1   59 290 -356  2
4218500 2850500 12  7 15  10.3  983 254  9.0 5  5.9  70    0   25 306 -355  2
4218500 2850500 12  7 16  10.1  984 238  8.3 5  5.5  69    0   13 300 -353  2
4218500 2850500 12  7 17   9.9  985 229  8.5 5  5.4  68    0    0 297 -350  2
4218500 2850500 12  7 18   9.2  985 251  8.9 7  5.3  70    0    0 302 -348  2
4218500 2850500 12  7 19   8.1  987 253  7.7 6  5.2  72    0    0 301 -346  2
4218500 2850500 12  7 20   7.5  989 259  6.6 6  5.1  75    0    0 291 -343  2
4218500 2850500 12  7 21   7.2  990 246  7.3 5  5.0  77    0    0 282 -342  2
4218500 2850500 12  7 22   6.8  991 237  6.7 4  4.8  76    0    0 272 -340  2
4218500 2850500 12  7 23   6.3  991 263  7.3 3  4.6  74    0    0 260 -338  2
4218500 2850500 12  7 24   6.7  992 244  7.2 1  4.5  73    0    0 247 -337  2
4218500 2850500 12  8  1   6.0  993 238  6.8 0  4.5  74    0    0 232 -336  2
4218500 2850500 12  8  2   5.8  993 219  6.7 1  4.4  75    0    0 231 -336  2
4218500 2850500 12  8  3   6.0  994 233  6.4 5  4.4  74    0    0 255 -336  2
4218500 2850500 12  8  4   6.1  994 225  7.1 6  4.4  74    0    0 281 -336  2
4218500 2850500 12  8  5   6.4  995 229  6.7 6  4.4  73    0    0 287 -336  2
4218500 2850500 12  8  6   6.2  996 246  7.1 6  4.4  73    0    0 288 -335  2
4218500 2850500 12  8  7   6.8  996 244  6.9 6  4.5  73    0    0 289 -334  2
4218500 2850500 12  8  8   6.8  997 237  7.1 7  4.6  73    0    0 294 -334  2
4218500 2850500 12  8  9   6.7  998 240  7.5 7  4.5  73    2   14 299 -333  2
4218500 2850500 12  8 10   6.9  999 233  7.7 5  4.5  72   21   51 290 -334  2
4218500 2850500 12  8 11   7.5 1000 234  8.2 3  4.6  72   79   77 273 -337  2
4218500 2850500 12  8 12   7.4 1000 250  8.1 5  4.5  70   29   98 276 -340  2
4218500 2850500 12  8 13   7.8 1001 253  7.6 5  4.5  68   50  101 287 -341  2
4218500 2850500 12  8 14   7.8 1001 250  7.3 2  4.5  68   71   86 274 -341  2
4218500 2850500 12  8 15   7.5 1001 252  5.5 3  4.5  69    8   51 265 -340  2
4218500 2850500 12  8 16   6.9 1001 243  5.4 6  4.5  70    0   11 278 -338  2
4218500 2850500 12  8 17   5.9 1001 231  4.4 5  4.4  73    0    0 280 -335  2
4218500 2850500 12  8 18   5.0 1000 208  3.6 3  4.4  78    0    0 263 -332  2
4218500 2850500 12  8 19   4.2 1000 184  4.2 4  4.4  82    0    0 256 -330  2
4218500 2850500 12  8 20   4.8  999 194  4.3 6  4.3  82    0    0 269 -329  2
4218500 2850500 12  8 21   4.9  999 185  4.8 7  4.4  80    0    0 283 -330  2
4218500 2850500 12  8 22   4.5  998 183  4.7 5  4.2  79    0    0 276 -327  2
4218500 2850500 12  8 23   4.3  997 174  5.2 3  4.2  79    0    0 258 -322  2
4218500 2850500 12  8 24   4.2  996 171  5.2 4  4.1  79    0    0 254 -318  2
4218500 2850500 12  9  1   3.8  995 171  5.9 4  4.0  77    0    0 258 -316  2
4218500 2850500 12  9  2   3.9  993 160  6.0 3  3.7  73    0    0 253 -315  2
4218500 2850500 12  9  3   3.9  992 159  6.0 5  3.6  70    0    0 258 -315  2
4218500 2850500 12  9  4   4.2  991 161  6.1 7  3.6  69    0    0 274 -315  2
4218500 2850500 12  9  5   4.3  990 161  6.5 7  3.7  70    0    0 283 -315  2
4218500 2850500 12  9  6   4.4  988 161  5.8 7  3.9  73    0    0 284 -315  2
4218500 2850500 12  9  7   5.1  988 171  6.4 8  4.0  73    0    0 290 -315  2
4218500 2850500 12  9  8   5.0  987 163  5.1 8  4.0  72    0    0 297 -315  2
4218500 2850500 12  9  9   5.4  987 170  5.1 8  4.2  74    0    4 301 -315  2
4218500 2850500 12  9 10   5.8  987 181  5.9 8  4.3  74    0   22 304 -316  2
4218500 2850500 12  9 11   6.2  987 190  5.4 7  4.5  76    2   66 301 -319  2
4218500 2850500 12  9 12   6.6  987 191  5.4 7  4.7  77   10   94 298 -322  2
4218500 2850500 12  9 13   6.7  987 201  5.1 6  4.9  79    0   75 295 -325  2
4218500 2850500 12  9 14   7.5  987 201  4.6 5  5.1  80    2   69 287 -327  2
4218500 2850500 12  9 15   7.6  987 199  4.1 5  5.2  79   10   55 284 -328  2
4218500 2850500 12  9 16   7.2  988 202  3.8 7  5.3  81    0    5 297 -329  2
4218500 2850500 12  9 17   6.7  988 202  3.2 7  5.4  85    0    0 309 -330  2
4218500 2850500 12  9 18   5.9  989 194  3.1 6  5.4  88    0    0 302 -332  2
4218500 2850500 12  9 19   5.2  989 191  3.3 3  5.3  92    0    0 275 -333  2
4218500 2850500 12  9 20   4.5  989 182  3.1 2  5.2  95    0    0 250 -334  2
4218500 2850500 12  9 21   3.9  990 177  2.9 0  5.1  97    0    0 229 -335  2
4218500 2850500 12  9 22   3.0  990 157  3.1 1  4.9  98    0    0 220 -335  2
4218500 2850500 12  9 23   3.5  990 149  3.2 4  4.8  98    0    0 244 -335  2
4218500 2850500 12  9 24   4.0  991 150  3.2 7  5.0  98    0    0 283 -335  2
4218500 2850500 12 10  1   3.9  991 159  3.1 7  5.1  99    0    0 304 -336  2
4218500 2850500 12 10  2   3.2  991 154  3.1 3  5.0  99    0    0 274 -336  2
4218500 2850500 12 10  3   2.4  990 148  3.0 1  4.7  99    0    0 231 -334  2
4218500 2850500 12 10  4   2.6  990 146  2.8 0  4.6  98    0    0 214 -331  2
4218500 2850500 12 10  5   1.5  991 127  3.0 0  4.4  99    0    0 207 -330  2
4218500 2850500 12 10  6   1.4  991 132  3.2 0  4.3 100    0    0 207 -329  2
4218500 2850500 12 10  7   0.9  991 142  3.1 1  4.2 100    0    0 212 -327  2
4218500 2850500 12 10  8   0.8  992 136  3.5 1  4.1  99    0    0 216 -323  2
4218500 2850500 12 10  9   1.3  992 131  3.6 1  4.1  99   13   15 215 -320  2
4218500 2850500 12 10 10   2.9  993 143  3.0 1  4.4  98   74   39 218 -319  2
4218500 2850500 12 10 11   4.5  994 143  3.2 1  4.7  93  136   56 220 -321  2
4218500 2850500 12 10 12   5.7  995 139  2.7 1  4.7  85  169   64 221 -326  2
4218500 2850500 12 10 13   6.7  995 120  3.2 1  4.7  78  160   69 222 -330  2
4218500 2850500 12 10 14   6.9  996 132  3.2 1  4.7  75  117   68 223 -332  2
4218500 2850500 12 10 15   6.1  996 129  2.7 1  4.7  77   54   53 221 -330  2
4218500 2850500 12 10 16   4.6  997  99  2.6 3  4.7  83    2   15 230 -325  2
4218500 2850500 12 10 17   4.9  997  91  3.1 5  4.8  89    0    0 256 -321  2
4218500 2850500 12 10 18   5.5  998  79  2.7 7  5.0  89    0    0 287 -317  2
4218500 2850500 12 10 19   5.1  998  87  2.6 7  5.0  89    0    0 302 -316  2
4218500 2850500 12 10 20   4.8  999  79  2.6 7  5.0  92    0    0 301 -315  2
4218500 2850500 12 10 21   4.9 1000  87  2.0 7  5.1  93    0    0 301 -315  2
4218500 2850500 12 10 22   4.6 1000  62  1.9 7  5.1  94    0    0 302 -315  2
4218500 2850500 12 10 23   4.6 1001  70  2.1 7  5.0  94    0    0 301 -315  2
4218500 2850500 12 10 24   4.7 1002  58  2.1 8  5.0  94    0    0 309 -315  2
4218500 2850500 12 11  1   4.5 1003  42  2.6 8  5.0  93    0    0 317 -315  2
4218500 2850500 12 11  2   4.1 1003  41  2.1 8  4.8  93    0    0 317 -315  2
4218500 2850500 12 11  3   4.0 1004  10  1.6 8  4.8  93    0    0 317 -315  2
4218500 2850500 12 11  4   3.6 1005  14  2.6 8  4.7  94    0    0 316 -315  2
4218500 2850500 12 11  5   3.3 1005  22  2.8 8  4.7  96    0    0 315 -315  2
4218500 2850500 12 11  6   2.8 1006  25  3.8 8  4.6  97    0    0 314 -317  2
4218500 2850500 12 11  7   2.5 1007  31  2.0 7  4.5  98    0    0 306 -321  2
4218500 2850500 12 11  8   2.3 1008  17  2.5 8  4.5  99    0    0 306 -323  2
4218500 2850500 12 11  9   2.6 1009 332  2.3 8  4.5  99    0   12 314 -325  2
4218500 2850500 12 11 10   3.0 1009 331  2.9 7  4.6  99    0   21 309 -327  2
4218500 2850500 12 11 11   3.3 1010 344  2.0 7  4.7  98    0   36 305 -330  2
4218500 2850500 12 11 12   3.3 1011 315  3.3 7  4.7  98    0   44 307 -333  2
4218500 2850500 12 11 13   3.5 1011 323  3.3 7  4.8  99    0   31 307 -336  2
4218500 2850500 12 11 14   3.3 1012 321  3.0 8  4.8  99    0   38 313 -337  2
4218500 2850500 12 11 15   3.7 1013 329  2.5 6  4.8  98    0   41 307 -337  2
4218500 2850500 12 11 16   4.3 1013 308  2.3 8  5.0  98    0    1 308 -337  2
4218500 2850500 12 11 17   4.8 1014 321  3.3 8  5.2  99    0    0 322 -337  2
4218500 2850500 12 11 18   5.7 1015 351  4.3 8  5.4  97    0    0 326 -336  2
4218500 2850500 12 11 19   5.8 1016 351  5.5 8  5.3  94    0    0 328 -336  2
4218500 2850500 12 11 20   5.6 1016 351  5.3 8  5.1  90    0    0 328 -336  2
4218500 2850500 12 11 21   5.3 1017 351  5.2 8  5.0  90    0    0 327 -336  2
4218500 2850500 12 11 22   5.2 1018 349  5.3 8  5.0  91    0    0 326 -337  2
4218500 2850500 12 11 23   5.0 1018 349  5.4 8  5.0  92    0    0 326 -337  2
4218500 2850500 12 11 24   4.9 1019 349  4.6 8  5.0  93    0    0 325 -338  2
4218500 2850500 12 12  1   4.9 1020 350  5.1 8  5.0  94    0    0 326 -338  2
4218500 2850500 12 12  2   5.1 1020 350  5.2 8  5.0  94    0    0 327 -338  2
4218500 2850500 12 12  3   4.9 1020 342  4.9 8  5.1  94    0    0 328 -338  2
4218500 2850500 12 12  4   5.0 1021 349  5.0 8  5.2  96    0    0 328 -338  2
4218500 2850500 12 12  5   5.1 1021 358  4.9 8  5.2  97    0    0 328 -338  2
4218500 2850500 12 12  6   5.1 1022 358  5.3 8  5.2  97    0    0 328 -337  2
4218500 2850500 12 12  7   5.2 1022 359  5.4 8  5.3  97    0    0 327 -335  2
4218500 2850500 12 12  8   5.2 1023   9  5.3 8  5.3  97    0    0 328 -334  2
4218500 2850500 12 12  9   5.2 1024 358  5.0 8  5.3  97    0    0 328 -332  2
4218500 2850500 12 12 10   5.2 1025   0  5.1 7  5.3  98    0   24 323 -330  2
4218500 2850500 12 12 11   5.5 1026 359  4.1 8  5.4  99    0   26 322 -329  2
4218500 2850500 12 12 12   5.6 1026   3  4.1 8  5.5  99    0   31 329 -329  2
4218500 2850500 12 12 13   5.9 1027   0  4.1 8  5.6  99    0   28 330 -329  2
4218500 2850500 12 12 14   6.0 1027   0  4.2 8  5.6  97    0   28 329 -331  2
4218500 2850500 12 12 15   6.2 1027 358  4.1 7  5.5  95    0   23 323 -330  2
4218500 2850500 12 12 16   6.3 1028   7  4.6 8  5.4  92    0    4 322 -327  2
4218500 2850500 12 12 17   6.1 1029  22  4.0 8  5.4  92    0    0 327 -325  2
4218500 2850500 12 12 18   6.0 1029  24  4.7 8  5.4  94    0    0 326 -321  2
4218500 2850500 12 12 19   5.9 1030  13  5.0 8  5.4  95    0    0 327 -317  2
4218500 2850500 12 12 20   5.9 1030  27  4.3 8  5.3  94    0    0 326 -315  2
4218500 2850500 12 12 21   5.7 1031  21  4.9 8  5.1  91    0    0 324 -315  2
4218500 2850500 12 12 22   5.4 1031  23  4.1 8  4.9  89    0    0 323 -315  2
4218500 2850500 12 12 23   5.2 1032  22  3.6 7  4.9  89    0    0 316 -315  2
4218500 2850500 12 12 24   5.0 1032   8  3.9 8  4.8  89    0    0 313 -315  2
4218500 2850500 12 13  1   4.7 1033  11  3.9 7  4.7  90    0    0 312 -316  2
4218500 2850500 12 13  2   4.6 1033  20  4.1 8  4.7  90    0    0 311 -320  2
4218500 2850500 12 13  3   4.4 1033  38  3.4 7  4.6  90    0    0 310 -324  2
4218500 2850500 12 13  4   4.2 1034  29  3.1 7  4.5  88    0    0 303 -325  2
4218500 2850500 12 13  5   4.1 1034  20  3.2 7  4.3  86    0    0 302 -325  2
4218500 2850500 12 13  6   3.9 1035  30  3.5 7  4.2  85    0    0 301 -324  2
4218500 2850500 12 13  7   3.6 1035  57  3.9 7  3.7  76    0    0 296 -323  2
4218500 2850500 12 13  8   3.4 1035  48  3.3 7  3.1  64    0    0 292 -319  2
4218500 2850500 12 13  9   3.8 1035  18  2.6 7  2.9  61    0   10 292 -316  2
4218500 2850500 12 13 10   4.1 1036  20  3.3 7  3.0  60    3   43 292 -315  2
4218500 2850500 12 13 11   4.1 1036  28  2.7 7  2.9  59    3   67 291 -318  2
4218500 2850500 12 13 12   4.5 1036  29  3.3 7  2.9  57    2   82 291 -324  2
4218500 2850500 12 13 13   4.6 1036  20  2.3 8  3.0  58    0   58 296 -329  2
4218500 2850500 12 13 14   4.4 1036 350  2.9 7  3.3  64    0   51 296 -331  2
4218500 2850500 12 13 15   4.1 1035 343  3.4 8  3.5  71    0   17 293 -330  2
4218500 2850500 12 13 16   3.8 1035 358  3.5 7  3.5  70    0    3 287 -327  2
4218500 2850500 12 13 17   3.5 1035 342  3.9 7  3.2  66    0    0 276 -323  2
4218500 2850500 12 13 18   3.3 1035 352  4.2 7  3.0  64    0    0 272 -319  2
4218500 2850500 12 13 19   3.3 1036 351  4.3 7  3.0  64    0    0 268 -316  2
4218500 2850500 12 13 20   3.1 1036 342  3.2 7  3.0  65    0    0 266 -315  2
4218500 2850500 12 13 21   3.0 1035 335  3.4 7  3.1  67    0    0 265 -315  2
4218500 2850500 12 13 22   2.6 1035 331  3.5 7  3.1  68    0    0 267 -314  2
4218500 2850500 12 13 23   2.7 1035 332  4.2 7  3.0  67    0    0 269 -312  2
4218500 2850500 12 13 24   2.0 1035   2  4.5 7  3.0  68    0    0 269 -310  2
4218500 2850500 12 14  1   1.7 1035  11  4.5 8  2.9  69    0    0 273 -310  2
4218500 2850500 12 14  2   1.8 1035 351  4.2 7  2.9  69    0    0 272 -309  2
4218500 2850500 12 14  3   1.8 1034 359  3.5 7  2.9  69    0    0 269 -309  2
4218500 2850500 12 14  4   1.9 1034 352  3.8 7  3.0  70    0    0 269 -310  2
4218500 2850500 12 14  5   1.7 1034  14  4.1 7  3.0  70    0    0 270 -310  2
4218500 2850500 12 14  6   1.5 1033  20  4.8 7  2.9  70    0    0 270 -309  2
4218500 2850500 12 14  7   1.4 1033   4  4.0 7  2.9  71    0    0 270 -309  2
4218500 2850500 12 14  8   1.3 1033  29  3.5 7  3.0  72    0    0 270 -309  2
4218500 2850500 12 14  9   1.3 1033  37  4.2 8  3.0  73    0   11 275 -309  2
4218500 2850500 12 14 10   1.4 1034  23  4.9 7  3.0  73    0   35 277 -309  2
4218500 2850500 12 14 11   1.8 1034  31  3.3 7  3.0  71    0   42 274 -311  2
4218500 2850500 12 14 12   2.1 1033   2  3.0 7  3.0  70    1   84 276 -313  2
4218500 2850500 12 14 13   2.7 1033 356  3.4 6  3.1  71   23  122 272 -314  2
4218500 2850500 12 14 14   2.9 1032  10  3.4 5  3.2  71   16  100 262 -315  2
4218500 2850500 12 14 15   2.8 1032 359  2.8 6  3.3  72    0   38 260 -315  2
4218500 2850500 12 14 16   2.6 1032 343  2.9 7  3.3  74    0    1 269 -314  2
4218500 2850500 12 14 17   2.1 1032 360  3.5 8  3.5  80    0    0 279 -312  2
4218500 2850500 12 14 18   2.1 1032 356  2.9 7  3.8  88    0    0 279 -311  2
4218500 2850500 12 14 19   2.0 1032 350  2.8 7  3.9  90    0    0 274 -310  2
4218500 2850500 12 14 20   1.8 1032   9  3.2 6  3.9  91    0    0 268 -309  2
4218500 2850500 12 14 21   2.0 1032  26  2.5 6  3.9  92    0    0 265 -309  2
4218500 2850500 12 14 22   1.1 1032  19  2.6 6  3.9  94    0    0 266 -309  2
4218500 2850500 12 14 23   1.3 1032  17  2.5 5  3.9  95    0    0 262 -309  2
4218500 2850500 12 14 24   1.1 1033  19  2.5 6  3.9  95    0    0 263 -308  2
4218500 2850500 12 15  1   0.9 1033  66  3.2 7  3.7  94    0    0 273 -307  2
4218500 2850500 12 15  2   0.6 1033  85  3.0 7  3.6  91    0    0 279 -305  2
4218500 2850500 12 15  3   0.3 1033  96  3.2 7  3.3  87    0    0 279 -303  2
4218500 2850500 12 15  4  -0.2 1033  90  2.8 7  3.2  85    0    0 278 -301  2
4218500 2850500 12 15  5  -0.7 1034 108  2.9 7  3.0  84    0    0 276 -299  2
4218500 2850500 12 15  6  -1.3 1034 116  2.4 4  2.8  80    0    0 260 -298  2
4218500 2850500 12 15  7  -2.4 1034  74  2.0 2  2.6  82    0    0 234 -298  2
4218500 2850500 12 15  8  -2.7 1034  86  2.4 1  2.6  86    0    0 220 -297  2
4218500 2850500 12 15  9  -3.3 1035  74  2.4 1  2.7  90    7   14 214 -297  2
4218500 2850500 12 15 10  -1.4 1035  88  2.7 0  2.8  89   61   39 211 -298  2
4218500 2850500 12 15 11  -0.4 1036 115  2.3 0  2.9  84  123   56 208 -301  2
4218500 2850500 12 15 12   0.1 1036  79  2.4 0  2.9  80  158   66 209 -305  2
4218500 2850500 12 15 13   0.5 1036  95  2.3 0  2.9  76  153   71 208 -308  2
4218500 2850500 12 15 14   0.6 1035  67  2.9 0  2.8  72  114   68 208 -309  2
4218500 2850500 12 15 15   0.3 1036  72  3.0 1  2.7  70   45   54 214 -309  2
4218500 2850500 12 15 16  -1.2 1036  88  2.6 1  2.6  74    0   14 218 -306  2
4218500 2850500 12 15 17  -1.9 1036  66  2.3 1  2.7  80    0    0 216 -303  2
4218500 2850500 12 15 18  -1.8 1036  65  2.3 1  2.7  82    0    0 216 -300  2
4218500 2850500 12 15 19  -2.4 1036  64  2.2 0  2.7  86    0    0 212 -298  2
4218500 2850500 12 15 20  -2.4 1036  65  2.2 0  2.7  88    0    0 207 -297  2
4218500 2850500 12 15 21  -3.4 1036  65  2.3 0  2.7  90    0    0 206 -296  2
4218500 2850500 12 15 22  -2.8 1036  66  2.1 0  2.7  90    0    0 204 -295  2
4218500 2850500 12 15 23  -3.0 1036  53  2.1 0  2.6  87    0    0 204 -294  2
4218500 2850500 12 15 24  -3.8 1036  55  2.4 0  2.6  89    0    0 200 -294  2
4218500 2850500 12 16  1  -3.4 1036  47  2.4 1  2.6  91    0    0 202 -293  2
4218500 2850500 12 16  2  -3.9 1036  48  2.1 1  2.6  91    0    0 204 -293  2
4218500 2850500 12 16  3  -3.6 1036  39  2.2 2  2.5  91    0    0 204 -292  2
4218500 2850500 12 16  4  -3.8 1036  22  2.0 3  2.5  90    0    0 209 -292  2
4218500 2850500 12 16  5  -3.6 1035  37  2.4 4  2.5  90    0    0 214 -291  2
4218500 2850500 12 16  6  -3.2 1036  11  1.7 5  2.6  89    0    0 218 -291  2
4218500 2850500 12 16  7  -3.8 1035  39  2.5 5  2.5  89    0    0 219 -291  2
4218500 2850500 12 16  8  -3.1 1036  47  2.0 6  2.6  90    0    0 221 -291  2
4218500 2850500 12 16  9  -2.2 1036  35  2.1 6  2.7  88   10    2 229 -291  2
4218500 2850500 12 16 10  -1.3 1036  20  2.3 7  2.7  84   15   29 237 -293  2
4218500 2850500 12 16 11  -0.9 1036  20  2.9 7  2.8  82    0   41 244 -297  2
4218500 2850500 12 16 12  -0.5 1036  19  2.3 7  2.9  81    0   72 247 -302  2
4218500 2850500 12 16 13   0.0 1035  18  2.6 7  2.9  80    5   71 251 -307  2
4218500 2850500 12 16 14  -0.1 1035  21  2.7 8  2.9  79    0   30 258 -310  2
4218500 2850500 12 16 15   0.2 1035  21  2.7 8  2.9  79    0   24 264 -311  2
4218500 2850500 12 16 16   0.2 1035  22  2.8 7  3.0  79    0    2 265 -310  2
4218500 2850500 12 16 17   0.2 1035  22  2.4 7  3.0  80    0    0 264 -308  2
4218500 2850500 12 16 18   0.3 1035  18  1.8 7  3.0  80    0    0 267 -306  2
4218500 2850500 12 16 19   0.4 1035   9  2.1 7  3.0  79    0    0 269 -305  2
4218500 2850500 12 16 20   0.5 1035 335  1.7 8  3.0  79    0    0 276 -305  2
4218500 2850500 12 16 21   0.5 1035   1  2.8 8  3.1  81    0    0 283 -306  2
4218500 2850500 12 16 22   0.7 1035   0  2.5 7  3.2  82    0    0 283 -307  2
4218500 2850500 12 16 23   0.7 1035 353  2.5 8  3.2  83    0    0 286 -308  2
4218500 2850500 12 16 24   0.9 1035   2  2.7 8  3.3  84    0    0 291 -308  2
4218500 2850500 12 17  1   0.7 1035  13  2.4 8  3.4  86    0    0 293 -308  2
4218500 2850500 12 17  2   0.8 1035  30  2.1 8  3.4  86    0    0 294 -308  2
4218500 2850500 12 17  3   0.8 1035  57  2.7 8  3.4  87    0    0 294 -308  2
4218500 2850500 12 17  4   0.8 1035  66  2.3 8  3.4  87    0    0 294 -309  2
4218500 2850500 12 17  5   0.9 1035  66  2.3 7  3.4  87    0    0 290 -310  2
4218500 2850500 12 17  6   0.9 1035  57  2.0 8  3.5  88    0    0 291 -311  2
4218500 2850500 12 17  7   1.1 1035  57  2.7 7  3.6  89    0    0 292 -312  2
4218500 2850500 12 17  8   1.2 1035  70  2.6 7  3.6  90    0    0 288 -312  2
4218500 2850500 12 17  9   1.3 1036  67  2.8 8  3.6  90    0    6 293 -313  2
4218500 2850500 12 17 10   1.6 1036  82  2.8 8  3.6  88    0   31 296 -313  2
4218500 2850500 12 17 11   1.6 1037  81  3.9 7  3.5  84    0   38 291 -314  2
4218500 2850500 12 17 12   1.4 1037  74  3.7 7  3.3  80    0   46 285 -315  2
4218500 2850500 12 17 13   1.5 1036  78  3.2 7  3.1  76    0   40 283 -316  2
4218500 2850500 12 17 14   1.2 1036  69  3.5 7  3.1  76    0   30 282 -319  2
4218500 2850500 12 17 15   0.9 1036  82  3.4 7  3.1  77    0   16 280 -319  2
4218500 2850500 12 17 16   0.3 1036  69  3.4 8  3.1  79    0    1 282 -317  2
4218500 2850500 12 17 17   0.3 1036  71  3.1 8  3.1  82    0    0 283 -315  2
4218500 2850500 12 17 18   0.1 1036  97  3.0 7  3.1  82    0    0 274 -314  2
4218500 2850500 12 17 19  -0.1 1036  88  2.8 8  3.0  81    0    0 270 -313  2
4218500 2850500 12 17 20  -0.3 1036  90  3.0 8  3.0  82    0    0 272 -311  2
4218500 2850500 12 17 21  -0.5 1036  97  3.1 7  2.9  82    0    0 266 -310  2
4218500 2850500 12 17 22  -0.6 1036  89  2.6 7  2.9  82    0    0 261 -309  2
4218500 2850500 12 17 23  -0.7 1036  93  2.3 8  3.0  84    0    0 263 -307  2
4218500 2850500 12 17 24  -0.9 1036  90  1.9 7  3.0  85    0    0 262 -306  2
4218500 2850500 12 18  1  -0.8 1036  71  2.6 8  2.9  85    0    0 263 -305  2
4218500 2850500 12 18  2  -1.1 1036  83  2.2 8  2.9  85    0    0 266 -303  2
4218500 2850500 12 18  3  -1.2 1035  87  2.0 8  2.9  86    0    0 264 -302  2
4218500 2850500 12 18  4  -1.3 1035  60  1.9 8  2.9  87    0    0 263 -301  2
4218500 2850500 12 18  5  -1.3 1035  78  1.9 8  2.9  87    0    0 263 -300  2
4218500 2850500 12 18  6  -1.4 1035  28  2.2 8  2.9  87    0    0 263 -300  2
4218500 2850500 12 18  7  -1.4 1035  44  2.3 8  2.9  87    0    0 263 -300  2
4218500 2850500 12 18  8  -1.6 1035  38  1.7 8  2.9  88    0    0 262 -300  2
4218500 2850500 12 18  9  -1.5 1035  79  1.7 8  2.9  88    0    4 262 -300  2
4218500 2850500 12 18 10  -1.3 1035  56  2.2 7  2.9  87    0   26 257 -301  2
4218500 2850500 12 18 11  -1.4 1035  79  2.0 8  2.9  87    0   35 254 -304  2
4218500 2850500 12 18 12  -1.4 1035  92  1.9 8  2.9  87    0   35 254 -308  2
4218500 2850500 12 18 13  -1.6 1036  66  1.5 7  2.9  87    0   33 248 -311  2
4218500 2850500 12 18 14  -1.5 1035  92  2.1 7  2.9  86    0   28 244 -313  2
4218500 2850500 12 18 15  -1.5 1035  24  1.7 8  2.9  86    0   16 247 -313  2
4218500 2850500 12 18 16  -1.5 1035  92  1.9 8  2.9  86    0    0 250 -311  2
4218500 2850500 12 18 17  -1.4 1035  48  2.4 8  2.9  87    0    0 251 -308  2
4218500 2850500 12 18 18  -1.3 1035  60  2.2 8  2.9  87    0    0 253 -306  2
4218500 2850500 12 18 19  -1.3 1035  75  2.5 8  3.0  88    0    0 253 -304  2
4218500 2850500 12 18 20  -1.1 1035  93  2.5 8  3.0  88    0    0 252 -303  2
4218500 2850500 12 18 21  -1.0 1035 108  1.5 8  3.0  88    0    0 254 -301  2
4218500 2850500 12 18 22  -1.1 1036 121  1.4 8  3.1  89    0    0 254 -300  2
4218500 2850500 12 18 23  -1.1 1035 106  1.5 8  3.1  90    0    0 254 -299  2
4218500 2850500 12 18 24  -1.0 1035 104  0.9 8  3.1  90    0    0 253 -297  2
4218500 2850500 12 19  1  -0.8 1036 267  1.0 8  3.1  90    0    0 253 -296  2
4218500 2850500 12 19  2  -0.8 1035 316  1.0 8  3.2  90    0    0 252 -294  2
4218500 2850500 12 19  3  -0.8 1035  86  1.1 8  3.2  90    0    0 250 -292  2
4218500 2850500 12 19  4  -0.7 1035  39  1.0 8  3.2  90    0    0 249 -290  2
4218500 2850500 12 19  5  -0.7 1035 356  0.6 8  3.2  91    0    0 248 -288  2
4218500 2850500 12 19  6  -0.7 1035 272  1.2 8  3.2  91    0    0 247 -288  2
4218500 2850500 12 19  7  -0.6 1035 354  1.6 7  3.2  91    0    0 245 -289  2
4218500 2850500 12 19  8  -0.5 1035 283  1.2 7  3.2  91    0    0 243 -290  2
4218500 2850500 12 19  9  -0.4 1035 282  0.9 7  3.2  90    0    3 243 -291  2
4218500 2850500 12 19 10  -0.3 1036 291  1.6 7  3.2  89    0   17 244 -293  2
4218500 2850500 12 19 11  -0.2 1036 288  1.9 8  3.2  89    0   21 249 -297  2
4218500 2850500 12 19 12  -0.1 1036 269  2.2 8  3.3  89    0   25 252 -302  2
4218500 2850500 12 19 13  -0.1 1036 270  2.3 8  3.3  89    0   26 251 -306  2
4218500 2850500 12 19 14  -0.2 1036 275  2.4 8  3.3  90    0   21 249 -308  2
4218500 2850500 12 19 15  -0.3 1036 299  2.3 8  3.3  90    0   11 244 -307  2
4218500 2850500 12 19 16  -0.5 1036 281  2.4 7  3.2  89    0    0 238 -303  2
4218500 2850500 12 19 17  -0.5 1036 286  2.3 8  3.2  88    0    0 235 -298  2
4218500 2850500 12 19 18  -0.4 1036 298  2.2 8  3.2  88    0    0 235 -293  2
4218500 2850500 12 19 19  -0.6 1036 267  1.7 8  3.1  88    0    0 233 -290  2
4218500 2850500 12 19 20  -0.8 1036 277  1.9 8  3.1  89    0    0 230 -288  2
4218500 2850500 12 19 21  -0.9 1036 244  2.0 8  3.1  89    0    0 229 -287  2
4218500 2850500 12 19 22  -1.1 1036 289  3.1 8  3.1  90    0    0 227 -285  2
4218500 2850500 12 19 23  -1.1 1036 282  2.3 8  3.1  91    0    0 226 -284  2
4218500 2850500 12 19 24  -1.2 1035 279  2.5 7  3.1  91    0    0 225 -283  2
4218500 2850500 12 20  1  -1.4 1035 266  3.1 8  3.1  92    0    0 224 -281  2
4218500 2850500 12 20  2  -1.5 1035 215  2.8 8  3.1  94    0    0 222 -280  2
4218500 2850500 12 20  3  -1.7 1035 254  2.9 8  3.1  94    0    0 222 -279  2
4218500 2850500 12 20  4  -1.8 1034 321  2.6 8  3.1  94    0    0 222 -279  2
4218500 2850500 12 20  5  -2.0 1034 292  2.5 8  3.1  95    0    0 223 -278  2
4218500 2850500 12 20  6  -2.1 1034 306  2.1 8  3.1  96    0    0 224 -277  2
4218500 2850500 12 20  7  -2.2 1034 290  2.5 8  3.1  96    0    0 224 -276  2
4218500 2850500 12 20  8  -2.3 1033 261  2.5 8  3.0  96    0    0 223 -279  2
4218500 2850500 12 20  9  -2.4 1033 307  2.4 8  3.0  97    0    8 220 -281  2
4218500 2850500 12 20 10  -2.4 1033 288  2.2 7  3.0  97   18   29 217 -281  2
4218500 2850500 12 20 11  -2.5 1034 258  2.5 7  3.0  97    0   38 212 -285  2
4218500 2850500 12 20 12  -2.4 1033 289  2.3 8  3.0  96    0   34 212 -292  2
4218500 2850500 12 20 13  -2.5 1033 297  2.2 7  3.0  96    0   30 213 -300  2
4218500 2850500 12 20 14  -2.6 1033 242  2.1 8  3.0  97    0   16 214 -306  2
4218500 2850500 12 20 15  -2.8 1032 319  1.9 8  3.0  97    0    8 214 -306  2
4218500 2850500 12 20 16  -2.8 1032 224  1.2 8  3.0  98    0    0 213 -304  2
4218500 2850500 12 20 17  -3.1 1032 258  1.4 8  2.9  98    0    0 212 -301  2
4218500 2850500 12 20 18  -3.2 1031 285  1.3 8  2.9  99    0    0 211 -298  2
4218500 2850500 12 20 19  -3.2 1031 219  1.7 8  2.9  98    0    0 211 -297  2
4218500 2850500 12 20 20  -3.4 1031 230  1.4 8  2.9  99    0    0 212 -297  2
4218500 2850500 12 20 21  -3.6 1031 219  1.4 8  2.8  99    0    0 212 -296  2
4218500 2850500 12 20 22  -3.8 1031 211  1.4 8  2.8  99    0    0 215 -296  2
4218500 2850500 12 20 23  -3.5 1031 216  1.8 6  2.8  98    0    0 216 -296  2
4218500 2850500 12 20 24  -3.1 1030 228  2.3 5  2.9  96    0    0 217 -296  2
4218500 2850500 12 21  1  -2.5 1002 244  2.8 3  3.0  95    0    0 203 -310  2
4218500 2850500 12 21  2  -2.0 1003 258  3.2 1  3.1  94    0    0 201 -308  2
4218500 2850500 12 21  3  -1.6 1003 277  3.4 0  3.2  93    0    0 204 -307  2
4218500 2850500 12 21  4  -1.5 1003 275  3.2 1  3.2  93    0    0 202 -307  2
4218500 2850500 12 21  5  -1.3 1003 278  3.3 3  3.2  92    0    0 201 -307  2
4218500 2850500 12 21  6  -1.2 1004 273  2.9 5  3.2  92    0    0 221 -305  2
4218500 2850500 12 21  7  -0.4 1004 285  4.2 7  3.3  92    0    0 248 -304  2
4218500 2850500 12 21  8   0.0 1004 288  4.4 7  3.5  92    0    0 258 -302  2
4218500 2850500 12 21  9  -0.1 1005 288  4.4 7  3.5  91    0    8 258 -300  2
4218500 2850500 12 21 10   0.1 1005 292  5.2 8  3.4  90   19   42 263 -299  2
4218500 2850500 12 21 11   0.1 1006 295  5.1 5  3.4  89   10   69 255 -301  2
4218500 2850500 12 21 12   0.2 1007 305  5.1 6  3.3  87    2   74 247 -305  2
4218500 2850500 12 21 13   0.5 1007 297  5.4 6  3.3  84    8   88 250 -307  2
4218500 2850500 12 21 14   0.8 1008 295  5.4 4  3.2  81   39   89 243 -309  2
4218500 2850500 12 21 15   1.0 1008 298  4.9 5  3.2  79   23   60 239 -308  2
4218500 2850500 12 21 16   1.0 1009 296  3.9 4  3.2  79    2   18 239 -306  2
4218500 2850500 12 21 17   0.6 1010 288  3.6 3  3.2  79    0    0 232 -303  2
4218500 2850500 12 21 18  -0.2 1011 276  3.1 1  3.1  81    0    0 218 -301  2
4218500 2850500 12 21 19  -0.5 1011 279  3.4 1  3.1  85    0    0 208 -299  2
4218500 2850500 12 21 20  -0.7 1012 283  3.2 1  3.2  88    0    0 206 -298  2
4218500 2850500 12 21 21  -0.5 1012 278  3.2 1  3.3  90    0    0 206 -297  2
4218500 2850500 12 21 22  -0.5 1013 294  4.1 4  3.3  91    0    0 217 -295  2
4218500 2850500 12 21 23  -0.5 1014 285  3.5 5  3.4  93    0    0 232 -294  2
4218500 2850500 12 21 24  -1.0 1014 282  4.0 5  3.3  93    0    0 234 -293  2
4218500 2850500 12 22  1  -0.9 1014 295  4.0 6  3.3  93    0    0 238 -292  2
4218500 2850500 12 22  2  -1.2 1015 281  3.6 7  3.2  93    0    0 245 -291  2
4218500 2850500 12 22  3  -1.8 1015 282  2.4 6  3.1  92    0    0 245 -290  2
4218500 2850500 12 22  4  -1.6 1016 283  3.1 7  3.1  93    0    0 244 -290  2
4218500 2850500 12 22  5  -1.7 1016 281  1.9 7  3.1  94    0    0 250 -290  2
4218500 2850500 12 22  6  -1.9 1016 270  2.4 7  3.1  93    0    0 250 -290  2
4218500 2850500 12 22  7  -2.2 1016 265  2.7 8  3.1  94    0    0 254 -289  2
4218500 2850500 12 22  8  -1.8 1017 263  2.5 8  3.1  95    0    0 261 -289  2
4218500 2850500 12 22  9  -1.8 1017 272  0.9 8  3.1  94    0    2 262 -289  2
4218500 2850500 12 22 10  -1.7 1017 184  1.1 8  3.1  94    0   23 263 -291  2
4218500 2850500 12 22 11  -1.2 1018 194  1.3 8  3.2  93    4   51 266 -296  2
4218500 2850500 12 22 12  -0.8 1018 195  1.4 8  3.3  93   12   75 269 -301  2
4218500 2850500 12 22 13  -0.2 1018 181  1.2 8  3.4  93    4   68 272 -305  2
4218500 2850500 12 22 14  -0.2 1017 199  1.4 8  3.5  93    0   53 274 -308  2
4218500 2850500 12 22 15   0.1 1017 191  1.0 8  3.5  94    0   28 277 -310  2
4218500 2850500 12 22 16   0.0 1018 196  1.6 8  3.6  95    0    5 278 -310  2
4218500 2850500 12 22 17   0.3 1018 230  1.1 8  3.6  95    0    0 281 -310  2
4218500 2850500 12 22 18   0.3 1018 221  1.2 8  3.7  97    0    0 282 -310  2
4218500 2850500 12 22 19   0.4 1019 294  1.6 8  3.8  97    0    0 285 -309  2
4218500 2850500 12 22 20   0.4 1019 190  1.5 8  3.8  98    0    0 287 -309  2
4218500 2850500 12 22 21   0.4 1020 212  1.0 8  3.9 100    0    0 289 -310  2
4218500 2850500 12 22 22   0.8 1020 227  1.1 8  3.9  99    0    0 293 -310  2
4218500 2850500 12 22 23   0.6 1020 222  0.9 8  3.9  98    0    0 295 -310  2
4218500 2850500 12 22 24   0.5 1021 237  1.4 7  3.8  96    0    0 291 -310  2
4218500 2850500 12 23  1   0.3 1021 215  2.2 7  3.7  95    0    0 288 -311  2
4218500 2850500 12 23  2  -0.8 1021 217  1.4 6  3.5  94    0    0 281 -311  2
4218500 2850500 12 23  3  -1.5 1021 198  2.4 7  3.3  96    0    0 280 -312  2
4218500 2850500 12 23  4  -1.7 1021 214  2.4 7  3.2  97    0    0 284 -312  2
4218500 2850500 12 23  5  -1.2 1021 203  1.3 7  3.3  98    0    0 285 -313  2
4218500 2850500 12 23  6  -1.3 1021 179  1.7 7  3.4  98    0    0 285 -313  2
4218500 2850500 12 23  7  -1.0 1021 180  2.6 8  3.4  98    0    0 293 -313  2
4218500 2850500 12 23  8  -1.4 1021 179  2.5 8  3.4  98    0    0 299 -312  2
4218500 2850500 12 23  9  -0.8 1021 172  1.8 8  3.4  97    0    3 298 -309  2
4218500 2850500 12 23 10  -0.6 1021 183  2.7 8  3.5  97    0   27 299 -308  2
4218500 2850500 12 23 11  -0.2 1021 170  2.8 8  3.6  98    0   37 299 -309  2
4218500 2850500 12 23 12   0.3 1021 185  2.9 7  3.7  99    0   54 295 -311  2
4218500 2850500 12 23 13   0.7 1021 182  3.2 6  3.8  99    7   95 286 -314  2
4218500 2850500 12 23 14   1.4 1020 181  3.5 5  4.0  99   25  107 278 -315  2
4218500 2850500 12 23 15   1.8 1019 178  3.7 4  4.2  99   12   68 271 -315  2
4218500 2850500 12 23 16   1.6 1019 180  3.7 5  4.1  97    1   19 272 -316  2
4218500 2850500 12 23 17   0.3 1019 175  3.6 7  3.9  96    0    0 283 -316  2
4218500 2850500 12 23 18   0.2 1019 168  3.6 3  3.7  98    0    0 272 -316  2
4218500 2850500 12 23 19  -0.2 1019 178  4.3 2  3.7  98    0    0 253 -316  2
4218500 2850500 12 23 20  -0.1 1018 187  3.8 1  3.6  98    0    0 245 -316  2
4218500 2850500 12 23 21  -0.1 1018 183  3.5 0  3.5  94    0    0 238 -316  2
4218500 2850500 12 23 22  -0.2 1017 187  4.1 0  3.4  91    0    0 234 -315  2
4218500 2850500 12 23 23  -0.4 1017 179  3.6 0  3.3  90    0    0 233 -315  2
4218500 2850500 12 23 24  -0.9 1017 160  3.1 1  3.3  91    0    0 236 -315  2
4218500 2850500 12 24  1  -1.7 1017 172  4.5 1  3.1  92    0    0 236 -315  2
4218500 2850500 12 24  2  -1.5 1016 171  3.4 2  3.1  92    0    0 239 -315  2
4218500 2850500 12 24  3  -1.6 1016 172  3.5 4  3.1  90    0    0 250 -315  2
4218500 2850500 12 24  4  -1.5 1015 179  3.9 6  3.0  90    0    0 260 -314  2
4218500 2850500 12 24  5  -1.4 1014 178  3.7 6  3.0  88    0    0 265 -313  2
4218500 2850500 12 24  6  -0.6 1014 184  4.7 7  3.1  87    0    0 267 -312  2
4218500 2850500 12 24  7  -0.1 1013 186  5.8 7  3.0  83    0    0 271 -312  2
4218500 2850500 12 24  8  -0.5 1013 178  4.8 7  2.9  79    0    0 270 -311  2
4218500 2850500 12 24  9  -0.8 1013 182  4.0 7  2.9  81    0    5 269 -311  2
4218500 2850500 12 24 10  -0.8 1013 188  5.4 8  2.9  82    0   16 276 -311  2
4218500 2850500 12 24 11   0.1 1013 191  5.6 8  3.0  80    0   45 285 -312  2
4218500 2850500 12 24 12   0.6 1013 199  5.5 8  2.9  75    0   43 288 -313  2
4218500 2850500 12 24 13   0.7 1012 210  4.4 8  2.9  73    0   35 288 -315  2
4218500 2850500 12 24 14   0.7 1012 212  4.7 8  3.0  74    0   28 291 -315  2
4218500 2850500 12 24 15   0.7 1012 221  4.3 8  3.0  76    0   24 294 -315  2
4218500 2850500 12 24 16   0.9 1012 227  4.8 8  3.1  78    0    7 296 -315  2
4218500 2850500 12 24 17   0.9 1013 230  4.1 8  3.3  82    0    0 298 -315  2
4218500 2850500 12 24 18   0.8 1013 226  4.6 8  3.5  87    0    0 299 -316  2
4218500 2850500 12 24 19   1.1 1013 240  4.4 8  3.6  88    0    0 301 -316  2
4218500 2850500 12 24 20   1.5 1014 247  4.8 8  3.7  88    0    0 303 -316  2
4218500 2850500 12 24 21   1.9 1014 258  5.4 8  3.7  87    0    0 303 -317  2
4218500 2850500 12 24 22   2.0 1015 267  4.7 8  3.8  88    0    0 301 -317  2
4218500 2850500 12 24 23   2.0 1016 264  4.7 7  3.9  89    0    0 293 -317  2
4218500 2850500 12 24 24   2.1 1016 262  4.0 8  3.9  88    0    0 294 -316  2
4218500 2850500 12 25  1   2.1 1017 259  3.5 7  3.8  87    0    0 297 -316  2
4218500 2850500 12 25  2   2.2 1017 227  4.6 7  3.7  84    0    0 292 -316  2
4218500 2850500 12 25  3   2.2 1017 247  4.5 6  3.6  80    0    0 289 -315  2
4218500 2850500 12 25  4   0.9 1018 205  4.5 2  3.4  80    0    0 260 -314  2
4218500 2850500 12 25  5   0.7 1018 202  4.7 1  3.4  85    0    0 233 -312  2
4218500 2850500 12 25  6   0.2 1017 196  4.5 1  3.4  87    0    0 226 -309  2
4218500 2850500 12 25  7   0.4 1017 207  5.7 1  3.3  87    0    0 224 -309  2
4218500 2850500 12 25  8   1.0 1017 209  7.1 4  3.4  85    0    0 243 -310  2
4218500 2850500 12 25  9   1.6 1016 215  6.7 6  3.4  81    0    2 273 -310  2
4218500 2850500 12 25 10   2.0 1016 219  7.2 7  3.3  78    0   17 291 -312  2
4218500 2850500 12 25 11   2.4 1016 216  7.8 8  3.3  74    0   25 304 -314  2
4218500 2850500 12 25 12   2.4 1016 216  7.3 8  3.3  74    0   30 311 -315  2
4218500 2850500 12 25 13   2.2 1015 211  6.6 8  3.6  80    0   38 313 -316  2
4218500 2850500 12 25 14   3.0 1014 217  6.2 8  3.8  82    0   43 316 -317  2
4218500 2850500 12 25 15   3.6 1014 221  5.9 7  3.9  80    0   32 313 -318  2
4218500 2850500 12 25 16   3.9 1014 221  6.0 8  4.0  80    0    8 316 -319  2
4218500 2850500 12 25 17   4.1 1014 224  6.3 8  4.1  81    0    0 323 -319  2
4218500 2850500 12 25 18   4.0 1014 221  6.5 8  4.2  83    0    0 324 -319  2
4218500 2850500 12 25 19   4.0 1014 221  5.8 8  4.4  86    0    0 326 -320  2
4218500 2850500 12 25 20   3.6 1013 217  6.0 8  4.5  91    0    0 325 -320  2
4218500 2850500 12 25 21   3.7 1013 218  6.8 8  4.6  94    0    0 324 -321  2
4218500 2850500 12 25 22   3.8 1012 213  6.4 8  4.6  93    0    0 322 -321  2
4218500 2850500 12 25 23   4.2 1011 218  6.2 8  4.5  89    0    0 321 -322  2
4218500 2850500 12 25 24   4.4 1011 220  6.3 8  4.4  86    0    0 321 -323  2
4218500 2850500 12 26  1   4.2 1010 211  6.4 8  4.3  84    0    0 318 -323  2
4218500 2850500 12 26  2   4.2 1009 200  6.4 8  4.3  84    0    0 317 -322  2
4218500 2850500 12 26  3   4.8 1008 216  7.0 7  4.4  84    0    0 312 -321  2
4218500 2850500 12 26  4   5.5 1007 210  8.2 7  4.6  83    0    0 308 -319  2
4218500 2850500 12 26  5   5.1 1006 209  8.1 7  4.6  82    0    0 308 -319  2
4218500 2850500 12 26  6   5.7 1006 217  8.6 7  4.6  82    0    0 308 -320  2
4218500 2850500 12 26  7   6.6 1005 227  9.5 6  4.7  80    0    0 306 -321  2
4218500 2850500 12 26  8   7.2 1004 237  9.3 7  4.8  78    0    0 307 -321  2
4218500 2850500 12 26  9   6.8 1004 231  9.0 6  4.9  78    2    8 305 -321  2
4218500 2850500 12 26 10   7.2 1006 256 10.0 6  4.9  78   42   40 299 -321  2
4218500 2850500 12 26 11   7.9 1007 250  9.4 3  4.7  72   95   64 283 -322  2
4218500 2850500 12 26 12   8.4 1008 254 10.1 1  4.3  63  122   79 255 -324  2
4218500 2850500 12 26 13   8.4 1008 262 10.4 3  4.0  58   58  103 254 -326  2
4218500 2850500 12 26 14   8.5 1008 253 10.1 2  3.9  56   80   84 260 -327  2
4218500 2850500 12 26 15   8.2 1008 259  8.8 3  3.8  56   38   60 260 -327  2
4218500 2850500 12 26 16   7.4 1008 266  6.8 4  3.8  58    5   20 269 -325  2
4218500 2850500 12 26 17   6.2 1009 240  4.0 2  3.8  61    0    0 257 -323  2
4218500 2850500 12 26 18   5.4 1009 209  3.2 2  3.9  67    0    0 242 -321  2
4218500 2850500 12 26 19   5.0 1008 206  5.1 3  4.0  73    0    0 249 -320  2
4218500 2850500 12 26 20   5.3 1007 208  4.4 3  4.3  78    0    0 256 -320  2
4218500 2850500 12 26 21   5.3 1006 193  4.0 6  4.6  82    0    0 279 -319  2
4218500 2850500 12 26 22   5.7 1006 191  5.5 8  4.6  82    0    0 312 -319  2
4218500 2850500 12 26 23   6.2 1004 193  6.3 8  4.8  83    0    0 325 -320  2
4218500 2850500 12 26 24   6.0 1002 187  6.4 8  5.2  88    0    0 329 -322  2
4218500 2850500 12 27  1   6.6 1001 200  7.4 8  5.6  93    0    0 332 -325  2
4218500 2850500 12 27  2   7.3  999 207  6.8 8  5.8  93    0    0 336 -328  2
4218500 2850500 12 27  3   7.8  998 211  7.4 8  6.0  92    0    0 339 -332  2
4218500 2850500 12 27  4   8.8  997 228  8.6 8  6.2  89    0    0 343 -335  2
4218500 2850500 12 27  5   9.5  996 224  9.0 7  6.2  85    0    0 339 -338  2
4218500 2850500 12 27  6  10.2  996 222  9.3 7  6.2  81    0    0 332 -340  2
4218500 2850500 12 27  7  10.3  996 230  8.9 8  6.2  78    0    0 341 -340  2
4218500 2850500 12 27  8  10.2  997 228  8.5 7  6.2  78    0    0 338 -341  2
4218500 2850500 12 27  9   9.7  997 229  7.7 7  6.1  79    0    7 326 -341  2
4218500 2850500 12 27 10   9.8  998 231  7.3 7  6.0  78    6   41 322 -342  2
4218500 2850500 12 27 11  10.2  999 226  8.2 5  5.9  76    6   74 302 -342  2
4218500 2850500 12 27 12  10.3  999 238  7.7 6  5.9  75   32  116 296 -342  2
4218500 2850500 12 27 13  10.7 1000 247  6.8 6  5.9  73   21  112 307 -342  2
4218500 2850500 12 27 14  10.6 1001 233  6.3 6  5.7  71   22  100 308 -342  2
4218500 2850500 12 27 15  10.7 1001 229  6.7 5  5.7  70   16   68 301 -341  2
4218500 2850500 12 27 16  10.3 1001 222  6.1 7  5.6  70    0   16 310 -341  2
4218500 2850500 12 27 17   9.7 1002 217  6.7 7  5.7  73    0    0 325 -340  2
4218500 2850500 12 27 18   9.4 1001 207  5.9 8  5.7  76    0    0 331 -340  2
4218500 2850500 12 27 19   8.4 1001 196  4.7 8  6.0  83    0    0 338 -340  2
4218500 2850500 12 27 20   8.1 1001 181  4.6 8  6.3  92    0    0 340 -340  2
4218500 2850500 12 27 21   8.3 1000 198  3.8 7  6.5  94    0    0 337 -341  2
4218500 2850500 12 27 22   8.7 1000 209  4.8 6  6.4  92    0    0 330 -343  2
4218500 2850500 12 27 23   9.4 1000 223  4.7 6  6.3  87    0    0 328 -344  2
4218500 2850500 12 27 24   9.8 1000 218  4.7 6  6.1  81    0    0 330 -346  2
4218500 2850500 12 28  1  10.5 1001 219  5.7 5  6.0  76    0    0 326 -347  2
4218500 2850500 12 28  2  10.8 1001 221  6.1 4  5.9  73    0    0 317 -348  2
4218500 2850500 12 28  3  10.8 1001 212  5.5 4  5.8  71    0    0 310 -349  2
4218500 2850500 12 28  4  10.5 1001 211  5.1 6  5.8  71    0    0 317 -349  2
4218500 2850500 12 28  5  11.0 1002 211  5.3 7  5.8  71    0    0 327 -348  2
4218500 2850500 12 28  6  11.5 1002 221  5.6 7  5.8  69    0    0 329 -345  2
4218500 2850500 12 28  7  11.3 1002 224  5.4 7  5.7  67    0    0 324 -343  2
4218500 2850500 12 28  8  11.2 1003 210  5.1 6  5.5  65    0    0 315 -342  2
4218500 2850500 12 28  9  10.7 1004 213  5.5 6  5.4  65    2    8 307 -341  2
4218500 2850500 12 28 10  10.4 1005 219  6.0 3  5.3  66   32   40 287 -340  2
4218500 2850500 12 28 11  11.1 1005 218  6.6 2  5.3  65   99   63 261 -342  2
4218500 2850500 12 28 12  11.4 1005 222  6.3 2  5.3  63  122   79 250 -344  2
4218500 2850500 12 28 13  12.2 1005 218  6.5 3  5.3  61  141   79 256 -347  2
4218500 2850500 12 28 14  11.8 1005 197  4.8 3  5.2  59  103   77 262 -348  2
4218500 2850500 12 28 15  11.7 1005 208  5.2 6  5.1  59   27   59 283 -348  2
4218500 2850500 12 28 16  11.0 1005 199  5.1 6  5.1  60    0   17 302 -346  2
4218500 2850500 12 28 17  10.7 1005 201  4.6 6  5.0  61    0    0 302 -343  2
4218500 2850500 12 28 18  10.1 1005 204  4.1 6  5.0  63    0    0 301 -340  2
4218500 2850500 12 28 19   9.3 1005 199  4.6 7  5.0  66    0    0 306 -339  2
4218500 2850500 12 28 20   9.3 1006 212  4.7 7  5.0  68    0    0 311 -338  2
4218500 2850500 12 28 21   9.5 1006 227  4.7 7  5.1  69    0    0 311 -339  2
4218500 2850500 12 28 22   9.1 1007 284  5.4 8  5.2  70    0    0 317 -339  2
4218500 2850500 12 28 23   8.3 1008 292  5.2 8  5.4  76    0    0 321 -340  2
4218500 2850500 12 28 24   7.2 1008 279  3.8 8  5.3  81    0    0 319 -340  2
4218500 2850500 12 29  1   6.8 1009 271  3.6 8  5.1  82    0    0 316 -340  2
4218500 2850500 12 29  2   6.6 1009 221  3.3 8  5.1  83    0    0 314 -339  2
4218500 2850500 12 29  3   6.5 1010 284  4.4 8  4.8  79    0    0 313 -338  2
4218500 2850500 12 29  4   6.4 1011 269  4.4 4  4.6  76    0    0 290 -336  2
4218500 2850500 12 29  5   5.9 1011 248  4.0 2  4.5  76    0    0 261 -333  2
4218500 2850500 12 29  6   5.1 1012 251  3.7 1  4.4  78    0    0 247 -331  2
4218500 2850500 12 29  7   4.5 1013 267  3.9 0  4.4  82    0    0 236 -331  2
4218500 2850500 12 29  8   4.2 1014 243  3.2 2  4.3  84    0    0 238 -330  2
4218500 2850500 12 29  9   3.3 1014 338  2.2 3  4.2  84    3    9 247 -325  2
4218500 2850500 12 29 10   3.4 1015 240  2.9 7  4.1  85   28   47 265 -322  2
4218500 2850500 12 29 11   3.9 1016 236  2.7 7  4.2  86   20   80 281 -325  2
4218500 2850500 12 29 12   5.2 1017 246  1.8 6  4.4  83   56  107 278 -331  2
4218500 2850500 12 29 13   5.8 1017 285  2.4 4  4.4  80   93  109 268 -335  2
4218500 2850500 12 29 14   6.1 1017 276  1.8 4  4.5  77   85   95 261 -336  2
4218500 2850500 12 29 15   6.0 1017 224  1.2 4  4.4  76   41   66 262 -335  2
4218500 2850500 12 29 16   5.3 1017 166  1.1 4  4.3  76    6   21 259 -332  2
4218500 2850500 12 29 17   4.0 1017 112  0.9 4  4.2  79    0    0 256 -328  2
4218500 2850500 12 29 18   3.2 1017 107  1.7 2  4.2  85    0    0 246 -325  2
4218500 2850500 12 29 19   2.3 1017 115  2.5 3  4.1  89    0    0 241 -323  2
4218500 2850500 12 29 20   2.3 1017 117  2.3 4  4.0  90    0    0 246 -324  2
4218500 2850500 12 29 21   1.7 1017 102  3.0 5  3.9  89    0    0 252 -325  2
4218500 2850500 12 29 22   1.0 1017 102  3.4 4  3.8  91    0    0 250 -326  2
4218500 2850500 12 29 23   0.2 1018 101  2.9 4  3.7  94    0    0 244 -327  2
4218500 2850500 12 29 24   0.4 1017 109  3.1 4  3.7  96    0    0 243 -327  2
4218500 2850500 12 30  1   0.9 1017 108  4.6 2  3.9  98    0    0 238 -327  2
4218500 2850500 12 30  2   1.6 1017 117  3.7 2  4.0  96    0    0 233 -328  2
4218500 2850500 12 30  3   1.2 1017 113  4.1 1  3.9  94    0    0 229 -329  2
4218500 2850500 12 30  4   1.1 1016 117  5.2 2  3.9  94    0    0 227 -329  2
4218500 2850500 12 30  5   1.3 1016 109  4.2 2  3.9  94    0    0 232 -329  2
4218500 2850500 12 30  6   1.2 1016 113  4.5 2  3.9  94    0    0 234 -329  2
4218500 2850500 12 30  7   1.0 1016 126  4.6 1  3.9  95    0    0 231 -328  2
4218500 2850500 12 30  8   0.8 1016 125  4.6 2  3.8  94    0    0 233 -327  2
4218500 2850500 12 30  9   0.6 1016 114  3.3 2  3.8  95    1    8 241 -325  2
4218500 2850500 12 30 10   0.5 1016 124  5.0 2  3.7  95   25   44 242 -323  2
4218500 2850500 12 30 11   1.2 1016 112  3.8 2  3.8  94   67   78 244 -322  2
4218500 2850500 12 30 12   2.2 1016 114  3.8 1  4.0  93  111   94 244 -324  2
4218500 2850500 12 30 13   2.6 1016 115  4.1 1  4.1  90  118   98 241 -325  2
4218500 2850500 12 30 14   3.1 1015 103  3.9 1  4.1  89   88   90 242 -326  2
4218500 2850500 12 30 15   2.8 1015 108  4.2 2  4.1  88   43   64 245 -325  2
4218500 2850500 12 30 16   2.1 1015 117  4.1 4  4.1  90    6   21 253 -321  2
4218500 2850500 12 30 17   2.0 1015 114  4.2 5  4.0  92    0    0 261 -317  2
4218500 2850500 12 30 18   1.7 1015 114  5.0 7  4.0  92    0    0 270 -315  2
4218500 2850500 12 30 19   1.1 1015 127  5.3 8  3.8  92    0    0 279 -315  2
4218500 2850500 12 30 20   1.1 1015 127  4.8 8  3.8  92    0    0 281 -314  2
4218500 2850500 12 30 21   0.9 1015 129  4.8 8  3.7  92    0    0 283 -313  2
4218500 2850500 12 30 22   1.0 1015 128  4.8 8  3.7  92    0    0 282 -312  2
4218500 2850500 12 30 23   1.4 1015 151  4.9 8  3.7  90    0    0 284 -312  2
4218500 2850500 12 30 24   2.0 1015 183  5.0 8  3.8  88    0    0 286 -313  2
4218500 2850500 12 31  1   2.7 1004 224  4.9 8  3.9  86    0    0 284 -309  2
4218500 2850500 12 31  2   3.2 1005 258  4.7 8  4.0  84    0    0 289 -309  2
4218500 2850500 12 31  3   3.4 1005 283  4.6 8  4.1  84    0    0 293 -308  2
4218500 2850500 12 31  4   3.2 1006 282  4.3 8  4.1  85    0    0 292 -309  2
4218500 2850500 12 31  5   2.9 1006 278  4.2 8  4.0  86    0    0 291 -307  2
4218500 2850500 12 31  6   2.2 1006 273  3.5 7  4.0  88    0    0 285 -305  2
4218500 2850500 12 31  7   2.0 1007 263  3.2 7  4.0  91    0    0 280 -303  2
4218500 2850500 12 31  8   2.2 1007 261  3.4 7  4.0  91    0    0 281 -302  2
4218500 2850500 12 31  9   2.1 1007 259  3.4 7  4.0  90    0    6 282 -301  2
4218500 2850500 12 31 10   2.2 1008 271  3.2 6  4.0  90   13   45 277 -302  2
4218500 2850500 12 31 11   2.9 1008 274  2.5 4  4.0  88   60   86 264 -305  2
4218500 2850500 12 31 12   3.4 1008 268  1.6 4  4.0  84   85  109 258 -310  2
4218500 2850500 12 31 13   4.1 1007 239  1.8 4  4.0  81   71  112 260 -313  2
4218500 2850500 12 31 14   4.7 1007 161  1.7 4  4.0  77   66   99 263 -314  2
4218500 2850500 12 31 15   4.1 1007 164  2.6 5  4.1  78   30   66 268 -315  2
4218500 2850500 12 31 16   3.7 1007 174  2.8 6  4.1  81    0    6 276 -314  2
4218500 2850500 12 31 17   2.6 1007 165  2.5 4  4.0  84    0    0 271 -313  2
4218500 2850500 12 31 18   1.5 1007 161  2.8 3  3.9  88    0    0 255 -312  2
4218500 2850500 12 31 19   1.9 1007 162  2.8 4  3.9  91    0    0 254 -312  2
4218500 2850500 12 31 20   1.7 1007 160  3.0 4  3.9  90    0    0 264 -312  2
4218500 2850500 12 31 21   1.6 1006 160  3.0 5  3.8  89    0    0 268 -312  2
4218500 2850500 12 31 22   1.5 1006 160  3.0 6  3.8  88    0    0 266 -312  2
4218500 2850500 12 31 23   1.3 1006 182  3.1 6  3.7  90    0    0 277 -313  2
4218500 2850500 12 31 24   1.0 1006 210  3.2 7  3.7  92    0    0 296 -313  2
