Koordinatensystem : Lambert konform konisch
Rechtswert        : 4218500 Meter
Hochwert          : 2850500 Meter
Hoehenlage        : 45 Meter ueber NN
Erstellung des Datensatzes im Mai 2016

Art des TRY       : mittleres Jahr
Bezugszeitraum    : 2031-2060
Datenbasis 1      : Beobachtungsdaten Zeitraum 1995-2012
Datenbasis 2      : Klimasimulationen Zeitraum 1971-2000 (Basis RCP-historical / CORDEX-Europa Laeufe)
Datenbasis 3      : Klimasimulationen Zeitraum 2031-2060 (Basis RCP-4.5 und RCP-8.5 / CORDEX-Europa Laeufe)

Format: (i7,1x,i7,1x,i2,1x,i2,1x,i2,1x,f5.1,1x,i4,1x,3i,1x,f4.1,1x,i1,1x,f4.1,1x,i3,1x,i4,1x,i4,1x,i3,1x,i4,2x,i1)

Reihenfolge der Parameter:
RW Rechtswert                                                    [m]       {3670500;3671500..4389500}
HW Hochwert                                                      [m]       {2242500;2243500..3179500}
MM Monat                                                                   {1..12}
DD Tag                                                                     {1..28,30,31}
HH Stunde (MEZ)                                                            {1..24}
t  Lufttemperatur in 2m Hoehe ueber Grund                        [GradC]
p  Luftdruck in Standorthoehe                                    [hPa]
WR Windrichtung in 10 m Hoehe ueber Grund                        [Grad]    {0..360;999}
WG Windgeschwindigkeit in 10 m Hoehe ueber Grund                 [m/s]
N  Bedeckungsgrad                                                [Achtel]  {0..8;9}
x  Wasserdampfgehalt, Mischungsverhaeltnis                       [g/kg]
RF Relative Feuchte in 2 m Hoehe ueber Grund                     [Prozent] {1..100}
B  Direkte Sonnenbestrahlungsstaerke (horiz. Ebene)              [W/m^2]   abwaerts gerichtet: positiv
D  Diffuse Sonnenbetrahlungsstaerke (horiz. Ebene)               [W/m^2]   abwaerts gerichtet: positiv
A  Bestrahlungsstaerke d. atm. Waermestrahlung (horiz. Ebene)    [W/m^2]   abwaerts gerichtet: positiv
E  Bestrahlungsstaerke d. terr. Waermestrahlung                  [W/m^2]   aufwaerts gerichtet: negativ
IL Qualitaetsbit bezueglich der Auswahlkriterien                           {0;1;2;3;4}


     RW      HW MM DD HH     t    p  WR   WG N    x  RF    B    D   A    E IL
*** 
4218500 2850500  1  1  1  -1.9 1018 195  1.8 4  3.3  98    0    0 241 -315  1
4218500 2850500  1  1  2  -2.1 1018 148  1.4 4  3.2  99    0    0 242 -316  1
4218500 2850500  1  1  3  -2.1 1018 126  1.2 4  3.2 100    0    0 261 -317  1
4218500 2850500  1  1  4  -2.0 1019 132  1.2 5  3.2  99    0    0 279 -317  1
4218500 2850500  1  1  5  -1.6 1018 156  1.5 6  3.3  99    0    0 270 -317  1
4218500 2850500  1  1  6  -1.2 1018 137  1.7 6  3.4  99    0    0 272 -318  1
4218500 2850500  1  1  7  -1.2 1018 165  2.6 6  3.4  98    0    0 285 -318  1
4218500 2850500  1  1  8  -1.1 1018 194  2.6 7  3.4  99    0    0 291 -318  1
4218500 2850500  1  1  9  -0.3 1017 187  2.0 7  3.6 100    0    0 299 -319  1
4218500 2850500  1  1 10   0.2 1018 187  2.5 7  3.7  99    0    9 302 -320  1
4218500 2850500  1  1 11   0.4 1017 177  2.6 7  3.8  99    0   43 304 -322  1
4218500 2850500  1  1 12   0.9 1017 193  2.4 6  3.9  99   11  109 300 -324  1
4218500 2850500  1  1 13   1.5 1017 196  2.7 8  3.9  95    1   78 308 -326  1
4218500 2850500  1  1 14   1.8 1016 184  2.6 7  3.9  92    0   59 316 -328  1
4218500 2850500  1  1 15   2.0 1015 193  2.1 7  4.0  91    0   25 311 -330  1
4218500 2850500  1  1 16   1.9 1015 208  2.8 8  4.0  92    0    4 318 -333  1
4218500 2850500  1  1 17   1.9 1015 199  2.8 8  4.1  93    0    0 325 -335  1
4218500 2850500  1  1 18   1.6 1015 187  2.4 8  4.1  95    0    0 324 -336  1
4218500 2850500  1  1 19   1.8 1015 195  2.9 8  4.2  98    0    0 323 -336  1
4218500 2850500  1  1 20   2.1 1015 195  2.8 8  4.3  98    0    0 322 -333  1
4218500 2850500  1  1 21   2.0 1015 215  2.5 7  4.3  98    0    0 316 -328  1
4218500 2850500  1  1 22   2.2 1015 286  2.1 7  4.3  98    0    0 308 -327  1
4218500 2850500  1  1 23   2.6 1016 271  1.8 7  4.4  97    0    0 307 -326  1
4218500 2850500  1  1 24   3.1 1016 317  2.5 7  4.5  98    0    0 306 -326  1
4218500 2850500  1  2  1   3.4 1017 309  3.1 8  4.7  98    0    0 313 -324  1
4218500 2850500  1  2  2   3.7 1017 281  3.2 7  4.8  98    0    0 312 -322  1
4218500 2850500  1  2  3   4.0 1018 306  4.2 8  4.8  97    0    0 310 -320  1
4218500 2850500  1  2  4   3.8 1018 303  4.4 8  4.8  96    0    0 314 -317  1
4218500 2850500  1  2  5   3.6 1019 282  3.9 8  4.7  95    0    0 312 -316  1
4218500 2850500  1  2  6   3.5 1019 277  3.3 8  4.6  94    0    0 311 -315  1
4218500 2850500  1  2  7   3.6 1020 287  2.8 8  4.6  94    0    0 310 -315  1
4218500 2850500  1  2  8   3.7 1020 295  2.8 7  4.6  94    0    0 304 -313  1
4218500 2850500  1  2  9   3.7 1021 290  3.6 7  4.6  94    0    2 298 -312  1
4218500 2850500  1  2 10   3.9 1021 287  3.1 8  4.5  92    5   37 306 -313  1
4218500 2850500  1  2 11   3.8 1021 265  4.0 7  4.4  89    0   51 307 -314  1
4218500 2850500  1  2 12   3.9 1022 262  4.4 7  4.4  88    0   70 301 -315  1
4218500 2850500  1  2 13   3.8 1021 264  4.1 6  4.4  88    2   84 293 -317  1
4218500 2850500  1  2 14   3.7 1021 264  6.0 6  4.4  89    0   70 285 -321  1
4218500 2850500  1  2 15   3.9 1022 282  4.8 8  4.4  88    0   22 299 -324  1
4218500 2850500  1  2 16   4.1 1022 268  3.9 8  4.4  87    0    4 314 -325  1
4218500 2850500  1  2 17   4.2 1022 247  3.3 8  4.4  87    0    0 316 -325  1
4218500 2850500  1  2 18   4.2 1021 224  3.0 7  4.4  87    0    0 312 -325  1
4218500 2850500  1  2 19   4.6 1021 226  4.0 7  4.4  86    0    0 306 -325  1
4218500 2850500  1  2 20   4.5 1020 214  5.0 8  4.4  84    0    0 311 -325  1
4218500 2850500  1  2 21   4.3 1020 232  4.9 8  4.3  84    0    0 316 -325  1
4218500 2850500  1  2 22   4.0 1020 228  3.9 7  4.4  86    0    0 311 -326  1
4218500 2850500  1  2 23   4.4 1020 229  3.7 7  4.4  86    0    0 307 -326  1
4218500 2850500  1  2 24   4.4 1020 230  3.8 8  4.4  86    0    0 312 -325  1
4218500 2850500  1  3  1   4.2 1020 221  3.2 8  4.5  87    0    0 317 -325  1
4218500 2850500  1  3  2   4.2 1020 230  3.8 8  4.5  89    0    0 317 -325  1
4218500 2850500  1  3  3   4.4 1020 231  3.4 8  4.6  90    0    0 317 -325  1
4218500 2850500  1  3  4   4.5 1020 229  4.2 8  4.7  90    0    0 318 -325  1
4218500 2850500  1  3  5   4.6 1019 232  4.8 8  4.7  90    0    0 317 -326  1
4218500 2850500  1  3  6   4.9 1019 232  4.4 8  4.8  90    0    0 318 -326  1
4218500 2850500  1  3  7   5.0 1018 232  4.2 8  4.8  89    0    0 319 -326  1
4218500 2850500  1  3  8   5.0 1018 231  4.2 8  4.7  88    0    0 317 -326  1
4218500 2850500  1  3  9   4.8 1018 223  4.5 8  4.7  87    0    0 314 -325  1
4218500 2850500  1  3 10   5.0 1018 230  4.1 8  4.7  87    0   27 313 -324  1
4218500 2850500  1  3 11   5.1 1017 225  5.0 7  4.7  86    0   57 307 -323  1
4218500 2850500  1  3 12   5.5 1017 220  5.3 7  4.6  84    0   62 300 -324  1
4218500 2850500  1  3 13   5.9 1017 230  5.4 7  4.6  82    0   31 299 -325  1
4218500 2850500  1  3 14   6.5 1016 215  5.1 7  4.7  80    0   41 299 -326  1
4218500 2850500  1  3 15   6.7 1015 220  5.2 7  4.8  79    0   39 299 -325  1
4218500 2850500  1  3 16   6.5 1015 229  5.1 8  4.7  78    0   10 303 -322  1
4218500 2850500  1  3 17   6.5 1015 224  5.5 7  4.7  78    0    0 303 -319  1
4218500 2850500  1  3 18   6.5 1014 226  5.5 7  4.7  78    0    0 301 -316  1
4218500 2850500  1  3 19   6.7 1014 230  5.2 8  4.8  79    0    0 305 -316  1
4218500 2850500  1  3 20   6.7 1014 225  4.7 8  4.9  81    0    0 311 -316  1
4218500 2850500  1  3 21   6.3 1013 226  5.5 8  5.1  84    0    0 313 -316  1
4218500 2850500  1  3 22   6.3 1013 228  5.5 8  5.1  86    0    0 313 -316  1
4218500 2850500  1  3 23   6.2 1013 229  6.3 8  5.0  84    0    0 313 -316  1
4218500 2850500  1  3 24   6.0 1013 228  6.1 8  4.9  84    0    0 315 -316  1
4218500 2850500  1  4  1   5.9 1012 238  5.5 8  4.9  85    0    0 316 -318  1
4218500 2850500  1  4  2   5.6 1012 222  6.0 8  5.0  88    0    0 317 -319  1
4218500 2850500  1  4  3   5.6 1012 227  6.4 8  5.1  89    0    0 318 -321  1
4218500 2850500  1  4  4   5.5 1011 238  6.2 8  5.1  90    0    0 319 -322  1
4218500 2850500  1  4  5   5.7 1011 225  5.9 8  5.0  89    0    0 320 -324  1
4218500 2850500  1  4  6   5.9 1011 229  6.1 8  4.9  86    0    0 320 -324  1
4218500 2850500  1  4  7   5.6 1011 244  5.8 8  4.9  86    0    0 322 -324  1
4218500 2850500  1  4  8   5.6 1011 248  5.8 8  5.0  88    0    0 324 -324  1
4218500 2850500  1  4  9   5.8 1011 242  4.8 8  5.0  88    1    7 327 -324  1
4218500 2850500  1  4 10   5.7 1012 257  3.5 8  5.1  89    0   21 329 -325  1
4218500 2850500  1  4 11   5.8 1012 242  3.8 8  5.2  91    0   27 330 -326  1
4218500 2850500  1  4 12   5.7 1012 232  3.5 8  5.2  92    0   30 331 -327  1
4218500 2850500  1  4 13   5.8 1012 227  3.0 8  5.2  92    0   43 332 -329  1
4218500 2850500  1  4 14   6.0 1012 227  3.1 8  5.2  90    0   43 334 -330  1
4218500 2850500  1  4 15   5.9 1012 221  3.0 8  5.2  89    0   31 335 -330  1
4218500 2850500  1  4 16   5.6 1011 219  3.0 8  5.2  91    0   11 336 -330  1
4218500 2850500  1  4 17   5.3 1011 198  3.0 8  5.3  94    0    0 334 -329  1
4218500 2850500  1  4 18   5.3 1010 177  3.4 8  5.3  95    0    0 334 -328  1
4218500 2850500  1  4 19   5.1 1009 202  4.5 8  5.2  95    0    0 333 -328  1
4218500 2850500  1  4 20   4.9 1009 189  4.0 8  5.2  95    0    0 333 -328  1
4218500 2850500  1  4 21   4.7 1008 190  4.4 8  5.2  97    0    0 332 -328  1
4218500 2850500  1  4 22   4.9 1007 209  4.8 8  5.3  99    0    0 331 -328  1
4218500 2850500  1  4 23   5.0 1007 211  5.0 8  5.3  97    0    0 330 -328  1
4218500 2850500  1  4 24   5.2 1006 214  4.8 8  5.3  96    0    0 328 -328  1
4218500 2850500  1  5  1   5.6 1005 238  6.3 8  5.4  97    0    0 328 -328  1
4218500 2850500  1  5  2   6.4 1005 239  6.7 7  5.6  95    0    0 322 -329  1
4218500 2850500  1  5  3   6.5 1005 250  6.5 6  5.4  89    0    0 307 -330  1
4218500 2850500  1  5  4   6.6 1005 262  7.6 7  5.2  86    0    0 307 -330  1
4218500 2850500  1  5  5   6.4 1005 253  8.3 7  5.0  82    0    0 314 -331  1
4218500 2850500  1  5  6   5.5 1006 268  8.8 4  4.7  81    0    0 288 -332  1
4218500 2850500  1  5  7   4.7 1007 277  8.0 3  4.4  79    0    0 257 -332  1
4218500 2850500  1  5  8   4.4 1009 276  8.0 3  4.1  77    0    0 251 -332  1
4218500 2850500  1  5  9   4.3 1010 270  7.5 4  4.1  78    3    8 262 -333  1
4218500 2850500  1  5 10   3.8 1011 277  7.0 4  4.0  79   45   43 269 -333  1
4218500 2850500  1  5 11   4.2 1012 271  7.1 3  4.0  80  107   66 262 -334  1
4218500 2850500  1  5 12   5.2 1013 274  7.5 2  4.1  78  130   90 251 -335  1
4218500 2850500  1  5 13   5.1 1014 282  7.0 3  4.2  76   99  106 249 -337  1
4218500 2850500  1  5 14   5.5 1014 266  6.9 3  4.2  75   71  100 255 -338  1
4218500 2850500  1  5 15   5.5 1015 279  5.2 2  4.1  74   48   72 248 -337  1
4218500 2850500  1  5 16   4.9 1015 274  4.2 4  4.0  73    7   28 251 -333  1
4218500 2850500  1  5 17   3.5 1016 257  3.6 3  3.9  76    0    0 250 -329  1
4218500 2850500  1  5 18   3.6 1016 259  2.7 2  3.9  80    0    0 233 -324  1
4218500 2850500  1  5 19   2.8 1017 217  2.8 0  3.9  81    0    0 215 -320  1
4218500 2850500  1  5 20   2.0 1017 232  2.9 0  3.8  85    0    0 202 -317  1
4218500 2850500  1  5 21   1.3 1017 220  2.3 0  3.7  87    0    0 201 -315  1
4218500 2850500  1  5 22   0.9 1017 216  2.5 1  3.6  88    0    0 207 -315  1
4218500 2850500  1  5 23   0.1 1017 172  2.0 1  3.5  89    0    0 214 -314  1
4218500 2850500  1  5 24   0.0 1017 167  1.9 1  3.4  90    0    0 216 -313  1
4218500 2850500  1  6  1  -0.4 1017 181  2.6 1  3.4  92    0    0 218 -312  1
4218500 2850500  1  6  2  -0.8 1017 167  2.1 0  3.4  93    0    0 215 -311  1
4218500 2850500  1  6  3  -1.1 1017 156  2.6 0  3.3  94    0    0 212 -311  1
4218500 2850500  1  6  4  -1.1 1016 176  3.3 0  3.3  94    0    0 214 -311  1
4218500 2850500  1  6  5  -1.4 1016 158  1.9 0  3.3  95    0    0 216 -311  1
4218500 2850500  1  6  6  -1.4 1016 159  2.3 0  3.3  95    0    0 216 -311  1
4218500 2850500  1  6  7  -1.3 1015 166  3.4 0  3.2  94    0    0 218 -311  1
4218500 2850500  1  6  8  -1.4 1015 168  3.4 0  3.2  94    0    0 219 -311  1
4218500 2850500  1  6  9  -1.1 1015 164  2.9 0  3.3  95    4    7 219 -311  1
4218500 2850500  1  6 10  -0.4 1015 179  3.8 0  3.4  94    2   33 219 -312  1
4218500 2850500  1  6 11   1.0 1015 177  3.2 1  3.5  91  109   46 225 -313  1
4218500 2850500  1  6 12   2.7 1015 177  3.5 0  3.8  87  188   50 228 -314  1
4218500 2850500  1  6 13   3.9 1015 189  5.2 0  4.0  84  188   56 228 -317  1
4218500 2850500  1  6 14   4.6 1014 187  4.8 0  4.1  80  141   63 230 -319  1
4218500 2850500  1  6 15   4.7 1013 191  4.3 1  4.2  79   77   55 234 -320  1
4218500 2850500  1  6 16   4.6 1013 182  4.0 1  4.2  80   12   27 238 -319  1
4218500 2850500  1  6 17   3.7 1013 184  3.9 3  4.2  83    0    0 247 -316  1
4218500 2850500  1  6 18   3.3 1012 179  3.8 5  4.2  86    0    0 263 -315  1
4218500 2850500  1  6 19   3.0 1012 194  4.9 5  4.1  87    0    0 271 -316  1
4218500 2850500  1  6 20   2.9 1012 191  3.4 4  4.1  88    0    0 266 -317  1
4218500 2850500  1  6 21   2.6 1012 200  3.9 3  4.2  90    0    0 257 -317  1
4218500 2850500  1  6 22   2.5 1012 217  4.3 5  4.1  90    0    0 263 -317  1
4218500 2850500  1  6 23   3.0 1012 217  4.2 6  4.1  89    0    0 281 -319  1
4218500 2850500  1  6 24   3.5 1012 212  3.6 8  4.2  88    0    0 299 -322  1
4218500 2850500  1  7  1   4.0 1012 217  3.5 8  4.3  87    0    0 315 -326  1
4218500 2850500  1  7  2   3.7 1012 221  3.3 8  4.4  88    0    0 318 -328  1
4218500 2850500  1  7  3   3.9 1013 222  2.9 8  4.6  91    0    0 320 -330  1
4218500 2850500  1  7  4   4.0 1014 215  3.4 8  4.7  94    0    0 322 -331  1
4218500 2850500  1  7  5   3.9 1014 226  3.5 8  4.8  96    0    0 321 -333  1
4218500 2850500  1  7  6   4.4 1014 225  3.2 7  4.9  96    0    0 314 -334  1
4218500 2850500  1  7  7   4.7 1014 226  2.7 7  5.0  94    0    0 308 -334  1
4218500 2850500  1  7  8   4.7 1015 222  2.6 8  5.0  94    0    0 313 -333  1
4218500 2850500  1  7  9   4.6 1016 233  2.7 8  4.9  94    0    5 317 -333  1
4218500 2850500  1  7 10   4.8 1016 223  2.2 8  4.9  93    0   23 317 -333  1
4218500 2850500  1  7 11   5.2 1017 229  2.5 7  5.0  93    3   67 311 -334  1
4218500 2850500  1  7 12   5.7 1017 222  3.0 8  5.1  92    0   55 312 -335  1
4218500 2850500  1  7 13   7.0 1017 228  3.0 5  5.4  90   32  129 302 -336  1
4218500 2850500  1  7 14   7.0 1017 218  3.1 5  5.4  87   22  112 285 -337  1
4218500 2850500  1  7 15   6.9 1017 216  2.4 4  5.4  86   16   80 278 -336  1
4218500 2850500  1  7 16   6.7 1016 201  2.3 6  5.4  87    0   24 283 -332  1
4218500 2850500  1  7 17   6.4 1017 177  2.5 6  5.3  89    0    0 293 -328  1
4218500 2850500  1  7 18   5.6 1017 191  3.4 5  5.2  90    0    0 285 -325  1
4218500 2850500  1  7 19   5.3 1017 197  3.7 4  5.1  92    0    0 272 -323  1
4218500 2850500  1  7 20   4.6 1016 207  3.7 4  5.0  92    0    0 263 -321  1
4218500 2850500  1  7 21   3.9 1016 212  3.6 3  4.8  94    0    0 255 -319  1
4218500 2850500  1  7 22   3.8 1016 224  3.8 2  4.6  93    0    0 243 -317  1
4218500 2850500  1  7 23   3.6 1016 212  3.6 2  4.6  92    0    0 238 -316  1
4218500 2850500  1  7 24   3.1 1016 191  3.2 3  4.5  92    0    0 240 -315  1
4218500 2850500  1  8  1   2.6 1016 208  3.5 1  4.3  93    0    0 233 -315  1
4218500 2850500  1  8  2   2.2 1015 201  3.1 1  4.2  93    0    0 221 -315  1
4218500 2850500  1  8  3   2.0 1015 197  2.9 1  4.1  92    0    0 221 -315  1
4218500 2850500  1  8  4   1.9 1015 201  3.8 0  4.0  92    0    0 215 -315  1
4218500 2850500  1  8  5   1.7 1014 204  3.3 0  4.0  92    0    0 208 -314  1
4218500 2850500  1  8  6   1.4 1014 198  3.5 1  3.9  92    0    0 211 -314  1
4218500 2850500  1  8  7   1.2 1013 198  3.6 2  3.9  93    0    0 221 -313  1
4218500 2850500  1  8  8   1.3 1013 207  4.1 5  3.9  93    0    0 246 -313  1
4218500 2850500  1  8  9   1.4 1014 200  3.5 5  3.9  94    5    9 267 -312  1
4218500 2850500  1  8 10   1.8 1014 219  3.9 3  3.9  93   47   45 256 -313  1
4218500 2850500  1  8 11   2.9 1014 214  4.5 1  4.0  90  111   72 235 -314  1
4218500 2850500  1  8 12   4.0 1014 216  5.0 2  4.2  86  145   90 235 -315  1
4218500 2850500  1  8 13   5.3 1014 213  5.7 2  4.2  80  152   94 247 -319  1
4218500 2850500  1  8 14   5.4 1013 216  5.8 3  4.2  76   61  105 258 -323  1
4218500 2850500  1  8 15   5.9 1013 220  4.3 6  4.3  75    8   66 284 -326  1
4218500 2850500  1  8 16   6.0 1013 213  4.0 7  4.3  75    0   12 309 -326  1
4218500 2850500  1  8 17   5.9 1013 217  3.4 7  4.3  75    0    0 316 -325  1
4218500 2850500  1  8 18   5.7 1013 220  3.5 8  4.3  76    0    0 322 -323  1
4218500 2850500  1  8 19   5.7 1014 218  3.8 8  4.4  78    0    0 329 -323  1
4218500 2850500  1  8 20   5.7 1014 223  3.4 8  4.6  80    0    0 329 -325  1
4218500 2850500  1  8 21   5.6 1014 221  3.2 8  4.7  83    0    0 329 -325  1
4218500 2850500  1  8 22   5.5 1014 212  3.1 8  4.7  83    0    0 329 -326  1
4218500 2850500  1  8 23   5.6 1014 213  3.0 8  4.7  83    0    0 328 -327  1
4218500 2850500  1  8 24   5.4 1014 218  3.0 8  4.7  84    0    0 327 -327  1
4218500 2850500  1  9  1   5.3 1014 238  2.8 8  4.7  85    0    0 326 -328  1
4218500 2850500  1  9  2   5.3 1014 224  2.8 8  4.8  87    0    0 326 -328  1
4218500 2850500  1  9  3   4.9 1014 227  2.0 8  4.9  90    0    0 323 -328  1
4218500 2850500  1  9  4   4.8 1014 223  1.9 8  4.9  92    0    0 322 -328  1
4218500 2850500  1  9  5   4.8 1015 224  1.5 8  5.0  94    0    0 322 -329  1
4218500 2850500  1  9  6   4.7 1015 222  2.1 8  5.2  97    0    0 321 -329  1
4218500 2850500  1  9  7   4.8 1015 215  1.9 7  5.3  99    0    0 315 -329  1
4218500 2850500  1  9  8   4.9 1015 238  1.9 8  5.3  98    0    0 315 -329  1
4218500 2850500  1  9  9   5.0 1015 256  1.9 8  5.3  98    0    5 320 -329  1
4218500 2850500  1  9 10   5.3 1016 286  2.1 7  5.3  97    2   31 314 -330  1
4218500 2850500  1  9 11   5.3 1016 272  2.6 6  5.3  96    2   57 301 -331  1
4218500 2850500  1  9 12   5.6 1017 284  2.5 6  5.3  95    2   72 293 -332  1
4218500 2850500  1  9 13   5.7 1017 282  2.8 7  5.2  92    2   78 299 -333  1
4218500 2850500  1  9 14   5.5 1017 292  3.0 7  5.1  90    0   50 303 -333  1
4218500 2850500  1  9 15   5.4 1017 294  2.7 7  4.9  88    0   43 302 -335  1
4218500 2850500  1  9 16   5.0 1018 280  2.7 7  4.9  89    0   20 302 -335  1
4218500 2850500  1  9 17   4.6 1018 286  2.9 7  4.8  90    0    0 300 -334  1
4218500 2850500  1  9 18   4.5 1019 314  3.3 7  4.7  90    0    0 297 -332  1
4218500 2850500  1  9 19   4.1 1019 329  3.6 7  4.5  87    0    0 295 -331  1
4218500 2850500  1  9 20   3.6 1020 323  2.7 7  4.3  86    0    0 292 -329  1
4218500 2850500  1  9 21   3.7 1021 319  2.2 7  4.2  85    0    0 292 -329  1
4218500 2850500  1  9 22   4.0 1021 316  2.1 8  4.1  83    0    0 299 -327  1
4218500 2850500  1  9 23   3.7 1022 327  2.9 7  4.0  80    0    0 299 -326  1
4218500 2850500  1  9 24   3.6 1023 319  2.7 8  4.0  81    0    0 299 -324  1
4218500 2850500  1 10  1   3.6 1023 314  3.5 7  4.0  82    0    0 299 -322  1
4218500 2850500  1 10  2   3.4 1024 308  2.8 7  4.0  82    0    0 292 -321  1
4218500 2850500  1 10  3   3.1 1024 283  2.5 5  4.0  85    0    0 282 -319  1
4218500 2850500  1 10  4   2.1 1025 299  2.8 5  4.0  88    0    0 270 -318  1
4218500 2850500  1 10  5   1.2 1025 288  2.5 5  3.9  92    0    0 267 -316  1
4218500 2850500  1 10  6   1.1 1026 313  3.1 6  3.8  94    0    0 270 -315  1
4218500 2850500  1 10  7   0.5 1026 313  3.0 7  3.8  96    0    0 278 -315  1
4218500 2850500  1 10  8   0.4 1027 323  3.6 8  3.8  97    0    0 286 -314  1
4218500 2850500  1 10  9   0.7 1028 298  3.1 8  3.8  98    0    6 291 -313  1
4218500 2850500  1 10 10   1.2 1029 311  2.3 7  3.9  99    7   49 288 -312  1
4218500 2850500  1 10 11   1.8 1029 276  2.5 8  4.1  99    0   51 289 -312  1
4218500 2850500  1 10 12   2.5 1029 315  3.0 7  4.2  96    0   39 292 -314  1
4218500 2850500  1 10 13   2.8 1029 321  3.4 7  4.1  92    0   32 290 -315  1
4218500 2850500  1 10 14   3.0 1030 317  2.6 7  4.1  89    0   24 292 -316  1
4218500 2850500  1 10 15   3.2 1030 293  2.7 7  4.1  88    0   19 294 -317  1
4218500 2850500  1 10 16   3.2 1030 283  2.0 8  4.0  86    0    7 299 -316  1
4218500 2850500  1 10 17   2.8 1030 293  2.0 8  3.9  85    0    0 300 -315  1
4218500 2850500  1 10 18   2.7 1031 306  2.1 8  3.9  86    0    0 296 -312  1
4218500 2850500  1 10 19   2.5 1031 298  2.2 7  3.9  86    0    0 288 -310  1
4218500 2850500  1 10 20   1.9 1031 270  2.6 7  3.8  87    0    0 280 -309  1
4218500 2850500  1 10 21   1.8 1032 270  2.1 8  3.7  88    0    0 282 -309  1
4218500 2850500  1 10 22   2.0 1032 250  2.1 7  3.7  87    0    0 280 -308  1
4218500 2850500  1 10 23   1.9 1032 231  2.5 7  3.7  85    0    0 275 -308  1
4218500 2850500  1 10 24   1.7 1032 221  2.4 7  3.6  85    0    0 274 -307  1
4218500 2850500  1 11  1   1.5 1032 224  2.5 8  3.6  86    0    0 277 -306  1
4218500 2850500  1 11  2   1.5 1032 210  3.1 8  3.6  86    0    0 281 -304  1
4218500 2850500  1 11  3   1.4 1033 232  3.2 7  3.4  83    0    0 277 -303  1
4218500 2850500  1 11  4   1.1 1033 235  3.7 7  3.3  82    0    0 272 -302  1
4218500 2850500  1 11  5   0.5 1033 208  3.9 7  3.3  84    0    0 270 -301  1
4218500 2850500  1 11  6  -0.2 1033 214  4.2 7  3.3  87    0    0 269 -300  1
4218500 2850500  1 11  7  -0.1 1033 233  3.1 7  3.2  88    0    0 268 -300  1
4218500 2850500  1 11  8   0.1 1033 225  3.8 8  3.3  88    0    0 272 -299  1
4218500 2850500  1 11  9   0.1 1033 208  3.9 8  3.3  88    0    0 278 -300  1
4218500 2850500  1 11 10   0.5 1033 210  4.3 8  3.3  86    0   30 278 -302  1
4218500 2850500  1 11 11   0.8 1033 195  3.5 6  3.2  83   92   69 270 -306  1
4218500 2850500  1 11 12   1.2 1033 192  3.7 5  3.2  80  132   95 257 -310  1
4218500 2850500  1 11 13   2.1 1033 215  3.8 5  3.2  78  147   98 254 -313  1
4218500 2850500  1 11 14   2.7 1032 207  3.6 4  3.3  75  127   90 253 -315  1
4218500 2850500  1 11 15   2.8 1032 212  2.9 4  3.3  73   70   73 249 -315  1
4218500 2850500  1 11 16   2.2 1032 204  2.8 5  3.3  74   11   34 255 -315  1
4218500 2850500  1 11 17   1.3 1032 191  3.4 5  3.3  78    0    0 259 -314  1
4218500 2850500  1 11 18  -0.1 1031 201  3.3 5  3.3  86    0    0 258 -311  1
4218500 2850500  1 11 19  -1.0 1032 212  2.8 6  3.2  90    0    0 261 -309  1
4218500 2850500  1 11 20  -1.8 1032 203  2.9 8  3.2  94    0    0 274 -309  1
4218500 2850500  1 11 21  -2.1 1031 208  2.7 8  3.2  98    0    0 284 -309  1
4218500 2850500  1 11 22  -2.4 1031 204  2.8 8  3.1  99    0    0 284 -309  1
4218500 2850500  1 11 23  -2.4 1031 211  2.9 8  3.1  98    0    0 283 -310  1
4218500 2850500  1 11 24  -2.2 1031 213  2.5 8  3.1  97    0    0 282 -310  1
4218500 2850500  1 12  1  -1.9 1031 199  3.3 7  3.1  97    0    0 278 -310  1
4218500 2850500  1 12  2  -1.7 1030 196  3.1 8  3.2  97    0    0 280 -311  1
4218500 2850500  1 12  3  -1.7 1030 188  3.1 7  3.2  98    0    0 281 -311  1
4218500 2850500  1 12  4  -1.8 1030 190  2.8 7  3.2  98    0    0 277 -310  1
4218500 2850500  1 12  5  -2.1 1029 182  2.2 7  3.2  99    0    0 276 -309  1
4218500 2850500  1 12  6  -2.4 1029 169  1.7 4  3.2 100    0    0 260 -308  1
4218500 2850500  1 12  7  -3.1 1028 184  2.0 4  3.0  99    0    0 244 -307  1
4218500 2850500  1 12  8  -3.0 1028 176  2.5 2  2.9  98    0    0 232 -305  1
4218500 2850500  1 12  9  -3.0 1028 178  1.7 3  2.9  97    3   10 226 -303  1
4218500 2850500  1 12 10  -2.5 1028 186  3.2 2  2.9  97   47   45 224 -303  1
4218500 2850500  1 12 11  -1.5 1028 193  2.4 1  3.1  95  115   71 215 -305  1
4218500 2850500  1 12 12  -0.3 1027 194  3.2 1  3.2  91  161   85 212 -308  1
4218500 2850500  1 12 13   1.3 1027 199  3.8 2  3.4  86  157   93 219 -311  1
4218500 2850500  1 12 14   2.2 1026 194  4.3 3  3.5  82  117   92 229 -313  1
4218500 2850500  1 12 15   2.3 1025 196  5.1 4  3.5  79   59   75 237 -313  1
4218500 2850500  1 12 16   1.8 1025 187  3.9 5  3.5  80    4   32 243 -312  1
4218500 2850500  1 12 17   0.8 1024 177  3.8 5  3.4  82    0    1 244 -309  1
4218500 2850500  1 12 18  -0.2 1024 178  3.4 5  3.3  85    0    0 240 -306  1
4218500 2850500  1 12 19  -0.6 1024 181  3.6 4  3.1  86    0    0 235 -304  1
4218500 2850500  1 12 20  -1.1 1024 184  2.6 4  3.1  87    0    0 230 -302  1
4218500 2850500  1 12 21  -1.5 1023 169  2.4 3  3.0  88    0    0 226 -301  1
4218500 2850500  1 12 22  -1.7 1023 170  3.3 2  3.0  89    0    0 219 -300  1
4218500 2850500  1 12 23  -2.2 1022 164  3.2 2  2.9  89    0    0 216 -300  1
4218500 2850500  1 12 24  -2.6 1022 178  2.5 1  2.8  89    0    0 212 -299  1
4218500 2850500  1 13  1  -2.7 1022 177  3.3 0  2.8  89    0    0 206 -299  1
4218500 2850500  1 13  2  -2.8 1021 168  2.5 1  2.7  88    0    0 204 -298  1
4218500 2850500  1 13  3  -3.3 1021 161  2.7 1  2.6  86    0    0 204 -297  1
4218500 2850500  1 13  4  -3.9 1020 176  3.4 1  2.5  86    0    0 200 -295  1
4218500 2850500  1 13  5  -4.1 1020 166  2.4 0  2.5  88    0    0 194 -294  1
4218500 2850500  1 13  6  -4.3 1019 164  3.0 0  2.4  88    0    0 190 -293  1
4218500 2850500  1 13  7  -4.4 1019 172  3.5 1  2.4  86    0    0 191 -293  1
4218500 2850500  1 13  8  -4.5 1018 168  3.4 1  2.3  85    0    0 194 -293  1
4218500 2850500  1 13  9  -4.9 1018 163  2.8 1  2.2  84    1   10 193 -292  1
4218500 2850500  1 13 10  -4.0 1018 171  3.6 3  2.3  84   46   43 199 -293  1
4218500 2850500  1 13 11  -2.9 1018 183  3.7 2  2.3  80  118   64 204 -296  1
4218500 2850500  1 13 12  -1.7 1018 171  3.9 2  2.4  75  167   75 204 -301  1
4218500 2850500  1 13 13  -0.8 1017 173  4.8 2  2.5  71  168   82 206 -305  1
4218500 2850500  1 13 14  -0.3 1017 171  4.3 2  2.4  67  134   81 206 -308  1
4218500 2850500  1 13 15  -0.3 1016 190  5.4 1  2.3  63   83   67 202 -308  1
4218500 2850500  1 13 16  -0.9 1016 199  4.9 1  2.3  63   14   36 198 -306  1
4218500 2850500  1 13 17  -1.5 1016 186  2.5 1  2.3  67    0    2 198 -304  1
4218500 2850500  1 13 18  -2.3 1015 182  3.2 1  2.4  72    0    0 198 -301  1
4218500 2850500  1 13 19  -2.7 1015 189  3.1 1  2.4  75    0    0 197 -299  1
4218500 2850500  1 13 20  -3.0 1016 180  3.3 1  2.4  77    0    0 197 -299  1
4218500 2850500  1 13 21  -3.3 1016 184  2.9 1  2.4  79    0    0 197 -299  1
4218500 2850500  1 13 22  -4.2 1016 188  3.4 1  2.3  81    0    0 196 -298  1
4218500 2850500  1 13 23  -4.9 1016 181  2.9 1  2.2  83    0    0 195 -298  1
4218500 2850500  1 13 24  -5.0 1016 180  2.9 5  2.2  84    0    0 208 -297  1
4218500 2850500  1 14  1  -4.4 1016 187  2.7 7  2.2  84    0    0 229 -296  1
4218500 2850500  1 14  2  -4.3 1016 179  2.1 7  2.3  84    0    0 238 -295  1
4218500 2850500  1 14  3  -4.0 1016 171  2.3 8  2.4  85    0    0 243 -294  1
4218500 2850500  1 14  4  -3.7 1016 162  2.6 8  2.4  84    0    0 248 -293  1
4218500 2850500  1 14  5  -3.3 1016 162  2.3 8  2.4  83    0    0 249 -292  1
4218500 2850500  1 14  6  -3.0 1016 167  2.7 7  2.5  82    0    0 246 -291  1
4218500 2850500  1 14  7  -2.6 1016 177  3.2 7  2.5  82    0    0 242 -290  1
4218500 2850500  1 14  8  -2.3 1017 158  2.3 8  2.6  82    0    0 244 -289  1
4218500 2850500  1 14  9  -2.0 1017 156  2.4 7  2.6  81    0    8 243 -289  1
4218500 2850500  1 14 10  -1.9 1017 166  2.6 7  2.6  81    6   43 240 -289  1
4218500 2850500  1 14 11  -1.6 1018 162  2.3 7  2.7  81    1   64 240 -293  1
4218500 2850500  1 14 12  -1.2 1018 171  2.7 7  2.7  80    0   70 241 -298  1
4218500 2850500  1 14 13  -0.5 1018 173  3.3 7  2.8  78    0   53 241 -302  1
4218500 2850500  1 14 14  -0.7 1018 172  2.6 8  2.8  78    0   31 244 -305  1
4218500 2850500  1 14 15  -0.4 1018 166  2.6 8  2.8  78    0   22 247 -305  1
4218500 2850500  1 14 16  -0.2 1018 158  2.6 8  2.8  77    0    8 248 -302  1
4218500 2850500  1 14 17  -0.1 1018 168  2.4 8  2.8  76    0    0 248 -297  1
4218500 2850500  1 14 18  -0.5 1019 150  1.7 8  2.8  77    0    0 247 -293  1
4218500 2850500  1 14 19  -0.3 1019 150  1.1 8  2.8  77    0    0 245 -290  1
4218500 2850500  1 14 20  -0.1 1020 159  1.2 8  2.9  77    0    0 245 -289  1
4218500 2850500  1 14 21  -0.3 1020 159  1.2 8  2.9  78    0    0 245 -288  1
4218500 2850500  1 14 22  -0.2 1021 173  1.1 8  2.9  78    0    0 245 -287  1
4218500 2850500  1 14 23  -0.3 1021 207  0.8 8  2.9  78    0    0 245 -286  1
4218500 2850500  1 14 24  -0.4 1022 177  0.8 7  2.9  79    0    0 242 -285  1
4218500 2850500  1 15  1  -0.5 1022 290  1.6 8  2.9  80    0    0 241 -284  1
4218500 2850500  1 15  2  -0.5 1022 339  1.4 8  2.9  81    0    0 242 -283  1
4218500 2850500  1 15  3  -0.6 1022 325  1.0 8  3.0  82    0    0 242 -283  1
4218500 2850500  1 15  4  -0.8 1023 320  1.9 8  2.9  82    0    0 241 -282  1
4218500 2850500  1 15  5  -0.8 1023 329  1.7 8  2.9  82    0    0 241 -283  1
4218500 2850500  1 15  6  -0.9 1023 305  1.6 8  2.9  83    0    0 242 -283  1
4218500 2850500  1 15  7  -1.1 1023 319  2.1 8  2.9  84    0    0 243 -282  1
4218500 2850500  1 15  8  -1.2 1024 301  3.0 8  3.0  86    0    0 246 -281  1
4218500 2850500  1 15  9  -1.0 1024 308  3.1 8  3.0  87    1   11 249 -282  1
4218500 2850500  1 15 10  -0.6 1025 289  2.7 8  3.1  86    7   52 251 -285  1
4218500 2850500  1 15 11  -0.3 1025 269  2.9 7  3.1  86    0   56 251 -290  1
4218500 2850500  1 15 12  -0.1 1025 301  3.4 8  3.2  86    0   34 253 -296  1
4218500 2850500  1 15 13  -0.3 1025 309  3.6 8  3.2  88    0   25 258 -301  1
4218500 2850500  1 15 14  -0.3 1025 307  2.8 8  3.3  90    0   22 259 -304  1
4218500 2850500  1 15 15   0.0 1025 311  2.4 8  3.3  89    0   20 259 -304  1
4218500 2850500  1 15 16   0.0 1025 321  2.9 8  3.3  88    0   10 259 -303  1
4218500 2850500  1 15 17  -0.2 1025 308  2.5 8  3.3  89    0    0 259 -302  1
4218500 2850500  1 15 18   0.0 1026 309  3.1 8  3.3  89    0    0 259 -301  1
4218500 2850500  1 15 19   0.0 1026 345  3.5 8  3.3  88    0    0 260 -302  1
4218500 2850500  1 15 20  -0.2 1027 323  3.0 7  3.2  86    0    0 258 -304  1
4218500 2850500  1 15 21  -1.1 1027 312  3.0 6  3.0  84    0    0 252 -306  1
4218500 2850500  1 15 22  -2.1 1027 305  3.1 3  2.9  86    0    0 238 -307  1
4218500 2850500  1 15 23  -2.0 1027 277  2.9 3  2.9  89    0    0 230 -307  1
4218500 2850500  1 15 24  -2.2 1027 269  2.9 2  2.9  91    0    0 228 -306  1
4218500 2850500  1 16  1  -2.1 1027 287  3.7 3  3.0  93    0    0 229 -304  1
4218500 2850500  1 16  2  -3.1 1027 259  3.1 2  3.0  96    0    0 230 -301  1
4218500 2850500  1 16  3  -3.2 1027 245  2.7 3  2.9  99    0    0 231 -300  1
4218500 2850500  1 16  4  -2.7 1026 241  3.5 5  3.0  99    0    0 244 -300  1
4218500 2850500  1 16  5  -2.4 1026 238  2.9 5  3.1  98    0    0 253 -302  1
4218500 2850500  1 16  6  -1.6 1026 253  2.4 7  3.1  97    0    0 264 -304  1
4218500 2850500  1 16  7  -1.1 1025 238  2.9 8  3.3  97    0    0 279 -306  1
4218500 2850500  1 16  8  -0.7 1025 246  2.8 8  3.4  97    0    0 286 -307  1
4218500 2850500  1 16  9  -0.3 1025 235  2.8 8  3.5  97    1   11 290 -308  1
4218500 2850500  1 16 10   0.2 1025 245  2.9 8  3.6  97    5   51 293 -309  1
4218500 2850500  1 16 11   0.6 1025 234  2.6 7  3.8  98    0   48 293 -310  1
4218500 2850500  1 16 12   0.8 1025 230  3.0 8  3.9  99    0   43 296 -312  1
4218500 2850500  1 16 13   1.5 1024 258  3.7 7  4.0  99    0   56 299 -314  1
4218500 2850500  1 16 14   1.8 1024 244  3.7 6  4.2  99    0   54 293 -315  1
4218500 2850500  1 16 15   2.2 1022 269  3.3 8  4.3  99    0   25 301 -315  1
4218500 2850500  1 16 16   2.4 1022 268  3.8 8  4.4  99    0   12 313 -315  1
4218500 2850500  1 16 17   2.8 1022 257  3.9 8  4.5  99    0    1 316 -315  1
4218500 2850500  1 16 18   3.0 1021 251  5.0 6  4.6  99    0    0 309 -315  1
4218500 2850500  1 16 19   3.3 1021 272  4.9 8  4.7  99    0    0 312 -315  1
4218500 2850500  1 16 20   3.7 1020 260  5.6 7  4.8  99    0    0 319 -315  1
4218500 2850500  1 16 21   4.1 1019 265  6.0 7  4.9  98    0    0 316 -316  1
4218500 2850500  1 16 22   4.4 1018 277  5.3 8  5.0  97    0    0 323 -317  1
4218500 2850500  1 16 23   4.5 1017 276  5.5 8  5.1  99    0    0 330 -319  1
4218500 2850500  1 16 24   4.8 1015 273  6.8 8  5.2  99    0    0 331 -320  1
4218500 2850500  1 17  1   4.8 1015 284  5.9 8  5.2  98    0    0 332 -323  1
4218500 2850500  1 17  2   4.8 1014 270  6.6 8  5.2  98    0    0 333 -325  1
4218500 2850500  1 17  3   5.1 1013 287  6.1 8  5.3  98    0    0 335 -328  1
4218500 2850500  1 17  4   5.4 1012 288  7.2 8  5.4  98    0    0 336 -331  1
4218500 2850500  1 17  5   5.7 1010 289  7.1 7  5.5  98    0    0 331 -332  1
4218500 2850500  1 17  6   6.0 1010 303  7.4 8  5.6  97    0    0 333 -333  1
4218500 2850500  1 17  7   6.1 1009 307  7.6 8  5.7  97    0    0 340 -334  1
4218500 2850500  1 17  8   6.3 1008 309  8.0 8  5.7  97    0    0 340 -334  1
4218500 2850500  1 17  9   6.4 1008 298  7.7 8  5.8  97    0    3 341 -335  1
4218500 2850500  1 17 10   6.8 1008 311  6.9 8  6.0  98    0   15 342 -335  1
4218500 2850500  1 17 11   6.9 1008 308  7.6 8  6.0  97    0   26 342 -336  1
4218500 2850500  1 17 12   7.1 1007 302  8.7 8  5.9  94    0   30 342 -336  1
4218500 2850500  1 17 13   7.4 1006 309  8.8 8  5.8  91    0   27 342 -337  1
4218500 2850500  1 17 14   7.7 1006 311  8.0 8  5.7  88    0   22 343 -338  1
4218500 2850500  1 17 15   7.8 1006 308  8.8 7  5.6  85    0   15 335 -339  1
4218500 2850500  1 17 16   7.9 1005 307  8.9 7  5.6  84    0    6 328 -339  1
4218500 2850500  1 17 17   7.9 1005 302  9.6 7  5.5  82    0    0 328 -339  1
4218500 2850500  1 17 18   7.9 1005 303  9.7 7  5.4  81    0    0 327 -339  1
4218500 2850500  1 17 19   7.7 1005 306 10.1 7  5.3  80    0    0 326 -339  1
4218500 2850500  1 17 20   8.0 1004 313  9.7 7  5.2  78    0    0 326 -339  1
4218500 2850500  1 17 21   7.8 1005 314  9.3 7  5.1  77    0    0 324 -338  1
4218500 2850500  1 17 22   7.7 1005 319  8.9 7  5.1  77    0    0 324 -337  1
4218500 2850500  1 17 23   7.5 1005 313  8.7 7  5.0  77    0    0 321 -336  1
4218500 2850500  1 17 24   7.1 1005 310  8.9 6  5.0  78    0    0 313 -335  1
4218500 2850500  1 18  1   7.1 1004 318  8.7 7  5.0  79    0    0 312 -335  1
4218500 2850500  1 18  2   7.0 1004 314  8.1 7  5.0  79    0    0 318 -334  1
4218500 2850500  1 18  3   6.9 1003 310  8.5 7  5.0  79    0    0 317 -333  1
4218500 2850500  1 18  4   6.8 1003 313  8.6 7  4.9  80    0    0 317 -332  1
4218500 2850500  1 18  5   6.8 1002 305  8.1 8  5.0  80    0    0 323 -331  1
4218500 2850500  1 18  6   5.7 1001 311  7.6 8  5.1  86    0    0 328 -330  1
4218500 2850500  1 18  7   5.6  999 310  8.0 8  5.3  93    0    0 327 -329  1
4218500 2850500  1 18  8   5.9  998 321  8.6 8  5.4  93    0    0 326 -327  1
4218500 2850500  1 18  9   2.6  997  18  6.7 8  4.8  92    0    9 320 -325  1
4218500 2850500  1 18 10   2.1  999 356  4.8 8  4.2  92    0   36 314 -324  1
4218500 2850500  1 18 11   3.0 1000 315  6.9 7  4.1  90    6   72 308 -323  1
4218500 2850500  1 18 12   3.9 1001 330  8.6 4  3.9  79   81  100 283 -324  1
4218500 2850500  1 18 13   5.0 1001 339  8.4 2  3.7  70  230   56 253 -324  1
4218500 2850500  1 18 14   5.2 1002 344  8.2 2  3.5  63   88   94 240 -324  1
4218500 2850500  1 18 15   5.2 1003 348  8.4 6  3.1  55    0   32 261 -322  1
4218500 2850500  1 18 16   4.9 1004 346  8.5 6  3.0  55    0   16 284 -319  1
4218500 2850500  1 18 17   4.5 1005 330  7.7 5  3.0  56    0    1 275 -316  1
4218500 2850500  1 18 18   3.9 1005 314  7.7 2  3.0  59    0    0 251 -314  1
4218500 2850500  1 18 19   3.2 1006 321  6.4 1  3.1  62    0    0 226 -312  1
4218500 2850500  1 18 20   2.7 1008 321  6.9 0  3.0  64    0    0 213 -310  1
4218500 2850500  1 18 21   2.2 1008 313  6.5 0  3.0  66    0    0 207 -310  1
4218500 2850500  1 18 22   2.0 1009 318  6.1 0  3.0  67    0    0 207 -309  1
4218500 2850500  1 18 23   1.5 1009 310  6.2 0  3.0  69    0    0 206 -310  1
4218500 2850500  1 18 24   1.8 1010 322  6.8 0  3.0  69    0    0 206 -310  1
4218500 2850500  1 19  1   1.4 1011 320  6.5 1  3.0  70    0    0 212 -310  1
4218500 2850500  1 19  2   1.2 1011 314  6.4 0  3.0  72    0    0 211 -310  1
4218500 2850500  1 19  3   0.8 1011 316  5.0 0  3.1  75    0    0 206 -309  1
4218500 2850500  1 19  4   0.6 1012 320  5.5 0  3.1  77    0    0 206 -309  1
4218500 2850500  1 19  5   0.4 1012 312  5.5 0  3.1  79    0    0 205 -309  1
4218500 2850500  1 19  6   0.0 1013 312  5.4 1  3.1  81    0    0 208 -308  1
4218500 2850500  1 19  7  -0.1 1013 310  5.0 1  3.1  82    0    0 212 -306  1
4218500 2850500  1 19  8  -0.4 1014 310  4.2 0  3.1  84    0    0 207 -303  1
4218500 2850500  1 19  9  -0.6 1014 308  4.5 0  3.1  86    5   13 202 -302  1
4218500 2850500  1 19 10  -0.2 1015 317  5.4 0  3.2  87   75   37 203 -302  1
4218500 2850500  1 19 11   1.0 1015 312  5.2 0  3.2  83  182   37 206 -304  1
4218500 2850500  1 19 12   1.9 1016 314  5.7 1  3.3  78  211   48 214 -307  1
4218500 2850500  1 19 13   2.3 1016 325  6.0 4  3.3  76   57  122 235 -309  1
4218500 2850500  1 19 14   3.0 1017 330  5.4 5  3.2  70   16  106 256 -310  1
4218500 2850500  1 19 15   3.3 1017 334  6.5 3  3.0  63    8   74 251 -310  1
4218500 2850500  1 19 16   2.5 1017 330  6.4 4  2.7  58    0   30 245 -308  1
4218500 2850500  1 19 17   1.7 1018 326  6.0 3  2.5  58    0    1 241 -305  1
4218500 2850500  1 19 18   1.0 1019 316  5.0 3  2.5  59    0    0 233 -303  1
4218500 2850500  1 19 19   0.2 1019 311  5.5 1  2.5  63    0    0 222 -302  1
4218500 2850500  1 19 20   0.0 1020 299  5.0 1  2.6  68    0    0 213 -300  1
4218500 2850500  1 19 21  -0.2 1020 306  4.7 0  2.8  75    0    0 208 -299  1
4218500 2850500  1 19 22  -0.4 1021 309  4.7 1  3.0  81    0    0 207 -297  1
4218500 2850500  1 19 23  -0.6 1021 294  3.9 1  3.0  83    0    0 211 -296  1
4218500 2850500  1 19 24  -1.1 1021 287  4.0 1  2.9  82    0    0 209 -296  1
4218500 2850500  1 20  1  -1.4 1021 276  4.3 1  2.7  80    0    0 206 -299  1
4218500 2850500  1 20  2  -2.2 1021 266  3.8 2  2.6  79    0    0 209 -303  1
4218500 2850500  1 20  3  -1.2 1021 256  4.4 3  2.6  77    0    0 219 -306  1
4218500 2850500  1 20  4  -0.7 1020 267  5.4 7  2.6  73    0    0 247 -309  1
4218500 2850500  1 20  5  -0.8 1018 256  5.9 8  2.8  80    0    0 278 -312  1
4218500 2850500  1 20  6   0.0 1018 269  6.0 8  3.3  90    0    0 289 -314  1
4218500 2850500  1 20  7   0.8 1016 277  6.6 8  3.6  93    0    0 297 -315  1
4218500 2850500  1 20  8   1.8 1015 277  6.4 8  3.9  95    0    0 306 -316  1
4218500 2850500  1 20  9   2.7 1015 274  7.4 8  4.2  94    0    3 313 -319  1
4218500 2850500  1 20 10   3.2 1015 280  6.9 8  4.3  93    0   20 317 -320  1
4218500 2850500  1 20 11   3.6 1014 273  7.1 7  4.4  90    0   41 313 -322  1
4218500 2850500  1 20 12   3.7 1014 273  6.7 8  4.4  90    0   36 315 -323  1
4218500 2850500  1 20 13   3.6 1013 278  7.5 8  4.4  90    0   25 323 -325  1
4218500 2850500  1 20 14   3.8 1012 277  7.3 8  4.5  92    0   37 325 -327  1
4218500 2850500  1 20 15   4.4 1011 279  6.8 8  4.6  90    0   32 327 -328  1
4218500 2850500  1 20 16   4.5 1010 278  8.1 8  4.6  89    0   14 328 -329  1
4218500 2850500  1 20 17   4.6 1009 274  9.0 8  4.7  90    0    0 326 -330  1
4218500 2850500  1 20 18   4.4 1008 282  9.3 8  4.8  92    0    0 325 -331  1
4218500 2850500  1 20 19   4.2 1007 286  9.5 8  4.8  93    0    0 324 -331  1
4218500 2850500  1 20 20   4.4 1007 284  9.0 8  4.8  93    0    0 323 -330  1
4218500 2850500  1 20 21   4.3 1006 286  8.4 8  4.8  93    0    0 322 -329  1
4218500 2850500  1 20 22   4.4 1006 287  8.0 8  4.8  93    0    0 321 -327  1
4218500 2850500  1 20 23   4.1 1005 267  7.2 8  4.7  91    0    0 319 -326  1
4218500 2850500  1 20 24   3.6 1004 238  6.4 7  4.4  89    0    0 311 -326  1
4218500 2850500  1 21  1   3.1  998 202  5.5 7  4.1  86    0    0 280 -314  1
4218500 2850500  1 21  2   2.7  997 172  5.0 7  3.9  84    0    0 278 -314  1
4218500 2850500  1 21  3   2.4  997 151  4.4 8  3.8  83    0    0 281 -314  1
4218500 2850500  1 21  4   2.4  996 150  4.4 8  3.8  83    0    0 284 -314  1
4218500 2850500  1 21  5   2.4  995 151  4.4 8  3.8  83    0    0 285 -313  1
4218500 2850500  1 21  6   2.3  994 150  4.7 7  3.8  83    0    0 283 -313  1
4218500 2850500  1 21  7   2.5  994 152  4.1 7  3.8  82    0    0 281 -312  1
4218500 2850500  1 21  8   2.1  993 147  4.2 6  3.7  81    0    0 278 -312  1
4218500 2850500  1 21  9   2.0  993 158  4.6 5  3.6  81    2   15 269 -311  1
4218500 2850500  1 21 10   2.5  993 164  4.9 7  3.6  78   22   76 274 -311  1
4218500 2850500  1 21 11   3.9  993 174  4.1 6  3.6  73   32  124 281 -313  1
4218500 2850500  1 21 12   5.4  994 168  4.0 6  3.7  70   39  157 281 -314  1
4218500 2850500  1 21 13   4.6  994 161  3.7 7  3.7  67    6  124 287 -316  1
4218500 2850500  1 21 14   4.9  993 162  3.7 7  3.7  68    0   71 292 -318  1
4218500 2850500  1 21 15   5.7  993 159  4.1 6  3.9  68    4   83 289 -320  1
4218500 2850500  1 21 16   5.3  992 157  4.1 6  3.7  65    3   46 285 -319  1
4218500 2850500  1 21 17   4.6  992 166  4.5 7  3.5  64    0    1 289 -317  1
4218500 2850500  1 21 18   4.0  992 156  4.4 7  3.4  65    0    0 294 -316  1
4218500 2850500  1 21 19   3.3  991 154  4.1 8  3.5  70    0    0 300 -315  1
4218500 2850500  1 21 20   2.5  991 158  4.6 8  3.4  71    0    0 305 -315  1
4218500 2850500  1 21 21   1.5  991 164  4.2 8  3.1  70    0    0 303 -315  1
4218500 2850500  1 21 22   0.8  991 162  2.7 7  3.0  71    0    0 294 -315  1
4218500 2850500  1 21 23   0.3  991 156  3.2 6  2.9  71    0    0 273 -315  1
4218500 2850500  1 21 24  -0.1  991 150  3.6 6  2.8  72    0    0 259 -315  1
4218500 2850500  1 22  1  -0.3  991 144  3.9 6  2.9  76    0    0 260 -315  1
4218500 2850500  1 22  2  -0.5  991 152  3.7 7  2.9  77    0    0 272 -315  1
4218500 2850500  1 22  3  -0.8  991 143  3.5 7  2.8  77    0    0 283 -315  1
4218500 2850500  1 22  4  -1.0  991 160  3.4 7  2.8  77    0    0 282 -315  1
4218500 2850500  1 22  5  -1.0  991 146  3.0 6  2.8  79    0    0 274 -314  1
4218500 2850500  1 22  6  -1.2  991 144  3.2 4  2.8  80    0    0 250 -315  1
4218500 2850500  1 22  7  -1.2  991 155  3.4 4  2.8  80    0    0 230 -315  1
4218500 2850500  1 22  8  -0.9  991 158  3.6 6  2.8  79    0    0 249 -315  1
4218500 2850500  1 22  9  -0.5  991 166  2.8 7  2.9  78    2   13 276 -315  1
4218500 2850500  1 22 10   0.1  991 152  3.5 6  2.9  77   37   58 278 -315  1
4218500 2850500  1 22 11   1.0  992 143  3.5 5  3.0  75  103   89 265 -315  1
4218500 2850500  1 22 12   3.0  992 157  3.1 4  3.1  70  154  105 255 -319  1
4218500 2850500  1 22 13   4.3  992 166  3.3 5  3.3  65  165  110 259 -323  1
4218500 2850500  1 22 14   5.9  993 184  3.5 4  3.5  63  147  102 262 -324  1
4218500 2850500  1 22 15   6.4  993 177  3.5 2  3.6  60   96   84 242 -325  1
4218500 2850500  1 22 16   5.8  994 173  3.1 2  3.6  61   35   49 233 -326  1
4218500 2850500  1 22 17   4.3  994 162  3.1 3  3.7  66    0    9 243 -324  1
4218500 2850500  1 22 18   3.9  994 157  3.3 3  3.7  71    0    0 249 -321  1
4218500 2850500  1 22 19   3.2  995 168  3.8 4  3.7  75    0    0 252 -319  1
4218500 2850500  1 22 20   2.9  995 171  3.6 3  3.8  80    0    0 253 -318  1
4218500 2850500  1 22 21   2.6  995 179  3.5 3  3.8  81    0    0 247 -317  1
4218500 2850500  1 22 22   2.1  996 188  3.5 2  3.8  82    0    0 234 -316  1
4218500 2850500  1 22 23   1.9  996 193  3.1 2  3.7  84    0    0 213 -316  1
4218500 2850500  1 22 24   1.7  997 170  2.4 4  3.7  85    0    0 221 -316  1
4218500 2850500  1 23  1   1.2  997 181  2.7 5  3.8  88    0    0 248 -315  1
4218500 2850500  1 23  2   1.3  997 183  2.8 7  3.8  91    0    0 274 -315  1
4218500 2850500  1 23  3   2.0  998 185  2.6 7  4.0  91    0    0 295 -315  1
4218500 2850500  1 23  4   2.3  999 183  2.3 7  4.0  90    0    0 296 -315  1
4218500 2850500  1 23  5   2.5  999 177  1.9 7  4.0  88    0    0 297 -315  1
4218500 2850500  1 23  6   2.0  999 226  1.7 7  4.0  90    0    0 298 -315  1
4218500 2850500  1 23  7   1.6 1000 191  1.9 7  4.0  91    0    0 298 -315  1
4218500 2850500  1 23  8   1.7 1000 215  1.4 7  4.0  91    0    0 299 -315  1
4218500 2850500  1 23  9   2.4 1001 200  1.5 7  4.1  93    2   13 302 -315  1
4218500 2850500  1 23 10   2.9 1002 239  1.1 7  4.3  92   26   65 306 -317  1
4218500 2850500  1 23 11   4.0 1003 263  1.9 7  4.4  90    1   72 309 -322  1
4218500 2850500  1 23 12   4.9 1004 295  1.5 8  4.6  87    0   47 321 -328  1
4218500 2850500  1 23 13   5.5 1004 296  1.7 8  4.8  86    0   42 329 -332  1
4218500 2850500  1 23 14   5.4 1005 294  1.9 8  4.8  85    0   82 330 -334  1
4218500 2850500  1 23 15   5.6 1006 286  2.9 7  4.8  84    0   65 323 -335  1
4218500 2850500  1 23 16   5.3 1007 286  2.4 7  4.8  85    0   27 316 -334  1
4218500 2850500  1 23 17   5.0 1008 293  2.7 8  5.0  90    0    3 322 -331  1
4218500 2850500  1 23 18   4.6 1009 313  2.3 8  5.1  95    0    0 327 -329  1
4218500 2850500  1 23 19   4.8 1010 315  3.2 7  5.1  96    0    0 321 -329  1
4218500 2850500  1 23 20   4.5 1011 314  2.8 7  5.1  96    0    0 314 -329  1
4218500 2850500  1 23 21   4.1 1012 333  3.4 8  5.0  97    0    0 319 -329  1
4218500 2850500  1 23 22   3.8 1013 322  3.1 7  4.9  98    0    0 318 -329  1
4218500 2850500  1 23 23   3.7 1014 332  3.8 7  4.8  97    0    0 312 -328  1
4218500 2850500  1 23 24   3.4 1015 340  4.1 7  4.7  96    0    0 312 -326  1
4218500 2850500  1 24  1   3.3 1016 333  4.8 7  4.6  94    0    0 311 -326  1
4218500 2850500  1 24  2   3.3 1018 332  4.6 8  4.5  94    0    0 316 -326  1
4218500 2850500  1 24  3   3.3 1019 332  4.3 8  4.5  94    0    0 322 -326  1
4218500 2850500  1 24  4   3.5 1020 332  4.7 8  4.5  94    0    0 323 -326  1
4218500 2850500  1 24  5   3.5 1021 333  5.1 8  4.6  96    0    0 323 -326  1
4218500 2850500  1 24  6   3.5 1022 335  4.9 8  4.7  96    0    0 322 -325  1
4218500 2850500  1 24  7   3.3 1023 355  3.6 8  4.6  96    0    0 321 -325  1
4218500 2850500  1 24  8   3.1 1024   0  3.7 8  4.5  94    0    0 319 -324  1
4218500 2850500  1 24  9   3.1 1025 341  3.4 8  4.3  92    0   10 317 -322  1
4218500 2850500  1 24 10   2.7 1026 347  4.1 8  4.2  91   28   29 317 -322  1
4218500 2850500  1 24 11   2.7 1027 359  3.8 8  4.2  92    0   55 315 -324  1
4218500 2850500  1 24 12   2.8 1028 338  3.5 7  4.1  89    0   51 309 -326  1
4218500 2850500  1 24 13   3.4 1028 333  3.4 7  4.0  87    0   77 304 -327  1
4218500 2850500  1 24 14   3.6 1028 335  3.5 6  4.2  87    0   68 299 -327  1
4218500 2850500  1 24 15   3.7 1028 327  3.4 7  4.2  87    0   36 300 -327  1
4218500 2850500  1 24 16   3.4 1029 323  3.4 7  4.2  87    0   16 304 -325  1
4218500 2850500  1 24 17   3.5 1029 344  3.3 8  4.2  88    0    1 310 -323  1
4218500 2850500  1 24 18   3.2 1030 320  2.6 8  4.2  89    0    0 316 -320  1
4218500 2850500  1 24 19   3.2 1031 340  2.3 7  4.1  88    0    0 309 -318  1
4218500 2850500  1 24 20   3.0 1031 290  1.8 8  4.1  88    0    0 308 -318  1
4218500 2850500  1 24 21   2.9 1031 281  1.4 7  4.1  90    0    0 307 -318  1
4218500 2850500  1 24 22   2.7 1031 265  1.6 7  4.1  90    0    0 301 -318  1
4218500 2850500  1 24 23   2.9 1031 272  1.9 7  4.1  89    0    0 301 -318  1
4218500 2850500  1 24 24   2.7 1031 265  2.0 7  4.0  89    0    0 301 -317  1
4218500 2850500  1 25  1   2.7 1031 253  1.6 8  4.0  89    0    0 305 -316  1
4218500 2850500  1 25  2   2.7 1030 208  1.7 8  4.0  87    0    0 309 -315  1
4218500 2850500  1 25  3   2.5 1030 207  2.1 8  3.9  87    0    0 309 -315  1
4218500 2850500  1 25  4   2.2 1030 216  2.4 8  3.9  89    0    0 307 -313  1
4218500 2850500  1 25  5   2.2 1029 219  2.2 8  4.0  92    0    0 306 -312  1
4218500 2850500  1 25  6   2.2 1029 217  2.2 8  4.1  93    0    0 307 -312  1
4218500 2850500  1 25  7   2.2 1029 219  2.7 8  4.0  92    0    0 306 -314  1
4218500 2850500  1 25  8   2.3 1029 221  3.0 8  4.0  92    0    0 305 -314  1
4218500 2850500  1 25  9   2.5 1029 212  3.7 8  4.1  92    1   11 305 -315  1
4218500 2850500  1 25 10   2.5 1029 208  4.2 8  4.0  90   14   52 305 -315  1
4218500 2850500  1 25 11   2.8 1028 212  4.5 7  3.7  82    2   70 300 -315  1
4218500 2850500  1 25 12   3.3 1028 206  4.6 6  3.7  79    2   90 290 -316  1
4218500 2850500  1 25 13   3.8 1027 220  5.4 6  3.7  76   28  116 287 -319  1
4218500 2850500  1 25 14   4.1 1026 212  4.8 6  3.5  71   25  107 287 -322  1
4218500 2850500  1 25 15   4.3 1025 206  4.8 6  3.5  69   19   81 289 -324  1
4218500 2850500  1 25 16   4.2 1024 195  4.7 6  3.4  68    3   42 290 -325  1
4218500 2850500  1 25 17   3.8 1024 185  4.2 6  3.4  68    0    5 289 -324  1
4218500 2850500  1 25 18   3.6 1023 194  4.1 7  3.4  70    0    0 294 -322  1
4218500 2850500  1 25 19   3.6 1022 199  3.5 7  3.4  70    0    0 300 -320  1
4218500 2850500  1 25 20   3.2 1022 182  4.3 7  3.4  72    0    0 299 -317  1
4218500 2850500  1 25 21   2.8 1021 192  4.6 7  3.5  74    0    0 297 -316  1
4218500 2850500  1 25 22   2.6 1020 202  4.7 8  3.5  76    0    0 302 -317  1
4218500 2850500  1 25 23   2.3 1020 202  4.9 8  3.4  77    0    0 307 -318  1
4218500 2850500  1 25 24   2.7 1020 221  4.8 8  3.4  76    0    0 309 -321  1
4218500 2850500  1 26  1   2.2 1020 237  4.6 8  3.5  77    0    0 311 -322  1
4218500 2850500  1 26  2   1.0 1020 221  3.8 8  3.6  86    0    0 309 -322  1
4218500 2850500  1 26  3   0.9 1019 231  4.0 7  3.8  94    0    0 302 -323  1
4218500 2850500  1 26  4   1.3 1020 243  4.1 7  4.0  98    0    0 298 -324  1
4218500 2850500  1 26  5   1.9 1019 252  3.7 7  4.1  98    0    0 301 -325  1
4218500 2850500  1 26  6   2.0 1019 218  3.2 8  4.2  97    0    0 309 -326  1
4218500 2850500  1 26  7   2.2 1019 251  3.8 8  4.3  98    0    0 317 -326  1
4218500 2850500  1 26  8   2.7 1019 249  4.1 7  4.3  96    0    0 312 -326  1
4218500 2850500  1 26  9   2.3 1019 229  4.0 7  4.3  96    1   15 305 -326  1
4218500 2850500  1 26 10   2.6 1019 221  3.9 6  4.3  96    6   63 297 -326  1
4218500 2850500  1 26 11   2.9 1020 229  4.4 8  4.4  96    0   43 304 -327  1
4218500 2850500  1 26 12   3.5 1020 233  4.6 8  4.5  95    0   80 321 -329  1
4218500 2850500  1 26 13   3.9 1019 236  4.7 8  4.6  94    1   99 323 -331  1
4218500 2850500  1 26 14   4.7 1019 249  5.4 8  4.8  92    0   53 324 -331  1
4218500 2850500  1 26 15   5.0 1019 248  5.1 8  4.9  91    0   31 327 -332  1
4218500 2850500  1 26 16   5.0 1018 223  4.1 7  4.8  90    0   17 318 -332  1
4218500 2850500  1 26 17   5.1 1019 241  4.5 8  4.8  88    0    8 319 -330  1
4218500 2850500  1 26 18   4.9 1019 225  4.3 8  4.7  87    0    0 328 -329  1
4218500 2850500  1 26 19   4.7 1019 226  5.0 8  4.6  87    0    0 327 -329  1
4218500 2850500  1 26 20   4.4 1018 236  5.1 8  4.5  87    0    0 327 -328  1
4218500 2850500  1 26 21   4.4 1019 222  4.4 8  4.5  87    0    0 327 -328  1
4218500 2850500  1 26 22   4.4 1019 221  4.2 8  4.5  86    0    0 327 -328  1
4218500 2850500  1 26 23   4.4 1018 222  4.9 8  4.3  83    0    0 327 -328  1
4218500 2850500  1 26 24   4.5 1018 232  5.2 8  4.2  80    0    0 326 -328  1
4218500 2850500  1 27  1   4.2 1017 223  4.8 7  4.1  80    0    0 320 -328  1
4218500 2850500  1 27  2   4.1 1016 222  5.2 7  4.1  81    0    0 315 -328  1
4218500 2850500  1 27  3   3.9 1015 215  4.9 8  4.2  84    0    0 320 -328  1
4218500 2850500  1 27  4   3.8 1015 216  5.1 8  4.3  86    0    0 326 -328  1
4218500 2850500  1 27  5   3.4 1014 223  5.4 8  4.4  90    0    0 326 -328  1
4218500 2850500  1 27  6   3.4 1013 226  5.7 8  4.6  95    0    0 326 -329  1
4218500 2850500  1 27  7   3.6 1013 237  5.5 8  4.8  98    0    0 327 -329  1
4218500 2850500  1 27  8   4.2 1012 244  5.1 8  5.0  99    0    0 327 -330  1
4218500 2850500  1 27  9   4.9 1012 252  4.9 7  5.2  98    0   12 323 -330  1
4218500 2850500  1 27 10   5.8 1012 261  5.1 6  5.5  98    5   61 315 -331  1
4218500 2850500  1 27 11   6.8 1011 271  5.5 7  5.9  98    1   73 320 -334  1
4218500 2850500  1 27 12   7.6 1011 273  5.9 8  6.3  99    0   76 336 -337  1
4218500 2850500  1 27 13   8.1 1011 273  6.0 7  6.5  98    0   76 340 -341  1
4218500 2850500  1 27 14   8.4 1010 275  6.0 7  6.7  98    0   42 336 -345  1
4218500 2850500  1 27 15   8.7 1010 273  5.9 8  6.8  98    0   20 343 -347  1
4218500 2850500  1 27 16   8.7 1011 272  6.6 6  6.9  99    0   42 340 -349  1
4218500 2850500  1 27 17   8.6 1011 272  6.0 8  7.0 100    0    9 340 -349  1
4218500 2850500  1 27 18   8.6 1011 273  6.2 8  6.9  99    0    0 351 -349  1
4218500 2850500  1 27 19   8.8 1010 272  6.2 8  7.0  99    0    0 352 -350  1
4218500 2850500  1 27 20   8.8 1010 272  6.4 8  6.9  98    0    0 352 -350  1
4218500 2850500  1 27 21   9.0 1010 272  6.0 8  6.8  95    0    0 353 -350  1
4218500 2850500  1 27 22   8.9 1009 261  5.8 8  6.7  93    0    0 353 -351  1
4218500 2850500  1 27 23   9.2 1008 261  5.9 8  6.7  92    0    0 353 -351  1
4218500 2850500  1 27 24   9.1 1007 252  7.4 8  6.7  92    0    0 354 -351  1
4218500 2850500  1 28  1   9.4 1006 251  7.6 8  6.6  90    0    0 354 -351  1
4218500 2850500  1 28  2   9.6 1005 258  8.1 8  6.5  87    0    0 353 -350  1
4218500 2850500  1 28  3   9.7 1003 260  7.8 8  6.4  85    0    0 352 -350  1
4218500 2850500  1 28  4   9.2 1002 259  7.9 8  6.4  86    0    0 351 -350  1
4218500 2850500  1 28  5   8.6 1000 287  7.3 8  6.5  91    0    0 348 -349  1
4218500 2850500  1 28  6   6.1 1000 293  6.3 8  5.9  91    0    0 341 -348  1
4218500 2850500  1 28  7   5.7 1000 282  6.2 8  5.2  88    0    0 333 -346  1
4218500 2850500  1 28  8   5.8  999 278  7.3 8  5.0  86    0    0 328 -342  1
4218500 2850500  1 28  9   5.5  999 293  8.7 8  4.8  84    0    6 324 -339  1
4218500 2850500  1 28 10   5.3  998 282  7.6 5  4.5  79   16   66 299 -336  1
4218500 2850500  1 28 11   5.7  998 271  7.5 4  4.1  73   64  117 272 -335  1
4218500 2850500  1 28 12   5.2  997 271  8.1 7  4.2  74    2   97 283 -333  1
4218500 2850500  1 28 13   5.6  997 277 10.0 6  4.2  74   33  144 293 -332  1
4218500 2850500  1 28 14   4.2  996 267  6.7 7  4.4  80    0   81 291 -332  1
4218500 2850500  1 28 15   3.8  996 261  7.7 8  4.6  89    0   49 299 -333  1
4218500 2850500  1 28 16   4.7  996 257  8.8 7  4.5  86    0   35 301 -332  1
4218500 2850500  1 28 17   5.1  995 262  8.5 8  4.3  78    0    2 302 -330  1
4218500 2850500  1 28 18   5.3  996 261  8.5 7  4.1  74    0    0 303 -328  1
4218500 2850500  1 28 19   5.0  995 257  7.1 7  4.1  73    0    0 300 -327  1
4218500 2850500  1 28 20   3.2  994 247  6.7 6  4.2  80    0    0 293 -324  1
4218500 2850500  1 28 21   2.4  993 269  6.3 6  4.3  92    0    0 286 -323  1
4218500 2850500  1 28 22   2.1  993 263  7.4 8  4.3  93    0    0 295 -324  1
4218500 2850500  1 28 23   1.8  992 238  4.8 8  4.2  94    0    0 305 -324  1
4218500 2850500  1 28 24   2.5  991 241  5.7 7  4.2  94    0    0 300 -323  1
4218500 2850500  1 29  1   2.0  990 250  5.1 8  4.3  94    0    0 300 -323  1
4218500 2850500  1 29  2   1.8  990 247  4.9 7  4.2  94    0    0 298 -322  1
4218500 2850500  1 29  3   1.9  989 231  4.6 7  4.2  94    0    0 290 -321  1
4218500 2850500  1 29  4   1.8  988 230  4.9 7  4.1  93    0    0 289 -320  1
4218500 2850500  1 29  5   1.6  988 240  5.1 7  4.0  91    0    0 288 -320  1
4218500 2850500  1 29  6   0.9  987 219  4.5 8  3.9  92    0    0 292 -320  1
4218500 2850500  1 29  7   0.6  987 211  4.6 8  3.9  95    0    0 298 -320  1
4218500 2850500  1 29  8   1.0  986 230  3.8 8  4.0  96    0    0 297 -319  1
4218500 2850500  1 29  9   1.3  986 235  4.0 8  4.1  96    4   17 297 -316  1
4218500 2850500  1 29 10   1.5  986 239  4.3 6  4.2  97   15   65 284 -315  1
4218500 2850500  1 29 11   1.9  986 246  3.9 7  4.3  97    0   59 277 -318  1
4218500 2850500  1 29 12   2.6  986 254  3.9 8  4.4  96    0   50 291 -324  1
4218500 2850500  1 29 13   3.3  988 280  3.7 7  4.5  94    2  105 291 -328  1
4218500 2850500  1 29 14   3.7  988 273  4.6 6  4.4  88    7  111 277 -331  1
4218500 2850500  1 29 15   3.2  988 279  4.2 8  4.2  84    0   47 282 -331  1
4218500 2850500  1 29 16   3.1  988 256  3.4 8  4.2  86    0   19 297 -329  1
4218500 2850500  1 29 17   3.1  988 274  4.5 7  4.2  87    0    5 288 -327  1
4218500 2850500  1 29 18   2.8  988 260  3.7 8  4.2  87    0    0 286 -324  1
4218500 2850500  1 29 19   1.9  987 283  4.3 7  4.1  89    0    0 283 -322  1
4218500 2850500  1 29 20   1.8  987 295  5.1 7  4.1  92    0    0 273 -318  1
4218500 2850500  1 29 21   1.3  987 315  4.4 7  4.1  95    0    0 272 -316  1
4218500 2850500  1 29 22   0.8  988   6  6.6 8  3.9  93    0    0 281 -315  1
4218500 2850500  1 29 23   0.4  989 354  5.0 8  3.6  89    0    0 286 -314  1
4218500 2850500  1 29 24   0.2  989 343  4.5 8  3.5  88    0    0 285 -311  1
4218500 2850500  1 30  1   0.1  990 341  3.9 8  3.4  88    0    0 284 -310  1
4218500 2850500  1 30  2  -0.1  990 326  2.9 8  3.3  86    0    0 282 -309  1
4218500 2850500  1 30  3  -0.1  990 307  2.6 8  3.3  86    0    0 281 -309  1
4218500 2850500  1 30  4  -0.1  990 298  3.4 8  3.4  88    0    0 281 -308  1
4218500 2850500  1 30  5  -0.3  990 275  2.3 8  3.4  90    0    0 280 -306  1
4218500 2850500  1 30  6  -0.5  990 210  1.3 8  3.5  93    0    0 279 -305  1
4218500 2850500  1 30  7  -0.4  990 197  1.6 8  3.6  97    0    0 278 -305  1
4218500 2850500  1 30  8  -0.1  990 192  2.6 8  3.7  98    0    0 277 -303  1
4218500 2850500  1 30  9  -0.1  989 194  2.4 8  3.8  98    0    8 276 -301  1
4218500 2850500  1 30 10   0.2  989 215  2.7 8  3.8  97    0   43 276 -302  1
4218500 2850500  1 30 11   0.5  989 209  2.5 7  3.8  96    2   79 267 -304  1
4218500 2850500  1 30 12   0.4  989 204  2.7 8  3.8  96    1   90 269 -307  1
4218500 2850500  1 30 13   0.3  989 230  2.3 8  3.8  96    0   87 278 -309  1
4218500 2850500  1 30 14   0.9  989 273  3.5 8  3.9  95    0   78 280 -310  1
4218500 2850500  1 30 15   1.4  989 262  3.9 8  3.9  93    0   34 281 -310  1
4218500 2850500  1 30 16   1.2  989 255  3.4 5  3.9  91    2   50 257 -308  1
4218500 2850500  1 30 17   0.9  990 280  3.5 6  3.8  91    4   16 241 -306  1
4218500 2850500  1 30 18   0.1  990 265  2.6 6  3.6  91    0    0 245 -304  1
4218500 2850500  1 30 19  -0.1  991 214  1.9 6  3.5  91    0    0 243 -302  1
4218500 2850500  1 30 20   0.0  991 230  2.4 6  3.6  92    0    0 248 -300  1
4218500 2850500  1 30 21  -0.2  992 221  2.4 6  3.6  92    0    0 247 -298  1
4218500 2850500  1 30 22  -0.3  992 219  2.5 6  3.5  93    0    0 241 -297  1
4218500 2850500  1 30 23  -0.3  993 237  2.3 6  3.6  94    0    0 239 -295  1
4218500 2850500  1 30 24  -0.1  993 261  2.2 7  3.6  94    0    0 244 -293  1
4218500 2850500  1 31  1   0.3 1017 296  1.9 8  3.7  95    0    0 276 -310  1
4218500 2850500  1 31  2   0.6 1017 271  1.8 8  3.8  95    0    0 281 -310  1
4218500 2850500  1 31  3   0.6 1017 224  1.6 8  3.8  96    0    0 280 -309  1
4218500 2850500  1 31  4   0.3 1017 187  1.5 7  3.7  95    0    0 274 -309  1
4218500 2850500  1 31  5   0.1 1017 263  1.5 6  3.7  96    0    0 263 -308  1
4218500 2850500  1 31  6  -0.6 1017 348  1.1 5  3.5  95    0    0 252 -307  1
4218500 2850500  1 31  7  -0.3 1017 352  1.8 6  3.6  97    0    0 253 -306  1
4218500 2850500  1 31  8   0.2 1017 356  1.2 8  3.7  98    0    0 270 -305  1
4218500 2850500  1 31  9   0.2 1017 348  1.5 8  3.7  95    6   17 283 -305  1
4218500 2850500  1 31 10   0.6 1018 349  1.8 6  3.6  93   56   60 276 -308  1
4218500 2850500  1 31 11   1.4 1018 327  1.4 7  3.5  87   42  105 275 -311  1
4218500 2850500  1 31 12   2.2 1018 330  2.2 7  3.5  81   27  131 282 -314  1
4218500 2850500  1 31 13   2.3 1018 341  2.5 8  3.5  79    6  115 289 -315  1
4218500 2850500  1 31 14   2.7 1018   3  2.6 7  3.6  79    3   99 290 -316  1
4218500 2850500  1 31 15   2.5 1017 349  3.6 8  3.5  77    0   40 291 -318  1
4218500 2850500  1 31 16   2.4 1017 346  3.4 8  3.5  77    0   22 294 -317  1
4218500 2850500  1 31 17   2.3 1018 339  2.4 7  3.5  77    0    4 287 -316  1
4218500 2850500  1 31 18   2.0 1018 343  2.3 7  3.5  79    0    0 279 -315  1
4218500 2850500  1 31 19   1.8 1018 342  2.5 7  3.6  83    0    0 276 -315  1
4218500 2850500  1 31 20   1.5 1018 350  1.9 7  3.7  86    0    0 274 -313  1
4218500 2850500  1 31 21   1.5 1018 357  1.8 7  3.7  87    0    0 272 -311  1
4218500 2850500  1 31 22   1.1 1019 358  2.6 7  3.6  88    0    0 272 -310  1
4218500 2850500  1 31 23   0.6 1019 353  1.8 7  3.6  89    0    0 271 -310  1
4218500 2850500  1 31 24   0.3 1019 353  2.1 7  3.5  90    0    0 270 -308  1
4218500 2850500  2  1  1   0.3 1019 356  2.5 8  3.5  92    0    0 278 -306  1
4218500 2850500  2  1  2   0.3 1019 348  2.0 7  3.6  92    0    0 275 -306  1
4218500 2850500  2  1  3   0.3 1019 337  2.0 7  3.6  93    0    0 270 -303  1
4218500 2850500  2  1  4   0.4 1018 339  2.7 8  3.6  94    0    0 274 -302  1
4218500 2850500  2  1  5  -0.2 1018 327  1.9 8  3.6  95    0    0 278 -300  1
4218500 2850500  2  1  6   0.1 1018 317  1.9 8  3.5  94    0    0 276 -298  1
4218500 2850500  2  1  7   0.0 1018 312  2.0 8  3.5  92    0    0 275 -296  1
4218500 2850500  2  1  8  -0.3 1018 302  2.0 8  3.5  94    0    0 276 -295  1
4218500 2850500  2  1  9  -0.3 1018 265  2.1 8  3.6  97    0   24 276 -297  1
4218500 2850500  2  1 10   0.2 1018 265  3.3 8  3.7  98    0   54 279 -300  1
4218500 2850500  2  1 11   0.4 1018 231  2.9 8  3.7  96    0   55 282 -305  1
4218500 2850500  2  1 12   1.1 1018 263  2.9 8  3.8  94    0  115 286 -309  1
4218500 2850500  2  1 13   1.0 1018 275  3.8 8  3.8  93    0   80 288 -311  1
4218500 2850500  2  1 14   0.7 1017 271  3.6 8  3.8  95    0   43 288 -313  1
4218500 2850500  2  1 15   1.1 1016 279  3.2 8  3.8  94    0   58 288 -313  1
4218500 2850500  2  1 16   1.0 1016 286  3.2 8  3.7  92    0   22 286 -310  1
4218500 2850500  2  1 17   0.6 1015 272  2.7 8  3.7  92    0    6 284 -306  1
4218500 2850500  2  1 18   0.4 1015 273  2.4 8  3.7  94    0    0 279 -302  1
4218500 2850500  2  1 19   0.3 1015 337  3.2 7  3.7  95    0    0 270 -300  1
4218500 2850500  2  1 20   0.1 1015 325  3.9 6  3.6  93    0    0 259 -298  1
4218500 2850500  2  1 21  -0.4 1015 323  3.3 5  3.3  88    0    0 246 -297  1
4218500 2850500  2  1 22  -1.3 1015 326  3.7 3  3.0  83    0    0 228 -296  1
4218500 2850500  2  1 23  -1.7 1014 298  3.7 3  2.8  82    0    0 216 -296  1
4218500 2850500  2  1 24  -1.5 1014 292  4.3 5  2.9  85    0    0 225 -296  1
4218500 2850500  2  2  1  -1.5 1014 302  4.1 7  3.0  88    0    0 244 -295  1
4218500 2850500  2  2  2  -1.3 1014 302  4.3 7  3.1  91    0    0 254 -295  1
4218500 2850500  2  2  3  -1.0 1014 317  4.5 8  3.2  92    0    0 258 -294  1
4218500 2850500  2  2  4  -0.7 1013 342  4.1 7  3.2  91    0    0 257 -291  1
4218500 2850500  2  2  5  -1.0 1013 334  4.6 7  3.2  89    0    0 252 -290  1
4218500 2850500  2  2  6  -1.6 1013 350  4.3 4  3.0  87    0    0 235 -288  1
4218500 2850500  2  2  7  -2.1 1014 347  3.9 4  2.8  84    0    0 219 -286  1
4218500 2850500  2  2  8  -2.3 1014   2  3.6 5  2.6  82    0    0 220 -284  1
4218500 2850500  2  2  9  -2.3 1014 338  3.0 5  2.6  82   21   22 223 -284  1
4218500 2850500  2  2 10  -2.1 1015   7  3.7 4  2.7  85   84   46 219 -286  1
4218500 2850500  2  2 11  -1.7 1015   0  3.5 5  2.8  84   37  104 220 -288  1
4218500 2850500  2  2 12  -1.4 1015 348  2.8 6  2.7  81   15  124 232 -290  1
4218500 2850500  2  2 13  -1.4 1015 346  2.5 6  2.6  77   53  135 240 -293  1
4218500 2850500  2  2 14  -1.4 1015   1  2.5 7  2.5  74   21  127 247 -294  1
4218500 2850500  2  2 15  -1.1 1014 340  2.1 7  2.4  70   27  102 252 -293  1
4218500 2850500  2  2 16  -1.3 1014 339  2.0 7  2.4  70   15   64 251 -292  1
4218500 2850500  2  2 17  -2.3 1013 326  1.2 6  2.4  73    7   23 243 -290  1
4218500 2850500  2  2 18  -2.4 1013 345  1.6 7  2.4  77    0    0 239 -287  1
4218500 2850500  2  2 19  -2.9 1013 352  1.8 6  2.5  80    0    0 237 -285  1
4218500 2850500  2  2 20  -3.2 1013  31  2.1 6  2.5  82    0    0 230 -285  1
4218500 2850500  2  2 21  -3.3 1012  42  2.2 6  2.4  82    0    0 228 -285  1
4218500 2850500  2  2 22  -4.6 1012  68  2.8 7  2.4  84    0    0 230 -281  1
4218500 2850500  2  2 23  -4.8 1011  60  2.9 7  2.3  85    0    0 232 -278  1
4218500 2850500  2  2 24  -5.9 1011  48  2.3 5  2.1  82    0    0 222 -277  1
4218500 2850500  2  3  1  -5.6 1011  53  2.8 6  2.0  81    0    0 217 -277  1
4218500 2850500  2  3  2  -5.7 1010  69  2.3 7  2.0  81    0    0 225 -276  1
4218500 2850500  2  3  3  -5.7 1010  43  2.0 7  2.0  82    0    0 229 -275  1
4218500 2850500  2  3  4  -6.7 1009  58  2.5 6  2.0  82    0    0 224 -274  1
4218500 2850500  2  3  5  -6.6 1009  44  2.3 5  1.9  83    0    0 215 -273  1
4218500 2850500  2  3  6  -7.8 1009  54  1.8 3  1.8  83    0    0 200 -271  1
4218500 2850500  2  3  7  -8.2 1009  74  2.6 2  1.7  81    0    0 184 -269  1
4218500 2850500  2  3  8  -8.4 1008  66  2.6 3  1.6  80    0    0 183 -268  1
4218500 2850500  2  3  9  -8.3 1008  84  2.4 4  1.7  82   23   36 192 -267  1
4218500 2850500  2  3 10  -6.5 1008  93  2.7 4  1.8  82   66   86 199 -271  1
4218500 2850500  2  3 11  -5.4 1008  98  2.6 6  2.0  80   66  135 213 -278  1
4218500 2850500  2  3 12  -4.8 1008 108  2.7 7  2.1  81   21  153 234 -284  1
4218500 2850500  2  3 13  -4.6 1008 130  3.4 7  2.2  82    1  120 242 -289  1
4218500 2850500  2  3 14  -4.0 1007 102  3.4 7  2.2  80    0   93 245 -291  1
4218500 2850500  2  3 15  -3.9 1006 126  4.0 7  2.3  79    0   83 247 -291  1
4218500 2850500  2  3 16  -3.7 1006 120  4.4 7  2.3  79    0   57 248 -289  1
4218500 2850500  2  3 17  -3.4 1005 103  4.1 7  2.3  79    0    9 249 -285  1
4218500 2850500  2  3 18  -3.3 1005 111  4.5 7  2.3  78    0    0 248 -281  1
4218500 2850500  2  3 19  -3.6 1005 114  4.7 8  2.3  78    0    0 252 -277  1
4218500 2850500  2  3 20  -3.5 1004  97  4.9 8  2.3  78    0    0 256 -273  1
4218500 2850500  2  3 21  -3.5 1004 107  5.3 7  2.3  78    0    0 251 -270  1
4218500 2850500  2  3 22  -3.8 1003 115  5.1 8  2.3  80    0    0 250 -269  1
4218500 2850500  2  3 23  -3.8 1002 106  6.0 8  2.3  80    0    0 254 -268  1
4218500 2850500  2  3 24  -4.0 1002  97  5.5 8  2.3  81    0    0 253 -269  1
4218500 2850500  2  4  1  -4.4 1002  90  5.6 8  2.4  86    0    0 252 -267  1
4218500 2850500  2  4  2  -4.7 1001  83  5.2 8  2.5  91    0    0 251 -263  1
4218500 2850500  2  4  3  -4.7 1001  85  5.3 8  2.5  92    0    0 252 -261  1
4218500 2850500  2  4  4  -4.7 1000  83  6.1 8  2.5  92    0    0 252 -259  1
4218500 2850500  2  4  5  -4.7 1000  71  5.0 8  2.5  91    0    0 251 -259  1
4218500 2850500  2  4  6  -5.0 1001  75  4.9 8  2.4  91    0    0 251 -260  1
4218500 2850500  2  4  7  -5.2 1001  83  5.9 8  2.4  92    0    0 249 -260  1
4218500 2850500  2  4  8  -5.1 1001  84  6.0 8  2.4  90    0    0 248 -260  1
4218500 2850500  2  4  9  -5.4 1002  79  5.1 8  2.3  90    3   24 246 -260  1
4218500 2850500  2  4 10  -5.4 1003  88  6.1 8  2.3  91    4   62 243 -263  1
4218500 2850500  2  4 11  -5.0 1003  77  5.6 8  2.3  88    0   74 244 -268  1
4218500 2850500  2  4 12  -4.7 1004  79  5.5 8  2.2  83    0   90 246 -274  1
4218500 2850500  2  4 13  -4.3 1004  92  5.6 8  2.2  80    0   83 250 -280  1
4218500 2850500  2  4 14  -3.8 1004 105  5.4 8  2.2  78    0   78 254 -284  1
4218500 2850500  2  4 15  -3.6 1003 105  5.4 7  2.3  78    6   99 252 -285  1
4218500 2850500  2  4 16  -3.7 1004  93  5.1 7  2.3  78    3   57 248 -283  1
4218500 2850500  2  4 17  -3.8 1003  83  4.9 8  2.3  80    0    7 255 -279  1
4218500 2850500  2  4 18  -4.5 1004  82  5.4 8  2.3  82    0    0 263 -275  1
4218500 2850500  2  4 19  -4.8 1004  95  5.9 8  2.3  86    0    0 265 -274  1
4218500 2850500  2  4 20  -4.9 1004  95  5.6 8  2.3  87    0    0 267 -275  1
4218500 2850500  2  4 21  -5.1 1003  93  6.2 8  2.3  88    0    0 268 -276  1
4218500 2850500  2  4 22  -5.5 1003  97  6.7 8  2.3  88    0    0 269 -276  1
4218500 2850500  2  4 23  -5.9 1002  97  6.9 8  2.2  88    0    0 270 -276  1
4218500 2850500  2  4 24  -6.0 1000 101  6.5 8  2.2  89    0    0 271 -277  1
4218500 2850500  2  5  1  -6.3 1000 107  6.4 8  2.2  91    0    0 274 -278  1
4218500 2850500  2  5  2  -6.1  998 115  6.7 8  2.2  91    0    0 277 -279  1
4218500 2850500  2  5  3  -6.0  997 113  5.6 8  2.2  92    0    0 280 -280  1
4218500 2850500  2  5  4  -5.8  996 122  5.3 8  2.3  93    0    0 283 -281  1
4218500 2850500  2  5  5  -5.3  994 110  4.0 8  2.4  94    0    0 287 -283  1
4218500 2850500  2  5  6  -4.3  993 118  3.8 8  2.6  94    0    0 292 -285  1
4218500 2850500  2  5  7  -3.5  992 141  2.9 8  2.7  95    0    0 295 -288  1
4218500 2850500  2  5  8  -3.0  991 125  3.4 8  2.9  96    0    0 299 -296  1
4218500 2850500  2  5  9  -2.6  991 121  2.5 8  3.0  97    0   12 300 -306  1
4218500 2850500  2  5 10  -1.9  990 127  2.8 8  3.2  97    0   33 302 -311  1
4218500 2850500  2  5 11  -0.6  989 136  2.2 7  3.5  98    0   58 299 -313  1
4218500 2850500  2  5 12   0.7  989 150  1.4 6  3.8  99   11  135 290 -315  1
4218500 2850500  2  5 13   2.8  988 206  4.3 6  4.3  98   12  144 290 -316  1
4218500 2850500  2  5 14   5.2  989 224  5.0 7  4.9  95    0   79 305 -316  1
4218500 2850500  2  5 15   5.8  989 215  5.2 8  5.3  92    0   58 323 -318  1
4218500 2850500  2  5 16   5.3  990 230  5.8 7  5.3  92    0   45 323 -324  1
4218500 2850500  2  5 17   5.5  991 230  5.4 7  5.3  93    0    7 318 -326  1
4218500 2850500  2  5 18   5.5  992 230  5.5 8  5.3  92    0    0 325 -326  1
4218500 2850500  2  5 19   6.0  993 245  4.9 7  5.3  91    0    0 327 -326  1
4218500 2850500  2  5 20   5.4  994 223  4.0 7  5.3  91    0    0 321 -328  1
4218500 2850500  2  5 21   5.6  994 229  5.0 7  5.2  91    0    0 320 -330  1
4218500 2850500  2  5 22   5.2  994 200  3.9 8  5.3  93    0    0 326 -330  1
4218500 2850500  2  5 23   5.1  995 204  4.2 8  5.4  96    0    0 332 -330  1
4218500 2850500  2  5 24   5.5  995 196  4.2 8  5.3  95    0    0 333 -329  1
4218500 2850500  2  6  1   5.8  995 198  5.5 8  5.4  93    0    0 334 -326  1
4218500 2850500  2  6  2   6.7  994 219  6.6 8  5.6  93    0    0 337 -325  1
4218500 2850500  2  6  3   7.2  994 228  6.6 8  5.8  91    0    0 340 -327  1
4218500 2850500  2  6  4   7.5  995 237  5.9 8  5.9  90    0    0 341 -331  1
4218500 2850500  2  6  5   7.5  996 226  5.2 7  5.8  89    0    0 337 -333  1
4218500 2850500  2  6  6   7.2  996 219  4.7 6  5.8  89    0    0 325 -335  1
4218500 2850500  2  6  7   6.5  997 219  3.9 3  5.7  91    0    0 301 -337  1
4218500 2850500  2  6  8   6.6  998 200  3.9 5  5.7  92    0    0 293 -339  1
4218500 2850500  2  6  9   7.3  999 204  4.6 7  5.9  93    0   16 316 -340  1
4218500 2850500  2  6 10   8.7  999 215  5.4 7  6.3  92    0   49 332 -342  1
4218500 2850500  2  6 11   9.2 1000 205  5.5 7  6.6  91    4  109 336 -344  1
4218500 2850500  2  6 12   9.8 1000 206  5.8 8  6.6  88    1  122 343 -346  1
4218500 2850500  2  6 13  11.3 1000 209  6.6 7  6.6  82   22  180 345 -349  1
4218500 2850500  2  6 14  11.9 1000 215  5.8 6  6.6  76   15  161 333 -352  1
4218500 2850500  2  6 15  11.7 1000 211  5.8 7  6.5  75    0   73 333 -354  1
4218500 2850500  2  6 16  11.6 1000 206  5.6 6  6.6  76    0   58 332 -355  1
4218500 2850500  2  6 17  11.6 1000 186  4.6 7  6.6  76    0   20 330 -354  1
4218500 2850500  2  6 18  11.6 1000 198  5.1 7  6.5  75    0    0 335 -353  1
4218500 2850500  2  6 19  11.6 1000 196  5.7 7  6.4  74    0    0 334 -352  1
4218500 2850500  2  6 20  12.2 1000 204  6.0 7  6.4  73    0    0 334 -352  1
4218500 2850500  2  6 21  11.8 1001 195  5.5 8  6.4  73    0    0 341 -352  1
4218500 2850500  2  6 22  11.7 1000 200  5.3 8  6.4  74    0    0 348 -352  1
4218500 2850500  2  6 23  11.0 1001 189  3.9 8  6.5  77    0    0 348 -351  1
4218500 2850500  2  6 24  11.1 1001 196  4.0 8  6.6  79    0    0 346 -351  1
4218500 2850500  2  7  1  11.0 1001 209  4.4 8  6.5  79    0    0 347 -350  1
4218500 2850500  2  7  2  10.4 1001 204  3.8 8  6.7  82    0    0 347 -350  1
4218500 2850500  2  7  3  10.5 1002 210  3.9 8  6.8  85    0    0 346 -349  1
4218500 2850500  2  7  4  10.1 1002 217  3.8 8  6.9  87    0    0 346 -349  1
4218500 2850500  2  7  5  10.2 1002 190  3.0 8  7.0  90    0    0 346 -348  1
4218500 2850500  2  7  6   9.3 1002 184  4.3 8  7.0  92    0    0 345 -348  1
4218500 2850500  2  7  7   9.3 1002 198  3.9 7  6.9  94    0    0 333 -348  1
4218500 2850500  2  7  8   9.1 1002 187  3.7 8  6.8  93    0    0 333 -347  1
4218500 2850500  2  7  9   9.2 1002 176  3.3 8  6.9  94    6   39 343 -347  1
4218500 2850500  2  7 10   9.0 1001 184  3.6 8  6.7  92    0   54 342 -347  1
4218500 2850500  2  7 11   9.0 1001 177  3.5 7  6.6  91    0   45 331 -347  1
4218500 2850500  2  7 12   9.6 1002 271  2.6 7  6.5  88    0   54 321 -347  1
4218500 2850500  2  7 13   9.4 1002 273  2.0 8  6.5  87    0   58 329 -349  1
4218500 2850500  2  7 14   9.9 1002 283  2.6 8  6.5  86    0   81 335 -352  1
4218500 2850500  2  7 15  10.2 1002 208  2.2 7  6.6  85    1   98 326 -355  1
4218500 2850500  2  7 16  10.5 1001 275  2.0 7  6.6  84   17  104 317 -354  1
4218500 2850500  2  7 17   9.9 1002 275  2.1 7  6.7  85    2   30 314 -350  1
4218500 2850500  2  7 18   9.0 1002 129  1.8 6  6.5  87    0    0 303 -346  1
4218500 2850500  2  7 19   8.9 1002 144  3.3 6  6.4  89    0    0 292 -345  1
4218500 2850500  2  7 20   8.6 1002 147  2.9 6  6.4  91    0    0 291 -346  1
4218500 2850500  2  7 21   8.4 1001 140  2.5 8  6.4  92    0    0 306 -347  1
4218500 2850500  2  7 22   8.9 1001 179  4.0 8  6.4  91    0    0 326 -347  1
4218500 2850500  2  7 23   9.0 1001 168  3.3 8  6.5  90    0    0 326 -345  1
4218500 2850500  2  7 24   9.0 1001 177  3.8 8  6.4  89    0    0 327 -342  1
4218500 2850500  2  8  1   8.8 1001 173  3.7 8  6.3  87    0    0 326 -340  1
4218500 2850500  2  8  2   8.2 1000 132  2.6 8  6.0  86    0    0 323 -338  1
4218500 2850500  2  8  3   8.0  999 126  3.4 8  5.7  84    0    0 320 -337  1
4218500 2850500  2  8  4   7.6  998 135  4.6 7  5.5  83    0    0 310 -336  1
4218500 2850500  2  8  5   7.2  998 128  3.8 7  5.4  83    0    0 300 -337  1
4218500 2850500  2  8  6   7.2  997 160  4.3 8  5.3  82    0    0 306 -337  1
4218500 2850500  2  8  7   7.6  996 167  4.8 7  5.3  82    0    0 304 -337  1
4218500 2850500  2  8  8   8.8  996 189  6.4 7  5.4  79    0    0 298 -337  1
4218500 2850500  2  8  9   9.8  995 189  4.4 8  5.2  70    1   27 307 -336  1
4218500 2850500  2  8 10  10.5  996 208  4.9 8  5.1  65    1   66 315 -338  1
4218500 2850500  2  8 11  11.1  996 191  5.7 8  5.1  62    2  101 319 -343  1
4218500 2850500  2  8 12  12.3  996 200  5.3 7  5.1  58    9  143 316 -349  1
4218500 2850500  2  8 13  12.8  996 199  5.6 7  5.1  56   16  156 311 -354  1
4218500 2850500  2  8 14  13.0  996 190  4.3 8  5.2  55    6  132 321 -357  1
4218500 2850500  2  8 15  12.9  996 190  4.1 7  5.2  55    3  102 321 -358  1
4218500 2850500  2  8 16  12.7  996 180  4.1 7  5.3  57    4   71 315 -357  1
4218500 2850500  2  8 17  12.0  996 169  3.6 7  5.3  58    0   16 312 -355  1
4218500 2850500  2  8 18  11.7  996 160  3.5 7  5.3  60    0    0 309 -350  1
4218500 2850500  2  8 19  10.8  996 176  4.2 7  5.4  64    0    0 305 -346  1
4218500 2850500  2  8 20  10.8  996 174  3.4 7  5.5  67    0    0 303 -344  1
4218500 2850500  2  8 21  10.4  997 166  3.8 6  5.4  67    0    0 296 -342  1
4218500 2850500  2  8 22   9.4  997 177  3.4 5  5.4  70    0    0 281 -342  1
4218500 2850500  2  8 23   8.6  997 169  2.9 4  5.3  74    0    0 268 -342  1
4218500 2850500  2  8 24   7.3  997 167  2.8 2  5.2  77    0    0 248 -343  1
4218500 2850500  2  9  1   6.4  997 192  3.9 4  5.1  81    0    0 243 -342  1
4218500 2850500  2  9  2   7.8  998 192  3.1 5  5.0  78    0    0 262 -342  1
4218500 2850500  2  9  3   7.3  998 196  2.3 7  4.9  75    0    0 282 -342  1
4218500 2850500  2  9  4   7.1  998 194  3.0 8  4.9  77    0    0 302 -342  1
4218500 2850500  2  9  5   6.8  998 176  2.2 8  4.9  78    0    0 308 -341  1
4218500 2850500  2  9  6   7.0  998 194  2.5 7  4.9  77    0    0 302 -341  1
4218500 2850500  2  9  7   6.8  999 215  3.5 7  4.8  77    0    0 298 -340  1
4218500 2850500  2  9  8   6.2 1000 218  3.8 6  4.8  79    0    1 293 -337  1
4218500 2850500  2  9  9   6.8 1001 237  3.4 6  4.9  80    0   27 290 -336  1
4218500 2850500  2  9 10   7.3 1002 230  3.1 6  5.1  80   29   88 294 -339  1
4218500 2850500  2  9 11   8.1 1003 235  3.2 7  5.3  80    2   99 303 -344  1
4218500 2850500  2  9 12   8.5 1003 239  3.2 8  5.4  79    0   66 318 -348  1
4218500 2850500  2  9 13   8.2 1004 294  4.2 6  5.5  80    1  121 314 -352  1
4218500 2850500  2  9 14   8.3 1006 305  3.6 7  5.6  82    0   91 309 -354  1
4218500 2850500  2  9 15   4.5 1005 328  5.0 7  5.3  88    0   49 308 -353  1
4218500 2850500  2  9 16   3.6 1007 337  5.0 7  4.9  95    0   30 300 -351  1
4218500 2850500  2  9 17   3.0 1009 343  4.9 8  4.6  94    0    5 302 -349  1
4218500 2850500  2  9 18   2.5 1011 337  4.8 8  4.4  94    0    0 304 -345  1
4218500 2850500  2  9 19   2.7 1012 328  3.8 8  4.2  92    0    0 303 -343  1
4218500 2850500  2  9 20   2.6 1013 324  3.8 8  4.2  91    0    0 303 -341  1
4218500 2850500  2  9 21   2.5 1015 333  3.4 8  4.1  90    0    0 303 -340  1
4218500 2850500  2  9 22   2.3 1016 352  4.2 8  4.0  90    0    0 304 -339  1
4218500 2850500  2  9 23   1.6 1017 343  3.6 8  3.8  88    0    0 304 -338  1
4218500 2850500  2  9 24   1.6 1018 322  2.9 7  3.5  82    0    0 299 -337  1
4218500 2850500  2 10  1   1.3 1019 335  2.6 7  3.4  81    0    0 294 -337  1
4218500 2850500  2 10  2   0.7 1020 331  2.0 7  3.3  82    0    0 293 -336  1
4218500 2850500  2 10  3   0.3 1021 318  1.5 7  3.2  82    0    0 291 -335  1
4218500 2850500  2 10  4   0.1 1022 328  2.1 6  3.2  83    0    0 284 -335  1
4218500 2850500  2 10  5  -0.4 1022 300  1.1 5  3.1  84    0    0 272 -334  1
4218500 2850500  2 10  6  -1.8 1023 302  1.2 2  3.0  85    0    0 249 -334  1
4218500 2850500  2 10  7  -1.9 1024 314  1.3 5  2.9  89    0    0 246 -334  1
4218500 2850500  2 10  8  -2.1 1026 342  2.2 6  3.0  92    0    1 265 -332  1
4218500 2850500  2 10  9  -1.2 1027 301  0.7 6  3.1  93   13   39 271 -329  1
4218500 2850500  2 10 10   0.2 1028 256  0.9 6  3.3  92   37   97 273 -329  1
4218500 2850500  2 10 11   1.9 1028 339  0.2 6  3.5  88   48  144 277 -330  1
4218500 2850500  2 10 12   3.1 1029 218  1.3 6  3.7  82   69  174 280 -332  1
4218500 2850500  2 10 13   3.8 1030 186  1.8 4  3.6  75  201  143 271 -333  1
4218500 2850500  2 10 14   5.0 1030 202  1.0 4  3.2  63   83  170 260 -331  1
4218500 2850500  2 10 15   5.1 1030 170  1.7 3  3.0  56  103  132 255 -329  1
4218500 2850500  2 10 16   4.3 1030 213  1.9 3  3.0  57   41   92 248 -329  1
4218500 2850500  2 10 17   4.3 1031 119  1.3 2  2.9  58   10   34 243 -328  1
4218500 2850500  2 10 18   3.2 1031 122  1.7 1  2.9  59    0    0 232 -328  1
4218500 2850500  2 10 19   2.5 1031 126  2.3 1  2.8  62    0    0 225 -327  1
4218500 2850500  2 10 20   1.7 1032 141  1.6 1  2.8  65    0    0 224 -326  1
4218500 2850500  2 10 21   1.2 1033 134  1.7 0  2.8  68    0    0 218 -326  1
4218500 2850500  2 10 22   0.4 1032 148  3.2 0  2.8  71    0    0 212 -325  1
4218500 2850500  2 10 23   0.4 1033 133  2.4 0  2.8  72    0    0 210 -323  1
4218500 2850500  2 10 24   0.2 1032 134  2.8 0  2.8  73    0    0 211 -318  1
4218500 2850500  2 11  1  -0.3 1032 146  3.3 2  2.7  74    0    0 221 -315  1
4218500 2850500  2 11  2  -0.8 1033 136  3.1 3  2.7  77    0    0 235 -314  1
4218500 2850500  2 11  3  -0.8 1032 145  2.9 3  2.8  80    0    0 241 -312  1
4218500 2850500  2 11  4  -0.7 1032 159  3.7 6  2.9  81    0    0 258 -311  1
4218500 2850500  2 11  5  -0.8 1031 161  4.0 7  2.9  83    0    0 277 -312  1
4218500 2850500  2 11  6  -0.9 1031 160  4.0 8  3.0  85    0    0 287 -314  1
4218500 2850500  2 11  7  -0.5 1030 160  4.7 7  3.0  86    0    0 290 -315  1
4218500 2850500  2 11  8   0.0 1029 170  4.7 7  3.1  85    0    0 290 -315  1
4218500 2850500  2 11  9   1.0 1029 167  4.1 7  3.3  85    0   19 296 -317  1
4218500 2850500  2 11 10   2.4 1029 177  4.7 7  3.5  82    0   58 302 -321  1
4218500 2850500  2 11 11   4.3 1028 194  5.4 8  3.7  78    0   83 315 -326  1
4218500 2850500  2 11 12   5.2 1028 190  5.0 7  3.9  74    4  116 322 -330  1
4218500 2850500  2 11 13   6.1 1028 199  5.4 8  4.0  72    4  123 326 -333  1
4218500 2850500  2 11 14   7.0 1027 201  5.0 7  4.3  72   72   95 330 -338  1
4218500 2850500  2 11 15   8.2 1027 201  5.1 7  4.4  69   14   97 328 -344  1
4218500 2850500  2 11 16   8.6 1026 206  5.7 7  4.4  65    0   54 331 -349  1
4218500 2850500  2 11 17   8.9 1026 196  5.0 7  4.4  64    0   16 332 -350  1
4218500 2850500  2 11 18   8.6 1025 205  3.9 7  4.4  63    0    0 332 -349  1
4218500 2850500  2 11 19   8.9 1026 204  4.0 7  4.4  64    0    0 331 -349  1
4218500 2850500  2 11 20   8.4 1026 198  3.8 7  4.4  64    0    0 331 -349  1
4218500 2850500  2 11 21   8.6 1026 205  4.8 6  4.3  64    0    0 323 -350  1
4218500 2850500  2 11 22   8.6 1025 220  5.6 5  4.4  65    0    0 311 -350  1
4218500 2850500  2 11 23   8.6 1025 225  5.0 4  4.7  69    0    0 300 -351  1
4218500 2850500  2 11 24   7.8 1025 233  3.7 6  4.9  73    0    0 307 -351  1
4218500 2850500  2 12  1   7.7 1025 220  5.5 7  4.9  76    0    0 320 -351  1
4218500 2850500  2 12  2   8.3 1024 223  5.7 8  5.0  76    0    0 330 -350  1
4218500 2850500  2 12  3   8.6 1024 221  5.6 7  5.0  74    0    0 329 -349  1
4218500 2850500  2 12  4   8.6 1024 216  5.4 8  5.0  73    0    0 328 -348  1
4218500 2850500  2 12  5   8.4 1024 211  6.0 8  5.0  74    0    0 333 -348  1
4218500 2850500  2 12  6   8.0 1023 212  5.0 8  5.1  76    0    0 331 -348  1
4218500 2850500  2 12  7   8.2 1022 211  5.5 7  5.2  79    0    0 323 -347  1
4218500 2850500  2 12  8   8.2 1022 209  5.4 8  5.4  81    0    3 322 -347  1
4218500 2850500  2 12  9   8.4 1021 211  5.1 8  5.6  83    1   35 327 -347  1
4218500 2850500  2 12 10   9.0 1021 208  6.1 7  5.8  83    3   82 321 -350  1
4218500 2850500  2 12 11   9.6 1020 205  5.9 7  5.8  80   11  135 313 -353  1
4218500 2850500  2 12 12  10.2 1020 209  5.9 8  5.8  76    3  138 319 -358  1
4218500 2850500  2 12 13  10.8 1019 213  6.3 8  5.8  74    0  117 326 -362  1
4218500 2850500  2 12 14  11.4 1019 211  5.1 8  6.0  73    0  104 329 -363  1
4218500 2850500  2 12 15  11.4 1018 208  5.7 7  6.0  72    0   97 326 -364  1
4218500 2850500  2 12 16  11.5 1016 205  5.0 8  6.0  71    0   56 329 -363  1
4218500 2850500  2 12 17  11.4 1016 223  6.1 8  6.0  71    0   17 337 -361  1
4218500 2850500  2 12 18  11.1 1015 215  6.0 8  5.9  71    0    0 339 -359  1
4218500 2850500  2 12 19  10.9 1015 226  5.6 8  5.8  71    0    0 341 -357  1
4218500 2850500  2 12 20  10.8 1014 236  4.8 7  5.9  73    0    0 337 -357  1
4218500 2850500  2 12 21  10.5 1015 248  4.2 7  6.0  76    0    0 332 -356  1
4218500 2850500  2 12 22   9.8 1015 325  4.5 7  6.3  82    0    0 332 -352  1
4218500 2850500  2 12 23   8.1 1015 346  2.6 7  6.4  89    0    0 329 -349  1
4218500 2850500  2 12 24   7.5 1015 344  3.4 8  6.1  93    0    0 334 -345  1
4218500 2850500  2 13  1   6.5 1016 356  3.5 7  5.8  93    0    0 332 -343  1
4218500 2850500  2 13  2   6.0 1017 332  3.1 7  5.4  92    0    0 322 -342  1
4218500 2850500  2 13  3   5.7 1018 328  4.2 7  5.3  92    0    0 321 -341  1
4218500 2850500  2 13  4   5.4 1018 332  3.8 7  5.1  92    0    0 320 -340  1
4218500 2850500  2 13  5   5.0 1019 320  4.2 7  4.9  90    0    0 319 -339  1
4218500 2850500  2 13  6   5.0 1019 321  3.2 7  4.8  89    0    0 318 -338  1
4218500 2850500  2 13  7   5.0 1020 327  3.3 7  4.7  87    0    0 316 -337  1
4218500 2850500  2 13  8   4.9 1021 338  4.5 8  4.5  84    0    1 322 -336  1
4218500 2850500  2 13  9   4.8 1022 314  3.8 8  4.5  84    0   32 327 -335  1
4218500 2850500  2 13 10   4.8 1023 326  3.8 8  4.5  86    0   68 327 -334  1
4218500 2850500  2 13 11   5.4 1023 312  4.0 7  4.6  84    0   88 320 -334  1
4218500 2850500  2 13 12   6.0 1023 315  4.1 7  4.5  80    0  125 314 -334  1
4218500 2850500  2 13 13   6.5 1024 314  4.5 7  4.5  77    3  145 313 -335  1
4218500 2850500  2 13 14   6.9 1024 318  4.6 7  4.5  75    5  145 312 -336  1
4218500 2850500  2 13 15   6.7 1024 313  4.8 7  4.5  74    9  133 309 -337  1
4218500 2850500  2 13 16   6.7 1024 319  4.8 6  4.5  74   22  100 301 -337  1
4218500 2850500  2 13 17   6.2 1025 320  4.8 7  4.5  76    3   38 298 -334  1
4218500 2850500  2 13 18   4.8 1025 302  3.6 4  4.3  78    0    0 284 -331  1
4218500 2850500  2 13 19   3.6 1026 300  2.8 2  4.2  83    0    0 254 -326  1
4218500 2850500  2 13 20   3.4 1026 300  2.8 1  4.2  86    0    0 236 -320  1
4218500 2850500  2 13 21   2.8 1026 298  2.5 0  4.1  89    0    0 224 -318  1
4218500 2850500  2 13 22   2.4 1027 295  2.4 0  4.1  91    0    0 217 -316  1
4218500 2850500  2 13 23   2.6 1027 291  2.6 1  4.3  93    0    0 214 -315  1
4218500 2850500  2 13 24   3.1 1027 291  2.9 3  4.5  94    0    0 212 -315  1
4218500 2850500  2 14  1   4.0 1001 290  3.2 5  4.8  94    0    0 313 -315  1
4218500 2850500  2 14  2   4.7 1002 292  3.3 7  5.1  95    0    0 314 -315  1
4218500 2850500  2 14  3   5.3 1003 294  3.1 8  5.4  96    0    0 314 -315  1
4218500 2850500  2 14  4   5.3 1003 290  2.8 8  5.4  97    0    0 315 -315  1
4218500 2850500  2 14  5   5.3 1003 280  2.7 8  5.4  97    0    0 314 -315  1
4218500 2850500  2 14  6   5.3 1004 272  2.4 8  5.5  99    0    0 314 -315  1
4218500 2850500  2 14  7   5.6 1004 251  2.2 8  5.6  99    0    0 315 -315  1
4218500 2850500  2 14  8   5.9 1004 231  2.2 7  5.7  98    0    8 311 -314  1
4218500 2850500  2 14  9   6.1 1004 212  2.2 7  5.7  98   28   46 306 -315  1
4218500 2850500  2 14 10   6.5 1004 219  2.1 6  5.8  96   58  100 300 -315  1
4218500 2850500  2 14 11   7.2 1004 211  2.6 7  5.8  92   20  138 299 -317  1
4218500 2850500  2 14 12   7.5 1005 202  2.9 6  5.6  86   22  167 300 -320  1
4218500 2850500  2 14 13   8.7 1005 138  2.6 6  5.2  78  117  184 297 -325  1
4218500 2850500  2 14 14   8.8 1004 122  3.1 6  5.1  72   39  176 300 -330  1
4218500 2850500  2 14 15   9.0 1003 146  3.5 7  5.1  71   18  134 306 -332  1
4218500 2850500  2 14 16   8.8 1003 129  3.6 7  5.0  70   22   96 311 -330  1
4218500 2850500  2 14 17   8.1 1003 120  3.9 7  5.0  72    0   24 308 -327  1
4218500 2850500  2 14 18   7.7 1002 116  4.0 7  5.1  76    0    0 307 -323  1
4218500 2850500  2 14 19   7.3 1002 120  4.2 8  5.2  80    0    0 312 -319  1
4218500 2850500  2 14 20   7.0 1002 105  4.4 8  5.3  84    0    0 319 -317  1
4218500 2850500  2 14 21   6.9 1002 102  4.2 8  5.4  85    0    0 319 -316  1
4218500 2850500  2 14 22   6.7 1001 108  4.3 8  5.2  84    0    0 320 -316  1
4218500 2850500  2 14 23   6.6 1001 117  4.3 8  5.1  84    0    0 320 -316  1
4218500 2850500  2 14 24   6.0 1001 108  3.8 8  5.2  86    0    0 321 -315  1
4218500 2850500  2 15  1   5.4 1000  88  3.6 8  5.4  93    0    0 321 -315  1
4218500 2850500  2 15  2   5.3 1000  80  3.7 8  5.4  97    0    0 321 -316  1
4218500 2850500  2 15  3   5.1 1000  80  3.5 8  5.4  98    0    0 322 -316  1
4218500 2850500  2 15  4   5.1 1000  73  3.4 8  5.4  98    0    0 321 -316  1
4218500 2850500  2 15  5   4.7 1000  62  3.2 8  5.4  99    0    0 321 -316  1
4218500 2850500  2 15  6   4.7 1001  37  3.3 8  5.3  99    0    0 320 -316  1
4218500 2850500  2 15  7   4.7 1001   4  3.3 8  5.3  98    0    0 319 -316  1
4218500 2850500  2 15  8   4.5 1002  11  4.2 8  5.2  98    1   10 319 -316  1
4218500 2850500  2 15  9   4.1 1004   1  5.2 8  5.1  98    8   48 317 -316  1
4218500 2850500  2 15 10   3.6 1005 350  5.7 7  4.9  96    0   60 310 -317  1
4218500 2850500  2 15 11   4.0 1007 341  6.1 7  4.8  96    0   83 303 -320  1
4218500 2850500  2 15 12   4.3 1008 333  6.3 7  4.9  96    0   68 305 -323  1
4218500 2850500  2 15 13   4.7 1010 340  6.1 8  5.0  95    0   61 311 -325  1
4218500 2850500  2 15 14   5.1 1011 341  6.6 8  5.1  94    0   46 318 -327  1
4218500 2850500  2 15 15   5.0 1012 339  6.3 8  5.0  91    0   46 318 -328  1
4218500 2850500  2 15 16   5.0 1013 334  6.4 8  4.8  88    0   40 318 -328  1
4218500 2850500  2 15 17   4.7 1014 341  5.7 8  4.6  87    0   11 316 -327  1
4218500 2850500  2 15 18   4.0 1016 342  5.5 8  4.5  87    0    0 313 -324  1
4218500 2850500  2 15 19   3.9 1017 343  5.0 7  4.4  87    0    0 305 -322  1
4218500 2850500  2 15 20   3.8 1018   7  5.6 7  4.2  85    0    0 297 -321  1
4218500 2850500  2 15 21   3.7 1019   0  4.2 8  4.2  85    0    0 302 -319  1
4218500 2850500  2 15 22   3.8 1019  17  3.5 8  4.1  83    0    0 306 -318  1
4218500 2850500  2 15 23   3.7 1020  25  4.1 8  4.0  81    0    0 306 -317  1
4218500 2850500  2 15 24   3.7 1021  30  3.5 7  4.0  81    0    0 301 -315  1
4218500 2850500  2 16  1   3.6 1021  17  3.1 8  4.0  81    0    0 301 -315  1
4218500 2850500  2 16  2   3.6 1021  15  2.5 8  4.0  82    0    0 305 -314  1
4218500 2850500  2 16  3   3.6 1022 353  2.3 8  4.0  82    0    0 304 -312  1
4218500 2850500  2 16  4   3.5 1022  38  2.4 8  4.0  83    0    0 302 -310  1
4218500 2850500  2 16  5   3.5 1022  36  2.9 8  4.0  82    0    0 299 -309  1
4218500 2850500  2 16  6   3.3 1022  69  1.9 8  4.0  83    0    0 297 -309  1
4218500 2850500  2 16  7   3.4 1022  70  0.8 8  4.0  84    0    0 296 -308  1
4218500 2850500  2 16  8   3.5 1023   3  0.5 8  4.0  84    0    5 295 -307  1
4218500 2850500  2 16  9   3.7 1024 100  2.5 8  4.1  84    0   34 295 -307  1
4218500 2850500  2 16 10   3.6 1024  95  2.6 8  4.1  85    0   41 294 -309  1
4218500 2850500  2 16 11   3.5 1024 128  2.9 8  4.2  86    0   56 293 -313  1
4218500 2850500  2 16 12   3.9 1024 130  2.9 7  4.1  85    0   62 290 -317  1
4218500 2850500  2 16 13   4.0 1024 117  2.8 8  4.2  83    0   52 290 -322  1
4218500 2850500  2 16 14   3.9 1024 117  3.6 7  4.1  83    0   59 290 -324  1
4218500 2850500  2 16 15   4.3 1024 121  3.4 8  4.1  82    0   54 290 -324  1
4218500 2850500  2 16 16   4.3 1024 130  3.4 8  4.1  80    0   37 290 -324  1
4218500 2850500  2 16 17   4.7 1024 127  3.9 8  4.1  78    0   27 287 -322  1
4218500 2850500  2 16 18   4.7 1024 124  4.7 8  4.1  77    0    0 284 -317  1
4218500 2850500  2 16 19   4.7 1024 130  5.0 8  4.1  78    0    0 281 -314  1
4218500 2850500  2 16 20   4.4 1024 131  4.7 8  4.1  79    0    0 280 -312  1
4218500 2850500  2 16 21   3.9 1024 128  6.3 7  4.1  81    0    0 274 -310  1
4218500 2850500  2 16 22   3.8 1024 129  5.2 8  4.0  82    0    0 273 -309  1
4218500 2850500  2 16 23   3.6 1024 131  5.2 8  4.0  82    0    0 276 -308  1
4218500 2850500  2 16 24   3.5 1024 129  6.0 7  4.0  83    0    0 271 -308  1
4218500 2850500  2 17  1   3.5 1023 128  5.9 8  4.0  83    0    0 270 -307  1
4218500 2850500  2 17  2   3.3 1023 129  6.1 8  4.0  84    0    0 272 -307  1
4218500 2850500  2 17  3   3.3 1022 129  6.1 8  4.0  85    0    0 271 -306  1
4218500 2850500  2 17  4   3.2 1022 129  6.2 8  4.0  84    0    0 271 -305  1
4218500 2850500  2 17  5   3.3 1021 130  6.4 8  4.0  84    0    0 272 -304  1
4218500 2850500  2 17  6   3.4 1021 129  5.7 6  4.1  85    0    0 264 -303  1
4218500 2850500  2 17  7   3.1 1020 130  5.6 5  4.0  85    0    0 253 -302  1
4218500 2850500  2 17  8   2.3 1020 118  6.4 4  3.9  85    6   12 243 -301  1
4218500 2850500  2 17  9   2.4 1020 117  6.3 5  3.7  83   67   53 241 -302  1
4218500 2850500  2 17 10   3.6 1020 119  7.5 5  3.6  76  150   88 246 -306  1
4218500 2850500  2 17 11   4.5 1019 122  6.3 5  3.4  68  199  123 247 -310  1
4218500 2850500  2 17 12   6.3 1019 120  6.4 5  3.2  58  239  146 249 -314  1
4218500 2850500  2 17 13   7.8 1019 120  6.7 4  3.0  48  240  160 248 -320  1
4218500 2850500  2 17 14   8.1 1018 137  6.5 4  2.8  42  206  162 247 -323  1
4218500 2850500  2 17 15   8.7 1017 129  5.7 5  2.6  38  170  137 251 -324  1
4218500 2850500  2 17 16   8.1 1016 129  5.9 6  2.5  37   51  116 259 -323  1
4218500 2850500  2 17 17   7.1 1016 128  4.5 7  2.5  39    1   39 264 -320  1
4218500 2850500  2 17 18   5.7 1016 118  4.1 6  2.6  43    0    0 261 -316  1
4218500 2850500  2 17 19   4.9 1016 120  5.8 6  2.6  47    0    0 255 -314  1
4218500 2850500  2 17 20   3.8 1015 128  6.1 5  2.6  50    0    0 248 -312  1
4218500 2850500  2 17 21   3.3 1014 138  6.2 4  2.7  56    0    0 240 -311  1
4218500 2850500  2 17 22   2.8 1014 148  4.3 4  2.9  62    0    0 236 -310  1
4218500 2850500  2 17 23   2.3 1014 140  4.9 4  3.0  67    0    0 236 -309  1
4218500 2850500  2 17 24   1.9 1013 138  4.4 3  3.1  71    0    0 231 -308  1
4218500 2850500  2 18  1   2.1 1013 141  5.1 2  3.2  74    0    0 225 -307  1
4218500 2850500  2 18  2   1.2 1013 151  3.7 2  3.3  77    0    0 221 -306  1
4218500 2850500  2 18  3   0.7 1012 151  4.0 3  3.3  81    0    0 222 -304  1
4218500 2850500  2 18  4   0.7 1012 159  4.3 3  3.3  82    0    0 226 -302  1
4218500 2850500  2 18  5   0.3 1011 157  3.8 3  3.3  84    0    0 226 -301  1
4218500 2850500  2 18  6   0.1 1011 155  3.6 2  3.3  85    0    0 223 -300  1
4218500 2850500  2 18  7  -0.3 1010 162  3.9 2  3.3  87    0    0 219 -300  1
4218500 2850500  2 18  8   0.7 1010 167  4.2 3  3.3  85   10   12 224 -299  1
4218500 2850500  2 18  9   1.5 1010 170  4.3 5  3.4  82   80   46 236 -301  1
4218500 2850500  2 18 10   3.5 1009 189  4.5 4  3.4  76  190   67 243 -305  1
4218500 2850500  2 18 11   5.5 1009 199  4.8 4  3.5  67  271   85 243 -311  1
4218500 2850500  2 18 12   7.5 1009 209  4.3 3  3.6  59  315   99 246 -316  1
4218500 2850500  2 18 13   9.0 1008 183  4.5 2  3.7  54  324  106 243 -322  1
4218500 2850500  2 18 14   9.3 1009 202  4.4 1  3.8  52  282  113 239 -326  1
4218500 2850500  2 18 15   9.7 1008 194  4.0 1  3.8  52  226  100 236 -327  1
4218500 2850500  2 18 16   9.4 1007 203  4.3 1  3.9  53  110   95 236 -327  1
4218500 2850500  2 18 17   8.4 1007 204  3.4 2  3.9  55   17   51 239 -323  1
4218500 2850500  2 18 18   7.2 1006 211  3.1 2  4.0  60    0    0 240 -317  1
4218500 2850500  2 18 19   5.0 1006 216  3.1 3  4.1  69    0    0 239 -314  1
4218500 2850500  2 18 20   5.5 1006 230  3.4 4  4.2  76    0    0 246 -313  1
4218500 2850500  2 18 21   6.0 1006 268  3.5 6  4.4  76    0    0 259 -311  1
4218500 2850500  2 18 22   5.2 1006 301  4.1 6  4.4  78    0    0 268 -310  1
4218500 2850500  2 18 23   5.3 1007 320  4.6 6  4.5  82    0    0 269 -309  1
4218500 2850500  2 18 24   4.5 1007 313  5.2 6  4.6  85    0    0 271 -308  1
4218500 2850500  2 19  1   4.3 1008 329  3.8 8  4.4  85    0    0 280 -307  1
4218500 2850500  2 19  2   4.2 1008 333  3.7 8  4.3  83    0    0 290 -306  1
4218500 2850500  2 19  3   3.8 1008 284  2.5 8  4.2  82    0    0 292 -304  1
4218500 2850500  2 19  4   3.8 1008 279  2.8 8  4.1  82    0    0 294 -302  1
4218500 2850500  2 19  5   3.6 1008 277  2.9 7  4.1  83    0    0 291 -301  1
4218500 2850500  2 19  6   3.7 1008 299  3.4 7  4.2  85    0    0 289 -300  1
4218500 2850500  2 19  7   3.7 1009 298  3.3 7  4.3  86    0    0 292 -299  1
4218500 2850500  2 19  8   3.7 1009 298  3.3 7  4.3  86    1   12 292 -298  1
4218500 2850500  2 19  9   4.0 1009 287  3.9 6  4.3  86    8   58 287 -299  1
4218500 2850500  2 19 10   4.5 1010 302  3.7 6  4.3  83   33  125 283 -304  1
4218500 2850500  2 19 11   5.2 1010 283  4.0 4  4.1  76   83  178 273 -310  1
4218500 2850500  2 19 12   5.4 1010 298  3.0 4  3.9  71   64  213 263 -315  1
4218500 2850500  2 19 13   5.8 1010 317  3.7 4  3.9  69   51  219 262 -321  1
4218500 2850500  2 19 14   5.9 1009 282  3.0 4  3.8  66   43  205 261 -324  1
4218500 2850500  2 19 15   6.0 1009 242  2.5 5  3.7  64   37  173 265 -324  1
4218500 2850500  2 19 16   5.8 1009 300  2.5 5  3.7  64   23  118 268 -323  1
4218500 2850500  2 19 17   5.5 1009 291  1.9 6  3.7  65    8   52 270 -319  1
4218500 2850500  2 19 18   4.3 1009 279  1.3 5  3.6  67    0    0 267 -315  1
4218500 2850500  2 19 19   3.2 1009 261  1.8 5  3.6  72    0    0 259 -313  1
4218500 2850500  2 19 20   2.2 1009 247  1.1 4  3.5  77    0    0 252 -310  1
4218500 2850500  2 19 21   1.3 1009 196  1.6 3  3.5  81    0    0 240 -309  1
4218500 2850500  2 19 22   1.3 1009 172  1.6 5  3.5  85    0    0 243 -308  1
4218500 2850500  2 19 23   1.5 1008 182  1.6 6  3.6  86    0    0 257 -307  1
4218500 2850500  2 19 24   1.9 1008 189  1.4 6  3.7  86    0    0 260 -306  1
4218500 2850500  2 20  1   2.3 1008 176  1.6 6  3.8  85    0    0 259 -305  1
4218500 2850500  2 20  2   2.3 1008 180  1.2 6  3.8  84    0    0 259 -304  1
4218500 2850500  2 20  3   2.1 1007 118  1.0 7  3.7  84    0    0 261 -303  1
4218500 2850500  2 20  4   2.3 1007 151  1.0 8  3.7  83    0    0 268 -302  1
4218500 2850500  2 20  5   1.8 1006 179  0.8 8  3.7  83    0    0 271 -301  1
4218500 2850500  2 20  6   1.0 1006 208  0.8 6  3.6  85    0    0 262 -301  1
4218500 2850500  2 20  7   0.8 1006 252  0.7 6  3.6  88    0    0 254 -300  1
4218500 2850500  2 20  8   0.9 1006 358  0.8 6  3.6  88    0   11 255 -300  1
4218500 2850500  2 20  9   2.6 1007  27  0.7 7  3.7  85    8   62 263 -302  1
4218500 2850500  2 20 10   4.3 1007 204  0.8 7  3.8  78   16  126 273 -307  1
4218500 2850500  2 20 11   5.3 1007 154  1.4 7  3.7  68   37  191 276 -312  1
4218500 2850500  2 20 12   6.6 1007 218  1.6 6  3.5  60  102  242 275 -319  1
4218500 2850500  2 20 13   6.5 1008 243  1.5 5  3.3  54  147  245 269 -326  1
4218500 2850500  2 20 14   6.7 1007 207  1.7 6  3.2  52   60  233 271 -329  1
4218500 2850500  2 20 15   6.5 1007 199  1.4 7  3.2  52   21  175 282 -331  1
4218500 2850500  2 20 16   6.4 1007 134  1.3 6  3.1  52   22  129 282 -331  1
4218500 2850500  2 20 17   6.0 1007 191  1.6 8  3.1  53    5   53 287 -325  1
4218500 2850500  2 20 18   4.6 1008 158  1.2 7  3.1  56    0    0 289 -318  1
4218500 2850500  2 20 19   3.5 1008 146  1.5 6  3.1  61    0    0 278 -314  1
4218500 2850500  2 20 20   3.0 1009 128  1.6 6  3.1  65    0    0 273 -313  1
4218500 2850500  2 20 21   3.5 1009 127  2.4 6  3.3  68    0    0 273 -311  1
4218500 2850500  2 20 22   3.5 1009 130  2.8 6  3.3  68    0    0 275 -311  1
4218500 2850500  2 20 23   2.5 1009 111  3.0 6  3.3  69    0    0 273 -310  1
4218500 2850500  2 20 24   2.6 1010 112  2.5 6  3.3  72    0    0 270 -309  1
4218500 2850500  2 21  1   2.4 1010 128  2.9 6  3.3  73    0    0 269 -308  1
4218500 2850500  2 21  2   2.0 1010 121  3.5 6  3.3  74    0    0 267 -307  1
4218500 2850500  2 21  3   1.8 1010 128  2.9 5  3.3  76    0    0 263 -306  1
4218500 2850500  2 21  4   2.1 1010 120  3.1 6  3.3  75    0    0 262 -305  1
4218500 2850500  2 21  5   2.1 1010 120  3.1 7  3.3  75    0    0 268 -304  1
4218500 2850500  2 21  6   2.3 1010 109  3.3 7  3.3  74    0    0 273 -303  1
4218500 2850500  2 21  7   2.4 1010 109  4.4 8  3.4  75    0    0 277 -302  1
4218500 2850500  2 21  8   2.6 1010 119  4.6 8  3.4  76    3   14 283 -301  1
4218500 2850500  2 21  9   3.1 1010 120  4.8 7  3.5  75    9   64 281 -302  1
4218500 2850500  2 21 10   4.3 1010 120  5.6 6  3.6  72   40  139 276 -306  1
4218500 2850500  2 21 11   5.7 1010 127  5.7 6  3.7  68   95  197 276 -311  1
4218500 2850500  2 21 12   7.0 1010 123  6.2 6  3.9  66  124  231 281 -317  1
4218500 2850500  2 21 13   7.8 1009 121  6.4 5  4.0  63  169  231 280 -323  1
4218500 2850500  2 21 14   8.6 1009 133  5.9 5  4.2  62  121  229 280 -327  1
4218500 2850500  2 21 15   9.0 1009 123  5.9 5  4.4  62   61  195 284 -329  1
4218500 2850500  2 21 16   8.7 1008 122  6.3 6  4.5  63   18  124 290 -331  1
4218500 2850500  2 21 17   8.2 1007 120  6.1 6  4.4  64    4   52 295 -327  1
4218500 2850500  2 21 18   7.2 1006 130  5.7 5  4.3  65    0    0 290 -322  1
4218500 2850500  2 21 19   6.5 1006 133  6.5 5  4.2  68    0    0 286 -319  1
4218500 2850500  2 21 20   5.8 1006 140  6.3 6  4.1  70    0    0 290 -319  1
4218500 2850500  2 21 21   5.2 1005 133  5.5 7  4.2  74    0    0 298 -320  1
4218500 2850500  2 21 22   4.7 1005 132  5.1 7  4.2  78    0    0 302 -321  1
4218500 2850500  2 21 23   4.3 1005 138  4.8 7  4.2  80    0    0 302 -323  1
4218500 2850500  2 21 24   4.1 1004 140  4.6 8  4.3  84    0    0 308 -325  1
4218500 2850500  2 22  1   3.8 1004 140  2.7 8  4.7  92    0    0 315 -327  1
4218500 2850500  2 22  2   3.8 1004 151  2.8 8  4.9  97    0    0 318 -329  1
4218500 2850500  2 22  3   3.9 1003 172  2.3 8  4.9  97    0    0 318 -329  1
4218500 2850500  2 22  4   4.6 1003 213  3.0 8  5.1  97    0    0 319 -328  1
4218500 2850500  2 22  5   5.9 1003 259  4.4 8  5.5  98    0    0 324 -326  1
4218500 2850500  2 22  6   5.9 1003 248  4.0 8  5.7  98    0    0 327 -325  1
4218500 2850500  2 22  7   6.1 1003 267  4.2 8  5.8  98    0    0 328 -325  1
4218500 2850500  2 22  8   6.3 1004 271  4.1 8  5.8  97    6    9 328 -327  1
4218500 2850500  2 22  9   6.5 1004 280  3.6 6  5.8  97   28   45 315 -328  1
4218500 2850500  2 22 10   6.9 1005 271  4.2 8  5.9  95    0   83 316 -331  1
4218500 2850500  2 22 11   7.4 1005 281  4.1 7  5.9  93    0   93 323 -334  1
4218500 2850500  2 22 12   7.7 1006 273  3.6 8  5.9  90    0   47 323 -337  1
4218500 2850500  2 22 13   8.2 1007 273  3.7 8  5.9  88    0   48 330 -338  1
4218500 2850500  2 22 14   8.0 1008 271  4.2 8  5.8  86    0   53 328 -339  1
4218500 2850500  2 22 15   9.0 1008 274  4.3 5  5.6  80   38  132 314 -339  1
4218500 2850500  2 22 16   8.8 1008 278  3.1 5  5.4  75   36   92 302 -336  1
4218500 2850500  2 22 17   8.5 1008 281  2.1 6  5.1  73    6   45 303 -334  1
4218500 2850500  2 22 18   7.1 1007 295  1.5 6  5.0  76    0    0 303 -331  1
4218500 2850500  2 22 19   4.6 1008  71  3.2 6  5.0  86    0    0 296 -327  1
4218500 2850500  2 22 20   3.3 1009  78  3.1 6  4.7  92    0    0 291 -323  1
4218500 2850500  2 22 21   2.6 1009  89  3.3 8  4.3  92    0    0 296 -318  1
4218500 2850500  2 22 22   1.8 1010  98  3.5 8  4.1  92    0    0 302 -316  1
4218500 2850500  2 22 23   1.5 1010  87  3.6 8  4.0  94    0    0 301 -315  1
4218500 2850500  2 22 24   1.4 1010  99  3.4 8  4.1  96    0    0 298 -315  1
4218500 2850500  2 23  1   1.4 1011  93  4.3 8  4.0  96    0    0 298 -315  1
4218500 2850500  2 23  2   0.5 1011  97  5.2 8  3.8  94    0    0 296 -315  1
4218500 2850500  2 23  3   0.0 1011  98  4.6 8  3.6  93    0    0 295 -314  1
4218500 2850500  2 23  4  -0.7 1011  96  4.2 8  3.5  93    0    0 294 -314  1
4218500 2850500  2 23  5  -1.0 1011  98  4.4 8  3.3  94    0    0 292 -313  1
4218500 2850500  2 23  6  -1.6 1011  97  5.2 8  3.2  94    0    0 292 -313  1
4218500 2850500  2 23  7  -1.9 1011  99  4.9 8  3.1  94    0    0 291 -312  1
4218500 2850500  2 23  8  -2.1 1011  91  5.3 8  3.0  92    0    4 291 -312  1
4218500 2850500  2 23  9  -2.4 1012  99  5.3 7  2.9  90    0   27 285 -311  1
4218500 2850500  2 23 10  -2.3 1012 100  5.4 8  2.9  92    0   60 284 -312  1
4218500 2850500  2 23 11  -2.1 1012 116  6.0 7  2.9  90    0   90 283 -313  1
4218500 2850500  2 23 12  -1.5 1011  98  5.4 8  2.8  86    0  124 284 -314  1
4218500 2850500  2 23 13  -1.3 1011  97  5.1 7  2.8  83    5  140 285 -315  1
4218500 2850500  2 23 14  -0.6 1011  98  5.5 8  2.8  80    0   76 285 -316  1
4218500 2850500  2 23 15  -0.7 1010 106  5.8 8  2.9  79    0   45 294 -317  1
4218500 2850500  2 23 16  -0.8 1010  99  6.5 7  2.8  78    0   45 285 -317  1
4218500 2850500  2 23 17  -1.1 1010  99  6.8 7  2.8  78    0   26 276 -316  1
4218500 2850500  2 23 18  -1.4 1010 101  6.4 8  2.7  79    0    0 283 -315  1
4218500 2850500  2 23 19  -1.6 1010 108  6.7 7  2.7  79    0    0 282 -315  1
4218500 2850500  2 23 20  -1.6 1010 117  6.5 7  2.7  79    0    0 274 -314  1
4218500 2850500  2 23 21  -1.6 1010 117  6.6 8  2.7  80    0    0 283 -314  1
4218500 2850500  2 23 22  -1.8 1010 111  6.5 7  2.7  81    0    0 284 -313  1
4218500 2850500  2 23 23  -1.6 1009 119  6.6 7  2.7  82    0    0 275 -313  1
4218500 2850500  2 23 24  -1.6 1009 113  5.1 7  2.8  82    0    0 276 -312  1
4218500 2850500  2 24  1  -1.5 1009 111  5.5 7  2.8  82    0    0 277 -312  1
4218500 2850500  2 24  2  -1.4 1008 109  6.1 7  2.8  81    0    0 279 -311  1
4218500 2850500  2 24  3  -1.3 1008 116  6.2 8  2.8  81    0    0 287 -311  1
4218500 2850500  2 24  4  -1.4 1007 110  6.3 8  2.8  80    0    0 295 -310  1
4218500 2850500  2 24  5  -1.7 1006 110  5.4 8  2.7  80    0    0 294 -308  1
4218500 2850500  2 24  6  -1.8 1006 109  5.8 7  2.7  80    0    0 284 -307  1
4218500 2850500  2 24  7  -2.0 1006 115  5.8 4  2.6  79    0    0 250 -306  1
4218500 2850500  2 24  8  -1.9 1005 115  5.7 3  2.7  80   14   22 216 -305  1
4218500 2850500  2 24  9  -1.3 1005 118  7.2 4  2.7  79   66   71 222 -306  1
4218500 2850500  2 24 10  -0.2 1004 118  6.5 3  2.7  75  145  117 230 -310  1
4218500 2850500  2 24 11   1.8 1004 121  7.1 4  2.9  71  212  152 235 -313  1
4218500 2850500  2 24 12   3.1 1003 130  6.7 4  3.1  67  272  168 244 -319  1
4218500 2850500  2 24 13   4.8 1003 130  5.5 3  3.3  64  288  175 241 -325  1
4218500 2850500  2 24 14   5.7 1002 120  6.6 2  3.5  63  258  172 229 -328  1
4218500 2850500  2 24 15   6.2 1001 123  7.5 4  3.7  64  191  155 235 -331  1
4218500 2850500  2 24 16   6.1 1000 121  6.8 5  3.9  65   90  124 259 -332  1
4218500 2850500  2 24 17   5.2 1000 126  6.6 7  3.8  66   11   59 281 -329  1
4218500 2850500  2 24 18   4.2 1000 120  5.8 7  3.6  68    0    0 294 -326  1
4218500 2850500  2 24 19   3.7 1000 129  5.6 6  3.7  72    0    0 284 -324  1
4218500 2850500  2 24 20   3.6 1000 130  5.3 6  3.8  76    0    0 277 -324  1
4218500 2850500  2 24 21   3.6 1000 134  5.1 7  3.9  80    0    0 289 -325  1
4218500 2850500  2 24 22   3.7 1000 137  4.9 7  4.1  82    0    0 298 -326  1
4218500 2850500  2 24 23   3.4  999 154  4.6 7  4.0  83    0    0 308 -326  1
4218500 2850500  2 24 24   3.0  999 175  4.2 7  3.9  83    0    0 310 -327  1
4218500 2850500  2 25  1   2.3 1022 202  3.9 6  3.7  83    0    0 285 -312  1
4218500 2850500  2 25  2   1.7 1022 227  3.6 6  3.5  83    0    0 280 -313  1
4218500 2850500  2 25  3   1.3 1022 247  3.5 6  3.4  83    0    0 281 -314  1
4218500 2850500  2 25  4   1.3 1022 251  3.6 6  3.4  83    0    0 282 -314  1
4218500 2850500  2 25  5   1.4 1021 246  3.9 7  3.5  83    0    0 287 -314  1
4218500 2850500  2 25  6   1.4 1021 241  4.3 8  3.5  83    0    0 297 -314  1
4218500 2850500  2 25  7   1.6 1021 243  4.0 8  3.5  84    0    0 303 -315  1
4218500 2850500  2 25  8   2.1 1021 250  4.1 8  3.6  84   11   29 304 -315  1
4218500 2850500  2 25  9   2.3 1021 256  5.1 7  3.8  85   22   85 299 -315  1
4218500 2850500  2 25 10   3.0 1021 255  4.6 7  4.0  88    4  119 296 -315  1
4218500 2850500  2 25 11   3.5 1021 269  4.3 7  4.1  86    0  115 298 -318  1
4218500 2850500  2 25 12   4.0 1021 272  4.6 7  4.1  84    0  116 300 -321  1
4218500 2850500  2 25 13   4.6 1020 263  4.6 7  4.2  82    0  147 303 -325  1
4218500 2850500  2 25 14   5.1 1020 263  5.0 7  4.2  80    1  147 307 -328  1
4218500 2850500  2 25 15   5.4 1019 260  4.6 7  4.2  77    0  123 310 -333  1
4218500 2850500  2 25 16   5.3 1019 237  5.2 7  4.2  75    1   98 311 -337  1
4218500 2850500  2 25 17   4.8 1018 235  5.1 8  4.0  74    1   53 316 -337  1
4218500 2850500  2 25 18   4.6 1018 223  3.5 8  3.9  74    0    0 320 -334  1
4218500 2850500  2 25 19   4.7 1017 231  3.8 8  3.9  74    0    0 321 -331  1
4218500 2850500  2 25 20   4.9 1017 230  4.3 8  4.0  74    0    0 323 -329  1
4218500 2850500  2 25 21   4.9 1016 259  4.6 8  4.0  76    0    0 324 -328  1
4218500 2850500  2 25 22   5.3 1016 250  5.3 8  4.1  75    0    0 326 -327  1
4218500 2850500  2 25 23   5.3 1016 258  5.5 8  4.1  74    0    0 327 -326  1
4218500 2850500  2 25 24   4.9 1015 252  4.8 8  4.2  78    0    0 328 -326  1
4218500 2850500  2 26  1   5.0 1014 252  5.8 7  4.4  82    0    0 324 -325  1
4218500 2850500  2 26  2   5.0 1014 239  5.0 7  4.5  84    0    0 319 -325  1
4218500 2850500  2 26  3   4.7 1013 232  5.6 7  4.6  86    0    0 318 -325  1
4218500 2850500  2 26  4   5.0 1012 239  5.4 8  4.7  88    0    0 323 -325  1
4218500 2850500  2 26  5   5.0 1011 246  5.3 8  4.8  88    0    0 329 -325  1
4218500 2850500  2 26  6   5.2 1011 247  5.7 8  4.8  88    0    0 328 -325  1
4218500 2850500  2 26  7   4.6 1010 246  5.2 8  4.9  91    0    0 327 -325  1
4218500 2850500  2 26  8   4.5 1010 230  5.6 8  5.0  94   16   18 325 -327  1
4218500 2850500  2 26  9   4.8 1009 251  5.9 7  5.1  95   23   68 318 -329  1
4218500 2850500  2 26 10   5.4 1009 257  6.2 8  5.2  94   16  125 320 -333  1
4218500 2850500  2 26 11   6.4 1008 260  5.9 8  5.2  89    9  152 327 -338  1
4218500 2850500  2 26 12   6.9 1008 263  6.4 7  5.1  84    0  140 321 -340  1
4218500 2850500  2 26 13   7.5 1007 274  7.5 6  4.9  77    0   85 309 -339  1
4218500 2850500  2 26 14   7.4 1007 266  7.8 6  4.5  70    0  100 300 -341  1
4218500 2850500  2 26 15   7.1 1006 267  7.1 6  4.3  67    0   86 296 -343  1
4218500 2850500  2 26 16   6.7 1005 262  6.7 7  4.2  67    0   53 301 -341  1
4218500 2850500  2 26 17   6.8 1005 260  7.3 8  4.1  67    0   31 313 -338  1
4218500 2850500  2 26 18   6.0 1004 255  6.1 7  4.1  69    0    1 313 -335  1
4218500 2850500  2 26 19   6.4 1004 251  6.9 8  4.1  70    0    0 314 -332  1
4218500 2850500  2 26 20   5.0 1004 254  6.2 8  4.5  78    0    0 322 -330  1
4218500 2850500  2 26 21   5.0 1003 265  7.2 8  4.9  90    0    0 321 -328  1
4218500 2850500  2 26 22   4.9 1003 270  6.7 8  5.0  92    0    0 322 -327  1
4218500 2850500  2 26 23   4.8 1002 280  7.4 8  5.0  92    0    0 323 -325  1
4218500 2850500  2 26 24   4.7 1002 281  7.5 7  4.9  90    0    0 315 -323  1
4218500 2850500  2 27  1   4.6 1002 281  6.7 7  4.8  89    0    0 306 -322  1
4218500 2850500  2 27  2   4.4 1002 281  5.8 7  4.7  89    0    0 303 -322  1
4218500 2850500  2 27  3   4.4 1002 282  6.6 7  4.7  89    0    0 302 -321  1
4218500 2850500  2 27  4   4.0 1002 283  6.6 7  4.7  90    0    0 302 -321  1
4218500 2850500  2 27  5   3.8 1003 290  6.4 7  4.6  90    0    0 301 -320  1
4218500 2850500  2 27  6   3.7 1003 289  5.9 7  4.5  89    0    0 300 -319  1
4218500 2850500  2 27  7   3.7 1004 281  5.2 7  4.5  89    0    0 299 -318  1
4218500 2850500  2 27  8   3.9 1005 282  5.0 7  4.5  89   25   19 298 -318  1
4218500 2850500  2 27  9   4.4 1006 289  5.8 7  4.5  88   63   58 298 -319  1
4218500 2850500  2 27 10   4.5 1006 281  5.1 7  4.6  88    9  115 300 -322  1
4218500 2850500  2 27 11   4.9 1006 280  5.9 6  4.7  89   17  162 294 -327  1
4218500 2850500  2 27 12   5.5 1007 280  5.8 7  4.7  85   12  179 295 -333  1
4218500 2850500  2 27 13   5.8 1007 281  7.0 7  4.4  78    0  124 303 -338  1
4218500 2850500  2 27 14   6.3 1007 281  6.5 8  4.1  70    2  147 310 -341  1
4218500 2850500  2 27 15   6.8 1007 287  7.0 7  3.8  62   36  175 312 -341  1
4218500 2850500  2 27 16   6.7 1006 279  5.8 6  3.6  59   50  129 299 -340  1
4218500 2850500  2 27 17   6.6 1006 290  4.6 5  3.6  59   49   60 284 -337  1
4218500 2850500  2 27 18   5.9 1007 287  5.1 6  3.6  61    0    2 282 -333  1
4218500 2850500  2 27 19   5.1 1007 277  3.9 5  3.7  66    0    0 279 -329  1
4218500 2850500  2 27 20   4.7 1007 289  4.7 4  4.0  74    0    0 260 -328  1
4218500 2850500  2 27 21   4.2 1008 288  4.2 4  4.4  83    0    0 254 -327  1
4218500 2850500  2 27 22   4.0 1008 279  3.5 5  4.5  88    0    0 265 -326  1
4218500 2850500  2 27 23   3.6 1008 276  3.1 6  4.5  90    0    0 282 -325  1
4218500 2850500  2 27 24   3.6 1008 280  3.7 6  4.5  92    0    0 290 -324  1
4218500 2850500  2 28  1   3.8 1008 292  3.5 6  4.6  92    0    0 291 -322  1
4218500 2850500  2 28  2   3.8 1008 296  3.3 7  4.6  92    0    0 298 -321  1
4218500 2850500  2 28  3   3.9 1009 287  3.1 7  4.5  90    0    0 305 -319  1
4218500 2850500  2 28  4   3.5 1009 323  3.1 7  4.4  89    0    0 305 -317  1
4218500 2850500  2 28  5   3.2 1009 325  2.8 8  4.4  90    0    0 309 -316  1
4218500 2850500  2 28  6   3.1 1009 304  2.5 8  4.4  91    0    0 316 -315  1
4218500 2850500  2 28  7   3.1 1009 291  1.8 8  4.3  91    0    0 315 -315  1
4218500 2850500  2 28  8   3.2 1010 285  1.8 7  4.3  90   15   27 308 -315  1
4218500 2850500  2 28  9   3.4 1010 311  1.2 6  4.4  91   77   94 293 -315  1
4218500 2850500  2 28 10   4.9 1010  56  0.8 4  4.5  88  158  159 275 -318  1
4218500 2850500  2 28 11   6.8 1011 141  2.3 5  4.1  72  161  195 270 -325  1
4218500 2850500  2 28 12   6.4 1011 173  2.2 7  3.6  60   21  214 289 -331  1
4218500 2850500  2 28 13   6.8 1011 174  2.8 8  3.6  59   21  217 308 -335  1
4218500 2850500  2 28 14   6.9 1010 184  2.4 7  3.7  60    2  152 309 -338  1
4218500 2850500  2 28 15   6.8 1010 187  2.9 7  3.7  59    0  108 303 -338  1
4218500 2850500  2 28 16   6.3 1010 176  2.8 7  3.8  63    0   79 302 -335  1
4218500 2850500  2 28 17   6.0 1009 160  3.0 6  4.1  70   13   68 296 -330  1
4218500 2850500  2 28 18   5.6 1009 153  2.6 8  4.4  76    0    2 302 -327  1
4218500 2850500  2 28 19   5.0 1009 143  2.6 8  4.7  84    0    0 312 -324  1
4218500 2850500  2 28 20   4.7 1009 144  2.2 8  5.0  92    0    0 312 -323  1
4218500 2850500  2 28 21   4.7 1009 135  2.5 8  5.1  95    0    0 312 -322  1
4218500 2850500  2 28 22   4.6 1009 144  2.4 8  5.1  96    0    0 313 -322  1
4218500 2850500  2 28 23   4.7 1009 145  2.2 8  5.1  96    0    0 314 -321  1
4218500 2850500  2 28 24   4.6 1008 145  1.7 8  5.1  96    0    0 315 -320  1
4218500 2850500  3  1  1   4.6 1008 126  1.1 8  5.1  97    0    0 313 -318  1
4218500 2850500  3  1  2   4.6 1008 149  1.4 8  5.1  97    0    0 313 -317  1
4218500 2850500  3  1  3   4.5 1008 128  1.2 8  5.1  97    0    0 311 -317  1
4218500 2850500  3  1  4   4.4 1008 131  1.9 8  5.1  97    0    0 308 -318  1
4218500 2850500  3  1  5   4.5 1008 113  1.5 8  5.1  97    0    0 307 -320  1
4218500 2850500  3  1  6   4.3 1008  88  1.6 8  5.1  98    0    0 305 -321  1
4218500 2850500  3  1  7   4.3 1008 106  1.5 8  5.1  98    0    0 304 -323  1
4218500 2850500  3  1  8   4.3 1008 100  2.3 8  5.0  97    0   25 303 -323  1
4218500 2850500  3  1  9   4.6 1008 105  3.0 6  5.1  98    3   90 291 -325  1
4218500 2850500  3  1 10   5.3 1008 101  2.6 7  5.2  97    1  125 286 -330  1
4218500 2850500  3  1 11   6.1 1008 123  3.1 7  5.4  94    1  148 290 -339  1
4218500 2850500  3  1 12   7.6 1008 102  3.7 7  5.5  89   19  231 289 -347  1
4218500 2850500  3  1 13   8.8 1008 117  3.0 7  5.5  81   13  222 290 -354  1
4218500 2850500  3  1 14   9.9 1008 134  3.4 7  5.5  74   13  209 291 -358  1
4218500 2850500  3  1 15   9.8 1008 117  4.1 7  5.5  72    6  164 291 -359  1
4218500 2850500  3  1 16   9.2 1008  98  4.9 7  5.5  74    0   76 290 -357  1
4218500 2850500  3  1 17   8.1 1007 101  4.0 6  5.4  77    0   45 282 -352  1
4218500 2850500  3  1 18   7.1 1006 100  4.8 8  5.3  82    0    3 286 -345  1
4218500 2850500  3  1 19   6.5 1006 101  4.2 7  5.2  85    0    0 290 -338  1
4218500 2850500  3  1 20   6.0 1007 109  4.7 7  5.1  85    0    0 283 -332  1
4218500 2850500  3  1 21   6.0 1006 118  5.1 6  4.9  83    0    0 276 -328  1
4218500 2850500  3  1 22   6.2 1006 124  5.0 7  4.8  82    0    0 277 -325  1
4218500 2850500  3  1 23   6.2 1006 132  4.4 7  4.8  81    0    0 286 -323  1
4218500 2850500  3  1 24   6.2 1006 134  4.1 6  4.9  82    0    0 280 -321  1
4218500 2850500  3  2  1   5.9 1006 139  3.5 6  4.9  84    0    0 273 -319  1
4218500 2850500  3  2  2   5.6 1006 144  3.6 5  5.0  86    0    0 266 -318  1
4218500 2850500  3  2  3   5.0 1006 144  3.5 5  5.0  89    0    0 258 -317  1
4218500 2850500  3  2  4   4.9 1005 156  3.4 5  5.0  91    0    0 257 -317  1
4218500 2850500  3  2  5   5.0 1005 146  3.3 7  5.0  92    0    0 274 -316  1
4218500 2850500  3  2  6   4.8 1004 157  3.3 7  4.9  91    0    0 291 -316  1
4218500 2850500  3  2  7   4.8 1004 164  3.0 8  4.8  89    0    0 301 -316  1
4218500 2850500  3  2  8   4.9 1004 164  2.9 8  4.8  89    0   11 312 -316  1
4218500 2850500  3  2  9   5.5 1004 174  3.1 8  4.9  89    0   51 315 -318  1
4218500 2850500  3  2 10   6.6 1005 185  2.8 7  5.1  86    0   85 309 -325  1
4218500 2850500  3  2 11   7.3 1005 207  3.1 8  5.3  84    0   80 312 -336  1
4218500 2850500  3  2 12   8.1 1006 206  2.9 7  5.5  84    0  153 316 -346  1
4218500 2850500  3  2 13   8.7 1006 204  3.0 8  5.8  84    0  115 320 -355  1
4218500 2850500  3  2 14   9.2 1006 207  2.9 8  6.2  86    0   80 333 -361  1
4218500 2850500  3  2 15   9.4 1006 207  3.4 8  6.5  88    0   66 335 -364  1
4218500 2850500  3  2 16   9.1 1006 209  3.0 7  6.7  91    0   66 325 -364  1
4218500 2850500  3  2 17   9.0 1006 217  3.4 7  6.6  92    0   49 315 -361  1
4218500 2850500  3  2 18   8.8 1007 224  3.0 8  6.6  92    0    4 326 -356  1
4218500 2850500  3  2 19   8.6 1007 260  3.0 8  6.6  94    0    0 335 -351  1
4218500 2850500  3  2 20   7.8 1008 280  4.4 8  6.5  95    0    0 335 -349  1
4218500 2850500  3  2 21   7.5 1007 274  3.8 8  6.2  95    0    0 334 -348  1
4218500 2850500  3  2 22   6.9 1008 279  4.8 8  6.1  95    0    0 334 -348  1
4218500 2850500  3  2 23   5.8 1008 288  4.8 8  5.7  96    0    0 332 -348  1
4218500 2850500  3  2 24   5.3 1009 297  4.0 8  5.4  95    0    0 331 -348  1
4218500 2850500  3  3  1   5.0 1009 323  3.1 8  5.2  94    0    0 330 -349  1
4218500 2850500  3  3  2   4.5 1010 336  2.4 8  5.1  94    0    0 330 -349  1
4218500 2850500  3  3  3   4.3 1010 306  2.7 8  5.0  96    0    0 330 -348  1
4218500 2850500  3  3  4   4.2 1010 281  1.9 8  5.0  96    0    0 330 -348  1
4218500 2850500  3  3  5   4.1 1010 256  1.8 8  5.0  97    0    0 330 -347  1
4218500 2850500  3  3  6   3.9 1010 247  1.7 8  4.9  97    0    0 330 -346  1
4218500 2850500  3  3  7   3.9 1010 240  1.9 7  4.8  96    0    0 324 -346  1
4218500 2850500  3  3  8   4.0 1011 226  2.1 8  4.8  95    0   20 324 -346  1
4218500 2850500  3  3  9   4.0 1011 215  2.5 7  4.9  96    0   62 324 -347  1
4218500 2850500  3  3 10   4.4 1011 207  2.7 7  4.9  95    1  115 319 -351  1
4218500 2850500  3  3 11   5.5 1011 214  2.0 8  4.9  91    1  149 327 -356  1
4218500 2850500  3  3 12   6.3 1010 205  2.5 7  4.8  83    7  205 329 -358  1
4218500 2850500  3  3 13   7.1 1010 197  2.7 7  4.3  70    2  181 323 -361  1
4218500 2850500  3  3 14   7.0 1009 196  2.6 7  3.9  62    0   95 321 -368  1
4218500 2850500  3  3 15   7.3 1009 186  3.3 7  3.8  61    0  111 321 -372  1
4218500 2850500  3  3 16   7.2 1008 173  3.3 7  3.9  61    0   96 321 -371  1
4218500 2850500  3  3 17   7.1 1008 156  3.1 6  4.0  63    1   65 315 -367  1
4218500 2850500  3  3 18   5.8 1007 144  3.2 3  4.0  67    0    9 288 -363  1
4218500 2850500  3  3 19   4.6 1007 144  3.1 1  4.1  74    0    0 255 -360  1
4218500 2850500  3  3 20   3.7 1007 142  3.0 1  4.1  80    0    0 237 -357  1
4218500 2850500  3  3 21   2.5 1006 141  3.0 1  4.0  84    0    0 232 -354  1
4218500 2850500  3  3 22   1.7 1006 145  3.1 1  3.8  86    0    0 227 -352  1
4218500 2850500  3  3 23   1.1 1005 145  3.1 1  3.7  88    0    0 220 -351  1
4218500 2850500  3  3 24   0.4 1005 144  3.0 1  3.6  89    0    0 215 -350  1
4218500 2850500  3  4  1   0.0 1004 135  3.3 1  3.5  90    0    0 214 -351  1
4218500 2850500  3  4  2  -0.5 1004 132  3.1 0  3.4  92    0    0 211 -351  1
4218500 2850500  3  4  3  -1.1 1003 129  3.1 0  3.4  94    0    0 207 -351  1
4218500 2850500  3  4  4  -0.5 1002 133  2.9 1  3.5  96    0    0 218 -349  1
4218500 2850500  3  4  5  -0.2 1001 131  3.2 4  3.6  97    0    0 240 -348  1
4218500 2850500  3  4  6  -0.4 1000 113  2.9 6  3.7  98    0    0 267 -345  1
4218500 2850500  3  4  7   0.3  999 122  3.3 6  3.8  99    0    0 277 -344  1
4218500 2850500  3  4  8   1.2  999 123  3.8 7  4.0  99    4   33 286 -344  1
4218500 2850500  3  4  9   2.3  998 135  3.8 8  4.3  98    1   75 304 -345  1
4218500 2850500  3  4 10   3.5  997 123  3.7 8  4.6  97   17  155 313 -349  1
4218500 2850500  3  4 11   6.6  996 135  5.2 6  5.0  90   62  218 303 -356  1
4218500 2850500  3  4 12   7.3  996 150  6.1 7  5.0  79    0  125 300 -363  1
4218500 2850500  3  4 13   6.9  995 146  5.4 8  4.7  74    0   70 312 -367  1
4218500 2850500  3  4 14   7.6  994 152  5.4 8  4.8  74    0   78 318 -368  1
4218500 2850500  3  4 15   8.3  993 147  5.4 7  4.9  72    1  138 313 -368  1
4218500 2850500  3  4 16   9.4  992 124  5.4 6  4.9  68   18  138 302 -366  1
4218500 2850500  3  4 17   8.9  992 121  4.6 5  4.9  67   23   91 292 -362  1
4218500 2850500  3  4 18   8.0  991 119  4.1 5  4.8  69    0   19 284 -356  1
4218500 2850500  3  4 19   7.1  990 136  3.7 5  4.8  72    0    0 280 -351  1
4218500 2850500  3  4 20   6.6  990 132  4.7 5  4.7  75    0    0 278 -346  1
4218500 2850500  3  4 21   5.9  990 130  4.4 5  4.6  77    0    0 274 -342  1
4218500 2850500  3  4 22   5.2  990 122  3.6 2  4.6  80    0    0 244 -339  1
4218500 2850500  3  4 23   4.2  989  91  3.9 2  4.5  84    0    0 210 -337  1
4218500 2850500  3  4 24   3.6  988  83  4.1 2  4.5  88    0    0 192 -336  1
4218500 2850500  3  5  1   3.4  988  90  4.5 1  4.5  90    0    0 185 -337  1
4218500 2850500  3  5  2   3.3  987  92  4.5 0  4.5  92    0    0 182 -338  1
4218500 2850500  3  5  3   3.3  987  90  4.2 0  4.6  93    0    0 184 -339  1
4218500 2850500  3  5  4   3.2  986  90  4.2 0  4.6  94    0    0 188 -340  1
4218500 2850500  3  5  5   3.2  986  89  4.1 1  4.7  95    0    0 192 -339  1
4218500 2850500  3  5  6   3.3  985  84  4.4 2  4.7  96    0    0 198 -339  1
4218500 2850500  3  5  7   3.8  985  90  4.4 2  4.8  95    0    3 196 -338  1
4218500 2850500  3  5  8   4.2  984  82  4.4 4  4.9  94    3   31 212 -338  1
4218500 2850500  3  5  9   5.3  984  90  4.5 6  5.1  92    1   76 267 -339  1
4218500 2850500  3  5 10   6.6  984  87  4.5 7  5.3  89    0  112 302 -341  1
4218500 2850500  3  5 11   7.8  983  77  4.0 8  5.5  84    0  131 325 -346  1
4218500 2850500  3  5 12   8.9  983  80  3.9 7  5.6  80   20  211 327 -352  1
4218500 2850500  3  5 13  11.4  983  80  4.6 5  5.8  73   72  239 296 -358  1
4218500 2850500  3  5 14  13.0  982  90  4.2 5  5.9  65   80  231 281 -362  1
4218500 2850500  3  5 15  13.8  982  91  5.1 6  5.9  60   72  202 297 -363  1
4218500 2850500  3  5 16  14.1  982 105  4.1 5  5.9  58   51  149 296 -362  1
4218500 2850500  3  5 17  13.5  982 117  3.8 6  5.8  57    4   73 298 -359  1
4218500 2850500  3  5 18  11.7  982  80  4.0 6  5.6  60    0   10 311 -356  1
4218500 2850500  3  5 19  10.4  983  70  4.2 5  5.7  67    0    0 298 -352  1
4218500 2850500  3  5 20   9.8  983  76  4.3 4  5.7  72    0    0 281 -348  1
4218500 2850500  3  5 21   9.1  984  77  4.4 4  5.8  76    0    0 276 -345  1
4218500 2850500  3  5 22   8.8  984  78  4.9 6  5.8  79    0    0 287 -342  1
4218500 2850500  3  5 23   8.5  984  78  4.9 7  5.7  80    0    0 309 -338  1
4218500 2850500  3  5 24   7.8  984  71  4.8 7  5.4  78    0    0 317 -336  1
4218500 2850500  3  6  1   6.1  985  78  5.8 8  5.2  82    0    0 327 -334  1
4218500 2850500  3  6  2   5.2  985  77  5.5 8  5.2  88    0    0 335 -332  1
4218500 2850500  3  6  3   4.4  986  72  5.2 8  5.0  91    0    0 332 -331  1
4218500 2850500  3  6  4   3.7  986  70  5.5 8  4.8  92    0    0 330 -330  1
4218500 2850500  3  6  5   3.7  986  76  5.3 8  4.8  94    0    0 329 -329  1
4218500 2850500  3  6  6   3.8  986  68  4.8 8  4.9  96    0    0 328 -328  1
4218500 2850500  3  6  7   3.9  986  59  4.5 8  4.9  96    0    0 329 -327  1
4218500 2850500  3  6  8   4.1  987  66  4.6 8  5.0  96    0   21 329 -326  1
4218500 2850500  3  6  9   4.2  987  67  3.8 8  5.0  95    0   45 329 -327  1
4218500 2850500  3  6 10   4.3  988  59  3.8 7  5.0  95    0   77 320 -328  1
4218500 2850500  3  6 11   4.4  988  69  3.9 7  5.1  95    0   63 313 -330  1
4218500 2850500  3  6 12   4.8  989  76  3.7 7  5.1  94    0   71 315 -333  1
4218500 2850500  3  6 13   4.9  989  59  3.3 8  5.1  92    0   58 324 -335  1
4218500 2850500  3  6 14   5.0  989  49  3.0 8  5.1  92    0   50 330 -336  1
4218500 2850500  3  6 15   4.6  990  48  2.7 8  5.1  93    0   58 331 -336  1
4218500 2850500  3  6 16   4.6  990  56  2.5 7  5.2  96    0   50 324 -336  1
4218500 2850500  3  6 17   4.6  990  38  2.6 8  5.2  96    0   27 325 -335  1
4218500 2850500  3  6 18   4.7  991  75  2.4 8  5.2  96    0    1 331 -333  1
4218500 2850500  3  6 19   4.7  992  83  1.9 8  5.2  96    0    0 332 -332  1
4218500 2850500  3  6 20   4.7  992  68  1.9 8  5.2  96    0    0 332 -331  1
4218500 2850500  3  6 21   4.7  993   2  0.7 8  5.2  97    0    0 332 -331  1
4218500 2850500  3  6 22   4.6  993 332  1.1 8  5.2  97    0    0 332 -330  1
4218500 2850500  3  6 23   4.6  994 328  2.0 8  5.2  97    0    0 331 -330  1
4218500 2850500  3  6 24   4.5  994 322  1.4 8  5.2  97    0    0 331 -330  1
4218500 2850500  3  7  1   4.4  994 304  1.9 8  5.2  97    0    0 330 -330  1
4218500 2850500  3  7  2   4.2  994 292  2.0 8  5.1  98    0    0 329 -329  1
4218500 2850500  3  7  3   4.2  995 295  2.7 8  5.1  98    0    0 329 -329  1
4218500 2850500  3  7  4   4.1  995 303  3.1 8  5.0  96    0    0 328 -329  1
4218500 2850500  3  7  5   3.9  996 303  3.1 8  5.0  96    0    0 326 -328  1
4218500 2850500  3  7  6   3.9  996 304  3.8 8  4.9  96    0    0 326 -328  1
4218500 2850500  3  7  7   3.7  997 293  3.4 8  4.8  95    0    0 325 -327  1
4218500 2850500  3  7  8   3.5  997 303  3.9 8  4.7  94    0   15 324 -326  1
4218500 2850500  3  7  9   3.6  998 294  3.5 7  4.7  94    0   49 316 -326  1
4218500 2850500  3  7 10   3.4  999 294  5.4 8  4.6  94    0   65 316 -326  1
4218500 2850500  3  7 11   3.2 1000 291  5.2 7  4.6  94    0   74 314 -328  1
4218500 2850500  3  7 12   3.6 1000 294  5.2 7  4.6  93    0   82 308 -330  1
4218500 2850500  3  7 13   3.8 1001 301  4.6 8  4.5  91    0   67 314 -331  1
4218500 2850500  3  7 14   3.9 1001 302  6.0 8  4.5  89    0   55 321 -334  1
4218500 2850500  3  7 15   3.9 1002 293  5.5 7  4.5  88    0   53 317 -335  1
4218500 2850500  3  7 16   3.8 1002 312  5.3 8  4.4  87    0   40 315 -333  1
4218500 2850500  3  7 17   4.1 1003 289  3.9 7  4.3  84    0   52 315 -331  1
4218500 2850500  3  7 18   3.7 1003 297  4.6 8  4.2  82    0   10 315 -329  1
4218500 2850500  3  7 19   3.7 1004 296  4.7 8  4.1  82    0    0 318 -327  1
4218500 2850500  3  7 20   3.8 1005 308  3.3 8  4.1  83    0    0 316 -326  1
4218500 2850500  3  7 21   3.6 1005 279  3.4 8  4.2  83    0    0 314 -325  1
4218500 2850500  3  7 22   3.6 1005 286  3.1 8  4.2  84    0    0 313 -324  1
4218500 2850500  3  7 23   3.7 1006 276  2.7 8  4.2  84    0    0 312 -324  1
4218500 2850500  3  7 24   3.8 1006 263  2.9 7  4.3  86    0    0 306 -324  1
4218500 2850500  3  8  1   3.0 1005 261  3.1 5  4.3  88    0    0 287 -325  1
4218500 2850500  3  8  2   1.9 1005 253  3.0 3  4.1  90    0    0 258 -325  1
4218500 2850500  3  8  3   1.4 1005 234  2.7 3  4.0  93    0    0 245 -324  1
4218500 2850500  3  8  4   0.9 1004 217  2.5 3  3.9  94    0    0 244 -322  1
4218500 2850500  3  8  5   0.7 1004 211  2.5 2  3.7  92    0    0 240 -321  1
4218500 2850500  3  8  6   0.1 1003 199  2.6 4  3.7  93    0    0 247 -322  1
4218500 2850500  3  8  7   0.7 1003 181  2.8 7  3.7  94    0    0 277 -324  1
4218500 2850500  3  8  8   1.2 1002 183  3.1 8  3.8  92    0   10 303 -326  1
4218500 2850500  3  8  9   2.1 1002 181  4.2 7  3.8  89    0   32 306 -329  1
4218500 2850500  3  8 10   3.3 1001 191  4.2 7  4.0  85    0   78 302 -332  1
4218500 2850500  3  8 11   4.8 1000 201  5.2 7  4.1  81    7  190 305 -334  1
4218500 2850500  3  8 12   6.5  999 213  5.1 7  4.3  76   11  223 310 -336  1
4218500 2850500  3  8 13   6.5  999 202  5.7 7  4.7  76    0  162 315 -339  1
4218500 2850500  3  8 14   5.8  999 202  4.9 8  5.2  87    0   94 327 -346  1
4218500 2850500  3  8 15   6.2  998 210  4.4 8  5.6  94    0   62 335 -351  1
4218500 2850500  3  8 16   6.5  997 222  4.2 7  5.7  95    0   62 329 -353  1
4218500 2850500  3  8 17   6.6  997 213  3.9 7  5.9  96    0   61 320 -353  1
4218500 2850500  3  8 18   6.5  997 219  4.2 8  5.9  95    0    7 323 -350  1
4218500 2850500  3  8 19   6.4  997 233  4.4 8  5.8  95    0    0 326 -347  1
4218500 2850500  3  8 20   6.3  997 242  3.4 7  5.8  95    0    0 316 -343  1
4218500 2850500  3  8 21   5.5  997 242  3.0 6  5.6  95    0    0 300 -339  1
4218500 2850500  3  8 22   5.2  997 282  2.9 6  5.4  96    0    0 291 -337  1
4218500 2850500  3  8 23   3.9  996 236  1.4 5  5.1  96    0    0 281 -336  1
4218500 2850500  3  8 24   3.3  996 190  1.7 2  4.8  97    0    0 257 -335  1
4218500 2850500  3  9  1   1.9  996 214  2.1 3  4.5  98    0    0 241 -334  1
4218500 2850500  3  9  2   2.6  995 172  1.9 5  4.5  98    0    0 254 -329  1
4218500 2850500  3  9  3   2.4  995 167  1.8 7  4.6  99    0    0 275 -326  1
4218500 2850500  3  9  4   3.0  995 213  1.8 7  4.6  99    0    0 286 -324  1
4218500 2850500  3  9  5   2.8  994 241  2.2 7  4.7  98    0    0 287 -322  1
4218500 2850500  3  9  6   3.8  995 272  4.2 8  4.7  96    0    0 293 -322  1
4218500 2850500  3  9  7   3.9  995 279  5.2 6  4.6  90    1    7 290 -320  1
4218500 2850500  3  9  8   3.6  996 269  4.6 4  4.3  86   60   40 267 -318  1
4218500 2850500  3  9  9   4.4  997 280  6.8 2  4.1  79  189   60 246 -320  1
4218500 2850500  3  9 10   5.5  998 279  6.6 3  3.9  72  328   65 241 -326  1
4218500 2850500  3  9 11   6.3  999 263  6.9 2  3.7  64  417   70 243 -332  1
4218500 2850500  3  9 12   6.6 1000 261  7.0 5  3.5  57   81  238 256 -338  1
4218500 2850500  3  9 13   6.9 1000 265  6.2 5  3.4  54    5  183 275 -341  1
4218500 2850500  3  9 14   6.5 1000 269  6.8 6  3.4  55    0   90 282 -343  1
4218500 2850500  3  9 15   5.8 1000 291  4.9 7  3.7  63    0   86 288 -343  1
4218500 2850500  3  9 16   5.3 1000 249  4.0 7  4.1  73    3  113 287 -342  1
4218500 2850500  3  9 17   5.9 1000 233  3.9 5  4.2  74   45   90 277 -340  1
4218500 2850500  3  9 18   4.8 1000 251  4.2 5  4.0  72    0   15 267 -334  1
4218500 2850500  3  9 19   4.3 1001 214  3.9 4  4.0  75    0    0 259 -330  1
4218500 2850500  3  9 20   3.9 1001 237  5.0 5  4.1  79    0    0 258 -326  1
4218500 2850500  3  9 21   3.9 1001 236  5.4 6  4.2  83    0    0 268 -325  1
4218500 2850500  3  9 22   3.6 1001 230  5.3 8  4.4  88    0    0 283 -326  1
4218500 2850500  3  9 23   4.0 1001 259  6.1 7  4.6  91    0    0 289 -326  1
4218500 2850500  3  9 24   4.0 1001 258  5.9 8  4.7  91    0    0 291 -325  1
4218500 2850500  3 10  1   4.3 1001 270  5.9 7  4.7  91    0    0 292 -325  1
4218500 2850500  3 10  2   3.8 1001 266  5.1 5  4.6  89    0    0 278 -325  1
4218500 2850500  3 10  3   4.2 1002 269  5.6 5  4.5  88    0    0 270 -325  1
4218500 2850500  3 10  4   4.3 1002 252  5.6 7  4.5  87    0    0 284 -324  1
4218500 2850500  3 10  5   4.5 1002 262  5.3 8  4.6  87    0    0 304 -325  1
4218500 2850500  3 10  6   4.6 1002 259  6.2 7  4.6  86    0    0 307 -325  1
4218500 2850500  3 10  7   4.8 1002 250  5.7 7  4.5  84    0    2 302 -324  1
4218500 2850500  3 10  8   4.9 1002 259  6.4 7  4.5  83    0   33 303 -323  1
4218500 2850500  3 10  9   5.3 1002 259  6.0 6  4.5  81    2   91 299 -325  1
4218500 2850500  3 10 10   5.7 1003 258  6.2 7  4.5  80    2  136 300 -327  1
4218500 2850500  3 10 11   6.4 1003 260  5.2 7  4.6  77    8  187 306 -331  1
4218500 2850500  3 10 12   7.2 1002 261  6.2 6  4.5  73    5  198 300 -335  1
4218500 2850500  3 10 13   8.2 1003 250  7.0 6  4.4  67   10  217 298 -340  1
4218500 2850500  3 10 14   7.6 1002 261  6.1 6  4.3  64   35  253 300 -343  1
4218500 2850500  3 10 15   7.8 1002 244  5.2 6  4.1  63   42  219 299 -342  1
4218500 2850500  3 10 16   7.6 1001 246  4.5 5  4.2  64   57  181 291 -341  1
4218500 2850500  3 10 17   4.2 1000 289  4.9 6  4.4  76   11   96 286 -341  1
4218500 2850500  3 10 18   4.2 1000 209  2.4 8  4.7  90    0   10 300 -340  1
4218500 2850500  3 10 19   3.8 1000 238  1.4 7  4.7  92    0    0 305 -337  1
4218500 2850500  3 10 20   4.3 1000 237  1.1 7  4.7  92    0    0 300 -335  1
4218500 2850500  3 10 21   4.3 1000 190  1.4 8  4.8  92    0    0 308 -334  1
4218500 2850500  3 10 22   4.2  999 184  1.1 8  4.8  92    0    0 316 -333  1
4218500 2850500  3 10 23   3.9  999 223  0.6 8  4.8  93    0    0 316 -333  1
4218500 2850500  3 10 24   4.2 1000 339  2.2 8  4.7  92    0    0 317 -333  1
4218500 2850500  3 11  1   4.0 1000 334  2.2 8  4.7  91    0    0 317 -332  1
4218500 2850500  3 11  2   3.8 1001 341  3.1 8  4.7  92    0    0 316 -330  1
4218500 2850500  3 11  3   3.4 1001 331  3.0 8  4.6  92    0    0 314 -329  1
4218500 2850500  3 11  4   2.0 1002 322  3.1 7  4.4  94    0    0 303 -328  1
4218500 2850500  3 11  5   1.9 1003 313  3.5 6  4.3  96    0    0 289 -327  1
4218500 2850500  3 11  6   1.8 1004 297  3.9 6  4.3  97    0    0 283 -326  1
4218500 2850500  3 11  7   1.9 1004 305  4.3 7  4.3  97    0    2 288 -325  1
4218500 2850500  3 11  8   2.6 1006 314  4.3 8  4.4  98    0   29 298 -323  1
4218500 2850500  3 11  9   3.4 1007 305  4.4 7  4.6  96    3   87 298 -323  1
4218500 2850500  3 11 10   4.2 1008 298  4.7 7  4.7  93    1  122 291 -326  1
4218500 2850500  3 11 11   5.2 1009 297  5.3 7  4.6  86   11  172 291 -330  1
4218500 2850500  3 11 12   5.5 1009 296  5.4 5  4.3  77   26  206 281 -335  1
4218500 2850500  3 11 13   5.4 1010 291  6.3 7  4.1  72    8  188 280 -339  1
4218500 2850500  3 11 14   5.5 1011 273  5.9 6  4.0  71    0  148 286 -340  1
4218500 2850500  3 11 15   6.6 1011 285  4.7 5  3.9  67   64  168 280 -341  1
4218500 2850500  3 11 16   6.6 1011 266  4.5 6  3.9  65   26  134 283 -341  1
4218500 2850500  3 11 17   5.6 1011 286  4.3 6  4.2  71    0   63 288 -341  1
4218500 2850500  3 11 18   5.6 1011 278  4.2 7  4.4  78    0   24 291 -339  1
4218500 2850500  3 11 19   5.7 1011 279  3.6 7  4.4  78    0    0 295 -336  1
4218500 2850500  3 11 20   5.5 1012 282  4.2 6  4.3  75    0    0 295 -334  1
4218500 2850500  3 11 21   5.3 1012 286  4.3 6  4.2  75    0    0 290 -333  1
4218500 2850500  3 11 22   5.0 1013 289  4.4 5  4.1  75    0    0 282 -331  1
4218500 2850500  3 11 23   4.4 1013 258  4.4 5  4.1  77    0    0 273 -330  1
4218500 2850500  3 11 24   3.8 1014 216  4.3 5  4.0  80    0    0 260 -330  1
4218500 2850500  3 12  1   3.3 1021 160  4.1 6  4.0  83    0    0 276 -304  1
4218500 2850500  3 12  2   2.9 1021 116  4.1 7  3.9  84    0    0 277 -303  1
4218500 2850500  3 12  3   2.7 1020  82  4.1 8  3.9  86    0    0 278 -303  1
4218500 2850500  3 12  4   2.6 1020  82  4.3 8  3.9  85    0    0 279 -303  1
4218500 2850500  3 12  5   2.6 1020  81  4.4 8  3.8  85    0    0 280 -302  1
4218500 2850500  3 12  6   2.5 1020  82  4.7 8  3.8  84    0    0 281 -301  1
4218500 2850500  3 12  7   2.4 1019  85  4.8 8  3.7  83    0    1 282 -303  1
4218500 2850500  3 12  8   2.8 1019  86  5.4 8  3.7  82   11   42 282 -303  1
4218500 2850500  3 12  9   3.0 1020  87  4.7 7  3.7  80   22  105 280 -304  1
4218500 2850500  3 12 10   3.2 1020  87  5.5 7  3.7  80   14  155 278 -308  1
4218500 2850500  3 12 11   4.1 1020  88  5.4 7  3.8  78    7  179 279 -314  1
4218500 2850500  3 12 12   4.8 1020  90  4.2 7  3.9  75    1  167 281 -321  1
4218500 2850500  3 12 13   5.4 1019  91  5.3 7  3.9  72    0   98 282 -327  1
4218500 2850500  3 12 14   6.7 1019 116  5.6 7  3.9  67    0  140 286 -333  1
4218500 2850500  3 12 15   6.9 1018  99  5.2 6  3.8  62   15  182 285 -337  1
4218500 2850500  3 12 16   6.9 1018  93  4.4 7  3.7  60    1  111 286 -336  1
4218500 2850500  3 12 17   6.4 1017  92  5.7 7  3.7  61   10   91 287 -330  1
4218500 2850500  3 12 18   5.5 1017  96  5.5 6  3.7  65   11   35 274 -322  1
4218500 2850500  3 12 19   4.8 1017  86  5.0 6  3.8  69    0    0 261 -316  1
4218500 2850500  3 12 20   4.2 1018  89  5.0 4  3.8  73    0    0 250 -313  1
4218500 2850500  3 12 21   3.3 1018  96  4.7 2  3.9  78    0    0 236 -311  1
4218500 2850500  3 12 22   3.0 1018  96  4.2 3  3.8  81    0    0 231 -309  1
4218500 2850500  3 12 23   2.5 1018  99  4.4 2  3.8  82    0    0 230 -308  1
4218500 2850500  3 12 24   1.5 1017  98  4.2 1  3.7  86    0    0 223 -307  1
4218500 2850500  3 13  1   1.5 1018 100  4.6 1  3.7  88    0    0 220 -305  1
4218500 2850500  3 13  2   0.8 1017 101  4.6 1  3.7  90    0    0 221 -304  1
4218500 2850500  3 13  3   1.2 1017 108  4.6 2  3.7  91    0    0 222 -303  1
4218500 2850500  3 13  4   1.0 1017 109  4.7 3  3.7  90    0    0 227 -302  1
4218500 2850500  3 13  5   0.6 1017 109  4.1 2  3.6  90    0    0 228 -301  1
4218500 2850500  3 13  6   0.4 1017  97  5.0 3  3.5  90    0    0 228 -300  1
4218500 2850500  3 13  7   0.1 1017  99  4.7 3  3.5  91    0    6 232 -299  1
4218500 2850500  3 13  8   0.8 1017 105  4.7 2  3.5  91   37   61 230 -300  1
4218500 2850500  3 13  9   2.0 1017  99  5.6 1  3.6  87  123  119 226 -303  1
4218500 2850500  3 13 10   4.5 1017 103  6.0 1  3.8  79  232  156 226 -310  1
4218500 2850500  3 13 11   6.7 1016 116  6.8 2  3.8  68  308  184 235 -318  1
4218500 2850500  3 13 12   8.2 1016 128  8.6 2  3.7  58  348  203 244 -328  1
4218500 2850500  3 13 13   9.2 1015 134  8.5 3  3.5  51  266  248 251 -339  1
4218500 2850500  3 13 14   9.7 1015 131  7.1 4  3.5  48  147  274 261 -348  1
4218500 2850500  3 13 15   9.8 1014 130  7.8 4  3.5  47  115  240 267 -351  1
4218500 2850500  3 13 16   9.4 1014 123  6.0 5  3.5  47   77  181 270 -348  1
4218500 2850500  3 13 17   9.1 1014 130  5.9 6  3.4  47   16  105 278 -341  1
4218500 2850500  3 13 18   8.2 1014 130  5.6 7  3.3  48    0   32 283 -331  1
4218500 2850500  3 13 19   7.4 1014 127  5.1 7  3.3  51    0    0 282 -322  1
4218500 2850500  3 13 20   6.7 1014 126  4.9 7  3.4  54    0    0 280 -318  1
4218500 2850500  3 13 21   6.4 1014 120  5.3 8  3.4  56    0    0 279 -316  1
4218500 2850500  3 13 22   6.3 1014 128  5.1 8  3.4  57    0    0 281 -314  1
4218500 2850500  3 13 23   5.8 1014 129  4.8 8  3.4  58    0    0 281 -313  1
4218500 2850500  3 13 24   5.0 1014 118  4.7 8  3.4  61    0    0 281 -312  1
4218500 2850500  3 14  1   4.4 1014 118  5.1 8  3.4  64    0    0 282 -311  1
4218500 2850500  3 14  2   3.9 1014 121  4.6 8  3.4  67    0    0 284 -310  1
4218500 2850500  3 14  3   3.4 1014 115  6.3 8  3.4  70    0    0 287 -310  1
4218500 2850500  3 14  4   3.2 1013 118  5.2 8  3.4  72    0    0 289 -311  1
4218500 2850500  3 14  5   3.0 1013 125  5.1 8  3.4  73    0    0 291 -311  1
4218500 2850500  3 14  6   2.9 1013 117  5.2 8  3.5  74    0    0 293 -311  1
4218500 2850500  3 14  7   2.6 1013 120  5.5 7  3.5  76    0    8 290 -311  1
4218500 2850500  3 14  8   3.1 1013 132  4.7 6  3.6  77   27   56 283 -313  1
4218500 2850500  3 14  9   4.9 1013 138  5.4 7  3.7  74   30  123 287 -315  1
4218500 2850500  3 14 10   6.5 1013 136  5.7 6  3.9  69  128  183 291 -320  1
4218500 2850500  3 14 11   8.1 1013 151  5.6 7  4.1  64   59  241 296 -328  1
4218500 2850500  3 14 12   9.6 1013 160  5.6 7  4.1  59   25  241 304 -338  1
4218500 2850500  3 14 13  10.1 1013 170  5.5 6  4.3  57   14  233 303 -348  1
4218500 2850500  3 14 14  10.2 1014 168  4.6 7  4.4  57    0  147 304 -355  1
4218500 2850500  3 14 15  11.0 1014 164  5.3 7  4.4  56    7  176 310 -359  1
4218500 2850500  3 14 16  10.9 1014 172  4.3 7  4.5  56    0  111 312 -359  1
4218500 2850500  3 14 17  10.5 1015 160  3.8 7  4.6  58    0   39 312 -356  1
4218500 2850500  3 14 18  10.3 1015 161  4.0 8  4.6  59    0   14 317 -350  1
4218500 2850500  3 14 19   9.4 1015 162  4.8 8  4.8  63    0    0 322 -344  1
4218500 2850500  3 14 20   9.0 1015 171  4.4 7  4.9  68    0    0 315 -339  1
4218500 2850500  3 14 21   8.6 1016 180  3.5 7  5.0  71    0    0 306 -336  1
4218500 2850500  3 14 22   7.8 1016 181  3.4 8  5.3  79    0    0 313 -334  1
4218500 2850500  3 14 23   7.6 1017 203  2.8 8  5.6  85    0    0 321 -332  1
4218500 2850500  3 14 24   7.4 1017 190  3.2 8  5.5  85    0    0 320 -331  1
4218500 2850500  3 15  1   6.7 1018 180  3.4 8  5.4  86    0    0 320 -330  1
4218500 2850500  3 15  2   6.3 1018 180  2.8 8  5.3  88    0    0 320 -330  1
4218500 2850500  3 15  3   5.7 1018 192  2.5 8  5.2  90    0    0 321 -330  1
4218500 2850500  3 15  4   5.4 1018 178  2.3 8  5.3  94    0    0 323 -330  1
4218500 2850500  3 15  5   5.4 1018 176  3.1 8  5.3  96    0    0 324 -331  1
4218500 2850500  3 15  6   5.3 1019 191  2.6 8  5.3  96    0    0 324 -331  1
4218500 2850500  3 15  7   5.2 1019 183  2.5 8  5.3  97    0    6 324 -333  1
4218500 2850500  3 15  8   5.2 1019 191  2.4 8  5.3  98    7   46 324 -335  1
4218500 2850500  3 15  9   6.2 1020 206  2.1 6  5.5  97   83  115 315 -341  1
4218500 2850500  3 15 10   7.6 1020 220  2.6 6  5.7  93   27  174 309 -349  1
4218500 2850500  3 15 11   8.8 1021 196  1.6 6  5.9  88   63  228 312 -358  1
4218500 2850500  3 15 12  10.8 1021 205  2.3 4  6.0  80  452  108 304 -368  1
4218500 2850500  3 15 13  12.3 1021 203  3.5 2  5.9  71  455  120 288 -377  1
4218500 2850500  3 15 14  14.0 1022 236  4.6 2  5.3  56  236  228 279 -383  1
4218500 2850500  3 15 15  13.9 1021 243  4.9 2  4.5  46   76  221 276 -385  1
4218500 2850500  3 15 16  14.2 1021 244  5.1 4  4.1  42   31  163 281 -382  1
4218500 2850500  3 15 17  13.9 1021 207  4.8 4  4.1  42   20  105 288 -375  1
4218500 2850500  3 15 18  12.8 1021 225  5.0 3  4.2  44   18   40 276 -364  1
4218500 2850500  3 15 19  11.0 1021 219  4.4 2  4.3  50    0    1 255 -353  1
4218500 2850500  3 15 20  10.0 1021 208  3.9 2  4.5  58    0    0 243 -345  1
4218500 2850500  3 15 21   9.0 1021 202  4.3 1  4.5  62    0    0 234 -342  1
4218500 2850500  3 15 22   8.3 1021 207  4.4 1  4.6  67    0    0 227 -339  1
4218500 2850500  3 15 23   7.5 1021 199  4.1 1  4.6  70    0    0 225 -337  1
4218500 2850500  3 15 24   7.2 1021 197  3.9 2  4.6  72    0    0 231 -336  1
4218500 2850500  3 16  1   6.9 1021 195  3.9 3  4.6  74    0    0 243 -336  1
4218500 2850500  3 16  2   7.0 1021 193  4.4 4  4.7  76    0    0 256 -336  1
4218500 2850500  3 16  3   7.2 1021 192  4.0 4  4.8  77    0    0 263 -336  1
4218500 2850500  3 16  4   7.1 1020 193  4.9 6  4.8  78    0    0 277 -337  1
4218500 2850500  3 16  5   7.2 1020 202  4.7 6  4.9  78    0    0 293 -337  1
4218500 2850500  3 16  6   7.3 1020 200  4.7 6  5.0  79    0    0 296 -339  1
4218500 2850500  3 16  7   7.7 1020 203  4.9 6  5.0  78    0    3 300 -340  1
4218500 2850500  3 16  8   8.5 1020 205  5.3 6  5.1  77   30   61 304 -343  1
4218500 2850500  3 16  9  10.5 1021 216  6.0 5  5.2  71   88  127 303 -346  1
4218500 2850500  3 16 10  11.4 1021 222  5.9 6  5.2  65   36  192 309 -348  1
4218500 2850500  3 16 11  12.9 1022 248  7.5 6  5.3  60   76  251 319 -353  1
4218500 2850500  3 16 12  13.4 1022 252  6.7 8  5.4  58    0  163 334 -361  1
4218500 2850500  3 16 13  14.0 1022 253  6.9 7  5.6  57   19  247 342 -371  1
4218500 2850500  3 16 14  13.4 1022 246  5.4 7  5.7  59    2  180 337 -380  1
4218500 2850500  3 16 15  13.4 1022 259  7.1 7  5.7  60    0  111 334 -383  1
4218500 2850500  3 16 16  13.2 1022 252  6.8 7  5.6  60    0   79 331 -382  1
4218500 2850500  3 16 17  12.8 1023 247  4.9 7  5.6  60    0   64 328 -377  1
4218500 2850500  3 16 18  12.0 1023 257  4.3 7  5.6  64    0   35 324 -367  1
4218500 2850500  3 16 19  11.8 1022 204  3.2 8  5.7  67    0    2 325 -360  1
4218500 2850500  3 16 20  11.4 1023 214  3.5 7  5.7  68    0    0 322 -355  1
4218500 2850500  3 16 21  10.9 1023 212  3.6 6  5.6  69    0    0 309 -351  1
4218500 2850500  3 16 22  10.9 1023 217  4.0 6  5.5  68    0    0 304 -348  1
4218500 2850500  3 16 23   9.9 1023 219  3.9 5  5.4  69    0    0 298 -346  1
4218500 2850500  3 16 24   9.2 1023 229  4.5 1  5.3  72    0    0 270 -344  1
4218500 2850500  3 17  1   8.4 1023 224  4.2 2  5.4  77    0    0 252 -343  1
4218500 2850500  3 17  2   8.3 1023 223  4.4 3  5.5  81    0    0 263 -343  1
4218500 2850500  3 17  3   8.3 1023 221  4.6 3  5.5  81    0    0 270 -344  1
4218500 2850500  3 17  4   8.3 1022 213  4.8 4  5.5  81    0    0 279 -346  1
4218500 2850500  3 17  5   8.2 1022 203  5.1 5  5.4  80    0    0 291 -347  1
4218500 2850500  3 17  6   8.8 1022 216  5.0 6  5.4  79    0    0 304 -348  1
4218500 2850500  3 17  7   9.2 1022 224  4.9 8  5.5  78    0   10 323 -349  1
4218500 2850500  3 17  8   9.8 1022 217  4.4 8  5.7  77    0   27 336 -351  1
4218500 2850500  3 17  9  10.5 1022 223  4.8 8  5.9  76    0   50 340 -353  1
4218500 2850500  3 17 10  11.7 1023 238  5.5 8  6.2  76    0   91 344 -356  1
4218500 2850500  3 17 11  12.7 1023 247  6.4 8  6.6  75    0  136 349 -357  1
4218500 2850500  3 17 12  13.3 1024 251  6.3 8  6.8  74    0  167 353 -360  1
4218500 2850500  3 17 13  14.0 1024 262  5.9 8  7.0  73    0  146 358 -362  1
4218500 2850500  3 17 14  13.8 1024 267  5.9 8  7.2  74    0  132 360 -365  1
4218500 2850500  3 17 15  13.7 1024 259  6.0 8  7.3  75    0   64 361 -371  1
4218500 2850500  3 17 16  14.0 1024 249  5.0 8  7.4  76    0   56 362 -378  1
4218500 2850500  3 17 17  14.1 1024 252  3.9 8  7.5  76    0   34 363 -379  1
4218500 2850500  3 17 18  13.9 1024 261  3.9 8  7.5  76    0    8 361 -374  1
4218500 2850500  3 17 19  13.7 1024 267  2.8 8  7.5  77    0    1 357 -370  1
4218500 2850500  3 17 20  13.2 1024 232  2.7 7  7.5  78    0    0 348 -366  1
4218500 2850500  3 17 21  11.4 1024 240  3.4 5  7.3  83    0    0 328 -364  1
4218500 2850500  3 17 22  11.2 1024 234  3.4 2  7.2  88    0    0 303 -361  1
4218500 2850500  3 17 23   9.9 1024 237  3.3 2  7.2  91    0    0 288 -357  1
4218500 2850500  3 17 24  10.5 1024 250  3.1 2  7.2  93    0    0 287 -354  1
4218500 2850500  3 18  1  10.0 1024 257  3.6 1  7.2  93    0    0 282 -351  1
4218500 2850500  3 18  2   8.8 1024 240  3.1 1  7.0  96    0    0 275 -348  1
4218500 2850500  3 18  3   9.3 1024 239  3.8 3  6.9  98    0    0 283 -345  1
4218500 2850500  3 18  4   8.4 1023 216  2.8 3  6.9  98    0    0 292 -343  1
4218500 2850500  3 18  5   8.1 1023 214  3.1 2  6.6  98    0    0 285 -341  1
4218500 2850500  3 18  6   7.6 1023 211  2.8 3  6.4  98    0    0 283 -340  1
4218500 2850500  3 18  7   8.1 1023 221  3.1 5  6.4  98    1   11 295 -339  1
4218500 2850500  3 18  8   9.3 1023 220  3.0 4  6.7  97   44   62 301 -339  1
4218500 2850500  3 18  9  11.7 1023 213  3.0 3  7.0  90  145  114 296 -345  1
4218500 2850500  3 18 10  14.1 1024 207  3.3 3  7.1  77  259  141 299 -356  1
4218500 2850500  3 18 11  16.4 1024 209  4.2 2  7.1  66  364  153 301 -369  1
4218500 2850500  3 18 12  18.1 1023 203  3.8 1  7.0  58  422  161 299 -382  1
4218500 2850500  3 18 13  19.2 1023 212  4.6 1  6.6  50  420  174 299 -395  1
4218500 2850500  3 18 14  20.0 1022 198  4.4 0  6.4  45  376  181 299 -403  1
4218500 2850500  3 18 15  20.3 1022 217  5.0 0  6.2  42  300  176 297 -406  1
4218500 2850500  3 18 16  20.1 1021 216  5.2 0  6.1  42  204  152 297 -404  1
4218500 2850500  3 18 17  19.7 1021 221  3.9 0  6.0  42  103  107 296 -395  1
4218500 2850500  3 18 18  18.4 1021 211  3.9 1  5.9  43   21   46 296 -382  1
4218500 2850500  3 18 19  15.8 1021 203  3.3 1  5.7  48    0    3 292 -370  1
4218500 2850500  3 18 20  13.5 1021 203  3.2 0  5.8  56    0    0 283 -362  1
4218500 2850500  3 18 21  12.1 1020 209  3.2 0  6.1  67    0    0 276 -357  1
4218500 2850500  3 18 22  11.2 1020 219  3.4 0  6.2  73    0    0 273 -354  1
4218500 2850500  3 18 23  10.3 1020 219  3.3 0  6.2  77    0    0 271 -352  1
4218500 2850500  3 18 24   9.8 1019 213  3.3 0  6.2  81    0    0 270 -350  1
4218500 2850500  3 19  1   9.8 1019 225  2.9 0  6.1  82    0    0 269 -348  1
4218500 2850500  3 19  2   9.2 1019 231  3.0 0  6.1  83    0    0 268 -346  1
4218500 2850500  3 19  3   8.3 1019 271  2.8 0  6.0  86    0    0 264 -344  1
4218500 2850500  3 19  4   9.1 1019 291  3.1 0  6.0  86    0    0 260 -344  1
4218500 2850500  3 19  5   7.7 1019 310  2.7 0  5.9  87    0    0 256 -344  1
4218500 2850500  3 19  6   7.5 1019 309  2.8 1  5.9  91    0    0 254 -344  1
4218500 2850500  3 19  7   8.2 1019 316  2.6 1  6.0  92    1   14 256 -344  1
4218500 2850500  3 19  8   9.0 1020 316  1.6 2  6.4  92   30   79 259 -345  1
4218500 2850500  3 19  9  11.0 1020 335  2.0 3  6.8  89   87  159 271 -352  1
4218500 2850500  3 19 10  12.4 1021 335  2.0 3  6.8  79  172  227 280 -363  1
4218500 2850500  3 19 11  13.9 1021 318  1.3 3  6.5  69  186  287 285 -375  1
4218500 2850500  3 19 12  15.1 1021  42  1.4 4  6.3  61  179  331 295 -385  1
4218500 2850500  3 19 13  16.1 1020 357  0.8 5  6.1  55  204  335 308 -394  1
4218500 2850500  3 19 14  17.1 1020 198  2.1 5  6.0  51  190  322 317 -401  1
4218500 2850500  3 19 15  17.1 1019 168  1.8 5  6.0  50  102  283 319 -402  1
4218500 2850500  3 19 16  16.6 1018 153  2.1 6  5.7  48   56  209 323 -398  1
4218500 2850500  3 19 17  16.1 1017 141  2.2 7  5.8  51    5  100 331 -391  1
4218500 2850500  3 19 18  14.6 1017  96  2.2 8  6.0  56    2   44 339 -382  1
4218500 2850500  3 19 19  13.7 1016 110  3.0 8  6.0  60    0    2 341 -375  1
4218500 2850500  3 19 20  14.6 1016 130  3.5 8  6.2  62    0    0 342 -371  1
4218500 2850500  3 19 21  13.3 1015 151  2.7 8  6.4  65    0    0 344 -369  1
4218500 2850500  3 19 22  12.6 1015 111  3.5 8  6.3  68    0    0 343 -367  1
4218500 2850500  3 19 23  12.2 1014 130  3.4 8  6.4  71    0    0 343 -365  1
4218500 2850500  3 19 24  11.7 1013 143  3.4 8  6.4  73    0    0 345 -364  1
4218500 2850500  3 20  1  11.6 1012 189  3.1 8  6.4  75    0    0 346 -363  1
4218500 2850500  3 20  2  11.4 1011 221  3.3 7  6.6  78    0    0 341 -362  1
4218500 2850500  3 20  3  10.9 1011 272  3.4 7  6.6  80    0    0 334 -362  1
4218500 2850500  3 20  4  12.9 1011 288  3.9 8  6.9  79    0    0 345 -361  1
4218500 2850500  3 20  5  12.2 1012 276  3.5 8  7.3  80    0    0 356 -360  1
4218500 2850500  3 20  6  11.6 1012 267  4.3 8  7.4  85    0    0 355 -360  1
4218500 2850500  3 20  7  11.7 1012 266  5.1 8  7.1  82    0   11 355 -361  1
4218500 2850500  3 20  8  11.6 1013 272  5.3 7  6.1  71    0   33 346 -362  1
4218500 2850500  3 20  9  11.9 1013 278  6.0 6  5.4  63   11  128 330 -365  1
4218500 2850500  3 20 10  12.3 1014 273  6.3 6  5.3  60   42  208 325 -369  1
4218500 2850500  3 20 11  12.7 1014 261  5.7 7  5.3  58   15  218 331 -373  1
4218500 2850500  3 20 12  14.3 1013 245  7.2 6  5.2  54  189  299 335 -375  1
4218500 2850500  3 20 13  14.8 1013 241  6.9 6  5.1  49   77  305 335 -382  1
4218500 2850500  3 20 14  14.3 1012 254  5.9 6  5.2  51   14  227 336 -390  1
4218500 2850500  3 20 15  14.4 1011 223  5.1 6  5.5  54    0  149 335 -390  1
4218500 2850500  3 20 16  14.4 1010 223  4.4 7  5.7  55    0   77 339 -387  1
4218500 2850500  3 20 17  14.7 1008 212  5.1 7  5.8  56    0   78 341 -382  1
4218500 2850500  3 20 18  14.7 1007 214  6.5 8  5.6  54    0   22 343 -373  1
4218500 2850500  3 20 19  14.5 1006 220  7.1 8  5.5  52    0    1 348 -365  1
4218500 2850500  3 20 20  13.2 1005 221  8.6 8  5.7  57    0    0 346 -361  1
4218500 2850500  3 20 21  11.8 1005 221  6.6 8  6.2  68    0    0 344 -360  1
4218500 2850500  3 20 22  10.4 1005 196  6.1 8  7.0  84    0    0 346 -360  1
4218500 2850500  3 20 23  10.7 1004 202  7.6 8  7.2  90    0    0 347 -358  1
4218500 2850500  3 20 24  11.2 1002 211  7.7 8  7.0  84    0    0 347 -355  1
4218500 2850500  3 21  1  12.1 1001 221  9.1 8  6.5  76    0    0 348 -355  1
4218500 2850500  3 21  2   7.3 1001 282  7.1 8  5.9  78    0    0 341 -353  1
4218500 2850500  3 21  3   7.4 1003 254  6.1 8  5.5  84    0    0 333 -347  1
4218500 2850500  3 21  4   7.8 1003 259  5.8 8  5.3  81    0    0 333 -339  1
4218500 2850500  3 21  5   7.6 1003 260  5.8 8  5.1  78    0    0 332 -333  1
4218500 2850500  3 21  6   7.3 1003 241  5.1 6  5.0  77    0    0 317 -329  1
4218500 2850500  3 21  7   7.5 1004 249  6.4 5  5.0  77    2   14 298 -329  1
4218500 2850500  3 21  8   8.1 1004 253  6.9 5  4.8  73   70   73 289 -331  1
4218500 2850500  3 21  9   9.5 1004 240  7.8 4  4.7  67  186  117 283 -333  1
4218500 2850500  3 21 10   9.4 1004 250  8.3 5  4.7  63   38  201 282 -337  1
4218500 2850500  3 21 11   8.9 1004 233  6.6 7  4.7  65    0  122 297 -345  1
4218500 2850500  3 21 12  10.1 1003 218  6.0 8  5.1  68    0  146 317 -354  1
4218500 2850500  3 21 13   8.9 1002 237  6.8 7  5.6  75    0  147 318 -354  1
4218500 2850500  3 21 14   8.5 1001 211  5.6 8  6.3  89    0   98 318 -351  1
4218500 2850500  3 21 15   9.5 1000 225  7.9 8  6.7  93    0   72 330 -353  1
4218500 2850500  3 21 16  11.4  999 240  7.1 6  7.0  88   12  155 326 -352  1
4218500 2850500  3 21 17  12.8  998 232  5.9 5  7.1  80   29  120 315 -350  1
4218500 2850500  3 21 18  12.6  997 209  6.6 7  7.1  76    0   33 324 -350  1
4218500 2850500  3 21 19  13.0  995 221  8.1 7  7.3  77    0    1 339 -350  1
4218500 2850500  3 21 20  12.1  994 218  9.3 8  7.8  84    0    0 349 -352  1
4218500 2850500  3 21 21  12.1  992 217 10.0 8  8.3  93    0    0 359 -354  1
4218500 2850500  3 21 22  12.8  991 221 10.8 8  8.4  91    0    0 362 -356  1
4218500 2850500  3 21 23  12.6  990 220 10.7 7  8.1  87    0    0 358 -359  1
4218500 2850500  3 21 24  13.7  989 227  9.3 6  7.8  81    0    0 344 -359  1
4218500 2850500  3 22  1  12.1  988 268 10.4 7  7.7  81    0    0 341 -355  1
4218500 2850500  3 22  2   9.6  988 271 11.4 8  7.0  84    0    0 345 -351  1
4218500 2850500  3 22  3  10.0  990 260 10.1 8  5.6  72    0    0 343 -348  1
4218500 2850500  3 22  4  10.0  990 262  9.3 8  5.0  64    0    0 340 -346  1
4218500 2850500  3 22  5  10.1  990 263 10.5 7  5.1  64    0    0 333 -345  1
4218500 2850500  3 22  6   9.9  990 264 10.1 6  4.7  60    0    0 318 -341  1
4218500 2850500  3 22  7   9.7  991 251  9.8 6  4.4  57   15   12 309 -337  1
4218500 2850500  3 22  8   9.8  991 264 10.3 5  4.2  55   94   47 302 -336  1
4218500 2850500  3 22  9   9.9  991 274  9.7 5  4.1  53  125  104 295 -339  1
4218500 2850500  3 22 10   9.9  992 269  8.9 5  4.0  52   85  186 292 -342  1
4218500 2850500  3 22 11  11.2  992 261 11.6 4  4.0  50  206  201 287 -344  1
4218500 2850500  3 22 12  11.3  993 248 11.7 2  4.0  48  214  231 276 -349  1
4218500 2850500  3 22 13  11.6  993 262 13.4 4  3.8  45  171  253 281 -355  1
4218500 2850500  3 22 14  12.0  993 263 12.0 3  3.6  41  182  235 286 -356  1
4218500 2850500  3 22 15  12.2  994 260 10.7 5  3.6  40  151  202 289 -355  1
4218500 2850500  3 22 16  12.2  994 256  9.5 5  3.6  40   75  164 295 -353  1
4218500 2850500  3 22 17  12.1  994 264  9.2 3  3.6  40   57  109 284 -351  1
4218500 2850500  3 22 18  10.9  994 260  8.5 2  3.7  43   35   46 268 -348  1
4218500 2850500  3 22 19  10.2  995 252  6.9 2  3.7  46    0    8 259 -343  1
4218500 2850500  3 22 20   9.7  995 248  9.0 4  3.8  50    0    0 266 -340  1
4218500 2850500  3 22 21   8.4  996 241  6.8 5  4.1  57    0    0 277 -340  1
4218500 2850500  3 22 22   7.9  996 251  8.5 5  4.3  63    0    0 280 -340  1
4218500 2850500  3 22 23   6.8  997 246  6.9 5  4.3  67    0    0 278 -339  1
4218500 2850500  3 22 24   7.0  997 247  5.8 6  4.4  70    0    0 281 -338  1
4218500 2850500  3 23  1   6.6  998 251  5.6 4  4.5  72    0    0 277 -337  1
4218500 2850500  3 23  2   6.2  998 224  5.7 3  4.5  75    0    0 260 -336  1
4218500 2850500  3 23  3   6.1  998 228  5.4 5  4.7  78    0    0 265 -334  1
4218500 2850500  3 23  4   6.0  998 211  4.9 6  4.8  80    0    0 283 -332  1
4218500 2850500  3 23  5   5.8  998 210  4.8 6  4.8  81    0    0 291 -332  1
4218500 2850500  3 23  6   5.7  998 221  4.4 6  4.9  84    0    0 294 -333  1
4218500 2850500  3 23  7   6.5  998 228  5.8 5  4.9  82    0    5 292 -334  1
4218500 2850500  3 23  8   7.3  998 230  6.1 4  4.8  76   75   58 285 -335  1
4218500 2850500  3 23  9   7.9  998 229  7.4 5  4.6  69  158   98 286 -338  1
4218500 2850500  3 23 10   7.6  999 239  7.1 7  4.5  68    5  162 301 -342  1
4218500 2850500  3 23 11   6.1  999 275  7.4 8  4.7  76    0  101 314 -350  1
4218500 2850500  3 23 12   8.4 1000 231  5.5 5  5.3  82  176  259 308 -355  1
4218500 2850500  3 23 13   9.8 1000 253  6.7 3  5.2  72  180  268 294 -357  1
4218500 2850500  3 23 14  11.4  999 231  7.0 5  4.6  57   53  250 295 -359  1
4218500 2850500  3 23 15   9.9  999 277  6.0 5  4.4  55    5  170 297 -359  1
4218500 2850500  3 23 16   8.5  999 263  6.0 7  5.0  68    0   98 298 -359  1
4218500 2850500  3 23 17   8.2 1000 258  6.1 6  5.4  77   10  106 295 -358  1
4218500 2850500  3 23 18   7.5 1001 272  4.7 7  5.1  77    8   51 291 -350  1
4218500 2850500  3 23 19   6.7 1002 244  4.2 6  5.0  79    0    1 287 -343  1
4218500 2850500  3 23 20   5.7 1002 248  4.5 5  4.9  82    0    0 276 -340  1
4218500 2850500  3 23 21   5.1 1002 237  4.1 4  4.9  88    0    0 266 -338  1
4218500 2850500  3 23 22   5.3 1003 256  4.5 3  4.9  88    0    0 256 -337  1
4218500 2850500  3 23 23   4.6 1004 248  4.1 2  4.7  86    0    0 246 -336  1
4218500 2850500  3 23 24   3.9 1004 242  3.4 0  4.6  89    0    0 228 -334  1
4218500 2850500  3 24  1   3.4 1005 246  3.3 0  4.6  92    0    0 210 -333  1
4218500 2850500  3 24  2   2.8 1005 243  2.7 0  4.5  94    0    0 205 -332  1
4218500 2850500  3 24  3   2.4 1005 262  3.1 0  4.3  94    0    0 206 -331  1
4218500 2850500  3 24  4   1.9 1006 209  2.7 0  4.2  94    0    0 205 -332  1
4218500 2850500  3 24  5   1.1 1006 200  2.6 0  4.1  96    0    0 200 -332  1
4218500 2850500  3 24  6   0.8 1007 212  2.1 1  4.0  97    0    0 202 -332  1
4218500 2850500  3 24  7   0.6 1007 216  2.2 1  3.9  98   15   16 205 -331  1
4218500 2850500  3 24  8   2.2 1007 231  2.1 1  4.1  98  118   59 205 -332  1
4218500 2850500  3 24  9   5.5 1007 286  2.1 2  4.6  91  255   79 219 -337  1
4218500 2850500  3 24 10   7.2 1007 246  2.1 3  4.7  79  360   99 242 -346  1
4218500 2850500  3 24 11   7.6 1008 206  2.8 4  4.5  70  259  206 259 -356  1
4218500 2850500  3 24 12   8.3 1008 271  1.9 5  4.2  63  129  277 275 -361  1
4218500 2850500  3 24 13   9.1 1009 261  2.5 5  4.1  58  140  284 290 -358  1
4218500 2850500  3 24 14  10.4 1009 249  2.8 4  3.9  52  178  264 292 -363  1
4218500 2850500  3 24 15  10.3 1008 260  1.0 5  3.6  46  120  231 290 -369  1
4218500 2850500  3 24 16   9.9 1008 315  1.6 6  3.4  44   43  177 292 -367  1
4218500 2850500  3 24 17   9.6 1008  58  0.6 7  3.3  44    3   94 293 -362  1
4218500 2850500  3 24 18   9.0 1008  41  1.5 6  3.4  47    1   40 288 -354  1
4218500 2850500  3 24 19   8.7 1008  35  2.4 8  3.6  51    0    4 288 -345  1
4218500 2850500  3 24 20   7.7 1008   6  3.4 8  3.8  56    0    0 293 -337  1
4218500 2850500  3 24 21   7.5 1008  18  3.5 8  4.0  61    0    0 294 -333  1
4218500 2850500  3 24 22   6.9 1008  27  4.2 8  4.1  65    0    0 296 -329  1
4218500 2850500  3 24 23   6.4 1008  28  4.1 8  4.3  70    0    0 297 -326  1
4218500 2850500  3 24 24   6.0 1008  37  4.6 7  4.2  71    0    0 292 -324  1
4218500 2850500  3 25  1   5.6 1008  34  4.4 8  4.1  72    0    0 292 -322  1
4218500 2850500  3 25  2   5.4 1008  28  3.7 8  4.1  73    0    0 296 -321  1
4218500 2850500  3 25  3   4.8 1007  22  3.7 8  4.1  75    0    0 297 -320  1
4218500 2850500  3 25  4   3.4 1007  19  3.6 7  4.1  79    0    0 292 -320  1
4218500 2850500  3 25  5   4.2 1007  13  4.1 7  4.0  80    0    0 289 -319  1
4218500 2850500  3 25  6   3.6 1007  12  4.2 7  4.0  79    0    0 291 -320  1
4218500 2850500  3 25  7   3.4 1007  18  4.1 7  4.0  81    0    5 291 -321  1
4218500 2850500  3 25  8   4.4 1007   1  4.4 7  4.0  80    0   37 293 -324  1
4218500 2850500  3 25  9   5.7 1007   7  4.7 7  4.2  76    2  119 295 -330  1
4218500 2850500  3 25 10   6.9 1007   8  4.8 7  4.2  71   32  224 298 -337  1
4218500 2850500  3 25 11   8.0 1007  20  6.0 7  4.2  64   34  264 301 -346  1
4218500 2850500  3 25 12   8.7 1008  10  5.9 7  4.1  60   47  305 304 -351  1
4218500 2850500  3 25 13   9.1 1008  19  6.6 7  4.1  58   58  323 306 -353  1
4218500 2850500  3 25 14   9.0 1008   6  6.5 8  4.0  56   32  280 313 -354  1
4218500 2850500  3 25 15   8.8 1007  10  7.5 8  3.9  55   14  218 318 -354  1
4218500 2850500  3 25 16   8.4 1007  18  8.1 7  3.9  56   26  195 313 -351  1
4218500 2850500  3 25 17   7.1 1006  13  8.2 7  3.8  58   17  133 306 -346  1
4218500 2850500  3 25 18   5.6 1007  11  7.6 6  3.8  63    4   59 298 -342  1
4218500 2850500  3 25 19   4.3 1007   2  7.3 7  3.7  69    0    6 292 -338  1
4218500 2850500  3 25 20   3.2 1008   2  7.1 7  3.8  75    0    0 292 -335  1
4218500 2850500  3 25 21   3.1 1008   1  7.8 7  3.8  79    0    0 291 -332  1
4218500 2850500  3 25 22   3.1 1008   3  7.0 7  3.8  80    0    0 291 -331  1
4218500 2850500  3 25 23   3.0 1008   2  6.8 7  3.8  80    0    0 290 -330  1
4218500 2850500  3 25 24   2.8 1008   2  6.3 7  3.8  81    0    0 290 -329  1
4218500 2850500  3 26  1   2.6 1008  10  6.1 7  3.8  82    0    0 290 -329  1
4218500 2850500  3 26  2   2.6 1008   8  5.9 8  3.7  80    0    0 295 -329  1
4218500 2850500  3 26  3   2.3 1008  15  6.0 8  3.5  77    0    0 302 -328  1
4218500 2850500  3 26  4   2.0 1008   0  5.1 8  3.4  77    0    0 303 -327  1
4218500 2850500  3 26  5   1.8 1008   8  5.6 8  3.4  79    0    0 305 -327  1
4218500 2850500  3 26  6   1.4 1008 360  6.3 8  3.4  80    0    0 306 -326  1
4218500 2850500  3 26  7   1.5 1008   8  5.5 8  3.3  79    1   17 307 -326  1
4218500 2850500  3 26  8   1.6 1008 359  6.3 7  3.3  77    2   71 302 -326  1
4218500 2850500  3 26  9   1.8 1009   0  5.7 8  3.3  77    0  107 302 -327  1
4218500 2850500  3 26 10   2.3 1009 353  6.0 8  3.2  73    0  128 309 -329  1
4218500 2850500  3 26 11   2.6 1009 356  5.8 8  3.1  68    0  130 309 -331  1
4218500 2850500  3 26 12   3.2 1010 341  6.0 7  3.0  64    0  167 305 -333  1
4218500 2850500  3 26 13   3.6 1010 349  5.1 7  3.0  61    2  206 301 -335  1
4218500 2850500  3 26 14   3.8 1010 349  5.3 7  3.0  61    0  124 301 -336  1
4218500 2850500  3 26 15   3.6 1010 341  5.3 7  3.0  62    0  102 302 -337  1
4218500 2850500  3 26 16   3.3 1010 335  5.3 7  3.1  63    0   83 299 -338  1
4218500 2850500  3 26 17   2.6 1010 340  5.3 7  3.2  68    0   63 297 -337  1
4218500 2850500  3 26 18   2.4 1010 333  5.4 8  3.3  72    0   31 300 -335  1
4218500 2850500  3 26 19   2.4 1011 351  4.2 8  3.2  72    0    4 304 -333  1
4218500 2850500  3 26 20   2.4 1011 337  4.0 7  3.1  70    0    0 297 -331  1
4218500 2850500  3 26 21   2.1 1012 336  4.0 7  3.2  71    0    0 290 -330  1
4218500 2850500  3 26 22   1.6 1012 323  3.8 7  3.1  72    0    0 289 -329  1
4218500 2850500  3 26 23   1.2 1012 331  3.8 7  3.0  71    0    0 287 -328  1
4218500 2850500  3 26 24   1.0 1012 322  3.7 6  2.9  70    0    0 280 -327  1
4218500 2850500  3 27  1   0.3 1012 314  3.8 6  2.9  72    0    0 275 -326  1
4218500 2850500  3 27  2   0.1 1012 314  3.9 6  3.0  77    0    0 274 -324  1
4218500 2850500  3 27  3  -0.2 1012 312  3.7 6  3.0  80    0    0 275 -322  1
4218500 2850500  3 27  4  -0.4 1012 311  3.8 6  3.1  83    0    0 275 -320  1
4218500 2850500  3 27  5  -0.9 1011 320  3.7 6  3.1  84    0    0 274 -318  1
4218500 2850500  3 27  6  -0.9 1011 321  3.6 7  3.1  86    0    0 277 -316  1
4218500 2850500  3 27  7  -0.9 1011 321  3.5 7  3.1  88   17   17 281 -316  1
4218500 2850500  3 27  8  -0.1 1011 322  3.5 6  3.2  88   72   66 278 -316  1
4218500 2850500  3 27  9   0.8 1012 337  4.4 7  3.3  84   86  137 280 -318  1
4218500 2850500  3 27 10   0.8 1012 332  3.9 7  3.4  85   56  200 286 -321  1
4218500 2850500  3 27 11   1.9 1012 327  3.9 7  3.5  85   14  211 288 -325  1
4218500 2850500  3 27 12   2.5 1012 328  4.4 7  3.4  77    0  183 291 -330  1
4218500 2850500  3 27 13   2.8 1012 327  4.0 7  3.3  71    0  150 292 -336  1
4218500 2850500  3 27 14   2.9 1012 336  3.9 7  3.2  69    0  120 292 -340  1
4218500 2850500  3 27 15   2.9 1012 344  3.0 7  3.2  68    0   84 291 -344  1
4218500 2850500  3 27 16   2.0 1012 342  3.2 5  3.2  71    4  142 280 -345  1
4218500 2850500  3 27 17   1.7 1012 322  2.9 6  3.4  79   34  119 273 -343  1
4218500 2850500  3 27 18   2.0 1012 348  3.4 6  3.7  85   20   58 278 -338  1
4218500 2850500  3 27 19   0.9 1012 347  3.1 5  3.6  85    1   10 272 -331  1
4218500 2850500  3 27 20   0.4 1012 357  2.6 2  3.3  84    0    0 250 -326  1
4218500 2850500  3 27 21   0.1 1012 351  2.2 2  3.3  85    0    0 235 -322  1
4218500 2850500  3 27 22   0.3 1013  18  2.3 4  3.4  88    0    0 244 -318  1
4218500 2850500  3 27 23   0.1 1013  15  2.1 4  3.3  85    0    0 253 -316  1
4218500 2850500  3 27 24  -0.2 1013  11  1.5 2  3.1  82    0    0 242 -315  1
4218500 2850500  3 28  1  -1.6 1013 347  1.0 2  3.0  85    0    0 232 -314  1
4218500 2850500  3 28  2  -2.0 1013 300  1.5 1  2.9  88    0    0 225 -311  1
4218500 2850500  3 28  3  -2.8 1013 312  1.7 0  2.9  90    0    0 216 -309  1
4218500 2850500  3 28  4  -3.5 1013 297  1.3 0  2.9  95    0    0 210 -308  1
4218500 2850500  3 28  5  -3.8 1012 280  1.2 0  2.8  97    0    0 207 -308  1
4218500 2850500  3 28  6  -3.9 1012 292  2.4 0  2.8  98    0    0 207 -307  1
4218500 2850500  3 28  7  -3.2 1013 280  2.1 1  2.8  97   24   19 212 -307  1
4218500 2850500  3 28  8  -0.3 1013 286  2.0 0  3.1  93  151   53 216 -309  1
4218500 2850500  3 28  9   1.6 1013 273  2.3 0  3.4  85  320   52 218 -313  1
4218500 2850500  3 28 10   2.8 1013 276  2.8 3  3.3  74  324  115 237 -319  1
4218500 2850500  3 28 11   3.3 1013 267  2.3 5  3.1  65  147  240 263 -329  1
4218500 2850500  3 28 12   4.4 1013 272  2.0 4  3.0  60  407  173 271 -339  1
4218500 2850500  3 28 13   5.6 1012 280  2.0 2  2.9  54  529  116 261 -349  1
4218500 2850500  3 28 14   6.2 1012 241  3.3 2  2.8  49  412  136 254 -354  1
4218500 2850500  3 28 15   5.6 1011 260  3.2 4  2.7  47  197  217 263 -356  1
4218500 2850500  3 28 16   5.8 1011 265  3.6 4  2.6  46   88  177 271 -355  1
4218500 2850500  3 28 17   5.8 1011 348  3.5 4  2.6  45   71  119 270 -352  1
4218500 2850500  3 28 18   4.9 1010 278  2.9 5  2.5  45   37   57 272 -347  1
4218500 2850500  3 28 19   3.8 1010 270  2.6 6  2.5  48    2   11 279 -343  1
4218500 2850500  3 28 20   2.3 1010 278  2.7 5  2.6  54    0    0 276 -339  1
4218500 2850500  3 28 21   1.7 1011 255  2.9 5  2.7  60    0    0 269 -338  1
4218500 2850500  3 28 22   1.2 1011 241  2.6 6  2.7  65    0    0 273 -336  1
4218500 2850500  3 28 23   0.6 1011 229  2.8 6  2.8  68    0    0 277 -336  1
4218500 2850500  3 28 24   0.2 1011 228  2.5 6  2.8  71    0    0 277 -336  1
4218500 2850500  3 29  1   0.8 1011 226  2.6 5  2.8  71    0    0 272 -336  1
4218500 2850500  3 29  2   0.9 1011 233  2.9 6  2.8  69    0    0 273 -335  1
4218500 2850500  3 29  3   1.1 1011 236  2.7 7  2.8  68    0    0 285 -336  1
4218500 2850500  3 29  4   1.7 1011 239  2.2 6  2.8  68    0    0 286 -336  1
4218500 2850500  3 29  5   1.9 1011 243  2.7 8  2.9  67    0    0 293 -337  1
4218500 2850500  3 29  6   2.3 1011 231  3.2 8  3.0  67    0    0 305 -338  1
4218500 2850500  3 29  7   2.3 1011 234  3.3 8  3.0  67    0   14 307 -338  1
4218500 2850500  3 29  8   3.1 1011 246  2.7 8  3.1  68    1   64 308 -341  1
4218500 2850500  3 29  9   4.1 1011 246  2.9 8  3.3  68    0  100 311 -347  1
4218500 2850500  3 29 10   4.6 1012 272  4.0 8  3.5  67    0  122 314 -354  1
4218500 2850500  3 29 11   5.2 1012 258  3.8 8  3.6  67    0  117 316 -358  1
4218500 2850500  3 29 12   6.2 1012 269  4.0 8  3.9  68    0  147 318 -365  1
4218500 2850500  3 29 13   7.2 1012 250  3.7 7  4.1  67    2  207 315 -371  1
4218500 2850500  3 29 14   7.9 1013 268  4.4 7  4.3  67    1  193 313 -372  1
4218500 2850500  3 29 15   7.6 1013 256  3.9 8  4.6  70    0  118 320 -370  1
4218500 2850500  3 29 16   7.6 1013 271  3.2 8  4.8  74    0   93 324 -366  1
4218500 2850500  3 29 17   7.6 1013 265  3.0 8  4.9  76    0   92 322 -363  1
4218500 2850500  3 29 18   7.4 1013 269  2.3 7  5.0  77    1   52 316 -360  1
4218500 2850500  3 29 19   7.3 1013 280  2.1 8  5.0  78    0    6 314 -356  1
4218500 2850500  3 29 20   7.1 1014 266  1.5 8  5.0  79    0    0 315 -352  1
4218500 2850500  3 29 21   6.9 1014 273  1.5 7  4.9  80    0    0 310 -349  1
4218500 2850500  3 29 22   6.2 1015 196  1.8 7  4.9  81    0    0 303 -348  1
4218500 2850500  3 29 23   6.2 1015 211  2.4 7  4.9  83    0    0 302 -347  1
4218500 2850500  3 29 24   5.5 1015 232  2.1 7  4.9  85    0    0 302 -344  1
4218500 2850500  3 30  1   5.4 1015 239  1.8 7  4.7  85    0    0 302 -344  1
4218500 2850500  3 30  2   5.4 1015 207  2.4 7  4.8  87    0    0 303 -342  1
4218500 2850500  3 30  3   5.3 1015 271  2.3 8  4.9  88    0    0 308 -341  1
4218500 2850500  3 30  4   5.4 1015 246  2.2 7  4.7  85    0    0 308 -341  1
4218500 2850500  3 30  5   5.2 1015 215  2.6 7  4.6  84    0    0 305 -341  1
4218500 2850500  3 30  6   5.2 1015 209  2.7 8  4.5  81    0    0 308 -341  1
4218500 2850500  3 30  7   5.4 1015 204  2.4 8  4.3  77    5   18 312 -340  1
4218500 2850500  3 30  8   6.0 1015 257  2.0 7  4.3  75   13   78 308 -343  1
4218500 2850500  3 30  9   7.1 1016 251  2.4 7  4.3  71   18  143 305 -351  1
4218500 2850500  3 30 10   8.8 1016 261  2.6 7  4.3  66   69  214 308 -362  1
4218500 2850500  3 30 11  10.8 1016 291  3.3 4  4.4  59  268  221 302 -371  1
4218500 2850500  3 30 12  12.0 1017 331  3.6 2  4.5  54  418  192 288 -376  1
4218500 2850500  3 30 13  11.3 1017 297  4.3 2  4.5  53  131  296 281 -378  1
4218500 2850500  3 30 14  11.8 1017 299  4.7 2  4.2  50  114  276 280 -378  1
4218500 2850500  3 30 15  12.5 1017 289  3.6 5  4.1  47   31  220 294 -376  1
4218500 2850500  3 30 16  11.9 1017 271  2.8 4  4.1  46   53  185 303 -372  1
4218500 2850500  3 30 17  11.8 1017 283  2.7 5  4.0  47   19  122 301 -369  1
4218500 2850500  3 30 18  11.4 1017 291  2.0 4  3.9  47   17   61 300 -365  1
4218500 2850500  3 30 19   9.4 1016 278  1.9 3  3.9  50    1   11 288 -358  1
4218500 2850500  3 30 20   7.8 1017 284  1.8 4  4.0  57    0    0 282 -351  1
4218500 2850500  3 30 21   7.4 1017 255  1.6 6  4.1  63    0    0 290 -348  1
4218500 2850500  3 30 22   6.2 1018 209  1.9 4  4.1  66    0    0 285 -346  1
4218500 2850500  3 30 23   5.1 1018 292  1.5 3  4.0  72    0    0 271 -344  1
4218500 2850500  3 30 24   4.4 1018 238  1.3 1  4.1  77    0    0 259 -342  1
4218500 2850500  3 31  1   3.3 1019 170  1.2 1  3.9  79    0    0 249 -339  1
4218500 2850500  3 31  2   2.6 1019 222  1.2 0  3.9  84    0    0 243 -336  1
4218500 2850500  3 31  3   2.2 1019  57  1.7 0  4.1  90    0    0 237 -335  1
4218500 2850500  3 31  4   3.3 1019  89  1.8 1  4.1  90    0    0 241 -333  1
4218500 2850500  3 31  5   2.1 1019  76  1.6 1  4.0  88    0    0 244 -331  1
4218500 2850500  3 31  6   1.6 1019 104  1.7 0  3.9  91    0    0 237 -329  1
4218500 2850500  3 31  7   1.9 1019  84  1.9 1  4.0  93   22   24 236 -328  1
4218500 2850500  3 31  8   5.5 1019  93  1.5 1  4.4  90  123   80 244 -331  1
4218500 2850500  3 31  9   9.0 1019  72  2.0 1  4.8  76  255  111 253 -339  1
4218500 2850500  3 31 10  11.7 1019  93  3.1 0  4.7  60  384  131 255 -351  1
4218500 2850500  3 31 11  12.8 1021 102  3.9 0  4.5  51  472  148 255 -361  1
4218500 2850500  3 31 12  13.8 1020 124  4.0 1  4.3  45  524  158 261 -370  1
4218500 2850500  3 31 13  14.5 1020 144  4.3 1  3.9  39  509  175 268 -376  1
4218500 2850500  3 31 14  15.1 1019 130  4.2 1  3.8  37  167  274 270 -378  1
4218500 2850500  3 31 15  15.1 1018 122  4.4 1  4.0  38  384  169 272 -378  1
4218500 2850500  3 31 16  14.8 1018 133  4.9 1  3.9  37  287  146 272 -377  1
4218500 2850500  3 31 17  14.5 1017 127  4.7 1  3.9  38  172  112 271 -371  1
4218500 2850500  3 31 18  13.3 1017 119  4.2 1  4.0  40   59   65 269 -363  1
4218500 2850500  3 31 19  11.7 1017 107  3.3 1  3.9  44    2   12 265 -355  1
4218500 2850500  3 31 20  10.8 1017  98  3.5 0  3.9  47    0    0 257 -349  1
4218500 2850500  3 31 21  10.0 1016 106  3.6 0  3.8  49    0    0 251 -345  1
4218500 2850500  3 31 22   9.5 1016 107  4.3 0  3.9  52    0    0 250 -342  1
4218500 2850500  3 31 23   8.7 1016  97  3.9 1  3.9  55    0    0 252 -341  1
4218500 2850500  3 31 24   7.7 1016 115  3.9 0  4.0  59    0    0 250 -339  1
4218500 2850500  4  1  1   6.5 1016 116  3.5 0  3.9  63    0    0 245 -337  1
4218500 2850500  4  1  2   5.3 1016 103  3.1 0  4.0  69    0    0 242 -335  1
4218500 2850500  4  1  3   4.1 1015 103  3.2 0  4.0  75    0    0 239 -333  1
4218500 2850500  4  1  4   3.5 1015 100  3.3 0  4.0  80    0    0 236 -331  1
4218500 2850500  4  1  5   3.4 1015  98  3.3 0  4.0  82    0    0 235 -329  1
4218500 2850500  4  1  6   2.4 1015  95  4.0 0  3.9  84    0    0 234 -327  1
4218500 2850500  4  1  7   4.2 1015 104  3.5 0  4.0  83   29   24 235 -327  1
4218500 2850500  4  1  8   7.1 1015 104  4.2 0  4.1  72  158   70 240 -331  1
4218500 2850500  4  1  9   9.9 1015 115  5.1 0  4.0  58  299   90 247 -340  1
4218500 2850500  4  1 10  11.7 1015 113  4.4 0  3.9  49  428  102 255 -348  1
4218500 2850500  4  1 11  12.8 1015 116  5.1 0  3.9  44  519  114 260 -358  1
4218500 2850500  4  1 12  13.6 1014  99  5.5 0  3.9  41  578  118 265 -368  1
4218500 2850500  4  1 13  14.2 1014  97  5.3 0  3.9  40  581  122 269 -372  1
4218500 2850500  4  1 14  15.1 1013 107  5.5 0  4.0  39  533  129 274 -369  1
4218500 2850500  4  1 15  15.6 1012 107  5.7 0  4.0  37  448  128 279 -368  1
4218500 2850500  4  1 16  15.8 1012 114  5.4 0  4.0  36  334  116 280 -368  1
4218500 2850500  4  1 17  14.8 1011 101  5.5 0  3.9  36  203   94 278 -366  1
4218500 2850500  4  1 18  13.7 1011 114  5.1 0  3.8  38   73   60 274 -363  1
4218500 2850500  4  1 19  12.4 1011  96  4.6 0  3.8  40    4   13 269 -360  1
4218500 2850500  4  1 20  10.9 1012  78  4.0 0  3.8  44    0    0 261 -358  1
4218500 2850500  4  1 21  10.1 1012  81  5.0 0  3.9  49    0    0 255 -357  1
4218500 2850500  4  1 22   9.6 1012  93  4.9 1  4.0  54    0    0 256 -356  1
4218500 2850500  4  1 23   9.1 1012  94  4.8 1  4.1  56    0    0 258 -356  1
4218500 2850500  4  1 24   8.3 1012  93  5.0 0  4.1  59    0    0 250 -356  1
4218500 2850500  4  2  1   7.0 1012  85  3.8 0  4.1  66    0    0 242 -356  1
4218500 2850500  4  2  2   6.5 1012  83  4.8 0  4.1  67    0    0 234 -356  1
4218500 2850500  4  2  3   5.8 1012  84  4.8 0  4.1  70    0    0 231 -356  1
4218500 2850500  4  2  4   5.1 1012  84  4.5 0  4.2  75    0    0 227 -355  1
4218500 2850500  4  2  5   4.6 1012  79  4.7 2  4.2  79    0    0 237 -353  1
4218500 2850500  4  2  6   4.5 1013  80  4.7 3  4.3  82    0    0 251 -352  1
4218500 2850500  4  2  7   4.6 1013  86  4.9 2  4.3  83   15   45 248 -350  1
4218500 2850500  4  2  8   6.2 1013  95  5.2 1  4.4  79   92  104 238 -349  1
4218500 2850500  4  2  9   8.7 1013  90  5.6 1  4.5  71  209  144 236 -349  1
4218500 2850500  4  2 10  10.8 1014  95  5.6 0  4.7  62  327  165 234 -349  1
4218500 2850500  4  2 11  13.0 1015  97  6.4 0  4.8  55  416  179 236 -350  1
4218500 2850500  4  2 12  13.8 1015 104  6.1 0  4.7  49  465  191 241 -354  1
4218500 2850500  4  2 13  14.7 1014  81  7.2 0  4.5  45  466  201 247 -357  1
4218500 2850500  4  2 14  15.0 1014  79  6.1 0  4.5  43  425  204 250 -361  1
4218500 2850500  4  2 15  14.8 1013  94  6.0 1  4.5  42  325  212 253 -366  1
4218500 2850500  4  2 16  14.6 1013  79  6.2 1  4.2  41  228  189 256 -368  1
4218500 2850500  4  2 17  14.0 1013 103  6.9 1  4.1  40  131  144 253 -367  1
4218500 2850500  4  2 18  13.2 1013 105  6.0 2  4.1  42   37   84 252 -362  1
4218500 2850500  4  2 19  11.8 1013  85  6.0 4  4.2  47    0   16 264 -355  1
4218500 2850500  4  2 20  10.8 1014  86  5.6 4  4.5  54    0    0 270 -349  1
4218500 2850500  4  2 21  10.1 1014  86  6.0 4  4.5  57    0    0 266 -343  1
4218500 2850500  4  2 22   9.9 1014  88  7.0 5  4.2  56    0    0 269 -338  1
4218500 2850500  4  2 23   9.0 1014  98  6.6 6  3.8  52    0    0 277 -334  1
4218500 2850500  4  2 24   7.9 1014  91  6.5 6  3.4  49    0    0 278 -331  1
4218500 2850500  4  3  1   7.7 1014  87  6.7 5  3.1  47    0    0 270 -328  1
4218500 2850500  4  3  2   6.4 1014  87  6.1 4  3.0  49    0    0 255 -324  1
4218500 2850500  4  3  3   5.8 1014  86  6.0 3  3.0  51    0    0 243 -321  1
4218500 2850500  4  3  4   5.3 1014  88  6.6 2  2.9  52    0    0 231 -318  1
4218500 2850500  4  3  5   4.5 1014  90  6.3 2  2.9  54    0    0 224 -316  1
4218500 2850500  4  3  6   4.8 1014  87  7.1 4  3.0  56    0    0 235 -315  1
4218500 2850500  4  3  7   4.8 1014  95  6.3 5  3.0  57    6   39 250 -315  1
4218500 2850500  4  3  8   5.6 1015  97  6.0 4  3.1  56   47  109 251 -315  1
4218500 2850500  4  3  9   8.2 1015 100  7.6 3  3.3  53  222  132 245 -317  1
4218500 2850500  4  3 10   9.8 1015 108  7.8 0  3.4  47  372  136 234 -324  1
4218500 2850500  4  3 11  11.2 1015  94  8.0 0  3.3  42  471  141 229 -332  1
4218500 2850500  4  3 12  12.9 1015  99  7.8 0  3.4  39  524  148 235 -341  1
4218500 2850500  4  3 13  13.9 1015 100  7.5 0  3.3  35  526  156 241 -351  1
4218500 2850500  4  3 14  14.6 1015  98  8.4 0  3.3  32  473  166 243 -357  1
4218500 2850500  4  3 15  14.6 1014 108  8.3 0  3.1  30  385  168 243 -360  1
4218500 2850500  4  3 16  13.7 1013 101  7.8 0  2.6  26  274  157 240 -358  1
4218500 2850500  4  3 17  13.4 1013 108  8.3 3  2.5  26  114  145 245 -352  1
4218500 2850500  4  3 18  12.3 1013  98  7.4 4  2.6  28   32   82 256 -343  1
4218500 2850500  4  3 19  11.1 1014  98  7.2 4  2.6  30    1   17 256 -335  1
4218500 2850500  4  3 20  10.1 1014  99  6.5 4  2.5  32    0    0 252 -329  1
4218500 2850500  4  3 21   9.2 1013  99  6.4 3  2.6  35    0    0 245 -324  1
4218500 2850500  4  3 22   8.2 1014  99  6.2 2  2.6  37    0    0 231 -321  1
4218500 2850500  4  3 23   7.9 1014 108  5.6 2  2.5  38    0    0 223 -317  1
4218500 2850500  4  3 24   7.5 1014 107  5.7 3  2.6  39    0    0 229 -315  1
4218500 2850500  4  4  1   6.4 1014  99  5.2 2  2.5  41    0    0 227 -314  1
4218500 2850500  4  4  2   5.8 1014  97  5.2 1  2.5  43    0    0 214 -312  1
4218500 2850500  4  4  3   4.9 1014  94  5.2 1  2.5  46    0    0 206 -310  1
4218500 2850500  4  4  4   4.7 1013  94  4.8 1  2.6  48    0    0 203 -309  1
4218500 2850500  4  4  5   4.1 1013  93  4.9 2  2.6  50    0    0 209 -309  1
4218500 2850500  4  4  6   3.7 1013  98  4.2 3  2.6  52    0    0 221 -309  1
4218500 2850500  4  4  7   4.0 1014 113  3.1 4  2.7  53    0   33 233 -310  1
4218500 2850500  4  4  8   5.0 1014 116  5.3 5  2.8  53   15  107 247 -313  1
4218500 2850500  4  4  9   7.0 1014 118  4.9 5  3.0  52   88  188 258 -317  1
4218500 2850500  4  4 10   9.9 1014 132  4.7 6  3.3  49  198  234 272 -324  1
4218500 2850500  4  4 11  11.8 1015 141  4.8 6  3.7  46  156  296 287 -334  1
4218500 2850500  4  4 12  13.5 1015 134  4.3 7  3.9  43  152  317 300 -345  1
4218500 2850500  4  4 13  15.0 1015 150  3.4 6  4.2  42  267  310 306 -352  1
4218500 2850500  4  4 14  15.9 1015 161  3.5 6  4.4  41  298  280 306 -357  1
4218500 2850500  4  4 15  16.6 1015 191  3.1 5  4.7  41  194  263 304 -358  1
4218500 2850500  4  4 16  16.9 1015 216  2.5 5  4.9  42  106  215 301 -357  1
4218500 2850500  4  4 17  16.2 1014 252  3.2 7  5.2  45    5  118 313 -356  1
4218500 2850500  4  4 18  13.4 1015 277  2.2 6  6.2  59    0   37 316 -352  1
4218500 2850500  4  4 19  12.7 1015  36  1.5 7  7.2  77    0   14 313 -350  1
4218500 2850500  4  4 20  12.7 1016 152  1.2 7  7.4  81    0    0 318 -349  1
4218500 2850500  4  4 21  11.3 1016 168  1.7 5  7.4  85    0    0 307 -348  1
4218500 2850500  4  4 22  10.7 1016 179  2.5 2  7.3  89    0    0 282 -347  1
4218500 2850500  4  4 23  10.0 1016 174  1.4 2  7.0  90    0    0 266 -346  1
4218500 2850500  4  4 24   9.5 1015 221  3.1 0  6.6  88    0    0 252 -346  1
4218500 2850500  4  5  1   9.4 1015 224  3.5 5  6.2  84    0    0 264 -346  1
4218500 2850500  4  5  2   9.2 1015 224  3.5 4  5.8  79    0    0 283 -346  1
4218500 2850500  4  5  3   8.6 1015 213  3.5 2  5.4  77    0    0 261 -345  1
4218500 2850500  4  5  4   8.0 1014 185  2.9 2  5.2  76    0    0 244 -341  1
4218500 2850500  4  5  5   7.1 1014 182  3.0 3  5.0  78    0    0 242 -337  1
4218500 2850500  4  5  6   6.8 1013 184  3.4 3  4.9  80    0    1 248 -335  1
4218500 2850500  4  5  7   7.5 1013 192  4.0 4  5.0  80   24   38 259 -335  1
4218500 2850500  4  5  8   9.5 1013 193  4.9 5  5.2  75   43  100 277 -339  1
4218500 2850500  4  5  9  11.3 1013 196  5.1 6  5.4  69   35  165 297 -349  1
4218500 2850500  4  5 10  12.9 1013 202  5.2 7  5.5  63   61  219 316 -361  1
4218500 2850500  4  5 11  14.1 1012 188  5.6 7  5.7  59   46  246 327 -370  1
4218500 2850500  4  5 12  14.3 1011 200  6.1 7  5.6  56    0  180 329 -379  1
4218500 2850500  4  5 13  15.0 1011 208  6.8 7  5.6  54   21  244 330 -386  1
4218500 2850500  4  5 14  15.0 1011 222  7.8 7  5.6  53   36  242 331 -381  1
4218500 2850500  4  5 15  14.8 1010 230  7.4 7  5.5  52   18  206 330 -374  1
4218500 2850500  4  5 16  13.6 1010 221  7.2 7  5.5  55    0   75 328 -371  1
4218500 2850500  4  5 17  12.4 1010 210  4.4 7  6.0  64    0   73 326 -371  1
4218500 2850500  4  5 18   8.9 1010 272  4.1 6  6.4  80    0   35 316 -370  1
4218500 2850500  4  5 19   8.7 1011 227  3.1 5  6.6  93    0    7 303 -365  1
4218500 2850500  4  5 20   8.3 1010 220  3.2 4  6.5  92    0    0 288 -356  1
4218500 2850500  4  5 21   8.0 1010 216  2.8 3  6.4  94    0    0 275 -350  1
4218500 2850500  4  5 22   7.8 1011 226  2.6 4  6.3  95    0    0 273 -345  1
4218500 2850500  4  5 23   8.4 1011 237  2.7 4  6.4  93    0    0 270 -341  1
4218500 2850500  4  5 24   9.3 1010 244  2.8 5  6.5  90    0    0 282 -339  1
4218500 2850500  4  6  1  10.6 1018 242  3.1 6  6.8  86    0    0 331 -367  1
4218500 2850500  4  6  2  11.6 1018 236  3.3 7  7.0  83    0    0 336 -368  1
4218500 2850500  4  6  3  12.3 1018 229  3.4 7  7.2  81    0    0 339 -368  1
4218500 2850500  4  6  4  12.1 1017 228  3.4 7  7.3  82    0    0 341 -368  1
4218500 2850500  4  6  5  11.9 1017 226  3.4 8  7.4  85    0    0 346 -369  1
4218500 2850500  4  6  6  11.3 1016 224  3.8 8  7.6  89    0    0 350 -370  1
4218500 2850500  4  6  7  11.4 1016 229  3.0 8  7.9  94    0   21 350 -371  1
4218500 2850500  4  6  8  12.0 1016 212  3.6 7  8.0  94   19  108 348 -374  1
4218500 2850500  4  6  9  13.2 1016 236  4.6 5  8.4  92   47  183 338 -378  1
4218500 2850500  4  6 10  14.2 1016 240  5.4 8  8.7  89    0  165 346 -385  1
4218500 2850500  4  6 11  14.6 1015 224  5.5 8  8.8  86    8  228 360 -397  1
4218500 2850500  4  6 12  16.0 1015 238  6.2 7  8.8  81   86  317 359 -403  1
4218500 2850500  4  6 13  17.7 1014 254  6.4 6  8.4  70  172  322 355 -408  1
4218500 2850500  4  6 14  18.3 1013 243  6.0 6  8.0  62  207  297 354 -418  1
4218500 2850500  4  6 15  19.3 1012 261  6.7 7  8.1  60   95  269 361 -423  1
4218500 2850500  4  6 16  19.3 1011 268  6.2 6  8.0  57   25  194 361 -424  1
4218500 2850500  4  6 17  16.7 1011 269  6.2 7  8.0  62    0   80 355 -420  1
4218500 2850500  4  6 18  15.3 1011 251  3.5 7  8.8  77    0   48 352 -411  1
4218500 2850500  4  6 19  14.9 1010 199  3.0 7  9.1  84    0   14 349 -400  1
4218500 2850500  4  6 20  14.2 1009 179  2.9 7  9.0  86    0    0 346 -392  1
4218500 2850500  4  6 21  14.1 1008 177  4.2 7  8.9  88    0    0 346 -388  1
4218500 2850500  4  6 22  13.5 1006 267  5.4 8  8.8  89    0    0 351 -385  1
4218500 2850500  4  6 23  12.2 1007 270  6.9 8  8.6  92    0    0 356 -383  1
4218500 2850500  4  6 24  12.0 1007 263  5.7 8  8.2  93    0    0 354 -382  1
4218500 2850500  4  7  1  11.5 1007 280  4.6 7  7.9  91    0    0 346 -382  1
4218500 2850500  4  7  2  11.3 1007 244  4.5 6  7.7  91    0    0 324 -381  1
4218500 2850500  4  7  3  10.4 1007 243  2.9 5  7.5  92    0    0 297 -378  1
4218500 2850500  4  7  4  10.0 1006 243  3.7 5  7.2  92    0    0 279 -373  1
4218500 2850500  4  7  5   9.8 1006 239  3.3 5  7.0  91    0    0 270 -369  1
4218500 2850500  4  7  6   9.1 1005 225  3.5 6  6.8  92    0    0 283 -366  1
4218500 2850500  4  7  7   9.4 1005 247  4.4 7  6.7  92    1   31 308 -365  1
4218500 2850500  4  7  8  10.4 1005 256  5.3 7  6.8  89    1   85 321 -368  1
4218500 2850500  4  7  9  11.0 1005 255  6.3 7  6.8  84    0  123 324 -373  1
4218500 2850500  4  7 10  11.8 1005 266  6.0 8  6.8  80    1  169 335 -376  1
4218500 2850500  4  7 11  12.0 1005 261  6.6 7  6.7  77    7  224 338 -380  1
4218500 2850500  4  7 12  12.9 1005 242  6.7 7  6.7  73   80  303 331 -382  1
4218500 2850500  4  7 13  13.7 1004 266  6.8 7  6.6  68   59  295 333 -388  1
4218500 2850500  4  7 14  14.1 1004 310  6.7 7  6.6  66   19  244 335 -391  1
4218500 2850500  4  7 15  10.2 1003 277  4.8 8  6.7  75    2  177 334 -382  1
4218500 2850500  4  7 16  12.1 1004 266  5.5 6  6.7  80   89  203 327 -380  1
4218500 2850500  4  7 17  12.0 1003 236  5.8 6  6.5  74   61  143 321 -379  1
4218500 2850500  4  7 18  11.4 1003 281  5.4 4  6.4  74   50   74 310 -375  1
4218500 2850500  4  7 19  10.1 1003 298  5.2 6  6.3  77    0   17 307 -369  1
4218500 2850500  4  7 20   9.8 1004 280  3.6 6  5.9  77    0    0 312 -362  1
4218500 2850500  4  7 21   9.3 1005 276  3.8 5  5.6  75    0    0 306 -359  1
4218500 2850500  4  7 22   9.3 1005 273  4.0 6  5.9  80    0    0 307 -358  1
4218500 2850500  4  7 23   9.1 1005 272  4.9 7  6.1  84    0    0 316 -356  1
4218500 2850500  4  7 24   9.0 1006 279  4.3 6  6.0  83    0    0 316 -354  1
4218500 2850500  4  8  1   7.9 1006 291  3.5 7  6.0  87    0    0 314 -350  1
4218500 2850500  4  8  2   7.9 1006 264  3.4 7  6.1  91    0    0 318 -346  1
4218500 2850500  4  8  3   8.0 1006 268  4.5 7  6.1  92    0    0 317 -346  1
4218500 2850500  4  8  4   7.8 1006 268  4.6 7  6.0  90    0    0 318 -348  1
4218500 2850500  4  8  5   7.9 1006 272  5.4 7  6.0  90    0    0 319 -349  1
4218500 2850500  4  8  6   7.7 1007 275  5.5 7  6.1  91    0    2 321 -349  1
4218500 2850500  4  8  7   7.5 1006 278  5.0 7  6.0  92    1   38 322 -349  1
4218500 2850500  4  8  8   7.9 1007 268  4.5 8  6.0  91    1   90 329 -350  1
4218500 2850500  4  8  9   7.7 1007 273  5.0 8  6.0  91    0  127 335 -353  1
4218500 2850500  4  8 10   8.2 1008 300  4.5 7  6.2  92    2  192 331 -358  1
4218500 2850500  4  8 11   8.1 1009 286  5.3 7  6.2  92    0  135 327 -365  1
4218500 2850500  4  8 12   8.5 1010 287  5.0 8  6.4  93    0  105 330 -376  1
4218500 2850500  4  8 13   8.8 1010 306  5.5 7  6.3  90    0  155 327 -388  1
4218500 2850500  4  8 14   9.4 1012 331  4.6 6  6.1  85    1  199 317 -395  1
4218500 2850500  4  8 15   9.8 1013 329  4.2 7  6.1  81    0  144 316 -398  1
4218500 2850500  4  8 16  10.0 1013 330  4.1 7  6.0  78    0   99 316 -397  1
4218500 2850500  4  8 17   9.5 1013 292  4.0 8  5.8  78    0   51 316 -391  1
4218500 2850500  4  8 18   9.6 1013 330  2.9 7  5.9  80    0   44 313 -381  1
4218500 2850500  4  8 19   9.4 1013 342  2.7 8  5.9  80    0   12 310 -368  1
4218500 2850500  4  8 20   8.9 1014 318  1.6 8  5.8  80    0    0 309 -358  1
4218500 2850500  4  8 21   9.3 1015 274  1.6 8  5.9  82    0    0 309 -352  1
4218500 2850500  4  8 22   9.3 1015 276  2.0 8  6.0  82    0    0 312 -348  1
4218500 2850500  4  8 23   9.4 1016 257  1.7 8  6.0  83    0    0 312 -345  1
4218500 2850500  4  8 24   9.1 1016 259  1.6 6  6.1  84    0    0 306 -341  1
4218500 2850500  4  9  1   8.5 1016 285  2.4 6  6.0  85    0    0 298 -338  1
4218500 2850500  4  9  2   7.6 1017 267  2.5 5  5.8  87    0    0 293 -337  1
4218500 2850500  4  9  3   6.9 1017 277  2.7 1  5.6  88    0    0 270 -336  1
4218500 2850500  4  9  4   6.3 1017 296  4.3 4  5.5  91    0    0 263 -334  1
4218500 2850500  4  9  5   5.9 1017 289  4.4 6  5.5  94    0    0 284 -333  1
4218500 2850500  4  9  6   5.1 1017 282  5.1 8  5.4  96    0    3 302 -332  1
4218500 2850500  4  9  7   5.1 1017 289  4.1 7  5.3  98    0   34 307 -333  1
4218500 2850500  4  9  8   5.2 1018 287  4.6 7  5.4  98    0   76 305 -339  1
4218500 2850500  4  9  9   5.8 1018 276  4.7 8  5.4  96    0  112 314 -350  1
4218500 2850500  4  9 10   6.8 1018 285  4.4 7  5.4  91    3  191 317 -362  1
4218500 2850500  4  9 11   8.0 1018 269  4.8 7  5.4  84   12  248 315 -376  1
4218500 2850500  4  9 12   9.2 1018 274  4.5 7  5.4  78   64  325 320 -391  1
4218500 2850500  4  9 13   9.6 1018 259  4.3 4  5.4  74  229  341 308 -404  1
4218500 2850500  4  9 14  11.9 1017 257  5.0 2  5.5  68  438  242 288 -412  1
4218500 2850500  4  9 15  13.9 1018 279  4.9 2  5.6  61  372  223 283 -414  1
4218500 2850500  4  9 16  14.4 1017 280  4.4 2  5.6  56  273  192 287 -411  1
4218500 2850500  4  9 17  14.8 1017 256  4.6 3  5.7  55  149  154 292 -403  1
4218500 2850500  4  9 18  14.5 1016 271  4.1 5  5.8  56   32   91 307 -392  1
4218500 2850500  4  9 19  14.0 1016 275  3.0 7  5.8  58    0   17 325 -378  1
4218500 2850500  4  9 20  13.5 1016 276  2.7 8  5.9  60    0    0 335 -369  1
4218500 2850500  4  9 21  13.3 1016 251  2.6 7  6.1  63    0    0 333 -366  1
4218500 2850500  4  9 22  13.2 1016 262  2.8 7  6.2  65    0    0 328 -364  1
4218500 2850500  4  9 23  13.0 1016 254  2.8 7  6.3  67    0    0 327 -363  1
4218500 2850500  4  9 24  12.9 1016 267  3.3 8  6.5  70    0    0 330 -362  1
4218500 2850500  4 10  1  12.7 1015 266  2.7 8  6.8  74    0    0 334 -362  1
4218500 2850500  4 10  2  12.5 1015 247  2.5 8  7.0  77    0    0 331 -361  1
4218500 2850500  4 10  3  12.4 1014 239  3.0 8  6.9  77    0    0 330 -358  1
4218500 2850500  4 10  4  12.3 1014 263  3.4 8  6.8  76    0    0 328 -356  1
4218500 2850500  4 10  5  12.3 1014 259  3.5 8  7.0  78    0    0 327 -355  1
4218500 2850500  4 10  6  12.1 1013 250  3.0 8  7.1  80    0    2 327 -354  1
4218500 2850500  4 10  7  12.1 1013 266  2.9 8  7.2  81    3   44 327 -355  1
4218500 2850500  4 10  8  12.4 1013 264  3.7 6  7.3  82   17  115 317 -361  1
4218500 2850500  4 10  9  13.3 1013 263  4.4 6  7.3  79   53  196 307 -370  1
4218500 2850500  4 10 10  14.0 1013 286  4.2 7  7.2  74   30  240 316 -382  1
4218500 2850500  4 10 11  14.9 1012 266  4.1 7  7.2  70    3  220 326 -397  1
4218500 2850500  4 10 12  15.3 1012 259  5.0 7  7.4  69    2  226 331 -410  1
4218500 2850500  4 10 13  16.3 1011 246  5.0 6  7.5  67   49  308 329 -421  1
4218500 2850500  4 10 14  17.2 1010 249  5.2 7  7.5  63   47  292 334 -426  1
4218500 2850500  4 10 15  17.4 1010 257  5.0 6  7.6  61   26  245 338 -426  1
4218500 2850500  4 10 16  17.4 1009 269  4.9 6  7.5  60    5  168 333 -424  1
4218500 2850500  4 10 17  17.3 1008 263  4.5 7  7.3  59    9  137 337 -419  1
4218500 2850500  4 10 18  16.8 1008 261  3.8 7  7.2  59    3   75 342 -410  1
4218500 2850500  4 10 19  16.2 1008 284  2.6 6  7.3  62    0   17 335 -400  1
4218500 2850500  4 10 20  14.0 1007 273  2.4 6  7.4  69    0    0 327 -391  1
4218500 2850500  4 10 21  13.9 1008 272  1.9 5  7.3  73    0    0 321 -385  1
4218500 2850500  4 10 22  13.3 1008 284  2.4 3  7.2  74    0    0 304 -382  1
4218500 2850500  4 10 23  12.3 1007 273  2.3 3  7.2  78    0    0 289 -380  1
4218500 2850500  4 10 24  11.7 1007 270  2.1 2  7.1  81    0    0 282 -377  1
4218500 2850500  4 11  1  11.1 1007 274  3.1 5  7.0  83    0    0 293 -376  1
4218500 2850500  4 11  2  11.1 1006 271  2.4 6  7.0  84    0    0 317 -374  1
4218500 2850500  4 11  3  11.6 1006 270  3.1 7  7.0  83    0    0 332 -373  1
4218500 2850500  4 11  4  11.7 1006 277  2.9 7  7.0  82    0    0 341 -372  1
4218500 2850500  4 11  5  11.4 1006 269  3.6 7  7.0  82    0    0 342 -370  1
4218500 2850500  4 11  6  11.5 1005 273  3.0 7  7.0  82    0    0 343 -367  1
4218500 2850500  4 11  7  11.2 1005 260  2.9 8  7.1  83    0   20 349 -362  1
4218500 2850500  4 11  8  11.3 1005 279  3.6 7  7.2  86    1   87 347 -360  1
4218500 2850500  4 11  9  11.9 1005 282  3.7 8  7.3  86    1  132 345 -361  1
4218500 2850500  4 11 10  10.7 1005 301  4.4 8  7.4  88    0  145 346 -365  1
4218500 2850500  4 11 11  11.6 1006 270  5.2 7  7.2  87    9  225 338 -378  1
4218500 2850500  4 11 12  12.3 1006 275  4.5 7  6.9  78   21  263 334 -390  1
4218500 2850500  4 11 13  13.6 1005 279  5.9 6  6.5  69  131  297 331 -395  1
4218500 2850500  4 11 14  13.5 1005 266  8.1 5  5.7  59  103  282 321 -393  1
4218500 2850500  4 11 15  13.3 1005 296  7.3 6  4.8  50    9  203 317 -390  1
4218500 2850500  4 11 16  13.2 1005 310  6.9 4  4.5  47   30  194 313 -387  1
4218500 2850500  4 11 17  12.7 1005 294  8.2 3  4.4  47  131  129 300 -380  1
4218500 2850500  4 11 18  11.9 1005 285  6.2 4  4.4  49   64   76 297 -371  1
4218500 2850500  4 11 19   9.2 1005 311  6.3 6  4.7  59    0   20 299 -363  1
4218500 2850500  4 11 20   9.0 1005 280  5.9 7  4.9  68    0    0 302 -355  1
4218500 2850500  4 11 21   8.2 1006 263  4.6 7  4.9  70    0    0 302 -349  1
4218500 2850500  4 11 22   8.0 1006 260  4.9 6  5.0  74    0    0 296 -344  1
4218500 2850500  4 11 23   7.4 1006 260  5.0 5  4.9  75    0    0 284 -340  1
4218500 2850500  4 11 24   6.7 1005 266  4.3 2  4.8  77    0    0 266 -338  1
4218500 2850500  4 12  1   6.3 1005 245  4.0 0  4.7  78    0    0 243 -336  1
4218500 2850500  4 12  2   5.7 1004 233  4.7 0  4.6  79    0    0 231 -333  1
4218500 2850500  4 12  3   5.7 1003 247  4.3 2  4.6  80    0    0 236 -331  1
4218500 2850500  4 12  4   6.4 1003 257  4.3 6  4.6  78    0    0 265 -329  1
4218500 2850500  4 12  5   6.1 1002 227  3.5 7  4.6  77    0    0 290 -327  1
4218500 2850500  4 12  6   5.4 1001 211  3.8 7  4.5  79    0    6 294 -325  1
4218500 2850500  4 12  7   5.7 1000 226  4.6 7  4.6  80    0   36 294 -326  1
4218500 2850500  4 12  8   6.7 1000 213  4.4 6  4.7  78   38  145 289 -333  1
4218500 2850500  4 12  9   8.7  999 219  6.7 6  4.9  74  126  234 287 -343  1
4218500 2850500  4 12 10  10.3  998 222  6.9 7  5.0  67  106  309 298 -357  1
4218500 2850500  4 12 11  11.1  997 221  7.5 6  4.8  59   95  354 303 -370  1
4218500 2850500  4 12 12  11.7  996 212  7.8 6  4.6  54   69  361 303 -380  1
4218500 2850500  4 12 13  11.9  995 211  8.1 7  4.6  53   16  289 313 -385  1
4218500 2850500  4 12 14  12.0  994 198  8.1 7  4.5  51    9  257 320 -387  1
4218500 2850500  4 12 15  12.7  993 204  9.1 7  4.5  50   31  276 321 -389  1
4218500 2850500  4 12 16  12.3  992 223  9.1 6  4.4  48   23  219 315 -390  1
4218500 2850500  4 12 17  10.4  992 213  4.4 7  4.7  56    0   77 314 -385  1
4218500 2850500  4 12 18   9.9  992 190  5.2 7  5.3  67    0   28 318 -379  1
4218500 2850500  4 12 19  10.3  991 210  6.4 8  5.4  68    0   13 324 -370  1
4218500 2850500  4 12 20   9.9  991 221  5.5 7  5.1  65    0    0 322 -363  1
4218500 2850500  4 12 21   9.6  991 215  5.0 6  5.1  66    0    0 308 -357  1
4218500 2850500  4 12 22   9.0  991 206  4.6 5  5.1  68    0    0 295 -355  1
4218500 2850500  4 12 23   8.5  991 205  5.2 5  5.1  71    0    0 287 -353  1
4218500 2850500  4 12 24   7.3  991 194  3.7 4  5.1  75    0    0 278 -353  1
4218500 2850500  4 13  1   6.2  991 190  3.9 2  5.0  80    0    0 255 -352  1
4218500 2850500  4 13  2   6.1  991 187  3.7 3  5.0  83    0    0 250 -351  1
4218500 2850500  4 13  3   6.8  990 190  3.2 5  5.1  83    0    0 272 -350  1
4218500 2850500  4 13  4   6.9  990 204  3.4 3  5.2  83    0    0 271 -350  1
4218500 2850500  4 13  5   6.5  990 191  2.9 4  5.2  84    0    0 262 -349  1
4218500 2850500  4 13  6   6.5  990 201  2.9 7  5.3  85    0    5 289 -347  1
4218500 2850500  4 13  7   7.6  989 190  3.5 7  5.4  85    1   43 311 -347  1
4218500 2850500  4 13  8   7.9  990 189  3.7 6  5.6  83   62  115 304 -351  1
4218500 2850500  4 13  9   9.4  989 206  4.8 5  5.8  81  315   78 293 -360  1
4218500 2850500  4 13 10  11.0  989 226  5.7 5  5.8  74  232  201 291 -372  1
4218500 2850500  4 13 11  12.4  989 226  5.8 6  5.6  64   86  281 304 -384  1
4218500 2850500  4 13 12  12.5  989 227  6.3 4  5.3  57  111  302 304 -394  1
4218500 2850500  4 13 13  12.7  989 251  7.9 4  4.9  53  149  304 303 -401  1
4218500 2850500  4 13 14  11.6  989 244  7.4 6  5.0  55    7  228 312 -400  1
4218500 2850500  4 13 15  10.4  989 255  5.9 7  5.3  63    0  117 320 -396  1
4218500 2850500  4 13 16  13.2  989 273  6.9 6  5.1  58   57  206 320 -393  1
4218500 2850500  4 13 17  10.0  989 239  7.2 6  5.1  58   16  142 314 -386  1
4218500 2850500  4 13 18  10.1  990 272  7.6 3  5.1  65  104   70 296 -376  1
4218500 2850500  4 13 19   8.7  990 276  5.6 2  4.8  64   24   31 277 -366  1
4218500 2850500  4 13 20   7.9  991 270  4.6 3  4.7  67    0    0 271 -358  1
4218500 2850500  4 13 21   6.8  992 273  4.6 2  4.6  70    0    0 264 -352  1
4218500 2850500  4 13 22   5.9  992 277  2.9 1  4.4  73    0    0 249 -346  1
4218500 2850500  4 13 23   5.1  993 247  3.3 1  4.4  78    0    0 242 -342  1
4218500 2850500  4 13 24   4.8  993 234  2.6 2  4.4  79    0    0 243 -337  1
4218500 2850500  4 14  1   3.8  993 253  2.9 2  4.2  80    0    0 243 -332  1
4218500 2850500  4 14  2   3.7  992 191  2.2 3  4.2  83    0    0 244 -328  1
4218500 2850500  4 14  3   3.8  992 163  1.7 5  4.3  84    0    0 257 -325  1
4218500 2850500  4 14  4   3.3  991 158  2.1 6  4.2  85    0    0 269 -323  1
4218500 2850500  4 14  5   2.8  991 153  1.7 6  4.2  87    0    0 272 -321  1
4218500 2850500  4 14  6   3.0  990 131  2.5 7  4.2  89    0    2 275 -322  1
4218500 2850500  4 14  7   3.0  990 151  2.8 8  4.4  90    0   20 284 -326  1
4218500 2850500  4 14  8   2.6  990 187  2.0 8  4.4  92    0   46 287 -333  1
4218500 2850500  4 14  9   2.7  990 259  4.7 7  4.4  93    0   67 282 -339  1
4218500 2850500  4 14 10   0.5  990 246  5.3 8  4.1  95    0   83 280 -347  1
4218500 2850500  4 14 11   0.7  991 248  5.3 7  3.9  97    0  136 278 -358  1
4218500 2850500  4 14 12   2.3  992 231  4.4 7  4.2  98   50  272 275 -368  1
4218500 2850500  4 14 13   5.0  992 247  4.2 7  4.8  96   59  278 280 -373  1
4218500 2850500  4 14 14   5.0  993 240  4.3 8  5.1  91    0  102 285 -370  1
4218500 2850500  4 14 15   7.7  993 230  5.6 7  4.7  78    0  172 286 -370  1
4218500 2850500  4 14 16   6.9  993 239  5.9 6  4.7  72  164  168 279 -371  1
4218500 2850500  4 14 17   8.1  993 226  3.8 5  4.5  69  251   61 270 -364  1
4218500 2850500  4 14 18   8.0  993 187  4.0 7  4.3  63   46   80 276 -356  1
4218500 2850500  4 14 19   7.5  993 178  2.6 7  4.3  64    1   24 285 -347  1
4218500 2850500  4 14 20   7.2  993 137  2.9 8  4.3  65    0    0 289 -338  1
4218500 2850500  4 14 21   6.7  993 125  3.2 8  4.3  68    0    0 293 -335  1
4218500 2850500  4 14 22   6.7  992 122  4.7 8  4.3  70    0    0 293 -335  1
4218500 2850500  4 14 23   6.7  991 120  4.5 8  4.3  69    0    0 294 -335  1
4218500 2850500  4 14 24   7.4  990 145  3.9 8  4.3  67    0    0 297 -336  1
4218500 2850500  4 15  1   7.5  990 147  5.4 8  4.2  64    0    0 301 -335  1
4218500 2850500  4 15  2   7.4  989 142  5.1 8  4.2  64    0    0 304 -335  1
4218500 2850500  4 15  3   7.5  988 148  5.6 8  4.3  65    0    0 308 -335  1
4218500 2850500  4 15  4   8.2  988 173  5.7 8  4.3  64    0    0 311 -336  1
4218500 2850500  4 15  5   8.7  987 171  5.7 8  4.4  63    0    0 312 -337  1
4218500 2850500  4 15  6   9.6  987 207  8.1 7  4.7  64    0    6 307 -339  1
4218500 2850500  4 15  7   9.4  989 248  8.1 6  4.9  64   44   86 297 -339  1
4218500 2850500  4 15  8   7.5  991 255  8.4 6  4.5  63   35  148 285 -340  1
4218500 2850500  4 15  9   6.6  993 250  7.9 7  4.1  64    0  140 283 -341  1
4218500 2850500  4 15 10   6.5  995 267  6.3 7  4.1  66    0  170 286 -346  1
4218500 2850500  4 15 11   6.4  996 251  5.2 8  4.0  66    0  155 291 -355  1
4218500 2850500  4 15 12   6.5  998 263  5.0 8  4.1  67    0  175 297 -364  1
4218500 2850500  4 15 13   6.8  999 244  3.6 8  4.1  66    2  233 298 -370  1
4218500 2850500  4 15 14   7.0 1000 211  5.1 8  4.1  65    0  178 302 -374  1
4218500 2850500  4 15 15   7.3 1000 223  4.9 8  4.0  63    0  113 305 -373  1
4218500 2850500  4 15 16   7.4 1000 194  4.3 8  4.1  64    0   88 308 -370  1
4218500 2850500  4 15 17   7.2 1000 186  3.6 8  4.3  67    0  100 308 -369  1
4218500 2850500  4 15 18   6.7 1001 167  3.3 8  4.5  71    0   50 309 -361  1
4218500 2850500  4 15 19   6.3 1001 195  2.8 8  4.5  74    0    7 309 -353  1
4218500 2850500  4 15 20   6.0 1000 188  2.1 8  4.6  77    0    0 308 -345  1
4218500 2850500  4 15 21   5.4 1001 152  2.6 7  4.6  80    0    0 302 -342  1
4218500 2850500  4 15 22   5.4 1001 171  2.7 8  4.8  84    0    0 302 -340  1
4218500 2850500  4 15 23   5.1 1002 179  2.4 8  4.8  87    0    0 308 -338  1
4218500 2850500  4 15 24   5.3 1002 174  2.9 8  4.8  86    0    0 309 -337  1
4218500 2850500  4 16  1   5.3 1002 189  3.3 8  4.7  85    0    0 310 -336  1
4218500 2850500  4 16  2   5.2 1002 195  2.8 8  4.7  84    0    0 311 -335  1
4218500 2850500  4 16  3   4.7 1002 189  2.8 8  4.6  84    0    0 311 -335  1
4218500 2850500  4 16  4   4.2 1002 174  2.8 7  4.6  87    0    0 302 -335  1
4218500 2850500  4 16  5   4.1 1002 167  2.5 7  4.6  89    0    0 294 -335  1
4218500 2850500  4 16  6   4.3 1003 165  2.9 7  4.6  89    0    6 293 -335  1
4218500 2850500  4 16  7   4.5 1003 182  3.0 8  4.7  89    0   24 301 -336  1
4218500 2850500  4 16  8   4.8 1004 172  3.1 7  4.8  89    3   95 301 -340  1
4218500 2850500  4 16  9   5.6 1004 184  3.2 8  4.8  86    4  151 303 -346  1
4218500 2850500  4 16 10   6.8 1004 174  2.8 8  4.7  79   15  222 313 -351  1
4218500 2850500  4 16 11   7.4 1004 189  1.8 8  4.7  74   23  255 318 -355  1
4218500 2850500  4 16 12   7.6 1005 220  2.0 7  4.5  69   50  295 318 -361  1
4218500 2850500  4 16 13   8.5 1005 186  2.6 6  4.4  66  135  312 313 -365  1
4218500 2850500  4 16 14  10.0 1005 163  2.4 6  4.5  62  150  295 314 -366  1
4218500 2850500  4 16 15   9.2 1004 115  3.3 6  4.5  60  105  261 312 -368  1
4218500 2850500  4 16 16   8.9 1003 107  3.5 6  4.4  62   27  198 306 -363  1
4218500 2850500  4 16 17   8.4 1003  81  3.8 6  4.6  65    6  128 300 -359  1
4218500 2850500  4 16 18   7.4 1004  93  3.8 7  4.7  70    0   38 299 -357  1
4218500 2850500  4 16 19   6.7 1003 102  3.5 7  4.7  74    0   11 299 -352  1
4218500 2850500  4 16 20   6.2 1002  83  3.2 7  4.7  78    0    0 295 -348  1
4218500 2850500  4 16 21   5.8 1002  68  3.0 7  4.8  82    0    0 292 -342  1
4218500 2850500  4 16 22   5.4 1002  52  2.8 8  4.8  85    0    0 293 -336  1
4218500 2850500  4 16 23   5.8 1002  78  2.9 7  5.2  88    0    0 294 -331  1
4218500 2850500  4 16 24   6.5 1001 121  3.1 6  5.7  91    0    0 292 -329  1
4218500 2850500  4 17  1   7.3 1004 184  3.4 5  6.2  93    0    0 316 -344  1
4218500 2850500  4 17  2   7.9 1005 238  3.6 5  6.4  94    0    0 292 -343  1
4218500 2850500  4 17  3   8.3 1005 275  3.7 5  6.6  94    0    0 294 -343  1
4218500 2850500  4 17  4   8.0 1005 272  3.5 6  6.4  93    0    0 313 -342  1
4218500 2850500  4 17  5   8.2 1005 269  3.5 6  6.5  94    0    0 328 -341  1
4218500 2850500  4 17  6   8.0 1005 269  3.1 7  6.3  94    0    4 327 -341  1
4218500 2850500  4 17  7   8.0 1006 253  3.1 7  6.3  93    0   24 321 -343  1
4218500 2850500  4 17  8   8.6 1006 263  3.5 5  6.2  90   52  164 312 -349  1
4218500 2850500  4 17  9  10.6 1007 273  3.7 3  5.8  77  211  228 296 -357  1
4218500 2850500  4 17 10  11.5 1006 259  4.3 3  5.4  65  199  309 288 -364  1
4218500 2850500  4 17 11  11.7 1006 270  3.6 5  5.5  64   13  267 299 -373  1
4218500 2850500  4 17 12  11.6 1006 220  3.2 7  5.7  66    0  124 318 -383  1
4218500 2850500  4 17 13  11.2 1006 193  3.9 7  6.2  73    0  195 327 -390  1
4218500 2850500  4 17 14  12.1 1005 192  4.0 6  6.7  78   14  256 325 -390  1
4218500 2850500  4 17 15  12.6 1005 215  5.2 8  6.8  75    0  150 331 -393  1
4218500 2850500  4 17 16  13.1 1004 203  4.2 7  6.9  74    0  105 335 -392  1
4218500 2850500  4 17 17  10.2 1004 261  3.5 5  7.0  81   15  164 319 -382  1
4218500 2850500  4 17 18  11.2 1004 256  4.0 4  6.8  84   49  124 303 -375  1
4218500 2850500  4 17 19  10.6 1004 221  2.8 3  6.8  83    4   35 295 -370  1
4218500 2850500  4 17 20   8.9 1004 230  3.0 4  6.9  90    0    0 290 -365  1
4218500 2850500  4 17 21   9.1 1004 228  3.4 4  7.0  96    0    0 291 -362  1
4218500 2850500  4 17 22   8.4 1005 233  3.5 3  6.9  97    0    0 284 -360  1
4218500 2850500  4 17 23   8.0 1005 245  3.4 2  6.4  94    0    0 270 -359  1
4218500 2850500  4 17 24   6.9 1005 240  3.4 3  6.0  93    0    0 266 -358  1
4218500 2850500  4 18  1   7.0 1005 249  3.3 2  5.8  93    0    0 263 -356  1
4218500 2850500  4 18  2   7.1 1005 253  3.6 0  5.6  89    0    0 245 -354  1
4218500 2850500  4 18  3   6.1 1005 232  3.7 1  5.4  88    0    0 236 -351  1
4218500 2850500  4 18  4   6.0 1005 234  3.9 4  5.3  90    0    0 256 -348  1
4218500 2850500  4 18  5   5.6 1005 237  2.8 7  5.2  90    0    0 288 -344  1
4218500 2850500  4 18  6   5.6 1006 245  2.4 7  5.2  92    3   15 304 -340  1
4218500 2850500  4 18  7   6.9 1006 242  2.7 4  5.4  91   95   46 290 -341  1
4218500 2850500  4 18  8   9.0 1007 254  3.8 2  5.5  82  279   58 266 -347  1
4218500 2850500  4 18  9  10.4 1007 264  4.8 5  5.4  72  265  133 274 -355  1
4218500 2850500  4 18 10  11.7 1007 246  5.7 6  5.5  66  166  243 299 -366  1
4218500 2850500  4 18 11  12.5 1008 264  6.5 4  5.3  60  267  259 298 -378  1
4218500 2850500  4 18 12  13.3 1008 284  6.5 5  5.0  54   49  294 298 -388  1
4218500 2850500  4 18 13  13.8 1007 262  6.5 6  4.8  49   17  252 312 -396  1
4218500 2850500  4 18 14  13.5 1007 260  6.1 6  4.6  47   33  258 317 -397  1
4218500 2850500  4 18 15  14.3 1008 279  5.1 5  4.7  48  225  248 314 -394  1
4218500 2850500  4 18 16  13.9 1008 269  5.0 5  4.8  47  108  217 309 -390  1
4218500 2850500  4 18 17  13.8 1008 263  4.3 7  4.6  47   11  139 315 -383  1
4218500 2850500  4 18 18  13.3 1007 242  3.0 7  4.7  48    1   70 322 -376  1
4218500 2850500  4 18 19   9.9 1007 281  4.9 7  5.5  64    0   17 318 -367  1
4218500 2850500  4 18 20   9.8 1008 225  2.7 7  6.4  84    0    0 315 -360  1
4218500 2850500  4 18 21   9.8 1009 287  3.4 8  6.4  84    0    0 318 -355  1
4218500 2850500  4 18 22   8.9 1009 261  2.7 7  6.3  86    0    0 316 -351  1
4218500 2850500  4 18 23   8.8 1009 283  3.1 7  6.2  88    0    0 310 -350  1
4218500 2850500  4 18 24   8.5 1010 253  2.5 8  6.1  88    0    0 312 -349  1
4218500 2850500  4 19  1   8.6 1010 240  2.5 7  6.1  88    0    0 311 -348  1
4218500 2850500  4 19  2   8.0 1009 246  2.0 8  6.1  89    0    0 309 -346  1
4218500 2850500  4 19  3   7.6 1009 258  2.1 7  6.0  90    0    0 306 -345  1
4218500 2850500  4 19  4   7.1 1009 266  2.1 6  5.9  92    0    0 297 -344  1
4218500 2850500  4 19  5   6.3 1009 258  1.8 4  5.7  93    0    0 283 -342  1
4218500 2850500  4 19  6   6.1 1010 274  1.8 3  5.5  94   12   20 268 -340  1
4218500 2850500  4 19  7   7.1 1010 220  1.3 1  5.8  95  108   62 256 -338  1
4218500 2850500  4 19  8   9.4 1010 248  1.5 1  6.0  88  265   81 253 -343  1
4218500 2850500  4 19  9  10.8 1012 256  2.3 1  5.8  75  459   78 255 -354  1
4218500 2850500  4 19 10  11.9 1012 254  3.0 2  5.6  67  507  113 263 -368  1
4218500 2850500  4 19 11  13.0 1012 243  3.5 4  5.3  59  271  289 277 -383  1
4218500 2850500  4 19 12  14.0 1012 132  1.7 5  5.2  54  250  331 292 -396  1
4218500 2850500  4 19 13  14.1 1012 189  2.1 5  5.1  51  158  350 300 -404  1
4218500 2850500  4 19 14  14.6 1011 205  3.2 5  4.9  48   79  312 301 -406  1
4218500 2850500  4 19 15  14.7 1011 224  2.9 6  4.8  46    7  206 306 -408  1
4218500 2850500  4 19 16  14.4 1011 199  3.6 7  4.8  46   13  186 313 -410  1
4218500 2850500  4 19 17  14.4 1010 208  2.4 6  4.8  47   18  156 311 -404  1
4218500 2850500  4 19 18  14.3 1010 169  2.4 6  4.9  48   12   95 306 -394  1
4218500 2850500  4 19 19  13.5 1010 186  2.0 7  5.0  51    0   26 308 -382  1
4218500 2850500  4 19 20  11.4 1010 151  2.4 7  5.1  56    0    0 308 -372  1
4218500 2850500  4 19 21  10.3 1010 136  2.7 6  5.1  64    0    0 301 -366  1
4218500 2850500  4 19 22   9.1 1010 145  2.7 6  5.3  70    0    0 296 -363  1
4218500 2850500  4 19 23   8.8 1010 150  2.7 6  5.3  74    0    0 295 -360  1
4218500 2850500  4 19 24   9.1 1010 151  2.8 5  5.3  74    0    0 293 -358  1
4218500 2850500  4 20  1   8.7 1010 160  2.8 6  5.3  74    0    0 294 -356  1
4218500 2850500  4 20  2   8.2 1009 169  2.7 7  5.2  76    0    0 300 -355  1
4218500 2850500  4 20  3   7.1 1008 181  2.5 7  5.2  80    0    0 304 -354  1
4218500 2850500  4 20  4   6.5 1008 214  2.1 7  5.3  85    0    0 303 -353  1
4218500 2850500  4 20  5   6.0 1008 253  1.8 6  5.3  89    0    0 298 -354  1
4218500 2850500  4 20  6   6.0 1008 254  1.8 5  5.3  91   17   22 290 -353  1
4218500 2850500  4 20  7   8.2 1009 252  1.1 3  5.7  91   85   67 282 -355  1
4218500 2850500  4 20  8  11.6 1010 314  2.0 2  6.0  79  217   97 277 -362  1
4218500 2850500  4 20  9  13.8 1010 289  2.7 2  5.8  63  381  106 280 -373  1
4218500 2850500  4 20 10  15.0 1011 280  4.3 2  5.8  56  511  113 286 -389  1
4218500 2850500  4 20 11  16.1 1011 254  4.3 2  5.9  54  455  200 291 -406  1
4218500 2850500  4 20 12  17.0 1011 269  4.2 3  5.9  50  262  328 298 -420  1
4218500 2850500  4 20 13  16.9 1011 280  5.1 5  5.6  47  164  354 309 -426  1
4218500 2850500  4 20 14  18.0 1011 284  5.0 5  5.4  44  177  333 317 -429  1
4218500 2850500  4 20 15  18.2 1011 275  4.5 3  5.4  42  224  281 314 -430  1
4218500 2850500  4 20 16  17.8 1011 270  4.0 4  5.4  42  125  245 310 -426  1
4218500 2850500  4 20 17  17.2 1011 292  3.2 3  5.3  42   92  180 305 -419  1
4218500 2850500  4 20 18  16.7 1011 316  2.5 4  5.3  44   40  110 301 -408  1
4218500 2850500  4 20 19  15.5 1011 319  1.8 6  5.3  46    1   29 308 -394  1
4218500 2850500  4 20 20  13.2 1011  18  1.7 6  5.4  53    0    0 307 -379  1
4218500 2850500  4 20 21  12.1 1012  56  2.3 4  5.6  61    0    0 293 -368  1
4218500 2850500  4 20 22  11.8 1012  89  3.0 3  5.9  67    0    0 281 -363  1
4218500 2850500  4 20 23  11.3 1013  92  2.7 4  6.0  71    0    0 280 -359  1
4218500 2850500  4 20 24  10.4 1013  91  3.2 4  6.0  74    0    0 282 -357  1
4218500 2850500  4 21  1  10.0 1013  88  2.7 5  6.2  79    0    0 285 -353  1
4218500 2850500  4 21  2   9.3 1013 111  2.3 5  6.3  84    0    0 286 -351  1
4218500 2850500  4 21  3   8.3 1012  92  2.6 5  6.2  88    0    0 285 -350  1
4218500 2850500  4 21  4   8.4 1012 103  2.6 5  6.2  91    0    0 283 -348  1
4218500 2850500  4 21  5   7.8 1012 108  2.8 6  6.2  92    0    0 286 -346  1
4218500 2850500  4 21  6   8.7 1012  83  2.5 8  6.4  94    0    3 295 -346  1
4218500 2850500  4 21  7   9.9 1013 103  2.8 6  6.7  91    3   62 298 -349  1
4218500 2850500  4 21  8  10.6 1013 114  2.7 7  6.6  84    7  128 298 -357  1
4218500 2850500  4 21  9  12.6 1013 119  3.1 6  6.5  77  120  233 302 -371  1
4218500 2850500  4 21 10  15.6 1013 118  3.1 5  6.6  66  271  263 305 -387  1
4218500 2850500  4 21 11  17.8 1013 127  3.4 6  6.5  55  228  333 315 -404  1
4218500 2850500  4 21 12  19.0 1013 122  3.5 6  6.3  48  217  369 324 -419  1
4218500 2850500  4 21 13  19.7 1012 145  3.6 6  6.1  43  151  379 329 -431  1
4218500 2850500  4 21 14  20.0 1012 166  2.9 6  5.7  40  134  360 330 -436  1
4218500 2850500  4 21 15  19.8 1011 117  2.1 6  5.6  38   88  315 330 -436  1
4218500 2850500  4 21 16  20.1 1011 219  1.6 7  5.6  39   35  232 333 -433  1
4218500 2850500  4 21 17  19.9 1011 190  2.1 7  5.5  38    0   93 334 -427  1
4218500 2850500  4 21 18  18.0 1011 310  1.1 7  5.7  42    0   59 331 -416  1
4218500 2850500  4 21 19  16.0 1010 337  2.9 7  6.4  53    0    9 326 -403  1
4218500 2850500  4 21 20  13.6 1011  84  3.1 8  7.5  71    0    0 327 -389  1
4218500 2850500  4 21 21  12.5 1011  77  2.8 7  8.1  86    0    0 325 -379  1
4218500 2850500  4 21 22  12.3 1011  93  2.9 6  7.6  84    0    0 317 -374  1
4218500 2850500  4 21 23  13.2 1011 170  3.3 6  7.2  78    0    0 314 -369  1
4218500 2850500  4 21 24  12.8 1011 160  2.7 7  7.1  76    0    0 319 -365  1
4218500 2850500  4 22  1  11.0 1011  31  2.0 6  7.2  82    0    0 317 -362  1
4218500 2850500  4 22  2  10.0 1010  15  2.2 5  7.0  89    0    0 305 -360  1
4218500 2850500  4 22  3   9.5 1010  40  2.9 5  6.9  92    0    0 300 -360  1
4218500 2850500  4 22  4  10.2 1010  68  3.1 5  7.1  94    0    0 302 -359  1
4218500 2850500  4 22  5  10.2 1010  92  2.7 7  7.3  94    0    0 312 -358  1
4218500 2850500  4 22  6   9.8 1010  94  1.8 7  7.3  95    3   18 320 -358  1
4218500 2850500  4 22  7  10.3 1010  50  2.9 7  7.4  96    4   61 321 -360  1
4218500 2850500  4 22  8  11.3 1011 354  2.6 6  7.9  97    8  124 319 -366  1
4218500 2850500  4 22  9  12.4 1011  37  3.1 6  8.2  94   32  203 318 -376  1
4218500 2850500  4 22 10  12.7 1011 254  1.9 7  8.0  88    0  171 324 -391  1
4218500 2850500  4 22 11  12.9 1011 331  2.8 7  7.9  86    0  188 329 -407  1
4218500 2850500  4 22 12  12.7 1011 268  2.1 8  8.4  90    0  125 335 -420  1
4218500 2850500  4 22 13  12.1 1011 299  2.5 7  8.5  94    0  119 336 -432  1
4218500 2850500  4 22 14  11.7 1011 341  1.8 6  8.4  97    2  208 329 -438  1
4218500 2850500  4 22 15  13.4 1011   6  0.9 7  8.6  94   67  271 331 -440  1
4218500 2850500  4 22 16  14.5 1011 259  1.4 8  8.4  85   28  209 339 -436  1
4218500 2850500  4 22 17  14.5 1010 307  0.8 5  7.8  76   78  173 333 -429  1
4218500 2850500  4 22 18  14.1 1010 333  1.1 3  7.5  74  120   86 315 -421  1
4218500 2850500  4 22 19  13.1 1010   4  2.1 6  7.6  78   14   39 316 -409  1
4218500 2850500  4 22 20  12.5 1010  22  2.2 7  7.7  83    0    0 328 -397  1
4218500 2850500  4 22 21  11.6 1010  37  2.0 7  8.0  91    0    0 333 -387  1
4218500 2850500  4 22 22  11.5 1011 319  1.0 7  8.3  97    0    0 332 -381  1
4218500 2850500  4 22 23  10.9 1011  19  1.5 7  8.2  98    0    0 332 -378  1
4218500 2850500  4 22 24  10.4 1010 305  1.2 6  7.9  99    0    0 325 -376  1
4218500 2850500  4 23  1  10.0 1010 350  1.3 6  7.7  98    0    0 321 -374  1
4218500 2850500  4 23  2   9.1 1010 275  1.7 5  7.4  99    0    0 314 -371  1
4218500 2850500  4 23  3   9.7 1010 287  2.4 7  7.3  99    0    0 318 -369  1
4218500 2850500  4 23  4   9.6 1010 293  2.2 6  7.3  98    0    0 323 -370  1
4218500 2850500  4 23  5   9.1 1010 308  1.7 7  7.2  97    0    0 323 -371  1
4218500 2850500  4 23  6   9.4 1010  38  1.6 6  7.1  98    0    5 323 -372  1
4218500 2850500  4 23  7  10.1 1010  85  1.9 8  7.3  97    0   22 329 -374  1
4218500 2850500  4 23  8  10.4 1010 109  1.5 7  7.5  96    0   68 335 -378  1
4218500 2850500  4 23  9  11.1 1010 136  1.7 8  7.8  96    0  137 337 -387  1
4218500 2850500  4 23 10  12.8 1010 179  1.6 7  7.9  90   34  258 341 -397  1
4218500 2850500  4 23 11  13.5 1010 213  2.6 6  7.5  79  172  302 336 -406  1
4218500 2850500  4 23 12  13.8 1011 242  2.0 6  7.2  74   71  324 334 -415  1
4218500 2850500  4 23 13  13.8 1011 271  2.4 6  7.1  72   63  319 336 -422  1
4218500 2850500  4 23 14  14.3 1011 285  2.8 6  7.2  72  239  304 338 -420  1
4218500 2850500  4 23 15  15.3 1010 308  2.3 6  7.1  68  116  289 340 -411  1
4218500 2850500  4 23 16  15.7 1010 234  2.3 7  6.9  62    9  187 343 -405  1
4218500 2850500  4 23 17  15.2 1010 263  2.2 5  6.6  60  109  172 336 -406  1
4218500 2850500  4 23 18  14.6 1010 285  3.6 3  6.8  64   50  108 319 -404  1
4218500 2850500  4 23 19  13.2 1010 292  3.5 4  6.7  68    4   37 312 -397  1
4218500 2850500  4 23 20  11.8 1011 300  3.7 4  6.4  71    0    0 311 -390  1
4218500 2850500  4 23 21  10.6 1011 294  3.1 5  6.3  76    0    0 310 -386  1
4218500 2850500  4 23 22   9.8 1012 291  2.7 4  6.1  79    0    0 307 -384  1
4218500 2850500  4 23 23   9.4 1012 288  2.7 5  6.2  83    0    0 307 -383  1
4218500 2850500  4 23 24   9.1 1012 272  2.2 6  6.3  87    0    0 315 -383  1
4218500 2850500  4 24  1   8.6 1012 267  2.2 5  6.4  90    0    0 314 -381  1
4218500 2850500  4 24  2   8.6 1012 259  2.4 6  6.5  93    0    0 314 -379  1
4218500 2850500  4 24  3   8.4 1012 286  3.2 7  6.6  96    0    0 322 -375  1
4218500 2850500  4 24  4   8.3 1012 277  3.0 8  6.7  98    0    0 329 -371  1
4218500 2850500  4 24  5   8.4 1013 301  3.1 8  6.7  98    0    0 333 -371  1
4218500 2850500  4 24  6   8.7 1013 269  1.9 8  6.8  98    0    5 334 -373  1
4218500 2850500  4 24  7   9.4 1013 263  2.7 7  7.1  98    0   40 332 -377  1
4218500 2850500  4 24  8  10.0 1015 280  2.7 7  7.1  95    2  110 330 -382  1
4218500 2850500  4 24  9  10.2 1015 298  2.1 7  7.0  91    1  148 331 -385  1
4218500 2850500  4 24 10  10.9 1015 296  2.5 7  6.8  86    7  226 332 -389  1
4218500 2850500  4 24 11  11.6 1016 284  2.3 7  6.8  82   11  265 334 -403  1
4218500 2850500  4 24 12  12.2 1016 305  3.4 7  6.9  79    3  242 337 -418  1
4218500 2850500  4 24 13  13.1 1016 349  2.4 8  6.8  74    0  193 343 -428  1
4218500 2850500  4 24 14  13.4 1016 294  2.7 8  6.6  70    9  251 348 -431  1
4218500 2850500  4 24 15  14.1 1016 259  2.0 5  6.3  65   70  296 334 -436  1
4218500 2850500  4 24 16  14.0 1016 209  1.6 6  6.1  61   51  244 325 -439  1
4218500 2850500  4 24 17  14.2 1016 321  0.0 5  6.1  61  100  186 322 -433  1
4218500 2850500  4 24 18  14.3 1016  84  0.9 5  6.2  61   66  114 316 -423  1
4218500 2850500  4 24 19  13.4 1015  96  0.9 5  6.2  63   14   42 312 -411  1
4218500 2850500  4 24 20  11.3 1016 278  0.9 3  6.3  70    0    0 299 -399  1
4218500 2850500  4 24 21   9.9 1016  73  1.5 1  6.3  79    0    0 277 -388  1
4218500 2850500  4 24 22   8.3 1015  72  2.1 1  6.3  88    0    0 264 -381  1
4218500 2850500  4 24 23   8.6 1015  92  2.4 1  6.4  92    0    0 262 -377  1
4218500 2850500  4 24 24   8.7 1015 102  2.7 0  6.4  91    0    0 260 -373  1
4218500 2850500  4 25  1   7.1 1015  87  2.6 1  6.2  94    0    0 260 -370  1
4218500 2850500  4 25  2   7.2 1015  97  3.0 1  6.0  96    0    0 263 -368  1
4218500 2850500  4 25  3   6.9 1015 115  2.6 1  6.0  95    0    0 262 -366  1
4218500 2850500  4 25  4   6.4 1015 124  2.5 1  5.9  97    0    0 262 -364  1
4218500 2850500  4 25  5   6.1 1015 117  2.8 0  5.8  99    0    0 257 -364  1
4218500 2850500  4 25  6   6.1 1014 114  2.4 1  5.8  99   25   29 253 -363  1
4218500 2850500  4 25  7   8.5 1014 115  2.0 0  6.2  98  127   71 252 -366  1
4218500 2850500  4 25  8  11.7 1016 135  2.3 0  6.6  86  262   98 253 -377  1
4218500 2850500  4 25  9  14.0 1016 124  2.7 0  6.6  72  413  112 262 -393  1
4218500 2850500  4 25 10  16.1 1015 112  3.1 0  6.6  62  544  116 276 -411  1
4218500 2850500  4 25 11  17.3 1015 150  2.6 1  6.4  54  612  136 290 -431  1
4218500 2850500  4 25 12  18.4 1015 129  2.8 1  6.2  48  660  144 301 -448  1
4218500 2850500  4 25 13  19.3 1014 140  2.2 1  5.9  44  657  152 308 -461  1
4218500 2850500  4 25 14  20.2 1014 156  2.3 1  5.7  40  628  144 315 -469  1
4218500 2850500  4 25 15  20.5 1014 240  2.2 1  5.7  39  529  150 319 -471  1
4218500 2850500  4 25 16  21.2 1013 271  2.2 1  5.9  38  390  154 320 -468  1
4218500 2850500  4 25 17  21.4 1013 347  0.7 1  6.1  38  235  145 318 -459  1
4218500 2850500  4 25 18  20.8 1013 236  1.5 1  6.1  39  107  108 313 -447  1
4218500 2850500  4 25 19  19.3 1013 171  1.7 2  6.0  41   13   45 309 -433  1
4218500 2850500  4 25 20  16.4 1013 141  1.8 3  6.1  48    0    0 310 -420  1
4218500 2850500  4 25 21  14.4 1013  83  2.9 2  6.5  60    0    0 306 -409  1
4218500 2850500  4 25 22  13.6 1014  95  2.6 2  6.7  67    0    0 299 -399  1
4218500 2850500  4 25 23  13.3 1013  81  2.6 1  6.4  67    0    0 292 -392  1
4218500 2850500  4 25 24  11.1 1013 102  2.4 1  6.2  70    0    0 283 -386  1
4218500 2850500  4 26  1  11.1 1014 114  3.0 1  6.3  77    0    0 282 -381  1
4218500 2850500  4 26  2  11.2 1013 113  2.8 3  6.6  80    0    0 291 -379  1
4218500 2850500  4 26  3  11.0 1013 110  2.6 5  6.6  81    0    0 306 -377  1
4218500 2850500  4 26  4  10.0 1013 105  2.6 5  6.6  84    0    0 311 -376  1
4218500 2850500  4 26  5  10.9 1013 112  2.6 5  6.9  87    0    0 311 -375  1
4218500 2850500  4 26  6  11.1 1013 108  2.4 7  7.1  87    0   10 322 -373  1
4218500 2850500  4 26  7  12.8 1013 116  2.6 7  7.1  82    0   30 334 -376  1
4218500 2850500  4 26  8  13.8 1013 120  2.8 6  7.2  76    0   83 331 -385  1
4218500 2850500  4 26  9  15.4 1013 127  2.6 6  7.4  71   10  211 330 -402  1
4218500 2850500  4 26 10  16.6 1013 153  2.5 7  7.6  67   18  273 341 -421  1
4218500 2850500  4 26 11  19.5 1013 179  2.9 8  7.8  60   35  335 358 -439  1
4218500 2850500  4 26 12  20.1 1012 156  3.4 8  7.8  54    5  266 370 -455  1
4218500 2850500  4 26 13  20.4 1012 127  2.5 5  7.8  52   38  350 360 -466  1
4218500 2850500  4 26 14  21.4 1012 121  2.7 5  7.8  51  132  401 350 -473  1
4218500 2850500  4 26 15  22.5 1011  65  3.7 3  7.6  46  279  346 346 -466  1
4218500 2850500  4 26 16  22.4 1010  70  3.3 3  7.4  44  251  282 337 -443  1
4218500 2850500  4 26 17  22.1 1010  79  2.2 4  7.4  44  113  224 337 -430  1
4218500 2850500  4 26 18  20.5 1010  72  2.1 5  7.4  47   23  127 341 -428  1
4218500 2850500  4 26 19  19.7 1010  49  2.8 7  7.5  51    5   44 352 -418  1
4218500 2850500  4 26 20  19.1 1010 319  1.9 7  7.4  52    0    0 359 -408  1
4218500 2850500  4 26 21  18.1 1011 326  2.7 8  7.5  56    0    0 363 -401  1
4218500 2850500  4 26 22  17.5 1011 346  2.6 8  7.9  62    0    0 367 -394  1
4218500 2850500  4 26 23  16.5 1012 280  2.7 8  8.3  68    0    0 365 -389  1
4218500 2850500  4 26 24  15.6 1012 282  2.8 7  8.7  76    0    0 356 -386  1
4218500 2850500  4 27  1  14.9 1012 283  2.4 8  9.2  84    0    0 355 -383  1
4218500 2850500  4 27  2  14.1 1012 322  2.6 8  9.5  91    0    0 360 -383  1
4218500 2850500  4 27  3  13.6 1012 317  2.3 8  9.5  96    0    0 357 -382  1
4218500 2850500  4 27  4  13.5 1012 340  2.4 8  9.5  97    0    0 356 -382  1
4218500 2850500  4 27  5  13.4 1012 336  1.6 8  9.4  97    0    0 355 -381  1
4218500 2850500  4 27  6  13.5 1012 339  1.9 8  9.4  97    0   18 354 -380  1
4218500 2850500  4 27  7  13.6 1012 244  1.6 7  9.4  97    2   69 348 -380  1
4218500 2850500  4 27  8  13.8 1012  20  1.1 8  9.5  97    0   80 347 -382  1
4218500 2850500  4 27  9  14.1 1012  12  1.6 8  9.7  97    0   87 354 -384  1
4218500 2850500  4 27 10  14.5 1013 355  1.9 8  9.8  96    0  123 356 -384  1
4218500 2850500  4 27 11  14.7 1013 330  2.3 8 10.0  96    0  116 357 -385  1
4218500 2850500  4 27 12  14.9 1013 334  2.5 7 10.0  94    0  140 352 -388  1
4218500 2850500  4 27 13  14.8 1013 329  2.4 8  9.9  93    0  140 354 -389  1
4218500 2850500  4 27 14  15.4 1013 345  3.3 8  9.9  92    0  175 360 -388  1
4218500 2850500  4 27 15  15.5 1012 338  4.2 7  9.6  88    0  186 356 -388  1
4218500 2850500  4 27 16  14.8 1012 331  5.1 7  9.5  88    0  128 350 -388  1
4218500 2850500  4 27 17  14.4 1012 344  4.5 7  9.3  89    0  113 349 -387  1
4218500 2850500  4 27 18  13.9 1012 355  4.9 7  9.0  89    0   68 348 -385  1
4218500 2850500  4 27 19  13.5 1012 349  4.7 8  8.7  89    0   22 351 -382  1
4218500 2850500  4 27 20  12.9 1013 350  4.1 8  8.6  90    0    0 354 -379  1
4218500 2850500  4 27 21  12.0 1013 358  5.3 8  8.2  91    0    0 351 -371  1
4218500 2850500  4 27 22  11.1 1014   1  4.2 8  7.8  92    0    0 347 -361  1
4218500 2850500  4 27 23  10.5 1014 351  4.2 8  7.4  92    0    0 344 -353  1
4218500 2850500  4 27 24   9.8 1014 351  3.6 8  7.0  90    0    0 341 -348  1
4218500 2850500  4 28  1   9.2 1014 360  4.0 6  6.7  90    0    0 329 -344  1
4218500 2850500  4 28  2   8.9 1013 354  4.0 6  6.4  89    0    0 317 -341  1
4218500 2850500  4 28  3   8.6 1013 344  4.0 7  6.2  88    0    0 321 -337  1
4218500 2850500  4 28  4   7.4 1013 344  4.3 7  5.9  88    0    0 322 -333  1
4218500 2850500  4 28  5   6.7 1012 338  4.2 7  5.6  90    0    0 317 -331  1
4218500 2850500  4 28  6   7.2 1012 351  3.3 7  5.7  92    0   18 314 -330  1
4218500 2850500  4 28  7   7.9 1012 343  3.9 7  5.7  87   23   81 312 -333  1
4218500 2850500  4 28  8   8.7 1012 359  3.6 7  5.3  78   34  153 309 -341  1
4218500 2850500  4 28  9  10.0 1012   6  3.9 5  5.0  68  306  147 300 -352  1
4218500 2850500  4 28 10  12.3 1013 341  3.8 3  4.7  57  606   63 285 -367  1
4218500 2850500  4 28 11  13.5 1013   1  4.6 2  4.4  47  653   91 276 -382  1
4218500 2850500  4 28 12  13.0 1012 318  4.1 3  4.3  46  320  307 277 -394  1
4218500 2850500  4 28 13  13.7 1011 295  4.5 4  4.3  45  170  352 288 -402  1
4218500 2850500  4 28 14  14.6 1011 310  3.9 6  4.3  43   56  311 304 -404  1
4218500 2850500  4 28 15  13.6 1010 290  4.3 4  4.1  40  124  296 303 -402  1
4218500 2850500  4 28 16  14.6 1010 336  4.7 4  3.9  39  109  245 293 -399  1
4218500 2850500  4 28 17  13.4 1009 285  4.5 5  3.8  38   75  183 296 -390  1
4218500 2850500  4 28 18  13.4 1009 293  3.6 6  3.7  39   42  115 302 -379  1
4218500 2850500  4 28 19  12.1 1009 305  4.3 6  3.8  42   16   43 303 -370  1
4218500 2850500  4 28 20  10.3 1009 319  3.1 6  3.8  46    0    0 298 -360  1
4218500 2850500  4 28 21   9.1 1009 329  2.6 6  3.8  51    0    0 291 -354  1
4218500 2850500  4 28 22   8.4 1009 323  2.0 5  3.9  56    0    0 283 -352  1
4218500 2850500  4 28 23   8.7 1008   6  2.4 5  4.1  59    0    0 279 -351  1
4218500 2850500  4 28 24   7.9 1008 354  1.8 6  4.2  62    0    0 283 -349  1
4218500 2850500  4 29  1   8.4 1007  33  2.3 6  4.3  64    0    0 289 -348  1
4218500 2850500  4 29  2   7.9 1007  69  2.7 6  4.5  66    0    0 290 -346  1
4218500 2850500  4 29  3   7.8 1006  79  2.3 7  4.6  70    0    0 295 -344  1
4218500 2850500  4 29  4   7.5 1006 268  2.1 8  4.8  73    0    0 304 -343  1
4218500 2850500  4 29  5   6.9 1005 280  3.5 8  5.1  80    0    0 307 -343  1
4218500 2850500  4 29  6   6.5 1005 292  3.4 8  5.4  88    0    7 307 -342  1
4218500 2850500  4 29  7   6.8 1005 306  3.4 7  5.6  91    0   42 301 -342  1
4218500 2850500  4 29  8   7.1 1005 313  2.5 7  5.5  88    7  147 296 -344  1
4218500 2850500  4 29  9   7.7 1005 285  2.0 7  5.5  85    5  193 298 -349  1
4218500 2850500  4 29 10   8.2 1006 280  2.1 7  5.5  81    0  192 300 -358  1
4218500 2850500  4 29 11   8.3 1007 298  2.4 8  5.6  82    0  193 308 -364  1
4218500 2850500  4 29 12   7.8 1006 271  3.1 8  5.7  85    0  120 312 -369  1
4218500 2850500  4 29 13   7.2 1006 271  3.2 8  5.7  88    0  121 311 -376  1
4218500 2850500  4 29 14   6.6 1005 264  2.8 7  5.7  91    0  151 304 -382  1
4218500 2850500  4 29 15   6.6 1005 272  3.0 8  5.6  92    0  129 302 -386  1
4218500 2850500  4 29 16   6.6 1006 305  2.1 7  5.5  90    0  135 302 -387  1
4218500 2850500  4 29 17   6.7 1006 297  2.2 8  5.4  89    0   82 303 -383  1
4218500 2850500  4 29 18   6.6 1006 238  1.7 8  5.5  90    0   41 308 -375  1
4218500 2850500  4 29 19   6.4 1006 270  1.2 8  5.5  91    0   15 308 -369  1
4218500 2850500  4 29 20   6.1 1006 169  2.3 7  5.5  93    0    0 303 -364  1
4218500 2850500  4 29 21   6.1 1006 144  2.6 8  5.6  94    0    0 302 -356  1
4218500 2850500  4 29 22   6.1 1007 184  2.7 6  5.6  95    0    0 298 -350  1
4218500 2850500  4 29 23   5.1 1007 216  2.9 5  5.4  96    0    0 281 -348  1
4218500 2850500  4 29 24   4.5 1007 190  2.4 4  5.2  96    0    0 270 -348  1
4218500 2850500  4 30  1   4.1 1007 179  2.6 5  5.0  97    0    0 269 -348  1
4218500 2850500  4 30  2   3.7 1007 186  2.5 5  5.0  99    0    0 274 -347  1
4218500 2850500  4 30  3   3.6 1007 141  2.6 5  4.9  99    0    0 275 -346  1
4218500 2850500  4 30  4   3.4 1007 151  2.9 5  4.8  98    0    0 276 -345  1
4218500 2850500  4 30  5   3.3 1007 174  2.0 7  4.8  98    0    1 286 -343  1
4218500 2850500  4 30  6   3.7 1007 186  2.5 7  4.8  98    0    9 297 -343  1
4218500 2850500  4 30  7   4.5 1007 186  2.8 7  5.1  99    0   53 300 -348  1
4218500 2850500  4 30  8   5.5 1008 172  2.3 7  5.3  97   13  137 303 -356  1
4218500 2850500  4 30  9   7.0 1008 172  2.0 6  5.5  92    9  186 303 -366  1
4218500 2850500  4 30 10   7.4 1008 160  2.5 7  5.4  85    2  201 306 -374  1
4218500 2850500  4 30 11   8.0 1009 163  3.4 7  5.2  80   32  290 314 -381  1
4218500 2850500  4 30 12   8.8 1009 180  4.2 7  5.1  74   86  329 317 -388  1
4218500 2850500  4 30 13  10.3 1010 168  3.5 6  4.9  66  138  337 315 -390  1
4218500 2850500  4 30 14  10.9 1009 163  3.9 5  4.7  59  295  280 313 -391  1
4218500 2850500  4 30 15  11.7 1010 180  3.8 4  4.4  53  313  227 309 -394  1
4218500 2850500  4 30 16  12.1 1009 163  3.9 4  4.2  48  299  169 308 -391  1
4218500 2850500  4 30 17  12.6 1009 146  3.3 3  4.1  46  359   73 305 -385  1
4218500 2850500  4 30 18  11.8 1009 115  3.0 3  3.9  44  167   71 299 -378  1
4218500 2850500  4 30 19  10.7 1009 139  2.7 4  3.8  46   32   41 298 -373  1
4218500 2850500  4 30 20   8.9 1009 265  3.3 5  3.9  52    0    0 300 -369  1
4218500 2850500  4 30 21   8.8 1010 235  1.8 5  4.2  60    0    0 301 -366  1
4218500 2850500  4 30 22   7.4 1009  19  1.9 4  4.6  68    0    0 295 -364  1
4218500 2850500  4 30 23   5.9 1009  92  2.4 4  4.8  78    0    0 286 -362  1
4218500 2850500  4 30 24   6.1 1009 118  2.9 4  5.0  86    0    0 284 -360  1
4218500 2850500  5  1  1   5.5 1009 123  3.1 6  5.1  90    0    0 304 -359  1
4218500 2850500  5  1  2   5.8 1009 124  3.2 6  5.1  90    0    0 303 -359  1
4218500 2850500  5  1  3   5.3 1008 118  2.7 7  5.2  91    0    0 308 -358  1
4218500 2850500  5  1  4   5.1 1008 135  2.6 7  5.1  93    0    0 312 -357  1
4218500 2850500  5  1  5   4.9 1008 113  2.2 8  5.1  93    0    3 316 -357  1
4218500 2850500  5  1  6   4.5 1008 120  2.5 8  5.1  95   15   40 321 -357  1
4218500 2850500  5  1  7   6.2 1008 118  3.1 4  5.3  94  132   86 303 -356  1
4218500 2850500  5  1  8   8.1 1008 122  2.7 3  5.5  87  287  105 283 -357  1
4218500 2850500  5  1  9  10.4 1009 107  3.6 2  5.4  74  428  117 279 -362  1
4218500 2850500  5  1 10  12.0 1009 114  2.9 2  5.2  62  550  127 278 -372  1
4218500 2850500  5  1 11  12.5 1009 187  2.4 2  4.9  56  630  140 280 -379  1
4218500 2850500  5  1 12  14.4 1008 126  2.7 2  4.7  49  454  274 285 -383  1
4218500 2850500  5  1 13  15.0 1008 114  2.5 3  4.5  43  309  344 295 -388  1
4218500 2850500  5  1 14  15.9 1007 114  2.6 5  4.3  39  158  353 313 -393  1
4218500 2850500  5  1 15  14.3 1007 163  2.1 6  4.2  39   19  244 322 -394  1
4218500 2850500  5  1 16  15.6 1007 172  3.2 3  4.1  39  250  235 310 -388  1
4218500 2850500  5  1 17  15.7 1007 142  3.2 2  4.3  39  250  155 290 -382  1
4218500 2850500  5  1 18  14.7 1007 143  3.3 1  4.3  40  122  120 274 -380  1
4218500 2850500  5  1 19  12.4 1007 115  3.4 3  4.4  45   25   61 268 -374  1
4218500 2850500  5  1 20  11.3 1007 118  3.7 5  4.7  54    0    0 281 -368  1
4218500 2850500  5  1 21  10.7 1007 109  3.8 7  5.0  60    0    0 303 -362  1
4218500 2850500  5  1 22   9.7 1007 117  4.5 7  5.1  66    0    0 314 -360  1
4218500 2850500  5  1 23   9.6 1007 133  3.8 7  5.2  69    0    0 314 -359  1
4218500 2850500  5  1 24   9.6 1007 129  3.1 8  5.3  70    0    0 321 -357  1
4218500 2850500  5  2  1   9.4 1007 172  2.7 8  5.3  71    0    0 324 -354  1
4218500 2850500  5  2  2   9.2 1007 153  2.2 8  5.3  72    0    0 323 -350  1
4218500 2850500  5  2  3   9.3 1007 163  2.4 8  5.3  72    0    0 322 -346  1
4218500 2850500  5  2  4   9.2 1008 169  2.8 8  5.3  72    0    0 323 -343  1
4218500 2850500  5  2  5   8.9 1008 190  3.0 8  5.6  78    0    3 324 -340  1
4218500 2850500  5  2  6   8.8 1008 182  2.9 7  6.1  86   11   35 321 -339  1
4218500 2850500  5  2  7  10.0 1009 193  3.2 4  6.7  90  140   64 303 -343  1
4218500 2850500  5  2  8  11.6 1009 230  3.3 6  6.9  85   75  160 302 -353  1
4218500 2850500  5  2  9  12.5 1010 224  3.4 7  6.9  78   25  212 321 -366  1
4218500 2850500  5  2 10  14.3 1010 239  3.5 5  6.8  71  322  211 318 -379  1
4218500 2850500  5  2 11  14.1 1011 217  3.0 6  6.8  68   95  312 316 -392  1
4218500 2850500  5  2 12  15.0 1011 210  3.5 6  6.7  65   33  294 321 -403  1
4218500 2850500  5  2 13  15.8 1011 239  2.8 4  6.5  60  144  338 317 -412  1
4218500 2850500  5  2 14  16.8 1011 206  3.4 5  6.4  55  116  316 317 -417  1
4218500 2850500  5  2 15  17.5 1012 233  2.3 5  6.2  51  100  273 320 -420  1
4218500 2850500  5  2 16  17.4 1012 245  2.5 4  5.9  47  161  225 315 -418  1
4218500 2850500  5  2 17  17.4 1012 202  2.1 3  5.7  46  230  137 308 -411  1
4218500 2850500  5  2 18  17.5 1013 169  1.9 2  5.6  45  139   96 301 -400  1
4218500 2850500  5  2 19  16.2 1013 169  1.6 1  5.4  46   30   55 293 -388  1
4218500 2850500  5  2 20  13.8 1013 143  2.0 1  5.4  51    0    0 285 -377  1
4218500 2850500  5  2 21  11.1 1014 130  2.4 1  5.6  62    0    0 277 -369  1
4218500 2850500  5  2 22   9.9 1014 137  2.3 1  5.7  72    0    0 271 -364  1
4218500 2850500  5  2 23  10.2 1014 114  2.7 1  5.7  74    0    0 270 -360  1
4218500 2850500  5  2 24   8.1 1014 105  2.8 0  5.7  79    0    0 264 -357  1
4218500 2850500  5  3  1   7.6 1014 120  2.6 1  5.9  90    0    0 260 -354  1
4218500 2850500  5  3  2   7.9 1014 119  2.7 1  6.1  92    0    0 263 -351  1
4218500 2850500  5  3  3   6.9 1014 109  2.6 1  5.9  92    0    0 262 -349  1
4218500 2850500  5  3  4   6.4 1014 104  2.4 1  5.9  96    0    0 260 -348  1
4218500 2850500  5  3  5   6.6 1015 116  3.1 1  5.8  96    0    4 260 -347  1
4218500 2850500  5  3  6   7.8 1015 115  2.6 1  6.1  96   34   43 262 -347  1
4218500 2850500  5  3  7  10.3 1016 102  1.9 0  6.8  94  158   77 264 -352  1
4218500 2850500  5  3  8  13.3 1017 128  2.4 0  7.2  84  305   95 267 -363  1
4218500 2850500  5  3  9  17.0 1017 112  2.5 0  7.2  67  455  104 277 -377  1
4218500 2850500  5  3 10  19.4 1017 109  3.7 0  7.1  54  581  109 289 -392  1
4218500 2850500  5  3 11  20.4 1017 122  3.6 0  6.9  48  671  114 298 -409  1
4218500 2850500  5  3 12  21.6 1016 150  4.2 1  6.4  41  692  131 307 -424  1
4218500 2850500  5  3 13  22.3 1016 161  3.5 1  6.1  38  622  181 314 -435  1
4218500 2850500  5  3 14  23.0 1016 132  3.2 1  6.3  37  599  170 318 -442  1
4218500 2850500  5  3 15  23.2 1016 163  3.2 1  6.2  35  506  174 320 -443  1
4218500 2850500  5  3 16  23.4 1016 136  3.0 1  6.0  34  379  173 320 -440  1
4218500 2850500  5  3 17  23.2 1016 134  3.2 1  5.8  32  252  151 318 -433  1
4218500 2850500  5  3 18  22.4 1016 124  2.5 1  5.7  33  132  115 314 -422  1
4218500 2850500  5  3 19  20.6 1016 109  3.3 1  5.7  36   25   61 309 -407  1
4218500 2850500  5  3 20  18.7 1017  85  3.9 1  5.7  40    0    1 303 -392  1
4218500 2850500  5  3 21  17.4 1017  86  4.2 1  5.9  46    0    0 298 -381  1
4218500 2850500  5  3 22  16.6 1018  97  4.0 1  6.3  53    0    0 295 -373  1
4218500 2850500  5  3 23  15.6 1018  98  4.0 0  6.6  58    0    0 290 -370  1
4218500 2850500  5  3 24  14.7 1018  97  3.9 0  6.7  62    0    0 284 -367  1
4218500 2850500  5  4  1  13.8 1019  99  3.8 1  6.6  66    0    0 284 -364  1
4218500 2850500  5  4  2  13.3 1019  95  4.0 1  6.7  69    0    0 283 -362  1
4218500 2850500  5  4  3  13.3 1019  95  3.6 1  6.7  71    0    0 282 -359  1
4218500 2850500  5  4  4  11.8 1019  88  3.1 1  6.7  74    0    0 279 -357  1
4218500 2850500  5  4  5  11.0 1019  79  3.0 3  6.8  81    0    2 278 -354  1
4218500 2850500  5  4  6  11.6 1020  87  2.8 4  7.0  84   12   39 285 -353  1
4218500 2850500  5  4  7  13.3 1020  96  2.8 4  7.3  82  107   94 290 -356  1
4218500 2850500  5  4  8  15.3 1021 112  2.7 2  7.6  75  271  108 288 -364  1
4218500 2850500  5  4  9  17.6 1021  79  3.7 2  7.8  67  430  115 288 -377  1
4218500 2850500  5  4 10  19.8 1021  77  4.4 2  8.0  60  564  119 296 -392  1
4218500 2850500  5  4 11  20.7 1021 105  4.6 2  8.0  54  650  129 302 -408  1
4218500 2850500  5  4 12  21.7 1021 106  5.3 2  7.6  48  553  220 307 -422  1
4218500 2850500  5  4 13  22.6 1020 107  5.6 3  7.1  43  512  250 314 -431  1
4218500 2850500  5  4 14  22.7 1020 113  5.9 2  6.7  39  481  244 316 -436  1
4218500 2850500  5  4 15  22.6 1020  93  6.1 2  6.5  38  422  226 313 -436  1
4218500 2850500  5  4 16  22.6 1020  98  6.3 1  6.4  37  358  187 309 -432  1
4218500 2850500  5  4 17  22.2 1020  97  6.6 1  6.3  38  243  157 305 -425  1
4218500 2850500  5  4 18  21.3 1020  88  5.6 1  6.0  37  130  117 303 -416  1
4218500 2850500  5  4 19  20.4 1020  96  5.2 0  5.5  36   27   62 295 -403  1
4218500 2850500  5  4 20  18.4 1020  84  4.6 0  5.3  38    0    3 286 -390  1
4218500 2850500  5  4 21  17.0 1020  85  4.0 1  5.2  41    0    0 283 -378  1
4218500 2850500  5  4 22  15.7 1021  87  4.0 1  5.1  44    0    0 282 -371  1
4218500 2850500  5  4 23  14.6 1021  88  3.6 1  5.0  47    0    0 279 -367  1
4218500 2850500  5  4 24  14.0 1021  85  3.7 1  4.9  49    0    0 276 -363  1
4218500 2850500  5  5  1  13.0 1021  86  3.7 0  4.9  51    0    0 271 -358  1
4218500 2850500  5  5  2  11.8 1021  94  3.3 0  5.0  57    0    0 265 -354  1
4218500 2850500  5  5  3  11.4 1020  95  3.7 1  5.3  63    0    0 268 -352  1
4218500 2850500  5  5  4  10.7 1021  96  3.7 1  5.7  70    0    0 272 -350  1
4218500 2850500  5  5  5  10.0 1021  98  3.4 1  6.0  78    0    3 271 -349  1
4218500 2850500  5  5  6  11.2 1021  90  3.3 1  6.5  83   30   43 273 -350  1
4218500 2850500  5  5  7  13.2 1022  95  3.4 0  7.1  80  143   84 273 -354  1
4218500 2850500  5  5  8  15.2 1023  88  3.2 0  7.5  75  280  108 273 -360  1
4218500 2850500  5  5  9  18.1 1023  98  3.6 0  7.7  66  430  118 281 -368  1
4218500 2850500  5  5 10  19.9 1023 111  3.7 0  7.6  56  556  125 290 -380  1
4218500 2850500  5  5 11  21.0 1023 114  4.7 1  7.3  49  523  202 298 -397  1
4218500 2850500  5  5 12  22.1 1022 111  5.7 1  6.8  43  487  258 306 -413  1
4218500 2850500  5  5 13  22.5 1022 131  7.1 2  5.9  36  526  244 311 -426  1
4218500 2850500  5  5 14  22.2 1022 119  6.5 2  5.3  32  409  282 315 -435  1
4218500 2850500  5  5 15  22.6 1021 106  6.8 2  5.2  31  347  264 314 -432  1
4218500 2850500  5  5 16  22.6 1021 120  6.3 2  4.9  29  369  182 314 -425  1
4218500 2850500  5  5 17  22.3 1021 106  6.1 1  4.6  27  244  158 308 -422  1
4218500 2850500  5  5 18  21.7 1021  86  5.6 0  4.7  29  114  122 299 -415  1
4218500 2850500  5  5 19  20.0 1021  81  5.0 0  4.9  32   23   61 293 -405  1
4218500 2850500  5  5 20  18.4 1021  84  4.5 0  4.7  35    0    4 286 -396  1
4218500 2850500  5  5 21  16.9 1022  83  4.1 0  4.6  38    0    0 281 -389  1
4218500 2850500  5  5 22  15.5 1022  82  3.9 0  4.6  41    0    0 277 -385  1
4218500 2850500  5  5 23  14.4 1022  81  3.7 0  4.7  45    0    0 272 -381  1
4218500 2850500  5  5 24  13.6 1022  81  3.6 0  5.0  50    0    0 268 -377  1
4218500 2850500  5  6  1  13.0 1010  80  3.4 1  5.2  55    0    0 280 -371  1
4218500 2850500  5  6  2  12.4 1010  82  3.3 1  5.5  60    0    0 275 -365  1
4218500 2850500  5  6  3  11.9 1010  80  3.2 2  5.6  64    0    0 278 -359  1
4218500 2850500  5  6  4  11.4 1010  79  3.1 2  5.7  67    0    0 277 -353  1
4218500 2850500  5  6  5  11.9 1010  80  3.0 2  5.7  67    1    7 272 -348  1
4218500 2850500  5  6  6  11.2 1010  80  2.8 2  5.8  72   45   45 271 -347  1
4218500 2850500  5  6  7  13.9 1011  98  2.4 1  6.0  66  161   81 272 -355  1
4218500 2850500  5  6  8  15.9 1011  87  1.7 1  6.4  61  307   96 275 -374  1
4218500 2850500  5  6  9  18.3 1011   4  1.6 1  6.7  55  442  112 282 -399  1
4218500 2850500  5  6 10  20.7 1010  85  2.0 1  6.7  48  556  124 290 -423  1
4218500 2850500  5  6 11  21.7 1010  91  2.5 2  6.4  41  590  153 299 -445  1
4218500 2850500  5  6 12  22.1 1010 105  2.2 2  5.6  34  570  201 304 -463  1
4218500 2850500  5  6 13  22.4 1009  93  1.8 2  5.1  31  574  205 305 -474  1
4218500 2850500  5  6 14  22.7 1009  79  2.3 2  4.9  29  523  212 307 -477  1
4218500 2850500  5  6 15  23.0 1008  78  1.7 2  5.3  31  411  226 310 -476  1
4218500 2850500  5  6 16  23.2 1008 356  0.7 1  5.7  32  348  185 309 -474  1
4218500 2850500  5  6 17  22.9 1007 281  1.8 1  5.0  28  249  147 303 -469  1
4218500 2850500  5  6 18  22.5 1007 340  2.1 3  5.0  29   47  134 308 -457  1
4218500 2850500  5  6 19  21.7 1007 291  2.5 3  5.1  31    2   49 315 -442  1
4218500 2850500  5  6 20  18.1 1006 290  2.1 2  4.9  34    0    7 304 -425  1
4218500 2850500  5  6 21  15.2 1006 271  0.9 1  5.4  46    0    0 290 -409  1
4218500 2850500  5  6 22  13.4 1007 245  2.4 2  5.8  57    0    0 286 -401  1
4218500 2850500  5  6 23  15.3 1006 286  3.8 3  5.9  58    0    0 297 -396  1
4218500 2850500  5  6 24  14.0 1006 274  3.1 5  6.0  57    0    0 311 -392  1
4218500 2850500  5  7  1  13.9 1006 263  2.5 6  6.2  62    0    0 319 -390  1
4218500 2850500  5  7  2  14.7 1006 271  3.2 7  6.4  62    0    0 328 -389  1
4218500 2850500  5  7  3  15.3 1005 284  3.6 7  6.3  59    0    0 335 -389  1
4218500 2850500  5  7  4  14.6 1005 296  2.9 7  6.3  59    0    0 336 -390  1
4218500 2850500  5  7  5  13.8 1005 301  2.2 7  6.2  61    0    2 334 -391  1
4218500 2850500  5  7  6  13.9 1005 269  3.4 7  6.5  65    0   16 336 -389  1
4218500 2850500  5  7  7  13.6 1005 262  4.2 8  7.1  72    0   36 343 -389  1
4218500 2850500  5  7  8  14.5 1005 263  4.2 7  7.7  76    3  136 347 -391  1
4218500 2850500  5  7  9  14.4 1005 260  4.5 7  7.8  75    1  168 346 -396  1
4218500 2850500  5  7 10  13.7 1005 271  4.2 8  8.0  79    0  102 354 -399  1
4218500 2850500  5  7 11  12.7 1005 283  3.9 8  8.5  89    0  133 360 -398  1
4218500 2850500  5  7 12  12.4 1005 271  3.7 8  8.7  95    0  131 359 -398  1
4218500 2850500  5  7 13  12.9 1005 250  4.0 8  8.8  96    0  131 361 -402  1
4218500 2850500  5  7 14  12.5 1005 236  4.0 8  8.8  95    0  131 361 -403  1
4218500 2850500  5  7 15  12.5 1004 190  3.0 7  8.6  94    0  193 354 -398  1
4218500 2850500  5  7 16  13.4 1003 210  3.4 8  8.8  93    0  110 356 -392  1
4218500 2850500  5  7 17  13.2 1002 192  3.4 8  9.2  95    0   54 364 -393  1
4218500 2850500  5  7 18  13.4 1001 199  3.3 8  9.5  99    0   36 365 -392  1
4218500 2850500  5  7 19  13.5 1000 264  4.6 8  9.7  99    0   14 366 -388  1
4218500 2850500  5  7 20  13.0  999 272  3.0 8  9.4  98    0    1 366 -384  1
4218500 2850500  5  7 21  12.5  999 241  3.4 8  9.1  98    0    0 364 -383  1
4218500 2850500  5  7 22  12.2  998 260  3.2 8  9.0  98    0    0 361 -384  1
4218500 2850500  5  7 23  11.7  997 253  4.7 8  8.6  97    0    0 358 -383  1
4218500 2850500  5  7 24  11.4  998 258  4.3 8  8.5  98    0    0 356 -378  1
4218500 2850500  5  8  1  11.3  998 292  4.0 8  8.3  97    0    0 354 -375  1
4218500 2850500  5  8  2  11.0  998 286  3.2 8  8.1  97    0    0 353 -373  1
4218500 2850500  5  8  3  10.8  998 301  2.9 8  7.9  96    0    0 351 -370  1
4218500 2850500  5  8  4  10.7  999 287  3.7 8  7.8  95    0    0 349 -369  1
4218500 2850500  5  8  5  10.4  999 283  3.2 8  7.7  95    0    1 349 -368  1
4218500 2850500  5  8  6  10.5 1000 279  3.8 8  7.6  95    0   26 347 -368  1
4218500 2850500  5  8  7  11.2 1000 288  4.3 7  7.8  94    2   72 343 -369  1
4218500 2850500  5  8  8  11.3 1001 272  5.2 6  7.6  90  108  155 331 -372  1
4218500 2850500  5  8  9  12.9 1001 264  5.7 5  7.1  80  225  187 320 -379  1
4218500 2850500  5  8 10  13.6 1001 266  6.7 6  6.8  71  177  261 322 -386  1
4218500 2850500  5  8 11  14.1 1001 258  6.0 6  6.9  69   62  290 331 -389  1
4218500 2850500  5  8 12  15.0 1001 283  6.5 7  6.9  66   53  301 337 -395  1
4218500 2850500  5  8 13  12.7 1001 281  6.5 5  7.2  72  218  313 328 -396  1
4218500 2850500  5  8 14  10.9 1001 235  4.9 7  7.3  83   84  303 319 -391  1
4218500 2850500  5  8 15  13.6 1001 272  4.6 4  7.1  79  148  275 314 -400  1
4218500 2850500  5  8 16  12.5 1001 286  5.1 7  6.7  71   20  214 314 -405  1
4218500 2850500  5  8 17  12.5 1001 258  4.1 7  6.2  68    0   99 323 -400  1
4218500 2850500  5  8 18  11.2 1001 259  3.8 5  6.8  77   14  110 314 -395  1
4218500 2850500  5  8 19   9.9 1001 242  4.7 7  7.2  90    0   32 312 -389  1
4218500 2850500  5  8 20   9.0 1001 228  4.5 6  7.0  93    0    1 314 -381  1
4218500 2850500  5  8 21   8.9 1001 238  4.0 6  6.8  95    0    0 307 -375  1
4218500 2850500  5  8 22   8.7 1001 204  3.8 6  6.8  95    0    0 307 -374  1
4218500 2850500  5  8 23   9.1 1001 215  4.5 7  6.9  96    0    0 313 -373  1
4218500 2850500  5  8 24   9.5 1000 213  4.2 8  7.0  94    0    0 326 -370  1
4218500 2850500  5  9  1   9.8 1000 232  6.1 7  7.1  93    0    0 329 -367  1
4218500 2850500  5  9  2  10.2  999 272  6.9 7  7.0  91    0    0 326 -365  1
4218500 2850500  5  9  3   9.6 1000 272  6.8 6  6.7  87    0    0 322 -364  1
4218500 2850500  5  9  4   9.2 1001 270  6.5 5  6.4  86    0    0 310 -362  1
4218500 2850500  5  9  5   8.9 1001 261  5.5 4  6.2  86    0    5 299 -360  1
4218500 2850500  5  9  6   9.7 1001 263  5.2 5  6.3  85    6   34 300 -360  1
4218500 2850500  5  9  7  10.6 1002 266  6.2 7  6.5  84   61   91 319 -364  1
4218500 2850500  5  9  8  11.3 1002 280  6.7 6  6.5  79   78  157 326 -371  1
4218500 2850500  5  9  9  12.2 1002 280  7.9 6  6.1  70  141  207 321 -380  1
4218500 2850500  5  9 10  13.1 1003 278  8.6 4  5.8  63  296  217 313 -388  1
4218500 2850500  5  9 11  13.5 1003 289  8.8 3  5.5  58  310  259 301 -395  1
4218500 2850500  5  9 12  14.1 1003 301  8.9 6  5.3  54  164  313 313 -404  1
4218500 2850500  5  9 13  15.0 1004 292  8.0 5  5.3  51  200  312 324 -410  1
4218500 2850500  5  9 14  14.9 1004 296  8.5 7  5.1  48  106  304 328 -410  1
4218500 2850500  5  9 15  16.0 1004 288  7.6 4  4.9  45  137  276 324 -410  1
4218500 2850500  5  9 16  16.3 1005 275  7.0 3  5.3  46  215  206 305 -409  1
4218500 2850500  5  9 17  15.8 1005 301  5.9 4  5.7  50  293   95 304 -407  1
4218500 2850500  5  9 18  15.5 1005 279  5.9 4  5.5  50  100  106 308 -401  1
4218500 2850500  5  9 19  14.5 1005 292  4.3 6  5.4  50   18   58 317 -394  1
4218500 2850500  5  9 20  13.3 1005 263  3.1 6  5.8  58    0    6 326 -389  1
4218500 2850500  5  9 21  12.9 1006 265  2.9 6  6.3  66    0    0 326 -384  1
4218500 2850500  5  9 22  11.9 1007 270  2.5 5  6.6  73    0    0 320 -381  1
4218500 2850500  5  9 23  10.7 1007 265  2.1 3  6.6  79    0    0 302 -378  1
4218500 2850500  5  9 24  10.4 1007 240  2.3 4  6.7  84    0    0 295 -374  1
4218500 2850500  5 10  1   9.8 1007 230  2.2 7  6.9  90    0    0 313 -370  1
4218500 2850500  5 10  2   9.5 1006 205  1.7 8  7.0  94    0    0 331 -365  1
4218500 2850500  5 10  3   9.8 1006 204  2.5 8  7.1  94    0    0 335 -363  1
4218500 2850500  5 10  4   9.4 1005 207  3.2 8  7.2  95    0    0 335 -363  1
4218500 2850500  5 10  5   9.7 1005 191  3.3 8  7.2  96    0    1 335 -364  1
4218500 2850500  5 10  6  10.2 1004 192  3.6 8  7.5  97    0   16 337 -365  1
4218500 2850500  5 10  7  11.0 1003 205  4.1 7  7.9  98    0   43 335 -367  1
4218500 2850500  5 10  8  11.7 1002 222  4.4 7  8.3  98    0   75 335 -368  1
4218500 2850500  5 10  9  12.8 1002 241  5.7 7  8.8  98    1  156 343 -370  1
4218500 2850500  5 10 10  13.4 1002 242  6.2 7  9.2  97   25  242 349 -373  1
4218500 2850500  5 10 11  14.4 1002 234  6.7 6  9.3  93   60  292 350 -376  1
4218500 2850500  5 10 12  15.9 1002 254  7.5 6  9.1  83   62  306 352 -384  1
4218500 2850500  5 10 13  15.9 1002 257  5.7 7  9.1  80   15  270 356 -399  1
4218500 2850500  5 10 14  14.6 1001 269  6.2 7  9.5  87   17  263 355 -412  1
4218500 2850500  5 10 15  15.3 1002 261  6.7 6  9.8  91   22  249 349 -416  1
4218500 2850500  5 10 16  16.0 1001 256  5.9 8  9.4  83    1  167 352 -412  1
4218500 2850500  5 10 17  14.0 1001 278  6.8 7  8.8  82    1  131 351 -407  1
4218500 2850500  5 10 18  15.6 1001 267  5.5 7  8.5  80    0   70 346 -402  1
4218500 2850500  5 10 19  15.1 1001 268  5.2 7  8.1  73    0   30 347 -395  1
4218500 2850500  5 10 20  14.9 1001 255  3.7 7  8.1  75    0    2 348 -389  1
4218500 2850500  5 10 21  14.6 1001 245  3.4 8  8.0  76    0    0 351 -383  1
4218500 2850500  5 10 22  13.9 1001 256  2.4 8  8.1  79    0    0 353 -378  1
4218500 2850500  5 10 23  13.3 1001 224  2.2 7  8.3  84    0    0 349 -376  1
4218500 2850500  5 10 24  12.3 1001 251  1.8 7  8.4  90    0    0 344 -375  1
4218500 2850500  5 11  1  11.7 1000 186  2.2 6  8.3  94    0    0 338 -374  1
4218500 2850500  5 11  2  10.1 1000 129  2.0 5  7.8  95    0    0 324 -373  1
4218500 2850500  5 11  3  10.7  998 143  3.0 5  7.7  96    0    0 317 -371  1
4218500 2850500  5 11  4  11.1  997 137  2.8 8  8.1  97    0    0 333 -370  1
4218500 2850500  5 11  5  11.6  996 147  2.6 8  8.3  98    0    1 349 -371  1
4218500 2850500  5 11  6  12.2  994 161  3.2 7  8.6  97    0   17 345 -372  1
4218500 2850500  5 11  7  12.8  993 191  3.7 6  8.9  96   47  104 335 -374  1
4218500 2850500  5 11  8  15.3  993 230  5.2 5  9.0  88  320   90 328 -377  1
4218500 2850500  5 11  9  17.2  993 249  5.2 6  9.0  76  142  233 335 -379  1
4218500 2850500  5 11 10  17.2  993 207  4.5 6  8.9  71    2  199 346 -380  1
4218500 2850500  5 11 11  12.5  992 253  5.4 5  8.7  81   17  266 334 -381  1
4218500 2850500  5 11 12  13.7  994 239  6.1 7  8.9  93   26  291 335 -387  1
4218500 2850500  5 11 13  16.7  993 243  7.2 7  9.2  84   19  287 350 -393  1
4218500 2850500  5 11 14  17.3  993 244  8.0 8  9.2  74    0  136 361 -397  1
4218500 2850500  5 11 15  16.2  994 249 10.7 6  8.7  72    1  195 353 -403  1
4218500 2850500  5 11 16  17.0  994 258 10.6 6  7.9  66   18  220 339 -403  1
4218500 2850500  5 11 17  15.2  995 260  9.5 7  7.1  61    0  113 339 -392  1
4218500 2850500  5 11 18  14.2  996 249 10.0 8  7.1  67    0   41 344 -381  1
4218500 2850500  5 11 19  11.8  997 267  8.4 7  7.4  78    0   27 337 -375  1
4218500 2850500  5 11 20  11.6 1000 258  7.2 7  7.2  82    0    1 325 -371  1
4218500 2850500  5 11 21   9.4 1001 269  5.7 5  6.8  85    0    0 307 -368  1
4218500 2850500  5 11 22   9.3 1002 258  5.3 3  6.7  91    0    0 276 -366  1
4218500 2850500  5 11 23   9.6 1002 257  4.8 4  6.8  91    0    0 272 -364  1
4218500 2850500  5 11 24   9.4 1003 261  4.4 6  6.9  92    0    0 291 -362  1
4218500 2850500  5 12  1   9.6 1003 266  3.6 4  6.9  92    0    0 290 -359  1
4218500 2850500  5 12  2   9.3 1003 252  3.3 4  6.8  91    0    0 276 -359  1
4218500 2850500  5 12  3   8.7 1003 226  2.6 4  6.6  92    0    0 276 -360  1
4218500 2850500  5 12  4   8.0 1003 198  3.1 3  6.4  93    0    0 273 -361  1
4218500 2850500  5 12  5   7.8 1003 183  2.3 5  6.3  94    0    3 281 -363  1
4218500 2850500  5 12  6   8.1 1002 168  2.3 8  6.4  95    0   18 312 -365  1
4218500 2850500  5 12  7   9.3 1002 230  2.7 8  6.7  94    0   28 335 -367  1
4218500 2850500  5 12  8  10.0 1002  86  3.0 8  6.9  91    0   52 337 -368  1
4218500 2850500  5 12  9  10.4 1002 177  4.2 8  7.1  90    0  148 338 -369  1
4218500 2850500  5 12 10  12.1 1001 191  3.3 8  7.5  89    4  211 342 -375  1
4218500 2850500  5 12 11  11.2 1001 169  4.2 8  7.7  88    0  104 345 -388  1
4218500 2850500  5 12 12  10.6 1001 176  4.4 7  7.7  93    0  143 340 -406  1
4218500 2850500  5 12 13  12.8 1001 258  4.1 6  8.2  94    7  256 334 -420  1
4218500 2850500  5 12 14  15.3 1001 228  5.7 6  8.4  83  123  325 336 -423  1
4218500 2850500  5 12 15  16.2 1002 288  5.5 5  7.9  70  171  289 336 -418  1
4218500 2850500  5 12 16  14.6 1002 257  4.6 6  8.3  75   49  238 333 -416  1
4218500 2850500  5 12 17  14.4 1003 263  3.6 4  8.5  82  156  178 327 -414  1
4218500 2850500  5 12 18  14.2 1003 206  2.7 6  8.3  81   19  118 325 -407  1
4218500 2850500  5 12 19  13.9 1003 148  2.2 6  8.5  84    3   53 329 -399  1
4218500 2850500  5 12 20  12.6 1004  33  2.1 7  8.7  90    0    1 330 -389  1
4218500 2850500  5 12 21  12.3 1005 244  3.8 7  8.7  96    0    0 332 -381  1
4218500 2850500  5 12 22  12.0 1006 260  3.1 7  8.6  97    0    0 332 -377  1
4218500 2850500  5 12 23  11.6 1006 222  3.1 6  8.4  96    0    0 328 -374  1
4218500 2850500  5 12 24  10.7 1006 213  3.5 4  7.9  95    0    0 314 -372  1
4218500 2850500  5 13  1  10.7 1007 206  3.3 3  7.7  95    0    0 300 -373  1
4218500 2850500  5 13  2  10.1 1007 221  2.9 4  7.6  96    0    0 299 -374  1
4218500 2850500  5 13  3   9.7 1007 211  3.6 3  7.3  96    0    0 296 -374  1
4218500 2850500  5 13  4   9.5 1008 203  3.2 2  7.1  95    0    0 287 -372  1
4218500 2850500  5 13  5   9.1 1007 211  3.2 3  7.0  96    2   10 285 -371  1
4218500 2850500  5 13  6  10.3 1008 200  3.0 3  7.3  96   43   50 289 -372  1
4218500 2850500  5 13  7  12.8 1008 194  3.2 2  7.8  92  186   82 290 -375  1
4218500 2850500  5 13  8  14.8 1008 198  3.6 3  8.4  85  335  100 296 -380  1
4218500 2850500  5 13  9  17.3 1008 198  4.7 3  8.5  74  505   99 306 -392  1
4218500 2850500  5 13 10  18.7 1008 197  4.6 3  8.1  62  646   95 313 -407  1
4218500 2850500  5 13 11  19.9 1008 179  5.2 3  7.7  55  630  157 320 -421  1
4218500 2850500  5 13 12  19.8 1007 187  5.7 4  7.6  52  375  321 330 -432  1
4218500 2850500  5 13 13  20.8 1007 193  5.5 5  7.4  49  235  368 343 -446  1
4218500 2850500  5 13 14  21.1 1006 203  4.5 6  7.2  46  109  344 353 -459  1
4218500 2850500  5 13 15  20.8 1006 214  4.0 6  7.0  45  149  315 357 -463  1
4218500 2850500  5 13 16  21.6 1005 181  3.4 6  7.0  44  140  262 358 -460  1
4218500 2850500  5 13 17  20.8 1005 170  2.9 7  7.3  46    0  121 363 -453  1
4218500 2850500  5 13 18  18.3 1005 208  2.5 7  7.9  56    0   66 361 -444  1
4218500 2850500  5 13 19  17.7 1004  88  2.5 6  8.9  68    0   41 355 -435  1
4218500 2850500  5 13 20  16.7 1003  89  3.1 7  9.1  73    0    9 353 -427  1
4218500 2850500  5 13 21  16.4 1003 100  3.9 6  8.6  72    0    0 352 -413  1
4218500 2850500  5 13 22  15.8 1002 109  3.6 6  8.2  71    0    0 345 -400  1
4218500 2850500  5 13 23  16.2 1002  98  3.2 7  8.2  71    0    0 350 -397  1
4218500 2850500  5 13 24  16.5 1001 125  3.8 7  8.3  70    0    0 355 -396  1
4218500 2850500  5 14  1  16.8 1001 279  3.5 8  8.4  70    0    0 360 -397  1
4218500 2850500  5 14  2  16.5 1002 283  4.0 8  9.1  76    0    0 365 -397  1
4218500 2850500  5 14  3  14.7 1003  83  2.4 8  9.9  88    0    0 360 -396  1
4218500 2850500  5 14  4  14.2 1002 220  2.5 7 10.1  96    0    0 350 -397  1
4218500 2850500  5 14  5  14.1 1003 162  3.4 7  9.9  97    5   12 342 -397  1
4218500 2850500  5 14  6  14.7 1002 198  4.1 6 10.2  98   66   47 336 -398  1
4218500 2850500  5 14  7  15.9 1003 232  4.0 4 10.6  96  221   64 324 -399  1
4218500 2850500  5 14  8  18.0 1003 229  4.2 4 10.4  85  304  102 317 -401  1
4218500 2850500  5 14  9  19.2 1003 239  4.1 4  9.6  71  484   92 320 -405  1
4218500 2850500  5 14 10  21.3 1004 242  4.6 4  8.7  58  607   97 324 -412  1
4218500 2850500  5 14 11  22.1 1003 207  3.9 7  7.8  48   89  326 345 -423  1
4218500 2850500  5 14 12  23.0 1003 220  5.0 5  7.3  42  195  359 352 -431  1
4218500 2850500  5 14 13  23.5 1003 211  5.7 4  7.0  39  498  254 339 -434  1
4218500 2850500  5 14 14  22.8 1003 212  5.0 4  6.9  39  457  255 333 -435  1
4218500 2850500  5 14 15  23.3 1002 197  5.1 6  7.1  40  155  309 345 -430  1
4218500 2850500  5 14 16  23.6 1001 205  4.3 6  7.3  40   47  246 359 -428  1
4218500 2850500  5 14 17  20.8 1001 279  5.1 7  6.9  41    5  154 359 -429  1
4218500 2850500  5 14 18  19.4 1001 287  5.3 7  7.3  49    1   92 358 -426  1
4218500 2850500  5 14 19  17.5 1001 303  3.0 7  8.2  61    0   18 356 -420  1
4218500 2850500  5 14 20  17.5 1000 271  2.8 7  8.2  65    0    9 355 -411  1
4218500 2850500  5 14 21  16.2 1000 302  3.3 7  8.1  67    0    0 353 -404  1
4218500 2850500  5 14 22  15.1 1000 322  3.6 7  8.4  74    0    0 351 -401  1
4218500 2850500  5 14 23  12.9  999 300  4.5 8  8.8  87    0    0 353 -398  1
4218500 2850500  5 14 24  12.7 1001 280  4.1 8  9.1  97    0    0 355 -393  1
4218500 2850500  5 15  1  12.3 1002 312  3.9 8  8.9  96    0    0 352 -390  1
4218500 2850500  5 15  2  11.9 1001 308  1.4 8  8.5  96    0    0 349 -387  1
4218500 2850500  5 15  3  12.1 1001 235  2.7 8  8.6  97    0    0 345 -384  1
4218500 2850500  5 15  4  12.0 1002 234  3.3 7  8.7  97    0    0 338 -381  1
4218500 2850500  5 15  5  11.7 1002 238  3.4 7  8.6  97    0    3 329 -374  1
4218500 2850500  5 15  6  12.1 1003 227  2.9 8  8.6  97    0   16 331 -368  1
4218500 2850500  5 15  7  12.3 1004 252  3.3 8  8.8  98    0   43 333 -370  1
4218500 2850500  5 15  8  12.7 1004 234  2.5 8  8.9  97    0   83 331 -377  1
4218500 2850500  5 15  9  13.2 1005 212  3.0 8  8.8  94    0  134 333 -388  1
4218500 2850500  5 15 10  13.0 1006 242  3.7 7  8.7  92    1  191 329 -398  1
4218500 2850500  5 15 11  13.6 1006 209  2.8 6  8.8  92   23  284 323 -407  1
4218500 2850500  5 15 12  13.1 1006 306  3.2 7  8.6  89    3  242 324 -417  1
4218500 2850500  5 15 13  10.9 1006 348  3.6 7  8.2  92    3  242 323 -422  1
4218500 2850500  5 15 14  11.0 1007 335  4.7 8  7.9  96   13  269 323 -420  1
4218500 2850500  5 15 15  11.7 1007 347  3.5 8  7.4  88    0  142 328 -417  1
4218500 2850500  5 15 16  11.3 1008 328  4.6 7  6.8  80    0  136 325 -414  1
4218500 2850500  5 15 17  11.5 1008 326  3.5 7  6.3  75    0   88 319 -407  1
4218500 2850500  5 15 18  11.8 1009 307  1.7 8  6.3  73    0   30 323 -398  1
4218500 2850500  5 15 19  11.7 1009 299  2.3 8  6.5  75    0   12 329 -391  1
4218500 2850500  5 15 20  11.3 1009 283  1.8 7  6.6  77    0    2 325 -381  1
4218500 2850500  5 15 21  10.3 1009 258  2.2 6  6.6  81    0    0 314 -368  1
4218500 2850500  5 15 22   9.9 1010 257  2.3 7  6.7  87    0    0 312 -359  1
4218500 2850500  5 15 23   9.3 1010 246  2.5 5  6.8  91    0    0 306 -355  1
4218500 2850500  5 15 24   8.8 1010 244  2.1 2  6.7  92    0    0 282 -351  1
4218500 2850500  5 16  1   8.3 1010 263  2.6 2  6.5  93    0    0 267 -348  1
4218500 2850500  5 16  2   7.6 1009 261  2.3 2  6.3  95    0    0 262 -345  1
4218500 2850500  5 16  3   6.1 1009 238  1.9 3  6.0  96    0    0 263 -342  1
4218500 2850500  5 16  4   5.7 1009 248  2.4 3  5.6  96    0    0 264 -340  1
4218500 2850500  5 16  5   5.6 1008 232  2.0 3  5.4  95    7   14 263 -337  1
4218500 2850500  5 16  6   6.6 1008 194  1.3 2  5.6  96   71   52 260 -338  1
4218500 2850500  5 16  7   9.1 1008 211  1.9 1  6.1  92  207   76 256 -344  1
4218500 2850500  5 16  8  11.9 1009 194  2.7 1  6.1  77  351   92 259 -356  1
4218500 2850500  5 16  9  13.7 1009 203  4.1 1  5.5  60  495  100 266 -372  1
4218500 2850500  5 16 10  15.7 1009 209  4.4 1  5.2  50  614  107 271 -388  1
4218500 2850500  5 16 11  16.3 1008 179  4.5 1  5.2  46  623  161 276 -401  1
4218500 2850500  5 16 12  16.6 1008 185  4.5 2  5.2  45  434  294 283 -412  1
4218500 2850500  5 16 13  17.5 1007 193  2.2 2  5.1  42  434  299 288 -420  1
4218500 2850500  5 16 14  17.5 1006 172  5.0 2  4.9  39  441  276 288 -428  1
4218500 2850500  5 16 15  18.1 1006 151  5.5 4  4.8  38  181  318 293 -431  1
4218500 2850500  5 16 16  17.2 1005 165  5.8 7  4.8  38    0  137 309 -425  1
4218500 2850500  5 16 17  16.5 1004 181  4.9 6  5.2  43   17  173 315 -418  1
4218500 2850500  5 16 18  16.6 1004 178  5.4 6  5.5  46   66  139 311 -407  1
4218500 2850500  5 16 19  16.2 1003 159  4.3 7  5.6  48    1   45 317 -396  1
4218500 2850500  5 16 20  15.4 1002 186  4.6 7  5.8  51    0    3 322 -387  1
4218500 2850500  5 16 21  11.3 1001 183  4.1 8  6.8  70    0    0 323 -378  1
4218500 2850500  5 16 22  11.2 1002 171  4.6 8  7.9  94    0    0 326 -372  1
4218500 2850500  5 16 23  11.3 1001 191  4.3 8  7.9  93    0    0 328 -367  1
4218500 2850500  5 16 24  10.9 1001 212  3.8 8  7.8  94    0    0 329 -364  1
4218500 2850500  5 17  1  10.5 1000 257  4.7 8  7.9  97    0    0 330 -361  1
4218500 2850500  5 17  2  10.4 1000 250  3.9 8  7.8  97    0    0 331 -359  1
4218500 2850500  5 17  3   9.3 1000 282  6.1 8  7.3  94    0    0 331 -357  1
4218500 2850500  5 17  4   8.3 1000 283  6.8 8  6.5  91    0    0 327 -356  1
4218500 2850500  5 17  5   7.7 1000 278  6.0 8  6.1  90    0    3 326 -356  1
4218500 2850500  5 17  6   7.7 1000 285  6.2 8  6.0  90    1   36 327 -358  1
4218500 2850500  5 17  7   7.9 1001 266  5.3 8  5.9  88    3   83 328 -363  1
4218500 2850500  5 17  8   8.1 1001 276  5.8 8  5.8  86    3  132 330 -371  1
4218500 2850500  5 17  9  10.0 1002 271  6.0 5  5.7  79  258  213 320 -375  1
4218500 2850500  5 17 10  10.7 1002 276  6.3 5  5.2  66  265  280 310 -377  1
4218500 2850500  5 17 11  12.0 1002 288  6.4 5  4.8  57  125  348 312 -383  1
4218500 2850500  5 17 12  11.5 1002 280  6.1 6  4.6  53  134  370 318 -390  1
4218500 2850500  5 17 13  11.4 1003 288  6.5 5  4.5  53  147  372 319 -389  1
4218500 2850500  5 17 14  12.1 1003 283  5.5 7  4.7  54   12  269 326 -380  1
4218500 2850500  5 17 15  11.1 1003 269  4.1 7  5.0  58   39  280 336 -383  1
4218500 2850500  5 17 16  12.4 1003 265  4.7 6  4.9  56  117  263 333 -393  1
4218500 2850500  5 17 17  12.7 1004 308  4.3 6  4.6  50   71  202 331 -396  1
4218500 2850500  5 17 18  12.8 1004 300  4.4 6  4.4  47   30  131 330 -391  1
4218500 2850500  5 17 19  12.4 1005 287  4.5 6  4.3  47    6   62 329 -384  1
4218500 2850500  5 17 20  11.9 1005 284  3.2 7  4.4  50    0    4 331 -374  1
4218500 2850500  5 17 21  11.8 1006 283  3.5 7  4.5  52    0    0 334 -367  1
4218500 2850500  5 17 22  11.4 1007 286  4.0 8  4.7  54    0    0 338 -361  1
4218500 2850500  5 17 23  10.8 1008 284  4.4 8  4.8  58    0    0 342 -357  1
4218500 2850500  5 17 24  10.5 1009 284  3.9 8  5.0  62    0    0 340 -353  1
4218500 2850500  5 18  1   9.9 1009 284  4.5 7  5.1  65    0    0 334 -351  1
4218500 2850500  5 18  2   9.2 1010 282  4.4 7  5.1  68    0    0 328 -349  1
4218500 2850500  5 18  3   8.4 1010 271  3.5 6  5.2  73    0    0 322 -347  1
4218500 2850500  5 18  4   7.3 1010 272  4.0 2  5.2  79    0    0 295 -345  1
4218500 2850500  5 18  5   6.4 1010 272  4.1 1  5.2  85   12   18 267 -344  1
4218500 2850500  5 18  6   6.7 1011 274  3.6 1  5.3  87   88   53 259 -344  1
4218500 2850500  5 18  7   7.9 1012 282  4.5 1  5.4  85  217   77 260 -351  1
4218500 2850500  5 18  8   9.5 1012 281  3.9 1  5.7  81  365   90 263 -363  1
4218500 2850500  5 18  9  11.5 1014 291  3.7 1  5.8  73  508   99 271 -378  1
4218500 2850500  5 18 10  12.7 1014 276  3.8 1  5.5  63  625  106 277 -396  1
4218500 2850500  5 18 11  14.1 1013 293  3.7 1  4.9  51  715  109 281 -413  1
4218500 2850500  5 18 12  15.2 1013 261  3.1 1  4.4  42  757  115 286 -427  1
4218500 2850500  5 18 13  15.9 1013 269  2.9 0  4.2  38  754  121 285 -438  1
4218500 2850500  5 18 14  16.7 1013 206  2.9 0  4.3  37  711  124 283 -445  1
4218500 2850500  5 18 15  17.6 1012 231  3.5 1  4.4  37  614  130 293 -448  1
4218500 2850500  5 18 16  17.9 1012 244  3.3 0  4.4  34  479  137 297 -443  1
4218500 2850500  5 18 17  18.1 1012 216  2.6 0  4.4  34  337  130 293 -436  1
4218500 2850500  5 18 18  17.7 1011 197  3.2 0  4.3  34  184  115 291 -428  1
4218500 2850500  5 18 19  17.0 1011 200  3.2 0  4.2  34   61   78 288 -417  1
4218500 2850500  5 18 20  14.7 1011 160  2.8 1  4.3  39    2   18 288 -403  1
4218500 2850500  5 18 21  12.8 1011 159  3.0 1  4.8  49    0    0 287 -391  1
4218500 2850500  5 18 22  12.3 1011 165  2.9 1  5.1  56    0    0 286 -384  1
4218500 2850500  5 18 23  11.1 1011 161  3.3 0  5.4  63    0    0 281 -379  1
4218500 2850500  5 18 24  10.6 1011 162  3.6 0  5.6  69    0    0 275 -376  1
4218500 2850500  5 19  1  10.5 1011 163  3.9 0  5.7  71    0    0 275 -374  1
4218500 2850500  5 19  2   9.6 1010 161  3.4 0  5.8  75    0    0 276 -374  1
4218500 2850500  5 19  3   8.7 1010 154  3.3 1  5.7  78    0    0 278 -375  1
4218500 2850500  5 19  4   8.6 1010 163  3.5 1  5.5  79    0    0 281 -376  1
4218500 2850500  5 19  5   8.4 1009 164  3.2 1  5.7  82    5   17 281 -376  1
4218500 2850500  5 19  6  10.3 1009 177  3.2 0  6.0  81   67   67 278 -378  1
4218500 2850500  5 19  7  12.3 1009 167  3.2 0  6.3  75  178  113 278 -384  1
4218500 2850500  5 19  8  14.6 1009 171  3.5 0  6.9  71  297  152 282 -391  1
4218500 2850500  5 19  9  17.5 1009 166  4.3 0  7.4  65  417  183 289 -394  1
4218500 2850500  5 19 10  19.2 1009 181  5.3 0  7.7  58  518  208 295 -400  1
4218500 2850500  5 19 11  21.0 1009 184  5.5 1  8.0  54  594  226 306 -413  1
4218500 2850500  5 19 12  22.1 1009 191  5.5 1  8.4  52  632  239 316 -419  1
4218500 2850500  5 19 13  23.0 1008 194  4.7 1  8.7  51  625  247 321 -430  1
4218500 2850500  5 19 14  24.2 1008 197  4.0 1  9.1  50  577  249 327 -445  1
4218500 2850500  5 19 15  24.5 1008 195  4.6 3  9.3  48  439  273 341 -443  1
4218500 2850500  5 19 16  23.8 1008 213  3.9 4  9.2  48  200  299 353 -435  1
4218500 2850500  5 19 17  23.8 1008 251  2.8 4  9.1  49  167  232 356 -431  1
4218500 2850500  5 19 18  22.3 1008 300  3.6 3 10.1  57  146  149 349 -427  1
4218500 2850500  5 19 19  21.9 1008 311  2.7 3 11.2  67   52   90 342 -419  1
4218500 2850500  5 19 20  20.0 1009 346  2.8 4 11.3  72    0   18 341 -412  1
4218500 2850500  5 19 21  18.4 1009  13  2.1 3 11.2  80    0    0 334 -405  1
4218500 2850500  5 19 22  17.2 1010  32  2.3 2 11.0  86    0    0 319 -400  1
4218500 2850500  5 19 23  15.8 1010  26  1.8 2 10.7  90    0    0 310 -397  1
4218500 2850500  5 19 24  15.8 1010  32  1.9 2 10.4  92    0    0 305 -395  1
4218500 2850500  5 20  1  15.2 1011  46  1.9 4 10.4  94    0    0 313 -394  1
4218500 2850500  5 20  2  15.0 1011  65  2.0 4 10.3  95    0    0 322 -393  1
4218500 2850500  5 20  3  14.5 1011  89  2.2 4 10.0  95    0    0 321 -391  1
4218500 2850500  5 20  4  14.5 1011  63  2.0 6  9.9  96    0    0 330 -390  1
4218500 2850500  5 20  5  14.6 1011  55  2.1 6  9.9  96    0    3 341 -388  1
4218500 2850500  5 20  6  16.1 1011  57  1.8 7 10.1  92    0   25 348 -388  1
4218500 2850500  5 20  7  17.5 1012  44  1.5 7 10.2  85   15  115 358 -391  1
4218500 2850500  5 20  8  19.4 1012  70  2.3 5 10.1  76  180  193 351 -400  1
4218500 2850500  5 20  9  20.6 1012  87  2.1 5  9.9  67  298  235 346 -410  1
4218500 2850500  5 20 10  23.0 1012 103  2.3 5  9.9  60  356  286 354 -421  1
4218500 2850500  5 20 11  24.8 1012 124  3.0 5  9.6  52  467  295 363 -432  1
4218500 2850500  5 20 12  25.5 1012 126  2.6 5  8.8  44  603  257 369 -435  1
4218500 2850500  5 20 13  26.0 1012 108  3.3 4  8.4  40  617  254 367 -444  1
4218500 2850500  5 20 14  26.5 1012  82  3.4 4  8.6  40  521  284 366 -465  1
4218500 2850500  5 20 15  26.5 1011  65  3.1 5  8.6  40  355  313 370 -475  1
4218500 2850500  5 20 16  26.4 1011  85  3.9 5  8.3  38  346  248 374 -477  1
4218500 2850500  5 20 17  25.8 1011  59  5.1 5  8.2  39  273  190 373 -474  1
4218500 2850500  5 20 18  25.3 1011  72  5.2 5  8.1  40  152  148 371 -466  1
4218500 2850500  5 20 19  24.6 1011  81  4.7 4  7.9  40   48   90 366 -455  1
4218500 2850500  5 20 20  22.5 1011  73  3.9 5  7.5  41    0   16 362 -443  1
4218500 2850500  5 20 21  21.3 1011  81  4.0 4  7.3  44    0    0 357 -431  1
4218500 2850500  5 20 22  20.0 1011  90  3.7 4  7.3  48    0    0 351 -423  1
4218500 2850500  5 20 23  18.8 1011  88  2.5 4  7.8  55    0    0 349 -416  1
4218500 2850500  5 20 24  18.4 1011  92  3.4 4  8.5  63    0    0 349 -411  1
4218500 2850500  5 21  1  17.7 1011  98  3.3 5  9.0  69    0    0 350 -406  1
4218500 2850500  5 21  2  17.3 1011  93  3.3 4  9.5  76    0    0 349 -400  1
4218500 2850500  5 21  3  16.4 1010 104  3.0 4  9.7  80    0    0 344 -397  1
4218500 2850500  5 21  4  15.7 1010 109  3.1 2  9.7  85    0    0 337 -396  1
4218500 2850500  5 21  5  15.3 1010 117  3.0 2  9.8  89    7   15 329 -394  1
4218500 2850500  5 21  6  17.5 1010 130  3.0 2 10.3  87   73   56 331 -393  1
4218500 2850500  5 21  7  19.5 1010 151  3.0 1 10.8  80  203   84 334 -399  1
4218500 2850500  5 21  8  22.1 1011 143  3.7 1 11.0  71  345  103 337 -412  1
4218500 2850500  5 21  9  23.8 1011 152  3.3 1 11.0  63  485  114 346 -430  1
4218500 2850500  5 21 10  25.9 1011 155  3.7 1 11.0  56  601  124 354 -450  1
4218500 2850500  5 21 11  27.4 1010 144  3.9 1 10.7  49  666  143 362 -468  1
4218500 2850500  5 21 12  28.6 1010 150  5.0 1 10.1  42  715  147 368 -484  1
4218500 2850500  5 21 13  29.3 1010 139  4.4 1  9.9  39  720  149 373 -497  1
4218500 2850500  5 21 14  29.7 1009 149  4.6 1  9.7  38  664  159 376 -504  1
4218500 2850500  5 21 15  30.0 1009 150  3.9 1  9.7  37  579  157 378 -506  1
4218500 2850500  5 21 16  30.0 1009 175  4.0 1  9.8  37  457  154 378 -504  1
4218500 2850500  5 21 17  29.8 1008 165  3.4 1  9.7  37  293  159 377 -498  1
4218500 2850500  5 21 18  29.5 1008 162  2.7 1  9.7  37  151  135 375 -486  1
4218500 2850500  5 21 19  27.3 1008 167  2.2 1  9.9  40   49   83 370 -471  1
4218500 2850500  5 21 20  25.1 1008 152  2.1 2 10.0  47    1   17 365 -455  1
4218500 2850500  5 21 21  22.9 1008 145  2.2 2 10.0  53    0    0 360 -440  1
4218500 2850500  5 21 22  20.6 1008 171  2.8 1 10.2  62    0    0 350 -429  1
4218500 2850500  5 21 23  19.9 1009 167  2.5 1 10.4  70    0    0 344 -422  1
4218500 2850500  5 21 24  18.6 1009 182  2.4 1 10.5  75    0    0 340 -416  1
4218500 2850500  5 22  1  17.5 1009 197  2.6 1 10.9  84    0    0 337 -411  1
4218500 2850500  5 22  2  17.8 1009 267  2.9 1 11.4  89    0    0 336 -407  1
4218500 2850500  5 22  3  17.1 1009 203  2.3 1 11.4  90    0    0 336 -403  1
4218500 2850500  5 22  4  16.5 1009 281  2.5 2 11.0  91    0    0 336 -401  1
4218500 2850500  5 22  5  17.2 1009 284  2.9 2 11.0  91    6   16 339 -399  1
4218500 2850500  5 22  6  19.0 1009 305  3.0 1 11.7  89   68   63 340 -400  1
4218500 2850500  5 22  7  20.6 1010 309  3.9 0 12.3  84  188  101 340 -409  1
4218500 2850500  5 22  8  22.7 1010 297  3.5 0 12.5  76  320  130 343 -425  1
4218500 2850500  5 22  9  23.8 1011 279  4.0 0 12.6  70  447  154 351 -448  1
4218500 2850500  5 22 10  24.5 1011 295  3.9 0 12.5  66  553  173 356 -471  1
4218500 2850500  5 22 11  25.4 1011 265  3.7 0 12.4  62  635  185 361 -492  1
4218500 2850500  5 22 12  26.0 1011 265  3.3 0 12.6  60  675  195 367 -510  1
4218500 2850500  5 22 13  26.4 1011 261  4.6 1 12.7  59  639  222 372 -522  1
4218500 2850500  5 22 14  27.2 1011 294  4.4 1 12.7  57  617  209 379 -525  1
4218500 2850500  5 22 15  27.0 1011 267  5.0 1 12.6  56  489  232 380 -526  1
4218500 2850500  5 22 16  26.6 1010 246  3.0 2 12.5  56  241  275 379 -524  1
4218500 2850500  5 22 17  26.3 1010 298  4.6 5 12.3  56   54  214 387 -517  1
4218500 2850500  5 22 18  25.1 1010 300  4.4 5 12.1  58   15  135 390 -505  1
4218500 2850500  5 22 19  24.2 1011 318  4.5 6 12.0  62    0   48 389 -489  1
4218500 2850500  5 22 20  23.2 1011 357  5.0 7 12.3  66    0    4 392 -473  1
4218500 2850500  5 22 21  21.6 1012 340  5.0 6 12.0  70    0    0 387 -458  1
4218500 2850500  5 22 22  20.6 1013   5  2.6 5 11.1  71    0    0 377 -448  1
4218500 2850500  5 22 23  18.9 1013  38  2.1 4 10.9  75    0    0 366 -437  1
4218500 2850500  5 22 24  18.2 1014 340  2.4 3 11.1  83    0    0 355 -426  1
4218500 2850500  5 23  1  17.2 1014   3  2.1 4 10.9  86    0    0 351 -420  1
4218500 2850500  5 23  2  16.9 1014  74  2.1 5 10.4  86    0    0 354 -416  1
4218500 2850500  5 23  3  15.7 1015  74  1.9 4 10.3  88    0    0 352 -412  1
4218500 2850500  5 23  4  15.0 1015   3  2.2 5 10.1  93    0    0 347 -408  1
4218500 2850500  5 23  5  15.2 1015  39  2.0 4 10.2  95    2   13 346 -405  1
4218500 2850500  5 23  6  16.7 1015  33  2.6 1 10.1  89   73   49 331 -403  1
4218500 2850500  5 23  7  17.8 1015  36  3.1 3  9.9  81  100  113 329 -403  1
4218500 2850500  5 23  8  17.8 1016  15  2.5 5  9.8  77   24  177 348 -408  1
4218500 2850500  5 23  9  18.1 1016  33  1.6 7  9.7  75   32  242 366 -413  1
4218500 2850500  5 23 10  18.8 1017 324  2.0 7  9.6  73   48  297 377 -417  1
4218500 2850500  5 23 11  19.1 1017 318  1.9 7  9.9  72   97  340 379 -423  1
4218500 2850500  5 23 12  20.1 1017 302  2.8 6 10.2  71  154  364 377 -435  1
4218500 2850500  5 23 13  20.0 1017 295  3.3 7 10.2  70   84  349 378 -453  1
4218500 2850500  5 23 14  20.3 1017 317  3.4 6 10.2  69  146  344 376 -463  1
4218500 2850500  5 23 15  20.4 1016 294  3.1 7 10.0  67    0  154 375 -463  1
4218500 2850500  5 23 16  20.3 1016 287  3.3 6  9.7  65   23  222 374 -462  1
4218500 2850500  5 23 17  21.0 1016 292  3.0 3  9.4  62  304  140 357 -457  1
4218500 2850500  5 23 18  21.0 1016 304  2.9 2  9.2  59  192  105 341 -445  1
4218500 2850500  5 23 19  20.2 1015 296  2.0 0  8.9  59   79   73 327 -432  1
4218500 2850500  5 23 20  18.2 1015 294  2.1 1  8.7  63    3   21 316 -418  1
4218500 2850500  5 23 21  16.5 1015 320  1.9 2  8.6  69    0    0 316 -406  1
4218500 2850500  5 23 22  15.2 1016 316  1.7 3  8.7  77    0    0 317 -396  1
4218500 2850500  5 23 23  13.5 1016  16  2.5 2  8.7  85    0    0 311 -388  1
4218500 2850500  5 23 24  13.7 1016  53  2.8 1  8.4  86    0    0 301 -382  1
4218500 2850500  5 24  1  13.7 1016  71  3.1 1  8.3  85    0    0 296 -376  1
4218500 2850500  5 24  2  13.6 1016  81  2.5 3  8.2  85    0    0 304 -371  1
4218500 2850500  5 24  3  13.0 1016  83  3.7 5  7.8  82    0    0 320 -366  1
4218500 2850500  5 24  4  12.8 1016  93  2.8 5  7.3  79    0    0 328 -362  1
4218500 2850500  5 24  5  12.3 1016  89  2.5 4  7.1  79    0   12 321 -359  1
4218500 2850500  5 24  6  13.6 1015  92  2.6 5  7.3  78   12   58 320 -360  1
4218500 2850500  5 24  7  14.9 1015 100  3.2 6  7.4  74   18  117 330 -368  1
4218500 2850500  5 24  8  16.8 1015 124  3.1 5  7.8  69  131  201 334 -383  1
4218500 2850500  5 24  9  19.2 1015 139  2.7 2  8.4  65  409  172 326 -402  1
4218500 2850500  5 24 10  20.6 1015 137  2.2 2  9.2  63  503  200 322 -422  1
4218500 2850500  5 24 11  21.8 1015 164  2.3 2  9.9  63  514  256 330 -440  1
4218500 2850500  5 24 12  23.0 1014 160  2.1 2 10.2  60  531  280 335 -456  1
4218500 2850500  5 24 13  23.9 1013 155  2.9 3 10.4  57  358  362 341 -467  1
4218500 2850500  5 24 14  24.1 1012 159  1.9 2 10.5  56  419  317 344 -472  1
4218500 2850500  5 24 15  24.5 1012 154  2.5 3 10.4  54  358  297 345 -473  1
4218500 2850500  5 24 16  25.0 1011 195  2.4 3 10.5  53  229  279 350 -469  1
4218500 2850500  5 24 17  25.4 1010 147  2.5 2 10.4  52  236  201 349 -460  1
4218500 2850500  5 24 18  25.3 1009 152  2.0 1 10.4  51  138  150 343 -451  1
4218500 2850500  5 24 19  24.7 1009 140  2.5 1 10.5  52   42   89 339 -439  1
4218500 2850500  5 24 20  23.6 1009 116  2.7 1 10.4  55    1   21 335 -425  1
4218500 2850500  5 24 21  22.2 1008 137  2.8 1 10.5  60    0    0 330 -410  1
4218500 2850500  5 24 22  22.1 1008 142  3.0 0 10.4  62    0    0 323 -400  1
4218500 2850500  5 24 23  21.4 1008 151  3.3 0 10.4  64    0    0 319 -392  1
4218500 2850500  5 24 24  20.9 1008 149  3.5 4 10.8  68    0    0 326 -387  1
4218500 2850500  5 25  1  20.3 1007 151  3.0 6 10.9  71    0    0 336 -382  1
4218500 2850500  5 25  2  19.7 1007 150  3.0 6 10.9  74    0    0 340 -378  1
4218500 2850500  5 25  3  19.4 1007 142  2.9 6 10.9  76    0    0 338 -375  1
4218500 2850500  5 25  4  18.4 1006 146  2.8 5 10.8  79    0    0 334 -372  1
4218500 2850500  5 25  5  18.3 1006 146  2.6 4 10.8  81    0    6 326 -370  1
4218500 2850500  5 25  6  18.7 1006 141  2.0 5 11.1  82   11   55 325 -372  1
4218500 2850500  5 25  7  20.4 1006 163  2.7 2 11.3  78  138  114 321 -381  1
4218500 2850500  5 25  8  22.2 1005 173  3.3 0 11.4  71  325  121 314 -398  1
4218500 2850500  5 25  9  24.7 1005 164  2.7 0 11.9  65  471  133 318 -419  1
4218500 2850500  5 25 10  26.3 1004 175  4.3 0 12.2  59  588  143 327 -441  1
4218500 2850500  5 25 11  28.2 1004 173  4.8 0 11.7  51  683  145 336 -461  1
4218500 2850500  5 25 12  29.6 1003 170  5.4 0 10.5  41  724  153 342 -478  1
4218500 2850500  5 25 13  30.3 1002 176  5.5 1  9.6  36  724  157 351 -492  1
4218500 2850500  5 25 14  30.8 1001 165  5.2 1  9.5  34  540  245 358 -500  1
4218500 2850500  5 25 15  30.6 1000 184  4.2 2  9.6  34  347  292 362 -502  1
4218500 2850500  5 25 16  30.2 1000 181  4.2 2 10.0  36  257  265 365 -499  1
4218500 2850500  5 25 17  30.6  999 189  4.2 2 10.6  38  218  203 367 -492  1
4218500 2850500  5 25 18  29.8  998 181  4.1 4 10.6  39   31  149 372 -482  1
4218500 2850500  5 25 19  19.9  997 270  7.4 7 11.7  58    0   24 373 -469  1
4218500 2850500  5 25 20  18.9 1001  49  1.9 7 13.0  90    0    7 368 -455  1
4218500 2850500  5 25 21  18.9 1000 132  3.1 7 13.1  94    0    0 368 -443  1
4218500 2850500  5 25 22  18.9 1000 184  3.0 7 13.3  95    0    0 369 -434  1
4218500 2850500  5 25 23  19.0 1000 214  3.2 8 13.2  94    0    0 374 -426  1
4218500 2850500  5 25 24  18.6 1000 234  4.0 6 12.8  93    0    0 370 -418  1
4218500 2850500  5 26  1  17.7 1000 249  2.6 6 12.5  94    0    0 360 -414  1
4218500 2850500  5 26  2  17.4 1000 297  2.7 6 12.3  96    0    0 358 -412  1
4218500 2850500  5 26  3  17.0  999 315  2.6 7 12.1  97    0    0 361 -410  1
4218500 2850500  5 26  4  16.9  999 225  2.0 7 12.0  97    0    0 363 -408  1
4218500 2850500  5 26  5  17.5  999 259  1.2 8 12.1  97    0    7 366 -407  1
4218500 2850500  5 26  6  17.8 1000 306  1.6 6 12.5  97   11   59 364 -409  1
4218500 2850500  5 26  7  18.5  999 310  0.6 7 12.7  96   12  113 363 -416  1
4218500 2850500  5 26  8  19.5  999 134  2.2 6 12.9  92   48  204 367 -429  1
4218500 2850500  5 26  9  20.2  999 168  2.5 6 12.9  87  115  280 369 -445  1
4218500 2850500  5 26 10  21.6  999 202  2.6 5 13.1  83  282  312 370 -455  1
4218500 2850500  5 26 11  23.5  999 196  2.7 3 13.4  76  577  228 369 -456  1
4218500 2850500  5 26 12  24.7  998 202  2.4 2 12.9  67  592  256 369 -469  1
4218500 2850500  5 26 13  26.3  998 203  2.6 2 12.9  62  601  257 375 -489  1
4218500 2850500  5 26 14  27.3  997 167  1.2 2 13.2  58  567  251 382 -485  1
4218500 2850500  5 26 15  28.0  996 255  1.8 3 13.0  55  307  326 387 -485  1
4218500 2850500  5 26 16  27.5  996 276  0.7 5 12.9  54   42  259 392 -495  1
4218500 2850500  5 26 17  16.7  996 281  6.4 6 12.0  70    2  147 377 -486  1
4218500 2850500  5 26 18  16.8  997 274  2.2 7 11.4  94    0   29 363 -465  1
4218500 2850500  5 26 19  17.5  996   2  1.2 7 12.1  97    0   16 370 -449  1
4218500 2850500  5 26 20  17.5  996  73  2.0 7 12.4  97    0    4 372 -437  1
4218500 2850500  5 26 21  17.2  997   6  0.6 6 12.2  97    0    0 370 -426  1
4218500 2850500  5 26 22  16.6  997 339  1.6 6 12.0  97    0    0 364 -420  1
4218500 2850500  5 26 23  16.4  997  26  1.9 6 11.7  98    0    0 362 -415  1
4218500 2850500  5 26 24  15.9  996  22  0.5 5 11.4  97    0    0 356 -411  1
4218500 2850500  5 27  1  15.5  997  29  1.8 6 11.1  98    0    0 353 -406  1
4218500 2850500  5 27  2  15.6  996  79  2.2 5 11.0  98    0    0 352 -405  1
4218500 2850500  5 27  3  15.6  996 132  2.6 6 11.1  98    0    0 351 -407  1
4218500 2850500  5 27  4  16.3  996 280  3.2 7 11.4  98    0    0 362 -407  1
4218500 2850500  5 27  5  15.5  996 320  3.4 7 11.1  96    0    4 364 -407  1
4218500 2850500  5 27  6  16.0  995   2  2.0 8 10.7  94    0   19 368 -407  1
4218500 2850500  5 27  7  16.7  995  47  2.8 6 11.0  93   24  130 366 -408  1
4218500 2850500  5 27  8  18.4  994  66  2.8 5 11.4  89  159  217 355 -415  1
4218500 2850500  5 27  9  20.7  994  74  3.4 5 11.9  82  287  262 357 -422  1
4218500 2850500  5 27 10  21.7  994  67  3.1 5 12.0  74  270  343 364 -429  1
4218500 2850500  5 27 11  22.9  993  88  2.5 7 12.1  70   41  357 378 -434  1
4218500 2850500  5 27 12  22.9  993  82  1.0 8 12.3  68    3  259 393 -431  1
4218500 2850500  5 27 13  22.4  993 105  2.0 7 12.6  71    0  181 393 -426  1
4218500 2850500  5 27 14  21.1  993 290  2.5 7 13.2  79    0   88 387 -440  1
4218500 2850500  5 27 15  19.3  993 164  1.5 7 13.7  90    0   69 383 -462  1
4218500 2850500  5 27 16  18.8  992 215  2.3 7 13.6  96    0   97 378 -469  1
4218500 2850500  5 27 17  20.3  991  85  2.9 6 13.3  91   27  209 376 -465  1
4218500 2850500  5 27 18  21.2  991  60  2.8 6 13.5  85   22  154 375 -456  1
4218500 2850500  5 27 19  21.2  991  89  2.0 4 13.9  85   40  101 368 -446  1
4218500 2850500  5 27 20  19.8  991 172  2.9 5 13.8  89    3   24 360 -434  1
4218500 2850500  5 27 21  18.7  991 184  3.2 6 13.3  93    0    0 364 -424  1
4218500 2850500  5 27 22  17.3  993  26  2.2 8 12.3  92    0    0 374 -416  1
4218500 2850500  5 27 23  16.4  993 255  3.2 8 11.2  92    0    0 378 -410  1
4218500 2850500  5 27 24  15.6  992 236  2.8 6 11.1  95    0    0 367 -404  1
4218500 2850500  5 28  1  15.3  992 233  1.9 4 11.0  98    0    0 346 -403  1
4218500 2850500  5 28  2  14.8  992 226  1.9 4 10.7  98    0    0 334 -401  1
4218500 2850500  5 28  3  14.0  992 251  2.4 3 10.3  98    0    0 325 -395  1
4218500 2850500  5 28  4  14.1  991 308  1.7 5 10.2  99    0    0 330 -389  1
4218500 2850500  5 28  5  14.8  991 325  1.9 6 10.5  99    0   14 346 -385  1
4218500 2850500  5 28  6  15.3  992   6  2.2 7 10.7  98    0   29 357 -381  1
4218500 2850500  5 28  7  15.6  992   0  2.3 6 10.8  96    4   97 357 -382  1
4218500 2850500  5 28  8  16.1  992   9  2.3 6 10.7  93    9  167 353 -388  1
4218500 2850500  5 28  9  16.3  992 359  2.2 6 10.6  90   11  226 354 -396  1
4218500 2850500  5 28 10  17.0  992  19  2.8 7 10.8  89   23  290 361 -406  1
4218500 2850500  5 28 11  17.8  992 353  2.9 7 11.0  86   41  338 369 -417  1
4218500 2850500  5 28 12  19.4  991 353  3.1 6 11.0  80  125  391 370 -429  1
4218500 2850500  5 28 13  20.5  991  11  2.2 6 11.4  76   15  303 371 -442  1
4218500 2850500  5 28 14  20.5  991 314  3.0 5 11.7  75   46  334 368 -450  1
4218500 2850500  5 28 15  23.1  990 284  2.0 4 11.9  71  191  336 365 -454  1
4218500 2850500  5 28 16  23.6  990 324  1.5 6 12.1  65   34  246 373 -455  1
4218500 2850500  5 28 17  23.7  989 309  2.5 4 12.1  64  162  221 372 -448  1
4218500 2850500  5 28 18  23.3  989 300  2.4 5 12.2  65   26  146 367 -437  1
4218500 2850500  5 28 19  21.5  989 303  3.1 5 12.3  70   31   92 365 -425  1
4218500 2850500  5 28 20  20.3  990 314  3.3 6 12.6  79    0   14 365 -413  1
4218500 2850500  5 28 21  19.5  990 324  3.3 6 13.0  87    0    0 368 -404  1
4218500 2850500  5 28 22  18.9  990 314  3.1 8 13.2  92    0    0 378 -397  1
4218500 2850500  5 28 23  18.4  990 316  3.6 8 13.3  96    0    0 389 -394  1
4218500 2850500  5 28 24  18.2  990 347  3.9 8 13.2  97    0    0 388 -391  1
4218500 2850500  5 29  1  18.0  989 313  2.3 8 13.0  97    0    0 386 -388  1
4218500 2850500  5 29  2  17.2  990  14  2.8 8 12.7  98    0    0 384 -386  1
4218500 2850500  5 29  3  16.6  990 318  3.1 8 12.2  98    0    0 381 -385  1
4218500 2850500  5 29  4  16.5  988  22  4.0 7 11.8  98    0    0 374 -385  1
4218500 2850500  5 29  5  16.3  989  22  3.2 7 11.7  98    0    4 370 -385  1
4218500 2850500  5 29  6  17.0  989  37  3.6 7 12.1  99    2   45 371 -388  1
4218500 2850500  5 29  7  18.7  989  38  3.1 5 12.8  97   68  129 365 -394  1
4218500 2850500  5 29  8  19.7  989  57  3.2 5 12.9  90  200  175 358 -406  1
4218500 2850500  5 29  9  20.9  990  57  3.2 4 12.5  82  340  198 355 -422  1
4218500 2850500  5 29 10  22.6  990  56  2.4 2 12.2  73  576  146 346 -443  1
4218500 2850500  5 29 11  23.8  990  75  2.4 2 12.2  66  408  296 343 -464  1
4218500 2850500  5 29 12  24.0  990  96  1.7 3 12.3  64  294  373 350 -479  1
4218500 2850500  5 29 13  25.1  990  59  2.0 4 12.3  62  194  394 362 -476  1
4218500 2850500  5 29 14  25.3  989  46  1.8 5 12.1  59   37  323 373 -468  1
4218500 2850500  5 29 15  21.7  989 125  4.9 7 12.2  65    0   68 380 -479  1
4218500 2850500  5 29 16  18.7  990 202  6.3 6 12.7  83   96  274 374 -487  1
4218500 2850500  5 29 17  19.8  991 199  6.2 4 12.5  87  310  159 358 -465  1
4218500 2850500  5 29 18  19.7  992 212  5.2 3 11.6  79  138  148 344 -440  1
4218500 2850500  5 29 19  18.8  993 228  4.7 3 11.4  79   63   89 337 -429  1
4218500 2850500  5 29 20  16.9  994 240  4.5 5 11.1  85    8   29 341 -413  1
4218500 2850500  5 29 21  14.8  995 248  5.4 7 10.4  90    0    0 349 -396  1
4218500 2850500  5 29 22  13.9  996 261  5.6 8  9.6  92    0    0 356 -385  1
4218500 2850500  5 29 23  13.3  997 269  5.4 8  9.2  93    0    0 358 -380  1
4218500 2850500  5 29 24  12.6  998 282  6.8 8  8.9  93    0    0 357 -378  1
4218500 2850500  5 30  1  11.6  999 281  7.1 8  8.3  93    0    0 353 -375  1
4218500 2850500  5 30  2  11.2 1000 282  6.4 8  7.9  92    0    0 349 -372  1
4218500 2850500  5 30  3  10.9 1001 283  6.0 7  7.7  92    0    0 343 -370  1
4218500 2850500  5 30  4  10.4 1002 272  5.7 7  7.6  94    0    0 337 -369  1
4218500 2850500  5 30  5  10.1 1003 280  6.0 7  7.5  96    0   10 334 -367  1
4218500 2850500  5 30  6  10.0 1004 273  5.3 8  7.4  96    0   15 339 -366  1
4218500 2850500  5 30  7  10.3 1005 274  5.3 8  7.3  94    0   53 343 -366  1
4218500 2850500  5 30  8  10.6 1006 272  5.6 8  7.1  89    0  112 344 -370  1
4218500 2850500  5 30  9  11.0 1006 280  6.2 8  6.9  85    0  164 347 -380  1
4218500 2850500  5 30 10  12.0 1007 277  5.5 7  6.8  80   10  248 344 -392  1
4218500 2850500  5 30 11  13.4 1008 284  5.1 6  6.9  75  146  319 335 -406  1
4218500 2850500  5 30 12  14.2 1008 309  3.8 5  6.7  67  253  314 328 -419  1
4218500 2850500  5 30 13  15.2 1008 302  4.3 4  6.3  60  302  298 321 -424  1
4218500 2850500  5 30 14  16.5 1008 242  3.7 4  6.1  54  369  248 318 -422  1
4218500 2850500  5 30 15  17.0 1008 317  3.9 5  6.1  51  227  262 325 -428  1
4218500 2850500  5 30 16  17.1 1009 347  2.5 5  6.1  50  189  220 331 -435  1
4218500 2850500  5 30 17  16.1 1009 295  3.0 7  6.0  50   77  188 339 -434  1
4218500 2850500  5 30 18  16.3 1009 295  2.4 5  5.8  51  173   99 337 -429  1
4218500 2850500  5 30 19  16.5 1009 292  1.5 3  5.8  50  137   42 317 -419  1
4218500 2850500  5 30 20  15.3 1009 282  1.2 4  6.0  53   10   24 310 -407  1
4218500 2850500  5 30 21  13.1 1009  17  0.4 5  6.3  62    0    0 315 -392  1
4218500 2850500  5 30 22  11.6 1010  62  1.4 4  6.4  72    0    0 308 -380  1
4218500 2850500  5 30 23  11.1 1010 158  2.0 3  6.7  79    0    0 294 -372  1
4218500 2850500  5 30 24  11.2 1010 121  1.9 2  6.8  83    0    0 284 -367  1
4218500 2850500  5 31  1  10.7 1010 110  1.9 2  6.9  84    0    0 277 -364  1
4218500 2850500  5 31  2   9.5 1010 138  1.7 2  6.9  89    0    0 273 -363  1
4218500 2850500  5 31  3   9.1 1010 118  2.0 1  6.8  93    0    0 262 -362  1
4218500 2850500  5 31  4   8.9 1010 123  1.9 1  6.8  94    0    0 253 -360  1
4218500 2850500  5 31  5   8.7 1010 140  1.3 1  6.8  96   12   20 251 -358  1
4218500 2850500  5 31  6  10.9 1010 155  1.2 1  7.1  94  108   57 252 -360  1
4218500 2850500  5 31  7  13.1 1010 151  1.0 0  7.2  82  262   71 249 -369  1
4218500 2850500  5 31  8  15.4 1010 138  1.6 0  6.5  64  437   67 245 -385  1
4218500 2850500  5 31  9  17.1 1010 185  2.0 0  6.1  53  575   78 255 -403  1
4218500 2850500  5 31 10  17.8 1010 133  2.5 2  6.2  50  384  247 277 -421  1
4218500 2850500  5 31 11  17.9 1010 130  2.5 5  6.2  48  114  366 311 -437  1
4218500 2850500  5 31 12  18.1 1010 119  2.3 7  6.0  46   19  308 339 -451  1
4218500 2850500  5 31 13  17.9 1010 178  3.1 6  6.2  48   47  347 346 -463  1
4218500 2850500  5 31 14  18.7 1010 107  2.3 6  6.4  49  166  366 343 -469  1
4218500 2850500  5 31 15  18.8 1010 133  3.2 6  6.5  48   96  319 345 -469  1
4218500 2850500  5 31 16  19.2 1010 127  2.9 6  6.6  48   68  263 345 -467  1
4218500 2850500  5 31 17  19.0 1010 136  2.4 6  6.7  48   29  197 345 -462  1
4218500 2850500  5 31 18  18.3 1010  87  4.2 7  6.6  49   27  146 347 -454  1
4218500 2850500  5 31 19  17.5 1010  99  3.6 5  6.9  54   36   90 341 -441  1
4218500 2850500  5 31 20  16.2 1010  97  3.0 4  7.2  60   10   28 328 -426  1
4218500 2850500  5 31 21  14.4 1010  88  2.9 2  7.4  68    0    0 313 -413  1
4218500 2850500  5 31 22  13.7 1010  79  2.6 2  7.7  76    0    0 303 -404  1
4218500 2850500  5 31 23  13.2 1011  86  2.6 2  7.9  82    0    0 301 -397  1
4218500 2850500  5 31 24  12.0 1011  97  2.7 2  7.9  87    0    0 297 -393  1
4218500 2850500  6  1  1  11.4 1011  86  2.6 1  7.8  93    0    0 284 -388  1
4218500 2850500  6  1  2  11.2 1011  91  2.6 0  7.7  92    0    0 278 -386  1
4218500 2850500  6  1  3  10.6 1011  75  2.2 0  7.5  92    0    0 270 -384  1
4218500 2850500  6  1  4  10.5 1011  72  2.7 0  7.5  94    0    0 267 -381  1
4218500 2850500  6  1  5  11.5 1011  77  2.6 0  7.8  95    4   21 268 -378  1
4218500 2850500  6  1  6  13.2 1011  78  2.5 0  8.1  90   72   71 269 -379  1
4218500 2850500  6  1  7  15.0 1011  84  3.4 0  8.3  82  196  103 269 -387  1
4218500 2850500  6  1  8  17.0 1011  92  3.4 0  8.4  73  336  122 270 -402  1
4218500 2850500  6  1  9  18.7 1011  82  4.0 0  8.3  65  410  165 274 -420  1
4218500 2850500  6  1 10  18.9 1011  80  3.6 3  8.6  63  206  330 292 -439  1
4218500 2850500  6  1 11  20.1 1012  74  4.5 4  8.7  62  190  381 314 -455  1
4218500 2850500  6  1 12  21.0 1012  97  4.1 4  8.4  56  235  398 323 -467  1
4218500 2850500  6  1 13  21.4 1012  65  4.5 3  8.0  51  475  307 320 -475  1
4218500 2850500  6  1 14  21.9 1012  74  3.5 4  8.0  50  448  300 325 -476  1
4218500 2850500  6  1 15  21.8 1012  68  4.1 4  8.1  50  375  290 333 -473  1
4218500 2850500  6  1 16  21.5 1012  43  5.3 6  8.2  51  134  295 344 -468  1
4218500 2850500  6  1 17  20.5 1012  49  5.1 7  8.2  52   59  232 358 -458  1
4218500 2850500  6  1 18  20.1 1012  48  4.9 6  8.1  54   69  170 358 -444  1
4218500 2850500  6  1 19  19.9 1012  28  4.4 5  7.8  53   41  104 348 -428  1
4218500 2850500  6  1 20  18.8 1012  39  5.1 6  7.6  54    2   31 348 -415  1
4218500 2850500  6  1 21  17.9 1013  24  4.3 6  7.8  59    0    0 353 -406  1
4218500 2850500  6  1 22  17.3 1014  30  3.4 7  7.8  62    0    0 356 -398  1
4218500 2850500  6  1 23  16.2 1014  30  3.4 7  8.0  67    0    0 360 -393  1
4218500 2850500  6  1 24  15.6 1014  31  3.5 6  8.5  75    0    0 355 -390  1
4218500 2850500  6  2  1  14.7 1014  32  3.2 5  8.9  82    0    0 344 -387  1
4218500 2850500  6  2  2  14.7 1014  21  3.0 4  9.1  87    0    0 333 -386  1
4218500 2850500  6  2  3  14.2 1015  29  3.2 6  9.2  89    0    0 338 -385  1
4218500 2850500  6  2  4  14.5 1015  28  3.6 6  9.1  89    0    0 349 -383  1
4218500 2850500  6  2  5  14.6 1015  22  3.5 7  9.1  88    0    6 355 -381  1
4218500 2850500  6  2  6  14.9 1015  23  3.5 7  9.1  87    0   20 361 -378  1
4218500 2850500  6  2  7  15.4 1016  24  3.4 7  9.2  86    0   70 362 -376  1
4218500 2850500  6  2  8  16.3 1016  20  3.4 6  9.4  83  105  120 361 -376  1
4218500 2850500  6  2  9  16.9 1016  21  3.1 5  9.4  80  113  255 354 -375  1
4218500 2850500  6  2 10  17.9 1016 348  2.7 6  9.4  76   78  322 358 -375  1
4218500 2850500  6  2 11  17.9 1016 352  3.4 6  9.4  74   47  347 364 -376  1
4218500 2850500  6  2 12  18.5 1016 334  3.3 6  9.6  73   91  382 367 -376  1
4218500 2850500  6  2 13  19.2 1016 345  3.3 7  9.7  72   43  356 374 -375  1
4218500 2850500  6  2 14  19.8 1016 315  2.5 7  9.7  69   51  347 381 -375  1
4218500 2850500  6  2 15  20.2 1016 313  3.0 6  9.5  65  103  328 378 -375  1
4218500 2850500  6  2 16  19.8 1016   5  3.6 6  9.5  65   35  264 373 -374  1
4218500 2850500  6  2 17  18.8 1016   6  3.7 6  9.8  70   19  204 371 -374  1
4218500 2850500  6  2 18  17.6 1016   9  4.3 6 10.1  77   12  144 366 -374  1
4218500 2850500  6  2 19  16.9 1016   9  4.2 6 10.1  82    0   49 362 -375  1
4218500 2850500  6  2 20  16.2 1016   1  4.3 8 10.1  85    0    7 371 -375  1
4218500 2850500  6  2 21  15.5 1017   1  3.6 8 10.2  90    0    0 379 -375  1
4218500 2850500  6  2 22  15.7 1017   1  3.5 8 10.3  93    0    0 379 -375  1
4218500 2850500  6  2 23  15.3 1017 359  3.3 8 10.5  95    0    0 379 -376  1
4218500 2850500  6  2 24  14.9 1017  11  3.7 8 10.3  96    0    0 377 -376  1
4218500 2850500  6  3  1  14.5 1017  10  3.4 8  9.7  92    0    0 374 -376  1
4218500 2850500  6  3  2  14.1 1017 358  3.2 8  9.1  90    0    0 371 -376  1
4218500 2850500  6  3  3  14.0 1017   9  2.7 8  9.1  91    0    0 370 -376  1
4218500 2850500  6  3  4  13.8 1017   9  2.8 8  9.2  92    0    0 369 -376  1
4218500 2850500  6  3  5  13.8 1017  25  3.1 8  9.2  93    0    4 368 -374  1
4218500 2850500  6  3  6  13.9 1017  29  2.7 8  9.1  92    0   16 368 -376  1
4218500 2850500  6  3  7  14.0 1017  41  2.9 8  9.1  91    0   44 369 -381  1
4218500 2850500  6  3  8  14.5 1017  38  3.0 8  9.2  91    0   90 372 -389  1
4218500 2850500  6  3  9  15.1 1017  31  2.5 8  9.3  89    0  131 373 -399  1
4218500 2850500  6  3 10  15.7 1017  39  2.6 8  9.3  86    0  186 376 -406  1
4218500 2850500  6  3 11  16.2 1017   2  2.1 7  9.3  83    0  203 373 -410  1
4218500 2850500  6  3 12  16.4 1017  12  2.2 7  9.5  82    0  174 369 -415  1
4218500 2850500  6  3 13  17.0 1017  57  2.0 7  9.7  81    1  251 371 -418  1
4218500 2850500  6  3 14  17.1 1017  24  2.2 7  9.6  79    0  187 371 -421  1
4218500 2850500  6  3 15  17.3 1017  16  2.0 7  9.6  78    0  190 370 -424  1
4218500 2850500  6  3 16  17.8 1017  35  2.1 6  9.6  77    0  176 365 -425  1
4218500 2850500  6  3 17  17.1 1017  55  3.3 7  9.7  78    0  100 363 -423  1
4218500 2850500  6  3 18  16.9 1017  66  2.5 7  9.7  80    0   53 366 -419  1
4218500 2850500  6  3 19  16.7 1017  75  2.1 7  9.9  82    0   36 365 -414  1
4218500 2850500  6  3 20  16.4 1017  76  2.1 8 10.0  85    0    9 370 -407  1
4218500 2850500  6  3 21  16.1 1017  83  1.8 8 10.0  87    0    0 374 -401  1
4218500 2850500  6  3 22  15.7 1017 105  1.4 8 10.2  90    0    0 373 -398  1
4218500 2850500  6  3 23  15.5 1017  78  2.1 8 10.3  93    0    0 375 -397  1
4218500 2850500  6  3 24  15.2 1017  67  1.8 8 10.4  95    0    0 374 -396  1
4218500 2850500  6  4  1  15.2 1017  96  1.2 8 10.4  96    0    0 371 -395  1
4218500 2850500  6  4  2  15.1 1017  94  1.4 8 10.4  97    0    0 370 -394  1
4218500 2850500  6  4  3  15.0 1017  75  1.7 7 10.3  96    0    0 364 -393  1
4218500 2850500  6  4  4  15.1 1017  61  2.1 8 10.1  95    0    0 365 -393  1
4218500 2850500  6  4  5  15.2 1017  65  2.0 8 10.0  93    0    4 371 -392  1
4218500 2850500  6  4  6  15.3 1017  69  2.1 8  9.9  92    0   15 370 -394  1
4218500 2850500  6  4  7  15.6 1017  84  2.0 8 10.0  92    0   46 371 -397  1
4218500 2850500  6  4  8  15.9 1017  75  1.8 7 10.1  90    0  101 366 -404  1
4218500 2850500  6  4  9  16.6 1017  78  2.0 7 10.1  88    0  163 363 -411  1
4218500 2850500  6  4 10  16.5 1017  78  2.1 7 10.0  85    0  199 365 -419  1
4218500 2850500  6  4 11  16.5 1018  48  2.6 7 10.0  86    0  192 366 -427  1
4218500 2850500  6  4 12  17.5 1018  35  2.1 8 10.0  83    0  164 373 -440  1
4218500 2850500  6  4 13  17.0 1018  84  2.2 8  9.8  80    0  161 377 -455  1
4218500 2850500  6  4 14  17.4 1018  85  2.5 8  9.6  79    0  148 376 -465  1
4218500 2850500  6  4 15  18.1 1017  84  1.9 8  9.6  76    0  147 376 -471  1
4218500 2850500  6  4 16  18.0 1017  62  2.2 7  9.6  74    3  221 373 -470  1
4218500 2850500  6  4 17  17.9 1017  43  2.5 7  9.6  75    5  194 368 -464  1
4218500 2850500  6  4 18  18.4 1017  47  2.0 7  9.6  74    6  149 369 -455  1
4218500 2850500  6  4 19  17.8 1017   8  2.4 5  9.6  74    1   81 360 -443  1
4218500 2850500  6  4 20  17.2 1017  25  2.3 7  9.9  80    0   18 362 -428  1
4218500 2850500  6  4 21  16.7 1017  17  2.3 7 10.1  84    0    0 369 -418  1
4218500 2850500  6  4 22  16.3 1017  17  2.2 8 10.3  88    0    0 367 -411  1
4218500 2850500  6  4 23  16.3 1017  27  2.3 7 10.3  87    0    0 369 -406  1
4218500 2850500  6  4 24  16.6 1017  48  2.6 6 10.0  84    0    0 369 -402  1
4218500 2850500  6  5  1  16.8 1005  70  3.0 4  9.7  79    0    0 315 -403  1
4218500 2850500  6  5  2  16.9 1005  91  3.4 3  9.4  76    0    0 304 -398  1
4218500 2850500  6  5  3  16.8 1004 103  3.7 2  9.2  75    0    0 300 -392  1
4218500 2850500  6  5  4  16.7 1004 102  4.0 2  9.3  77    0    0 304 -389  1
4218500 2850500  6  5  5  17.5 1004 103  4.1 2  9.4  75   16   23 305 -387  1
4218500 2850500  6  5  6  17.9 1004 104  4.2 2  9.5  77   77   65 303 -387  1
4218500 2850500  6  5  7  19.8 1004 113  5.6 2  9.7  70  150  113 305 -394  1
4218500 2850500  6  5  8  22.1 1003 114  6.5 4  9.7  62  255  152 318 -408  1
4218500 2850500  6  5  9  24.0 1003 115  6.6 4  9.2  51  401  163 336 -424  1
4218500 2850500  6  5 10  25.9 1003 118  7.4 5  8.2  41  514  177 347 -442  1
4218500 2850500  6  5 11  25.9 1002 108  7.9 6  7.5  35  348  322 362 -460  1
4218500 2850500  6  5 12  25.6 1002 112  8.3 6  7.2  34  465  297 368 -474  1
4218500 2850500  6  5 13  27.6 1001 126  7.9 5  7.1  32  560  250 368 -485  1
4218500 2850500  6  5 14  26.9 1001 111  8.5 5  6.7  29  412  309 366 -490  1
4218500 2850500  6  5 15  27.2 1000 120  8.4 5  6.7  30  365  287 368 -489  1
4218500 2850500  6  5 16  27.0 1000 133  7.8 6  7.2  32  179  294 375 -482  1
4218500 2850500  6  5 17  26.1 1000 129  7.5 7  7.5  34   15  206 384 -467  1
4218500 2850500  6  5 18  25.5 1000 119  8.1 6  7.4  35    4  129 381 -455  1
4218500 2850500  6  5 19  24.9 1000 118  6.6 6  7.4  36    5   86 374 -450  1
4218500 2850500  6  5 20  23.9 1000 113  5.8 8  7.2  37    0   19 383 -444  1
4218500 2850500  6  5 21  22.7 1000 104  5.8 8  7.0  39    0    0 391 -438  1
4218500 2850500  6  5 22  21.5 1001  91  5.9 6  7.1  42    0    0 376 -434  1
4218500 2850500  6  5 23  21.1 1001 136  5.3 7  7.3  46    0    0 369 -431  1
4218500 2850500  6  5 24  20.5 1001 171  5.1 8  7.5  48    0    0 379 -425  1
4218500 2850500  6  6  1  19.7 1001  86  4.8 7  7.7  52    0    0 376 -418  1
4218500 2850500  6  6  2  19.1 1001  99  5.0 7  7.9  55    0    0 368 -414  1
4218500 2850500  6  6  3  18.3 1001  85  5.3 7  8.2  60    0    0 364 -412  1
4218500 2850500  6  6  4  17.8 1001  86  6.0 6  8.3  63    0    0 357 -410  1
4218500 2850500  6  6  5  17.5 1000  96  5.7 6  8.4  65    0    3 349 -408  1
4218500 2850500  6  6  6  18.3 1000 102  5.4 5  8.7  67    8   58 344 -406  1
4218500 2850500  6  6  7  19.3 1000  86  7.0 6  9.0  66   35  131 347 -407  1
4218500 2850500  6  6  8  20.6 1000 105  6.7 4  9.3  63  104  208 347 -409  1
4218500 2850500  6  6  9  21.8 1001 117  6.9 5  9.9  62   86  282 348 -409  1
4218500 2850500  6  6 10  21.6 1001 133  7.0 5  9.9  60  168  336 355 -406  1
4218500 2850500  6  6 11  23.5 1001 123  6.5 5  9.9  57  337  332 359 -406  1
4218500 2850500  6  6 12  23.7 1001 120  8.4 5  9.5  52  345  359 363 -415  1
4218500 2850500  6  6 13  22.8 1001  98  6.8 6  9.0  50  137  404 366 -421  1
4218500 2850500  6  6 14  21.8 1001 110  6.5 6  9.1  53   20  322 368 -414  1
4218500 2850500  6  6 15  19.5 1001 124  7.4 8  9.2  60    0  212 372 -408  1
4218500 2850500  6  6 16  17.1 1001 104  4.5 8 10.1  76    0  117 375 -406  1
4218500 2850500  6  6 17  16.5 1001  85  6.6 8 11.1  91    0   70 371 -407  1
4218500 2850500  6  6 18  16.6 1000  93  5.2 8 11.3  94    0   67 370 -407  1
4218500 2850500  6  6 19  16.6 1000  97  5.4 8 11.2  93    0   59 370 -407  1
4218500 2850500  6  6 20  16.3 1000  85  5.1 8 11.0  92    0   14 370 -407  1
4218500 2850500  6  6 21  16.2 1000 104  5.4 8 11.0  94    0    0 371 -404  1
4218500 2850500  6  6 22  16.1 1000  97  5.4 8 11.1  95    0    0 373 -402  1
4218500 2850500  6  6 23  16.0 1000  88  6.1 8 11.0  95    0    0 374 -400  1
4218500 2850500  6  6 24  15.9  999  85  5.6 8 10.8  94    0    0 375 -397  1
4218500 2850500  6  7  1  16.0  999  88  5.8 8 10.8  94    0    0 376 -393  1
4218500 2850500  6  7  2  15.9  999  97  6.5 8 10.8  94    0    0 376 -393  1
4218500 2850500  6  7  3  15.9  998  90  5.5 8 10.6  93    0    0 376 -394  1
4218500 2850500  6  7  4  15.9  998  86  5.9 7 10.6  92    0    0 370 -390  1
4218500 2850500  6  7  5  15.8  998  85  5.2 8 10.4  91    0    2 369 -385  1
4218500 2850500  6  7  6  15.3  997  79  5.9 8 10.4  92    0   13 374 -383  1
4218500 2850500  6  7  7  14.8  997  75  6.2 7 10.4  95    0   29 365 -383  1
4218500 2850500  6  7  8  14.9  997  77  5.8 7 10.4  96    0   66 355 -385  1
4218500 2850500  6  7  9  15.3  998  75  5.5 8 10.4  95    0   95 361 -395  1
4218500 2850500  6  7 10  15.2  998  75  5.6 8 10.0  91    0  121 367 -404  1
4218500 2850500  6  7 11  15.8  998  76  6.1 8  9.7  86    0  157 366 -404  1
4218500 2850500  6  7 12  15.6  998  64  6.2 7  9.3  82    0  144 359 -409  1
4218500 2850500  6  7 13  15.8  998  74  6.2 8  9.0  80    0  132 358 -430  1
4218500 2850500  6  7 14  15.1  999  81  4.8 8  9.4  84    0  102 367 -447  1
4218500 2850500  6  7 15  14.8  999  64  5.5 8  9.9  92    0  110 368 -436  1
4218500 2850500  6  7 16  14.7  999  70  4.5 7 10.0  93    0  131 361 -420  1
4218500 2850500  6  7 17  14.7  999  73  5.3 8  9.9  93    0   99 361 -414  1
4218500 2850500  6  7 18  14.7  999  64  4.0 7  9.9  93    0   69 362 -410  1
4218500 2850500  6  7 19  14.6  999  76  4.1 8  9.9  94    0   35 363 -405  1
4218500 2850500  6  7 20  14.8 1000  83  3.8 8 10.1  95    0    8 370 -400  1
4218500 2850500  6  7 21  14.4 1000  75  4.0 8 10.1  96    0    0 371 -395  1
4218500 2850500  6  7 22  14.4 1000  83  4.5 8 10.0  96    0    0 370 -393  1
4218500 2850500  6  7 23  14.4 1000  84  4.2 8  9.8  94    0    0 370 -391  1
4218500 2850500  6  7 24  14.2 1001  83  4.1 8  9.6  92    0    0 370 -389  1
4218500 2850500  6  8  1  13.9 1001  76  4.2 8  9.4  92    0    0 369 -388  1
4218500 2850500  6  8  2  13.7 1001  78  4.2 8  9.2  92    0    0 369 -388  1
4218500 2850500  6  8  3  13.6 1001  82  3.0 8  9.2  92    0    0 369 -388  1
4218500 2850500  6  8  4  13.3 1001  77  3.4 8  9.1  93    0    0 369 -388  1
4218500 2850500  6  8  5  13.3 1001  80  2.6 8  9.0  93    0    4 369 -387  1
4218500 2850500  6  8  6  13.1 1001  85  3.7 8  8.8  92    0   14 368 -389  1
4218500 2850500  6  8  7  13.6 1001  88  3.1 8  8.6  89    0   50 369 -392  1
4218500 2850500  6  8  8  13.9 1001  82  2.9 7  8.7  87    0  106 365 -395  1
4218500 2850500  6  8  9  14.3 1002  72  2.9 7  8.9  88    7  198 360 -396  1
4218500 2850500  6  8 10  15.4 1002  72  2.3 7  8.9  84   24  267 362 -397  1
4218500 2850500  6  8 11  15.7 1002  50  2.6 7  9.1  81   15  283 364 -400  1
4218500 2850500  6  8 12  15.7 1002  72  2.2 7  9.1  80    0  218 364 -406  1
4218500 2850500  6  8 13  15.9 1003  80  2.4 7  9.0  79    0  244 364 -425  1
4218500 2850500  6  8 14  16.3 1003  76  2.5 7  9.1  79   38  305 363 -439  1
4218500 2850500  6  8 15  16.7 1003  83  2.2 7  9.1  77   35  277 363 -440  1
4218500 2850500  6  8 16  16.4 1003  71  2.7 7  9.0  76   15  224 362 -440  1
4218500 2850500  6  8 17  16.1 1003  82  2.9 7  8.8  75    3  160 359 -435  1
4218500 2850500  6  8 18  15.9 1003  94  2.1 8  8.8  77    0  106 362 -431  1
4218500 2850500  6  8 19  16.0 1004  83  1.2 7  8.7  76    0   69 361 -424  1
4218500 2850500  6  8 20  15.6 1004  99  1.7 7  8.6  76    0   31 354 -415  1
4218500 2850500  6  8 21  15.2 1004  96  1.7 6  8.9  80    0    0 347 -407  1
4218500 2850500  6  8 22  14.3 1004  95  1.6 7  9.1  86    0    0 347 -401  1
4218500 2850500  6  8 23  14.2 1005  20  0.7 6  9.2  90    0    0 345 -398  1
4218500 2850500  6  8 24  13.7 1005 136  0.7 4  9.1  90    0    0 329 -397  1
4218500 2850500  6  9  1  12.1 1004 301  1.6 3  8.6  92    0    0 310 -396  1
4218500 2850500  6  9  2  12.3 1005  56  1.4 3  8.5  94    0    0 303 -395  1
4218500 2850500  6  9  3  11.8 1005  55  1.5 3  8.5  96    0    0 303 -396  1
4218500 2850500  6  9  4  11.4 1005 100  1.4 3  8.3  97    0    0 303 -396  1
4218500 2850500  6  9  5  12.0 1005  69  1.4 5  8.4  97   11   21 313 -396  1
4218500 2850500  6  9  6  12.5 1005 184  1.3 5  8.7  97   90   61 325 -396  1
4218500 2850500  6  9  7  15.5 1005 104  0.6 3  9.2  91  164  104 320 -396  1
4218500 2850500  6  9  8  16.9 1005  91  1.4 5  9.5  82  128  192 327 -397  1
4218500 2850500  6  9  9  17.3 1005  84  1.4 6  9.4  76  104  271 346 -399  1
4218500 2850500  6  9 10  17.4 1005  99  2.2 6  9.0  72   81  327 351 -400  1
4218500 2850500  6  9 11  18.4 1005  85  2.0 6  9.0  69   81  359 353 -405  1
4218500 2850500  6  9 12  18.9 1005 112  2.6 6  9.2  68   15  309 357 -409  1
4218500 2850500  6  9 13  19.2 1005  67  2.4 6  9.3  67   24  332 360 -406  1
4218500 2850500  6  9 14  18.7 1005  87  2.3 5  9.2  66   46  345 355 -404  1
4218500 2850500  6  9 15  18.8 1004  91  2.3 5  9.3  68   14  276 351 -405  1
4218500 2850500  6  9 16  19.5 1004  69  1.9 5  9.5  68   69  283 349 -408  1
4218500 2850500  6  9 17  20.0 1004  98  2.1 6  9.3  64  149  223 353 -413  1
4218500 2850500  6  9 18  19.2 1003 106  2.2 6  9.1  63   19  156 355 -415  1
4218500 2850500  6  9 19  18.9 1003 137  1.9 5  9.3  67    5   85 347 -412  1
4218500 2850500  6  9 20  17.6 1003 121  1.9 6  9.4  71    0   33 340 -406  1
4218500 2850500  6  9 21  16.3 1003  91  2.0 5  9.5  78    0    0 333 -400  1
4218500 2850500  6  9 22  15.7 1003  94  1.3 6  9.6  84    0    0 337 -393  1
4218500 2850500  6  9 23  15.3 1003  92  2.2 6  9.8  88    0    0 345 -391  1
4218500 2850500  6  9 24  14.1 1003 105  1.2 5  9.7  91    0    0 337 -389  1
4218500 2850500  6 10  1  14.5 1003 103  1.6 6  9.7  94    0    0 336 -387  1
4218500 2850500  6 10  2  14.5 1003  74  1.3 7  9.7  93    0    0 348 -384  1
4218500 2850500  6 10  3  13.5 1003  87  1.5 6  9.4  93    0    0 346 -382  1
4218500 2850500  6 10  4  12.7 1002  75  1.4 5  9.0  94    0    0 332 -381  1
4218500 2850500  6 10  5  13.3 1002 115  1.2 6  9.1  96    1   19 333 -381  1
4218500 2850500  6 10  6  14.6 1002 104  1.4 6  9.8  97    2   51 342 -385  1
4218500 2850500  6 10  7  16.2 1002 104  1.2 5 10.3  93   17  134 342 -392  1
4218500 2850500  6 10  8  17.5 1002 198  1.0 5 10.2  84   53  232 341 -401  1
4218500 2850500  6 10  9  18.8 1003 122  1.5 6 10.1  76  135  326 352 -412  1
4218500 2850500  6 10 10  19.8 1003  64  1.2 4  9.8  69  207  387 352 -423  1
4218500 2850500  6 10 11  19.7 1002 310  3.0 5  9.4  65   81  413 351 -424  1
4218500 2850500  6 10 12  17.8 1002 267  2.9 7  9.6  70    0  179 364 -416  1
4218500 2850500  6 10 13  17.9 1002 275  2.6 6 10.2  79    3  286 368 -412  1
4218500 2850500  6 10 14  19.3 1003 295  3.7 6 10.8  79   71  411 367 -411  1
4218500 2850500  6 10 15  20.0 1003 300  4.1 6 10.4  72   65  377 369 -409  1
4218500 2850500  6 10 16  18.9 1003 287  3.6 5 10.3  72   17  274 363 -405  1
4218500 2850500  6 10 17  16.3 1004 303  4.3 6 10.5  83    4  188 355 -399  1
4218500 2850500  6 10 18  16.9 1004 298  3.8 6 10.8  90    1  129 355 -393  1
4218500 2850500  6 10 19  16.5 1004 285  3.7 6 10.9  91    1   81 355 -390  1
4218500 2850500  6 10 20  15.8 1005 314  3.5 7 10.3  89    0   19 355 -388  1
4218500 2850500  6 10 21  15.2 1006 261  3.4 7  9.8  88    0    0 357 -384  1
4218500 2850500  6 10 22  14.8 1007 288  3.3 8  9.4  87    0    0 360 -381  1
4218500 2850500  6 10 23  14.5 1007 284  3.3 7  8.9  85    0    0 358 -378  1
4218500 2850500  6 10 24  13.4 1007 252  3.4 5  8.7  87    0    0 342 -374  1
4218500 2850500  6 11  1  13.0 1007 254  3.2 3  8.6  90    0    0 321 -370  1
4218500 2850500  6 11  2  12.7 1008 275  3.6 3  8.3  89    0    0 311 -367  1
4218500 2850500  6 11  3  12.7 1008 273  3.2 4  8.1  88    0    0 315 -365  1
4218500 2850500  6 11  4  12.6 1008 272  3.2 5  8.0  87    0    0 323 -363  1
4218500 2850500  6 11  5  12.9 1008 270  3.2 6  7.8  85    0   14 332 -362  1
4218500 2850500  6 11  6  13.3 1008 263  3.6 6  7.9  83    0   19 338 -364  1
4218500 2850500  6 11  7  14.0 1009 275  4.4 5  7.8  80   70  119 333 -369  1
4218500 2850500  6 11  8  13.8 1009 265  4.5 7  7.5  76   54  192 338 -379  1
4218500 2850500  6 11  9  15.2 1010 260  5.1 5  7.2  70  296  193 341 -393  1
4218500 2850500  6 11 10  15.9 1010 276  4.8 4  6.8  62  351  234 329 -408  1
4218500 2850500  6 11 11  17.0 1010 266  4.9 5  6.4  54  143  344 335 -421  1
4218500 2850500  6 11 12  17.1 1010 246  3.9 5  6.3  52  160  360 342 -423  1
4218500 2850500  6 11 13  18.0 1010 263  4.5 6  6.3  51  113  366 346 -425  1
4218500 2850500  6 11 14  18.5 1010 275  5.0 6  6.3  48  197  342 347 -437  1
4218500 2850500  6 11 15  19.1 1010 248  4.0 4  6.3  47  366  251 339 -440  1
4218500 2850500  6 11 16  19.7 1010 256  5.1 4  6.5  46  335  209 332 -432  1
4218500 2850500  6 11 17  19.6 1010 244  3.5 5  6.6  46  132  214 335 -426  1
4218500 2850500  6 11 18  18.7 1011 196  4.4 4  6.8  49   54  162 334 -420  1
4218500 2850500  6 11 19  18.0 1011 211  3.9 4  7.1  54   10   93 330 -413  1
4218500 2850500  6 11 20  17.3 1011 217  2.8 5  7.2  57    1   36 332 -404  1
4218500 2850500  6 11 21  15.7 1011 239  2.6 3  7.5  64    0    2 326 -394  1
4218500 2850500  6 11 22  14.2 1012 202  2.6 2  7.9  74    0    0 311 -388  1
4218500 2850500  6 11 23  13.7 1012 208  2.9 3  8.0  80    0    0 309 -386  1
4218500 2850500  6 11 24  13.4 1012 190  2.3 4  8.0  83    0    0 316 -383  1
4218500 2850500  6 12  1  13.7 1012 211  3.5 7  8.1  83    0    0 332 -381  1
4218500 2850500  6 12  2  13.9 1012 213  3.5 6  8.0  81    0    0 341 -379  1
4218500 2850500  6 12  3  13.5 1012 219  3.4 3  7.9  81    0    0 324 -376  1
4218500 2850500  6 12  4  13.2 1012 232  3.3 4  8.0  84    0    0 313 -375  1
4218500 2850500  6 12  5  13.1 1012 221  2.4 5  8.1  85    0    8 322 -376  1
4218500 2850500  6 12  6  13.5 1012 226  3.1 6  8.2  86    0   25 333 -379  1
4218500 2850500  6 12  7  14.2 1012 222  3.3 7  8.5  85   21  126 346 -384  1
4218500 2850500  6 12  8  16.2 1013 214  3.3 5  8.4  77   86  213 346 -390  1
4218500 2850500  6 12  9  16.3 1013 234  3.2 6  8.0  70   16  238 345 -398  1
4218500 2850500  6 12 10  16.6 1013 193  2.0 7  8.0  69   11  273 356 -407  1
4218500 2850500  6 12 11  17.1 1012 169  3.5 8  8.4  70    0  212 368 -413  1
4218500 2850500  6 12 12  17.4 1012 186  4.1 8  8.8  71    0  158 375 -410  1
4218500 2850500  6 12 13  18.3 1012 200  5.0 7  8.8  69    9  303 372 -407  1
4218500 2850500  6 12 14  20.3 1011 237  5.5 7  9.2  66   25  332 372 -411  1
4218500 2850500  6 12 15  18.8 1011 224  4.0 8  9.5  66    0  163 375 -417  1
4218500 2850500  6 12 16  19.3 1011 239  5.2 7  9.2  66    3  213 371 -423  1
4218500 2850500  6 12 17  19.7 1011 224  5.1 7  9.0  63   10  198 366 -426  1
4218500 2850500  6 12 18  19.7 1011 218  4.0 7  8.9  62    8  145 365 -425  1
4218500 2850500  6 12 19  16.3 1010 258  3.6 5  9.6  74   16  104 352 -420  1
4218500 2850500  6 12 20  15.7 1011 200  2.2 8 10.6  93    0   14 350 -411  1
4218500 2850500  6 12 21  15.5 1010 195  3.6 7 10.8  96    0    0 357 -402  1
4218500 2850500  6 12 22  14.9 1011 196  3.0 7 10.5  96    0    0 352 -395  1
4218500 2850500  6 12 23  14.9 1010 183  2.2 7 10.2  96    0    0 352 -392  1
4218500 2850500  6 12 24  14.6 1010 194  2.0 6 10.1  95    0    0 348 -387  1
4218500 2850500  6 13  1  14.4 1010 206  3.3 5 10.0  96    0    0 338 -382  1
4218500 2850500  6 13  2  14.8 1010 305  2.5 5 10.1  96    0    0 335 -377  1
4218500 2850500  6 13  3  14.6 1009 242  1.8 7 10.1  96    0    0 343 -375  1
4218500 2850500  6 13  4  14.1 1009 315  1.2 8  9.9  96    0    0 357 -375  1
4218500 2850500  6 13  5  13.8 1009 131  0.9 8  9.5  95    0    3 361 -378  1
4218500 2850500  6 13  6  14.2 1009 164  2.8 7  9.6  95    0   26 354 -382  1
4218500 2850500  6 13  7  14.3 1008 197  3.1 8  9.8  96    0   42 353 -388  1
4218500 2850500  6 13  8  15.3 1008 206  4.1 8 10.1  96    0   62 359 -397  1
4218500 2850500  6 13  9  15.8 1008 219  5.3 8 10.0  90    0  128 362 -403  1
4218500 2850500  6 13 10  14.9 1008 225  5.9 8  9.4  85    0  136 362 -408  1
4218500 2850500  6 13 11  14.9 1008 206  4.7 8  9.4  88    0  137 363 -415  1
4218500 2850500  6 13 12  16.1 1008 223  5.4 7  9.8  89    0  222 362 -416  1
4218500 2850500  6 13 13  14.9 1008 268  7.9 7  9.3  84    0  245 360 -406  1
4218500 2850500  6 13 14  14.6 1008 272  6.5 7  8.6  82    0  210 357 -398  1
4218500 2850500  6 13 15  14.5 1008 272  6.0 7  8.6  83    0  212 355 -402  1
4218500 2850500  6 13 16  15.3 1009 281  6.2 7  8.1  76    2  215 356 -409  1
4218500 2850500  6 13 17  15.0 1009 260  6.0 7  7.7  71    0  157 356 -409  1
4218500 2850500  6 13 18  15.4 1009 275  5.4 7  7.6  70    0  106 355 -400  1
4218500 2850500  6 13 19  15.1 1009 257  4.7 5  7.5  69   14  113 347 -392  1
4218500 2850500  6 13 20  14.7 1009 272  4.5 7  7.5  71    1   39 346 -389  1
4218500 2850500  6 13 21  14.2 1009 248  3.6 7  7.7  75    0    0 352 -386  1
4218500 2850500  6 13 22  13.3 1010 249  3.4 7  7.8  79    0    0 350 -383  1
4218500 2850500  6 13 23  12.9 1010 247  3.7 7  7.9  83    0    0 347 -382  1
4218500 2850500  6 13 24  12.7 1010 256  3.8 7  8.0  87    0    0 345 -382  1
4218500 2850500  6 14  1  12.9 1010 258  3.5 7  8.1  87    0    0 344 -381  1
4218500 2850500  6 14  2  12.8 1010 256  3.8 7  8.1  87    0    0 344 -380  1
4218500 2850500  6 14  3  13.0 1010 274  3.8 7  8.2  88    0    0 344 -379  1
4218500 2850500  6 14  4  13.0 1010 268  4.0 7  8.3  88    0    0 344 -378  1
4218500 2850500  6 14  5  13.0 1010 273  3.7 7  8.3  88    0    8 342 -377  1
4218500 2850500  6 14  6  13.3 1010 276  4.0 8  8.2  86    0   20 343 -379  1
4218500 2850500  6 14  7  14.0 1011 277  4.3 7  8.0  82    4  107 344 -383  1
4218500 2850500  6 14  8  14.6 1011 278  4.7 8  7.7  76   14  192 345 -388  1
4218500 2850500  6 14  9  15.1 1011 282  5.1 7  7.5  70   19  259 346 -393  1
4218500 2850500  6 14 10  15.7 1012 274  4.8 7  7.3  66   56  349 344 -401  1
4218500 2850500  6 14 11  16.6 1012 274  5.0 7  6.9  60   60  387 347 -412  1
4218500 2850500  6 14 12  16.3 1012 265  3.9 8  6.7  58    1  262 351 -425  1
4218500 2850500  6 14 13  16.2 1012 254  5.2 8  7.0  61    0  205 353 -435  1
4218500 2850500  6 14 14  16.4 1013 270  4.3 7  7.4  64    4  278 348 -442  1
4218500 2850500  6 14 15  16.9 1013 258  5.2 7  7.7  65    1  231 345 -446  1
4218500 2850500  6 14 16  16.9 1013 267  5.0 7  8.0  67    9  244 345 -446  1
4218500 2850500  6 14 17  17.7 1013 251  4.5 6  8.3  67   96  274 343 -440  1
4218500 2850500  6 14 18  17.9 1013 269  4.1 4  8.5  67  109  205 337 -432  1
4218500 2850500  6 14 19  17.7 1012 273  3.8 2  8.5  67   70  127 327 -424  1
4218500 2850500  6 14 20  16.9 1013 277  2.5 3  8.6  70   14   53 324 -413  1
4218500 2850500  6 14 21  15.6 1012 229  2.0 3  8.7  75    0    3 323 -403  1
4218500 2850500  6 14 22  14.4 1013 240  1.8 2  8.7  82    0    0 318 -396  1
4218500 2850500  6 14 23  13.5 1013 201  2.4 2  8.7  88    0    0 315 -394  1
4218500 2850500  6 14 24  12.7 1013 192  2.1 2  8.6  92    0    0 316 -393  1
4218500 2850500  6 15  1  12.7 1012 173  2.1 2  8.5  93    0    0 318 -393  1
4218500 2850500  6 15  2  12.0 1011 191  2.1 3  8.5  94    0    0 320 -393  1
4218500 2850500  6 15  3  12.4 1011 182  2.6 5  8.6  96    0    0 329 -392  1
4218500 2850500  6 15  4  13.3 1011 185  2.4 7  9.0  96    0    0 343 -392  1
4218500 2850500  6 15  5  13.7 1011 140  2.2 7  9.2  95    0    3 353 -392  1
4218500 2850500  6 15  6  14.7 1010 162  4.0 7  9.3  91    0   14 357 -393  1
4218500 2850500  6 15  7  16.8 1009 176  4.4 6  9.4  83    4   98 359 -398  1
4218500 2850500  6 15  8  17.7 1009 193  4.1 6  9.6  78    6  157 361 -407  1
4218500 2850500  6 15  9  19.9 1008 251  3.3 6 10.4  76  170  257 368 -422  1
4218500 2850500  6 15 10  19.4 1008 266  3.3 6 11.0  76    7  250 374 -444  1
4218500 2850500  6 15 11  20.8 1009 193  4.6 6 11.1  75   61  343 377 -466  1
4218500 2850500  6 15 12  24.2 1008 208  3.7 5 11.0  64  592  211 383 -479  1
4218500 2850500  6 15 13  22.7 1008 302  3.0 6 11.6  64   70  367 386 -487  1
4218500 2850500  6 15 14  24.0 1008 238  5.1 7 12.0  66    0  223 392 -489  1
4218500 2850500  6 15 15  23.6 1008 209  5.3 7 11.8  63    0  174 397 -483  1
4218500 2850500  6 15 16  24.0 1008 246  6.1 7 12.0  64   24  252 398 -475  1
4218500 2850500  6 15 17  24.8 1008 267  5.2 6 11.9  62  106  223 395 -467  1
4218500 2850500  6 15 18  24.4 1008 276  6.0 6 11.6  60   66  165 389 -457  1
4218500 2850500  6 15 19  22.8 1008 292  5.4 7 11.6  63   15   97 388 -443  1
4218500 2850500  6 15 20  21.5 1008 294  4.6 6 10.3  62    1   35 380 -429  1
4218500 2850500  6 15 21  19.6 1009 302  3.7 7  8.6  57    0    1 371 -419  1
4218500 2850500  6 15 22  17.9 1010 300  3.5 5  8.3  61    0    0 359 -411  1
4218500 2850500  6 15 23  16.5 1010 290  3.1 5  8.4  68    0    0 345 -404  1
4218500 2850500  6 15 24  15.9 1011 292  3.8 7  8.5  73    0    0 352 -396  1
4218500 2850500  6 16  1  16.3 1011 333  2.9 7  8.6  75    0    0 362 -390  1
4218500 2850500  6 16  2  15.9 1012 339  2.4 8  8.4  74    0    0 366 -385  1
4218500 2850500  6 16  3  15.0 1012 323  1.7 6  8.3  76    0    0 359 -382  1
4218500 2850500  6 16  4  14.4 1012 280  1.9 6  8.4  81    0    0 347 -379  1
4218500 2850500  6 16  5  14.6 1013 223  1.8 7  8.7  84    0    3 350 -377  1
4218500 2850500  6 16  6  15.3 1013 218  2.1 7  8.8  82    0   31 356 -378  1
4218500 2850500  6 16  7  17.0 1013 209  2.7 8  8.9  77    0   82 363 -384  1
4218500 2850500  6 16  8  17.8 1013 202  3.5 6  9.0  72   62  199 360 -396  1
4218500 2850500  6 16  9  19.4 1013 267  3.7 6  8.9  66  337  191 352 -411  1
4218500 2850500  6 16 10  20.5 1013 278  4.1 6  8.7  60  316  272 354 -427  1
4218500 2850500  6 16 11  21.3 1013 273  5.1 6  8.5  55  322  320 356 -441  1
4218500 2850500  6 16 12  21.6 1013 254  4.2 6  8.2  52  182  380 359 -453  1
4218500 2850500  6 16 13  21.5 1013 244  4.9 7  8.2  51   69  372 364 -463  1
4218500 2850500  6 16 14  21.4 1013 276  5.3 7  8.2  51    6  277 370 -467  1
4218500 2850500  6 16 15  21.2 1013 262  5.1 7  8.2  52    0  186 371 -467  1
4218500 2850500  6 16 16  22.3 1013 257  5.7 6  8.3  51   74  281 371 -466  1
4218500 2850500  6 16 17  22.1 1013 277  5.8 3  8.2  49  348  147 360 -462  1
4218500 2850500  6 16 18  21.6 1013 280  5.0 3  8.3  51  182  142 350 -454  1
4218500 2850500  6 16 19  21.1 1013 263  4.2 6  8.8  55   17   99 358 -444  1
4218500 2850500  6 16 20  20.2 1014 262  3.8 6  9.0  59    6   42 366 -431  1
4218500 2850500  6 16 21  19.2 1014 256  3.4 5  9.2  64    0    4 358 -418  1
4218500 2850500  6 16 22  17.8 1014 234  2.6 4  9.6  72    0    0 348 -408  1
4218500 2850500  6 16 23  16.2 1014 238  2.7 4  9.8  80    0    0 340 -405  1
4218500 2850500  6 16 24  16.1 1014 210  2.8 5  9.8  85    0    0 341 -404  1
4218500 2850500  6 17  1  14.9 1014 226  2.6 5  9.8  89    0    0 342 -403  1
4218500 2850500  6 17  2  15.5 1015 217  2.4 5  9.9  91    0    0 343 -400  1
4218500 2850500  6 17  3  15.7 1014 232  2.8 5 10.1  91    0    0 343 -395  1
4218500 2850500  6 17  4  15.5 1014 233  2.6 7 10.1  91    0    0 346 -391  1
4218500 2850500  6 17  5  16.0 1014 219  2.7 7 10.1  90    0   13 350 -389  1
4218500 2850500  6 17  6  16.8 1014 214  2.5 4 10.2  88   20   65 346 -392  1
4218500 2850500  6 17  7  18.8 1015 249  2.4 5 10.6  83   78  134 345 -400  1
4218500 2850500  6 17  8  20.5 1015 256  2.4 5 10.8  75   73  206 351 -415  1
4218500 2850500  6 17  9  22.2 1015 272  2.8 6 11.0  69  165  268 358 -434  1
4218500 2850500  6 17 10  23.4 1015 255  3.1 6 11.4  66  371  263 365 -455  1
4218500 2850500  6 17 11  24.4 1015 246  3.9 6 11.6  62  460  273 370 -475  1
4218500 2850500  6 17 12  24.9 1015 302  4.4 6 11.1  57  346  357 373 -491  1
4218500 2850500  6 17 13  26.2 1015 293  4.4 4 10.5  51  429  326 373 -498  1
4218500 2850500  6 17 14  26.9 1015 311  4.1 3 10.6  49  591  224 373 -505  1
4218500 2850500  6 17 15  27.6 1015 330  4.0 4 10.9  48  453  251 377 -510  1
4218500 2850500  6 17 16  27.8 1014 306  4.1 4 11.3  48  355  234 380 -506  1
4218500 2850500  6 17 17  27.9 1014 284  3.1 4 11.5  49  197  225 379 -500  1
4218500 2850500  6 17 18  27.7 1014 253  2.2 3 11.1  47  140  167 374 -490  1
4218500 2850500  6 17 19  27.1 1014 249  1.9 2 10.9  48   88  104 368 -479  1
4218500 2850500  6 17 20  25.4 1014 288  1.0 1 11.2  52   20   48 362 -464  1
4218500 2850500  6 17 21  22.7 1015  22  0.3 1 11.5  61    0    4 354 -448  1
4218500 2850500  6 17 22  21.0 1015  92  1.9 1 11.9  72    0    0 346 -435  1
4218500 2850500  6 17 23  19.4 1015 123  2.5 0 11.8  80    0    0 340 -426  1
4218500 2850500  6 17 24  19.2 1015 107  1.4 0 11.7  83    0    0 334 -420  1
4218500 2850500  6 18  1  18.7 1015 141  2.4 1 11.8  86    0    0 335 -415  1
4218500 2850500  6 18  2  18.2 1015 104  2.5 1 11.8  89    0    0 336 -411  1
4218500 2850500  6 18  3  17.2 1015 125  2.7 1 11.5  90    0    0 333 -407  1
4218500 2850500  6 18  4  16.8 1015 124  2.7 2 11.2  92    0    0 331 -405  1
4218500 2850500  6 18  5  17.4 1015 127  2.3 2 11.4  93   11   22 333 -403  1
4218500 2850500  6 18  6  19.3 1016 126  1.7 2 12.1  91   73   69 336 -404  1
4218500 2850500  6 18  7  22.3 1016 153  2.1 2 12.4  80  174  108 342 -413  1
4218500 2850500  6 18  8  25.3 1016 150  3.4 2 12.5  67  311  129 352 -429  1
4218500 2850500  6 18  9  27.2 1015 153  4.5 3 12.3  58  474  127 361 -448  1
4218500 2850500  6 18 10  28.1 1015 152  5.0 3 11.8  51  588  137 368 -467  1
4218500 2850500  6 18 11  29.4 1015 159  4.4 2 11.6  47  682  141 373 -485  1
4218500 2850500  6 18 12  30.7 1014 151  4.6 2 11.6  43  735  145 380 -500  1
4218500 2850500  6 18 13  31.5 1014 184  4.3 1 11.1  39  692  180 385 -512  1
4218500 2850500  6 18 14  32.5 1013 169  4.7 1 10.9  36  674  171 389 -520  1
4218500 2850500  6 18 15  32.9 1013 163  4.4 1 11.1  36  575  183 394 -522  1
4218500 2850500  6 18 16  33.0 1012 166  4.0 2 10.8  34  487  165 396 -521  1
4218500 2850500  6 18 17  33.0 1012 156  4.7 3 10.6  33  343  162 398 -516  1
4218500 2850500  6 18 18  32.0 1011 167  4.2 4 10.7  35  212  138 398 -507  1
4218500 2850500  6 18 19  30.2 1011 166  3.5 5 11.0  39  103   98 396 -494  1
4218500 2850500  6 18 20  28.5 1010 158  4.0 6 11.2  44   20   47 392 -479  1
4218500 2850500  6 18 21  26.0 1010 159  3.6 5 11.2  49    0    6 386 -464  1
4218500 2850500  6 18 22  25.6 1011 158  4.2 3 11.4  54    0    0 378 -454  1
4218500 2850500  6 18 23  25.0 1011 161  4.1 3 11.5  56    0    0 374 -446  1
4218500 2850500  6 18 24  24.1 1010 173  3.1 2 11.6  60    0    0 371 -440  1
4218500 2850500  6 19  1  23.4 1011 171  3.9 1 12.1  65    0    0 367 -434  1
4218500 2850500  6 19  2  22.5 1011 203  3.0 1 12.4  70    0    0 365 -430  1
4218500 2850500  6 19  3  22.3 1011 208  3.2 1 12.6  74    0    0 363 -427  1
4218500 2850500  6 19  4  22.1 1011 267  4.0 2 13.1  78    0    0 363 -424  1
4218500 2850500  6 19  5  21.6 1012 307  6.2 5 13.4  81    0   17 365 -423  1
4218500 2850500  6 19  6  21.1 1013 317  5.6 6 13.4  84    2   50 368 -426  1
4218500 2850500  6 19  7  21.0 1014 322  5.2 7 13.4  85    8  111 370 -435  1
4218500 2850500  6 19  8  21.1 1015 338  4.5 7 13.2  84   14  177 372 -451  1
4218500 2850500  6 19  9  21.8 1016 334  4.5 8 12.7  79   16  236 378 -469  1
4218500 2850500  6 19 10  22.2 1016 338  3.8 7 12.2  73   82  326 380 -487  1
4218500 2850500  6 19 11  23.7 1017 331  3.5 6 12.0  68  247  368 381 -504  1
4218500 2850500  6 19 12  24.9 1017 325  3.2 5 12.2  64  385  353 384 -517  1
4218500 2850500  6 19 13  25.8 1017 325  2.8 4 12.4  61  406  349 386 -528  1
4218500 2850500  6 19 14  25.7 1017 329  3.4 4 12.5  60  308  367 387 -533  1
4218500 2850500  6 19 15  26.4 1017 331  3.7 4 12.5  59  251  341 389 -531  1
4218500 2850500  6 19 16  26.7 1017 333  3.2 4 12.4  57  337  256 391 -523  1
4218500 2850500  6 19 17  26.2 1017 335  2.7 4 12.2  56  203  232 391 -513  1
4218500 2850500  6 19 18  26.0 1017  30  2.6 3 11.9  56  140  173 387 -501  1
4218500 2850500  6 19 19  24.7 1017  64  3.9 3 11.8  58   44  113 383 -485  1
4218500 2850500  6 19 20  23.9 1017  87  3.5 5 11.8  62    5   44 382 -470  1
4218500 2850500  6 19 21  22.4 1017  69  3.5 6 12.1  68    0    3 382 -456  1
4218500 2850500  6 19 22  21.3 1017  13  3.4 6 11.5  70    0    0 379 -446  1
4218500 2850500  6 19 23  20.2 1018  42  4.2 6  8.8  58    0    0 372 -439  1
4218500 2850500  6 19 24  19.4 1018  44  3.8 7  6.9  48    0    0 367 -433  1
4218500 2850500  6 20  1  18.8 1018  53  4.5 7  6.7  49    0    0 367 -428  1
4218500 2850500  6 20  2  18.4 1018  72  4.4 7  6.9  52    0    0 366 -425  1
4218500 2850500  6 20  3  18.1 1018  73  4.3 7  6.7  52    0    0 364 -421  1
4218500 2850500  6 20  4  16.6 1017  66  4.3 7  6.9  56    0    0 362 -418  1
4218500 2850500  6 20  5  16.6 1017  63  4.3 8  7.6  65    0   16 362 -417  1
4218500 2850500  6 20  6  15.7 1017 349  3.6 8  8.2  72    0   22 363 -419  1
4218500 2850500  6 20  7  15.9 1018  52  4.9 8  8.5  76    0   39 361 -427  1
4218500 2850500  6 20  8  16.4 1018  59  5.7 8  8.4  73    0   69 361 -440  1
4218500 2850500  6 20  9  18.1 1017  85  5.9 8  8.4  68    0  147 364 -457  1
4218500 2850500  6 20 10  20.8 1016 100  6.3 6  8.8  63  124  337 367 -480  1
4218500 2850500  6 20 11  22.1 1015 105  6.1 6  9.4  59  254  374 372 -502  1
4218500 2850500  6 20 12  24.7 1014 116  6.2 4 10.1  56  527  295 378 -517  1
4218500 2850500  6 20 13  26.2 1013 108  5.7 3 10.9  54  636  244 382 -528  1
4218500 2850500  6 20 14  27.4 1012 111  5.7 2 11.6  52  584  253 387 -536  1
4218500 2850500  6 20 15  28.6 1011 103  4.8 2 12.0  50  542  228 391 -534  1
4218500 2850500  6 20 16  29.1 1011 140  4.0 2 12.2  49  274  265 392 -526  1
4218500 2850500  6 20 17  27.8 1010 131  3.8 6 12.2  50    0  101 400 -519  1
4218500 2850500  6 20 18  27.1 1009 140  3.7 6 12.1  52    0   31 409 -512  1
4218500 2850500  6 20 19  26.9 1009 147  4.0 7 12.3  55    0   18 413 -497  1
4218500 2850500  6 20 20  25.0 1009 194  3.6 7 13.1  62    0    6 414 -475  1
4218500 2850500  6 20 21  20.8 1009 273  4.7 8 13.7  77    0    0 409 -454  1
4218500 2850500  6 20 22  20.3 1012 274  3.1 6 13.7  90    0    0 396 -443  1
4218500 2850500  6 20 23  20.7 1011 275  4.3 6 13.7  90    0    0 385 -436  1
4218500 2850500  6 20 24  20.3 1012 265  4.5 5 13.5  89    0    0 381 -427  1
4218500 2850500  6 21  1  19.3 1013 277  6.5 5 12.9  88    0    0 374 -416  1
4218500 2850500  6 21  2  17.7 1014 279  6.9 4 11.5  86    0    0 363 -409  1
4218500 2850500  6 21  3  17.1 1014 267  5.3 4 10.3  83    0    0 353 -405  1
4218500 2850500  6 21  4  16.8 1014 277  5.8 5  9.8  81    0    0 355 -401  1
4218500 2850500  6 21  5  16.2 1015 286  5.5 6  9.6  81    9   21 361 -397  1
4218500 2850500  6 21  6  16.6 1016 290  5.9 5  9.4  81   61   68 361 -395  1
4218500 2850500  6 21  7  16.7 1016 304  5.2 5  9.5  80   75  132 355 -394  1
4218500 2850500  6 21  8  17.1 1017 307  4.0 7  9.4  78   52  201 361 -396  1
4218500 2850500  6 21  9  18.1 1017 333  2.2 5  9.2  73  279  223 360 -405  1
4218500 2850500  6 21 10  19.4 1017 340  2.0 5  9.3  69  294  289 354 -417  1
4218500 2850500  6 21 11  20.3 1017 269  2.8 7  9.4  65  122  365 364 -429  1
4218500 2850500  6 21 12  20.5 1017 291  2.6 5  9.3  62  317  359 363 -439  1
4218500 2850500  6 21 13  21.3 1017 245  1.8 6  9.2  59  181  392 359 -448  1
4218500 2850500  6 21 14  21.1 1017 282  2.0 7  9.0  58   44  342 364 -453  1
4218500 2850500  6 21 15  20.9 1017 300  1.9 7  8.9  57    3  239 367 -454  1
4218500 2850500  6 21 16  20.8 1016 327  2.0 7  8.9  58    5  209 365 -455  1
4218500 2850500  6 21 17  20.9 1016 351  0.0 8  9.0  58    0  116 369 -454  1
4218500 2850500  6 21 18  21.1 1015 283  1.2 8  8.9  58    0  105 374 -449  1
4218500 2850500  6 21 19  20.0 1014 325  1.1 8  9.1  60    0   43 372 -441  1
4218500 2850500  6 21 20  19.5 1014 244  2.0 7  9.5  66    0    7 368 -431  1
4218500 2850500  6 21 21  18.7 1014 228  2.3 6  9.8  71    0    0 359 -422  1
4218500 2850500  6 21 22  17.9 1015 219  2.4 5 10.1  77    0    0 350 -416  1
4218500 2850500  6 21 23  17.0 1015 202  2.2 5  9.7  78    0    0 345 -411  1
4218500 2850500  6 21 24  16.1 1015 184  2.1 5  9.2  78    0    0 337 -408  1
4218500 2850500  6 22  1  15.4 1014 160  2.0 6  8.5  76    0    0 351 -395  1
4218500 2850500  6 22  2  14.9 1014 156  1.9 7  8.0  74    0    0 356 -391  1
4218500 2850500  6 22  3  14.7 1014 160  2.0 8  7.5  72    0    0 361 -388  1
4218500 2850500  6 22  4  14.6 1014 194  2.3 8  7.7  74    0    0 363 -384  1
4218500 2850500  6 22  5  14.7 1014 195  2.6 7  7.8  74    0    8 357 -380  1
4218500 2850500  6 22  6  14.5 1014 239  3.1 7  8.0  77    0   23 351 -381  1
4218500 2850500  6 22  7  15.0 1014 243  3.6 7  8.6  82    0   70 351 -387  1
4218500 2850500  6 22  8  15.4 1015 240  4.0 8  8.9  82    2  146 358 -396  1
4218500 2850500  6 22  9  16.0 1015 257  4.4 7  8.9  80   22  237 360 -409  1
4218500 2850500  6 22 10  17.7 1015 272  4.6 7  8.6  72  101  311 357 -422  1
4218500 2850500  6 22 11  19.4 1015 240  4.9 5  8.4  63  535  196 352 -426  1
4218500 2850500  6 22 12  19.6 1015 273  4.1 6  8.0  57  315  340 350 -431  1
4218500 2850500  6 22 13  20.6 1016 217  4.1 5  7.6  52  264  363 353 -441  1
4218500 2850500  6 22 14  21.2 1015 278  4.2 6  7.4  48   81  353 356 -449  1
4218500 2850500  6 22 15  21.9 1015 283  3.3 6  7.3  46   65  310 362 -454  1
4218500 2850500  6 22 16  21.2 1015 282  4.1 4  7.2  45  153  283 354 -455  1
4218500 2850500  6 22 17  21.5 1016 254  3.2 4  7.0  44  182  211 346 -453  1
4218500 2850500  6 22 18  21.5 1016 265  4.4 3  6.9  43  197  130 342 -448  1
4218500 2850500  6 22 19  21.1 1015 262  2.7 3  6.9  44  127   79 337 -439  1
4218500 2850500  6 22 20  20.6 1016 284  2.0 3  6.7  44    0   15 334 -431  1
4218500 2850500  6 22 21  18.5 1016 236  1.7 3  6.9  49    0    0 331 -421  1
4218500 2850500  6 22 22  15.5 1016 206  2.1 3  7.5  62    0    0 324 -413  1
4218500 2850500  6 22 23  15.1 1016 196  2.4 3  7.7  71    0    0 319 -407  1
4218500 2850500  6 22 24  14.6 1016 213  2.0 3  7.6  73    0    0 317 -405  1
4218500 2850500  6 23  1  13.1 1016 176  2.3 2  7.9  80    0    0 311 -403  1
4218500 2850500  6 23  2  13.0 1016 159  1.9 3  8.0  85    0    0 309 -402  1
4218500 2850500  6 23  3  12.4 1015 168  1.8 3  7.9  86    0    0 312 -400  1
4218500 2850500  6 23  4  11.5 1015 157  2.6 3  7.9  90    0    0 308 -398  1
4218500 2850500  6 23  5  12.6 1015 154  2.5 3  8.1  92   29   34 309 -398  1
4218500 2850500  6 23  6  15.2 1014 157  2.9 4  8.5  86   50   71 321 -399  1
4218500 2850500  6 23  7  17.5 1014 153  4.2 2  8.9  77  218   91 330 -404  1
4218500 2850500  6 23  8  19.8 1013 161  4.8 3  9.0  67  284  145 339 -410  1
4218500 2850500  6 23  9  21.9 1013 145  4.6 4  8.9  58  507  119 359 -418  1
4218500 2850500  6 23 10  24.6 1012 167  4.8 4  9.3  52  613  135 376 -433  1
4218500 2850500  6 23 11  26.6 1011 156  4.9 4  9.9  48  693  146 388 -444  1
4218500 2850500  6 23 12  28.4 1010 200  4.8 5 10.1  44  513  287 398 -450  1
4218500 2850500  6 23 13  29.6 1010 210  5.6 5 10.4  41  356  370 406 -459  1
4218500 2850500  6 23 14  30.9 1009 208  6.0 6 10.5  39  326  362 413 -471  1
4218500 2850500  6 23 15  31.7 1008 192  5.6 6 10.3  36  232  351 419 -487  1
4218500 2850500  6 23 16  32.2 1007 211  5.2 4 10.3  35  238  294 416 -489  1
4218500 2850500  6 23 17  31.2 1007 219  6.8 5 10.1  34  104  247 414 -481  1
4218500 2850500  6 23 18  29.9 1006 226  6.5 6  9.9  36   36  168 413 -475  1
4218500 2850500  6 23 19  29.0 1006 220  4.3 8 10.4  40    0   48 418 -465  1
4218500 2850500  6 23 20  27.6 1005 238  4.0 7 10.7  44    1   33 419 -453  1
4218500 2850500  6 23 21  22.7 1006 323  7.1 7 10.7  53    0    0 405 -443  1
4218500 2850500  6 23 22  20.5 1007 285  5.2 7 11.2  69    0    0 392 -435  1
4218500 2850500  6 23 23  18.4 1008 195  4.3 8 12.3  86    0    0 390 -431  1
4218500 2850500  6 23 24  18.0 1008 175  2.3 6 12.7  96    0    0 382 -428  1
4218500 2850500  6 24  1  17.5 1008 183  3.0 3 12.6  98    0    0 359 -422  1
4218500 2850500  6 24  2  17.4 1007 202  3.2 3 12.6 100    0    0 345 -417  1
4218500 2850500  6 24  3  17.2 1007 193  3.4 5 12.5 100    0    0 351 -417  1
4218500 2850500  6 24  4  17.1 1007 212  3.2 6 12.3 100    0    3 362 -418  1
4218500 2850500  6 24  5  17.7 1007 231  3.6 6 12.5  99    0   13 368 -419  1
4218500 2850500  6 24  6  18.1 1007 252  4.4 5 12.1  94   14   64 365 -418  1
4218500 2850500  6 24  7  18.0 1008 272  5.5 3 10.7  82  132  123 349 -417  1
4218500 2850500  6 24  8  18.5 1009 279  5.1 3  9.5  72  363  108 339 -419  1
4218500 2850500  6 24  9  19.4 1009 272  7.6 1  8.1  59  502  119 328 -426  1
4218500 2850500  6 24 10  20.3 1010 277  6.9 1  7.3  50  612  133 318 -435  1
4218500 2850500  6 24 11  20.8 1010 265  7.2 1  7.3  48  693  145 320 -442  1
4218500 2850500  6 24 12  21.4 1010 263  7.5 1  7.1  45  711  169 321 -449  1
4218500 2850500  6 24 13  22.0 1011 277  7.1 1  7.0  43  705  181 322 -453  1
4218500 2850500  6 24 14  22.1 1011 278  8.1 1  6.7  40  653  192 321 -456  1
4218500 2850500  6 24 15  22.1 1011 286  6.2 1  6.6  40  573  192 320 -459  1
4218500 2850500  6 24 16  22.2 1011 266  7.5 1  6.7  40  480  175 320 -459  1
4218500 2850500  6 24 17  21.8 1011 277  7.1 1  6.7  41  314  184 320 -454  1
4218500 2850500  6 24 18  21.6 1011 291  6.6 2  6.7  41  178  159 323 -446  1
4218500 2850500  6 24 19  20.6 1012 279  5.8 2  6.6  42   94  105 325 -436  1
4218500 2850500  6 24 20  19.5 1012 304  4.8 2  6.6  45   21   47 322 -423  1
4218500 2850500  6 24 21  18.1 1012 293  4.6 2  6.4  48    0    0 316 -412  1
4218500 2850500  6 24 22  16.4 1013 314  3.4 1  6.8  55    0    0 307 -401  1
4218500 2850500  6 24 23  15.2 1013 318  4.0 0  7.4  66    0    0 295 -392  1
4218500 2850500  6 24 24  14.1 1014 319  3.6 0  7.3  70    0    0 286 -385  1
4218500 2850500  6 25  1  13.2 1014 310  3.0 0  6.9  71    0    0 282 -380  1
4218500 2850500  6 25  2  12.0 1015 310  2.9 1  6.5  72    0    0 282 -376  1
4218500 2850500  6 25  3  11.1 1015 312  2.7 2  6.3  75    0    0 288 -372  1
4218500 2850500  6 25  4  10.5 1015 271  2.1 3  6.3  78    0    0 296 -368  1
4218500 2850500  6 25  5  11.4 1016 278  2.5 4  6.4  78    0   15 305 -366  1
4218500 2850500  6 25  6  12.4 1016 287  3.3 4  6.4  74   92   58 313 -367  1
4218500 2850500  6 25  7  13.3 1017 294  4.3 1  6.3  68  255   69 300 -373  1
4218500 2850500  6 25  8  14.9 1017 294  4.4 1  6.1  61  402   78 288 -384  1
4218500 2850500  6 25  9  15.1 1017 293  4.1 1  6.0  56  543   82 290 -398  1
4218500 2850500  6 25 10  16.3 1016 284  3.9 1  5.9  53  666   85 293 -411  1
4218500 2850500  6 25 11  17.1 1016 299  3.5 1  5.7  48  756   89 297 -422  1
4218500 2850500  6 25 12  18.2 1016 294  2.9 1  5.5  44  783  107 301 -432  1
4218500 2850500  6 25 13  19.2 1016 265  2.2 1  5.6  42  777  118 307 -437  1
4218500 2850500  6 25 14  19.9 1015 304  3.0 1  5.6  40  726  129 310 -445  1
4218500 2850500  6 25 15  20.5 1015 287  2.7 1  5.4  37  643  132 311 -450  1
4218500 2850500  6 25 16  21.1 1014 312  3.0 1  5.2  34  534  130 311 -449  1
4218500 2850500  6 25 17  21.2 1014 304  2.8 1  5.2  33  391  128 312 -443  1
4218500 2850500  6 25 18  21.0 1014 301  2.3 1  5.1  33  245  118 312 -434  1
4218500 2850500  6 25 19  20.3 1014 294  2.4 1  5.1  34  120   91 309 -424  1
4218500 2850500  6 25 20  18.3 1014 309  2.5 1  5.2  38   20   46 305 -411  1
4218500 2850500  6 25 21  15.9 1014 349  2.4 2  5.3  44    0    0 301 -399  1
4218500 2850500  6 25 22  14.5 1014  25  2.8 2  5.7  53    0    0 297 -389  1
4218500 2850500  6 25 23  15.0 1014  66  3.0 4  6.1  58    0    0 300 -381  1
4218500 2850500  6 25 24  14.2 1014  68  3.3 4  6.2  60    0    0 304 -375  1
4218500 2850500  6 26  1  13.2 1014  68  3.5 3  6.0  62    0    0 299 -370  1
4218500 2850500  6 26  2  13.0 1014  84  3.6 3  6.0  64    0    0 293 -365  1
4218500 2850500  6 26  3  12.6 1014  87  3.3 3  6.0  66    0    0 291 -362  1
4218500 2850500  6 26  4  11.8 1013  95  3.4 3  6.1  69    0    0 288 -358  1
4218500 2850500  6 26  5  13.0 1013  90  3.6 5  6.3  70    0    4 292 -356  1
4218500 2850500  6 26  6  14.5 1013  96  3.4 7  6.6  67    0   45 304 -358  1
4218500 2850500  6 26  7  15.8 1012 108  4.1 6  6.7  62   52  134 308 -367  1
4218500 2850500  6 26  8  17.6 1012  97  4.2 5  6.7  56  193  186 310 -381  1
4218500 2850500  6 26  9  19.3 1011 113  4.9 6  6.7  50  240  252 317 -399  1
4218500 2850500  6 26 10  21.5 1011 104  4.2 6  6.9  46  319  291 327 -418  1
4218500 2850500  6 26 11  23.0 1010 102  4.1 6  7.0  42  288  358 336 -435  1
4218500 2850500  6 26 12  23.2 1009  95  4.0 7  7.2  41   46  343 342 -450  1
4218500 2850500  6 26 13  23.5 1008 132  3.8 8  7.4  41    0  209 349 -460  1
4218500 2850500  6 26 14  19.1 1008 340  3.1 8  9.1  57    0  163 350 -468  1
4218500 2850500  6 26 15  20.1 1008  95  2.5 8 11.4  79    0  117 352 -473  1
4218500 2850500  6 26 16  22.7 1007 178  2.5 7 12.0  74   37  269 361 -473  1
4218500 2850500  6 26 17  24.6 1007 171  3.1 6 11.3  61   74  239 366 -467  1
4218500 2850500  6 26 18  24.3 1007 274  3.5 5 10.8  56   58  177 366 -458  1
4218500 2850500  6 26 19  22.9 1007 290  3.4 7 11.5  63    7   91 372 -445  1
4218500 2850500  6 26 20  22.7 1007 271  2.8 7 12.0  68    0   28 380 -432  1
4218500 2850500  6 26 21  21.6 1007 254  2.4 6 12.1  72    0    0 377 -419  1
4218500 2850500  6 26 22  19.7 1007 263  3.1 3 12.2  79    0    0 358 -408  1
4218500 2850500  6 26 23  18.8 1008 240  3.0 2 12.1  85    0    0 337 -400  1
4218500 2850500  6 26 24  19.0 1008 247  3.3 2 11.9  86    0    0 332 -394  1
4218500 2850500  6 27  1  19.1 1009 269  4.6 3 11.5  83    0    0 336 -388  1
4218500 2850500  6 27  2  18.2 1010 291  5.5 2 10.8  80    0    0 335 -384  1
4218500 2850500  6 27  3  17.6 1010 290  5.7 2  9.8  76    0    0 328 -381  1
4218500 2850500  6 27  4  17.1 1011 291  5.3 2  9.0  72    0    0 326 -379  1
4218500 2850500  6 27  5  16.1 1011 318  4.7 2  8.5  72   17   24 323 -382  1
4218500 2850500  6 27  6  16.7 1012 280  3.7 1  8.5  73  115   52 317 -387  1
4218500 2850500  6 27  7  17.7 1013 262  4.5 1  9.0  73  270   57 315 -396  1
4218500 2850500  6 27  8  19.2 1013 270  5.5 1  9.3  70  410   84 317 -411  1
4218500 2850500  6 27  9  20.6 1014 270  5.4 1  9.3  64  570   57 321 -429  1
4218500 2850500  6 27 10  21.5 1014 269  5.3 3  8.9  57  435  211 330 -445  1
4218500 2850500  6 27 11  21.8 1014 274  5.8 3  8.1  50  439  266 336 -459  1
4218500 2850500  6 27 12  23.4 1014 255  4.6 3  7.6  44  486  275 339 -472  1
4218500 2850500  6 27 13  23.7 1014 295  5.6 3  7.6  42  381  335 342 -486  1
4218500 2850500  6 27 14  23.6 1014 287  5.0 4  7.4  40  334  336 343 -493  1
4218500 2850500  6 27 15  24.4 1013 252  5.2 5  7.0  38  301  309 345 -492  1
4218500 2850500  6 27 16  24.1 1013 260  5.1 4  6.7  35  293  255 345 -489  1
4218500 2850500  6 27 17  24.5 1013 265  4.5 4  6.5  34  261  194 342 -484  1
4218500 2850500  6 27 18  23.7 1013 274  4.1 3  6.4  34  252  110 338 -475  1
4218500 2850500  6 27 19  23.2 1013 275  3.2 1  6.6  36  128   86 327 -463  1
4218500 2850500  6 27 20  21.9 1013 294  2.2 2  6.6  39   22   45 322 -448  1
4218500 2850500  6 27 21  18.0 1012 243  1.6 2  6.9  47    0    0 318 -431  1
4218500 2850500  6 27 22  16.5 1013 272  2.4 2  7.5  61    0    0 311 -417  1
4218500 2850500  6 27 23  15.3 1013 261  2.2 2  7.7  68    0    0 308 -410  1
4218500 2850500  6 27 24  14.1 1012 237  2.0 2  7.7  73    0    0 304 -407  1
4218500 2850500  6 28  1  13.8 1012 218  1.9 3  7.8  78    0    0 306 -402  1
4218500 2850500  6 28  2  14.4 1012 176  2.2 4  7.8  78    0    0 315 -398  1
4218500 2850500  6 28  3  13.7 1012 176  2.2 4  7.8  78    0    0 317 -395  1
4218500 2850500  6 28  4  14.0 1011 177  2.5 5  7.8  79    0    0 321 -396  1
4218500 2850500  6 28  5  13.5 1010 165  2.3 7  7.7  79    3   18 331 -395  1
4218500 2850500  6 28  6  15.6 1010 189  2.5 4  7.9  76   69   58 329 -395  1
4218500 2850500  6 28  7  17.5 1009 204  3.1 7  8.2  70    4   98 337 -400  1
4218500 2850500  6 28  8  18.8 1009 201  3.5 7  8.6  66    0   82 358 -408  1
4218500 2850500  6 28  9  19.4 1009 249  4.4 8  8.7  63    0  105 369 -418  1
4218500 2850500  6 28 10  19.6 1009 262  4.4 7  8.2  58    4  227 370 -432  1
4218500 2850500  6 28 11  19.6 1009 277  5.6 7  7.9  55   41  316 368 -443  1
4218500 2850500  6 28 12  20.7 1009 220  3.7 7  7.6  52   46  328 369 -446  1
4218500 2850500  6 28 13  19.8 1008 254  7.8 6  7.3  49    0  205 365 -449  1
4218500 2850500  6 28 14  19.1 1008 261  9.0 6  7.3  51   19  285 357 -455  1
4218500 2850500  6 28 15  20.3 1008 279  9.0 6  7.4  52   83  317 357 -457  1
4218500 2850500  6 28 16  15.4 1008 275  6.9 8  8.5  66    0  149 361 -454  1
4218500 2850500  6 28 17  16.3 1009 269  7.1 7  9.4  83   32  209 359 -451  1
4218500 2850500  6 28 18  18.0 1010 297  7.5 6  8.9  73   77  167 355 -443  1
4218500 2850500  6 28 19  18.2 1010 242  7.3 5  8.4  64   48  104 350 -438  1
4218500 2850500  6 28 20  17.6 1011 287  6.0 4  8.0  62   19   43 343 -432  1
4218500 2850500  6 28 21  16.5 1011 262  5.3 2  7.7  64    0    0 328 -425  1
4218500 2850500  6 28 22  15.4 1012 289  3.6 2  7.5  66    0    0 317 -418  1
4218500 2850500  6 28 23  13.5 1012 283  3.0 1  7.4  72    0    0 307 -414  1
4218500 2850500  6 28 24  12.2 1012 237  3.0 0  7.4  80    0    0 292 -413  1
4218500 2850500  6 29  1  11.1 1013 201  2.1 0  7.4  87    0    0 284 -411  1
4218500 2850500  6 29  2  11.0 1012 194  2.1 0  7.4  90    0    0 283 -409  1
4218500 2850500  6 29  3  11.2 1012 211  2.8 0  7.3  89    0    0 282 -406  1
4218500 2850500  6 29  4  11.8 1012 207  2.4 3  7.3  86    0    0 296 -403  1
4218500 2850500  6 29  5  12.4 1012 211  3.1 5  7.2  82    0    4 320 -399  1
4218500 2850500  6 29  6  13.4 1011 218  2.8 6  7.2  78    0   21 337 -396  1
4218500 2850500  6 29  7  14.1 1011 253  3.6 7  7.3  74    0   53 348 -394  1
4218500 2850500  6 29  8  14.3 1012 197  2.5 7  8.1  80    4  145 357 -396  1
4218500 2850500  6 29  9  16.5 1012 212  3.3 6  8.8  80  102  274 359 -399  1
4218500 2850500  6 29 10  16.9 1011 236  4.5 7  9.1  76    4  227 367 -402  1
4218500 2850500  6 29 11  17.9 1011 222  5.5 8  9.7  78    0  141 381 -403  1
4218500 2850500  6 29 12  17.2 1011 228  5.5 8 10.3  82    0  132 389 -401  1
4218500 2850500  6 29 13  17.8 1011 237  5.1 7 11.3  90    0  213 387 -407  1
4218500 2850500  6 29 14  19.1 1011 239  5.1 7 11.8  88    0  196 387 -419  1
4218500 2850500  6 29 15  18.5 1011 245  6.0 6 11.6  85   47  304 384 -427  1
4218500 2850500  6 29 16  20.4 1011 249  5.5 7 12.2  86   61  282 386 -428  1
4218500 2850500  6 29 17  19.5 1010 251  5.1 8 12.6  86    3  156 394 -427  1
4218500 2850500  6 29 18  20.1 1010 278  4.3 5 12.1  83  119  172 384 -428  1
4218500 2850500  6 29 19  20.2 1010 254  3.0 6 11.7  78   43  109 376 -426  1
4218500 2850500  6 29 20  18.9 1010 253  4.1 7 11.2  78    1   27 381 -419  1
4218500 2850500  6 29 21  18.4 1011 277  5.8 7 10.8  80    0    0 383 -412  1
4218500 2850500  6 29 22  16.8 1012 308  4.0 7 11.1  88    0    0 379 -407  1
4218500 2850500  6 29 23  16.4 1012 250  2.5 7 11.4  96    0    0 375 -404  1
4218500 2850500  6 29 24  16.3 1012 257  2.6 8 11.3  96    0    0 376 -401  1
4218500 2850500  6 30  1  15.8 1012 253  2.4 7 11.0  96    0    0 372 -397  1
4218500 2850500  6 30  2  15.2 1012 234  2.1 6 10.7  97    0    0 361 -392  1
4218500 2850500  6 30  3  14.8 1012 254  2.7 5 10.4  98    0    0 350 -388  1
4218500 2850500  6 30  4  14.5 1012 242  2.5 4 10.3  98    0    0 341 -386  1
4218500 2850500  6 30  5  14.3 1012 243  2.4 5 10.2  99    0    4 340 -386  1
4218500 2850500  6 30  6  15.5 1012 262  2.4 7 10.5  99    0   19 352 -389  1
4218500 2850500  6 30  7  16.3 1012 234  2.3 6 10.9  96   43  126 357 -393  1
4218500 2850500  6 30  8  18.8 1012 251  2.9 5 11.3  89  119  193 356 -399  1
4218500 2850500  6 30  9  20.5 1012 272  3.2 4 11.0  77  345  181 357 -406  1
4218500 2850500  6 30 10  21.0 1012 255  3.6 4 10.0  65  179  317 357 -415  1
4218500 2850500  6 30 11  22.9 1012 292  4.5 4  9.5  57  331  315 362 -420  1
4218500 2850500  6 30 12  23.4 1012 288  4.7 4  9.5  54  355  335 367 -422  1
4218500 2850500  6 30 13  24.0 1011 289  4.7 3  9.1  50  414  314 366 -438  1
4218500 2850500  6 30 14  24.9 1011 281  4.0 3  8.4  44  444  280 364 -455  1
4218500 2850500  6 30 15  25.7 1011 270  4.1 3  7.9  39  359  280 365 -464  1
4218500 2850500  6 30 16  25.4 1011 267  5.1 2  7.7  38  436  178 361 -468  1
4218500 2850500  6 30 17  25.3 1010 323  3.6 1  7.8  38  428   97 354 -465  1
4218500 2850500  6 30 18  24.8 1010 300  4.0 1  7.8  39  272   97 349 -459  1
4218500 2850500  6 30 19  24.1 1010 284  3.3 0  7.7  40  132   82 341 -448  1
4218500 2850500  6 30 20  22.6 1010 295  2.3 0  7.7  43   21   43 334 -434  1
4218500 2850500  6 30 21  19.1 1010 271  1.7 0  8.0  52    0    0 325 -420  1
4218500 2850500  6 30 22  17.4 1011 292  1.5 1  8.5  65    0    0 320 -408  1
4218500 2850500  6 30 23  15.9 1011 312  1.3 1  8.6  72    0    0 319 -401  1
4218500 2850500  6 30 24  14.7 1010 294  1.6 1  8.7  80    0    0 316 -396  1
4218500 2850500  7  1  1  14.3 1010 259  2.0 1  8.9  86    0    0 315 -392  1
4218500 2850500  7  1  2  13.5 1010 240  2.5 1  8.8  88    0    0 313 -391  1
4218500 2850500  7  1  3  13.2 1011 263  3.1 2  8.5  89    0    0 314 -391  1
4218500 2850500  7  1  4  14.6 1011 277  3.0 3  8.7  87    0    0 322 -392  1
4218500 2850500  7  1  5  16.3 1011 288  3.3 5  8.8  80    0    4 337 -393  1
4218500 2850500  7  1  6  17.0 1011 300  3.0 6  8.9  75    4   54 352 -395  1
4218500 2850500  7  1  7  18.5 1011 295  3.2 5  9.1  71   37  131 355 -402  1
4218500 2850500  7  1  8  19.4 1012 287  5.7 6  9.0  66  148  198 358 -414  1
4218500 2850500  7  1  9  19.9 1012 284  5.6 5  8.7  61  215  258 360 -421  1
4218500 2850500  7  1 10  21.8 1012 287  6.0 2  8.4  54  560  157 348 -423  1
4218500 2850500  7  1 11  22.5 1013 287  6.2 2  8.2  49  547  226 343 -435  1
4218500 2850500  7  1 12  23.6 1013 283  6.4 3  7.6  43  367  353 352 -455  1
4218500 2850500  7  1 13  23.4 1013 318  6.9 2  6.8  38  420  336 352 -469  1
4218500 2850500  7  1 14  24.1 1014 308  6.2 2  6.5  35  600  220 348 -472  1
4218500 2850500  7  1 15  23.4 1014 305  6.1 1  6.5  36  561  196 343 -477  1
4218500 2850500  7  1 16  23.1 1014 271  5.5 2  6.5  37  440  197 340 -479  1
4218500 2850500  7  1 17  23.3 1014 277  5.4 2  6.4  36  365  151 339 -476  1
4218500 2850500  7  1 18  22.5 1014 302  5.7 2  6.3  36  215  139 335 -469  1
4218500 2850500  7  1 19  22.0 1014 314  4.6 2  6.1  36  110   99 330 -458  1
4218500 2850500  7  1 20  20.4 1015 299  3.0 2  6.1  39   20   47 326 -445  1
4218500 2850500  7  1 21  17.8 1015 316  2.7 3  6.3  46    0    0 323 -431  1
4218500 2850500  7  1 22  15.4 1016 310  2.3 5  6.6  56    0    0 325 -419  1
4218500 2850500  7  1 23  14.4 1016 319  0.8 4  6.9  66    0    0 322 -409  1
4218500 2850500  7  1 24  14.0 1016 352  1.9 3  7.0  70    0    0 313 -402  1
4218500 2850500  7  2  1  12.8 1017  17  2.0 2  7.1  77    0    0 299 -394  1
4218500 2850500  7  2  2  12.5 1017  72  1.3 2  7.2  79    0    0 299 -392  1
4218500 2850500  7  2  3  11.7 1017  70  1.7 2  7.3  83    0    0 298 -388  1
4218500 2850500  7  2  4  11.3 1016  66  1.5 4  7.3  86    0    0 300 -384  1
4218500 2850500  7  2  5  11.8 1016  75  1.6 5  7.4  88    1   16 304 -381  1
4218500 2850500  7  2  6  13.4 1016  77  1.9 5  7.9  87   63   66 308 -383  1
4218500 2850500  7  2  7  17.0 1016 124  1.4 3  8.1  75  194   95 311 -392  1
4218500 2850500  7  2  8  19.7 1016 116  1.8 3  7.8  60  330  117 318 -409  1
4218500 2850500  7  2  9  21.4 1016 125  1.7 3  7.6  50  376  174 326 -429  1
4218500 2850500  7  2 10  22.8 1016 241  1.9 3  7.3  44  374  252 333 -451  1
4218500 2850500  7  2 11  23.0 1016 334  1.7 3  7.1  41  488  251 337 -471  1
4218500 2850500  7  2 12  24.0 1015  83  1.2 3  6.9  38  530  264 341 -486  1
4218500 2850500  7  2 13  25.0 1015  27  1.8 3  6.8  36  621  221 345 -496  1
4218500 2850500  7  2 14  25.0 1014 131  2.0 3  6.7  34  633  194 347 -498  1
4218500 2850500  7  2 15  26.4 1013 146  1.5 1  6.6  32  569  185 345 -496  1
4218500 2850500  7  2 16  26.8 1013 357  0.8 1  6.6  30  468  176 344 -496  1
4218500 2850500  7  2 17  26.7 1013  34  2.0 1  6.5  30  336  165 343 -489  1
4218500 2850500  7  2 18  26.0 1012  84  2.0 1  6.4  30  208  139 341 -475  1
4218500 2850500  7  2 19  25.3 1011  54  3.3 1  6.5  32   98   99 337 -460  1
4218500 2850500  7  2 20  23.6 1011  68  3.6 2  6.8  36   20   45 335 -445  1
4218500 2850500  7  2 21  21.2 1012  77  3.6 2  7.0  41    0    0 331 -431  1
4218500 2850500  7  2 22  20.3 1012  87  3.4 2  7.0  46    0    0 326 -419  1
4218500 2850500  7  2 23  19.5 1012  89  3.9 1  7.1  49    0    0 321 -410  1
4218500 2850500  7  2 24  18.4 1012  88  3.6 1  7.2  53    0    0 315 -402  1
4218500 2850500  7  3  1  17.1 1012  88  3.5 0  7.2  57    0    0 310 -396  1
4218500 2850500  7  3  2  16.2 1012  96  3.7 0  7.2  61    0    0 304 -391  1
4218500 2850500  7  3  3  15.3 1012  95  3.6 1  7.1  64    0    0 304 -386  1
4218500 2850500  7  3  4  15.3 1012  95  3.9 1  7.1  65    0    0 306 -382  1
4218500 2850500  7  3  5  15.3 1012  96  3.5 1  7.1  65   16   23 305 -379  1
4218500 2850500  7  3  6  16.1 1011  97  3.7 1  7.2  65  104   61 304 -380  1
4218500 2850500  7  3  7  18.4 1011 115  3.9 0  7.4  60  224   86 303 -388  1
4218500 2850500  7  3  8  20.6 1011  97  4.2 0  7.4  52  359  103 306 -401  1
4218500 2850500  7  3  9  23.3 1011  98  4.1 0  7.6  46  490  117 314 -418  1
4218500 2850500  7  3 10  25.6 1011  87  4.5 1  7.9  41  603  125 328 -437  1
4218500 2850500  7  3 11  27.7 1010  85  4.8 0  8.1  37  684  134 337 -455  1
4218500 2850500  7  3 12  28.8 1010 114  4.4 0  8.1  34  732  140 342 -471  1
4218500 2850500  7  3 13  29.8 1009 142  4.5 0  8.4  33  738  144 348 -483  1
4218500 2850500  7  3 14  30.1 1009 123  3.7 0  8.4  32  691  152 351 -491  1
4218500 2850500  7  3 15  30.8 1008 119  3.0 0  8.1  30  603  160 352 -493  1
4218500 2850500  7  3 16  31.0 1008 129  2.2 1  7.9  28  490  160 356 -491  1
4218500 2850500  7  3 17  31.1 1007  91  2.6 1  7.4  26  352  154 356 -486  1
4218500 2850500  7  3 18  30.5 1007  89  4.3 0  6.9  25  214  134 347 -479  1
4218500 2850500  7  3 19  29.2 1006  77  4.1 0  6.9  26   97   97 339 -467  1
4218500 2850500  7  3 20  27.1 1006  86  4.9 1  7.0  29   17   43 336 -453  1
4218500 2850500  7  3 21  25.8 1006  84  4.5 1  7.1  33    0    0 334 -440  1
4218500 2850500  7  3 22  24.2 1007  88  4.0 1  7.1  36    0    0 328 -430  1
4218500 2850500  7  3 23  22.7 1007  96  3.9 2  7.2  40    0    0 328 -422  1
4218500 2850500  7  3 24  21.8 1007 107  3.9 1  7.3  43    0    0 324 -418  1
4218500 2850500  7  4  1  21.1 1007 104  3.4 0  7.3  45    0    0 312 -414  1
4218500 2850500  7  4  2  19.9 1007 107  3.4 1  7.3  48    0    0 308 -410  1
4218500 2850500  7  4  3  19.8 1007 105  3.4 0  7.2  49    0    0 306 -407  1
4218500 2850500  7  4  4  17.9 1006  98  3.4 1  7.2  52    0    0 305 -404  1
4218500 2850500  7  4  5  18.3 1006  96  3.3 1  7.4  57   10   21 309 -404  1
4218500 2850500  7  4  6  19.4 1006  96  3.1 0  7.6  55   87   64 307 -405  1
4218500 2850500  7  4  7  21.2 1006 102  3.4 0  7.9  53  210   91 304 -411  1
4218500 2850500  7  4  8  23.8 1006  98  3.0 0  8.3  48  340  111 308 -420  1
4218500 2850500  7  4  9  26.1 1006 100  3.4 0  8.6  43  471  126 316 -433  1
4218500 2850500  7  4 10  28.9 1005  84  3.7 0  9.0  39  587  135 328 -450  1
4218500 2850500  7  4 11  30.3 1005 100  3.3 0  9.2  35  673  143 340 -467  1
4218500 2850500  7  4 12  31.3 1004  96  3.3 0  9.0  32  722  148 347 -482  1
4218500 2850500  7  4 13  32.4 1004 134  2.6 0  8.7  29  728  152 354 -495  1
4218500 2850500  7  4 14  33.0 1003  79  2.5 0  8.9  29  672  166 360 -503  1
4218500 2850500  7  4 15  33.6 1003  28  2.8 1  9.2  28  571  180 370 -507  1
4218500 2850500  7  4 16  33.2 1002  81  2.6 1  8.3  26  451  182 372 -506  1
4218500 2850500  7  4 17  33.3 1001  45  2.6 1  7.0  22  335  163 370 -501  1
4218500 2850500  7  4 18  32.4 1001  55  3.1 3  7.2  23  132  164 376 -492  1
4218500 2850500  7  4 19  30.8 1000  39  3.2 5  8.2  28   28   98 392 -481  1
4218500 2850500  7  4 20  28.2 1000 287  4.6 6  8.7  33    0   29 400 -468  1
4218500 2850500  7  4 21  24.3 1001 283  7.2 6 10.5  48    0    0 397 -455  1
4218500 2850500  7  4 22  23.1 1002 292  5.9 6 12.1  65    0    0 391 -445  1
4218500 2850500  7  4 23  22.6 1003 309  5.1 6 12.2  69    0    0 387 -438  1
4218500 2850500  7  4 24  22.4 1003 276  4.2 6 12.1  70    0    0 385 -434  1
4218500 2850500  7  5  1  21.8 1002 288  4.1 7 12.0  71    0    0 387 -429  1
4218500 2850500  7  5  2  21.3 1002 262  4.4 7 12.0  73    0    0 390 -424  1
4218500 2850500  7  5  3  20.5 1002 263  4.6 7 12.4  79    0    0 387 -420  1
4218500 2850500  7  5  4  19.7 1002 263  5.1 8 13.0  87    0    0 388 -415  1
4218500 2850500  7  5  5  19.8 1002 272  5.7 7 13.1  90    1   16 385 -411  1
4218500 2850500  7  5  6  19.7 1002 281  6.1 6 13.1  90    3   50 374 -411  1
4218500 2850500  7  5  7  19.0 1003 272  6.2 8 13.1  92    0   37 375 -415  1
4218500 2850500  7  5  8  16.8 1003 280  6.5 8 12.5  96    0   41 378 -425  1
4218500 2850500  7  5  9  16.3 1004 267  5.7 8 11.7  98    0   64 371 -439  1
4218500 2850500  7  5 10  15.9 1004 263  6.2 8 11.4  98    0   81 370 -455  1
4218500 2850500  7  5 11  15.6 1005 267  7.1 8 11.1  98    0   97 369 -466  1
4218500 2850500  7  5 12  15.4 1006 293  6.9 8 10.8  97    0  104 369 -469  1
4218500 2850500  7  5 13  15.3 1006 286  6.6 8 10.7  97    0  113 369 -468  1
4218500 2850500  7  5 14  15.3 1007 286  6.1 8 10.6  97    0  108 369 -453  1
4218500 2850500  7  5 15  15.4 1007 274  6.9 8 10.6  96    0  126 370 -439  1
4218500 2850500  7  5 16  15.6 1007 277  6.9 7 10.5  94    0  134 365 -444  1
4218500 2850500  7  5 17  15.2 1007 280  6.7 7 10.4  94    0   97 361 -453  1
4218500 2850500  7  5 18  15.1 1007 291  6.5 8 10.4  96    0   46 364 -449  1
4218500 2850500  7  5 19  15.0 1007 299  5.2 8 10.5  97    0   21 368 -439  1
4218500 2850500  7  5 20  15.0 1008 294  4.9 8 10.4  97    0    7 367 -428  1
4218500 2850500  7  5 21  14.9 1008 295  4.4 8 10.4  97    0    0 366 -420  1
4218500 2850500  7  5 22  14.9 1008 295  4.3 8 10.3  97    0    0 366 -415  1
4218500 2850500  7  5 23  15.0 1009 263  4.0 7 10.2  94    0    0 366 -412  1
4218500 2850500  7  5 24  15.1 1009 217  3.7 5 10.0  91    0    0 366 -408  1
4218500 2850500  7  6  1  15.1 1008 162  3.1 3  9.8  88    0    0 299 -395  1
4218500 2850500  7  6  2  14.9 1008 116  2.6 2  9.5  87    0    0 293 -390  1
4218500 2850500  7  6  3  14.5 1007  82  2.1 1  9.3  87    0    0 293 -386  1
4218500 2850500  7  6  4  14.3 1007  82  2.0 1  9.2  89    0    0 292 -382  1
4218500 2850500  7  6  5  15.1 1007  88  2.0 0  9.3  87   11   22 290 -378  1
4218500 2850500  7  6  6  15.6 1007  89  2.0 0  9.3  90   79   66 290 -379  1
4218500 2850500  7  6  7  17.9 1006 114  1.7 0  9.9  82  200   95 293 -386  1
4218500 2850500  7  6  8  19.9 1006 141  1.9 0 10.1  73  343  111 301 -401  1
4218500 2850500  7  6  9  22.0 1006 124  2.1 1 10.0  64  481  122 310 -420  1
4218500 2850500  7  6 10  23.5 1005 134  2.0 1  9.4  54  581  138 320 -439  1
4218500 2850500  7  6 11  23.8 1005 179  2.1 2  8.5  46  588  194 327 -456  1
4218500 2850500  7  6 12  25.2 1004 162  2.5 2  8.1  42  697  165 334 -470  1
4218500 2850500  7  6 13  25.7 1004 199  1.7 2  8.1  39  705  169 340 -480  1
4218500 2850500  7  6 14  26.3 1004 187  2.2 2  7.9  37  709  148 343 -489  1
4218500 2850500  7  6 15  27.2 1003 153  2.0 2  7.8  35  627  151 346 -493  1
4218500 2850500  7  6 16  27.0 1003 153  1.9 2  7.9  35  493  161 347 -491  1
4218500 2850500  7  6 17  27.5 1003  92  0.7 2  8.2  36  344  160 347 -485  1
4218500 2850500  7  6 18  26.9 1002 105  2.1 1  8.5  37  207  139 344 -477  1
4218500 2850500  7  6 19  25.4 1002 129  2.0 1  8.6  40   95  100 335 -466  1
4218500 2850500  7  6 20  22.4 1002 250  3.9 4  9.1  48    5   40 338 -452  1
4218500 2850500  7  6 21  18.4 1003 329  2.8 7 10.5  69    0    0 353 -438  1
4218500 2850500  7  6 22  18.1 1005  16  2.1 8 11.8  89    0    0 365 -427  1
4218500 2850500  7  6 23  17.6 1005 116  1.6 6 11.7  90    0    0 359 -420  1
4218500 2850500  7  6 24  17.2 1004 216  1.7 5 11.5  91    0    0 343 -414  1
4218500 2850500  7  7  1  17.4 1005 230  2.4 6 11.6  93    0    0 343 -409  1
4218500 2850500  7  7  2  17.8 1005 284  1.9 7 11.7  92    0    0 353 -405  1
4218500 2850500  7  7  3  17.4 1005 291  2.9 6 11.5  90    0    0 354 -401  1
4218500 2850500  7  7  4  16.8 1005 297  1.9 4 11.2  91    0    0 338 -397  1
4218500 2850500  7  7  5  17.0 1005 311  2.2 4 11.2  92    0    9 329 -394  1
4218500 2850500  7  7  6  17.3 1005 331  1.7 5 11.6  94   11   55 335 -394  1
4218500 2850500  7  7  7  18.3 1005 295  2.9 6 11.8  91   35  123 346 -402  1
4218500 2850500  7  7  8  18.9 1006 273  2.7 7 11.9  88   63  197 357 -416  1
4218500 2850500  7  7  9  20.6 1006 285  3.4 5 11.9  82  212  249 357 -432  1
4218500 2850500  7  7 10  21.6 1007 306  2.1 3 11.5  73  334  275 344 -448  1
4218500 2850500  7  7 11  23.2 1007 312  1.7 3 10.9  64  393  304 342 -466  1
4218500 2850500  7  7 12  23.9 1007 213  2.0 4 10.2  56  289  368 350 -477  1
4218500 2850500  7  7 13  25.6 1006 219  1.6 4  9.9  50  342  361 360 -482  1
4218500 2850500  7  7 14  25.7 1006 217  2.4 4  9.8  47  431  309 364 -487  1
4218500 2850500  7  7 15  26.3 1006 152  1.7 5  9.4  44  416  276 369 -481  1
4218500 2850500  7  7 16  26.4 1005 248  1.6 5  8.8  41  339  249 374 -475  1
4218500 2850500  7  7 17  26.3 1005 191  1.8 4  8.1  38  263  206 369 -475  1
4218500 2850500  7  7 18  26.1 1004 124  2.1 3  7.7  36  165  159 359 -472  1
4218500 2850500  7  7 19  25.1 1004 114  1.4 3  8.2  40   67  106 354 -468  1
4218500 2850500  7  7 20  22.4 1004  93  2.8 4  9.1  49   10   41 355 -460  1
4218500 2850500  7  7 21  20.4 1004  94  2.9 2  9.4  58    0    0 345 -448  1
4218500 2850500  7  7 22  19.8 1004  90  3.4 3  9.3  63    0    0 338 -439  1
4218500 2850500  7  7 23  20.3 1004  95  3.7 4  9.2  62    0    0 344 -435  1
4218500 2850500  7  7 24  20.6 1003 104  4.5 4  9.2  61    0    0 346 -432  1
4218500 2850500  7  8  1  21.3 1003 104  3.6 6  9.2  58    0    0 355 -429  1
4218500 2850500  7  8  2  21.4 1003 111  3.4 7  9.1  57    0    0 369 -428  1
4218500 2850500  7  8  3  20.8 1003 132  2.8 7  9.2  58    0    0 373 -429  1
4218500 2850500  7  8  4  19.8 1003 110  2.7 7  9.4  63    0    0 372 -425  1
4218500 2850500  7  8  5  18.9 1003 171  2.8 7 10.1  71    0    2 370 -421  1
4218500 2850500  7  8  6  17.6 1003 209  1.4 8 10.8  82    0   23 374 -421  1
4218500 2850500  7  8  7  17.8 1004  63  1.5 6 11.4  89   15  104 369 -421  1
4218500 2850500  7  8  8  19.0 1004 125  1.9 6 12.1  90  155  165 364 -422  1
4218500 2850500  7  8  9  19.7 1004 219  4.4 6 12.4  87   11  206 369 -426  1
4218500 2850500  7  8 10  19.8 1005 226  5.5 7 11.6  79    0  102 377 -433  1
4218500 2850500  7  8 11  19.3 1006 220  5.0 7 10.9  76    1  225 380 -443  1
4218500 2850500  7  8 12  21.4 1006 255  3.8 6 10.7  71  412  276 379 -440  1
4218500 2850500  7  8 13  22.8 1006 252  4.4 5 10.5  62  446  268 378 -438  1
4218500 2850500  7  8 14  23.5 1006 258  5.0 5 10.2  57  223  331 378 -457  1
4218500 2850500  7  8 15  24.2 1006 257  5.2 5  9.9  53  151  308 380 -476  1
4218500 2850500  7  8 16  24.7 1007 256  5.2 3  9.4  49  326  214 374 -485  1
4218500 2850500  7  8 17  24.6 1007 234  4.6 3  9.0  46  272  169 367 -483  1
4218500 2850500  7  8 18  24.4 1007 281  2.7 1  8.6  45  256   95 359 -473  1
4218500 2850500  7  8 19  24.4 1008 261  2.4 1  8.3  43  112   82 349 -461  1
4218500 2850500  7  8 20  23.5 1008 258  1.7 2  8.2  44   13   39 350 -448  1
4218500 2850500  7  8 21  21.7 1008 184  1.9 2  8.5  49    0    0 348 -434  1
4218500 2850500  7  8 22  20.4 1009 219  2.3 2  8.6  55    0    0 342 -422  1
4218500 2850500  7  8 23  19.0 1009 199  2.7 2  8.5  59    0    0 336 -416  1
4218500 2850500  7  8 24  18.7 1010 190  2.6 2  8.4  62    0    0 334 -412  1
4218500 2850500  7  9  1  15.3 1010 189  2.3 4  8.7  72    0    0 335 -408  1
4218500 2850500  7  9  2  15.1 1011 199  2.0 5  9.2  85    0    0 342 -405  1
4218500 2850500  7  9  3  14.6 1011 186  2.1 4  8.9  84    0    0 342 -400  1
4218500 2850500  7  9  4  13.5 1011 184  1.9 3  8.6  86    0    0 331 -396  1
4218500 2850500  7  9  5  14.1 1011 154  1.9 2  8.7  88   13   20 322 -393  1
4218500 2850500  7  9  6  15.4 1011 151  2.0 1  9.2  87   87   53 317 -395  1
4218500 2850500  7  9  7  18.7 1011 153  1.5 3  9.4  77   58  116 328 -404  1
4218500 2850500  7  9  8  18.3 1012 145  2.3 5  9.4  70    0  108 347 -420  1
4218500 2850500  7  9  9  21.1 1012 137  3.1 6  9.5  66   84  242 364 -441  1
4218500 2850500  7  9 10  24.3 1011 143  3.9 4  9.5  55  595   95 371 -463  1
4218500 2850500  7  9 11  26.1 1011 150  5.3 3  9.4  46  752   66 370 -483  1
4218500 2850500  7  9 12  27.4 1010 151  5.9 4  9.2  42  550  215 378 -498  1
4218500 2850500  7  9 13  27.5 1010 146  5.7 6  9.4  41  120  351 390 -506  1
4218500 2850500  7  9 14  28.4 1009 185  5.5 5  9.5  40  105  343 395 -509  1
4218500 2850500  7  9 15  28.2 1009 199  4.9 5  9.4  39  229  301 393 -510  1
4218500 2850500  7  9 16  28.5 1009 221  4.5 5  9.3  38  166  266 392 -508  1
4218500 2850500  7  9 17  28.8 1009 220  3.0 3  9.5  38  253  181 387 -502  1
4218500 2850500  7  9 18  28.3 1009 209  3.1 3  9.6  39  139  138 380 -491  1
4218500 2850500  7  9 19  24.5 1009 190  6.6 6  9.4  44    0   62 380 -479  1
4218500 2850500  7  9 20  21.0 1009 142  1.9 6  9.7  56   14   40 377 -468  1
4218500 2850500  7  9 21  19.8 1009 160  2.1 4 10.4  69    0    0 364 -458  1
4218500 2850500  7  9 22  19.3 1010 148  1.9 4 11.0  77    0    0 356 -449  1
4218500 2850500  7  9 23  18.4 1010 272  1.1 4 11.3  82    0    0 355 -443  1
4218500 2850500  7  9 24  17.5 1011 315  1.8 4 11.2  86    0    0 353 -437  1
4218500 2850500  7 10  1  19.0 1011 322  3.4 5 11.0  84    0    0 358 -433  1
4218500 2850500  7 10  2  18.9 1011 339  3.7 6 10.8  79    0    0 366 -430  1
4218500 2850500  7 10  3  18.4 1012 333  3.7 6 10.7  79    0    0 368 -425  1
4218500 2850500  7 10  4  17.8 1012 321  2.9 6 10.7  82    0    0 366 -420  1
4218500 2850500  7 10  5  17.1 1013 322  2.3 6 10.8  86    8   19 364 -416  1
4218500 2850500  7 10  6  17.6 1013 335  3.2 4 10.8  87   77   63 356 -417  1
4218500 2850500  7 10  7  18.7 1013 345  3.3 2 10.4  80  193   93 343 -425  1
4218500 2850500  7 10  8  20.0 1013 341  3.6 2  9.6  68  319  116 338 -437  1
4218500 2850500  7 10  9  21.4 1014 340  2.9 3  9.0  59  381  167 347 -450  1
4218500 2850500  7 10 10  22.0 1014 344  3.7 4  8.5  52  482  191 358 -457  1
4218500 2850500  7 10 11  23.0 1014 334  3.2 3  8.2  48  651  154 362 -464  1
4218500 2850500  7 10 12  23.9 1014 343  3.0 2  8.3  46  698  162 361 -466  1
4218500 2850500  7 10 13  24.5 1014 317  2.6 2  8.5  45  621  218 362 -453  1
4218500 2850500  7 10 14  24.8 1013 356  2.3 3  8.6  44  273  351 368 -454  1
4218500 2850500  7 10 15  24.5 1013 345  1.9 5  8.6  44  163  332 376 -468  1
4218500 2850500  7 10 16  24.9 1013  43  3.3 4  8.6  44  264  266 377 -473  1
4218500 2850500  7 10 17  24.2 1013  91  3.1 3  8.7  45  217  213 369 -476  1
4218500 2850500  7 10 18  24.6 1012  58  3.1 2  8.8  46  184  146 361 -472  1
4218500 2850500  7 10 19  24.2 1012  73  3.4 4  9.0  47   32   95 362 -463  1
4218500 2850500  7 10 20  22.8 1012  44  4.2 5  9.1  50    0   21 368 -453  1
4218500 2850500  7 10 21  21.9 1011  75  3.6 7  9.0  53    0    0 376 -443  1
4218500 2850500  7 10 22  21.6 1012  49  4.0 7  9.1  56    0    0 382 -437  1
4218500 2850500  7 10 23  20.2 1011  42  3.0 7  9.6  62    0    0 382 -433  1
4218500 2850500  7 10 24  18.3 1012  53  2.6 8 10.6  75    0    0 383 -428  1
4218500 2850500  7 11  1  16.7 1012  52  3.2 8 11.0  88    0    0 382 -422  1
4218500 2850500  7 11  2  16.6 1012  38  2.9 7 10.7  90    0    0 374 -418  1
4218500 2850500  7 11  3  15.7 1011   3  3.4 7 10.4  90    0    0 368 -416  1
4218500 2850500  7 11  4  15.2 1011  29  4.0 7 10.0  90    0    0 365 -413  1
4218500 2850500  7 11  5  14.6 1011   2  4.0 7  9.5  90    8   19 363 -411  1
4218500 2850500  7 11  6  14.2 1012 357  3.6 8  9.0  88    1   40 364 -412  1
4218500 2850500  7 11  7  14.2 1012 330  3.4 8  8.9  88    0   49 366 -417  1
4218500 2850500  7 11  8  14.7 1012 342  3.5 7  9.3  90    0  109 363 -427  1
4218500 2850500  7 11  9  15.3 1013 348  3.4 8  9.4  88    0  116 365 -438  1
4218500 2850500  7 11 10  15.9 1013 330  3.2 8  9.4  85    0  161 368 -451  1
4218500 2850500  7 11 11  16.9 1014 332  2.6 8  9.7  83    0  163 367 -462  1
4218500 2850500  7 11 12  18.2 1014 338  2.7 6  9.7  77   61  336 364 -470  1
4218500 2850500  7 11 13  19.9 1014 317  2.5 5  9.7  70  252  380 361 -477  1
4218500 2850500  7 11 14  20.5 1014 294  3.3 5  9.4  63  297  354 362 -481  1
4218500 2850500  7 11 15  22.0 1014 322  2.7 3  8.9  56  406  277 356 -477  1
4218500 2850500  7 11 16  22.6 1014 318  3.5 2  8.9  53  347  243 351 -474  1
4218500 2850500  7 11 17  22.5 1014 284  3.5 2  8.8  52  261  203 347 -473  1
4218500 2850500  7 11 18  21.8 1014 322  3.1 3  8.7  52  124  159 347 -469  1
4218500 2850500  7 11 19  21.9 1014 291  2.6 2  8.8  54   61  104 344 -460  1
4218500 2850500  7 11 20  19.6 1014 320  1.9 2  9.0  59    5   37 336 -447  1
4218500 2850500  7 11 21  18.7 1014 335  1.9 2  9.4  68    0    0 328 -434  1
4218500 2850500  7 11 22  17.3 1014   6  1.5 2  9.7  75    0    0 322 -423  1
4218500 2850500  7 11 23  16.3 1014  36  1.3 1  9.8  82    0    0 315 -414  1
4218500 2850500  7 11 24  14.7 1015 144  0.3 1  9.8  88    0    0 306 -408  1
4218500 2850500  7 12  1  14.4 1015 172  0.9 2  9.6  92    0    0 305 -402  1
4218500 2850500  7 12  2  14.5 1015  42  0.8 2  9.5  92    0    0 307 -397  1
4218500 2850500  7 12  3  14.1 1015 348  0.8 2  9.4  92    0    0 306 -394  1
4218500 2850500  7 12  4  13.3 1015  17  1.2 3  9.2  94    0    0 307 -392  1
4218500 2850500  7 12  5  13.6 1015 144  1.0 3  9.1  95    5   17 308 -390  1
4218500 2850500  7 12  6  15.1 1015 113  1.1 1  9.7  95   60   59 305 -391  1
4218500 2850500  7 12  7  17.5 1014  64  1.3 1 10.4  90  179   88 306 -399  1
4218500 2850500  7 12  8  20.0 1014  70  1.4 1 10.1  75  328  100 313 -413  1
4218500 2850500  7 12  9  21.8 1014  98  1.2 1  9.2  60  479  103 320 -430  1
4218500 2850500  7 12 10  22.5 1014 140  1.8 1  8.7  52  550  137 325 -449  1
4218500 2850500  7 12 11  24.0 1014 129  1.8 2  8.5  48  550  199 333 -468  1
4218500 2850500  7 12 12  24.7 1014  87  2.0 2  8.4  44  445  287 341 -486  1
4218500 2850500  7 12 13  24.8 1013 118  2.6 2  8.5  44  385  321 344 -500  1
4218500 2850500  7 12 14  24.8 1013 113  1.1 2  8.3  42  483  259 344 -509  1
4218500 2850500  7 12 15  25.5 1012  78  1.7 2  7.8  39  559  176 344 -499  1
4218500 2850500  7 12 16  25.2 1011 145  2.0 2  7.6  38  450  172 343 -490  1
4218500 2850500  7 12 17  24.6 1011 136  2.6 2  7.6  38  280  181 342 -491  1
4218500 2850500  7 12 18  25.1 1010 108  2.8 3  7.6  39   75  158 345 -482  1
4218500 2850500  7 12 19  24.1 1009  94  3.3 3  7.6  39   16   85 348 -470  1
4218500 2850500  7 12 20  21.8 1009  85  2.5 3  7.8  44   11   38 346 -457  1
4218500 2850500  7 12 21  20.4 1009  78  3.8 4  8.0  51    0    0 344 -445  1
4218500 2850500  7 12 22  19.8 1009  78  3.8 5  8.0  54    0    0 346 -436  1
4218500 2850500  7 12 23  19.3 1009  89  3.4 6  7.9  55    0    0 350 -430  1
4218500 2850500  7 12 24  19.9 1009 106  4.5 8  8.1  57    0    0 362 -426  1
4218500 2850500  7 13  1  19.4 1008 109  3.5 8  8.7  60    0    0 373 -423  1
4218500 2850500  7 13  2  18.8 1007 118  3.1 7  8.9  64    0    0 368 -420  1
4218500 2850500  7 13  3  18.3 1007  90  3.5 6  8.9  66    0    0 359 -417  1
4218500 2850500  7 13  4  18.1 1007 100  3.4 6  9.0  68    0    0 355 -414  1
4218500 2850500  7 13  5  18.1 1006 108  3.6 6  8.9  68    0   10 354 -411  1
4218500 2850500  7 13  6  18.7 1006 103  4.2 3  9.1  68   24   64 336 -411  1
4218500 2850500  7 13  7  19.7 1005 112  4.2 4  9.4  67  103  128 329 -413  1
4218500 2850500  7 13  8  21.8 1005 115  5.1 6  9.6  62   96  204 354 -416  1
4218500 2850500  7 13  9  22.6 1004 118  6.2 7  9.6  56   76  263 378 -415  1
4218500 2850500  7 13 10  22.8 1004 142  5.5 7  9.5  55   77  317 386 -409  1
4218500 2850500  7 13 11  24.6 1004  27  6.5 6  9.7  52  118  362 388 -405  1
4218500 2850500  7 13 12  25.4 1003 125  5.2 7  9.8  49   20  305 395 -407  1
4218500 2850500  7 13 13  24.5 1003 127  5.7 6 10.1  51   20  312 398 -408  1
4218500 2850500  7 13 14  25.1 1003 115  4.7 6 10.4  52   64  358 396 -407  1
4218500 2850500  7 13 15  25.3 1002 122  6.0 6 10.3  51   83  337 398 -411  1
4218500 2850500  7 13 16  25.4 1002 116  5.2 6 10.4  51   40  274 400 -416  1
4218500 2850500  7 13 17  24.7 1002 115  4.8 7 10.6  53    0  129 402 -414  1
4218500 2850500  7 13 18  24.1 1002 110  3.9 6 10.7  55    8  136 399 -410  1
4218500 2850500  7 13 19  23.6 1001 108  3.6 7 10.8  58    0   56 396 -406  1
4218500 2850500  7 13 20  23.2 1001  86  3.3 7 10.8  59    0   22 397 -401  1
4218500 2850500  7 13 21  22.4 1001  86  3.1 7 10.8  61    0    0 394 -396  1
4218500 2850500  7 13 22  21.2 1001  92  3.0 8 11.0  66    0    0 395 -394  1
4218500 2850500  7 13 23  19.5 1001  52  2.5 8 11.9  78    0    0 394 -390  1
4218500 2850500  7 13 24  19.5 1001 240  1.5 8 12.5  87    0    0 392 -385  1
4218500 2850500  7 14  1  18.7 1001  78  1.8 8 12.7  90    0    0 389 -380  1
4218500 2850500  7 14  2  18.7 1000 105  1.8 7 12.7  92    0    0 381 -377  1
4218500 2850500  7 14  3  18.7 1000 254  2.7 7 12.7  92    0    0 375 -375  1
4218500 2850500  7 14  4  18.0 1000 271  5.6 7 12.5  93    0    0 371 -373  1
4218500 2850500  7 14  5  16.3 1001 262  4.7 7 11.6  93    6   14 363 -373  1
4218500 2850500  7 14  6  16.0 1002 253  5.3 6 10.7  91    6   44 354 -374  1
4218500 2850500  7 14  7  15.3 1003 250  6.0 7 10.0  89    0   65 351 -380  1
4218500 2850500  7 14  8  15.7 1004 243  5.2 8  9.5  86    0  100 360 -391  1
4218500 2850500  7 14  9  15.9 1005 259  6.7 7  9.1  80    0  127 361 -404  1
4218500 2850500  7 14 10  16.7 1006 232  5.2 7  8.6  74    4  210 359 -419  1
4218500 2850500  7 14 11  17.0 1007 217  5.1 7  8.5  70    1  224 361 -433  1
4218500 2850500  7 14 12  17.7 1007 230  5.4 6  8.4  67  112  319 359 -445  1
4218500 2850500  7 14 13  18.4 1007 225  5.2 6  8.1  62  102  331 356 -452  1
4218500 2850500  7 14 14  19.1 1008 202  5.2 6  7.7  56   56  309 359 -455  1
4218500 2850500  7 14 15  20.7 1008 223  5.5 6  7.5  51   42  277 362 -460  1
4218500 2850500  7 14 16  20.7 1008 212  4.4 5  7.0  46  240  220 359 -462  1
4218500 2850500  7 14 17  20.7 1008 229  4.2 5  6.6  43  186  181 353 -459  1
4218500 2850500  7 14 18  21.3 1008 223  5.4 3  6.5  42  194  101 344 -452  1
4218500 2850500  7 14 19  20.7 1008 226  4.9 2  6.5  41  124   63 332 -439  1
4218500 2850500  7 14 20  19.4 1008 219  3.9 3  6.3  43    6   34 329 -426  1
4218500 2850500  7 14 21  17.9 1009 223  4.2 2  6.0  44    0    0 323 -415  1
4218500 2850500  7 14 22  16.8 1009 213  4.1 1  5.7  46    0    0 310 -406  1
4218500 2850500  7 14 23  15.8 1009 211  4.6 1  5.6  48    0    0 301 -399  1
4218500 2850500  7 14 24  15.6 1009 201  4.7 0  5.5  49    0    0 294 -395  1
4218500 2850500  7 15  1  14.9 1009 191  4.8 0  5.7  52    0    0 288 -391  1
4218500 2850500  7 15  2  14.3 1009 192  4.5 0  5.9  57    0    0 285 -386  1
4218500 2850500  7 15  3  13.8 1008 192  4.8 0  6.0  60    0    0 282 -382  1
4218500 2850500  7 15  4  13.9 1008 206  4.8 0  6.2  62    0    0 281 -379  1
4218500 2850500  7 15  5  13.6 1008 200  5.0 1  6.2  63   10   21 284 -377  1
4218500 2850500  7 15  6  14.5 1008 202  5.7 0  6.3  62   89   65 283 -378  1
4218500 2850500  7 15  7  15.2 1007 209  6.4 3  6.4  60   55  124 293 -384  1
4218500 2850500  7 15  8  15.4 1007 211  5.7 6  6.5  59    9  155 316 -396  1
4218500 2850500  7 15  9  16.2 1008 220  6.0 5  6.8  60   41  245 327 -411  1
4218500 2850500  7 15 10  16.7 1008 225  6.0 6  7.3  62    9  241 333 -426  1
4218500 2850500  7 15 11  16.7 1008 225  6.2 7  7.5  63    0  185 343 -440  1
4218500 2850500  7 15 12  16.8 1009 245  5.9 7  7.7  64    0  142 348 -451  1
4218500 2850500  7 15 13  17.2 1009 234  6.1 7  8.0  66    0  120 352 -458  1
4218500 2850500  7 15 14  17.3 1009 230  6.2 7  8.2  66    0  108 354 -463  1
4218500 2850500  7 15 15  17.2 1010 254  5.5 8  8.3  67    0   92 358 -467  1
4218500 2850500  7 15 16  17.0 1010 275  4.4 8  8.5  70    0  108 360 -467  1
4218500 2850500  7 15 17  17.0 1010 252  6.1 7  8.6  70    0  133 355 -465  1
4218500 2850500  7 15 18  16.9 1010 251  5.7 7  8.5  70    9  143 349 -457  1
4218500 2850500  7 15 19  16.7 1010 258  5.2 6  8.4  70   12   87 343 -445  1
4218500 2850500  7 15 20  16.3 1010 260  5.9 7  8.1  69    1   32 341 -432  1
4218500 2850500  7 15 21  15.8 1011 248  4.4 8  8.2  72    0    0 345 -419  1
4218500 2850500  7 15 22  15.6 1011 240  3.8 7  8.3  74    0    0 342 -407  1
4218500 2850500  7 15 23  15.5 1011 243  4.4 6  8.3  74    0    0 332 -400  1
4218500 2850500  7 15 24  15.2 1011 255  3.8 5  8.3  76    0    0 321 -395  1
4218500 2850500  7 16  1  14.9 1011 247  3.5 5  8.3  78    0    0 315 -391  1
4218500 2850500  7 16  2  14.4 1011 218  2.5 4  8.2  79    0    0 310 -387  1
4218500 2850500  7 16  3  13.0 1011 206  2.3 3  8.1  82    0    0 302 -383  1
4218500 2850500  7 16  4  12.1 1010 216  2.7 2  7.9  86    0    0 293 -380  1
4218500 2850500  7 16  5  11.9 1010 203  2.8 2  7.7  88    5   14 289 -377  1
4218500 2850500  7 16  6  12.8 1010 214  2.9 1  7.8  86   71   53 286 -378  1
4218500 2850500  7 16  7  14.7 1010 236  2.2 1  7.9  80  203   72 286 -386  1
4218500 2850500  7 16  8  17.2 1010 217  2.2 1  8.1  71  358   76 292 -401  1
4218500 2850500  7 16  9  19.1 1010 212  2.7 1  7.9  60  510   75 298 -420  1
4218500 2850500  7 16 10  20.6 1009 224  3.5 1  7.4  51  665   58 305 -440  1
4218500 2850500  7 16 11  21.9 1009 242  2.9 1  7.3  46  747   65 311 -459  1
4218500 2850500  7 16 12  22.8 1008 207  3.1 2  7.2  43  592  194 319 -474  1
4218500 2850500  7 16 13  23.3 1007 135  3.3 3  7.1  40  353  324 327 -485  1
4218500 2850500  7 16 14  24.3 1007 163  3.5 3  7.0  38  352  308 333 -492  1
4218500 2850500  7 16 15  24.5 1006 195  4.1 3  6.7  35  488  202 334 -495  1
4218500 2850500  7 16 16  25.0 1005 185  3.1 2  6.4  33  530  114 333 -496  1
4218500 2850500  7 16 17  24.7 1004 183  3.8 2  6.1  31  368  125 330 -492  1
4218500 2850500  7 16 18  24.5 1003 190  3.2 2  6.0  31  220  114 329 -481  1
4218500 2850500  7 16 19  23.8 1003 192  3.3 1  6.0  32   89   89 324 -468  1
4218500 2850500  7 16 20  21.2 1002 153  2.8 2  6.5  40    8   36 320 -454  1
4218500 2850500  7 16 21  19.8 1002 141  2.9 3  6.9  46    0    0 320 -438  1
4218500 2850500  7 16 22  18.8 1002 134  3.1 4  7.3  52    0    0 319 -428  1
4218500 2850500  7 16 23  18.2 1001 151  3.1 5  7.5  56    0    0 322 -422  1
4218500 2850500  7 16 24  17.9 1001 174  2.9 6  7.6  59    0    0 328 -418  1
4218500 2850500  7 17  1  17.6 1015 200  2.3 7  7.7  61    0    0 351 -397  1
4218500 2850500  7 17  2  17.1 1015 218  1.9 7  7.7  62    0    0 360 -395  1
4218500 2850500  7 17  3  16.5 1015 229  1.7 6  7.6  64    0    0 356 -388  1
4218500 2850500  7 17  4  16.0 1015 227  1.6 5  7.7  67    0    0 340 -383  1
4218500 2850500  7 17  5  16.0 1015 234  1.8 5  7.7  68    0    7 326 -381  1
4218500 2850500  7 17  6  15.5 1015 229  1.3 4  7.9  73   38   58 323 -384  1
4218500 2850500  7 17  7  16.9 1015 262  2.7 3  8.0  70  140  100 320 -391  1
4218500 2850500  7 17  8  19.3 1015 262  3.1 3  8.0  62  247  135 321 -403  1
4218500 2850500  7 17  9  21.0 1015 251  3.9 4  8.1  55  258  208 332 -418  1
4218500 2850500  7 17 10  21.5 1015 254  4.2 6  8.4  53  233  288 346 -432  1
4218500 2850500  7 17 11  21.8 1015 260  5.2 6  8.2  51  167  345 353 -443  1
4218500 2850500  7 17 12  23.3 1015 252  5.0 5  8.0  47  273  351 355 -449  1
4218500 2850500  7 17 13  24.3 1014 279  4.2 5  8.1  44  296  349 358 -458  1
4218500 2850500  7 17 14  24.7 1014 270  4.4 5  8.1  42  228  344 361 -471  1
4218500 2850500  7 17 15  25.5 1014 213  4.1 4  8.0  40  316  293 359 -476  1
4218500 2850500  7 17 16  26.1 1014 263  4.0 5  7.9  38  226  265 361 -474  1
4218500 2850500  7 17 17  25.6 1013 235  3.3 6  7.6  37   89  217 363 -470  1
4218500 2850500  7 17 18  26.3 1013 236  3.4 5  7.5  36   70  158 361 -463  1
4218500 2850500  7 17 19  25.3 1013 203  1.7 6  7.8  37   27   95 358 -453  1
4218500 2850500  7 17 20  25.0 1013 211  1.8 5  7.9  40   13   39 354 -440  1
4218500 2850500  7 17 21  23.3 1013 174  1.5 4  8.1  43    0    2 346 -426  1
4218500 2850500  7 17 22  21.8 1013 191  2.4 3  8.6  50    0    0 339 -414  1
4218500 2850500  7 17 23  21.2 1013 194  2.0 3  8.7  54    0    0 334 -407  1
4218500 2850500  7 17 24  21.0 1013 202  2.0 3  8.6  55    0    0 332 -400  1
4218500 2850500  7 18  1  19.7 1013 197  2.9 1  8.6  58    0    0 327 -396  1
4218500 2850500  7 18  2  18.7 1013 167  1.6 1  8.6  62    0    0 320 -392  1
4218500 2850500  7 18  3  18.2 1013 175  1.6 2  8.5  64    0    0 319 -389  1
4218500 2850500  7 18  4  17.8 1013 189  2.7 2  8.4  65    0    0 320 -387  1
4218500 2850500  7 18  5  16.4 1013 167  1.3 3  8.4  69    0    4 320 -386  1
4218500 2850500  7 18  6  17.5 1013 169  1.5 4  8.6  71   39   55 326 -388  1
4218500 2850500  7 18  7  19.6 1013 200  1.7 3  8.8  66  172   83 331 -396  1
4218500 2850500  7 18  8  22.1 1013 212  2.0 2  9.0  58  340   83 334 -412  1
4218500 2850500  7 18  9  24.5 1014 218  2.6 2  9.2  51  491   82 342 -433  1
4218500 2850500  7 18 10  26.6 1013 212  3.0 3  9.2  45  641   69 355 -455  1
4218500 2850500  7 18 11  27.7 1013 240  3.2 3  9.1  40  678  103 365 -474  1
4218500 2850500  7 18 12  28.4 1013 253  3.0 5  8.8  37  421  287 375 -486  1
4218500 2850500  7 18 13  29.3 1012 355  2.9 6  8.5  34  286  341 389 -495  1
4218500 2850500  7 18 14  29.2 1012 225  2.1 5  8.3  33  235  334 389 -503  1
4218500 2850500  7 18 15  30.3 1011 124  1.9 5  7.9  30  168  307 388 -505  1
4218500 2850500  7 18 16  30.6 1011 164  2.4 5  7.8  28  190  265 391 -502  1
4218500 2850500  7 18 17  29.8 1011 207  2.6 4  7.5  28  187  206 386 -494  1
4218500 2850500  7 18 18  30.3 1011 226  2.8 3  7.1  27  194  128 377 -484  1
4218500 2850500  7 18 19  30.1 1010 195  2.2 3  6.9  26   94   86 374 -473  1
4218500 2850500  7 18 20  28.8 1010 192  2.1 4  7.1  27   17   39 373 -460  1
4218500 2850500  7 18 21  26.7 1010 179  2.4 4  7.6  33    0    1 370 -445  1
4218500 2850500  7 18 22  25.1 1011 200  3.2 3  8.1  39    0    0 360 -433  1
4218500 2850500  7 18 23  23.7 1011 154  1.7 3  8.3  43    0    0 352 -424  1
4218500 2850500  7 18 24  22.4 1011 151  2.1 2  8.5  48    0    0 344 -417  1
4218500 2850500  7 19  1  21.7 1011 195  2.8 2  8.8  53    0    0 340 -411  1
4218500 2850500  7 19  2  21.1 1011 167  1.7 2  8.9  56    0    0 338 -407  1
4218500 2850500  7 19  3  19.8 1011 141  1.8 2  9.0  60    0    0 335 -403  1
4218500 2850500  7 19  4  19.4 1011 151  2.7 3  9.0  63    0    0 333 -399  1
4218500 2850500  7 19  5  18.4 1011 117  1.6 3  9.0  66    1    9 333 -398  1
4218500 2850500  7 19  6  19.0 1011 134  1.8 4  9.2  68   57   54 333 -398  1
4218500 2850500  7 19  7  20.9 1011 167  2.6 3  9.3  63  166   88 335 -405  1
4218500 2850500  7 19  8  23.1 1011 177  2.9 3  9.1  55  307  105 338 -419  1
4218500 2850500  7 19  9  25.2 1011 167  3.3 2  9.1  48  447  112 343 -438  1
4218500 2850500  7 19 10  27.9 1011 171  3.2 2  9.2  42  549  129 352 -458  1
4218500 2850500  7 19 11  29.9 1010 168  4.3 2  9.1  36  629  140 363 -478  1
4218500 2850500  7 19 12  31.2 1010 178  4.3 2  8.0  29  687  143 368 -495  1
4218500 2850500  7 19 13  31.6 1010 188  4.1 1  7.1  24  702  144 368 -507  1
4218500 2850500  7 19 14  32.3 1009 193  4.5 1  7.1  24  679  141 370 -514  1
4218500 2850500  7 19 15  32.7 1009 176  5.0 1  6.9  22  557  170 372 -515  1
4218500 2850500  7 19 16  32.7 1008 176  4.1 1  6.6  21  452  166 372 -509  1
4218500 2850500  7 19 17  33.0 1008 171  3.9 1  6.7  21  328  152 370 -501  1
4218500 2850500  7 19 18  32.2 1007 171  4.2 1  6.7  22  193  131 368 -488  1
4218500 2850500  7 19 19  31.5 1007 185  4.6 1  6.6  22   93   88 362 -474  1
4218500 2850500  7 19 20  29.7 1007 172  4.0 1  6.7  24   18   40 358 -460  1
4218500 2850500  7 19 21  27.3 1007 152  3.0 2  7.0  29    0    2 354 -446  1
4218500 2850500  7 19 22  25.9 1008 157  3.2 1  7.1  33    0    0 347 -435  1
4218500 2850500  7 19 23  25.0 1008 153  2.7 1  7.2  35    0    0 342 -427  1
4218500 2850500  7 19 24  24.0 1008 233  2.1 1  7.4  38    0    0 339 -420  1
4218500 2850500  7 20  1  22.6 1008 143  2.0 2  7.9  44    0    0 338 -415  1
4218500 2850500  7 20  2  21.8 1008 132  1.7 2  8.2  49    0    0 338 -411  1
4218500 2850500  7 20  3  20.9 1007 146  1.4 2  8.4  53    0    0 335 -408  1
4218500 2850500  7 20  4  19.6 1007 208  2.4 2  8.6  57    0    0 332 -406  1
4218500 2850500  7 20  5  19.1 1007 212  1.7 2  8.9  63    0    8 330 -404  1
4218500 2850500  7 20  6  21.3 1007 213  1.4 4  9.6  64    0   27 337 -406  1
4218500 2850500  7 20  7  22.4 1007 252  2.8 6 10.3  62    3   87 353 -413  1
4218500 2850500  7 20  8  22.9 1007 296  2.4 3 10.6  61  176  170 352 -427  1
4218500 2850500  7 20  9  24.5 1007 253  1.6 3 10.8  58  226  231 346 -445  1
4218500 2850500  7 20 10  26.0 1007 251  4.2 7 10.9  54   13  268 366 -466  1
4218500 2850500  7 20 11  21.6 1008 212  2.6 6 12.2  65   66  248 377 -486  1
4218500 2850500  7 20 12  22.7 1008 191  3.6 4 13.2  78  328  352 363 -501  1
4218500 2850500  7 20 13  24.5 1008 219  3.6 5 12.9  70  274  373 366 -512  1
4218500 2850500  7 20 14  26.7 1008 221  2.3 3 12.5  60  556  238 374 -517  1
4218500 2850500  7 20 15  26.9 1007 291  3.0 7 12.3  55   20  274 390 -513  1
4218500 2850500  7 20 16  25.2 1007 223  3.2 7 12.7  60    0   71 404 -505  1
4218500 2850500  7 20 17  22.4 1007 171  2.6 6 14.3  76   13  195 396 -495  1
4218500 2850500  7 20 18  23.0 1007 169  3.9 3 14.6  83  159  155 382 -480  1
4218500 2850500  7 20 19  22.6 1007 179  3.8 1 12.8  73   79   97 364 -463  1
4218500 2850500  7 20 20  22.1 1006 188  2.9 2 12.2  71   13   39 357 -452  1
4218500 2850500  7 20 21  21.4 1006 197  2.9 2 12.8  78    0    2 359 -447  1
4218500 2850500  7 20 22  21.0 1006 187  3.5 3 13.4  84    0    0 360 -443  1
4218500 2850500  7 20 23  20.6 1006 194  3.9 3 13.5  86    0    0 361 -439  1
4218500 2850500  7 20 24  20.1 1005 197  3.1 1 13.2  87    0    0 350 -436  1
4218500 2850500  7 21  1  19.7 1005 204  1.9 0 13.1  88    0    0 339 -431  1
4218500 2850500  7 21  2  19.4 1005 174  1.2 0 13.0  90    0    0 337 -428  1
4218500 2850500  7 21  3  19.1 1005 198  2.4 1 12.8  90    0    0 340 -427  1
4218500 2850500  7 21  4  19.6 1005 239  3.8 3 12.5  88    0    0 350 -427  1
4218500 2850500  7 21  5  19.6 1005 217  2.9 4 12.3  85    0    0 359 -426  1
4218500 2850500  7 21  6  19.8 1005 218  3.5 6 12.3  84    0   28 368 -425  1
4218500 2850500  7 21  7  20.4 1005 252  3.5 6 12.3  82   10   92 377 -427  1
4218500 2850500  7 21  8  20.6 1005 256  3.3 8 12.4  81    4  138 385 -433  1
4218500 2850500  7 21  9  20.9 1005 254  5.1 6 12.2  79   40  229 387 -444  1
4218500 2850500  7 21 10  22.0 1005 268  4.9 5 11.5  71  358  205 380 -454  1
4218500 2850500  7 21 11  23.4 1005 278  5.3 6 11.0  63  112  221 384 -464  1
4218500 2850500  7 21 12  24.9 1005 243  5.2 4 10.5  55  516  210 384 -473  1
4218500 2850500  7 21 13  24.9 1005 266  7.0 4  9.9  50  180  339 377 -479  1
4218500 2850500  7 21 14  25.8 1005 263  7.7 5  8.4  41  158  331 378 -480  1
4218500 2850500  7 21 15  25.9 1004 266  6.3 6  7.6  36   32  282 382 -478  1
4218500 2850500  7 21 16  26.1 1005 267  6.2 5  7.7  36  159  259 382 -475  1
4218500 2850500  7 21 17  25.8 1004 262  7.1 3  7.8  37  186  194 371 -468  1
4218500 2850500  7 21 18  25.4 1004 271  8.4 2  7.8  38  154  133 358 -457  1
4218500 2850500  7 21 19  24.5 1004 269  6.2 2  6.9  34   98   76 350 -450  1
4218500 2850500  7 21 20  23.4 1005 282  5.8 3  6.2  33    6   34 347 -443  1
4218500 2850500  7 21 21  21.4 1005 287  5.5 5  6.3  37    0    0 352 -434  1
4218500 2850500  7 21 22  20.1 1006 291  4.1 4  7.0  45    0    0 350 -428  1
4218500 2850500  7 21 23  19.0 1006 267  3.5 5  7.7  54    0    0 347 -425  1
4218500 2850500  7 21 24  18.4 1006 271  5.6 5  7.5  55    0    0 348 -420  1
4218500 2850500  7 22  1  17.3 1007 290  4.5 5  7.1  55    0    0 343 -416  1
4218500 2850500  7 22  2  17.0 1007 284  4.1 5  7.0  57    0    0 341 -413  1
4218500 2850500  7 22  3  16.5 1007 282  3.5 4  6.8  57    0    0 335 -410  1
4218500 2850500  7 22  4  15.5 1008 262  3.0 2  6.7  58    0    0 317 -407  1
4218500 2850500  7 22  5  15.1 1008 251  2.9 2  6.6  61    0    9 305 -404  1
4218500 2850500  7 22  6  15.3 1008 223  4.0 4  6.7  62   39   53 314 -404  1
4218500 2850500  7 22  7  16.1 1008 238  4.9 5  6.9  62   72  107 330 -408  1
4218500 2850500  7 22  8  17.3 1008 255  5.6 4  7.1  60  231  130 334 -413  1
4218500 2850500  7 22  9  18.0 1008 237  6.0 5  7.1  56  237  205 338 -418  1
4218500 2850500  7 22 10  19.6 1008 255  7.1 6  7.1  52  199  288 353 -418  1
4218500 2850500  7 22 11  19.7 1007 229  7.0 7  7.1  50  164  281 364 -424  1
4218500 2850500  7 22 12  20.5 1007 255  5.9 7  7.1  48  254  345 370 -432  1
4218500 2850500  7 22 13  20.5 1007 306  5.4 7  6.9  46   17  302 370 -434  1
4218500 2850500  7 22 14  22.0 1007 224  6.6 5  6.6  42  207  346 361 -446  1
4218500 2850500  7 22 15  21.0 1007 213  5.8 5  6.2  39   32  291 352 -437  1
4218500 2850500  7 22 16  21.5 1007 299  5.8 5  6.2  39   81  273 349 -430  1
4218500 2850500  7 22 17  21.6 1006 289  6.3 4  6.4  40  165  212 347 -431  1
4218500 2850500  7 22 18  21.4 1006 271  5.1 4  6.3  39   95  158 342 -420  1
4218500 2850500  7 22 19  20.4 1006 280  4.7 6  6.5  42   20   94 349 -416  1
4218500 2850500  7 22 20  19.9 1006 278  5.1 6  6.7  45    0   28 355 -411  1
4218500 2850500  7 22 21  19.3 1007 260  4.4 6  6.7  47    0    0 354 -405  1
4218500 2850500  7 22 22  18.5 1007 271  3.6 4  6.8  50    0    0 345 -401  1
4218500 2850500  7 22 23  17.5 1007 247  3.9 3  6.9  54    0    0 331 -398  1
4218500 2850500  7 22 24  17.0 1008 247  4.2 3  7.1  58    0    0 325 -397  1
4218500 2850500  7 23  1  15.8 1008 272  4.4 5  7.6  65    0    0 331 -397  1
4218500 2850500  7 23  2  16.0 1008 270  4.8 6  8.2  72    0    0 345 -397  1
4218500 2850500  7 23  3  15.9 1007 263  3.4 7  8.4  74    0    0 355 -394  1
4218500 2850500  7 23  4  15.2 1008 272  3.6 8  8.7  78    0    0 364 -391  1
4218500 2850500  7 23  5  14.6 1008 247  2.9 8  9.3  88    0   10 366 -390  1
4218500 2850500  7 23  6  15.0 1008 278  4.2 8  9.9  93    0   28 364 -388  1
4218500 2850500  7 23  7  15.5 1008 316  5.0 6 10.1  92    3   94 356 -386  1
4218500 2850500  7 23  8  15.3 1009 319  5.7 5  9.5  86   18  191 340 -389  1
4218500 2850500  7 23  9  15.7 1009 315  4.8 7  8.7  78    3  201 344 -398  1
4218500 2850500  7 23 10  16.3 1010 311  4.7 8  8.5  74    0  207 361 -410  1
4218500 2850500  7 23 11  16.4 1010 306  6.1 8  7.9  68   33  267 366 -423  1
4218500 2850500  7 23 12  17.0 1011 318  6.0 7  7.4  62    0  186 362 -434  1
4218500 2850500  7 23 13  17.1 1011 309  4.7 7  7.4  61    0  214 358 -444  1
4218500 2850500  7 23 14  16.9 1012 313  5.3 7  7.4  61    0  170 355 -449  1
4218500 2850500  7 23 15  17.1 1012 311  4.6 7  7.5  62    0  135 352 -452  1
4218500 2850500  7 23 16  17.7 1012 328  4.2 7  7.4  60    0  148 351 -453  1
4218500 2850500  7 23 17  18.0 1012 303  3.4 8  7.4  58    0  129 355 -450  1
4218500 2850500  7 23 18  18.2 1013 309  3.4 8  7.5  58    0   90 359 -444  1
4218500 2850500  7 23 19  18.2 1013 292  3.8 7  7.4  57    0   58 357 -437  1
4218500 2850500  7 23 20  18.0 1013 283  3.7 8  7.5  58    0   13 354 -426  1
4218500 2850500  7 23 21  17.7 1014 311  5.2 8  7.4  58    0    0 355 -416  1
4218500 2850500  7 23 22  17.3 1014 300  4.6 8  7.3  58    0    0 354 -409  1
4218500 2850500  7 23 23  16.7 1015 293  4.3 8  7.4  61    0    0 353 -405  1
4218500 2850500  7 23 24  16.2 1015 302  4.3 8  7.3  63    0    0 354 -402  1
4218500 2850500  7 24  1  15.8 1016 293  3.9 7  7.0  62    0    0 352 -400  1
4218500 2850500  7 24  2  15.5 1016 287  3.9 7  7.0  63    0    0 351 -399  1
4218500 2850500  7 24  3  15.0 1016 284  4.1 7  7.3  68    0    0 353 -397  1
4218500 2850500  7 24  4  14.5 1016 289  3.7 7  7.5  72    0    0 354 -396  1
4218500 2850500  7 24  5  14.2 1016 270  3.4 8  7.6  75    0    0 358 -396  1
4218500 2850500  7 24  6  14.4 1016 269  3.8 8  7.8  77    0   22 362 -396  1
4218500 2850500  7 24  7  14.9 1016 285  6.0 7  8.0  77   18   93 361 -397  1
4218500 2850500  7 24  8  15.5 1016 278  4.0 7  8.2  76    6  145 360 -400  1
4218500 2850500  7 24  9  15.0 1017 271  4.7 8  8.3  77    0  140 364 -405  1
4218500 2850500  7 24 10  13.8 1017 234  3.4 7  8.8  86    0  194 364 -411  1
4218500 2850500  7 24 11  14.2 1017 218  4.2 8  9.4  94    3  196 367 -418  1
4218500 2850500  7 24 12  14.1 1017 217  4.5 8  9.7  96    0  170 374 -424  1
4218500 2850500  7 24 13  14.4 1017 226  4.3 8  9.8  96    0  160 375 -427  1
4218500 2850500  7 24 14  14.9 1017 221  4.5 8  9.9  95    0  179 376 -434  1
4218500 2850500  7 24 15  15.9 1017 224  4.2 7 10.0  92   13  252 373 -447  1
4218500 2850500  7 24 16  17.9 1017 216  3.4 7 10.1  84   81  253 374 -452  1
4218500 2850500  7 24 17  18.9 1016 203  3.3 7 10.1  76   36  205 378 -452  1
4218500 2850500  7 24 18  19.1 1016 191  3.4 7  9.9  72   11  139 378 -454  1
4218500 2850500  7 24 19  19.1 1016 194  2.3 7  9.7  70    1   72 377 -449  1
4218500 2850500  7 24 20  18.7 1016 180  2.7 6  9.9  73    0   20 372 -439  1
4218500 2850500  7 24 21  18.5 1016 186  2.6 7 10.1  75    0    0 369 -430  1
4218500 2850500  7 24 22  18.5 1016 193  2.9 7 10.2  76    0    0 369 -425  1
4218500 2850500  7 24 23  18.1 1016 188  2.5 7 10.2  78    0    0 367 -423  1
4218500 2850500  7 24 24  18.1 1016 186  2.0 7 10.1  78    0    0 365 -418  1
4218500 2850500  7 25  1  17.7 1016 187  2.6 8 10.1  78    0    0 367 -412  1
4218500 2850500  7 25  2  17.4 1016 193  2.0 8 10.0  79    0    0 367 -407  1
4218500 2850500  7 25  3  17.2 1015 190  1.9 7 10.0  81    0    0 360 -402  1
4218500 2850500  7 25  4  17.2 1015 201  2.6 7 10.1  82    0    0 358 -399  1
4218500 2850500  7 25  5  17.1 1015 170  1.8 8 10.2  83    0    0 363 -396  1
4218500 2850500  7 25  6  17.0 1015 208  1.8 6 10.2  84    3   35 363 -396  1
4218500 2850500  7 25  7  17.6 1015 254  2.0 5 10.4  84   43  105 357 -403  1
4218500 2850500  7 25  8  19.5 1016 318  2.0 1 10.8  81  226  126 347 -419  1
4218500 2850500  7 25  9  21.6 1016 205  1.6 1 11.2  74  426  103 342 -438  1
4218500 2850500  7 25 10  23.5 1016 264  2.7 1 11.2  65  553  109 350 -456  1
4218500 2850500  7 25 11  25.0 1015 214  3.3 1 10.7  56  616  133 357 -474  1
4218500 2850500  7 25 12  26.6 1015 232  3.6 1 10.1  48  585  194 363 -491  1
4218500 2850500  7 25 13  27.4 1015 271  3.1 1  9.6  43  577  210 367 -502  1
4218500 2850500  7 25 14  27.3 1014 252  3.6 2  9.1  40  453  264 372 -492  1
4218500 2850500  7 25 15  27.6 1014 294  2.3 2  8.9  39  345  276 377 -481  1
4218500 2850500  7 25 16  27.5 1013 340  2.9 4  8.8  38  161  276 385 -488  1
4218500 2850500  7 25 17  28.2 1013 319  2.6 6  8.7  37   43  221 397 -492  1
4218500 2850500  7 25 18  27.5 1013 352  2.5 4  8.7  37   87  160 395 -487  1
4218500 2850500  7 25 19  27.1 1013 358  2.0 3  8.5  37   54   91 382 -478  1
4218500 2850500  7 25 20  25.9 1012   1  1.4 3  8.5  39    6   31 376 -466  1
4218500 2850500  7 25 21  23.9 1012 359  0.7 5  8.9  45    0    0 377 -455  1
4218500 2850500  7 25 22  23.6 1013 167  1.9 5  9.5  51    0    0 380 -447  1
4218500 2850500  7 25 23  22.8 1013 199  1.8 5  9.9  56    0    0 379 -441  1
4218500 2850500  7 25 24  21.4 1013 259  1.3 3 10.1  60    0    0 369 -437  1
4218500 2850500  7 26  1  19.5 1013 356  2.8 2  9.9  66    0    0 354 -432  1
4218500 2850500  7 26  2  19.8 1013  19  3.1 3 10.3  72    0    0 353 -425  1
4218500 2850500  7 26  3  19.8 1012  19  3.0 6 11.0  76    0    0 368 -420  1
4218500 2850500  7 26  4  19.4 1012  28  4.2 7 11.2  78    0    0 382 -416  1
4218500 2850500  7 26  5  18.5 1013  18  4.0 7 11.1  80    0    0 381 -412  1
4218500 2850500  7 26  6  18.7 1013  16  3.8 7 10.4  78    0   15 378 -411  1
4218500 2850500  7 26  7  18.7 1013 357  3.8 5  9.8  72   17  100 369 -419  1
4218500 2850500  7 26  8  18.8 1014  22  3.9 6  9.8  72   20  168 364 -432  1
4218500 2850500  7 26  9  17.6 1014  26  4.5 7 10.3  79    2  186 369 -447  1
4218500 2850500  7 26 10  16.9 1014  14  3.3 8 10.8  88    0  129 371 -461  1
4218500 2850500  7 26 11  16.9 1015  12  3.8 8 10.8  90    0  142 369 -472  1
4218500 2850500  7 26 12  17.6 1015  11  4.4 7 10.6  86    2  250 366 -481  1
4218500 2850500  7 26 13  19.2 1015  26  4.4 6 10.4  79  125  367 365 -488  1
4218500 2850500  7 26 14  20.0 1015   3  3.4 7 10.3  72   40  323 369 -491  1
4218500 2850500  7 26 15  20.7 1015 360  2.7 7  9.8  66   20  278 374 -490  1
4218500 2850500  7 26 16  21.7 1015 349  2.7 7  9.4  60  135  278 374 -485  1
4218500 2850500  7 26 17  21.9 1015   8  2.7 5  9.3  57  127  221 370 -476  1
4218500 2850500  7 26 18  22.2 1015   2  2.8 6  8.9  54   12  148 368 -465  1
4218500 2850500  7 26 19  22.2 1014 356  3.7 5  8.2  49    7   86 367 -452  1
4218500 2850500  7 26 20  20.9 1015   4  3.2 4  7.3  46    0   27 358 -438  1
4218500 2850500  7 26 21  19.0 1015  26  4.9 3  7.2  50    0    0 347 -427  1
4218500 2850500  7 26 22  17.2 1016  28  4.3 1  7.6  58    0    0 333 -417  1
4218500 2850500  7 26 23  15.6 1017  27  3.5 1  7.4  64    0    0 322 -411  1
4218500 2850500  7 26 24  14.9 1017  41  2.5 1  7.3  68    0    0 318 -405  1
4218500 2850500  7 27  1  14.5 1018  51  2.6 3  7.4  71    0    0 322 -401  1
4218500 2850500  7 27  2  13.2 1018  20  1.8 3  7.4  75    0    0 324 -399  1
4218500 2850500  7 27  3  13.0 1018   5  1.6 4  7.4  79    0    0 325 -398  1
4218500 2850500  7 27  4  12.6 1018  13  1.9 5  7.3  80    0    0 331 -395  1
4218500 2850500  7 27  5  11.7 1018  16  1.5 4  7.2  82    0    3 329 -393  1
4218500 2850500  7 27  6  12.4 1018  11  1.6 4  7.3  83   39   44 323 -392  1
4218500 2850500  7 27  7  14.9 1018  29  1.9 1  7.3  75  159   73 317 -395  1
4218500 2850500  7 27  8  16.7 1019  44  2.6 1  6.9  62  309   89 313 -405  1
4218500 2850500  7 27  9  17.3 1018  19  2.7 1  6.4  54  467   80 316 -420  1
4218500 2850500  7 27 10  18.6 1018 357  2.8 2  6.3  49  598   74 321 -438  1
4218500 2850500  7 27 11  19.6 1018  11  2.8 1  6.2  46  707   68 327 -454  1
4218500 2850500  7 27 12  20.3 1018   8  2.8 1  6.1  42  730   89 327 -468  1
4218500 2850500  7 27 13  21.1 1017   2  2.6 1  6.2  41  650  152 331 -480  1
4218500 2850500  7 27 14  21.4 1017  26  2.7 1  6.2  39  607  161 332 -488  1
4218500 2850500  7 27 15  22.0 1017  32  4.2 2  6.3  39  527  166 336 -490  1
4218500 2850500  7 27 16  21.9 1017  18  4.2 2  6.4  39  387  182 339 -487  1
4218500 2850500  7 27 17  22.2 1017  24  3.2 2  6.3  38  294  151 338 -480  1
4218500 2850500  7 27 18  21.5 1016  44  3.9 1  6.2  38  191  115 335 -471  1
4218500 2850500  7 27 19  21.5 1016  30  2.6 1  6.2  39   85   79 331 -460  1
4218500 2850500  7 27 20  20.0 1016  16  2.1 1  6.4  42    8   31 328 -448  1
4218500 2850500  7 27 21  18.4 1016  21  1.7 1  6.4  46    0    0 322 -435  1
4218500 2850500  7 27 22  17.5 1017  54  3.1 1  6.9  54    0    0 319 -425  1
4218500 2850500  7 27 23  17.0 1017  36  2.8 1  7.6  62    0    0 318 -418  1
4218500 2850500  7 27 24  15.9 1017  34  2.8 1  7.8  67    0    0 316 -413  1
4218500 2850500  7 28  1  15.3 1017  27  3.3 0  8.2  74    0    0 312 -409  1
4218500 2850500  7 28  2  14.3 1017  25  2.9 0  8.5  81    0    0 307 -406  1
4218500 2850500  7 28  3  13.2 1017  21  1.8 0  8.5  87    0    0 304 -402  1
4218500 2850500  7 28  4  12.3 1017  23  2.1 0  8.4  92    0    0 301 -398  1
4218500 2850500  7 28  5  12.4 1017  17  2.0 0  8.3  93    0    6 298 -394  1
4218500 2850500  7 28  6  13.2 1017 358  1.7 1  8.5  92   51   44 301 -393  1
4218500 2850500  7 28  7  14.6 1018  37  2.0 0  8.8  89  175   72 304 -397  1
4218500 2850500  7 28  8  16.4 1018  37  2.1 0  9.0  82  341   63 304 -407  1
4218500 2850500  7 28  9  18.3 1018  31  3.0 0  8.9  72  505   53 311 -422  1
4218500 2850500  7 28 10  20.6 1018  57  3.7 0  8.8  62  611   73 317 -439  1
4218500 2850500  7 28 11  21.8 1018  53  4.1 2  8.3  53  554  158 329 -456  1
4218500 2850500  7 28 12  22.1 1017  46  3.5 3  7.7  47  375  292 338 -470  1
4218500 2850500  7 28 13  24.0 1017  23  4.3 3  7.2  41  455  262 343 -480  1
4218500 2850500  7 28 14  24.8 1017  37  4.1 1  6.4  34  678  108 341 -486  1
4218500 2850500  7 28 15  24.9 1016  57  4.2 1  5.8  30  646   85 339 -488  1
4218500 2850500  7 28 16  25.2 1016  58  3.7 1  5.7  29  507  105 338 -485  1
4218500 2850500  7 28 17  25.4 1016  65  4.2 1  5.5  27  374  102 338 -477  1
4218500 2850500  7 28 18  25.0 1016  62  4.2 1  5.6  28  240   90 336 -466  1
4218500 2850500  7 28 19  24.3 1015  49  3.7 1  6.1  32   73   80 335 -456  1
4218500 2850500  7 28 20  22.8 1015  38  4.1 1  6.5  36   10   30 333 -444  1
4218500 2850500  7 28 21  20.9 1016  32  4.5 1  7.3  45    0    0 328 -431  1
4218500 2850500  7 28 22  19.7 1016  43  5.1 0  8.1  54    0    0 323 -422  1
4218500 2850500  7 28 23  18.7 1017  39  4.0 0  8.2  59    0    0 317 -415  1
4218500 2850500  7 28 24  18.0 1017  40  3.8 0  8.0  61    0    0 314 -410  1
4218500 2850500  7 29  1  17.0 1017  55  3.4 0  7.9  64    0    0 311 -405  1
4218500 2850500  7 29  2  15.8 1017  56  2.7 0  7.7  67    0    0 308 -400  1
4218500 2850500  7 29  3  15.2 1018  54  2.0 0  7.6  70    0    0 304 -396  1
4218500 2850500  7 29  4  14.7 1017  71  3.1 0  7.6  72    0    0 301 -392  1
4218500 2850500  7 29  5  13.9 1017  52  2.3 0  7.5  74    0    6 299 -388  1
4218500 2850500  7 29  6  15.5 1018  52  2.8 1  7.5  72   49   48 302 -387  1
4218500 2850500  7 29  7  17.8 1018  82  3.3 0  7.4  62  168   79 306 -391  1
4218500 2850500  7 29  8  19.0 1018  64  2.8 0  7.3  56  320   85 308 -401  1
4218500 2850500  7 29  9  20.7 1018  52  2.4 0  7.5  52  466   90 315 -417  1
4218500 2850500  7 29 10  22.6 1018  72  3.4 0  7.0  43  594   91 321 -434  1
4218500 2850500  7 29 11  23.3 1018  42  3.6 0  6.3  36  695   89 325 -451  1
4218500 2850500  7 29 12  24.1 1018  81  3.0 1  6.0  33  739   97 330 -466  1
4218500 2850500  7 29 13  24.9 1017  66  3.8 1  6.0  32  725  115 335 -478  1
4218500 2850500  7 29 14  25.6 1017  85  3.3 1  6.3  31  647  145 340 -485  1
4218500 2850500  7 29 15  27.0 1016  71  2.7 2  6.0  28  515  182 346 -487  1
4218500 2850500  7 29 16  26.7 1016  92  3.1 2  5.9  27  364  202 348 -484  1
4218500 2850500  7 29 17  26.9 1015  46  2.6 2  6.1  28  230  187 348 -477  1
4218500 2850500  7 29 18  26.1 1015  56  3.9 1  6.0  28  127  147 342 -466  1
4218500 2850500  7 29 19  25.5 1015  80  3.5 1  5.8  28   66   86 335 -453  1
4218500 2850500  7 29 20  24.0 1014  77  2.3 1  5.9  30    7   30 330 -437  1
4218500 2850500  7 29 21  22.1 1015  51  2.1 1  5.9  34    0    0 322 -423  1
4218500 2850500  7 29 22  21.1 1015  54  4.7 1  6.6  41    0    0 317 -414  1
4218500 2850500  7 29 23  20.5 1015  53  3.5 1  7.6  49    0    0 316 -407  1
4218500 2850500  7 29 24  19.1 1016  64  2.9 0  7.8  54    0    0 309 -401  1
4218500 2850500  7 30  1  18.3 1016  75  3.2 1  7.7  57    0    0 305 -396  1
4218500 2850500  7 30  2  17.5 1016  76  2.9 1  7.7  60    0    0 303 -392  1
4218500 2850500  7 30  3  16.0 1016  81  2.9 1  7.7  65    0    0 298 -389  1
4218500 2850500  7 30  4  15.6 1015  86  2.5 1  7.6  68    0    0 294 -386  1
4218500 2850500  7 30  5  14.8 1015  84  2.3 1  7.7  71    0    5 292 -384  1
4218500 2850500  7 30  6  15.6 1015  85  2.2 1  7.8  73   49   43 289 -383  1
4218500 2850500  7 30  7  18.0 1015 123  2.3 1  7.9  66  168   72 292 -388  1
4218500 2850500  7 30  8  20.4 1015 128  2.5 1  7.9  57  320   76 298 -398  1
4218500 2850500  7 30  9  22.3 1015 113  2.7 2  8.0  50  464   82 308 -412  1
4218500 2850500  7 30 10  24.4 1015 113  2.5 3  8.0  44  576   89 323 -428  1
4218500 2850500  7 30 11  25.6 1015  51  2.7 3  7.5  38  612  117 333 -443  1
4218500 2850500  7 30 12  26.2 1015  57  2.4 4  6.9  33  371  292 340 -455  1
4218500 2850500  7 30 13  26.9 1014  64  3.6 3  6.5  30  501  235 343 -464  1
4218500 2850500  7 30 14  26.4 1014  66  4.6 3  6.0  28  565  180 340 -471  1
4218500 2850500  7 30 15  27.7 1014  94  3.9 3  5.9  26  427  217 341 -471  1
4218500 2850500  7 30 16  27.1 1013  63  4.7 4  6.0  26  264  235 345 -469  1
4218500 2850500  7 30 17  27.3 1013  61  3.7 3  5.8  26  254  166 344 -464  1
4218500 2850500  7 30 18  27.8 1012  63  2.8 2  5.3  23  157  129 336 -453  1
4218500 2850500  7 30 19  26.9 1012  73  3.4 1  5.1  22   78   78 328 -440  1
4218500 2850500  7 30 20  24.9 1012  61  2.9 1  5.6  28    6   30 323 -427  1
4218500 2850500  7 30 21  23.4 1012  57  3.0 1  6.0  33    0    0 316 -414  1
4218500 2850500  7 30 22  22.0 1013  55  3.0 1  6.6  39    0    0 309 -406  1
4218500 2850500  7 30 23  21.3 1013  53  3.1 1  7.3  45    0    0 306 -401  1
4218500 2850500  7 30 24  20.9 1013  57  2.9 1  8.0  50    0    0 303 -396  1
4218500 2850500  7 31  1  20.7 1014  60  2.6 0  8.5  54    0    0 332 -434  1
4218500 2850500  7 31  2  20.4 1014  64  2.4 0  8.8  57    0    0 328 -428  1
4218500 2850500  7 31  3  20.0 1014  68  2.2 0  8.9  59    0    0 324 -423  1
4218500 2850500  7 31  4  19.4 1014  72  2.0 1  8.8  62    0    0 323 -419  1
4218500 2850500  7 31  5  19.9 1013  74  2.0 1  8.8  61    0    2 326 -415  1
4218500 2850500  7 31  6  19.1 1014  82  1.9 2  8.7  64   33   48 327 -413  1
4218500 2850500  7 31  7  20.8 1013  85  1.9 1  8.8  60  133   88 327 -418  1
4218500 2850500  7 31  8  22.4 1013  93  3.0 0  8.9  55  276  106 327 -429  1
4218500 2850500  7 31  9  23.7 1013  62  3.4 0  9.1  52  420  115 330 -446  1
4218500 2850500  7 31 10  26.0 1013  61  3.7 1  9.1  46  549  119 340 -464  1
4218500 2850500  7 31 11  27.9 1013  66  4.6 1  8.8  39  627  133 352 -481  1
4218500 2850500  7 31 12  29.0 1013  56  3.8 1  8.3  34  669  146 360 -496  1
4218500 2850500  7 31 13  29.8 1013  47  3.8 1  7.7  30  658  164 364 -507  1
4218500 2850500  7 31 14  30.1 1012  39  2.8 1  7.6  29  606  178 367 -514  1
4218500 2850500  7 31 15  29.8 1012  72  4.5 1  7.4  28  529  179 368 -514  1
4218500 2850500  7 31 16  30.3 1011  36  4.1 1  7.6  28  442  157 369 -510  1
4218500 2850500  7 31 17  29.7 1011  62  4.0 1  8.6  32  310  150 369 -501  1
4218500 2850500  7 31 18  29.1 1011  37  3.8 1  9.2  36  175  128 367 -490  1
4218500 2850500  7 31 19  27.7 1011  40  4.8 2  9.5  39   58   88 365 -477  1
4218500 2850500  7 31 20  26.0 1011  38  5.2 4  9.8  44    3   26 365 -462  1
4218500 2850500  7 31 21  24.2 1011  28  4.0 5 10.0  50    0    0 363 -447  1
4218500 2850500  7 31 22  22.2 1012  38  3.9 2 10.0  56    0    0 352 -437  1
4218500 2850500  7 31 23  21.4 1012  32  4.0 1 10.3  63    0    0 339 -429  1
4218500 2850500  7 31 24  21.0 1012  38  3.7 1 10.7  68    0    0 335 -422  1
4218500 2850500  8  1  1  20.3 1012  38  3.1 1 10.9  72    0    0 332 -414  1
4218500 2850500  8  1  2  19.7 1012  49  3.3 1 10.6  72    0    0 331 -412  1
4218500 2850500  8  1  3  19.9 1012  57  3.0 2 10.3  71    0    0 332 -407  1
4218500 2850500  8  1  4  19.6 1012  56  2.9 4 10.0  69    0    0 337 -403  1
4218500 2850500  8  1  5  18.7 1012  43  3.1 5  9.6  69    0    0 341 -401  1
4218500 2850500  8  1  6  18.4 1012  55  3.9 5  9.2  68   38   36 339 -400  1
4218500 2850500  8  1  7  19.0 1012  67  3.7 4  8.9  66  114   80 334 -403  1
4218500 2850500  8  1  8  21.0 1013  66  3.9 2  8.9  61  250  105 331 -413  1
4218500 2850500  8  1  9  22.7 1013  60  4.6 2  8.6  53  418  109 332 -428  1
4218500 2850500  8  1 10  24.1 1013  80  4.4 2  8.2  46  558  110 337 -443  1
4218500 2850500  8  1 11  25.0 1013  56  4.7 2  8.1  42  656  114 343 -459  1
4218500 2850500  8  1 12  26.0 1013  66  4.3 2  7.6  37  712  117 346 -472  1
4218500 2850500  8  1 13  26.5 1013  54  4.3 2  7.1  33  716  122 348 -483  1
4218500 2850500  8  1 14  27.2 1013  50  4.1 1  7.0  32  684  121 349 -490  1
4218500 2850500  8  1 15  27.1 1013  37  4.4 1  7.0  31  607  121 348 -492  1
4218500 2850500  8  1 16  27.4 1013  42  4.2 1  6.9  31  489  122 348 -490  1
4218500 2850500  8  1 17  27.5 1013  35  3.9 1  6.6  29  339  122 347 -484  1
4218500 2850500  8  1 18  26.5 1013  46  4.9 2  6.6  30  202  103 346 -474  1
4218500 2850500  8  1 19  25.7 1013  32  4.2 2  6.7  32   80   71 345 -462  1
4218500 2850500  8  1 20  24.3 1013  23  4.8 3  7.5  38    5   16 345 -449  1
4218500 2850500  8  1 21  22.9 1013  37  4.6 4  8.7  48    0    0 349 -437  1
4218500 2850500  8  1 22  21.9 1014  35  4.0 4  8.9  52    0    0 348 -426  1
4218500 2850500  8  1 23  20.4 1014  28  3.4 4  8.8  56    0    0 344 -419  1
4218500 2850500  8  1 24  19.2 1014  28  3.3 4  8.8  61    0    0 340 -412  1
4218500 2850500  8  2  1  18.0 1014  25  3.7 3  9.1  68    0    0 334 -406  1
4218500 2850500  8  2  2  16.9 1014  23  2.9 3  9.8  79    0    0 329 -401  1
4218500 2850500  8  2  3  16.5 1014  30  2.8 3 10.2  86    0    0 327 -398  1
4218500 2850500  8  2  4  16.1 1014  40  3.1 2 10.1  87    0    0 322 -395  1
4218500 2850500  8  2  5  15.5 1014  31  2.7 2  9.8  87    0    0 315 -392  1
4218500 2850500  8  2  6  15.8 1014  30  2.9 2  9.6  86   40   37 313 -391  1
4218500 2850500  8  2  7  17.0 1014  29  2.9 1  9.6  82  152   75 308 -396  1
4218500 2850500  8  2  8  18.9 1014  41  3.6 0  9.6  75  304   89 303 -408  1
4218500 2850500  8  2  9  20.8 1015  39  3.9 0  9.6  66  444   98 304 -426  1
4218500 2850500  8  2 10  22.3 1015  56  4.2 1  9.4  59  569  104 315 -445  1
4218500 2850500  8  2 11  23.3 1015  63  4.3 1  8.6  50  644  117 325 -463  1
4218500 2850500  8  2 12  24.9 1015  72  3.7 2  7.8  41  670  135 333 -479  1
4218500 2850500  8  2 13  24.8 1014  46  3.5 2  7.4  38  553  218 339 -489  1
4218500 2850500  8  2 14  25.7 1014  27  3.8 3  7.1  35  455  259 344 -492  1
4218500 2850500  8  2 15  26.1 1014   1  4.3 3  6.6  32  455  213 349 -493  1
4218500 2850500  8  2 16  26.3 1013  14  3.4 3  6.6  31  408  166 351 -489  1
4218500 2850500  8  2 17  25.7 1013  30  3.9 3  7.2  34  321  129 351 -479  1
4218500 2850500  8  2 18  25.4 1013  35  3.1 3  7.7  38  137  128 349 -468  1
4218500 2850500  8  2 19  25.1 1013  17  3.1 2  7.9  40   74   70 346 -455  1
4218500 2850500  8  2 20  23.6 1012  15  2.7 2  7.9  42    5   16 340 -442  1
4218500 2850500  8  2 21  21.6 1012  21  2.3 2  7.2  42    0    0 331 -429  1
4218500 2850500  8  2 22  20.5 1013  34  3.2 0  7.0  45    0    0 319 -419  1
4218500 2850500  8  2 23  17.7 1013  20  2.3 0  7.2  52    0    0 306 -411  1
4218500 2850500  8  2 24  16.6 1013  23  2.1 0  7.2  59    0    0 300 -405  1
4218500 2850500  8  3  1  15.1 1013  42  1.4 0  7.3  65    0    0 296 -400  1
4218500 2850500  8  3  2  14.4 1013  21  1.3 0  7.4  71    0    0 292 -395  1
4218500 2850500  8  3  3  14.2 1013   9  0.9 1  7.6  75    0    0 295 -392  1
4218500 2850500  8  3  4  14.2 1013 315  0.9 1  7.7  76    0    0 298 -388  1
4218500 2850500  8  3  5  14.4 1012 331  0.7 1  8.0  78    0    0 297 -386  1
4218500 2850500  8  3  6  14.5 1012 324  1.3 1  8.1  79   36   34 296 -385  1
4218500 2850500  8  3  7  17.2 1012 280  1.6 0  8.4  75  139   71 294 -391  1
4218500 2850500  8  3  8  19.5 1012 276  1.7 0  9.0  68  291   83 298 -405  1
4218500 2850500  8  3  9  21.6 1011 270  3.4 0  8.7  57  443   87 306 -423  1
4218500 2850500  8  3 10  23.4 1011 274  3.4 2  7.9  47  577   87 321 -443  1
4218500 2850500  8  3 11  25.0 1011 279  3.5 2  7.9  42  640  103 335 -462  1
4218500 2850500  8  3 12  26.7 1010 272  4.3 4  8.6  41  348  305 351 -476  1
4218500 2850500  8  3 13  27.9 1010 298  4.0 4  9.3  41  433  277 366 -487  1
4218500 2850500  8  3 14  28.6 1009 317  4.9 4  8.7  36  535  203 368 -491  1
4218500 2850500  8  3 15  29.1 1008 309  4.9 4  7.7  31  410  230 367 -494  1
4218500 2850500  8  3 16  28.9 1007 302  5.5 5  7.4  29  342  200 368 -493  1
4218500 2850500  8  3 17  28.4 1007 341  5.3 5  7.4  30  229  174 369 -487  1
4218500 2850500  8  3 18  28.1 1006 309  5.0 6  7.5  31  131  128 370 -477  1
4218500 2850500  8  3 19  27.4 1006 307  3.7 5  7.6  33   55   69 367 -464  1
4218500 2850500  8  3 20  26.3 1006 311  3.9 5  7.9  35    2   14 359 -450  1
4218500 2850500  8  3 21  23.8 1006 323  2.5 5  8.3  42    0    0 352 -437  1
4218500 2850500  8  3 22  23.2 1006 310  2.8 4  8.8  48    0    0 344 -427  1
4218500 2850500  8  3 23  22.7 1006 311  3.1 4  9.1  52    0    0 339 -419  1
4218500 2850500  8  3 24  20.9 1006 302  3.0 2  9.2  56    0    0 330 -412  1
4218500 2850500  8  4  1  20.5 1006 300  3.1 0  8.7  56    0    0 315 -405  1
4218500 2850500  8  4  2  19.5 1006 304  3.8 1  8.4  57    0    0 309 -400  1
4218500 2850500  8  4  3  18.2 1006 299  3.9 2  8.6  63    0    0 310 -396  1
4218500 2850500  8  4  4  17.5 1006 300  2.9 2  8.7  67    0    0 309 -393  1
4218500 2850500  8  4  5  16.9 1006 319  3.5 2  9.0  72    0    0 308 -391  1
4218500 2850500  8  4  6  17.2 1006 320  4.1 4  9.8  80    2   30 315 -392  1
4218500 2850500  8  4  7  16.8 1007 306  3.1 7 10.4  85    1   72 330 -399  1
4218500 2850500  8  4  8  17.8 1007 301  3.5 8 10.8  86    0  116 343 -412  1
4218500 2850500  8  4  9  18.6 1007 309  4.2 8 11.1  84    0  169 349 -431  1
4218500 2850500  8  4 10  18.7 1007 302  3.5 7 11.0  81    1  204 347 -450  1
4218500 2850500  8  4 11  18.8 1008 300  4.3 7 10.9  80    1  232 347 -470  1
4218500 2850500  8  4 12  19.4 1008 324  3.9 7 11.0  79    1  247 353 -487  1
4218500 2850500  8  4 13  20.5 1008 333  4.1 7 11.0  75   17  328 360 -499  1
4218500 2850500  8  4 14  21.6 1008 320  4.8 6 11.0  70  198  425 364 -505  1
4218500 2850500  8  4 15  23.0 1007 296  4.0 3 11.0  65  382  322 358 -507  1
4218500 2850500  8  4 16  24.1 1007 314  3.6 3 11.0  60  328  277 356 -504  1
4218500 2850500  8  4 17  24.0 1007 304  4.2 2 10.7  57  211  232 354 -496  1
4218500 2850500  8  4 18  24.4 1007 318  3.9 2 10.4  54  120  167 351 -485  1
4218500 2850500  8  4 19  24.1 1007 347  2.5 2 10.4  54   47   93 351 -472  1
4218500 2850500  8  4 20  22.8 1007 349  2.8 2 10.5  57    2   16 349 -458  1
4218500 2850500  8  4 21  21.3 1008  19  2.4 3 10.4  62    0    0 347 -444  1
4218500 2850500  8  4 22  20.4 1008   1  1.9 1 10.5  68    0    0 339 -433  1
4218500 2850500  8  4 23  19.4 1009 358  1.3 1 10.8  73    0    0 329 -427  1
4218500 2850500  8  4 24  18.3 1009  11  1.2 3 10.8  79    0    0 332 -422  1
4218500 2850500  8  5  1  18.1 1010 343  1.3 2 10.8  82    0    0 332 -416  1
4218500 2850500  8  5  2  17.6 1010   6  1.3 2 10.9  84    0    0 328 -412  1
4218500 2850500  8  5  3  16.9 1010  13  1.0 2 10.8  88    0    0 326 -408  1
4218500 2850500  8  5  4  16.7 1011  33  1.6 2 11.0  91    0    0 325 -404  1
4218500 2850500  8  5  5  16.1 1012  23  1.2 2 11.1  94    0    0 325 -401  1
4218500 2850500  8  5  6  17.0 1012  11  0.9 3 11.1  94   20   35 328 -400  1
4218500 2850500  8  5  7  18.2 1012  20  1.8 1 11.6  92   98   83 328 -403  1
4218500 2850500  8  5  8  18.1 1013  38  2.0 1 11.6  88  212  119 323 -415  1
4218500 2850500  8  5  9  19.8 1013  43  1.6 2 11.0  80  389  122 329 -432  1
4218500 2850500  8  5 10  21.8 1013  92  1.4 1 10.7  69  531  124 336 -451  1
4218500 2850500  8  5 11  23.5 1014  76  2.1 1 10.1  58  632  127 340 -469  1
4218500 2850500  8  5 12  24.7 1014  80  1.8 1  9.2  49  690  130 345 -484  1
4218500 2850500  8  5 13  25.8 1014  61  2.5 1  8.9  44  695  135 351 -494  1
4218500 2850500  8  5 14  26.9 1014  55  2.7 1  8.8  41  615  162 354 -500  1
4218500 2850500  8  5 15  27.2 1014 117  2.0 1  8.1  36  531  166 355 -500  1
4218500 2850500  8  5 16  27.5 1014  83  2.8 2  7.8  34  399  174 357 -497  1
4218500 2850500  8  5 17  27.5 1014  47  2.7 2  8.0  35  255  167 360 -491  1
4218500 2850500  8  5 18  27.2 1014  88  1.9 2  8.1  36  173  113 358 -480  1
4218500 2850500  8  5 19  26.4 1013  85  2.6 1  8.3  38   66   72 353 -467  1
4218500 2850500  8  5 20  24.6 1013  81  2.0 1  8.5  42    2   15 347 -454  1
4218500 2850500  8  5 21  22.3 1013  76  2.1 0  8.9  49    0    0 337 -442  1
4218500 2850500  8  5 22  21.8 1014  75  2.9 0  9.0  54    0    0 329 -433  1
4218500 2850500  8  5 23  21.2 1014  79  2.3 0  8.7  54    0    0 327 -426  1
4218500 2850500  8  5 24  19.8 1014  81  2.0 0  8.4  56    0    0 323 -420  1
4218500 2850500  8  6  1  18.9 1014  93  1.9 0  8.4  60    0    0 318 -415  1
4218500 2850500  8  6  2  18.4 1014  93  1.6 0  8.2  61    0    0 315 -410  1
4218500 2850500  8  6  3  17.1 1014  95  1.9 0  7.9  62    0    0 312 -407  1
4218500 2850500  8  6  4  16.3 1014 107  2.1 0  7.8  66    0    0 309 -405  1
4218500 2850500  8  6  5  16.1 1014 105  1.4 0  7.9  69    0    0 307 -402  1
4218500 2850500  8  6  6  16.5 1014 102  1.1 0  8.0  69   30   38 307 -401  1
4218500 2850500  8  6  7  18.3 1014 133  1.7 0  8.2  66  126   85 308 -404  1
4218500 2850500  8  6  8  20.2 1014 105  1.1 0  8.4  61  262  113 313 -413  1
4218500 2850500  8  6  9  23.4 1014 125  1.2 0  8.6  53  393  135 322 -428  1
4218500 2850500  8  6 10  25.7 1013 129  1.8 0  8.6  44  510  150 333 -446  1
4218500 2850500  8  6 11  27.1 1013  68  1.1 1  8.5  40  582  167 344 -465  1
4218500 2850500  8  6 12  27.7 1013 115  1.7 1  8.4  37  581  203 353 -482  1
4218500 2850500  8  6 13  28.5 1012  27  1.5 1  8.0  34  605  200 357 -496  1
4218500 2850500  8  6 14  28.9 1012  91  1.3 1  7.6  31  601  183 359 -505  1
4218500 2850500  8  6 15  29.7 1011 252  1.5 1  7.3  29  490  202 361 -511  1
4218500 2850500  8  6 16  29.7 1010 359  1.1 2  7.2  28  381  193 364 -512  1
4218500 2850500  8  6 17  30.4 1010 355  1.5 1  7.0  26  290  154 364 -505  1
4218500 2850500  8  6 18  29.8 1009 347  1.0 1  6.9  26  164  122 360 -493  1
4218500 2850500  8  6 19  29.1 1009 360  0.6 1  7.1  28   55   75 356 -480  1
4218500 2850500  8  6 20  26.9 1008  84  1.4 0  7.6  32    1   15 347 -465  1
4218500 2850500  8  6 21  25.7 1008  98  1.2 0  8.1  38    0    0 338 -451  1
4218500 2850500  8  6 22  24.0 1008 108  2.0 0  8.3  42    0    0 333 -442  1
4218500 2850500  8  6 23  23.4 1008 143  1.8 0  8.2  44    0    0 328 -435  1
4218500 2850500  8  6 24  22.7 1008 134  1.2 0  8.1  46    0    0 325 -431  1
4218500 2850500  8  7  1  21.9 1008 161  2.4 2  8.0  48    0    0 330 -428  1
4218500 2850500  8  7  2  21.5 1008 171  1.3 3  8.1  50    0    0 339 -426  1
4218500 2850500  8  7  3  20.5 1008 198  1.0 4  8.3  53    0    0 345 -427  1
4218500 2850500  8  7  4  20.2 1007 211  2.0 2  8.4  56    0    0 339 -428  1
4218500 2850500  8  7  5  20.0 1007 271  1.6 3  8.7  58    0    0 335 -427  1
4218500 2850500  8  7  6  19.7 1007 308  3.5 3  9.2  63    7   30 338 -426  1
4218500 2850500  8  7  7  19.1 1007 339  3.6 3 10.0  70   26   98 334 -429  1
4218500 2850500  8  7  8  20.3 1007 325  3.9 3 10.9  76  160  151 335 -436  1
4218500 2850500  8  7  9  20.9 1008 309  4.1 3 11.6  76  275  187 340 -446  1
4218500 2850500  8  7 10  21.9 1008 300  3.7 2 11.8  73  386  211 341 -457  1
4218500 2850500  8  7 11  23.7 1008 304  4.5 1 11.7  66  525  197 339 -469  1
4218500 2850500  8  7 12  24.9 1008 307  4.5 1 11.0  58  578  207 342 -475  1
4218500 2850500  8  7 13  26.2 1008 310  4.1 1 10.1  49  617  195 348 -481  1
4218500 2850500  8  7 14  27.2 1008 299  4.9 1  9.1  41  591  191 352 -490  1
4218500 2850500  8  7 15  27.5 1008 301  4.7 1  7.8  34  513  189 353 -495  1
4218500 2850500  8  7 16  27.2 1007 308  4.5 1  7.3  32  401  183 351 -496  1
4218500 2850500  8  7 17  26.7 1007 305  4.8 2  7.1  32  261  169 351 -490  1
4218500 2850500  8  7 18  26.0 1007 312  4.4 2  7.1  33  158  124 351 -478  1
4218500 2850500  8  7 19  24.4 1007 335  3.8 2  7.4  37   54   75 347 -466  1
4218500 2850500  8  7 20  22.6 1008 350  4.1 4  7.2  39    1   15 349 -455  1
4218500 2850500  8  7 21  20.8 1008 350  3.7 4  6.9  42    0    0 351 -447  1
4218500 2850500  8  7 22  20.1 1009 350  3.4 2  6.9  46    0    0 339 -442  1
4218500 2850500  8  7 23  18.7 1010 354  2.9 2  7.1  51    0    0 329 -436  1
4218500 2850500  8  7 24  17.6 1010 347  2.1 3  7.2  55    0    0 329 -431  1
4218500 2850500  8  8  1  17.0 1010 333  2.4 3  7.2  58    0    0 331 -426  1
4218500 2850500  8  8  2  15.9 1011 335  2.7 2  7.3  62    0    0 324 -422  1
4218500 2850500  8  8  3  15.0 1011 334  2.2 1  7.5  68    0    0 311 -418  1
4218500 2850500  8  8  4  13.8 1011 315  2.1 1  7.6  74    0    0 303 -412  1
4218500 2850500  8  8  5  13.6 1011 334  2.4 1  7.6  78    0    0 300 -404  1
4218500 2850500  8  8  6  14.4 1011 338  3.0 1  7.7  77   31   41 299 -397  1
4218500 2850500  8  8  7  16.7 1011 341  3.8 0  7.9  71  118   98 297 -397  1
4218500 2850500  8  8  8  18.1 1012   8  3.4 1  8.3  66  238  141 302 -403  1
4218500 2850500  8  8  9  19.9 1012  25  4.0 1  8.6  62  337  181 313 -413  1
4218500 2850500  8  8 10  21.2 1012  37  4.0 3  8.3  55  301  271 328 -426  1
4218500 2850500  8  8 11  22.7 1013  33  4.8 4  7.2  44  258  346 345 -439  1
4218500 2850500  8  8 12  23.2 1013  37  3.7 4  6.4  37  209  391 350 -450  1
4218500 2850500  8  8 13  23.9 1013  28  4.2 3  6.5  36  222  399 348 -459  1
4218500 2850500  8  8 14  24.1 1013  39  4.2 4  6.8  36  115  379 350 -462  1
4218500 2850500  8  8 15  23.0 1013  52  4.2 4  6.6  36  138  359 350 -462  1
4218500 2850500  8  8 16  24.1 1013  37  4.3 3  6.0  33  199  256 343 -460  1
4218500 2850500  8  8 17  23.4 1013  26  4.2 2  5.5  30  197  212 334 -452  1
4218500 2850500  8  8 18  23.3 1013  24  4.9 1  5.2  29  143  139 323 -440  1
4218500 2850500  8  8 19  22.0 1013  22  4.5 1  5.2  30   50   81 316 -427  1
4218500 2850500  8  8 20  20.2 1014  27  4.6 1  5.4  35    1   15 311 -416  1
4218500 2850500  8  8 21  18.7 1015  32  4.5 1  5.5  39    0    0 305 -406  1
4218500 2850500  8  8 22  17.5 1015  38  3.6 0  5.7  44    0    0 296 -398  1
4218500 2850500  8  8 23  16.4 1016  48  3.4 0  6.1  51    0    0 288 -393  1
4218500 2850500  8  8 24  15.6 1017  50  2.8 0  6.4  57    0    0 285 -388  1
4218500 2850500  8  9  1  14.8 1017  60  2.3 0  6.3  59    0    0 282 -383  1
4218500 2850500  8  9  2  14.0 1017  62  2.1 0  6.1  60    0    0 279 -378  1
4218500 2850500  8  9  3  12.9 1017  64  1.8 0  5.9  62    0    0 276 -374  1
4218500 2850500  8  9  4  12.5 1017  67  2.1 1  5.8  64    0    0 278 -370  1
4218500 2850500  8  9  5  12.0 1017  56  2.0 1  5.7  64    0    0 280 -367  1
4218500 2850500  8  9  6  12.4 1017  45  1.8 1  5.7  64   36   32 279 -366  1
4218500 2850500  8  9  7  15.4 1017  67  2.8 1  5.8  58  153   61 282 -370  1
4218500 2850500  8  9  8  17.5 1018  64  2.7 0  5.8  50  297   73 284 -382  1
4218500 2850500  8  9  9  19.6 1018  61  3.2 0  5.6  42  441   82 285 -399  1
4218500 2850500  8  9 10  20.6 1018  69  3.4 1  5.2  35  567   86 295 -419  1
4218500 2850500  8  9 11  21.5 1018  32  2.7 1  4.9  32  658   90 303 -438  1
4218500 2850500  8  9 12  22.2 1018  57  2.6 2  4.7  29  692  104 311 -454  1
4218500 2850500  8  9 13  22.9 1018   3  3.0 1  4.6  27  702  107 314 -466  1
4218500 2850500  8  9 14  23.5 1017   8  1.8 1  4.5  26  656  117 313 -469  1
4218500 2850500  8  9 15  24.5 1017  22  2.0 2  4.4  24  567  126 320 -470  1
4218500 2850500  8  9 16  24.5 1017  39  2.2 3  4.4  23  440  134 330 -467  1
4218500 2850500  8  9 17  24.5 1016  45  2.4 4  4.3  23  302  126 340 -460  1
4218500 2850500  8  9 18  24.6 1016  38  2.2 4  4.5  24  171  102 346 -451  1
4218500 2850500  8  9 19  23.2 1016  54  2.6 3  5.1  28   59   66 341 -440  1
4218500 2850500  8  9 20  20.9 1016  73  1.9 3  5.6  34    2   13 330 -428  1
4218500 2850500  8  9 21  20.1 1016  62  1.1 3  5.7  38    0    0 325 -416  1
4218500 2850500  8  9 22  18.8 1017  91  1.9 2  5.7  40    0    0 316 -408  1
4218500 2850500  8  9 23  18.1 1017  82  1.7 2  5.8  44    0    0 308 -401  1
4218500 2850500  8  9 24  17.3 1018  85  0.5 2  5.8  46    0    0 306 -396  1
4218500 2850500  8 10  1  15.1 1018 144  1.0 1  5.9  52    0    0 297 -391  1
4218500 2850500  8 10  2  14.6 1018 142  0.7 1  6.1  58    0    0 289 -386  1
4218500 2850500  8 10  3  14.1 1018  56  0.3 1  6.0  59    0    0 286 -382  1
4218500 2850500  8 10  4  13.3 1018 211  0.8 1  5.8  60    0    0 283 -377  1
4218500 2850500  8 10  5  12.6 1018 354  0.3 1  5.7  62    0    0 280 -373  1
4218500 2850500  8 10  6  13.4 1019 345  0.2 2  5.8  62   33   33 281 -371  1
4218500 2850500  8 10  7  16.1 1019 266  1.0 3  5.9  57  122   73 290 -376  1
4218500 2850500  8 10  8  19.1 1019 257  1.7 4  6.1  49  252  100 305 -393  1
4218500 2850500  8 10  9  21.0 1019 244  2.8 4  6.2  43  391  117 315 -415  1
4218500 2850500  8 10 10  23.1 1019 277  2.7 5  6.2  38  493  135 323 -437  1
4218500 2850500  8 10 11  24.4 1020 264  3.2 5  6.0  33  526  178 331 -457  1
4218500 2850500  8 10 12  25.7 1019 265  3.4 5  5.8  30  615  165 337 -472  1
4218500 2850500  8 10 13  26.6 1019 293  3.0 6  5.7  27  594  190 344 -482  1
4218500 2850500  8 10 14  27.4 1019 299  3.1 5  5.5  25  589  173 347 -489  1
4218500 2850500  8 10 15  27.6 1019 329  3.1 3  5.4  24  530  161 341 -493  1
4218500 2850500  8 10 16  27.9 1018 316  3.1 2  5.7  25  414  159 334 -488  1
4218500 2850500  8 10 17  27.9 1018 328  3.9 2  5.9  25  285  143 331 -480  1
4218500 2850500  8 10 18  27.4 1018 313  3.4 4  5.6  24  159  112 334 -471  1
4218500 2850500  8 10 19  26.3 1017 321  2.6 5  5.8  26   49   68 340 -458  1
4218500 2850500  8 10 20  24.6 1018   5  2.7 4  6.2  31    0   12 336 -444  1
4218500 2850500  8 10 21  22.3 1018  10  1.9 2  6.0  34    0    0 321 -433  1
4218500 2850500  8 10 22  20.8 1019  14  2.2 1  6.1  38    0    0 307 -424  1
4218500 2850500  8 10 23  19.4 1019  34  2.1 1  6.7  46    0    0 301 -416  1
4218500 2850500  8 10 24  18.0 1020  26  1.7 0  7.1  53    0    0 295 -410  1
4218500 2850500  8 11  1  16.6 1020  57  1.5 1  7.3  60    0    0 292 -404  1
4218500 2850500  8 11  2  16.1 1020  16  0.4 1  7.5  65    0    0 292 -399  1
4218500 2850500  8 11  3  15.3 1020  23  0.1 1  7.9  71    0    0 292 -394  1
4218500 2850500  8 11  4  14.0 1020  37  0.7 1  8.0  77    0    0 290 -390  1
4218500 2850500  8 11  5  13.6 1020  46  0.4 2  7.9  81    0    0 290 -387  1
4218500 2850500  8 11  6  13.6 1021  69  1.3 2  8.1  83   23   30 293 -385  1
4218500 2850500  8 11  7  17.7 1021  78  1.6 1  8.6  78  125   65 297 -390  1
4218500 2850500  8 11  8  19.5 1021  95  2.1 1  9.4  71  276   79 304 -402  1
4218500 2850500  8 11  9  20.5 1021  89  2.2 1  9.8  68  414   90 310 -421  1
4218500 2850500  8 11 10  21.8 1021  83  1.8 2 10.0  64  523  102 318 -442  1
4218500 2850500  8 11 11  23.4 1021  70  2.0 3  9.2  54  630  102 330 -462  1
4218500 2850500  8 11 12  25.0 1021  40  2.1 3  7.8  42  693  101 337 -480  1
4218500 2850500  8 11 13  26.0 1021  97  2.2 3  7.3  36  688  114 343 -494  1
4218500 2850500  8 11 14  27.2 1021 100  2.7 3  7.1  33  671  106 348 -503  1
4218500 2850500  8 11 15  28.4 1020 103  2.8 3  7.0  30  575  118 351 -505  1
4218500 2850500  8 11 16  28.2 1020  79  2.3 3  6.8  28  423  141 353 -501  1
4218500 2850500  8 11 17  28.1 1019  72  3.5 3  6.3  27  292  129 351 -494  1
4218500 2850500  8 11 18  27.8 1019  86  3.1 4  6.2  27  156  107 354 -483  1
4218500 2850500  8 11 19  26.8 1019  81  3.1 5  6.7  30   41   66 361 -468  1
4218500 2850500  8 11 20  24.3 1019  66  2.5 4  7.4  36    1   12 359 -453  1
4218500 2850500  8 11 21  22.6 1019  62  1.8 4  7.7  43    0    0 348 -440  1
4218500 2850500  8 11 22  22.1 1019  77  2.1 2  8.1  48    0    0 337 -430  1
4218500 2850500  8 11 23  20.9 1019  81  2.2 2  8.4  52    0    0 326 -424  1
4218500 2850500  8 11 24  20.3 1020  67  1.8 3  8.4  56    0    0 324 -419  1
4218500 2850500  8 12  1  19.0 1020  94  2.3 1  8.3  58    0    0 317 -413  1
4218500 2850500  8 12  2  18.3 1020  96  2.4 1  8.1  60    0    0 306 -406  1
4218500 2850500  8 12  3  17.2 1020 104  1.6 1  7.9  62    0    0 302 -401  1
4218500 2850500  8 12  4  16.2 1020 102  2.0 1  7.8  66    0    0 298 -396  1
4218500 2850500  8 12  5  15.4 1020 106  1.7 1  7.8  70    0    0 295 -391  1
4218500 2850500  8 12  6  15.6 1019 111  1.9 2  7.7  71   28   30 294 -389  1
4218500 2850500  8 12  7  17.9 1019 140  1.4 2  7.8  66  137   59 297 -396  1
4218500 2850500  8 12  8  20.1 1019 132  1.4 2  7.9  58  287   69 302 -413  1
4218500 2850500  8 12  9  22.6 1019 139  1.1 1  8.0  51  428   75 308 -434  1
4218500 2850500  8 12 10  25.3 1019 173  1.5 1  7.8  42  558   76 316 -456  1
4218500 2850500  8 12 11  26.7 1019 157  2.9 1  6.9  33  660   75 323 -476  1
4218500 2850500  8 12 12  27.6 1019 126  2.7 1  6.2  28  700   86 327 -493  1
4218500 2850500  8 12 13  28.5 1018 121  3.3 2  5.7  24  683  106 330 -506  1
4218500 2850500  8 12 14  29.2 1017 116  3.5 2  5.2  21  649  109 334 -515  1
4218500 2850500  8 12 15  29.5 1017 105  3.0 2  5.1  20  562  116 336 -519  1
4218500 2850500  8 12 16  29.8 1016 102  3.0 2  4.8  19  459  109 335 -517  1
4218500 2850500  8 12 17  29.6 1015 131  2.7 2  4.6  18  309  111 333 -509  1
4218500 2850500  8 12 18  29.1 1015 142  2.4 2  4.6  18  173   93 331 -497  1
4218500 2850500  8 12 19  28.8 1014 129  1.4 3  5.0  20   46   61 332 -482  1
4218500 2850500  8 12 20  27.0 1014 120  1.5 3  5.5  23    0    9 331 -464  1
4218500 2850500  8 12 21  25.0 1014 111  2.1 3  5.8  28    0    0 326 -449  1
4218500 2850500  8 12 22  23.2 1014 125  2.6 2  6.1  33    0    0 320 -438  1
4218500 2850500  8 12 23  21.8 1014 132  2.3 2  6.5  38    0    0 315 -431  1
4218500 2850500  8 12 24  22.2 1014 149  2.8 1  6.3  38    0    0 311 -425  1
4218500 2850500  8 13  1  20.8 1014 160  2.4 0  6.2  38    0    0 305 -420  1
4218500 2850500  8 13  2  19.7 1014 153  2.4 1  6.2  42    0    0 301 -415  1
4218500 2850500  8 13  3  19.3 1013 148  2.7 1  6.3  45    0    0 301 -412  1
4218500 2850500  8 13  4  17.5 1013 161  2.3 2  6.4  48    0    0 300 -410  1
4218500 2850500  8 13  5  16.8 1012 142  1.9 2  6.4  53    0    0 297 -407  1
4218500 2850500  8 13  6  16.7 1012 145  1.8 2  6.7  56   12   29 295 -407  1
4218500 2850500  8 13  7  18.2 1012 149  2.0 2  6.7  54   83   88 297 -411  1
4218500 2850500  8 13  8  20.4 1011 164  2.4 4  6.9  49  105  159 308 -422  1
4218500 2850500  8 13  9  23.0 1011 182  2.1 4  7.0  43  124  237 323 -439  1
4218500 2850500  8 13 10  24.6 1011 166  2.3 4  7.3  40  262  273 333 -461  1
4218500 2850500  8 13 11  27.2 1010 186  2.8 4  7.3  35  390  277 345 -481  1
4218500 2850500  8 13 12  29.2 1010 211  2.7 3  7.0  29  446  286 353 -499  1
4218500 2850500  8 13 13  30.6 1010 260  3.5 4  7.0  26  410  315 360 -514  1
4218500 2850500  8 13 14  29.2 1009 251  3.9 4  7.6  29  152  372 366 -523  1
4218500 2850500  8 13 15  27.0 1009 305  3.5 6  8.4  35   27  297 373 -521  1
4218500 2850500  8 13 16  28.1 1009 300  3.1 7  8.1  35   29  214 386 -515  1
4218500 2850500  8 13 17  28.1 1009 276  2.7 7  8.2  34   14  144 394 -505  1
4218500 2850500  8 13 18  28.0 1008 258  3.1 7  8.6  36    4   82 396 -489  1
4218500 2850500  8 13 19  26.6 1008 256  2.8 6  8.4  37    0   41 389 -471  1
4218500 2850500  8 13 20  25.4 1008 254  3.5 7  8.2  39    0    7 385 -448  1
4218500 2850500  8 13 21  24.5 1008 256  2.8 7  8.6  43    0    0 390 -432  1
4218500 2850500  8 13 22  23.9 1008 254  2.9 7  9.0  47    0    0 389 -429  1
4218500 2850500  8 13 23  23.3 1008 265  2.3 7  9.6  52    0    0 389 -428  1
4218500 2850500  8 13 24  22.8 1008 323  3.4 7 10.1  57    0    0 388 -426  1
4218500 2850500  8 14  1  21.3 1009 330  2.4 6 10.2  61    0    0 379 -424  1
4218500 2850500  8 14  2  20.5 1009 316  3.3 6 10.1  65    0    0 369 -421  1
4218500 2850500  8 14  3  20.2 1009 331  3.3 7 10.4  69    0    0 377 -419  1
4218500 2850500  8 14  4  19.7 1009 304  2.7 8 10.9  74    0    0 391 -418  1
4218500 2850500  8 14  5  19.3 1009 317  3.4 8 11.1  78    0    0 398 -418  1
4218500 2850500  8 14  6  19.1 1009 313  3.5 8 11.4  81    0    4 398 -419  1
4218500 2850500  8 14  7  19.1 1009 304  3.1 7 11.6  83    0   21 391 -420  1
4218500 2850500  8 14  8  18.2 1010 282  2.5 8 11.9  88    0   47 390 -423  1
4218500 2850500  8 14  9  18.3 1010 306  3.0 8 12.2  92    0   64 395 -431  1
4218500 2850500  8 14 10  18.6 1010 316  2.7 7 12.1  91    0  186 389 -439  1
4218500 2850500  8 14 11  19.6 1011 322  3.0 7 12.0  86    3  234 385 -446  1
4218500 2850500  8 14 12  20.7 1011 307  3.8 7 11.7  79    8  264 385 -455  1
4218500 2850500  8 14 13  20.9 1011 272  3.4 6 11.2  73   25  301 378 -463  1
4218500 2850500  8 14 14  20.8 1011 315  3.5 6 10.9  70   17  277 369 -464  1
4218500 2850500  8 14 15  22.5 1011 277  3.2 4 10.3  64  102  323 363 -464  1
4218500 2850500  8 14 16  23.3 1011 348  3.3 6  9.2  53   94  210 364 -464  1
4218500 2850500  8 14 17  22.9 1010 343  4.0 5  8.5  48  141  158 368 -457  1
4218500 2850500  8 14 18  22.4 1011 347  4.3 4  8.3  48  104  112 357 -444  1
4218500 2850500  8 14 19  21.9 1011 360  3.2 4  7.9  47   19   60 349 -435  1
4218500 2850500  8 14 20  20.2 1011 347  2.6 6  7.6  49    0   10 354 -430  1
4218500 2850500  8 14 21  19.5 1012 342  2.3 5  7.5  52    0    0 354 -422  1
4218500 2850500  8 14 22  18.4 1012 318  2.4 2  7.5  55    0    0 332 -417  1
4218500 2850500  8 14 23  16.7 1012 321  1.4 2  7.5  60    0    0 313 -413  1
4218500 2850500  8 14 24  15.9 1013 296  1.9 1  7.5  65    0    0 303 -407  1
4218500 2850500  8 15  1  15.4 1013 318  2.0 1  7.6  69    0    0 294 -402  1
4218500 2850500  8 15  2  14.9 1013 306  2.8 0  7.6  70    0    0 285 -397  1
4218500 2850500  8 15  3  14.9 1013 308  3.0 0  7.4  70    0    0 278 -393  1
4218500 2850500  8 15  4  14.0 1013 305  1.9 0  7.2  70    0    0 276 -390  1
4218500 2850500  8 15  5  12.9 1013 309  2.1 1  7.1  74    0    0 279 -387  1
4218500 2850500  8 15  6  13.9 1014 274  2.6 2  7.2  75   13   30 289 -388  1
4218500 2850500  8 15  7  14.6 1014 296  2.3 5  7.6  75   36   86 311 -392  1
4218500 2850500  8 15  8  15.3 1014 282  2.7 5  8.1  76   52  160 328 -399  1
4218500 2850500  8 15  9  15.8 1014 280  3.6 7  8.3  75   14  200 341 -404  1
4218500 2850500  8 15 10  18.2 1014 310  3.9 4  8.0  66  179  294 341 -407  1
4218500 2850500  8 15 11  19.0 1014 292  4.6 5  7.4  56  102  340 336 -409  1
4218500 2850500  8 15 12  20.0 1014 308  5.0 6  7.2  51   18  295 350 -411  1
4218500 2850500  8 15 13  20.0 1014 314  3.9 7  7.2  50    1  229 363 -419  1
4218500 2850500  8 15 14  20.4 1014 283  5.2 7  7.3  50    0  195 370 -432  1
4218500 2850500  8 15 15  20.3 1014 333  4.2 7  7.6  51    0  194 372 -441  1
4218500 2850500  8 15 16  21.1 1013 277  3.5 7  7.8  52    4  170 373 -441  1
4218500 2850500  8 15 17  20.8 1013 301  4.3 7  7.8  50   21  146 373 -438  1
4218500 2850500  8 15 18  20.8 1013 312  3.5 6  7.9  51   25  101 367 -433  1
4218500 2850500  8 15 19  20.7 1013 308  2.3 7  8.0  52    0   42 365 -429  1
4218500 2850500  8 15 20  20.1 1013 295  4.9 8  8.3  56    0    0 372 -423  1
4218500 2850500  8 15 21  19.0 1013 317  5.2 8  8.9  62    0    0 374 -417  1
4218500 2850500  8 15 22  18.4 1013 307  3.3 7  9.2  68    0    0 367 -413  1
4218500 2850500  8 15 23  18.0 1013 300  2.9 7  9.4  72    0    0 361 -411  1
4218500 2850500  8 15 24  16.9 1013 315  3.7 8  9.9  79    0    0 364 -410  1
4218500 2850500  8 16  1  16.5 1013 317  1.3 8 10.3  86    0    0 367 -410  1
4218500 2850500  8 16  2  16.1 1013 311  2.2 7 10.4  89    0    0 361 -408  1
4218500 2850500  8 16  3  16.1 1013 279  1.5 6 10.4  90    0    0 349 -405  1
4218500 2850500  8 16  4  15.7 1013 269  1.3 4 10.2  90    0    0 334 -401  1
4218500 2850500  8 16  5  15.1 1013 263  1.7 4 10.1  92    0    0 323 -399  1
4218500 2850500  8 16  6  15.8 1013 295  1.2 6 10.3  93    0    6 331 -399  1
4218500 2850500  8 16  7  16.7 1013 319  1.8 7 10.4  90   26   68 346 -402  1
4218500 2850500  8 16  8  17.8 1013 348  1.6 6 10.7  87   84  127 347 -410  1
4218500 2850500  8 16  9  18.7 1013 345  2.0 6 10.9  83  176  168 346 -423  1
4218500 2850500  8 16 10  20.1 1013 340  2.6 3 10.8  76  301  177 338 -440  1
4218500 2850500  8 16 11  20.8 1013 328  2.1 4 10.3  68  222  261 336 -456  1
4218500 2850500  8 16 12  22.2 1014 309  3.2 4  9.3  58  243  282 346 -470  1
4218500 2850500  8 16 13  22.0 1014 344  1.8 4  9.0  54  179  304 351 -477  1
4218500 2850500  8 16 14  23.5 1014 327  2.2 4  9.1  52  297  254 355 -483  1
4218500 2850500  8 16 15  23.7 1013 349  3.2 4  8.8  48  126  279 357 -489  1
4218500 2850500  8 16 16  23.6 1013 353  2.6 5  8.6  47  125  178 358 -486  1
4218500 2850500  8 16 17  23.2 1013  49  3.2 6  8.5  47   20  133 362 -478  1
4218500 2850500  8 16 18  23.3 1013  59  1.3 7  8.6  48    6   82 365 -469  1
4218500 2850500  8 16 19  22.7 1013 129  2.1 6  8.7  50    4   46 363 -458  1
4218500 2850500  8 16 20  21.5 1014 116  1.2 5  9.0  55    0    9 356 -446  1
4218500 2850500  8 16 21  20.2 1014 122  1.2 4  9.2  60    0    0 348 -435  1
4218500 2850500  8 16 22  19.0 1015 126  1.2 3  9.4  66    0    0 329 -426  1
4218500 2850500  8 16 23  18.2 1015 150  1.6 2  9.5  71    0    0 311 -419  1
4218500 2850500  8 16 24  17.8 1016 191  1.9 2  9.5  73    0    0 305 -413  1
4218500 2850500  8 17  1  18.0 1008 211  2.2 2  9.5  73    0    0 329 -422  1
4218500 2850500  8 17  2  18.3 1008 263  2.4 3  9.6  72    0    0 341 -415  1
4218500 2850500  8 17  3  18.4 1007 302  2.6 3  9.7  72    0    0 350 -411  1
4218500 2850500  8 17  4  18.2 1008 305  2.7 3  9.8  74    0    0 353 -410  1
4218500 2850500  8 17  5  17.9 1008 316  2.7 3  9.9  76    0    0 347 -409  1
4218500 2850500  8 17  6  17.1 1008 325  2.7 2 10.0  80   39   14 335 -405  1
4218500 2850500  8 17  7  17.8 1008 339  3.1 2 10.2  81  105   75 329 -405  1
4218500 2850500  8 17  8  20.2 1009 339  1.7 4 10.4  75   76  144 340 -413  1
4218500 2850500  8 17  9  21.3 1009 275  2.5 6 10.3  67   76  222 361 -425  1
4218500 2850500  8 17 10  22.8 1009 275  4.0 5 10.2  61  294  230 368 -439  1
4218500 2850500  8 17 11  23.9 1009 241  5.2 4 10.0  56  432  212 366 -451  1
4218500 2850500  8 17 12  24.5 1008 268  2.1 5  9.9  52  344  294 372 -462  1
4218500 2850500  8 17 13  25.0 1008 297  3.1 4 10.0  51  318  319 376 -472  1
4218500 2850500  8 17 14  26.0 1008 274  3.1 4  9.8  48  362  272 375 -479  1
4218500 2850500  8 17 15  26.8 1007 259  3.8 4  9.5  44  273  281 378 -482  1
4218500 2850500  8 17 16  27.1 1007 288  3.2 3  9.1  41  242  234 377 -479  1
4218500 2850500  8 17 17  27.1 1006 274  1.9 3  9.1  40  135  196 374 -473  1
4218500 2850500  8 17 18  26.3 1005 279  2.9 3  9.6  43  111  115 372 -465  1
4218500 2850500  8 17 19  24.1 1005 301  2.0 1  9.9  49   15   53 360 -455  1
4218500 2850500  8 17 20  23.7 1005 325  2.9 3  9.9  53    0    0 355 -443  1
4218500 2850500  8 17 21  22.5 1005 331  2.8 5  9.7  54    0    0 365 -434  1
4218500 2850500  8 17 22  23.1 1006 302  4.6 6  9.5  54    0    0 374 -429  1
4218500 2850500  8 17 23  21.8 1007 322  6.2 7  9.3  54    0    0 381 -426  1
4218500 2850500  8 17 24  19.1 1007 323  6.7 7  9.3  61    0    0 377 -423  1
4218500 2850500  8 18  1  17.5 1009 302  5.7 5  9.1  69    0    0 363 -420  1
4218500 2850500  8 18  2  16.8 1009 297  5.0 1  9.0  74    0    0 339 -416  1
4218500 2850500  8 18  3  16.2 1010 292  4.3 0  9.2  78    0    0 321 -413  1
4218500 2850500  8 18  4  15.6 1010 283  4.2 0  9.2  81    0    0 315 -408  1
4218500 2850500  8 18  5  15.3 1011 277  4.4 0  9.1  82    0    0 311 -402  1
4218500 2850500  8 18  6  15.2 1012 278  4.1 0  9.0  83   36   13 308 -397  1
4218500 2850500  8 18  7  16.4 1012 279  5.3 1  9.1  80  128   57 311 -397  1
4218500 2850500  8 18  8  17.1 1013 283  5.2 0  9.3  78  257   78 311 -404  1
4218500 2850500  8 18  9  19.3 1013 278  6.1 2  9.4  72  346   90 320 -417  1
4218500 2850500  8 18 10  20.3 1014 278  6.6 4  8.9  62  326  187 338 -433  1
4218500 2850500  8 18 11  21.3 1014 284  6.3 3  8.5  56  324  248 342 -448  1
4218500 2850500  8 18 12  20.9 1015 260  4.8 4  8.2  52  198  331 341 -461  1
4218500 2850500  8 18 13  21.8 1015 275  5.2 5  8.2  52  143  342 347 -472  1
4218500 2850500  8 18 14  21.7 1015 269  3.7 5  8.5  52   86  324 351 -474  1
4218500 2850500  8 18 15  22.0 1015 291  4.1 5  8.7  53   47  280 350 -472  1
4218500 2850500  8 18 16  22.8 1015 277  4.1 3  8.5  50  232  211 345 -470  1
4218500 2850500  8 18 17  23.4 1015 297  5.4 3  7.5  43  236  128 341 -463  1
4218500 2850500  8 18 18  21.9 1015 326  4.0 3  7.4  43  136   89 338 -452  1
4218500 2850500  8 18 19  20.6 1015 311  2.8 2  7.8  49   27   49 331 -439  1
4218500 2850500  8 18 20  18.1 1015 307  2.3 3  8.0  57    0    0 324 -426  1
4218500 2850500  8 18 21  16.5 1016 325  2.1 4  8.1  66    0    0 321 -415  1
4218500 2850500  8 18 22  15.6 1017 319  1.6 3  8.1  71    0    0 315 -408  1
4218500 2850500  8 18 23  15.2 1017 336  1.5 2  8.0  74    0    0 307 -402  1
4218500 2850500  8 18 24  14.6 1017 340  1.2 1  7.9  75    0    0 299 -397  1
4218500 2850500  8 19  1  13.3 1018 292  0.9 0  7.8  79    0    0 292 -392  1
4218500 2850500  8 19  2  13.1 1018 295  1.1 0  7.9  83    0    0 288 -388  1
4218500 2850500  8 19  3  12.5 1018 357  0.9 0  7.9  86    0    0 287 -385  1
4218500 2850500  8 19  4  11.8 1018 301  0.8 0  7.9  89    0    0 286 -383  1
4218500 2850500  8 19  5  11.8 1018 217  1.2 1  7.9  92    0    0 287 -380  1
4218500 2850500  8 19  6  11.9 1019 351  1.2 2  8.0  93   27   17 290 -378  1
4218500 2850500  8 19  7  14.8 1019 103  0.9 2  8.4  88  111   64 297 -381  1
4218500 2850500  8 19  8  18.4 1019 142  1.4 1  8.6  73  232   95 303 -391  1
4218500 2850500  8 19  9  20.8 1019 136  1.8 1  8.3  58  357  113 311 -407  1
4218500 2850500  8 19 10  22.7 1019 149  2.2 1  7.6  47  458  133 318 -426  1
4218500 2850500  8 19 11  24.0 1020 141  1.9 1  7.3  41  542  149 325 -444  1
4218500 2850500  8 19 12  24.8 1020 167  1.3 2  7.3  39  581  159 332 -460  1
4218500 2850500  8 19 13  25.8 1019 148  1.9 2  7.4  37  596  162 337 -473  1
4218500 2850500  8 19 14  26.5 1019 177  2.2 2  7.3  35  568  159 341 -481  1
4218500 2850500  8 19 15  26.8 1019 144  2.4 2  7.2  33  492  150 343 -485  1
4218500 2850500  8 19 16  27.3 1018 125  2.2 2  7.3  33  387  141 346 -483  1
4218500 2850500  8 19 17  27.1 1018 147  2.6 1  7.1  32  244  134 345 -477  1
4218500 2850500  8 19 18  26.2 1018 150  2.7 2  7.0  32  124  102 342 -468  1
4218500 2850500  8 19 19  23.8 1018 140  3.1 2  7.0  36   24   49 338 -456  1
4218500 2850500  8 19 20  21.3 1018 127  2.6 2  7.2  42    0    0 330 -442  1
4218500 2850500  8 19 21  18.9 1018 100  3.0 1  7.5  52    0    0 322 -432  1
4218500 2850500  8 19 22  19.2 1019 100  3.7 0  7.9  58    0    0 318 -426  1
4218500 2850500  8 19 23  18.3 1019 100  3.4 1  8.2  61    0    0 319 -421  1
4218500 2850500  8 19 24  17.8 1019 109  3.3 0  8.2  64    0    0 317 -417  1
4218500 2850500  8 20  1  17.5 1019 119  3.6 0  8.2  66    0    0 316 -413  1
4218500 2850500  8 20  2  17.3 1019 120  3.7 0  8.3  67    0    0 316 -410  1
4218500 2850500  8 20  3  16.5 1019 129  3.3 0  8.3  69    0    0 314 -407  1
4218500 2850500  8 20  4  16.2 1019 118  3.5 0  8.2  71    0    0 312 -405  1
4218500 2850500  8 20  5  15.4 1018 128  3.4 1  8.3  75    0    0 312 -402  1
4218500 2850500  8 20  6  16.1 1018 122  3.4 1  8.6  77   30   15 313 -400  1
4218500 2850500  8 20  7  17.8 1018 127  3.7 1  8.8  73  118   59 315 -402  1
4218500 2850500  8 20  8  19.5 1018 131  4.1 0  9.0  67  251   80 319 -412  1
4218500 2850500  8 20  9  23.6 1018 140  5.2 0  9.1  57  380   96 328 -428  1
4218500 2850500  8 20 10  25.6 1017 131  4.4 0  9.2  48  483  114 339 -448  1
4218500 2850500  8 20 11  27.8 1017 132  5.1 0  9.5  43  562  127 348 -468  1
4218500 2850500  8 20 12  29.7 1017 135  5.5 0  9.7  39  611  134 358 -486  1
4218500 2850500  8 20 13  30.7 1017 155  5.0 0  9.9  37  624  136 365 -500  1
4218500 2850500  8 20 14  31.6 1016 134  5.6 0  9.8  34  594  135 370 -510  1
4218500 2850500  8 20 15  32.2 1015 148  5.3 0  9.8  33  524  126 375 -515  1
4218500 2850500  8 20 16  31.7 1015 137  5.3 0  9.9  33  416  118 377 -515  1
4218500 2850500  8 20 17  31.1 1014 131  5.5 0  9.6  33  271  111 375 -510  1
4218500 2850500  8 20 18  30.2 1014 142  5.2 0  9.3  34  126   95 372 -500  1
4218500 2850500  8 20 19  28.5 1013 140  4.4 0  9.0  35   21   47 367 -487  1
4218500 2850500  8 20 20  26.7 1013 134  5.0 0  8.9  39    0    0 361 -473  1
4218500 2850500  8 20 21  26.8 1013 149  4.3 1  8.8  40    0    0 360 -460  1
4218500 2850500  8 20 22  24.3 1013 143  3.9 1  8.7  42    0    0 357 -452  1
4218500 2850500  8 20 23  22.8 1013 132  3.6 0  9.0  49    0    0 348 -447  1
4218500 2850500  8 20 24  21.8 1013 131  3.7 0  9.4  56    0    0 341 -442  1
4218500 2850500  8 21  1  21.1 1012 143  3.4 0  9.6  60    0    0 337 -436  1
4218500 2850500  8 21  2  20.6 1012 154  3.3 0  9.6  62    0    0 334 -430  1
4218500 2850500  8 21  3  19.8 1012 223  1.5 2  9.6  65    0    0 339 -426  1
4218500 2850500  8 21  4  18.5 1012 153  1.0 1  9.8  70    0    0 338 -423  1
4218500 2850500  8 21  5  18.3 1012  97  2.6 3 10.0  75    0    0 339 -421  1
4218500 2850500  8 21  6  19.0 1012 225  1.6 5 10.3  76    0   12 352 -419  1
4218500 2850500  8 21  7  18.3 1012 256  2.9 6 11.0  81    0   29 361 -422  1
4218500 2850500  8 21  8  19.0 1013 308  2.3 7 12.1  89   16  136 369 -431  1
4218500 2850500  8 21  9  20.7 1013 296  3.7 6 12.9  88   15  185 376 -443  1
4218500 2850500  8 21 10  22.0 1014  12  1.7 7 13.2  82   21  237 384 -452  1
4218500 2850500  8 21 11  23.4 1014 306  1.8 7 12.6  73    0  181 394 -462  1
4218500 2850500  8 21 12  23.1 1014 207  1.7 7 12.1  68    0  115 397 -466  1
4218500 2850500  8 21 13  21.8 1014 161  2.4 7 13.1  76    0  126 397 -465  1
4218500 2850500  8 21 14  22.6 1014 256  3.1 7 14.2  84    0  149 398 -464  1
4218500 2850500  8 21 15  22.4 1014 270  3.6 7 13.8  80    0  136 398 -462  1
4218500 2850500  8 21 16  23.2 1014 232  2.7 6 13.0  75    6  184 392 -463  1
4218500 2850500  8 21 17  22.8 1013 186  2.2 7 12.7  72    9  152 390 -461  1
4218500 2850500  8 21 18  20.4 1013 298  4.4 8 12.5  77    6   96 392 -455  1
4218500 2850500  8 21 19  16.7 1013 337  3.1 7 11.8  88    0   34 380 -450  1
4218500 2850500  8 21 20  16.6 1014 249  2.1 8 11.5  97    0    0 372 -441  1
4218500 2850500  8 21 21  16.5 1015 294  1.9 8 11.3  96    0    0 372 -433  1
4218500 2850500  8 21 22  16.2 1014 283  2.9 8 11.0  94    0    0 367 -429  1
4218500 2850500  8 21 23  15.5 1015 285  4.1 8 10.6  94    0    0 364 -427  1
4218500 2850500  8 21 24  15.2 1015 280  2.4 7 10.3  94    0    0 358 -426  1
4218500 2850500  8 22  1  15.1 1015 278  2.3 5 10.2  95    0    0 346 -424  1
4218500 2850500  8 22  2  15.2 1016 239  2.2 5 10.2  95    0    0 340 -422  1
4218500 2850500  8 22  3  14.8 1016 240  2.2 4 10.2  95    0    0 336 -419  1
4218500 2850500  8 22  4  14.7 1015 242  1.9 3 10.0  96    0    0 328 -416  1
4218500 2850500  8 22  5  14.8 1016 280  2.3 5 10.0  96    0    0 331 -411  1
4218500 2850500  8 22  6  14.7 1016 340  2.5 7 10.1  96    3   16 345 -406  1
4218500 2850500  8 22  7  14.7 1016 342  2.8 8 10.1  96    2   57 354 -406  1
4218500 2850500  8 22  8  15.4 1017 293  2.3 7 10.2  96   50  144 354 -413  1
4218500 2850500  8 22  9  16.8 1017 294  2.4 5 10.2  90  196  187 345 -423  1
4218500 2850500  8 22 10  18.2 1018 303  3.2 5  9.9  79  261  239 343 -434  1
4218500 2850500  8 22 11  18.7 1018 304  3.6 4  9.1  69  300  279 344 -445  1
4218500 2850500  8 22 12  20.6 1018 308  3.6 4  8.2  58  354  287 345 -458  1
4218500 2850500  8 22 13  21.1 1018 301  3.5 5  7.7  50  232  343 355 -465  1
4218500 2850500  8 22 14  21.5 1018 333  3.0 4  7.4  47  255  317 355 -470  1
4218500 2850500  8 22 15  21.8 1018 305  3.6 5  7.1  44  198  293 355 -463  1
4218500 2850500  8 22 16  22.3 1018 317  3.4 4  7.0  42  179  236 356 -458  1
4218500 2850500  8 22 17  22.2 1018 287  3.4 3  6.7  40  170  163 348 -461  1
4218500 2850500  8 22 18  21.0 1018 292  2.7 3  6.6  41   93  105 340 -453  1
4218500 2850500  8 22 19  19.3 1018 290  2.3 2  7.0  48   15   43 334 -441  1
4218500 2850500  8 22 20  17.1 1019 300  2.0 1  7.4  57    0    0 319 -428  1
4218500 2850500  8 22 21  15.7 1019 304  2.0 1  7.8  67    0    0 309 -417  1
4218500 2850500  8 22 22  15.0 1020 322  1.7 1  8.0  74    0    0 306 -409  1
4218500 2850500  8 22 23  14.5 1020 315  1.8 0  8.1  77    0    0 300 -402  1
4218500 2850500  8 22 24  13.9 1020 332  0.3 0  8.0  80    0    0 294 -396  1
4218500 2850500  8 23  1  12.4 1021  43  1.4 1  7.9  84    0    0 295 -391  1
4218500 2850500  8 23  2  12.9 1020 341  0.3 1  7.8  86    0    0 297 -386  1
4218500 2850500  8 23  3  12.2 1020 315  1.0 0  7.9  87    0    0 293 -382  1
4218500 2850500  8 23  4  11.5 1021  57  1.3 0  7.8  91    0    0 286 -380  1
4218500 2850500  8 23  5  11.1 1021 103  1.2 0  7.6  92    0    0 283 -378  1
4218500 2850500  8 23  6  11.8 1021 115  1.6 0  7.7  91   14   20 282 -376  1
4218500 2850500  8 23  7  13.8 1021 102  1.0 0  8.3  90  100   58 286 -379  1
4218500 2850500  8 23  8  16.1 1021 136  1.1 0  8.7  83  239   80 291 -389  1
4218500 2850500  8 23  9  19.3 1021 139  1.6 0  8.6  69  382   91 298 -406  1
4218500 2850500  8 23 10  21.3 1021  97  2.6 0  7.8  53  497  103 306 -426  1
4218500 2850500  8 23 11  22.1 1021 121  2.3 0  7.0  44  483  162 310 -445  1
4218500 2850500  8 23 12  22.7 1021 188  1.7 1  6.8  40  431  232 318 -460  1
4218500 2850500  8 23 13  22.7 1021 126  1.8 2  6.5  38  500  202 328 -470  1
4218500 2850500  8 23 14  23.4 1020 150  1.8 2  6.5  37  438  219 333 -475  1
4218500 2850500  8 23 15  23.5 1020 135  2.3 3  6.3  35  290  248 337 -476  1
4218500 2850500  8 23 16  23.6 1019 172  2.2 2  6.1  34  250  201 336 -472  1
4218500 2850500  8 23 17  23.3 1018 161  3.0 2  6.2  35  189  147 330 -466  1
4218500 2850500  8 23 18  22.6 1018 105  3.6 4  6.3  36   91   99 333 -455  1
4218500 2850500  8 23 19  20.6 1017 100  3.4 3  6.4  40   14   39 332 -441  1
4218500 2850500  8 23 20  18.8 1017  96  3.2 3  6.5  46    0    0 323 -427  1
4218500 2850500  8 23 21  17.5 1017  98  3.4 3  6.7  52    0    0 318 -416  1
4218500 2850500  8 23 22  16.0 1017  92  3.8 2  6.9  58    0    0 310 -409  1
4218500 2850500  8 23 23  15.4 1017  96  3.3 1  7.0  63    0    0 299 -403  1
4218500 2850500  8 23 24  14.7 1017  98  3.2 0  7.0  66    0    0 289 -398  1
4218500 2850500  8 24  1  13.8 1017 116  3.2 0  7.1  70    0    0 283 -394  1
4218500 2850500  8 24  2  12.9 1016 125  3.0 0  7.1  75    0    0 280 -389  1
4218500 2850500  8 24  3  12.3 1016 121  3.0 0  7.1  78    0    0 277 -386  1
4218500 2850500  8 24  4  11.9 1016 114  2.9 0  7.0  80    0    0 275 -383  1
4218500 2850500  8 24  5  11.2 1015 110  2.7 1  7.0  83    0    0 276 -380  1
4218500 2850500  8 24  6  11.6 1015 104  2.8 2  7.0  84   14   21 282 -378  1
4218500 2850500  8 24  7  13.3 1015 101  2.9 4  7.1  79   99   57 294 -380  1
4218500 2850500  8 24  8  16.3 1014 120  3.4 3  7.2  69  224   80 303 -390  1
4218500 2850500  8 24  9  19.1 1014 122  4.8 4  7.2  57  366   93 311 -407  1
4218500 2850500  8 24 10  21.5 1014 136  5.8 3  7.2  48  496   98 318 -427  1
4218500 2850500  8 24 11  22.6 1013 136  7.2 2  6.8  41  586  104 315 -446  1
4218500 2850500  8 24 12  23.9 1013 140  6.5 1  6.6  37  636  108 316 -462  1
4218500 2850500  8 24 13  24.3 1012 137  6.7 0  6.6  35  629  119 317 -474  1
4218500 2850500  8 24 14  24.8 1011 114  7.0 0  6.7  34  564  137 318 -480  1
4218500 2850500  8 24 15  25.3 1010 140  6.4 0  6.8  34  484  137 321 -481  1
4218500 2850500  8 24 16  25.5 1009 110  6.2 0  6.8  33  371  133 322 -479  1
4218500 2850500  8 24 17  25.0 1009 144  5.7 0  6.7  33  232  123 322 -473  1
4218500 2850500  8 24 18  24.4 1008 137  5.9 0  6.7  35  105   93 320 -461  1
4218500 2850500  8 24 19  23.0 1008 140  4.3 0  6.8  37   15   37 316 -449  1
4218500 2850500  8 24 20  20.7 1008 121  4.0 0  7.1  43    0    0 309 -437  1
4218500 2850500  8 24 21  20.3 1008 131  4.4 0  7.5  50    0    0 305 -428  1
4218500 2850500  8 24 22  19.3 1008 123  4.6 0  7.9  54    0    0 303 -421  1
4218500 2850500  8 24 23  18.6 1007 132  4.2 0  8.2  59    0    0 300 -415  1
4218500 2850500  8 24 24  17.6 1007 129  4.0 0  8.5  65    0    0 298 -410  1
4218500 2850500  8 25  1  17.1 1007 130  4.0 0  8.7  70    0    0 296 -405  1
4218500 2850500  8 25  2  16.7 1006 130  3.7 0  8.9  73    0    0 295 -401  1
4218500 2850500  8 25  3  15.9 1006 128  3.6 0  8.9  76    0    0 294 -398  1
4218500 2850500  8 25  4  15.7 1006 130  3.9 0  8.9  78    0    0 294 -395  1
4218500 2850500  8 25  5  15.3 1006 136  3.7 0  8.9  80    0    0 294 -393  1
4218500 2850500  8 25  6  15.3 1006 132  3.1 0  8.9  81   12   22 293 -392  1
4218500 2850500  8 25  7  16.4 1006 137  3.4 1  9.0  80   85   70 298 -394  1
4218500 2850500  8 25  8  18.4 1006 143  3.6 1  9.2  73  196  110 303 -402  1
4218500 2850500  8 25  9  21.1 1006 139  3.1 3  9.4  65  296  144 315 -417  1
4218500 2850500  8 25 10  23.0 1006 134  2.6 3  9.8  59  406  167 330 -435  1
4218500 2850500  8 25 11  24.8 1006 149  2.9 3 10.3  55  513  178 338 -454  1
4218500 2850500  8 25 12  27.1 1006 158  3.6 2 10.8  51  545  193 344 -474  1
4218500 2850500  8 25 13  28.6 1006 174  2.9 2 11.1  47  513  218 349 -489  1
4218500 2850500  8 25 14  29.1 1006 248  3.0 3 10.8  43  376  272 357 -500  1
4218500 2850500  8 25 15  29.8 1005 208  2.1 4 10.4  40  300  261 365 -506  1
4218500 2850500  8 25 16  30.3 1005 223  2.0 4 10.0  37  244  217 370 -506  1
4218500 2850500  8 25 17  28.7 1005 206  1.6 6 10.1  39   33  161 376 -500  1
4218500 2850500  8 25 18  27.8 1005 147  1.9 7 11.0  45    1   74 386 -490  1
4218500 2850500  8 25 19  25.7 1005 149  1.8 7 11.9  53    1   28 387 -478  1
4218500 2850500  8 25 20  24.1 1005 162  2.9 7 12.6  63    0    0 383 -465  1
4218500 2850500  8 25 21  24.3 1005 275  2.4 7 12.6  66    0    0 380 -454  1
4218500 2850500  8 25 22  22.8 1006 321  1.7 7 12.3  67    0    0 377 -447  1
4218500 2850500  8 25 23  21.0 1006 223  1.9 6 12.5  75    0    0 368 -442  1
4218500 2850500  8 25 24  20.3 1006 213  2.0 6 12.7  82    0    0 360 -437  1
4218500 2850500  8 26  1  19.9 1006 233  3.0 6 12.7  85    0    0 360 -429  1
4218500 2850500  8 26  2  19.9 1007 249  2.8 7 12.6  86    0    0 365 -423  1
4218500 2850500  8 26  3  20.0 1007 286  3.1 7 12.5  84    0    0 370 -420  1
4218500 2850500  8 26  4  20.1 1008 284  3.1 7 12.4  84    0    0 370 -417  1
4218500 2850500  8 26  5  19.6 1008 317  2.8 7 12.4  84    0    0 368 -414  1
4218500 2850500  8 26  6  19.5 1009 283  3.6 6 12.3  86    0    6 360 -413  1
4218500 2850500  8 26  7  19.0 1009 294  3.9 7 12.2  86    0   21 357 -413  1
4218500 2850500  8 26  8  19.0 1010 301  4.2 6 11.9  86   72  127 355 -415  1
4218500 2850500  8 26  9  19.8 1010 293  3.4 6 11.5  81  171  179 351 -423  1
4218500 2850500  8 26 10  21.5 1011 287  3.1 4 11.2  73  397  148 347 -435  1
4218500 2850500  8 26 11  22.4 1011 284  3.1 4 10.5  63  417  202 343 -447  1
4218500 2850500  8 26 12  23.4 1011 230  3.7 4  9.6  54  431  233 348 -462  1
4218500 2850500  8 26 13  24.3 1011 275  3.2 3  8.9  48  498  201 351 -478  1
4218500 2850500  8 26 14  24.4 1011 179  3.0 3  8.9  46  331  275 355 -487  1
4218500 2850500  8 26 15  24.9 1011 242  2.2 3  9.1  46  210  274 359 -476  1
4218500 2850500  8 26 16  25.2 1011 299  2.0 4  8.9  45  125  228 363 -470  1
4218500 2850500  8 26 17  25.5 1011 244  2.2 4  8.7  43   73  165 366 -476  1
4218500 2850500  8 26 18  24.5 1010 274  1.7 4  8.7  44   12   90 363 -468  1
4218500 2850500  8 26 19  22.6 1011 323  1.9 4  8.8  48    0   23 357 -456  1
4218500 2850500  8 26 20  20.4 1011 294  2.0 5  9.2  57    0    0 354 -444  1
4218500 2850500  8 26 21  20.2 1011 208  2.6 6  9.8  66    0    0 360 -435  1
4218500 2850500  8 26 22  19.3 1011 283  2.2 6 10.3  71    0    0 364 -429  1
4218500 2850500  8 26 23  19.8 1011 241  1.9 6 10.1  71    0    0 365 -425  1
4218500 2850500  8 26 24  19.2 1011 189  1.6 5 10.2  71    0    0 363 -422  1
4218500 2850500  8 27  1  18.5 1012 177  1.8 2 10.9  79    0    0 350 -419  1
4218500 2850500  8 27  2  17.1 1012 198  1.8 3 11.2  87    0    0 341 -416  1
4218500 2850500  8 27  3  16.9 1012 210  2.0 3 11.1  91    0    0 343 -414  1
4218500 2850500  8 27  4  16.8 1012 208  2.0 2 11.0  92    0    0 340 -412  1
4218500 2850500  8 27  5  16.2 1012 203  2.0 3 11.0  93    0    0 340 -409  1
4218500 2850500  8 27  6  16.8 1012 211  1.8 3 11.3  95    4   14 344 -408  1
4218500 2850500  8 27  7  17.1 1012 186  1.6 2 11.6  96   34   59 343 -410  1
4218500 2850500  8 27  8  18.8 1012 187  2.1 3 12.0  93  156   97 346 -418  1
4218500 2850500  8 27  9  21.3 1012 173  2.0 1 12.1  82  359   87 353 -427  1
4218500 2850500  8 27 10  24.3 1012 187  3.1 1 11.6  66  498   87 360 -441  1
4218500 2850500  8 27 11  25.9 1012 222  3.5 1 10.7  54  534  120 369 -464  1
4218500 2850500  8 27 12  26.8 1012 225  3.6 2  9.7  45  384  246 373 -486  1
4218500 2850500  8 27 13  27.6 1011 214  3.8 4  9.2  41  299  294 380 -501  1
4218500 2850500  8 27 14  28.0 1011 231  2.6 4  8.9  38  241  294 385 -509  1
4218500 2850500  8 27 15  28.1 1011 224  3.6 4  8.8  37  207  264 385 -513  1
4218500 2850500  8 27 16  28.4 1010 238  3.8 5  8.7  36  171  215 386 -511  1
4218500 2850500  8 27 17  28.1 1010 177  3.2 5  8.8  36  140  153 386 -503  1
4218500 2850500  8 27 18  27.3 1010 204  2.8 4  8.8  38   86   92 381 -493  1
4218500 2850500  8 27 19  24.2 1010 161  2.5 3  8.9  43   11   35 371 -479  1
4218500 2850500  8 27 20  22.4 1010 192  2.7 2  9.4  52    0    0 360 -464  1
4218500 2850500  8 27 21  22.0 1010 169  3.2 2  9.8  58    0    0 355 -453  1
4218500 2850500  8 27 22  20.6 1010 178  3.2 3 10.0  63    0    0 353 -446  1
4218500 2850500  8 27 23  21.2 1010 179  2.4 4 10.0  64    0    0 356 -441  1
4218500 2850500  8 27 24  20.0 1009 184  3.1 4  9.8  64    0    0 357 -436  1
4218500 2850500  8 28  1  18.5 1009 184  2.6 3  9.7  69    0    0 351 -435  1
4218500 2850500  8 28  2  18.6 1009 182  2.7 2  9.7  72    0    0 346 -432  1
4218500 2850500  8 28  3  18.1 1008 182  2.5 2  9.7  73    0    0 344 -431  1
4218500 2850500  8 28  4  17.0 1008 173  2.3 2  9.8  78    0    0 343 -430  1
4218500 2850500  8 28  5  16.9 1007 165  2.5 3 10.0  82    0    0 343 -428  1
4218500 2850500  8 28  6  16.7 1007 171  2.5 3 10.2  84   11   21 344 -426  1
4218500 2850500  8 28  7  17.9 1007 172  2.5 3 10.5  84   87   63 345 -427  1
4218500 2850500  8 28  8  20.7 1006 171  2.3 4 10.9  77  110  121 352 -435  1
4218500 2850500  8 28  9  23.0 1006 164  2.5 5 11.2  67  124  195 366 -448  1
4218500 2850500  8 28 10  24.7 1006 191  3.6 5 11.3  60  155  253 377 -467  1
4218500 2850500  8 28 11  27.4 1005 209  4.0 5 11.2  53  282  272 387 -484  1
4218500 2850500  8 28 12  27.5 1005 203  5.2 5 10.7  46  252  319 392 -499  1
4218500 2850500  8 28 13  28.2 1004 227  5.1 6 10.3  44  107  317 395 -510  1
4218500 2850500  8 28 14  28.2 1004 217  5.2 6 10.5  43   10  232 399 -511  1
4218500 2850500  8 28 15  27.9 1003 247  6.0 5 10.2  43   92  273 394 -506  1
4218500 2850500  8 28 16  28.4 1003 259  3.7 4  9.9  41  119  233 388 -500  1
4218500 2850500  8 28 17  24.3 1003 298  6.4 5 10.4  48    4  128 380 -486  1
4218500 2850500  8 28 18  23.2 1004 300  4.4 7 10.9  59    0   69 380 -465  1
4218500 2850500  8 28 19  22.1 1004 281  3.1 4 10.5  60    2   29 372 -450  1
4218500 2850500  8 28 20  21.7 1005 307  3.9 4  9.8  59    0    0 356 -442  1
4218500 2850500  8 28 21  20.8 1006 282  3.7 5  9.2  58    0    0 355 -437  1
4218500 2850500  8 28 22  20.1 1006 306  5.1 5  8.3  55    0    0 354 -434  1
4218500 2850500  8 28 23  19.0 1007 290  3.1 7  7.5  52    0    0 361 -430  1
4218500 2850500  8 28 24  18.5 1008 280  2.8 8  7.4  55    0    0 374 -425  1
4218500 2850500  8 29  1  18.3 1008 236  2.5 7  7.3  55    0    0 373 -416  1
4218500 2850500  8 29  2  17.5 1008 259  3.4 5  7.0  54    0    0 352 -408  1
4218500 2850500  8 29  3  16.1 1008 256  3.3 4  6.8  57    0    0 333 -403  1
4218500 2850500  8 29  4  15.4 1008 249  3.1 4  6.7  60    0    0 324 -399  1
4218500 2850500  8 29  5  15.3 1009 229  2.6 6  6.6  60    0    0 333 -396  1
4218500 2850500  8 29  6  15.4 1009 254  2.9 7  6.4  59    0    8 346 -393  1
4218500 2850500  8 29  7  16.3 1009 270  3.9 8  6.3  56    0   17 356 -393  1
4218500 2850500  8 29  8  16.2 1009 271  3.9 7  6.2  54   43  124 356 -399  1
4218500 2850500  8 29  9  17.4 1010 260  4.7 5  6.4  53  239  138 344 -408  1
4218500 2850500  8 29 10  17.8 1010 278  5.5 3  6.4  51  504   76 328 -420  1
4218500 2850500  8 29 11  19.0 1011 244  5.0 2  6.5  49  343  222 319 -432  1
4218500 2850500  8 29 12  19.4 1011 271  5.4 3  6.4  46  187  306 322 -441  1
4218500 2850500  8 29 13  20.2 1011 286  6.3 3  6.2  43  197  310 329 -447  1
4218500 2850500  8 29 14  18.9 1011 275  6.8 6  6.1  43   45  266 338 -449  1
4218500 2850500  8 29 15  19.8 1011 270  5.7 3  6.1  43  168  266 334 -451  1
4218500 2850500  8 29 16  20.2 1011 264  4.9 2  6.3  43  247  185 319 -451  1
4218500 2850500  8 29 17  18.9 1011 295  6.8 3  6.3  44  132  152 317 -445  1
4218500 2850500  8 29 18  16.6 1012 281  4.0 4  6.8  54   18   91 321 -436  1
4218500 2850500  8 29 19  16.2 1012 298  6.1 5  7.4  63    4   31 327 -425  1
4218500 2850500  8 29 20  12.8 1013 251  3.6 5  7.3  71    0    0 328 -413  1
4218500 2850500  8 29 21  12.2 1014 262  3.0 3  7.4  81    0    0 315 -404  1
4218500 2850500  8 29 22  11.9 1014 251  3.3 2  7.4  84    0    0 299 -399  1
4218500 2850500  8 29 23  11.8 1014 253  3.3 2  7.5  86    0    0 292 -394  1
4218500 2850500  8 29 24  11.5 1015 232  3.2 2  7.5  87    0    0 290 -389  1
4218500 2850500  8 30  1  11.0 1015 241  3.2 1  7.4  89    0    0 280 -384  1
4218500 2850500  8 30  2  10.5 1015 241  3.0 0  7.3  91    0    0 268 -382  1
4218500 2850500  8 30  3  10.2 1015 223  2.8 0  7.2  92    0    0 258 -379  1
4218500 2850500  8 30  4  10.0 1015 214  3.1 0  7.0  91    0    0 255 -376  1
4218500 2850500  8 30  5   9.6 1015 224  3.2 1  6.8  90    0    0 256 -372  1
4218500 2850500  8 30  6   9.4 1014 222  3.3 1  6.7  91    7   17 258 -370  1
4218500 2850500  8 30  7  10.8 1015 222  3.4 1  6.8  89   86   57 257 -374  1
4218500 2850500  8 30  8  13.2 1015 222  3.4 1  7.0  80  236   74 261 -385  1
4218500 2850500  8 30  9  15.7 1015 231  4.0 1  7.0  68  389   79 270 -398  1
4218500 2850500  8 30 10  17.8 1015 225  5.0 1  6.8  57  484   96 280 -412  1
4218500 2850500  8 30 11  18.6 1015 248  4.8 3  6.5  50  202  280 297 -425  1
4218500 2850500  8 30 12  18.8 1015 268  4.5 6  6.1  46  159  314 326 -435  1
4218500 2850500  8 30 13  18.8 1014 258  4.4 5  6.0  44  110  306 338 -439  1
4218500 2850500  8 30 14  21.0 1014 265  5.3 4  6.0  42  136  300 335 -435  1
4218500 2850500  8 30 15  20.6 1013 253  5.0 4  5.7  37  141  272 335 -434  1
4218500 2850500  8 30 16  19.9 1013 269  5.9 5  5.5  37   62  211 338 -436  1
4218500 2850500  8 30 17  19.7 1013 270  5.2 5  5.6  39   70  161 341 -434  1
4218500 2850500  8 30 18  18.5 1013 273  4.7 4  5.7  42   48   98 335 -427  1
4218500 2850500  8 30 19  17.6 1014 273  3.6 3  5.8  45    3   28 323 -417  1
4218500 2850500  8 30 20  16.0 1014 253  2.5 2  6.0  51    0    0 311 -407  1
4218500 2850500  8 30 21  14.7 1015 300  2.4 2  6.3  58    0    0 302 -398  1
4218500 2850500  8 30 22  13.1 1015 245  2.4 1  6.5  66    0    0 293 -392  1
4218500 2850500  8 30 23  11.7 1015 253  2.1 0  6.9  77    0    0 279 -388  1
4218500 2850500  8 30 24  10.6 1016 254  2.4 0  7.0  85    0    0 268 -384  1
4218500 2850500  8 31  1  10.4 1016 240  2.0 0  7.0  89    0    0 264 -381  1
4218500 2850500  8 31  2  10.2 1016 211  2.4 0  6.8  87    0    0 260 -379  1
4218500 2850500  8 31  3   8.9 1015 212  2.4 0  6.7  91    0    0 256 -380  1
4218500 2850500  8 31  4   9.3 1015 199  2.2 0  6.6  92    0    0 255 -380  1
4218500 2850500  8 31  5   8.6 1016 187  2.0 0  6.5  91    0    0 255 -378  1
4218500 2850500  8 31  6   8.7 1015 200  2.1 1  6.4  92    6   16 259 -377  1
4218500 2850500  8 31  7  10.8 1016 191  1.8 2  6.5  86   68   58 269 -380  1
4218500 2850500  8 31  8  14.1 1017 209  2.1 1  6.9  76  195   85 276 -389  1
4218500 2850500  8 31  9  17.3 1017 210  3.1 3  7.1  64  258  135 294 -403  1
4218500 2850500  8 31 10  19.6 1017 202  3.3 5  7.1  54  257  211 330 -421  1
4218500 2850500  8 31 11  21.0 1017 206  3.5 5  7.1  48  379  214 350 -440  1
4218500 2850500  8 31 12  22.2 1016 203  3.8 5  6.9  43  545  154 357 -455  1
4218500 2850500  8 31 13  23.2 1015 187  4.0 4  6.8  40  518  180 360 -467  1
4218500 2850500  8 31 14  24.7 1015 219  3.7 4  7.0  38  452  199 363 -474  1
4218500 2850500  8 31 15  25.4 1014 186  3.7 4  7.0  35  359  203 369 -476  1
4218500 2850500  8 31 16  25.3 1014 212  3.8 4  6.8  34  264  183 369 -474  1
4218500 2850500  8 31 17  25.0 1013 180  3.9 2  6.8  34  164  147 361 -468  1
4218500 2850500  8 31 18  23.9 1013 171  3.0 2  6.7  35   69   95 350 -458  1
4218500 2850500  8 31 19  20.8 1012 155  2.9 2  6.9  41    1   26 344 -445  1
4218500 2850500  8 31 20  18.7 1012 142  2.8 3  7.4  52    0    0 341 -432  1
4218500 2850500  8 31 21  16.1 1012 143  3.1 3  7.6  61    0    0 339 -423  1
4218500 2850500  8 31 22  16.8 1012 149  3.1 2  7.5  64    0    0 332 -417  1
4218500 2850500  8 31 23  15.9 1012 143  3.3 1  7.5  65    0    0 323 -412  1
4218500 2850500  8 31 24  15.7 1012 143  3.5 0  7.5  67    0    0 312 -408  1
4218500 2850500  9  1  1  17.4 1011 143  3.6 0  7.3  58    0    0 313 -403  1
4218500 2850500  9  1  2  15.3 1011 146  3.7 0  7.3  63    0    0 309 -401  1
4218500 2850500  9  1  3  13.8 1011 148  3.2 0  7.5  72    0    0 304 -398  1
4218500 2850500  9  1  4  13.4 1011 144  3.3 0  7.5  77    0    0 300 -395  1
4218500 2850500  9  1  5  12.7 1010 146  3.5 0  7.5  80    0    0 298 -393  1
4218500 2850500  9  1  6  12.8 1010 145  3.2 0  7.5  81    8   12 296 -392  1
4218500 2850500  9  1  7  15.8 1010 143  3.7 0  7.5  74   88   48 298 -392  1
4218500 2850500  9  1  8  17.3 1010 155  3.8 0  7.8  66  220   72 303 -399  1
4218500 2850500  9  1  9  20.6 1009 159  4.5 0  8.0  58  355   87 309 -414  1
4218500 2850500  9  1 10  23.1 1009 158  4.6 0  8.3  50  474   99 318 -433  1
4218500 2850500  9  1 11  25.2 1008 151  4.9 0  8.5  45  567  105 327 -452  1
4218500 2850500  9  1 12  27.6 1008 170  5.0 0  8.5  39  620  105 337 -468  1
4218500 2850500  9  1 13  29.1 1007 170  4.4 0  8.6  36  627  103 345 -482  1
4218500 2850500  9  1 14  30.5 1006 185  4.8 0  9.1  34  580  107 352 -493  1
4218500 2850500  9  1 15  31.0 1006 199  4.1 0  9.6  34  485  112 358 -498  1
4218500 2850500  9  1 16  31.6 1005 208  5.0 0  9.6  33  364  109 361 -497  1
4218500 2850500  9  1 17  31.7 1004 181  3.9 0  9.4  32  221   98 361 -492  1
4218500 2850500  9  1 18  29.2 1004 182  3.4 0  9.7  35   86   72 357 -482  1
4218500 2850500  9  1 19  26.6 1004 170  3.1 2  9.9  42    4   18 357 -468  1
4218500 2850500  9  1 20  25.1 1004 171  3.3 3  9.9  47    0    0 362 -454  1
4218500 2850500  9  1 21  23.6 1005 177  3.1 3 10.5  54    0    0 361 -444  1
4218500 2850500  9  1 22  24.9 1005 321  6.2 2 10.1  53    0    0 355 -436  1
4218500 2850500  9  1 23  23.6 1006 330  5.3 5  8.9  47    0    0 361 -432  1
4218500 2850500  9  1 24  22.3 1006 289  4.6 7  8.9  50    0    0 378 -431  1
4218500 2850500  9  2  1  18.5 1008 260  2.2 8 10.7  70    0    0 382 -425  1
4218500 2850500  9  2  2  18.4 1009 232  1.6 8 12.5  93    0    0 381 -417  1
4218500 2850500  9  2  3  18.3 1008 255  1.9 7 12.6  94    0    0 374 -413  1
4218500 2850500  9  2  4  18.4 1008 257  2.6 7 12.6  94    0    0 367 -413  1
4218500 2850500  9  2  5  17.7 1008 280  2.9 8 12.1  92    0    0 368 -411  1
4218500 2850500  9  2  6  17.1 1009 265  2.7 7 11.3  90    3   10 364 -410  1
4218500 2850500  9  2  7  16.5 1009 256  3.1 4 10.9  91   72   51 346 -411  1
4218500 2850500  9  2  8  17.6 1010 276  3.7 2 10.9  89  196   88 330 -414  1
4218500 2850500  9  2  9  19.2 1010 273  3.9 1 10.8  81  326  111 324 -420  1
4218500 2850500  9  2 10  20.4 1011 278  3.2 1 10.1  69  436  131 327 -430  1
4218500 2850500  9  2 11  21.5 1011 271  3.1 2  9.1  58  497  150 335 -444  1
4218500 2850500  9  2 12  21.9 1011 260  3.5 3  8.2  50  538  160 343 -458  1
4218500 2850500  9  2 13  23.2 1011 262  3.7 3  7.7  45  501  182 349 -469  1
4218500 2850500  9  2 14  22.6 1010 286  3.8 5  7.4  42  199  298 354 -473  1
4218500 2850500  9  2 15  22.5 1010 260  1.5 7  7.5  44   74  265 363 -470  1
4218500 2850500  9  2 16  22.9 1010 326  1.5 5  7.7  44  162  204 364 -469  1
4218500 2850500  9  2 17  22.7 1009 273  2.2 7  7.6  44   77  149 362 -465  1
4218500 2850500  9  2 18  21.3 1009 304  1.1 6  8.0  48   22   78 362 -454  1
4218500 2850500  9  2 19  19.8 1008  73  1.1 7  8.3  55    0    9 357 -438  1
4218500 2850500  9  2 20  18.2 1008 103  2.3 7  8.4  60    0    0 354 -422  1
4218500 2850500  9  2 21  17.7 1007  92  2.5 6  8.5  66    0    0 346 -413  1
4218500 2850500  9  2 22  18.0 1007  95  2.5 6  8.5  66    0    0 343 -409  1
4218500 2850500  9  2 23  18.0 1007 103  2.8 6  8.4  65    0    0 343 -405  1
4218500 2850500  9  2 24  18.2 1006  99  3.4 7  8.2  63    0    0 348 -404  1
4218500 2850500  9  3  1  17.9 1005  96  2.9 7  8.0  61    0    0 352 -405  1
4218500 2850500  9  3  2  16.9 1004 107  2.8 6  8.1  64    0    0 345 -408  1
4218500 2850500  9  3  3  16.6 1002 101  2.8 6  8.2  68    0    0 338 -407  1
4218500 2850500  9  3  4  17.0 1001 117  2.8 7  8.4  69    0    0 345 -404  1
4218500 2850500  9  3  5  15.9 1000 190  2.8 8  9.2  78    0    0 356 -401  1
4218500 2850500  9  3  6  14.8 1000 144  2.8 7 10.1  91    0    4 355 -400  1
4218500 2850500  9  3  7  15.8  999 164  3.4 7 10.4  94    0   24 352 -403  1
4218500 2850500  9  3  8  16.9  998 187  2.4 7 10.7  90    0   25 357 -408  1
4218500 2850500  9  3  9  16.0  997 249  3.3 7 11.0  92    0   74 360 -415  1
4218500 2850500  9  3 10  16.8  997 209  3.2 7 11.3  95    0   93 362 -424  1
4218500 2850500  9  3 11  16.6  997 242  4.2 7 11.4  94    0  152 365 -434  1
4218500 2850500  9  3 12  17.1  997 180  3.2 7 11.5  94    0  147 369 -445  1
4218500 2850500  9  3 13  17.6  996 209  4.3 7 11.7  92    0  150 373 -443  1
4218500 2850500  9  3 14  19.0  996 200  4.4 5 11.9  88  166  273 370 -430  1
4218500 2850500  9  3 15  20.2  995 210  6.2 5 11.5  79  217  221 366 -424  1
4218500 2850500  9  3 16  20.0  995 209  6.3 5 10.0  66   21  181 365 -425  1
4218500 2850500  9  3 17  19.6  995 227  6.5 3  8.8  60  248   68 355 -426  1
4218500 2850500  9  3 18  19.2  996 224  5.4 1  8.8  61   87   61 335 -422  1
4218500 2850500  9  3 19  18.4  996 208  4.2 2  9.1  66    1   14 324 -411  1
4218500 2850500  9  3 20  17.5  997 229  4.0 2  9.0  69    0    0 324 -404  1
4218500 2850500  9  3 21  16.9  998 231  4.6 1  8.5  68    0    0 314 -403  1
4218500 2850500  9  3 22  15.9  998 229  4.0 1  7.5  63    0    0 304 -404  1
4218500 2850500  9  3 23  15.4  999 215  4.3 3  7.2  64    0    0 311 -402  1
4218500 2850500  9  3 24  14.6  999 209  3.4 3  7.3  68    0    0 318 -398  1
4218500 2850500  9  4  1  14.2  999 227  3.8 1  7.0  68    0    0 306 -394  1
4218500 2850500  9  4  2  13.9  999 228  3.1 2  6.7  66    0    0 298 -390  1
4218500 2850500  9  4  3  13.9 1000 201  3.5 5  6.6  65    0    0 316 -387  1
4218500 2850500  9  4  4  14.0 1000 200  3.3 8  6.7  66    0    0 343 -384  1
4218500 2850500  9  4  5  13.8 1000 203  3.7 6  6.9  69    0    0 346 -382  1
4218500 2850500  9  4  6  13.1 1000 194  4.0 3  7.0  72    0    4 322 -380  1
4218500 2850500  9  4  7  13.8 1000 202  4.1 1  7.1  73   58   45 299 -380  1
4218500 2850500  9  4  8  15.5 1000 221  5.4 1  7.3  69  209   73 292 -386  1
4218500 2850500  9  4  9  16.5 1000 238  5.5 3  7.2  63  214  142 305 -396  1
4218500 2850500  9  4 10  17.2 1001 238  5.7 4  6.9  57  188  228 320 -409  1
4218500 2850500  9  4 11  18.1 1001 226  5.9 4  6.7  52  217  271 326 -420  1
4218500 2850500  9  4 12  19.6 1000 233  6.2 3  6.7  49  314  261 325 -430  1
4218500 2850500  9  4 13  20.7 1000 231  5.7 4  6.9  46  260  287 328 -437  1
4218500 2850500  9  4 14  21.0 1000 223  5.2 4  6.9  44  297  253 334 -441  1
4218500 2850500  9  4 15  20.3 1000 223  5.5 4  6.7  44  241  232 333 -443  1
4218500 2850500  9  4 16  20.1 1000 231  4.8 4  6.6  44  214  178 332 -438  1
4218500 2850500  9  4 17  19.7  999 238  4.6 6  6.4  44   37  145 338 -429  1
4218500 2850500  9  4 18  18.9  999 232  3.5 6  6.3  45    7   71 343 -422  1
4218500 2850500  9  4 19  17.6  999 219  3.4 7  6.4  49    0    9 345 -414  1
4218500 2850500  9  4 20  16.6 1000 219  2.6 7  6.7  55    0    0 347 -406  1
4218500 2850500  9  4 21  15.9 1000 214  5.1 7  7.2  62    0    0 347 -399  1
4218500 2850500  9  4 22  13.9 1001 228  4.3 8  8.2  76    0    0 351 -392  1
4218500 2850500  9  4 23  13.4 1002 212  3.6 8  9.1  92    0    0 356 -388  1
4218500 2850500  9  4 24  13.2 1002 259  4.4 8  9.1  95    0    0 356 -385  1
4218500 2850500  9  5  1  12.7 1003 259  3.7 8  8.8  93    0    0 356 -383  1
4218500 2850500  9  5  2  12.4 1003 250  4.3 7  8.4  91    0    0 351 -383  1
4218500 2850500  9  5  3  11.6 1003 220  4.0 5  8.1  91    0    0 335 -381  1
4218500 2850500  9  5  4  11.1 1004 229  4.1 2  7.8  92    0    0 310 -377  1
4218500 2850500  9  5  5  10.7 1004 202  4.7 4  7.6  92    0    0 303 -377  1
4218500 2850500  9  5  6  11.6 1004 220  5.2 7  7.6  91    0    0 327 -379  1
4218500 2850500  9  5  7  11.3 1004 231  4.9 8  7.9  92    0   17 347 -381  1
4218500 2850500  9  5  8  12.3 1004 247  5.6 7  8.4  96    0   61 348 -384  1
4218500 2850500  9  5  9  13.4 1005 249  6.3 7  8.8  94    1  125 349 -391  1
4218500 2850500  9  5 10  14.1 1006 251  5.8 7  8.8  89   14  192 352 -400  1
4218500 2850500  9  5 11  15.4 1006 250  6.6 6  8.6  81   63  246 350 -411  1
4218500 2850500  9  5 12  17.5 1007 263  7.3 5  8.5  72  170  260 345 -421  1
4218500 2850500  9  5 13  17.0 1007 274  8.4 5  8.5  68  102  270 342 -430  1
4218500 2850500  9  5 14  15.9 1007 255  7.2 8  8.9  76   14  217 347 -432  1
4218500 2850500  9  5 15  16.5 1008 266  5.8 8  9.0  78   27  212 352 -428  1
4218500 2850500  9  5 16  17.3 1008 238  6.0 7  8.8  72   72  182 348 -427  1
4218500 2850500  9  5 17  17.3 1009 246  6.3 4  8.6  69  133  102 337 -425  1
4218500 2850500  9  5 18  15.6 1009 261  7.5 4  8.2  70   72   53 324 -419  1
4218500 2850500  9  5 19  14.9 1010 263  6.6 5  8.2  75    1   13 322 -412  1
4218500 2850500  9  5 20  14.4 1011 257  5.2 4  8.3  79    0    0 320 -405  1
4218500 2850500  9  5 21  13.8 1012 271  5.6 3  8.4  84    0    0 312 -399  1
4218500 2850500  9  5 22  13.5 1012 259  5.0 4  8.5  87    0    0 311 -396  1
4218500 2850500  9  5 23  13.5 1013 272  5.5 5  8.5  87    0    0 319 -392  1
4218500 2850500  9  5 24  13.4 1013 273  5.7 5  8.3  86    0    0 323 -387  1
4218500 2850500  9  6  1  13.3 1014 273  5.2 6  8.2  85    0    0 327 -385  1
4218500 2850500  9  6  2  13.4 1014 268  5.3 6  8.1  85    0    0 331 -386  1
4218500 2850500  9  6  3  13.3 1014 262  5.0 6  8.1  85    0    0 332 -386  1
4218500 2850500  9  6  4  13.0 1015 265  4.7 6  7.9  84    0    0 332 -386  1
4218500 2850500  9  6  5  12.2 1015 258  5.0 5  7.7  84    0    0 326 -386  1
4218500 2850500  9  6  6  12.1 1015 252  4.8 4  7.5  85    0    3 316 -385  1
4218500 2850500  9  6  7  12.8 1015 249  4.7 7  7.5  84    5   37 325 -386  1
4218500 2850500  9  6  8  13.5 1016 250  4.7 7  7.6  80   16   97 341 -388  1
4218500 2850500  9  6  9  13.7 1016 250  4.4 7  7.8  80    0  110 343 -392  1
4218500 2850500  9  6 10  14.1 1017 241  4.1 7  8.3  84   19  195 346 -397  1
4218500 2850500  9  6 11  14.6 1017 247  4.7 6  8.5  84   11  210 344 -406  1
4218500 2850500  9  6 12  15.1 1017 245  5.0 8  8.3  79    0   90 350 -418  1
4218500 2850500  9  6 13  15.6 1017 255  5.3 6  8.3  77    4  203 351 -423  1
4218500 2850500  9  6 14  17.0 1017 248  5.0 6  8.5  74  121  252 347 -423  1
4218500 2850500  9  6 15  17.4 1017 224  4.0 6  8.6  70   68  226 350 -426  1
4218500 2850500  9  6 16  17.2 1017 284  4.8 5  8.3  68  199  138 346 -427  1
4218500 2850500  9  6 17  16.7 1017 257  5.2 6  8.2  68   77  122 342 -426  1
4218500 2850500  9  6 18  16.2 1017 239  4.3 3  8.1  69   85   47 334 -421  1
4218500 2850500  9  6 19  15.7 1018 242  3.5 5  7.9  70    1   13 327 -410  1
4218500 2850500  9  6 20  15.2 1018 225  3.2 6  7.9  73    0    0 326 -399  1
4218500 2850500  9  6 21  14.4 1018 232  3.0 6  8.0  76    0    0 321 -392  1
4218500 2850500  9  6 22  13.0 1018 222  2.6 4  8.0  82    0    0 313 -390  1
4218500 2850500  9  6 23  12.9 1018 248  2.8 3  8.0  86    0    0 305 -390  1
4218500 2850500  9  6 24  11.3 1019 239  2.2 2  7.8  89    0    0 300 -388  1
4218500 2850500  9  7  1  10.8 1019 205  2.3 1  7.6  93    0    0 293 -385  1
4218500 2850500  9  7  2  10.4 1018 217  2.5 1  7.4  94    0    0 289 -382  1
4218500 2850500  9  7  3  10.3 1018 219  2.6 0  7.4  94    0    0 287 -379  1
4218500 2850500  9  7  4   9.6 1018 219  2.3 2  7.1  94    0    0 285 -375  1
4218500 2850500  9  7  5   9.6 1018 199  2.5 4  7.0  94    0    0 290 -372  1
4218500 2850500  9  7  6   9.2 1018 205  2.2 5  7.0  96    0    7 294 -370  1
4218500 2850500  9  7  7  10.1 1018 203  2.2 6  7.1  96   38   44 300 -370  1
4218500 2850500  9  7  8  12.1 1019 189  2.3 5  7.5  92  109  101 305 -377  1
4218500 2850500  9  7  9  15.1 1019 181  2.6 6  7.9  82  143  173 314 -392  1
4218500 2850500  9  7 10  17.4 1019 193  3.6 7  8.0  70  133  243 329 -411  1
4218500 2850500  9  7 11  19.1 1019 206  4.2 6  7.9  61  203  277 338 -430  1
4218500 2850500  9  7 12  19.6 1019 208  3.8 5  7.7  55  255  288 338 -446  1
4218500 2850500  9  7 13  20.2 1019 207  3.4 7  7.5  52  147  317 344 -458  1
4218500 2850500  9  7 14  20.5 1019 205  3.3 7  7.4  50  145  300 351 -464  1
4218500 2850500  9  7 15  20.5 1019 213  2.7 7  7.3  49  101  263 352 -465  1
4218500 2850500  9  7 16  20.3 1018 196  2.7 7  7.2  48    8  166 350 -463  1
4218500 2850500  9  7 17  20.2 1018 203  2.5 7  7.1  48   14  133 349 -456  1
4218500 2850500  9  7 18  19.5 1018 183  1.9 6  7.2  50    3   61 346 -447  1
4218500 2850500  9  7 19  18.2 1018 131  2.0 6  7.6  56    0    5 343 -434  1
4218500 2850500  9  7 20  16.5 1018 131  2.3 6  7.9  64    0    0 339 -423  1
4218500 2850500  9  7 21  15.9 1019 133  2.3 5  8.2  72    0    0 334 -416  1
4218500 2850500  9  7 22  15.7 1019 134  2.5 2  8.4  76    0    0 323 -411  1
4218500 2850500  9  7 23  14.8 1019 140  2.3 0  8.2  76    0    0 309 -406  1
4218500 2850500  9  7 24  13.2 1019 125  2.3 0  8.0  81    0    0 299 -400  1
4218500 2850500  9  8  1  11.8 1019 114  2.3 0  8.0  88    0    0 293 -396  1
4218500 2850500  9  8  2  11.4 1019 128  2.4 0  7.9  93    0    0 289 -393  1
4218500 2850500  9  8  3  11.7 1019 132  2.6 0  7.9  93    0    0 289 -389  1
4218500 2850500  9  8  4  10.5 1019 115  1.9 0  7.6  93    0    0 288 -387  1
4218500 2850500  9  8  5  10.2 1019 116  1.9 0  7.4  95    0    0 287 -385  1
4218500 2850500  9  8  6  10.4 1019 120  2.5 0  7.4  96    2    9 287 -382  1
4218500 2850500  9  8  7  11.1 1019 128  2.8 1  7.8  97   63   40 288 -382  1
4218500 2850500  9  8  8  14.0 1020 156  1.7 0  8.1  89  182   76 290 -388  1
4218500 2850500  9  8  9  17.4 1020 134  2.1 1  8.3  75  317   90 299 -402  1
4218500 2850500  9  8 10  20.3 1021 167  2.4 1  8.5  63  439   98 311 -421  1
4218500 2850500  9  8 11  22.2 1021 157  2.9 1  8.6  55  528  106 319 -439  1
4218500 2850500  9  8 12  24.2 1021 167  3.7 1  8.6  48  564  117 326 -456  1
4218500 2850500  9  8 13  24.9 1020 165  4.2 1  8.5  44  559  125 332 -468  1
4218500 2850500  9  8 14  25.7 1020 176  3.6 2  8.2  41  499  139 336 -476  1
4218500 2850500  9  8 15  25.9 1020 164  3.8 2  7.7  37  406  143 338 -479  1
4218500 2850500  9  8 16  25.6 1019 163  3.9 3  7.6  37  288  132 338 -476  1
4218500 2850500  9  8 17  25.0 1019 179  3.3 2  7.6  38  157  113 336 -468  1
4218500 2850500  9  8 18  23.0 1019 168  2.5 1  7.6  41   45   70 329 -456  1
4218500 2850500  9  8 19  20.1 1019 151  2.6 2  8.0  50    0    8 321 -442  1
4218500 2850500  9  8 20  17.9 1019 148  3.2 1  8.5  63    0    0 312 -430  1
4218500 2850500  9  8 21  16.8 1019 150  3.3 1  8.6  70    0    0 305 -420  1
4218500 2850500  9  8 22  16.2 1019 149  2.8 1  8.3  71    0    0 301 -412  1
4218500 2850500  9  8 23  14.8 1020 135  2.8 1  8.0  73    0    0 296 -406  1
4218500 2850500  9  8 24  13.8 1020 137  3.2 2  8.0  80    0    0 296 -402  1
4218500 2850500  9  9  1  14.5 1020 144  3.3 2  8.1  81    0    0 297 -397  1
4218500 2850500  9  9  2  13.2 1019 142  2.9 2  8.0  81    0    0 297 -393  1
4218500 2850500  9  9  3  12.5 1019 138  2.7 1  7.9  85    0    0 291 -389  1
4218500 2850500  9  9  4  12.1 1019 136  2.3 1  7.6  86    0    0 286 -384  1
4218500 2850500  9  9  5  11.1 1019 118  2.3 1  7.4  88    0    0 284 -381  1
4218500 2850500  9  9  6  11.6 1019 128  2.7 1  7.4  89    1    9 284 -377  1
4218500 2850500  9  9  7  12.8 1019 131  2.9 1  7.8  88   56   44 287 -376  1
4218500 2850500  9  9  8  15.3 1020 145  3.0 0  8.0  80  147   89 288 -382  1
4218500 2850500  9  9  9  16.9 1020 142  2.7 2  8.1  71  181  157 298 -396  1
4218500 2850500  9  9 10  19.6 1020 140  3.0 2  8.2  63  383  136 312 -414  1
4218500 2850500  9  9 11  22.2 1020 136  3.4 2  8.1  53  469  150 323 -433  1
4218500 2850500  9  9 12  23.7 1020 130  3.5 3  8.0  46  491  172 335 -450  1
4218500 2850500  9  9 13  25.1 1019 126  3.7 2  8.3  44  539  154 343 -465  1
4218500 2850500  9  9 14  25.7 1019 152  2.7 2  8.4  42  486  160 345 -474  1
4218500 2850500  9  9 15  25.8 1019 101  2.9 2  8.1  39  401  157 348 -478  1
4218500 2850500  9  9 16  25.5 1019  97  2.2 1  7.8  38  279  144 345 -476  1
4218500 2850500  9  9 17  24.7 1018 124  2.3 2  7.4  38  157  117 342 -468  1
4218500 2850500  9  9 18  22.9 1018 105  2.4 1  7.2  40   40   71 337 -454  1
4218500 2850500  9  9 19  20.4 1019 101  2.4 3  7.3  46    0    7 333 -438  1
4218500 2850500  9  9 20  18.5 1019 111  2.2 3  7.3  52    0    0 331 -425  1
4218500 2850500  9  9 21  16.6 1019  99  2.0 4  7.4  59    0    0 327 -418  1
4218500 2850500  9  9 22  15.4 1019 106  1.9 4  7.5  67    0    0 325 -415  1
4218500 2850500  9  9 23  14.9 1020 116  2.2 5  7.7  72    0    0 325 -412  1
4218500 2850500  9  9 24  14.6 1020 106  2.2 5  7.9  76    0    0 326 -410  1
4218500 2850500  9 10  1  13.8 1020 127  1.7 5  8.0  79    0    0 325 -408  1
4218500 2850500  9 10  2  13.3 1020 135  1.2 5  8.1  84    0    0 324 -406  1
4218500 2850500  9 10  3  12.9 1020   0  1.5 5  8.2  88    0    0 323 -406  1
4218500 2850500  9 10  4  12.3 1020   1  2.6 5  8.2  91    0    0 322 -407  1
4218500 2850500  9 10  5  13.1 1020  12  2.7 4  8.4  92    0    0 320 -408  1
4218500 2850500  9 10  6  12.9 1021   7  3.6 4  8.7  94    2    9 320 -407  1
4218500 2850500  9 10  7  14.2 1021  10  3.6 5  9.2  96   30   49 324 -406  1
4218500 2850500  9 10  8  15.1 1022  17  3.4 5  9.8  94   77  119 328 -410  1
4218500 2850500  9 10  9  15.7 1022 335  3.6 5  9.9  91  107  195 330 -420  1
4218500 2850500  9 10 10  17.0 1022 344  3.4 5  9.9  85  157  256 333 -431  1
4218500 2850500  9 10 11  18.5 1022 353  3.7 4 10.0  79  319  260 338 -440  1
4218500 2850500  9 10 12  19.5 1022 336  3.9 4 10.0  73  372  271 342 -452  1
4218500 2850500  9 10 13  20.2 1022 347  4.1 4  9.8  68  356  284 347 -464  1
4218500 2850500  9 10 14  20.3 1022   4  4.2 4  9.9  67  239  306 349 -462  1
4218500 2850500  9 10 15  19.9 1022 359  4.2 5  9.8  67   97  278 351 -462  1
4218500 2850500  9 10 16  19.6 1022 334  5.3 6  9.5  66   32  198 353 -468  1
4218500 2850500  9 10 17  19.1 1023 348  4.6 7  9.2  66    2  102 354 -465  1
4218500 2850500  9 10 18  18.5 1023 342  4.1 7  8.7  64    0   31 353 -457  1
4218500 2850500  9 10 19  18.3 1023   3  4.1 7  8.0  61    0    1 351 -447  1
4218500 2850500  9 10 20  18.0 1024   1  3.2 7  7.9  61    0    0 349 -440  1
4218500 2850500  9 10 21  17.4 1024 341  3.1 6  7.9  63    0    0 345 -432  1
4218500 2850500  9 10 22  16.7 1024 358  3.1 6  7.8  65    0    0 341 -426  1
4218500 2850500  9 10 23  16.5 1024 341  2.9 5  7.7  66    0    0 336 -423  1
4218500 2850500  9 10 24  15.9 1024 332  2.9 6  7.6  67    0    0 335 -420  1
4218500 2850500  9 11  1  14.9 1025 321  3.0 7  7.9  73    0    0 340 -416  1
4218500 2850500  9 11  2  14.8 1025 323  2.8 6  8.1  78    0    0 340 -412  1
4218500 2850500  9 11  3  14.3 1024 332  3.0 7  8.2  80    0    0 339 -408  1
4218500 2850500  9 11  4  14.2 1024 342  3.2 7  8.3  83    0    0 341 -405  1
4218500 2850500  9 11  5  13.7 1024 340  3.3 8  8.3  85    0    0 342 -401  1
4218500 2850500  9 11  6  12.8 1024 342  3.0 8  8.3  88    0    7 341 -397  1
4218500 2850500  9 11  7  13.1 1024 341  2.9 6  8.4  91   45   44 333 -394  1
4218500 2850500  9 11  8  14.3 1025 335  3.4 3  8.6  88  140   86 319 -398  1
4218500 2850500  9 11  9  15.3 1025 351  3.1 4  8.7  84  205  140 316 -407  1
4218500 2850500  9 11 10  16.8 1025  15  3.4 3  8.8  78  325  158 320 -420  1
4218500 2850500  9 11 11  18.3 1025  17  3.7 2  8.6  69  454  149 321 -434  1
4218500 2850500  9 11 12  19.6 1025  25  4.5 2  8.1  60  477  171 323 -446  1
4218500 2850500  9 11 13  20.0 1024 357  4.2 3  7.6  53  309  262 330 -455  1
4218500 2850500  9 11 14  20.6 1024 336  4.6 4  7.3  49  193  285 335 -460  1
4218500 2850500  9 11 15  20.6 1023 337  3.7 3  7.0  47  116  254 334 -460  1
4218500 2850500  9 11 16  20.9 1023 353  4.1 5  6.9  46   64  198 335 -456  1
4218500 2850500  9 11 17  19.8 1022 335  4.2 6  7.0  48   34  133 336 -447  1
4218500 2850500  9 11 18  19.3 1022 353  3.5 6  7.1  50   12   62 334 -435  1
4218500 2850500  9 11 19  18.7 1022  18  3.4 6  7.1  52    0    4 333 -422  1
4218500 2850500  9 11 20  17.8 1022  80  3.0 6  7.1  55    0    0 332 -411  1
4218500 2850500  9 11 21  17.2 1022  30  2.9 6  7.0  57    0    0 329 -403  1
4218500 2850500  9 11 22  16.4 1022  30  2.7 6  7.0  60    0    0 326 -397  1
4218500 2850500  9 11 23  15.3 1022  49  2.9 5  6.9  62    0    0 323 -391  1
4218500 2850500  9 11 24  14.3 1022  74  3.0 4  6.7  65    0    0 319 -386  1
4218500 2850500  9 12  1  13.3 1013 109  3.3 3  6.5  67    0    0 276 -389  1
4218500 2850500  9 12  2  12.6 1013 139  3.4 3  6.3  69    0    0 279 -387  1
4218500 2850500  9 12  3  12.3 1012 162  3.5 3  6.2  69    0    0 283 -385  1
4218500 2850500  9 12  4  12.5 1011 168  3.5 3  6.2  69    0    0 283 -383  1
4218500 2850500  9 12  5  12.6 1011 167  3.4 4  6.2  68    0    0 287 -382  1
4218500 2850500  9 12  6  13.1 1011 177  3.3 4  6.3  68    0    1 291 -381  1
4218500 2850500  9 12  7  14.4 1011 176  3.3 5  6.3  64    4   32 296 -382  1
4218500 2850500  9 12  8  15.5 1011 190  3.5 8  6.5  61    0   39 305 -388  1
4218500 2850500  9 12  9  16.8 1011 223  3.6 8  6.8  59    0  110 312 -400  1
4218500 2850500  9 12 10  14.7 1012 195  2.9 7  8.2  73    1  154 313 -418  1
4218500 2850500  9 12 11  18.5 1011 199  3.8 6 10.3  87   86  289 322 -437  1
4218500 2850500  9 12 12  19.1 1011 206  4.3 6 11.0  81  145  291 335 -454  1
4218500 2850500  9 12 13  21.0 1011 198  4.2 6 11.1  75  124  324 345 -466  1
4218500 2850500  9 12 14  21.9 1010 206  4.8 6 11.3  70  159  308 355 -475  1
4218500 2850500  9 12 15  23.3 1010 211  4.3 5 11.6  67  170  267 360 -479  1
4218500 2850500  9 12 16  23.7 1009 213  5.8 6 11.5  63   70  202 363 -473  1
4218500 2850500  9 12 17  23.4 1009 210  3.8 5 11.5  63   66  140 361 -463  1
4218500 2850500  9 12 18  22.4 1008 224  3.4 6 11.8  67   19   64 357 -453  1
4218500 2850500  9 12 19  19.7 1008 242  4.3 6 11.9  75    0    5 354 -441  1
4218500 2850500  9 12 20  18.7 1009 243  4.0 6 12.1  86    0    0 348 -432  1
4218500 2850500  9 12 21  18.7 1010 258  3.3 5 12.6  92    0    0 335 -425  1
4218500 2850500  9 12 22  17.4 1010 233  3.2 3 12.4  95    0    0 309 -420  1
4218500 2850500  9 12 23  16.9 1010 212  2.9 2 12.1  98    0    0 294 -417  1
4218500 2850500  9 12 24  16.1 1009 192  2.8 4 11.7  99    0    0 306 -415  1
4218500 2850500  9 13  1  16.1 1009 190  3.8 4 11.3  98    0    0 320 -412  1
4218500 2850500  9 13  2  15.7 1008 179  3.3 4 11.1  97    0    0 322 -406  1
4218500 2850500  9 13  3  15.4 1007 190  3.4 2 10.7  96    0    0 312 -402  1
4218500 2850500  9 13  4  14.9 1007 198  3.2 2 10.3  95    0    0 304 -400  1
4218500 2850500  9 13  5  15.1 1006 201  3.4 4 10.2  95    0    0 321 -400  1
4218500 2850500  9 13  6  15.4 1006 214  3.9 6 10.3  94    0    0 346 -399  1
4218500 2850500  9 13  7  15.8 1006 225  4.0 7 10.6  94    0   23 363 -398  1
4218500 2850500  9 13  8  16.3 1006 219  4.5 8 11.0  95    0   40 373 -400  1
4218500 2850500  9 13  9  17.1 1006 222  4.9 7 11.5  95   26  152 375 -404  1
4218500 2850500  9 13 10  19.7 1006 233  6.2 6 11.6  86  273  143 370 -411  1
4218500 2850500  9 13 11  20.4 1006 250  6.7 6  9.6  65  110  248 365 -420  1
4218500 2850500  9 13 12  19.4 1006 258  7.6 7  7.5  52   38  248 362 -427  1
4218500 2850500  9 13 13  19.3 1007 258  6.3 6  7.1  50   54  261 355 -432  1
4218500 2850500  9 13 14  20.0 1007 263  7.5 6  6.8  48  141  245 348 -435  1
4218500 2850500  9 13 15  20.3 1007 271  7.5 6  6.5  44   79  210 346 -435  1
4218500 2850500  9 13 16  20.0 1007 277  7.1 5  6.1  41  103  166 339 -433  1
4218500 2850500  9 13 17  18.7 1007 282  7.0 4  5.7  41  106  103 326 -426  1
4218500 2850500  9 13 18  18.0 1007 271  6.2 2  5.6  42   44   51 307 -416  1
4218500 2850500  9 13 19  17.0 1008 256  4.8 2  5.6  44    1    8 295 -406  1
4218500 2850500  9 13 20  15.3 1009 261  4.6 1  5.7  50    0    0 289 -398  1
4218500 2850500  9 13 21  14.7 1009 237  3.8 1  5.7  54    0    0 285 -394  1
4218500 2850500  9 13 22  14.7 1010 248  4.8 0  5.8  56    0    0 282 -390  1
4218500 2850500  9 13 23  14.2 1010 254  4.7 0  5.8  56    0    0 278 -386  1
4218500 2850500  9 13 24  13.8 1010 245  4.3 0  5.8  58    0    0 276 -383  1
4218500 2850500  9 14  1  12.6 1010 217  3.6 0  5.7  61    0    0 269 -379  1
4218500 2850500  9 14  2  11.4 1010 224  3.6 1  5.7  65    0    0 263 -376  1
4218500 2850500  9 14  3  11.2 1010 213  3.7 1  5.8  69    0    0 261 -376  1
4218500 2850500  9 14  4  10.6 1010 209  3.8 2  5.9  72    0    0 262 -376  1
4218500 2850500  9 14  5  10.6 1010 204  3.9 4  6.1  77    0    0 272 -376  1
4218500 2850500  9 14  6  10.5 1009 199  4.1 5  6.3  80    0    0 284 -377  1
4218500 2850500  9 14  7  11.0 1009 204  4.2 6  6.5  81   12   35 294 -379  1
4218500 2850500  9 14  8  12.8 1010 209  4.5 6  6.8  78   56  102 308 -384  1
4218500 2850500  9 14  9  14.6 1010 207  4.2 6  7.1  72   84  175 318 -392  1
4218500 2850500  9 14 10  16.5 1010 203  4.9 6  7.2  65  198  217 327 -404  1
4218500 2850500  9 14 11  18.5 1009 208  5.6 6  7.4  59  157  281 335 -417  1
4218500 2850500  9 14 12  19.3 1009 203  5.6 7  7.2  53  124  288 347 -428  1
4218500 2850500  9 14 13  19.0 1008 211  4.9 7  7.0  50   26  261 355 -438  1
4218500 2850500  9 14 14  19.9 1008 210  5.8 7  7.0  49   26  235 357 -445  1
4218500 2850500  9 14 15  19.8 1007 202  5.9 7  6.8  47   32  216 359 -447  1
4218500 2850500  9 14 16  20.3 1006 200  6.3 6  6.6  45   68  190 355 -445  1
4218500 2850500  9 14 17  19.7 1006 183  5.1 6  6.6  45   23  121 351 -440  1
4218500 2850500  9 14 18  19.2 1005 192  4.6 6  6.8  48    6   52 351 -432  1
4218500 2850500  9 14 19  17.7 1005 183  4.0 6  6.7  50    0    1 349 -423  1
4218500 2850500  9 14 20  16.4 1005 171  4.2 4  6.7  55    0    0 335 -414  1
4218500 2850500  9 14 21  15.8 1005 189  4.7 3  6.9  60    0    0 322 -408  1
4218500 2850500  9 14 22  14.6 1005 173  3.7 1  7.0  65    0    0 306 -404  1
4218500 2850500  9 14 23  14.3 1005 178  4.7 1  7.2  70    0    0 296 -401  1
4218500 2850500  9 14 24  14.6 1005 182  5.0 1  7.3  70    0    0 295 -399  1
4218500 2850500  9 15  1  14.6 1004 191  4.8 1  7.4  70    0    0 296 -398  1
4218500 2850500  9 15  2  15.1 1004 193  4.6 4  7.5  70    0    0 309 -395  1
4218500 2850500  9 15  3  15.7 1004 209  4.4 6  7.6  69    0    0 332 -393  1
4218500 2850500  9 15  4  16.3 1004 200  4.2 6  7.8  68    0    0 342 -390  1
4218500 2850500  9 15  5  16.1 1004 207  3.6 7  7.9  68    0    0 347 -387  1
4218500 2850500  9 15  6  16.1 1004 192  3.1 7  8.0  69    0    0 351 -386  1
4218500 2850500  9 15  7  15.6 1004 205  3.0 5  8.1  72   36   34 341 -388  1
4218500 2850500  9 15  8  16.4 1005 218  2.8 4  8.3  73  135   68 327 -392  1
4218500 2850500  9 15  9  18.6 1005 220  3.6 3  8.5  68  293   77 322 -398  1
4218500 2850500  9 15 10  20.3 1005 229  5.6 2  8.8  62  407   86 320 -405  1
4218500 2850500  9 15 11  20.8 1005 245  6.0 4  8.9  58  169  247 331 -415  1
4218500 2850500  9 15 12  22.6 1005 233  6.6 3  8.6  52  249  218 340 -426  1
4218500 2850500  9 15 13  23.4 1005 220  6.6 3  8.3  47  227  263 342 -430  1
4218500 2850500  9 15 14  23.5 1004 215  5.3 4  7.9  43  252  233 348 -425  1
4218500 2850500  9 15 15  23.9 1004 227  5.7 6  7.6  41   88  217 362 -421  1
4218500 2850500  9 15 16  23.4 1003 221  5.1 6  7.6  41   16  148 369 -425  1
4218500 2850500  9 15 17  22.5 1003 217  4.5 6  7.7  44   14  104 366 -425  1
4218500 2850500  9 15 18  20.3 1003 210  5.0 7  8.3  52    0   27 368 -418  1
4218500 2850500  9 15 19  19.9 1003 210  5.4 7  8.6  58    0    3 367 -412  1
4218500 2850500  9 15 20  19.0 1003 213  4.6 6  8.4  59    0    0 359 -408  1
4218500 2850500  9 15 21  18.5 1004 221  4.4 5  8.7  63    0    0 350 -404  1
4218500 2850500  9 15 22  18.0 1004 231  4.2 5  8.8  66    0    0 343 -401  1
4218500 2850500  9 15 23  17.3 1004 223  4.0 6  8.7  68    0    0 344 -399  1
4218500 2850500  9 15 24  16.8 1005 225  3.9 5  8.5  69    0    0 341 -397  1
4218500 2850500  9 16  1  16.5 1005 233  4.8 6  8.3  70    0    0 339 -394  1
4218500 2850500  9 16  2  15.9 1005 232  4.0 4  8.0  69    0    0 331 -391  1
4218500 2850500  9 16  3  14.9 1005 230  4.3 3  7.8  71    0    0 314 -389  1
4218500 2850500  9 16  4  14.4 1005 224  4.2 3  7.8  74    0    0 307 -385  1
4218500 2850500  9 16  5  13.2 1005 216  3.7 4  7.7  77    0    0 308 -381  1
4218500 2850500  9 16  6  13.0 1006 212  3.1 4  7.6  80    0    0 310 -380  1
4218500 2850500  9 16  7  13.9 1006 223  4.6 4  7.8  80   16   32 309 -379  1
4218500 2850500  9 16  8  15.1 1007 223  5.3 3  8.0  77  139   68 306 -383  1
4218500 2850500  9 16  9  16.6 1007 247  6.2 3  7.8  69  301   75 304 -391  1
4218500 2850500  9 16 10  18.3 1007 237  6.5 4  7.7  61  424   83 317 -400  1
4218500 2850500  9 16 11  19.0 1007 257  6.1 3  7.6  56  494   99 324 -409  1
4218500 2850500  9 16 12  19.2 1007 252  6.2 4  7.1  51  341  185 325 -417  1
4218500 2850500  9 16 13  19.1 1008 233  6.1 5  6.7  48   88  276 335 -423  1
4218500 2850500  9 16 14  19.7 1008 260  6.5 6  6.7  47   40  236 344 -427  1
4218500 2850500  9 16 15  18.1 1008 246  7.1 7  6.7  49    0   74 349 -428  1
4218500 2850500  9 16 16  17.2 1008 257  5.2 6  6.9  55    9  142 345 -424  1
4218500 2850500  9 16 17  17.7 1009 264  6.1 4  6.4  51   48  115 330 -417  1
4218500 2850500  9 16 18  16.9 1009 270  4.5 1  5.9  48   34   52 307 -408  1
4218500 2850500  9 16 19  15.5 1009 273  3.8 2  6.3  55    0    5 295 -398  1
4218500 2850500  9 16 20  14.2 1010 275  4.9 3  6.8  64    0    0 300 -389  1
4218500 2850500  9 16 21  14.2 1011 269  5.4 4  7.0  70    0    0 306 -383  1
4218500 2850500  9 16 22  13.6 1012 275  5.1 3  7.1  72    0    0 305 -379  1
4218500 2850500  9 16 23  12.8 1012 289  5.3 2  7.3  77    0    0 293 -375  1
4218500 2850500  9 16 24  12.1 1013 271  4.3 0  7.4  82    0    0 278 -371  1
4218500 2850500  9 17  1  11.6 1014 267  4.3 0  7.5  86    0    0 268 -369  1
4218500 2850500  9 17  2  10.9 1014 260  3.8 0  7.5  90    0    0 266 -366  1
4218500 2850500  9 17  3  10.8 1015 263  4.0 0  7.4  91    0    0 265 -363  1
4218500 2850500  9 17  4  10.4 1015 262  4.0 1  7.1  90    0    0 267 -359  1
4218500 2850500  9 17  5  10.0 1016 269  3.8 1  7.1  92    0    0 269 -356  1
4218500 2850500  9 17  6   9.5 1015 275  4.2 1  7.0  94    0    0 265 -354  1
4218500 2850500  9 17  7  10.1 1016 276  4.1 1  6.9  92   34   34 264 -355  1
4218500 2850500  9 17  8  11.1 1018 284  4.4 2  7.0  89  126   74 268 -358  1
4218500 2850500  9 17  9  12.7 1019 283  4.8 3  7.0  81  255   98 278 -368  1
4218500 2850500  9 17 10  14.4 1019 273  4.6 2  6.9  71  350  122 282 -383  1
4218500 2850500  9 17 11  14.8 1020 287  5.7 3  6.4  62  342  182 285 -397  1
4218500 2850500  9 17 12  16.3 1020 276  4.5 3  6.0  55  495  129 292 -410  1
4218500 2850500  9 17 13  16.1 1020 299  5.0 3  5.7  50  104  283 293 -419  1
4218500 2850500  9 17 14  16.1 1020 280  4.7 5  5.5  48   49  241 299 -424  1
4218500 2850500  9 17 15  17.1 1020 283  4.3 6  5.4  46   82  219 311 -423  1
4218500 2850500  9 17 16  16.2 1020 290  4.4 7  5.2  45   56  167 318 -418  1
4218500 2850500  9 17 17  15.9 1020 280  3.4 5  5.3  47   53  116 313 -408  1
4218500 2850500  9 17 18  15.0 1021 288  2.9 4  5.4  50   23   51 299 -397  1
4218500 2850500  9 17 19  13.4 1021 284  1.8 5  5.8  58    0    4 294 -385  1
4218500 2850500  9 17 20  12.5 1021 260  2.1 6  6.0  66    0    0 297 -375  1
4218500 2850500  9 17 21  12.2 1022 243  1.9 6  6.2  70    0    0 300 -368  1
4218500 2850500  9 17 22  11.3 1021 216  1.7 3  6.1  72    0    0 288 -363  1
4218500 2850500  9 17 23   9.9 1022 250  0.8 3  6.1  78    0    0 275 -359  1
4218500 2850500  9 17 24   9.6 1022 216  1.7 4  6.2  83    0    0 277 -356  1
4218500 2850500  9 18  1   9.2 1022 186  2.4 7  6.4  88    0    0 294 -354  1
4218500 2850500  9 18  2   8.7 1022 219  1.6 6  6.5  92    0    0 303 -352  1
4218500 2850500  9 18  3   7.7 1023 206  2.4 4  6.2  92    0    0 288 -350  1
4218500 2850500  9 18  4   6.6 1022 183  2.1 1  5.8  93    0    0 262 -348  1
4218500 2850500  9 18  5   6.2 1023 185  2.2 1  5.7  96    0    0 247 -347  1
4218500 2850500  9 18  6   5.2 1023 159  1.7 2  5.5  97    0    0 248 -345  1
4218500 2850500  9 18  7   6.6 1023 140  1.6 1  5.5  97   34   29 249 -344  1
4218500 2850500  9 18  8   9.8 1023 155  2.1 1  5.9  88  152   57 251 -349  1
4218500 2850500  9 18  9  13.7 1023 170  3.2 1  6.2  73  291   68 262 -361  1
4218500 2850500  9 18 10  16.0 1024 167  3.8 2  6.2  59  414   72 276 -378  1
4218500 2850500  9 18 11  17.4 1024 178  3.5 3  5.9  51  480   89 289 -396  1
4218500 2850500  9 18 12  18.2 1023 188  4.3 4  5.3  42  501  100 296 -412  1
4218500 2850500  9 18 13  18.9 1023 189  4.5 5  5.0  38  412  165 303 -423  1
4218500 2850500  9 18 14  19.4 1022 183  3.4 5  5.2  38  327  190 308 -430  1
4218500 2850500  9 18 15  19.6 1022 189  3.5 4  5.2  37  294  158 309 -432  1
4218500 2850500  9 18 16  19.5 1021 178  3.8 4  5.3  38  221  126 308 -429  1
4218500 2850500  9 18 17  18.6 1020 162  4.0 3  5.1  38  127   91 304 -422  1
4218500 2850500  9 18 18  16.3 1020 164  2.8 3  5.0  41   26   48 297 -410  1
4218500 2850500  9 18 19  13.4 1019 153  2.6 3  5.2  50    0    4 291 -398  1
4218500 2850500  9 18 20  11.6 1019 142  2.7 2  5.4  60    0    0 281 -388  1
4218500 2850500  9 18 21  10.5 1018 139  3.2 2  5.5  67    0    0 274 -382  1
4218500 2850500  9 18 22  10.1 1018 158  2.9 1  5.6  72    0    0 269 -377  1
4218500 2850500  9 18 23   9.9 1018 151  3.3 1  5.6  73    0    0 266 -373  1
4218500 2850500  9 18 24   9.2 1018 150  3.3 0  5.6  76    0    0 262 -369  1
4218500 2850500  9 19  1   8.6 1017 148  3.0 1  5.7  81    0    0 261 -365  1
4218500 2850500  9 19  2   7.8 1017 152  3.4 0  5.7  84    0    0 260 -363  1
4218500 2850500  9 19  3   7.9 1016 157  2.9 1  5.5  84    0    0 258 -361  1
4218500 2850500  9 19  4   7.2 1016 158  3.1 1  5.4  84    0    0 262 -360  1
4218500 2850500  9 19  5   6.5 1016 162  3.0 1  5.4  87    0    0 262 -359  1
4218500 2850500  9 19  6   6.1 1015 161  3.2 2  5.5  92    0    0 267 -358  1
4218500 2850500  9 19  7   8.1 1015 179  3.3 4  5.5  87   28   31 282 -358  1
4218500 2850500  9 19  8  10.4 1015 176  3.0 4  5.6  77  109   74 295 -363  1
4218500 2850500  9 19  9  13.6 1016 181  3.4 5  5.8  66  163  127 309 -375  1
4218500 2850500  9 19 10  16.2 1016 183  4.1 6  5.9  56  286  143 326 -391  1
4218500 2850500  9 19 11  18.4 1015 187  4.1 6  6.1  50  405  136 338 -409  1
4218500 2850500  9 19 12  19.8 1015 184  4.8 6  6.1  45  433  148 343 -424  1
4218500 2850500  9 19 13  21.5 1014 182  5.7 6  6.1  40  381  190 348 -437  1
4218500 2850500  9 19 14  22.0 1013 175  5.1 6  6.0  37  334  192 352 -444  1
4218500 2850500  9 19 15  22.3 1013 177  5.2 6  5.8  35  241  188 354 -447  1
4218500 2850500  9 19 16  22.3 1012 178  4.9 6  5.5  33  162  154 354 -444  1
4218500 2850500  9 19 17  21.4 1011 176  4.5 5  5.3  32  107  100 349 -437  1
4218500 2850500  9 19 18  18.5 1011 165  3.3 6  5.5  38   21   46 343 -428  1
4218500 2850500  9 19 19  16.5 1011 150  3.3 4  5.5  44    0    2 332 -420  1
4218500 2850500  9 19 20  13.9 1011 157  3.5 3  5.8  54    0    0 312 -415  1
4218500 2850500  9 19 21  13.1 1010 161  3.9 2  6.3  65    0    0 300 -412  1
4218500 2850500  9 19 22  12.6 1010 158  3.6 2  6.4  69    0    0 296 -411  1
4218500 2850500  9 19 23  11.3 1010 169  3.6 2  6.6  75    0    0 293 -409  1
4218500 2850500  9 19 24  11.1 1010 181  3.2 1  6.6  80    0    0 284 -405  1
4218500 2850500  9 20  1   9.8 1009 192  3.2 2  6.7  84    0    0 281 -403  1
4218500 2850500  9 20  2   9.6 1009 174  3.2 1  6.6  88    0    0 280 -402  1
4218500 2850500  9 20  3   9.9 1009 180  3.4 1  6.5  86    0    0 274 -402  1
4218500 2850500  9 20  4   9.3 1009 182  3.3 2  6.6  88    0    0 277 -402  1
4218500 2850500  9 20  5   8.9 1008 185  3.0 3  6.7  92    0    0 285 -402  1
4218500 2850500  9 20  6   9.1 1008 190  3.0 2  6.7  93    0    0 284 -402  1
4218500 2850500  9 20  7   9.6 1008 184  2.8 2  6.9  93   32   30 279 -401  1
4218500 2850500  9 20  8  12.5 1008 193  3.1 0  7.2  87  139   64 271 -402  1
4218500 2850500  9 20  9  15.6 1008 230  2.1 1  7.6  76  265   84 275 -405  1
4218500 2850500  9 20 10  18.6 1009 239  2.2 1  8.1  66  380   97 292 -407  1
4218500 2850500  9 20 11  19.5 1009 270  2.9 4  8.6  62  164  236 319 -406  1
4218500 2850500  9 20 12  19.3 1009 268  3.9 6  8.9  63   55  247 349 -408  1
4218500 2850500  9 20 13  18.9 1009 278  4.0 7  9.1  65   16  219 364 -414  1
4218500 2850500  9 20 14  19.1 1010 277  4.0 6  9.4  68    0  138 363 -417  1
4218500 2850500  9 20 15  18.0 1010 282  4.3 6  9.9  74    1  136 357 -417  1
4218500 2850500  9 20 16  18.2 1010 288  3.0 6 10.2  78    1  105 355 -416  1
4218500 2850500  9 20 17  18.3 1010 284  2.5 6 10.3  78    7   86 357 -416  1
4218500 2850500  9 20 18  17.0 1010 272  1.7 6 10.2  80    8   37 355 -413  1
4218500 2850500  9 20 19  15.3 1011 216  1.8 6 10.2  88    0    0 350 -408  1
4218500 2850500  9 20 20  15.2 1011 232  2.4 6 10.1  93    0    0 345 -401  1
4218500 2850500  9 20 21  14.9 1012 252  2.4 5  9.9  92    0    0 339 -393  1
4218500 2850500  9 20 22  14.0 1012 251  2.9 5  9.5  92    0    0 331 -386  1
4218500 2850500  9 20 23  13.5 1012 277  3.1 4  9.2  93    0    0 323 -381  1
4218500 2850500  9 20 24  12.2 1012 288  2.7 2  8.8  94    0    0 304 -378  1
4218500 2850500  9 21  1  11.2 1012 297  2.3 2  8.1  94    0    0 290 -375  1
4218500 2850500  9 21  2  10.2 1012 207  2.0 2  7.7  96    0    0 284 -372  1
4218500 2850500  9 21  3   9.4 1012 235  2.0 2  7.2  96    0    0 277 -369  1
4218500 2850500  9 21  4   9.8 1012 195  2.1 2  7.2  96    0    0 272 -367  1
4218500 2850500  9 21  5   9.1 1012 206  2.2 2  7.2  98    0    0 268 -365  1
4218500 2850500  9 21  6   9.7 1011 203  2.2 3  7.3  99    0    0 269 -362  1
4218500 2850500  9 21  7  10.3 1011 180  2.4 5  7.5  98   11   32 286 -360  1
4218500 2850500  9 21  8  11.3 1011 178  2.2 4  7.8  96   54   96 292 -365  1
4218500 2850500  9 21  9  15.0 1010 226  2.8 4  8.1  85  120  161 290 -377  1
4218500 2850500  9 21 10  16.4 1010 221  4.3 6  8.1  72  116  225 314 -393  1
4218500 2850500  9 21 11  17.6 1010 219  4.2 7  8.0  66   62  254 343 -409  1
4218500 2850500  9 21 12  18.0 1009 229  4.9 6  7.4  58   76  275 344 -422  1
4218500 2850500  9 21 13  18.0 1009 215  6.6 7  6.5  51   47  264 343 -430  1
4218500 2850500  9 21 14  17.7 1008 201  6.0 7  6.1  48    6  190 348 -434  1
4218500 2850500  9 21 15  17.3 1007 236  5.5 7  6.1  49    0  115 348 -434  1
4218500 2850500  9 21 16  17.3 1007 219  6.3 7  6.2  50    0   78 350 -430  1
4218500 2850500  9 21 17  17.3 1006 220  6.1 7  6.2  50    0   70 351 -424  1
4218500 2850500  9 21 18  17.0 1005 219  5.0 8  6.1  50    0   26 358 -417  1
4218500 2850500  9 21 19  16.5 1004 205  4.7 7  6.2  52    0    0 358 -410  1
4218500 2850500  9 21 20  16.3 1004 221  5.6 8  6.3  53    0    0 353 -405  1
4218500 2850500  9 21 21  16.1 1003 226  6.1 8  6.4  55    0    0 360 -403  1
4218500 2850500  9 21 22  15.9 1003 231  6.6 8  6.5  57    0    0 366 -402  1
4218500 2850500  9 21 23  15.7 1002 223  6.3 7  7.2  64    0    0 367 -401  1
4218500 2850500  9 21 24  15.4 1002 206  5.3 5  7.8  71    0    0 361 -400  1
4218500 2850500  9 22  1  15.0 1002 191  4.1 4  8.6  79    0    0 333 -383  1
4218500 2850500  9 22  2  14.5 1003 180  3.0 3  9.1  86    0    0 310 -381  1
4218500 2850500  9 22  3  14.0 1003 176  2.1 2  9.4  91    0    0 308 -378  1
4218500 2850500  9 22  4  13.6 1003 179  1.9 3  9.1  91    0    0 321 -376  1
4218500 2850500  9 22  5  13.4 1003 179  2.0 2  9.0  91    0    0 328 -375  1
4218500 2850500  9 22  6  12.5 1003 170  1.7 2  8.5  91    0    0 317 -375  1
4218500 2850500  9 22  7  12.6 1003 189  2.4 2  8.4  91   22   28 306 -376  1
4218500 2850500  9 22  8  14.3 1004 191  2.6 2  8.6  88  111   64 308 -380  1
4218500 2850500  9 22  9  15.9 1004 196  3.0 3  8.8  81   36  145 316 -391  1
4218500 2850500  9 22 10  16.6 1004 208  4.3 6  9.0  77   15  181 340 -407  1
4218500 2850500  9 22 11  17.4 1004 191  3.4 6  9.0  74    7  192 359 -423  1
4218500 2850500  9 22 12  19.9 1004 204  4.7 4  9.0  66  246  230 356 -432  1
4218500 2850500  9 22 13  19.8 1004 219  5.1 5  9.3  63   58  251 357 -435  1
4218500 2850500  9 22 14  19.8 1004 223  5.2 7  9.4  65    0  155 370 -441  1
4218500 2850500  9 22 15  19.7 1004 224  3.6 6  9.7  66    6  161 374 -445  1
4218500 2850500  9 22 16  20.5 1005 219  4.0 5  9.9  67   40  155 366 -442  1
4218500 2850500  9 22 17  20.4 1005 221  3.3 5  9.9  65   38  102 363 -436  1
4218500 2850500  9 22 18  20.2 1005 188  2.3 6  9.9  66    5   35 366 -429  1
4218500 2850500  9 22 19  19.3 1005 155  2.6 7 10.0  68    0    0 371 -420  1
4218500 2850500  9 22 20  18.6 1005 169  2.0 6 10.1  73    0    0 368 -415  1
4218500 2850500  9 22 21  17.9 1006 175  2.4 6 10.3  78    0    0 362 -411  1
4218500 2850500  9 22 22  17.1 1006 198  2.6 4 10.3  82    0    0 351 -407  1
4218500 2850500  9 22 23  17.0 1006 169  1.6 4 10.2  83    0    0 340 -406  1
4218500 2850500  9 22 24  16.5 1006 162  1.9 5 10.1  84    0    0 344 -405  1
4218500 2850500  9 23  1  16.6 1006 195  3.2 6 10.1  85    0    0 353 -403  1
4218500 2850500  9 23  2  16.6 1006 189  2.0 6 10.1  85    0    0 357 -402  1
4218500 2850500  9 23  3  16.7 1006 179  1.7 5 10.2  85    0    0 351 -402  1
4218500 2850500  9 23  4  16.1 1006 196  3.1 4 10.2  87    0    0 342 -402  1
4218500 2850500  9 23  5  16.1 1006 187  2.4 4 10.2  88    0    0 339 -401  1
4218500 2850500  9 23  6  15.9 1006 185  1.8 4 10.3  89    0    0 342 -400  1
4218500 2850500  9 23  7  15.7 1006 188  2.7 4 10.3  91   14   25 342 -400  1
4218500 2850500  9 23  8  17.1 1006 197  2.1 4 10.6  90   76   73 344 -402  1
4218500 2850500  9 23  9  18.9 1006 200  2.7 4 11.0  84  218   90 350 -406  1
4218500 2850500  9 23 10  21.3 1006 206  3.9 4 11.1  75  256  140 358 -411  1
4218500 2850500  9 23 11  22.9 1007 218  4.8 5 11.2  67  185  221 369 -421  1
4218500 2850500  9 23 12  23.1 1006 195  5.3 6 11.3  64   52  248 379 -434  1
4218500 2850500  9 23 13  23.8 1006 218  5.1 6 11.1  61   10  206 384 -444  1
4218500 2850500  9 23 14  23.5 1006 194  4.7 5 10.5  57   76  239 381 -451  1
4218500 2850500  9 23 15  23.7 1006 220  5.0 5 10.1  55   67  203 377 -449  1
4218500 2850500  9 23 16  23.3 1006 248  3.4 6 10.1  55    9  129 380 -445  1
4218500 2850500  9 23 17  23.2 1006 242  3.7 5 10.5  58   15   92 380 -442  1
4218500 2850500  9 23 18  22.5 1006 248  3.0 6 10.9  62    6   33 378 -436  1
4218500 2850500  9 23 19  21.6 1007 277  2.8 6 11.1  66    0    0 379 -428  1
4218500 2850500  9 23 20  20.5 1007 264  2.6 4 11.3  72    0    0 369 -421  1
4218500 2850500  9 23 21  19.1 1008 269  3.5 3 11.2  76    0    0 354 -419  1
4218500 2850500  9 23 22  18.5 1008 236  3.1 1 11.0  80    0    0 342 -418  1
4218500 2850500  9 23 23  17.5 1009 234  1.5 1 11.1  85    0    0 333 -415  1
4218500 2850500  9 23 24  17.0 1009  38  1.3 0 11.1  89    0    0 328 -412  1
4218500 2850500  9 24  1  16.1 1009 199  2.8 1 10.9  92    0    0 326 -410  1
4218500 2850500  9 24  2  15.8 1010 189  1.1 2 10.6  93    0    0 330 -409  1
4218500 2850500  9 24  3  15.4 1010 204  1.7 4 10.3  92    0    0 337 -406  1
4218500 2850500  9 24  4  15.2 1010 223  3.1 3 10.2  93    0    0 337 -404  1
4218500 2850500  9 24  5  15.1 1010 215  2.3 4 10.1  93    0    0 336 -405  1
4218500 2850500  9 24  6  15.2 1010 233  2.1 5 10.2  94    0    0 342 -404  1
4218500 2850500  9 24  7  15.6 1010 219  3.3 6 10.3  94    8   19 349 -404  1
4218500 2850500  9 24  8  16.6 1011 222  2.9 6 10.5  91    8   67 353 -406  1
4218500 2850500  9 24  9  17.5 1011 228  3.0 6 10.7  87  145  100 356 -414  1
4218500 2850500  9 24 10  20.2 1011 237  2.8 2 10.8  79  394   80 350 -424  1
4218500 2850500  9 24 11  22.7 1012 255  3.6 3 10.6  66  375   97 351 -436  1
4218500 2850500  9 24 12  23.5 1012 242  4.5 4 10.1  57  198  208 362 -448  1
4218500 2850500  9 24 13  24.0 1011 274  3.4 4  9.8  53  179  217 365 -454  1
4218500 2850500  9 24 14  23.9 1011 288  5.1 4  9.7  52   33  200 367 -457  1
4218500 2850500  9 24 15  23.5 1011 253  4.8 5  9.3  50   74  180 367 -458  1
4218500 2850500  9 24 16  25.1 1010 267  5.4 5  8.4  44   96  135 367 -453  1
4218500 2850500  9 24 17  24.2 1010 269  5.9 4  8.2  42   49   85 363 -445  1
4218500 2850500  9 24 18  23.1 1010 257  4.5 5  8.5  46   15   30 359 -433  1
4218500 2850500  9 24 19  21.5 1010 270  3.5 5  8.5  50    0    0 357 -420  1
4218500 2850500  9 24 20  20.0 1010 259  2.7 5  8.5  55    0    0 351 -411  1
4218500 2850500  9 24 21  19.1 1011 249  2.1 5  8.5  60    0    0 347 -405  1
4218500 2850500  9 24 22  18.0 1011 248  2.9 3  8.6  64    0    0 339 -400  1
4218500 2850500  9 24 23  17.2 1011 199  1.3 2  8.6  68    0    0 327 -394  1
4218500 2850500  9 24 24  15.9 1011 219  1.1 1  8.4  72    0    0 316 -391  1
4218500 2850500  9 25  1  15.3 1011 199  2.8 1  8.4  75    0    0 309 -387  1
4218500 2850500  9 25  2  14.7 1011 150  1.4 2  8.4  79    0    0 308 -385  1
4218500 2850500  9 25  3  14.2 1010 166  1.8 3  8.4  81    0    0 312 -383  1
4218500 2850500  9 25  4  14.0 1010 187  3.2 3  8.2  81    0    0 313 -382  1
4218500 2850500  9 25  5  13.8 1009 153  2.6 4  8.0  80    0    0 313 -381  1
4218500 2850500  9 25  6  13.4 1008 169  2.4 6  8.0  82    0    0 323 -379  1
4218500 2850500  9 25  7  13.6 1008 163  3.3 6  8.1  83    3   18 330 -379  1
4218500 2850500  9 25  8  14.9 1007 187  3.4 7  8.2  80   10   71 336 -383  1
4218500 2850500  9 25  9  16.6 1007 197  3.6 6  8.6  76   36  142 340 -395  1
4218500 2850500  9 25 10  18.7 1007 218  3.7 7  9.1  71    9  165 347 -411  1
4218500 2850500  9 25 11  19.0 1007 213  3.7 7  9.3  68   19  207 356 -429  1
4218500 2850500  9 25 12  20.2 1007 251  3.0 7  9.5  66   34  238 358 -444  1
4218500 2850500  9 25 13  20.6 1007 270  3.3 7  9.6  64    4  187 361 -456  1
4218500 2850500  9 25 14  20.9 1006 243  3.3 7  9.6  62    2  163 362 -460  1
4218500 2850500  9 25 15  21.3 1006 221  3.5 6  9.7  61   62  201 358 -458  1
4218500 2850500  9 25 16  22.2 1006 215  3.9 5  9.5  58  113  154 349 -454  1
4218500 2850500  9 25 17  21.7 1005 216  3.5 5  9.3  56   48   95 345 -448  1
4218500 2850500  9 25 18  21.0 1005 223  2.8 6  9.1  57    8   31 350 -438  1
4218500 2850500  9 25 19  19.6 1005 205  3.2 6  9.2  61    0    0 353 -427  1
4218500 2850500  9 25 20  18.3 1005 196  3.0 6  9.4  68    0    0 349 -418  1
4218500 2850500  9 25 21  18.0 1005 200  2.5 6  9.6  73    0    0 346 -413  1
4218500 2850500  9 25 22  17.5 1005 196  3.5 6 10.1  79    0    0 344 -411  1
4218500 2850500  9 25 23  17.2 1005 203  2.1 6 10.4  83    0    0 343 -410  1
4218500 2850500  9 25 24  17.1 1005 214  2.2 6 10.4  84    0    0 343 -408  1
4218500 2850500  9 26  1  16.4 1005 224  1.5 8 10.2  84    0    0 357 -408  1
4218500 2850500  9 26  2  16.1 1004 176  1.1 8 10.0  85    0    0 369 -408  1
4218500 2850500  9 26  3  15.2 1004 141  1.8 8  9.9  88    0    0 368 -406  1
4218500 2850500  9 26  4  14.9 1004 178  1.7 8  9.8  91    0    0 367 -404  1
4218500 2850500  9 26  5  14.6 1003 120  1.4 8  9.7  92    0    0 367 -404  1
4218500 2850500  9 26  6  13.9 1003 142  1.5 7  9.7  94    0    0 359 -403  1
4218500 2850500  9 26  7  14.0 1003 150  2.4 7  9.7  96    0    8 352 -401  1
4218500 2850500  9 26  8  14.4 1002 168  2.6 7  9.8  96    0   36 353 -401  1
4218500 2850500  9 26  9  15.0 1002 150  2.1 8 10.0  94    0   79 361 -403  1
4218500 2850500  9 26 10  16.0 1002 180  3.0 8 10.1  91    0  103 370 -409  1
4218500 2850500  9 26 11  16.7 1002 162  2.6 7 10.4  88    0  116 367 -416  1
4218500 2850500  9 26 12  16.4 1002 160  2.4 8 10.6  89    0  117 368 -423  1
4218500 2850500  9 26 13  16.5 1001 178  2.9 8 10.8  91    0  112 375 -426  1
4218500 2850500  9 26 14  16.6 1001 169  2.5 8 11.2  94    0   78 375 -424  1
4218500 2850500  9 26 15  16.9 1001 181  2.7 8 11.7  96    0   64 375 -421  1
4218500 2850500  9 26 16  17.0 1000 191  2.7 8 12.0  98    0   58 375 -419  1
4218500 2850500  9 26 17  16.9 1000 199  3.3 8 11.9  97    0   29 374 -415  1
4218500 2850500  9 26 18  16.6  999 211  2.8 7 11.8  97    0    7 369 -410  1
4218500 2850500  9 26 19  16.6  999 237  3.2 7 11.9  99    0    0 364 -405  1
4218500 2850500  9 26 20  16.0 1000 235  3.6 7 11.6  98    0    0 361 -401  1
4218500 2850500  9 26 21  15.3 1000 274  2.7 5 11.0  98    0    0 349 -401  1
4218500 2850500  9 26 22  15.0 1000 230  4.8 4 10.7  98    0    0 335 -400  1
4218500 2850500  9 26 23  14.8 1001 234  4.1 4 10.1  94    0    0 331 -398  1
4218500 2850500  9 26 24  14.0 1001 235  4.0 3  9.4  91    0    0 325 -396  1
4218500 2850500  9 27  1  13.3 1002 245  4.4 1  9.1  92    0    0 309 -395  1
4218500 2850500  9 27  2  13.0 1002 238  3.3 1  8.7  91    0    0 298 -393  1
4218500 2850500  9 27  3  12.6 1002 235  4.2 1  8.3  89    0    0 298 -391  1
4218500 2850500  9 27  4  12.0 1003 232  3.9 1  8.2  90    0    0 298 -389  1
4218500 2850500  9 27  5  11.9 1003 212  3.9 1  8.1  92    0    0 297 -389  1
4218500 2850500  9 27  6  11.5 1003 211  4.1 2  8.0  92    0    0 301 -390  1
4218500 2850500  9 27  7  11.6 1002 208  4.3 2  7.9  92   12   23 305 -391  1
4218500 2850500  9 27  8  12.5 1003 227  4.6 3  8.1  91   86   71 310 -393  1
4218500 2850500  9 27  9  14.2 1003 231  4.8 4  8.3  86  204   99 322 -400  1
4218500 2850500  9 27 10  16.0 1003 224  4.9 5  8.5  78  275  134 336 -410  1
4218500 2850500  9 27 11  17.5 1003 223  5.2 5  8.7  72  264  194 344 -420  1
4218500 2850500  9 27 12  18.6 1003 236  5.6 7  8.5  65  115  256 357 -430  1
4218500 2850500  9 27 13  18.4 1003 239  5.1 7  8.5  63   62  248 366 -437  1
4218500 2850500  9 27 14  19.2 1003 222  4.4 5  8.6  63   95  244 358 -441  1
4218500 2850500  9 27 15  19.8 1002 206  5.9 3  8.5  59  120  208 345 -441  1
4218500 2850500  9 27 16  19.9 1002 235  4.9 3  8.0  55  122  150 338 -438  1
4218500 2850500  9 27 17  19.7 1001 225  4.3 4  7.8  53   57   93 340 -431  1
4218500 2850500  9 27 18  18.8 1001 213  3.8 6  7.8  55    4   30 348 -421  1
4218500 2850500  9 27 19  17.8 1001 190  3.5 7  7.9  60    0    0 356 -409  1
4218500 2850500  9 27 20  16.5 1000 176  3.1 7  8.1  65    0    0 356 -401  1
4218500 2850500  9 27 21  16.0 1001 175  3.4 6  8.1  70    0    0 349 -398  1
4218500 2850500  9 27 22  15.9 1000 199  4.2 5  8.1  70    0    0 338 -395  1
4218500 2850500  9 27 23  16.2 1000 194  3.9 5  8.1  70    0    0 331 -392  1
4218500 2850500  9 27 24  15.6 1000 194  3.7 4  8.4  73    0    0 326 -391  1
4218500 2850500  9 28  1  14.8 1000 198  3.8 5  8.5  78    0    0 324 -390  1
4218500 2850500  9 28  2  14.7 1000 194  3.6 7  8.4  79    0    0 337 -390  1
4218500 2850500  9 28  3  15.3  999 188  3.8 8  8.4  78    0    0 352 -390  1
4218500 2850500  9 28  4  15.9  999 210  3.8 7  8.4  75    0    0 355 -391  1
4218500 2850500  9 28  5  15.6  998 202  3.8 7  8.3  73    0    0 350 -392  1
4218500 2850500  9 28  6  15.7  998 196  3.3 7  8.4  75    0    0 351 -392  1
4218500 2850500  9 28  7  15.0  998 206  3.9 7  8.6  77    1   17 351 -392  1
4218500 2850500  9 28  8  15.6  998 211  4.2 7  8.6  78   40   72 350 -393  1
4218500 2850500  9 28  9  16.9  998 211  5.0 6  8.8  75   81  131 348 -397  1
4218500 2850500  9 28 10  17.9  999 233  5.3 7  8.9  71   37  184 355 -405  1
4218500 2850500  9 28 11  18.7  999 237  5.8 7  8.9  67   18  199 366 -413  1
4218500 2850500  9 28 12  19.3  999 225  5.8 7  8.8  63   55  235 372 -416  1
4218500 2850500  9 28 13  19.7  999 231  6.0 7  8.6  60   56  233 375 -418  1
4218500 2850500  9 28 14  19.7  999 224  6.8 6  8.4  58  102  228 371 -422  1
4218500 2850500  9 28 15  19.9  998 220  5.8 7  8.4  57   67  188 370 -424  1
4218500 2850500  9 28 16  20.5  998 207  3.8 8  8.4  56    4  116 378 -415  1
4218500 2850500  9 28 17  20.1  997 201  4.7 7  8.4  56    0   61 378 -404  1
4218500 2850500  9 28 18  19.3  997 202  4.4 6  8.5  58    0    9 368 -399  1
4218500 2850500  9 28 19  18.2  998 230  3.8 7  8.6  63    0    0 365 -395  1
4218500 2850500  9 28 20  16.6  998 260  4.1 7  8.9  70    0    0 366 -391  1
4218500 2850500  9 28 21  15.6  999 253  3.9 7  9.2  79    0    0 362 -389  1
4218500 2850500  9 28 22  15.7 1000 258  4.6 7  9.1  81    0    0 361 -388  1
4218500 2850500  9 28 23  16.0 1000 240  4.8 7  8.9  78    0    0 362 -388  1
4218500 2850500  9 28 24  15.2 1001 244  5.0 7  8.7  77    0    0 361 -390  1
4218500 2850500  9 29  1  15.1 1001 243  4.3 6  8.3  76    0    0 355 -390  1
4218500 2850500  9 29  2  14.5 1001 217  4.5 6  8.1  76    0    0 348 -390  1
4218500 2850500  9 29  3  13.9 1001 220  4.0 7  8.1  79    0    0 351 -389  1
4218500 2850500  9 29  4  14.0 1001 248  4.6 7  8.1  81    0    0 356 -389  1
4218500 2850500  9 29  5  14.0 1002 226  4.7 7  8.1  80    0    0 357 -389  1
4218500 2850500  9 29  6  13.5 1002 222  4.5 7  8.0  80    0    0 356 -389  1
4218500 2850500  9 29  7  13.0 1002 231  4.0 5  7.8  82    8   22 343 -388  1
4218500 2850500  9 29  8  12.9 1002 218  4.1 2  7.8  83   96   66 316 -389  1
4218500 2850500  9 29  9  14.1 1002 213  4.8 2  7.9  80  181  102 304 -393  1
4218500 2850500  9 29 10  15.9 1002 212  4.8 1  7.8  73  360   89 305 -400  1
4218500 2850500  9 29 11  17.7 1002 216  5.1 2  7.8  65  388  127 315 -410  1
4218500 2850500  9 29 12  18.1 1001 210  5.4 5  7.9  61  180  244 340 -413  1
4218500 2850500  9 29 13  19.4 1000 201  6.5 6  7.9  58  155  253 361 -412  1
4218500 2850500  9 29 14  19.6 1000 222  7.4 6  7.8  54    4  171 367 -415  1
4218500 2850500  9 29 15  17.9  999 200  6.1 7  8.1  60    0   75 369 -413  1
4218500 2850500  9 29 16  17.8  998 218  5.7 8  8.6  66    0   70 373 -408  1
4218500 2850500  9 29 17  17.8  997 195  5.3 7  8.7  68    0   44 375 -402  1
4218500 2850500  9 29 18  17.7  996 189  5.1 7  8.8  68    0    9 373 -398  1
4218500 2850500  9 29 19  17.8  995 198  6.3 8  9.0  69    0    0 379 -394  1
4218500 2850500  9 29 20  15.8  995 192  5.6 8  9.6  78    0    0 382 -392  1
4218500 2850500  9 29 21  15.7  994 203  6.6 8 10.3  90    0    0 381 -390  1
4218500 2850500  9 29 22  15.6  993 237  6.2 8 10.6  93    0    0 382 -388  1
4218500 2850500  9 29 23  15.1  993 233  5.7 8 10.5  94    0    0 382 -388  1
4218500 2850500  9 29 24  14.9  993 236  5.3 7 10.2  93    0    0 374 -388  1
4218500 2850500  9 30  1  14.4  993 236  4.5 5  9.8  92    0    0 354 -388  1
4218500 2850500  9 30  2  14.1  994 221  3.4 5  9.6  92    0    0 341 -387  1
4218500 2850500  9 30  3  14.0  994 213  3.5 7  9.5  92    0    0 352 -386  1
4218500 2850500  9 30  4  14.2  993 216  3.8 7  9.5  92    0    0 363 -386  1
4218500 2850500  9 30  5  14.6  993 202  3.5 7  9.6  91    0    0 363 -386  1
4218500 2850500  9 30  6  14.2  992 197  3.2 6  9.6  91    0    0 357 -385  1
4218500 2850500  9 30  7  14.2  992 184  3.7 7  9.6  93    0   11 356 -383  1
4218500 2850500  9 30  8  14.5  992 200  3.9 7  9.7  93    1   57 360 -383  1
4218500 2850500  9 30  9  15.9  992 208  4.8 6 10.1  91   32  127 356 -387  1
4218500 2850500  9 30 10  17.6  992 220  5.7 6 10.3  84   91  174 354 -393  1
4218500 2850500  9 30 11  18.4  992 218  6.5 7 10.2  77   49  207 362 -398  1
4218500 2850500  9 30 12  19.1  992 216  6.8 7 10.0  72   32  218 367 -406  1
4218500 2850500  9 30 13  18.9  991 212  6.2 7  9.8  70   12  196 366 -411  1
4218500 2850500  9 30 14  17.2  991 193  5.5 7 10.2  77    0  132 364 -409  1
4218500 2850500  9 30 15  16.8  991 207  4.8 8 10.6  86    0   97 367 -405  1
4218500 2850500  9 30 16  17.2  991 210  5.1 7 10.9  87    0   75 368 -402  1
4218500 2850500  9 30 17  17.7  990 211  4.6 7 10.8  85    0   42 366 -396  1
4218500 2850500  9 30 18  16.6  990 211  4.7 7 10.5  84    0   14 365 -392  1
4218500 2850500  9 30 19  17.3  990 218  5.6 7 10.3  83    0    0 365 -390  1
4218500 2850500  9 30 20  16.9  990 204  5.2 7  9.9  79    0    0 365 -388  1
4218500 2850500  9 30 21  16.9  990 219  5.6 7  9.5  77    0    0 364 -386  1
4218500 2850500  9 30 22  16.7  990 235  5.5 7  9.3  76    0    0 363 -385  1
4218500 2850500  9 30 23  16.4  990 220  5.7 6  8.9  74    0    0 356 -383  1
4218500 2850500  9 30 24  15.8  991 218  5.6 7  8.8  75    0    0 352 -381  1
4218500 2850500 10  1  1  15.5  991 226  5.1 6  8.6  76    0    0 345 -382  1
4218500 2850500 10  1  2  15.3  991 222  5.6 7  8.6  76    0    0 349 -381  1
4218500 2850500 10  1  3  15.0  991 224  5.8 6  8.4  76    0    0 349 -381  1
4218500 2850500 10  1  4  14.3  991 225  4.6 7  8.3  78    0    0 346 -381  1
4218500 2850500 10  1  5  14.3  991 219  5.4 7  8.3  79    0    0 350 -380  1
4218500 2850500 10  1  6  13.5  991 216  5.4 7  8.4  82    0    0 350 -380  1
4218500 2850500 10  1  7  13.1  991 210  5.8 8  8.7  89    0    2 353 -379  1
4218500 2850500 10  1  8  13.3  991 229  6.1 8  9.0  93    0   27 359 -380  1
4218500 2850500 10  1  9  13.1  992 233  7.1 8  9.0  93    0   82 358 -382  1
4218500 2850500 10  1 10  13.5  992 240  7.1 6  8.5  87   41  186 346 -387  1
4218500 2850500 10  1 11  14.6  993 242  7.7 6  8.0  79  111  229 338 -392  1
4218500 2850500 10  1 12  15.3  993 249  9.1 7  7.6  70    9  192 342 -394  1
4218500 2850500 10  1 13  16.4  994 257  8.8 5  7.1  62   74  233 337 -398  1
4218500 2850500 10  1 14  12.3  995 257  7.6 2  7.3  70  133  224 310 -402  1
4218500 2850500 10  1 15  15.3  996 273  8.9 4  7.0  70  181  184 304 -405  1
4218500 2850500 10  1 16  15.5  997 255  9.5 4  6.4  58  111  139 315 -406  1
4218500 2850500 10  1 17  14.8  998 267  6.6 5  6.4  59   40   76 321 -401  1
4218500 2850500 10  1 18  14.4  998 250  6.3 3  6.4  61    4   15 317 -395  1
4218500 2850500 10  1 19  13.8  999 228  4.0 3  6.5  64    0    0 309 -392  1
4218500 2850500 10  1 20  13.6 1000 234  4.0 5  6.6  66    0    0 319 -392  1
4218500 2850500 10  1 21  13.3 1001 217  3.6 8  6.3  65    0    0 340 -390  1
4218500 2850500 10  1 22  13.6 1001 217  4.8 8  6.2  64    0    0 353 -389  1
4218500 2850500 10  1 23  13.9 1001 213  5.2 8  6.4  64    0    0 356 -388  1
4218500 2850500 10  1 24  14.3 1001 209  4.7 8  6.7  66    0    0 359 -387  1
4218500 2850500 10  2  1  14.2 1001 206  5.7 7  7.1  69    0    0 357 -386  1
4218500 2850500 10  2  2  14.1 1001 204  5.7 7  7.3  72    0    0 354 -385  1
4218500 2850500 10  2  3  14.3 1002 205  5.7 7  7.5  73    0    0 354 -383  1
4218500 2850500 10  2  4  13.9 1002 199  5.6 5  7.4  73    0    0 346 -382  1
4218500 2850500 10  2  5  13.3 1001 193  5.3 3  7.4  75    0    0 329 -381  1
4218500 2850500 10  2  6  13.3 1001 193  5.3 1  7.5  78    0    0 313 -379  1
4218500 2850500 10  2  7  13.1 1001 196  6.2 2  7.5  78    8    9 309 -377  1
4218500 2850500 10  2  8  13.4 1001 188  6.4 5  7.4  77   77   24 321 -377  1
4218500 2850500 10  2  9  13.9 1000 186  5.8 6  7.5  76   54  100 333 -382  1
4218500 2850500 10  2 10  14.9 1000 180  6.7 7  7.6  73   43  150 341 -391  1
4218500 2850500 10  2 11  16.2 1000 183  7.1 7  7.7  69   15  166 347 -401  1
4218500 2850500 10  2 12  16.2 1000 183  6.7 7  7.8  67    1  150 348 -409  1
4218500 2850500 10  2 13  17.2  999 197  6.4 7  7.8  65    0  118 349 -415  1
4218500 2850500 10  2 14  17.6  998 191  7.0 7  7.9  63    0   90 353 -419  1
4218500 2850500 10  2 15  18.2  998 198  6.7 6  8.1  62    5  122 351 -420  1
4218500 2850500 10  2 16  18.6  998 199  5.7 7  8.1  60    5   88 353 -419  1
4218500 2850500 10  2 17  19.0  997 195  5.7 8  8.0  58    8   53 362 -414  1
4218500 2850500 10  2 18  18.4  997 178  5.2 5  7.7  56    1   11 354 -409  1
4218500 2850500 10  2 19  18.0  997 186  4.8 6  7.7  58    0    0 345 -404  1
4218500 2850500 10  2 20  17.8  997 188  4.7 5  7.6  58    0    0 344 -401  1
4218500 2850500 10  2 21  16.5  997 177  4.3 2  7.5  60    0    0 324 -399  1
4218500 2850500 10  2 22  16.0  997 186  3.7 1  7.5  64    0    0 302 -400  1
4218500 2850500 10  2 23  15.6  997 183  3.6 2  7.7  67    0    0 299 -400  1
4218500 2850500 10  2 24  16.5  997 195  4.5 7  7.8  68    0    0 328 -399  1
4218500 2850500 10  3  1  16.7  996 195  4.4 8  7.9  66    0    0 360 -399  1
4218500 2850500 10  3  2  16.4  996 192  3.8 7  7.9  66    0    0 359 -399  1
4218500 2850500 10  3  3  16.7  996 214  4.1 7  7.8  65    0    0 353 -398  1
4218500 2850500 10  3  4  16.3  996 235  3.9 7  7.5  63    0    0 351 -394  1
4218500 2850500 10  3  5  13.6  995 318  2.9 8  7.4  69    0    0 352 -391  1
4218500 2850500 10  3  6  12.1  996 302  4.4 7  7.5  80    0    0 346 -386  1
4218500 2850500 10  3  7  11.8  997 163  2.8 7  7.6  85    7   13 338 -380  1
4218500 2850500 10  3  8  12.4  997 215  3.5 7  7.7  86    7   55 338 -377  1
4218500 2850500 10  3  9  13.1  998 236  3.7 6  7.5  81   35  127 335 -376  1
4218500 2850500 10  3 10  13.3  999 221  4.3 6  7.4  77    9  151 332 -380  1
4218500 2850500 10  3 11  13.7 1000 233  4.8 7  7.5  77    0  109 340 -391  1
4218500 2850500 10  3 12  14.1 1000 237  6.3 7  7.3  72    0  122 345 -402  1
4218500 2850500 10  3 13  14.0 1001 220  4.6 7  6.8  68    0  100 342 -409  1
4218500 2850500 10  3 14  13.6 1000 194  4.9 7  6.7  67    0  103 340 -413  1
4218500 2850500 10  3 15  14.0 1000 198  4.6 7  6.7  67    0   78 337 -412  1
4218500 2850500 10  3 16  13.4 1000 205  4.5 8  6.9  69    0   33 339 -407  1
4218500 2850500 10  3 17  13.0 1001 194  4.8 8  6.9  72    0   27 341 -401  1
4218500 2850500 10  3 18  12.5 1001 195  4.0 6  6.7  73    0    7 329 -392  1
4218500 2850500 10  3 19  11.7 1001 197  4.6 6  6.6  74    0    0 318 -385  1
4218500 2850500 10  3 20  11.5 1002 182  4.0 6  6.5  75    0    0 316 -382  1
4218500 2850500 10  3 21  11.2 1002 208  4.0 6  6.4  76    0    0 316 -380  1
4218500 2850500 10  3 22  11.1 1002 215  4.7 7  6.4  77    0    0 321 -376  1
4218500 2850500 10  3 23  11.2 1002 211  4.4 7  6.4  77    0    0 327 -372  1
4218500 2850500 10  3 24  11.1 1002 216  4.7 6  6.3  76    0    0 323 -367  1
4218500 2850500 10  4  1  11.0 1002 220  4.2 7  6.3  76    0    0 323 -363  1
4218500 2850500 10  4  2  10.9 1002 213  5.0 7  6.3  77    0    0 328 -361  1
4218500 2850500 10  4  3  10.6 1003 224  4.5 8  6.4  78    0    0 333 -359  1
4218500 2850500 10  4  4  10.7 1003 236  4.0 7  6.3  78    0    0 334 -357  1
4218500 2850500 10  4  5  10.4 1003 219  3.9 7  6.3  79    0    0 328 -355  1
4218500 2850500 10  4  6  10.1 1003 217  3.6 7  6.3  80    0    0 327 -352  1
4218500 2850500 10  4  7   9.7 1003 218  3.9 4  6.3  82    4   13 311 -350  1
4218500 2850500 10  4  8  10.0 1004 219  4.7 2  6.3  82   88   55 286 -351  1
4218500 2850500 10  4  9  10.5 1004 216  5.9 2  6.3  80  223   72 276 -357  1
4218500 2850500 10  4 10  12.4 1004 230  5.3 2  6.2  73  337   87 279 -367  1
4218500 2850500 10  4 11  13.8 1004 217  5.6 2  6.2  65  278  159 285 -379  1
4218500 2850500 10  4 12  14.8 1005 227  5.6 2  6.1  59  154  224 289 -388  1
4218500 2850500 10  4 13  14.5 1005 254  5.0 2  5.9  56  107  218 292 -395  1
4218500 2850500 10  4 14  14.5 1005 249  5.3 5  5.7  55   10  163 304 -397  1
4218500 2850500 10  4 15  14.5 1005 222  5.1 7  5.7  55    0  105 324 -396  1
4218500 2850500 10  4 16  13.6 1005 220  3.8 7  5.8  58    0   54 330 -393  1
4218500 2850500 10  4 17  13.7 1005 226  4.4 6  6.1  62    1   50 324 -388  1
4218500 2850500 10  4 18  13.2 1005 194  3.7 7  6.2  64    0    9 322 -380  1
4218500 2850500 10  4 19  12.7 1006 204  3.0 7  6.3  67    0    0 323 -372  1
4218500 2850500 10  4 20  12.6 1006 203  2.9 7  6.4  70    0    0 322 -368  1
4218500 2850500 10  4 21  11.8 1007 210  2.6 7  6.5  73    0    0 321 -364  1
4218500 2850500 10  4 22  11.2 1007 201  2.2 7  6.5  77    0    0 319 -360  1
4218500 2850500 10  4 23  10.6 1007 242  2.5 7  6.5  80    0    0 317 -358  1
4218500 2850500 10  4 24  10.1 1007 200  2.3 5  6.5  82    0    0 308 -356  1
4218500 2850500 10  5  1   9.4 1008 193  1.8 5  6.4  85    0    0 297 -353  1
4218500 2850500 10  5  2   9.6 1008 244  1.8 7  6.5  87    0    0 304 -352  1
4218500 2850500 10  5  3   9.9 1009 248  1.7 6  6.7  88    0    0 309 -351  1
4218500 2850500 10  5  4  10.0 1009 273  2.9 7  6.8  88    0    0 311 -352  1
4218500 2850500 10  5  5   9.9 1009 254  2.4 6  6.7  88    0    0 311 -351  1
4218500 2850500 10  5  6   9.7 1010 271  2.9 6  6.6  87    0    0 306 -349  1
4218500 2850500 10  5  7   9.0 1010 269  3.3 6  6.5  88    5   13 305 -346  1
4218500 2850500 10  5  8   9.3 1011 282  3.5 6  6.6  91   14   58 304 -345  1
4218500 2850500 10  5  9   9.6 1011 271  3.2 6  6.7  90   54  125 305 -351  1
4218500 2850500 10  5 10  10.9 1012 268  3.7 3  6.7  85  183  150 294 -362  1
4218500 2850500 10  5 11  12.2 1012 271  3.8 2  6.5  77  307  151 279 -374  1
4218500 2850500 10  5 12  13.1 1012 281  3.6 3  6.4  70  305  181 283 -385  1
4218500 2850500 10  5 13  14.1 1013 262  3.8 5  6.5  67  134  223 300 -393  1
4218500 2850500 10  5 14  13.9 1013 306  3.9 4  6.5  65  112  206 306 -395  1
4218500 2850500 10  5 15  15.0 1013 292  3.5 2  6.3  61  201  156 298 -393  1
4218500 2850500 10  5 16  14.6 1013 299  3.2 3  6.1  58   82  123 298 -389  1
4218500 2850500 10  5 17  14.3 1013 300  3.5 7  5.8  57    3   53 313 -383  1
4218500 2850500 10  5 18  13.8 1013 282  3.3 6  5.7  57    0   10 321 -377  1
4218500 2850500 10  5 19  12.8 1014 300  3.0 7  5.9  62    0    0 319 -369  1
4218500 2850500 10  5 20  11.8 1014 297  2.0 7  6.0  68    0    0 320 -363  1
4218500 2850500 10  5 21  11.8 1015 261  2.6 6  6.2  71    0    0 317 -359  1
4218500 2850500 10  5 22  10.9 1015 258  2.3 6  6.3  76    0    0 313 -355  1
4218500 2850500 10  5 23  10.5 1015 274  2.2 6  6.5  81    0    0 312 -351  1
4218500 2850500 10  5 24  10.6 1015 271  2.9 6  6.5  81    0    0 311 -348  1
4218500 2850500 10  6  1  10.5 1016 285  3.4 4  6.5  81    0    0 302 -346  1
4218500 2850500 10  6  2   9.1 1015 281  2.6 3  6.4  84    0    0 288 -342  1
4218500 2850500 10  6  3   8.3 1015 275  2.9 1  6.2  88    0    0 272 -339  1
4218500 2850500 10  6  4   8.8 1015 280  2.7 3  6.1  88    0    0 272 -337  1
4218500 2850500 10  6  5   7.7 1015 277  2.7 4  6.0  89    0    0 284 -335  1
4218500 2850500 10  6  6   7.8 1015 274  3.0 6  6.1  93    0    0 294 -333  1
4218500 2850500 10  6  7   8.5 1015 270  2.8 8  6.3  94    0    8 312 -332  1
4218500 2850500 10  6  8   9.1 1015 279  2.8 8  6.5  93    2   49 322 -334  1
4218500 2850500 10  6  9   9.1 1016 269  3.7 8  6.6  92    0   73 322 -341  1
4218500 2850500 10  6 10   9.3 1016 282  3.3 8  6.7  92    0  106 323 -353  1
4218500 2850500 10  6 11   9.8 1016 284  4.8 7  6.8  91    0   95 320 -368  1
4218500 2850500 10  6 12  10.6 1016 276  5.0 6  6.9  89    1  159 314 -380  1
4218500 2850500 10  6 13  11.4 1017 295  4.6 5  7.0  85   11  186 309 -389  1
4218500 2850500 10  6 14  12.4 1016 285  4.6 5  7.0  80   49  205 308 -393  1
4218500 2850500 10  6 15  12.2 1016 299  3.3 7  7.0  79   30  169 317 -393  1
4218500 2850500 10  6 16  12.5 1016 301  2.9 7  6.9  77   29  124 322 -388  1
4218500 2850500 10  6 17   9.8 1016 300  2.9 8  6.7  81    0   35 322 -380  1
4218500 2850500 10  6 18  10.3 1016 264  2.0 7  6.8  89    0    0 318 -370  1
4218500 2850500 10  6 19  10.1 1016 304  3.2 7  6.9  89    0    0 314 -364  1
4218500 2850500 10  6 20  10.3 1016 263  2.7 7  6.8  88    0    0 313 -362  1
4218500 2850500 10  6 21  10.1 1016 278  2.5 7  6.8  88    0    0 313 -361  1
4218500 2850500 10  6 22  10.2 1016 288  3.1 6  6.9  89    0    0 311 -359  1
4218500 2850500 10  6 23   9.7 1016 279  4.0 6  6.8  89    0    0 307 -355  1
4218500 2850500 10  6 24   9.3 1016 281  3.7 6  6.6  89    0    0 306 -351  1
4218500 2850500 10  7  1   9.2 1016 281  3.8 7  6.6  90    0    0 310 -349  1
4218500 2850500 10  7  2   9.1 1016 283  4.2 6  6.6  91    0    0 310 -347  1
4218500 2850500 10  7  3   9.3 1016 279  4.2 7  6.6  92    0    0 313 -345  1
4218500 2850500 10  7  4   9.2 1016 289  4.4 7  6.7  92    0    0 319 -345  1
4218500 2850500 10  7  5   9.1 1016 275  4.6 8  6.7  93    0    0 325 -344  1
4218500 2850500 10  7  6   9.0 1017 282  4.8 8  6.7  94    0    0 330 -342  1
4218500 2850500 10  7  7   8.6 1017 289  4.6 7  6.6  94    2   11 326 -341  1
4218500 2850500 10  7  8   8.6 1017 295  4.5 7  6.5  94   31   49 320 -340  1
4218500 2850500 10  7  9   8.8 1018 282  4.6 8  6.5  94   19  110 325 -345  1
4218500 2850500 10  7 10   9.5 1018 289  4.8 7  6.5  91   41  166 325 -355  1
4218500 2850500 10  7 11  10.6 1019 276  4.4 5  6.6  86  109  189 314 -368  1
4218500 2850500 10  7 12  11.2 1019 284  4.6 6  6.5  81   63  211 311 -379  1
4218500 2850500 10  7 13  12.0 1020 276  5.2 5  6.5  77   48  195 313 -387  1
4218500 2850500 10  7 14  13.0 1020 278  5.1 4  6.6  74   92  181 308 -391  1
4218500 2850500 10  7 15  12.9 1020 289  3.7 5  6.5  71   86  149 309 -391  1
4218500 2850500 10  7 16  12.4 1020 277  4.3 6  6.4  71   15  102 313 -388  1
4218500 2850500 10  7 17  12.4 1020 256  4.1 6  6.5  73   10   55 316 -380  1
4218500 2850500 10  7 18  10.8 1020 242  1.7 7  6.5  77    0    9 317 -369  1
4218500 2850500 10  7 19  10.9 1019 264  2.4 7  6.6  82    0    0 318 -360  1
4218500 2850500 10  7 20  11.0 1019 242  2.8 7  6.5  80    0    0 317 -353  1
4218500 2850500 10  7 21  10.9 1019 235  3.1 7  6.4  79    0    0 313 -348  1
4218500 2850500 10  7 22  10.7 1019 226  3.4 7  6.2  78    0    0 312 -344  1
4218500 2850500 10  7 23  10.6 1019 227  3.7 6  6.2  77    0    0 315 -341  1
4218500 2850500 10  7 24  10.5 1019 232  4.1 4  6.2  78    0    0 310 -338  1
4218500 2850500 10  8  1  10.4 1013 238  4.3 3  6.3  79    0    0 280 -372  1
4218500 2850500 10  8  2  10.4 1014 244  4.5 2  6.4  80    0    0 278 -370  1
4218500 2850500 10  8  3  10.4 1014 247  4.6 2  6.5  82    0    0 277 -371  1
4218500 2850500 10  8  4  10.4 1015 244  4.5 3  6.5  82    0    0 274 -372  1
4218500 2850500 10  8  5  10.7 1015 240  4.4 4  6.6  82    0    0 291 -371  1
4218500 2850500 10  8  6  10.7 1015 239  4.3 7  6.7  82    0    0 319 -371  1
4218500 2850500 10  8  7  10.9 1015 224  4.0 6  6.6  82    0    7 322 -368  1
4218500 2850500 10  8  8  11.2 1015 238  5.4 6  6.5  79   43   53 316 -367  1
4218500 2850500 10  8  9  12.6 1015 241  5.8 5  6.5  75  156  105 312 -373  1
4218500 2850500 10  8 10  14.2 1016 254  7.5 5  6.6  69  244  141 312 -382  1
4218500 2850500 10  8 11  15.4 1016 253  6.9 5  6.7  64  298  170 315 -388  1
4218500 2850500 10  8 12  16.3 1016 260  7.4 5  6.7  60  201  201 320 -396  1
4218500 2850500 10  8 13  15.8 1016 259  6.2 5  6.7  59   58  148 320 -408  1
4218500 2850500 10  8 14  15.4 1016 261  5.2 7  6.8  61    0   82 324 -416  1
4218500 2850500 10  8 15  15.8 1016 265  4.6 7  7.0  63   21  104 329 -417  1
4218500 2850500 10  8 16  15.7 1016 281  4.1 6  7.2  64   26   89 327 -413  1
4218500 2850500 10  8 17  15.4 1016 274  3.3 6  7.1  65    5   43 323 -405  1
4218500 2850500 10  8 18  14.3 1016 270  2.4 5  7.1  67    0    0 313 -394  1
4218500 2850500 10  8 19  14.8 1017 267  2.6 4  7.1  69    0    0 304 -385  1
4218500 2850500 10  8 20  13.8 1017 288  2.6 3  7.1  70    0    0 298 -378  1
4218500 2850500 10  8 21  12.1 1017 286  3.0 2  7.1  76    0    0 289 -374  1
4218500 2850500 10  8 22  11.6 1017 255  2.6 1  7.2  83    0    0 282 -369  1
4218500 2850500 10  8 23   9.6 1017 224  2.1 1  6.9  87    0    0 275 -366  1
4218500 2850500 10  8 24   9.2 1016 228  2.5 0  6.6  91    0    0 270 -363  1
4218500 2850500 10  9  1   7.7 1016 227  2.4 2  6.4  93    0    0 268 -361  1
4218500 2850500 10  9  2   7.2 1017 252  2.1 2  6.1  95    0    0 267 -359  1
4218500 2850500 10  9  3   6.2 1017 192  2.2 2  5.9  98    0    0 264 -357  1
4218500 2850500 10  9  4   6.4 1017 194  2.2 3  5.8  99    0    0 264 -355  1
4218500 2850500 10  9  5   6.3 1017 176  2.3 2  5.7  97    0    0 264 -354  1
4218500 2850500 10  9  6   6.0 1017 146  2.2 2  5.6  96    0    0 262 -352  1
4218500 2850500 10  9  7   5.8 1016 138  2.5 2  5.5  96    6    9 261 -351  1
4218500 2850500 10  9  8   7.6 1016 159  1.9 2  5.8  95   76   44 263 -352  1
4218500 2850500 10  9  9  11.1 1017 152  2.6 1  6.5  89  202   66 269 -359  1
4218500 2850500 10  9 10  14.0 1018 169  2.7 1  7.0  77  316   77 276 -372  1
4218500 2850500 10  9 11  16.2 1018 156  3.1 1  6.9  64  393   88 284 -388  1
4218500 2850500 10  9 12  18.0 1017 165  3.0 1  6.8  56  430   94 290 -402  1
4218500 2850500 10  9 13  19.2 1017 137  3.5 1  6.6  50  408  102 295 -413  1
4218500 2850500 10  9 14  19.7 1016 141  3.8 1  6.3  45  350  106 298 -419  1
4218500 2850500 10  9 15  19.9 1016 147  3.7 2  6.3  44  250  107 302 -421  1
4218500 2850500 10  9 16  19.1 1016 168  3.1 2  6.2  44  123   96 304 -417  1
4218500 2850500 10  9 17  16.4 1016 148  2.4 4  6.2  50   31   49 304 -409  1
4218500 2850500 10  9 18  13.7 1015 130  2.8 5  6.4  60    0    0 303 -398  1
4218500 2850500 10  9 19  11.6 1015 140  2.9 4  6.6  72    0    0 298 -389  1
4218500 2850500 10  9 20  10.9 1016 148  2.0 5  6.7  80    0    0 296 -383  1
4218500 2850500 10  9 21   9.8 1016 149  2.3 5  6.7  85    0    0 297 -379  1
4218500 2850500 10  9 22   9.4 1015 162  2.2 5  6.6  88    0    0 297 -375  1
4218500 2850500 10  9 23   8.8 1015 154  2.2 4  6.5  91    0    0 294 -372  1
4218500 2850500 10  9 24   8.6 1015 163  2.5 2  6.5  93    0    0 289 -370  1
4218500 2850500 10 10  1   8.8 1015 185  2.2 3  6.5  93    0    0 288 -368  1
4218500 2850500 10 10  2   8.4 1016 186  2.2 4  6.5  93    0    0 293 -367  1
4218500 2850500 10 10  3   8.5 1016 181  1.9 5  6.3  92    0    0 297 -366  1
4218500 2850500 10 10  4   7.7 1016 191  2.0 4  6.2  93    0    0 297 -363  1
4218500 2850500 10 10  5   7.1 1016 222  1.8 3  6.1  95    0    0 290 -361  1
4218500 2850500 10 10  6   7.0 1016 240  1.5 4  6.0  97    0    0 289 -359  1
4218500 2850500 10 10  7   7.0 1017 238  1.5 5  6.0  97    0    6 293 -357  1
4218500 2850500 10 10  8   9.2 1017 214  0.5 6  6.4  95   18   44 302 -358  1
4218500 2850500 10 10  9  10.9 1017 348  0.4 7  7.1  93   55   96 314 -366  1
4218500 2850500 10 10 10  12.9 1018 359  0.2 7  7.4  86  119  146 324 -381  1
4218500 2850500 10 10 11  14.8 1018 320  0.5 6  7.4  76  218  180 329 -396  1
4218500 2850500 10 10 12  16.9 1018 309  1.2 6  7.6  68  284  186 334 -411  1
4218500 2850500 10 10 13  17.9 1018 331  1.3 5  7.7  62  278  190 338 -422  1
4218500 2850500 10 10 14  18.6 1018 334  1.7 5  7.5  58  205  194 338 -428  1
4218500 2850500 10 10 15  18.3 1018 340  1.7 5  7.4  56  127  172 337 -429  1
4218500 2850500 10 10 16  17.7 1017 348  1.7 5  7.7  60   46  121 337 -424  1
4218500 2850500 10 10 17  16.8 1017  26  1.6 4  8.1  66    7   50 331 -414  1
4218500 2850500 10 10 18  14.9 1017  47  1.5 3  8.1  72    0    0 320 -401  1
4218500 2850500 10 10 19  13.2 1017  54  1.3 2  8.1  81    0    0 308 -392  1
4218500 2850500 10 10 20  12.1 1018  63  1.5 1  7.9  87    0    0 297 -388  1
4218500 2850500 10 10 21  11.5 1018  68  2.1 0  7.8  90    0    0 289 -385  1
4218500 2850500 10 10 22  10.4 1018  85  2.1 2  7.6  93    0    0 289 -382  1
4218500 2850500 10 10 23  10.6 1017  69  1.9 2  7.5  94    0    0 292 -379  1
4218500 2850500 10 10 24   9.8 1017  75  2.5 2  7.4  95    0    0 291 -377  1
4218500 2850500 10 11  1   9.2 1016  67  2.3 2  7.1  96    0    0 288 -375  1
4218500 2850500 10 11  2   9.0 1016  76  2.8 3  6.9  95    0    0 289 -374  1
4218500 2850500 10 11  3   9.2 1015  71  2.6 4  6.8  95    0    0 293 -373  1
4218500 2850500 10 11  4   8.7 1015  77  2.9 2  6.8  96    0    0 288 -372  1
4218500 2850500 10 11  5   8.5 1015  68  2.7 1  6.7  96    0    0 278 -370  1
4218500 2850500 10 11  6   8.9 1014  67  2.8 3  6.7  95    0    0 280 -369  1
4218500 2850500 10 11  7   9.5 1014  77  2.9 6  6.9  95    4   11 296 -369  1
4218500 2850500 10 11  8   9.4 1014  76  2.7 5  7.1  96   54   57 302 -370  1
4218500 2850500 10 11  9  12.0 1015  79  2.6 5  7.7  96   96  112 302 -376  1
4218500 2850500 10 11 10  13.5 1015  97  2.4 5  8.2  89  155  160 308 -388  1
4218500 2850500 10 11 11  15.6 1015  98  3.0 5  8.2  79  189  199 314 -401  1
4218500 2850500 10 11 12  17.1 1014  95  3.4 6  7.9  68  245  205 322 -414  1
4218500 2850500 10 11 13  18.8 1013  72  3.2 5  7.3  57  232  213 326 -423  1
4218500 2850500 10 11 14  18.8 1013  71  3.7 5  7.0  52  173  207 324 -428  1
4218500 2850500 10 11 15  18.2 1012  83  3.6 5  6.9  52   94  176 322 -428  1
4218500 2850500 10 11 16  17.5 1012  79  3.7 6  7.1  56   26  116 324 -425  1
4218500 2850500 10 11 17  16.5 1012  85  2.8 7  7.5  62    0   37 329 -418  1
4218500 2850500 10 11 18  14.8 1012  82  2.5 6  8.0  72    0    0 326 -408  1
4218500 2850500 10 11 19  13.8 1012  86  2.3 5  8.4  82    0    0 315 -399  1
4218500 2850500 10 11 20  13.1 1012  93  3.0 4  8.3  86    0    0 306 -392  1
4218500 2850500 10 11 21  12.3 1012  80  2.6 3  8.1  88    0    0 297 -387  1
4218500 2850500 10 11 22  11.6 1011  68  2.5 3  7.9  91    0    0 290 -383  1
4218500 2850500 10 11 23  11.0 1012  68  2.7 3  7.8  93    0    0 288 -379  1
4218500 2850500 10 11 24  10.5 1012  88  2.7 2  7.6  94    0    0 283 -376  1
4218500 2850500 10 12  1  10.4 1011 112  2.5 3  7.5  95    0    0 283 -373  1
4218500 2850500 10 12  2   9.9 1011 104  2.4 3  7.4  96    0    0 285 -369  1
4218500 2850500 10 12  3   9.2 1012 112  2.4 3  7.1  96    0    0 284 -366  1
4218500 2850500 10 12  4   8.8 1012 113  2.2 2  6.9  96    0    0 279 -363  1
4218500 2850500 10 12  5   8.1 1011 117  2.3 1  6.6  96    0    0 270 -362  1
4218500 2850500 10 12  6   7.8 1011 118  2.3 0  6.3  95    0    0 260 -360  1
4218500 2850500 10 12  7   7.1 1011 148  1.7 2  6.2  96    2   10 261 -359  1
4218500 2850500 10 12  8   8.6 1012 152  1.7 3  6.4  97   48   50 272 -360  1
4218500 2850500 10 12  9  10.6 1013 191  1.6 2  7.0  93  145   88 276 -366  1
4218500 2850500 10 12 10  13.1 1014 232  0.9 2  7.2  83  232  116 279 -377  1
4218500 2850500 10 12 11  15.3 1014 235  1.1 3  7.3  72  295  135 290 -391  1
4218500 2850500 10 12 12  16.9 1015 180  1.0 3  7.5  66  359  136 300 -404  1
4218500 2850500 10 12 13  18.6 1015 214  1.6 2  7.5  59  352  139 302 -414  1
4218500 2850500 10 12 14  18.8 1015 267  2.6 1  7.3  54  300  137 298 -421  1
4218500 2850500 10 12 15  18.8 1015 277  2.1 2  7.2  53  203  127 298 -421  1
4218500 2850500 10 12 16  17.2 1016 286  2.3 3  7.3  57   84  106 302 -417  1
4218500 2850500 10 12 17  15.9 1016 345  2.2 5  7.7  66    0   39 309 -407  1
4218500 2850500 10 12 18  13.5 1017 329  2.1 5  7.9  76    0    0 312 -393  1
4218500 2850500 10 12 19  12.3 1018 319  2.2 6  7.9  85    0    0 310 -381  1
4218500 2850500 10 12 20  11.3 1018 317  2.5 6  7.9  92    0    0 311 -373  1
4218500 2850500 10 12 21  11.1 1019 314  2.5 6  8.0  97    0    0 309 -366  1
4218500 2850500 10 12 22  11.1 1019 318  2.2 6  8.0  98    0    0 310 -363  1
4218500 2850500 10 12 23  11.0 1020 309  2.6 6  8.0  98    0    0 311 -365  1
4218500 2850500 10 12 24  11.2 1020 325  2.0 8  8.0  97    0    0 321 -365  1
4218500 2850500 10 13  1  11.6 1021 330  2.6 8  8.0  96    0    0 333 -362  1
4218500 2850500 10 13  2  11.6 1021 327  2.4 8  8.1  96    0    0 335 -360  1
4218500 2850500 10 13  3  11.4 1021 321  2.1 7  8.1  96    0    0 330 -359  1
4218500 2850500 10 13  4  11.2 1021 327  2.2 8  8.1  97    0    0 330 -357  1
4218500 2850500 10 13  5  11.2 1021 338  2.6 8  8.1  98    0    0 335 -355  1
4218500 2850500 10 13  6  11.0 1021 328  2.5 8  8.0  97    0    0 336 -354  1
4218500 2850500 10 13  7  10.5 1022 346  3.0 8  7.8  97    0    5 335 -352  1
4218500 2850500 10 13  8  10.9 1022   4  2.1 8  7.7  97    2   37 335 -353  1
4218500 2850500 10 13  9  11.5 1023   3  2.7 7  7.9  96    4   86 332 -360  1
4218500 2850500 10 13 10  12.3 1023  20  2.4 7  8.2  95    2  118 331 -374  1
4218500 2850500 10 13 11  13.1 1025  16  2.3 7  8.4  93    0  119 335 -389  1
4218500 2850500 10 13 12  13.8 1025  16  2.1 7  8.6  90    0  126 338 -403  1
4218500 2850500 10 13 13  14.2 1025  24  2.1 7  8.5  86    0  141 341 -413  1
4218500 2850500 10 13 14  14.9 1026  37  2.0 7  8.2  80   12  149 342 -418  1
4218500 2850500 10 13 15  15.1 1026  16  2.1 7  8.4  80   10  124 343 -418  1
4218500 2850500 10 13 16  14.7 1026  20  3.0 7  8.5  82    2   74 342 -414  1
4218500 2850500 10 13 17  14.4 1026  45  1.9 8  8.2  81    0   26 343 -406  1
4218500 2850500 10 13 18  13.9 1026  63  3.0 8  8.3  84    0    0 344 -395  1
4218500 2850500 10 13 19  13.0 1027  58  3.0 8  8.4  89    0    0 342 -386  1
4218500 2850500 10 13 20  12.6 1026  49  2.7 8  8.1  89    0    0 339 -382  1
4218500 2850500 10 13 21  11.8 1026  95  2.7 8  7.9  90    0    0 337 -378  1
4218500 2850500 10 13 22  11.7 1027  84  3.1 8  7.7  90    0    0 334 -375  1
4218500 2850500 10 13 23  11.4 1027  72  2.3 8  7.5  89    0    0 331 -372  1
4218500 2850500 10 13 24  11.6 1027  34  2.0 8  7.9  94    0    0 331 -368  1
4218500 2850500 10 14  1  11.8 1027  46  1.8 7  7.9  93    0    0 328 -364  1
4218500 2850500 10 14  2  12.0 1027  42  2.0 7  7.6  88    0    0 324 -360  1
4218500 2850500 10 14  3  12.0 1027  77  2.9 8  7.7  89    0    0 327 -357  1
4218500 2850500 10 14  4  11.9 1027  97  2.9 7  7.8  91    0    0 327 -353  1
4218500 2850500 10 14  5  11.8 1027 103  1.8 8  7.7  90    0    0 327 -351  1
4218500 2850500 10 14  6  11.9 1027  74  2.4 8  7.7  90    0    0 331 -350  1
4218500 2850500 10 14  7  12.0 1027  52  3.3 8  7.6  88    0    2 331 -349  1
4218500 2850500 10 14  8  11.9 1028  65  3.4 8  7.4  86    0   28 330 -349  1
4218500 2850500 10 14  9  11.6 1028  66  3.6 7  7.4  87    0   69 325 -354  1
4218500 2850500 10 14 10  11.7 1028  69  3.8 7  7.3  86    0   91 319 -366  1
4218500 2850500 10 14 11  11.1 1029  92  3.4 7  7.2  87    0   81 316 -379  1
4218500 2850500 10 14 12  10.7 1029  82  3.1 7  7.1  89    0   83 311 -392  1
4218500 2850500 10 14 13  10.4 1029  84  3.3 7  7.0  89    0   74 306 -402  1
4218500 2850500 10 14 14  10.2 1028  62  3.0 8  6.9  89    0   63 305 -408  1
4218500 2850500 10 14 15  10.0 1028  77  2.9 8  6.8  90    0   57 302 -409  1
4218500 2850500 10 14 16   9.7 1028  62  3.0 8  6.7  89    0   41 297 -405  1
4218500 2850500 10 14 17   9.5 1028  57  2.9 8  6.6  90    0   16 294 -397  1
4218500 2850500 10 14 18   9.2 1028  70  3.1 8  6.7  92    0    0 292 -387  1
4218500 2850500 10 14 19   9.1 1028  78  2.5 8  6.7  94    0    0 291 -379  1
4218500 2850500 10 14 20   9.0 1028  91  2.5 8  6.8  96    0    0 291 -374  1
4218500 2850500 10 14 21   9.0 1028  57  2.5 8  6.8  96    0    0 290 -369  1
4218500 2850500 10 14 22   8.7 1028  81  1.7 8  6.7  96    0    0 288 -365  1
4218500 2850500 10 14 23   8.5 1028  53  1.9 8  6.6  96    0    0 286 -361  1
4218500 2850500 10 14 24   8.4 1028  50  2.2 8  6.6  97    0    0 285 -357  1
4218500 2850500 10 15  1   8.4 1028  43  2.6 8  6.5  97    0    0 283 -354  1
4218500 2850500 10 15  2   8.2 1028  77  2.4 8  6.4  95    0    0 284 -351  1
4218500 2850500 10 15  3   8.1 1028  39  2.5 8  6.3  94    0    0 286 -349  1
4218500 2850500 10 15  4   8.0 1028  47  2.5 8  6.2  94    0    0 289 -347  1
4218500 2850500 10 15  5   8.0 1028  77  2.1 8  6.1  93    0    0 293 -344  1
4218500 2850500 10 15  6   7.9 1028  66  1.8 8  6.0  91    0    0 298 -343  1
4218500 2850500 10 15  7   7.7 1027  38  1.7 8  5.9  91    0    1 302 -341  1
4218500 2850500 10 15  8   8.0 1027  84  1.8 8  5.8  88    0   28 306 -341  1
4218500 2850500 10 15  9   8.4 1028  93  1.6 7  5.6  84    2   89 308 -346  1
4218500 2850500 10 15 10   9.0 1028  79  2.2 7  5.7  82    7  144 309 -357  1
4218500 2850500 10 15 11   9.8 1028  84  1.9 7  5.7  78   11  174 314 -372  1
4218500 2850500 10 15 12  10.7 1028  73  1.4 5  5.6  74   51  225 314 -386  1
4218500 2850500 10 15 13  11.6 1027  86  1.1 6  5.6  69    6  171 316 -397  1
4218500 2850500 10 15 14  11.7 1027  25  1.6 6  5.7  68    0  117 325 -403  1
4218500 2850500 10 15 15  11.7 1026 357  1.4 7  6.1  72    0  101 333 -403  1
4218500 2850500 10 15 16  11.6 1026  26  1.8 8  6.4  75    0   51 344 -399  1
4218500 2850500 10 15 17  11.3 1026  20  1.5 8  6.3  76    0   19 349 -390  1
4218500 2850500 10 15 18  11.0 1026 358  1.6 8  6.5  80    0    0 345 -380  1
4218500 2850500 10 15 19  11.1 1026  97  1.4 7  6.5  81    0    0 338 -372  1
4218500 2850500 10 15 20  10.9 1026 311  0.8 8  6.4  80    0    0 339 -367  1
4218500 2850500 10 15 21  11.0 1026 286  1.4 8  6.6  82    0    0 344 -364  1
4218500 2850500 10 15 22  11.0 1026 305  0.8 8  6.7  83    0    0 344 -362  1
4218500 2850500 10 15 23  10.9 1025 346  1.4 8  6.7  84    0    0 343 -360  1
4218500 2850500 10 15 24  10.9 1025 334  1.6 7  6.7  84    0    0 337 -359  1
4218500 2850500 10 16  1  10.9 1025 337  1.3 8  6.6  82    0    0 335 -359  1
4218500 2850500 10 16  2   9.5 1025 302  2.1 6  6.4  84    0    0 327 -360  1
4218500 2850500 10 16  3   8.9 1024 348  1.8 4  6.3  88    0    0 308 -357  1
4218500 2850500 10 16  4   9.3 1024 353  2.0 5  6.3  89    0    0 304 -353  1
4218500 2850500 10 16  5   8.0 1024   6  1.1 3  6.2  90    0    0 297 -349  1
4218500 2850500 10 16  6   7.0 1024 351  1.0 3  6.0  94    0    0 284 -345  1
4218500 2850500 10 16  7   7.2 1024 359  0.9 5  6.0  96    0    3 291 -342  1
4218500 2850500 10 16  8   9.1 1024 352  1.0 6  6.5  97    1   34 308 -342  1
4218500 2850500 10 16  9  10.6 1024  53  1.1 6  7.3  97   43   99 320 -345  1
4218500 2850500 10 16 10  13.6 1024  73  1.6 4  7.6  87  211  100 319 -355  1
4218500 2850500 10 16 11  15.2 1025  73  2.2 4  6.9  68  148  170 313 -368  1
4218500 2850500 10 16 12  14.9 1025  97  2.6 2  6.8  64  165  188 301 -380  1
4218500 2850500 10 16 13  15.6 1024 120  3.5 1  7.3  68  186  184 288 -388  1
4218500 2850500 10 16 14  15.0 1024 133  4.3 4  7.0  65   78  181 289 -392  1
4218500 2850500 10 16 15  13.6 1023 130  3.2 3  7.0  69   94  144 290 -391  1
4218500 2850500 10 16 16  12.8 1023 145  2.7 3  7.1  76   67   95 286 -385  1
4218500 2850500 10 16 17  11.3 1022 138  1.8 2  6.8  78    5   34 279 -376  1
4218500 2850500 10 16 18   9.5 1021 126  1.4 1  6.4  82    0    0 269 -365  1
4218500 2850500 10 16 19   8.3 1021  96  1.5 1  6.2  88    0    0 260 -357  1
4218500 2850500 10 16 20   6.8 1021  93  1.8 0  5.9  92    0    0 253 -352  1
4218500 2850500 10 16 21   6.6 1021  87  1.9 1  5.7  95    0    0 251 -348  1
4218500 2850500 10 16 22   6.7 1020 105  2.3 1  5.8  95    0    0 255 -345  1
4218500 2850500 10 16 23   5.9 1020 136  2.4 1  5.6  94    0    0 254 -342  1
4218500 2850500 10 16 24   5.1 1020 127  2.7 0  5.3  94    0    0 247 -339  1
4218500 2850500 10 17  1   5.0 1020 126  2.4 1  5.1  94    0    0 246 -337  1
4218500 2850500 10 17  2   4.2 1019 109  2.6 0  5.0  94    0    0 243 -335  1
4218500 2850500 10 17  3   3.7 1019 128  2.3 0  4.8  95    0    0 237 -333  1
4218500 2850500 10 17  4   3.5 1018 126  2.4 0  4.6  94    0    0 235 -331  1
4218500 2850500 10 17  5   2.8 1018 108  2.4 0  4.5  94    0    0 233 -329  1
4218500 2850500 10 17  6   2.9 1018 108  2.7 0  4.4  95    0    0 232 -328  1
4218500 2850500 10 17  7   2.6 1017 131  2.6 0  4.4  95    1    7 232 -326  1
4218500 2850500 10 17  8   3.7 1018 131  2.9 0  4.5  96   51   34 232 -327  1
4218500 2850500 10 17  9   6.0 1017 140  2.1 0  4.9  92  174   50 237 -332  1
4218500 2850500 10 17 10   8.8 1017 160  2.4 0  5.0  78  291   55 244 -343  1
4218500 2850500 10 17 11  10.3 1017 187  2.2 0  4.9  67  366   63 250 -357  1
4218500 2850500 10 17 12  12.3 1017 173  3.1 0  4.9  59  415   55 254 -370  1
4218500 2850500 10 17 13  14.0 1016 147  2.5 0  4.8  51  382   72 261 -381  1
4218500 2850500 10 17 14  14.9 1016 158  3.2 0  4.7  46  318   81 264 -387  1
4218500 2850500 10 17 15  15.4 1015 158  3.1 0  4.6  43  218   87 267 -388  1
4218500 2850500 10 17 16  14.0 1014 139  3.7 0  4.5  44   85   83 265 -385  1
4218500 2850500 10 17 17  12.2 1014 141  3.0 0  4.8  51    6   34 261 -377  1
4218500 2850500 10 17 18  10.0 1014 132  2.9 1  5.1  62    0    0 258 -367  1
4218500 2850500 10 17 19   8.4 1012 129  3.5 0  5.1  70    0    0 253 -359  1
4218500 2850500 10 17 20   7.1 1012 131  3.2 0  5.0  76    0    0 247 -354  1
4218500 2850500 10 17 21   6.3 1011 130  3.1 0  4.9  80    0    0 243 -350  1
4218500 2850500 10 17 22   6.0 1011 132  3.9 0  4.8  81    0    0 242 -346  1
4218500 2850500 10 17 23   4.8 1011 145  3.1 0  4.6  82    0    0 240 -342  1
4218500 2850500 10 17 24   3.9 1010 143  3.0 0  4.4  85    0    0 237 -339  1
4218500 2850500 10 18  1   3.2 1010 154  3.3 0  4.4  89    0    0 236 -337  1
4218500 2850500 10 18  2   3.7 1009 162  3.6 0  4.4  90    0    0 235 -336  1
4218500 2850500 10 18  3   3.0 1009 151  3.1 0  4.3  90    0    0 236 -335  1
4218500 2850500 10 18  4   2.5 1008 142  3.0 0  4.3  92    0    0 235 -334  1
4218500 2850500 10 18  5   1.9 1008 161  3.0 1  4.2  93    0    0 235 -333  1
4218500 2850500 10 18  6   1.9 1007 168  3.1 1  4.1  93    0    0 236 -332  1
4218500 2850500 10 18  7   2.1 1007 180  3.0 3  4.2  94    0    4 241 -331  1
4218500 2850500 10 18  8   3.8 1007 181  2.9 4  4.3  90   19   37 248 -332  1
4218500 2850500 10 18  9   5.6 1007 182  3.1 5  4.4  83   97   87 254 -337  1
4218500 2850500 10 18 10   8.2 1007 190  3.3 6  4.7  75  206  112 262 -350  1
4218500 2850500 10 18 11  11.1 1007 191  3.3 5  4.7  63  283  129 271 -366  1
4218500 2850500 10 18 12  13.0 1007 169  3.3 4  4.8  55  298  146 279 -382  1
4218500 2850500 10 18 13  14.6 1006 166  3.4 4  5.0  51  285  153 287 -396  1
4218500 2850500 10 18 14  15.3 1005 177  4.4 4  5.2  48  231  152 294 -405  1
4218500 2850500 10 18 15  15.4 1005 182  3.6 4  5.5  50   96  147 300 -409  1
4218500 2850500 10 18 16  14.6 1004 161  2.9 6  5.8  54    5   79 306 -407  1
4218500 2850500 10 18 17  13.8 1004 151  3.2 7  6.0  58    0   17 312 -400  1
4218500 2850500 10 18 18  12.5 1003 158  3.2 7  6.1  64    0    0 314 -393  1
4218500 2850500 10 18 19  12.4 1003 163  3.5 7  6.4  70    0    0 315 -388  1
4218500 2850500 10 18 20  12.3 1003 169  3.4 7  6.5  72    0    0 318 -385  1
4218500 2850500 10 18 21  11.6 1003 173  3.2 6  6.6  75    0    0 318 -383  1
4218500 2850500 10 18 22  10.0 1003 164  3.7 4  6.4  78    0    0 309 -381  1
4218500 2850500 10 18 23   9.2 1003 174  3.7 2  5.9  78    0    0 293 -378  1
4218500 2850500 10 18 24   8.2 1003 180  3.4 0  5.5  78    0    0 277 -374  1
4218500 2850500 10 19  1   7.2 1003 176  3.2 1  5.4  81    0    0 268 -371  1
4218500 2850500 10 19  2   5.8 1002 169  3.0 1  5.3  87    0    0 266 -369  1
4218500 2850500 10 19  3   6.0 1001 157  3.4 1  5.1  88    0    0 262 -367  1
4218500 2850500 10 19  4   5.3 1001 136  2.5 2  5.1  88    0    0 264 -367  1
4218500 2850500 10 19  5   4.9 1000 122  2.6 4  5.1  92    0    0 272 -367  1
4218500 2850500 10 19  6   5.9 1000 140  2.7 5  5.2  91    0    0 283 -365  1
4218500 2850500 10 19  7   5.3 1000 150  3.1 5  5.2  90    0    6 285 -363  1
4218500 2850500 10 19  8   6.3 1000 141  3.0 3  5.1  88   27   45 270 -361  1
4218500 2850500 10 19  9   8.9 1000 160  3.6 3  5.2  78   71  102 259 -364  1
4218500 2850500 10 19 10  10.6 1000 167  2.9 5  5.3  70   95  160 272 -370  1
4218500 2850500 10 19 11  13.0 1000 163  2.8 6  5.6  64   88  202 295 -381  1
4218500 2850500 10 19 12  14.2 1000 173  3.6 5  5.8  59  141  224 297 -393  1
4218500 2850500 10 19 13  16.2 1000 154  3.1 4  6.0  55  162  223 285 -403  1
4218500 2850500 10 19 14  16.5 1000 152  3.1 3  6.1  52  114  206 271 -409  1
4218500 2850500 10 19 15  16.7  999 153  3.0 5  6.2  52   37  153 285 -412  1
4218500 2850500 10 19 16  15.7  999 141  3.1 5  6.4  55   12   90 305 -411  1
4218500 2850500 10 19 17  14.7  999 128  2.8 7  6.6  60    0   13 323 -406  1
4218500 2850500 10 19 18  14.1  999 137  3.3 7  6.7  65    0    0 341 -398  1
4218500 2850500 10 19 19  12.6  999 137  3.4 7  6.6  68    0    0 341 -391  1
4218500 2850500 10 19 20  13.0  999 140  3.5 6  6.5  69    0    0 335 -388  1
4218500 2850500 10 19 21  12.0  999 146  3.1 4  6.3  69    0    0 315 -386  1
4218500 2850500 10 19 22   9.9  999 142  2.9 3  6.1  74    0    0 295 -384  1
4218500 2850500 10 19 23   9.4  999 141  2.7 4  5.9  77    0    0 294 -383  1
4218500 2850500 10 19 24   9.0  998 139  2.5 5  5.7  78    0    0 304 -385  1
4218500 2850500 10 20  1   8.4  998 142  3.0 6  5.8  81    0    0 312 -387  1
4218500 2850500 10 20  2   8.5  998 149  2.9 6  5.9  84    0    0 316 -388  1
4218500 2850500 10 20  3   9.4  998 159  3.1 6  5.9  82    0    0 317 -387  1
4218500 2850500 10 20  4   9.2  997 159  2.9 6  5.9  80    0    0 317 -383  1
4218500 2850500 10 20  5   9.4  997 159  2.4 6  6.0  80    0    0 317 -381  1
4218500 2850500 10 20  6   9.3  997 169  2.5 6  6.0  81    0    0 318 -381  1
4218500 2850500 10 20  7   9.4  997 158  2.3 8  6.1  82    0    0 327 -379  1
4218500 2850500 10 20  8   9.5  997 140  2.1 8  6.3  84    0   20 337 -377  1
4218500 2850500 10 20  9   9.6  997 150  2.1 7  6.7  88    0   47 331 -378  1
4218500 2850500 10 20 10   9.9  997 164  2.0 8  7.0  91    0   52 330 -386  1
4218500 2850500 10 20 11  10.3  997 166  2.5 8  7.3  93    0   66 336 -397  1
4218500 2850500 10 20 12  10.7  997 186  2.8 8  7.6  94    0   78 338 -407  1
4218500 2850500 10 20 13  11.0  997 181  3.0 7  8.0  96    0  125 336 -414  1
4218500 2850500 10 20 14  12.3  997 200  2.2 7  8.3  96    0  104 334 -416  1
4218500 2850500 10 20 15  12.9  997 141  2.1 8  8.7  94    0   88 343 -416  1
4218500 2850500 10 20 16  13.6  997 147  2.4 7  8.9  92    8   85 347 -413  1
4218500 2850500 10 20 17  12.9  996 149  2.8 7  8.9  92    0   10 342 -409  1
4218500 2850500 10 20 18  12.3  996 140  3.0 5  8.8  95    0    0 331 -406  1
4218500 2850500 10 20 19  11.5  996 163  2.6 3  8.5  96    0    0 309 -404  1
4218500 2850500 10 20 20  10.4  997 177  2.9 2  8.0  96    0    0 293 -403  1
4218500 2850500 10 20 21  10.2  997 167  3.1 1  7.7  97    0    0 283 -400  1
4218500 2850500 10 20 22   9.4  997 163  2.9 1  7.5  98    0    0 277 -395  1
4218500 2850500 10 20 23   9.8  997 169  3.2 1  7.4  98    0    0 276 -391  1
4218500 2850500 10 20 24   8.6  997 172  3.1 0  7.3  98    0    0 267 -388  1
4218500 2850500 10 21  1   8.5  997 168  2.9 0  7.1 100    0    0 258 -388  1
4218500 2850500 10 21  2   9.1  997 157  2.8 3  7.1  98    0    0 277 -388  1
4218500 2850500 10 21  3   9.0  997 156  3.2 6  7.1  97    0    0 309 -389  1
4218500 2850500 10 21  4   9.3  997 157  3.3 6  7.1  96    0    0 323 -390  1
4218500 2850500 10 21  5   9.7  996 167  3.2 6  7.1  94    0    0 324 -390  1
4218500 2850500 10 21  6   9.7  996 169  2.8 7  7.1  93    0    0 330 -390  1
4218500 2850500 10 21  7   9.7  996 175  3.2 6  7.2  95    0    2 329 -390  1
4218500 2850500 10 21  8  10.4  997 191  2.9 6  7.5  96    5   30 324 -389  1
4218500 2850500 10 21  9  12.7  997 210  3.4 6  8.0  93   43   86 328 -391  1
4218500 2850500 10 21 10  14.6  997 210  3.7 6  8.7  88  125  124 336 -395  1
4218500 2850500 10 21 11  16.7  998 228  4.1 6  9.2  81  252  121 342 -400  1
4218500 2850500 10 21 12  18.1  998 214  4.1 6  9.2  73  231  154 347 -402  1
4218500 2850500 10 21 13  19.2  998 248  4.5 5  9.2  67  125  193 345 -404  1
4218500 2850500 10 21 14  19.2  998 240  3.9 5  9.1  64   81  174 340 -409  1
4218500 2850500 10 21 15  19.5  998 219  4.1 5  9.0  63   94  132 338 -411  1
4218500 2850500 10 21 16  18.7  998 218  4.6 4  8.9  64   38   85 330 -409  1
4218500 2850500 10 21 17  17.0  998 209  3.1 5  8.9  69    0   20 326 -404  1
4218500 2850500 10 21 18  14.6  998 188  3.3 4  8.7  77    0    0 320 -397  1
4218500 2850500 10 21 19  13.6  999 181  3.5 2  8.6  84    0    0 301 -394  1
4218500 2850500 10 21 20  13.5  999 190  3.3 2  8.8  90    0    0 294 -392  1
4218500 2850500 10 21 21  12.7  999 192  3.4 1  9.0  94    0    0 291 -392  1
4218500 2850500 10 21 22  12.0 1000 193  3.3 2  8.8  97    0    0 290 -391  1
4218500 2850500 10 21 23  11.8 1000 231  3.1 3  8.7  99    0    0 300 -390  1
4218500 2850500 10 21 24  12.4 1000 211  2.8 3  8.6  96    0    0 306 -389  1
4218500 2850500 10 22  1  12.0 1001 207  3.4 4  8.3  92    0    0 311 -387  1
4218500 2850500 10 22  2  11.0 1001 201  3.3 4  7.9  93    0    0 313 -384  1
4218500 2850500 10 22  3  10.1 1001 189  3.2 5  7.6  95    0    0 314 -381  1
4218500 2850500 10 22  4  10.5 1001 189  3.3 6  7.6  96    0    0 324 -377  1
4218500 2850500 10 22  5  10.1 1001 191  3.4 5  7.6  95    0    0 325 -375  1
4218500 2850500 10 22  6  10.5 1001 189  3.3 5  7.5  95    0    0 319 -373  1
4218500 2850500 10 22  7  10.3 1001 198  3.1 6  7.6  96    0    3 324 -372  1
4218500 2850500 10 22  8  10.9 1001 200  3.1 5  7.8  97   34   32 324 -372  1
4218500 2850500 10 22  9  13.8 1001 201  4.0 4  8.2  91  127   62 318 -377  1
4218500 2850500 10 22 10  15.9 1001 224  4.7 3  8.5  79  223   75 316 -386  1
4218500 2850500 10 22 11  17.5 1002 222  4.9 3  8.6  71  289   87 318 -397  1
4218500 2850500 10 22 12  18.5 1002 239  5.1 3  8.5  65  234  139 324 -409  1
4218500 2850500 10 22 13  18.6 1002 240  4.4 5  8.1  60   96  183 334 -417  1
4218500 2850500 10 22 14  18.9 1002 216  4.6 4  7.9  58  167  142 338 -421  1
4218500 2850500 10 22 15  17.9 1002 204  4.3 4  7.7  57  103  121 333 -420  1
4218500 2850500 10 22 16  17.3 1001 219  3.4 6  7.5  59    5   67 337 -415  1
4218500 2850500 10 22 17  16.1 1001 196  3.2 8  7.6  63    0   12 346 -408  1
4218500 2850500 10 22 18  13.6 1001 171  3.4 7  7.7  72    0    0 341 -398  1
4218500 2850500 10 22 19  12.7 1001 171  3.1 7  7.8  82    0    0 331 -390  1
4218500 2850500 10 22 20  12.9 1000 170  3.4 7  7.9  84    0    0 330 -385  1
4218500 2850500 10 22 21  11.8 1000 160  3.7 6  8.0  88    0    0 325 -381  1
4218500 2850500 10 22 22  11.2 1000 172  3.5 5  7.9  92    0    0 317 -378  1
4218500 2850500 10 22 23  11.3  999 169  3.8 5  7.7  92    0    0 313 -376  1
4218500 2850500 10 22 24  11.1  999 159  4.0 3  7.7  92    0    0 305 -374  1
4218500 2850500 10 23  1  11.5  998 160  4.4 4  7.8  91    0    0 302 -372  1
4218500 2850500 10 23  2  12.3  997 162  4.1 6  7.7  88    0    0 316 -369  1
4218500 2850500 10 23  3  12.3  997 174  4.2 8  7.7  85    0    0 330 -367  1
4218500 2850500 10 23  4  12.8  996 171  3.9 8  7.8  85    0    0 335 -367  1
4218500 2850500 10 23  5  12.7  996 182  3.4 8  8.0  85    0    0 337 -366  1
4218500 2850500 10 23  6  12.6  996 182  3.6 8  8.1  87    0    0 339 -366  1
4218500 2850500 10 23  7  13.1  995 169  4.3 8  8.3  88    0    1 344 -368  1
4218500 2850500 10 23  8  13.1  995 169  4.5 8  8.5  88    5   30 349 -371  1
4218500 2850500 10 23  9  13.9  995 182  5.3 7  8.7  88    4   74 349 -377  1
4218500 2850500 10 23 10  16.7  994 203  6.0 6  9.1  82   36  150 343 -382  1
4218500 2850500 10 23 11  17.7  994 204  6.1 5  9.5  76  122  200 336 -388  1
4218500 2850500 10 23 12  19.1  995 213  6.0 5  9.8  72  180  212 333 -390  1
4218500 2850500 10 23 13  19.5  994 220  6.6 5  9.9  70  125  226 337 -391  1
4218500 2850500 10 23 14  19.9  994 220  5.6 6 10.0  68   97  203 347 -397  1
4218500 2850500 10 23 15  19.5  994 212  5.4 5 10.1  69   76  158 348 -403  1
4218500 2850500 10 23 16  18.6  994 203  5.1 6 10.0  71   18   91 348 -405  1
4218500 2850500 10 23 17  18.1  994 192  5.0 6 10.0  74    0   16 352 -403  1
4218500 2850500 10 23 18  17.4  994 190  4.8 6 10.0  77    0    0 350 -399  1
4218500 2850500 10 23 19  16.9  994 191  3.8 6 10.0  80    0    0 348 -394  1
4218500 2850500 10 23 20  15.7  994 184  3.1 6  9.9  83    0    0 344 -390  1
4218500 2850500 10 23 21  15.3  994 178  3.4 7  9.8  87    0    0 348 -389  1
4218500 2850500 10 23 22  15.1  994 180  3.5 6  9.7  88    0    0 348 -389  1
4218500 2850500 10 23 23  14.5  994 160  3.4 6  9.6  90    0    0 342 -390  1
4218500 2850500 10 23 24  14.7  993 161  3.9 6  9.6  90    0    0 343 -391  1
4218500 2850500 10 24  1  14.7  992 169  4.0 6  9.6  90    0    0 344 -393  1
4218500 2850500 10 24  2  15.0  992 160  3.9 7  9.6  89    0    0 352 -395  1
4218500 2850500 10 24  3  14.6  991 171  4.8 8  9.8  91    0    0 366 -397  1
4218500 2850500 10 24  4  14.8  990 171  5.2 8 10.2  96    0    0 373 -398  1
4218500 2850500 10 24  5  15.5  990 192  5.5 8 10.6  96    0    0 376 -400  1
4218500 2850500 10 24  6  15.6  990 210  5.4 8 10.8  95    0    0 378 -399  1
4218500 2850500 10 24  7  15.7  990 199  4.8 8 10.8  95    0    0 377 -395  1
4218500 2850500 10 24  8  15.7  991 191  5.1 8 10.7  93    0   15 376 -394  1
4218500 2850500 10 24  9  15.8  990 191  5.7 7 10.5  92    0   58 369 -394  1
4218500 2850500 10 24 10  16.4  990 189  5.4 5 10.5  89   76  137 351 -395  1
4218500 2850500 10 24 11  18.1  991 208  7.0 4 10.3  82  246  131 337 -398  1
4218500 2850500 10 24 12  19.2  991 229  9.1 2  9.3  68  249  151 324 -402  1
4218500 2850500 10 24 13  19.4  991 228 10.4 4  7.9  55   69  189 327 -402  1
4218500 2850500 10 24 14  18.3  991 211  9.1 6  7.2  52    0   64 346 -403  1
4218500 2850500 10 24 15  17.7  991 202  7.6 6  7.3  55    0   53 353 -404  1
4218500 2850500 10 24 16  17.4  991 200  6.9 7  7.5  58    0   29 358 -401  1
4218500 2850500 10 24 17  17.2  991 209  6.6 7  7.5  60    0   10 361 -399  1
4218500 2850500 10 24 18  16.3  991 201  7.1 7  7.6  62    0    0 359 -397  1
4218500 2850500 10 24 19  15.9  992 204  7.7 7  7.7  66    0    0 356 -395  1
4218500 2850500 10 24 20  15.7  992 218  8.2 6  7.5  66    0    0 350 -391  1
4218500 2850500 10 24 21  14.9  992 228  8.0 7  7.6  69    0    0 349 -388  1
4218500 2850500 10 24 22  13.1  993 229  7.7 8  8.1  80    0    0 357 -387  1
4218500 2850500 10 24 23  13.1  994 247  7.6 8  8.7  90    0    0 357 -386  1
4218500 2850500 10 24 24  13.2  995 259  7.1 8  8.8  91    0    0 354 -382  1
4218500 2850500 10 25  1  13.5  997 269  8.1 7  8.4  86    0    0 347 -377  1
4218500 2850500 10 25  2  12.8  998 272  7.6 7  7.9  82    0    0 341 -374  1
4218500 2850500 10 25  3  12.7 1000 279  7.2 8  7.7  82    0    0 342 -371  1
4218500 2850500 10 25  4  12.6 1002 278  6.6 7  7.7  83    0    0 339 -368  1
4218500 2850500 10 25  5  12.0 1003 270  5.6 6  7.6  84    0    0 322 -367  1
4218500 2850500 10 25  6  12.2 1004 270  5.5 6  7.6  85    0    0 314 -368  1
4218500 2850500 10 25  7  11.8 1005 263  5.3 5  7.4  84    0    0 307 -369  1
4218500 2850500 10 25  8  12.0 1006 269  4.4 6  7.3  84    7   24 306 -369  1
4218500 2850500 10 25  9  12.3 1007 269  4.5 5  7.5  84   74   60 307 -371  1
4218500 2850500 10 25 10  13.2 1008 279  3.8 5  7.6  82  165   78 307 -377  1
4218500 2850500 10 25 11  14.3 1009 269  4.3 4  7.6  77  234   91 308 -386  1
4218500 2850500 10 25 12  15.0 1009 296  4.1 3  7.4  70  264  102 301 -395  1
4218500 2850500 10 25 13  15.6 1010 270  3.6 3  7.0  64   73  164 298 -403  1
4218500 2850500 10 25 14  16.1 1010 261  3.3 3  6.6  58   71  147 300 -407  1
4218500 2850500 10 25 15  16.0 1010 294  2.6 4  6.1  53   54  114 308 -407  1
4218500 2850500 10 25 16  15.1 1010 297  1.5 3  5.8  53   25   70 310 -403  1
4218500 2850500 10 25 17  12.6 1010  62  0.9 2  5.9  60    0   15 304 -397  1
4218500 2850500 10 25 18  11.2 1011 137  1.7 2  6.1  70    0    0 300 -393  1
4218500 2850500 10 25 19   8.8 1011 151  2.5 2  6.1  79    0    0 299 -391  1
4218500 2850500 10 25 20   8.7 1010 139  2.7 1  6.0  84    0    0 296 -390  1
4218500 2850500 10 25 21   8.1 1010 136  3.1 1  6.0  88    0    0 290 -389  1
4218500 2850500 10 25 22   8.0 1010 130  3.3 1  6.1  90    0    0 291 -388  1
4218500 2850500 10 25 23   7.7 1010 150  3.8 2  5.8  89    0    0 300 -385  1
4218500 2850500 10 25 24   7.2 1010 179  4.1 2  5.6  88    0    0 307 -383  1
4218500 2850500 10 26  1   6.4 1015 217  4.4 3  5.2  86    0    0 266 -320  1
4218500 2850500 10 26  2   5.6 1016 247  4.5 2  4.9  85    0    0 262 -319  1
4218500 2850500 10 26  3   4.9 1016 270  4.5 2  4.6  85    0    0 250 -317  1
4218500 2850500 10 26  4   4.5 1016 271  4.4 2  4.6  87    0    0 245 -315  1
4218500 2850500 10 26  5   4.4 1016 273  4.3 3  4.6  88    0    0 250 -314  1
4218500 2850500 10 26  6   3.8 1017 278  4.5 2  4.5  90    0    0 248 -313  1
4218500 2850500 10 26  7   3.4 1017 279  3.6 5  4.5  92    0    0 257 -312  1
4218500 2850500 10 26  8   3.3 1018 280  3.7 4  4.6  95   27   24 264 -311  1
4218500 2850500 10 26  9   5.3 1018 289  4.4 2  4.7  91  118   48 254 -312  1
4218500 2850500 10 26 10   6.0 1019 300  4.2 2  4.6  82  194   67 249 -315  1
4218500 2850500 10 26 11   7.1 1020 322  4.9 2  4.4  73  253   82 250 -325  1
4218500 2850500 10 26 12   8.2 1020 321  4.5 3  4.1  63  183  143 256 -336  1
4218500 2850500 10 26 13   8.6 1020 322  4.3 3  3.9  57  137  160 262 -344  1
4218500 2850500 10 26 14   8.8 1020 292  4.0 2  3.7  53  120  144 258 -348  1
4218500 2850500 10 26 15   7.9 1020 317  3.8 2  3.5  52  109  104 252 -348  1
4218500 2850500 10 26 16   7.5 1021 298  2.9 3  3.5  54   54   65 253 -344  1
4218500 2850500 10 26 17   6.0 1021 285  2.4 5  3.5  58    1   16 262 -336  1
4218500 2850500 10 26 18   4.9 1022 293  2.5 6  3.6  65    0    0 269 -329  1
4218500 2850500 10 26 19   4.2 1022 265  1.8 6  3.8  72    0    0 272 -325  1
4218500 2850500 10 26 20   3.4 1022 246  1.8 6  3.9  78    0    0 273 -322  1
4218500 2850500 10 26 21   2.2 1022 228  2.3 5  3.8  84    0    0 268 -320  1
4218500 2850500 10 26 22   1.5 1022 211  2.3 5  3.8  88    0    0 263 -320  1
4218500 2850500 10 26 23   1.1 1022 200  2.4 3  3.7  89    0    0 253 -321  1
4218500 2850500 10 26 24   0.8 1022 180  2.4 1  3.6  89    0    0 237 -321  1
4218500 2850500 10 27  1   1.1 1023 183  2.7 1  3.6  88    0    0 229 -322  1
4218500 2850500 10 27  2   0.2 1023 185  2.5 2  3.5  90    0    0 233 -322  1
4218500 2850500 10 27  3   0.9 1022 173  2.3 6  3.6  93    0    0 257 -322  1
4218500 2850500 10 27  4   0.7 1022 157  2.6 4  3.7  93    0    0 268 -322  1
4218500 2850500 10 27  5   1.2 1022 172  2.5 4  3.7  92    0    0 260 -323  1
4218500 2850500 10 27  6   1.7 1021 171  2.8 5  3.9  92    0    0 267 -324  1
4218500 2850500 10 27  7   1.7 1021 172  3.4 5  3.9  92    0    0 273 -324  1
4218500 2850500 10 27  8   2.3 1020 167  3.7 5  4.0  92    5   27 275 -325  1
4218500 2850500 10 27  9   4.1 1020 183  4.4 6  4.2  88   56   88 283 -328  1
4218500 2850500 10 27 10   5.9 1020 185  4.1 6  4.4  81   62  145 294 -333  1
4218500 2850500 10 27 11   7.4 1020 186  4.4 7  4.5  74   45  179 304 -340  1
4218500 2850500 10 27 12   9.3 1019 191  4.7 6  4.3  64   56  202 310 -345  1
4218500 2850500 10 27 13   9.3 1018 191  5.5 7  4.2  58    8  151 313 -350  1
4218500 2850500 10 27 14  10.0 1018 192  5.0 7  4.3  58    0   98 318 -353  1
4218500 2850500 10 27 15  10.1 1017 192  4.7 7  4.3  57    0   71 318 -354  1
4218500 2850500 10 27 16   9.8 1017 203  4.0 8  4.4  59    0   42 320 -353  1
4218500 2850500 10 27 17   9.2 1016 211  3.9 8  4.8  65    0    4 322 -350  1
4218500 2850500 10 27 18   8.8 1016 220  3.8 8  4.9  69    0    0 321 -347  1
4218500 2850500 10 27 19   8.9 1016 219  4.0 8  4.8  68    0    0 319 -345  1
4218500 2850500 10 27 20   9.2 1016 211  4.3 8  4.7  66    0    0 321 -343  1
4218500 2850500 10 27 21   9.1 1015 202  4.2 8  4.7  66    0    0 321 -341  1
4218500 2850500 10 27 22   9.0 1015 203  3.6 8  4.7  66    0    0 322 -340  1
4218500 2850500 10 27 23   9.1 1015 201  3.7 8  4.6  65    0    0 321 -339  1
4218500 2850500 10 27 24   8.8 1015 211  3.6 8  4.5  63    0    0 322 -338  1
4218500 2850500 10 28  1   8.8 1015 202  3.7 7  4.4  62    0    0 317 -338  1
4218500 2850500 10 28  2   8.6 1014 202  3.3 7  4.4  63    0    0 314 -339  1
4218500 2850500 10 28  3   8.2 1014 202  3.2 7  4.4  65    0    0 313 -338  1
4218500 2850500 10 28  4   8.0 1013 203  2.8 7  4.5  67    0    0 313 -338  1
4218500 2850500 10 28  5   7.9 1013 199  3.1 7  4.6  69    0    0 313 -337  1
4218500 2850500 10 28  6   8.1 1013 200  3.4 7  4.6  69    0    0 314 -336  1
4218500 2850500 10 28  7   8.0 1013 202  3.4 7  4.6  69    0    0 314 -337  1
4218500 2850500 10 28  8   8.1 1012 202  3.4 7  4.6  69    2   24 314 -336  1
4218500 2850500 10 28  9   8.4 1013 211  3.6 6  4.7  69   18   81 309 -337  1
4218500 2850500 10 28 10   9.2 1013 213  3.6 6  4.7  67    5  109 305 -342  1
4218500 2850500 10 28 11   9.8 1013 221  4.0 7  4.7  63    0   79 310 -349  1
4218500 2850500 10 28 12   9.9 1014 233  4.3 8  4.8  64    0   71 319 -357  1
4218500 2850500 10 28 13  10.6 1013 237  3.5 6  5.0  64   10  156 316 -359  1
4218500 2850500 10 28 14  11.5 1013 249  5.1 5  5.0  61   77  180 305 -358  1
4218500 2850500 10 28 15  11.6 1013 259  5.2 5  5.3  63   43  136 302 -361  1
4218500 2850500 10 28 16  11.4 1013 261  3.2 6  5.6  67   11   75 305 -359  1
4218500 2850500 10 28 17  10.4 1013 266  2.9 6  5.7  70    0    7 306 -353  1
4218500 2850500 10 28 18   9.5 1013 251  3.0 6  5.8  76    0    0 302 -347  1
4218500 2850500 10 28 19   9.5 1013 225  3.2 7  5.7  77    0    0 302 -343  1
4218500 2850500 10 28 20   8.9 1013 221  3.4 6  5.6  78    0    0 300 -342  1
4218500 2850500 10 28 21   9.0 1013 215  3.9 7  5.6  79    0    0 301 -344  1
4218500 2850500 10 28 22   9.0 1013 215  3.6 7  5.7  80    0    0 305 -344  1
4218500 2850500 10 28 23   8.7 1013 214  3.7 6  5.6  80    0    0 302 -342  1
4218500 2850500 10 28 24   8.0 1013 222  3.8 5  5.6  81    0    0 296 -341  1
4218500 2850500 10 29  1   7.8 1013 220  3.2 5  5.5  83    0    0 291 -340  1
4218500 2850500 10 29  2   8.3 1013 225  3.4 7  5.6  84    0    0 300 -339  1
4218500 2850500 10 29  3   8.5 1013 222  3.1 7  5.7  84    0    0 310 -337  1
4218500 2850500 10 29  4   8.1 1012 213  3.1 6  5.7  84    0    0 306 -335  1
4218500 2850500 10 29  5   7.4 1012 206  3.1 5  5.6  86    0    0 295 -333  1
4218500 2850500 10 29  6   6.5 1012 201  3.2 4  5.5  89    0    0 284 -331  1
4218500 2850500 10 29  7   6.0 1012 186  2.9 4  5.4  91    0    0 277 -329  1
4218500 2850500 10 29  8   6.1 1012 186  2.7 5  5.4  92   15   25 277 -328  1
4218500 2850500 10 29  9   8.0 1012 190  2.5 5  5.5  88   40   76 280 -330  1
4218500 2850500 10 29 10   9.4 1012 176  2.8 5  5.7  81  133  104 281 -336  1
4218500 2850500 10 29 11  11.5 1012 168  3.1 4  5.7  73  184  128 279 -346  1
4218500 2850500 10 29 12  12.6 1012 163  3.7 5  5.7  65  182  154 281 -357  1
4218500 2850500 10 29 13  13.5 1011 168  4.2 5  5.6  60  164  159 283 -365  1
4218500 2850500 10 29 14  13.7 1010 166  4.4 5  5.4  56  101  156 284 -369  1
4218500 2850500 10 29 15  13.8 1009 173  4.0 5  5.2  53   61  122 284 -369  1
4218500 2850500 10 29 16  13.0 1009 160  3.6 5  5.2  54   24   72 283 -365  1
4218500 2850500 10 29 17  10.8 1008 150  3.2 5  5.2  60    0   13 280 -357  1
4218500 2850500 10 29 18  10.4 1007 145  4.0 4  5.4  68    0    0 276 -349  1
4218500 2850500 10 29 19   9.9 1007 152  3.8 4  5.4  69    0    0 273 -345  1
4218500 2850500 10 29 20   9.2 1007 150  4.3 3  5.0  67    0    0 270 -340  1
4218500 2850500 10 29 21   8.8 1006 152  3.9 3  4.7  66    0    0 266 -336  1
4218500 2850500 10 29 22   8.4 1005 159  4.0 3  4.6  66    0    0 265 -333  1
4218500 2850500 10 29 23   8.2 1005 168  4.1 3  4.6  68    0    0 265 -331  1
4218500 2850500 10 29 24   7.8 1004 151  4.4 5  4.6  69    0    0 267 -330  1
4218500 2850500 10 30  1   7.6 1003 151  3.8 6  4.6  70    0    0 271 -329  1
4218500 2850500 10 30  2   7.0 1003 143  3.9 7  4.6  71    0    0 274 -329  1
4218500 2850500 10 30  3   6.4 1002 151  3.8 6  4.6  74    0    0 274 -328  1
4218500 2850500 10 30  4   6.5 1001 153  3.9 6  4.6  76    0    0 272 -327  1
4218500 2850500 10 30  5   6.4 1001 154  4.4 5  4.7  78    0    0 271 -326  1
4218500 2850500 10 30  6   6.3 1001 152  4.4 6  4.8  79    0    0 271 -326  1
4218500 2850500 10 30  7   6.5 1001 160  4.5 5  4.8  79    0    0 272 -327  1
4218500 2850500 10 30  8   6.3 1001 161  4.4 5  4.7  78   10   26 270 -327  1
4218500 2850500 10 30  9   8.2 1001 160  4.5 5  4.7  73   61   75 273 -331  1
4218500 2850500 10 30 10  10.2 1001 185  4.6 4  4.8  66  164   98 276 -339  1
4218500 2850500 10 30 11  13.0 1001 185  4.3 5  5.0  58  214  123 283 -350  1
4218500 2850500 10 30 12  13.2 1001 192  4.6 6  5.2  55  137  178 295 -361  1
4218500 2850500 10 30 13  14.5 1002 182  4.6 5  5.2  53  105  184 298 -371  1
4218500 2850500 10 30 14  14.4 1001 175  4.2 6  5.3  51   14  146 300 -377  1
4218500 2850500 10 30 15  14.1 1001 191  3.6 8  5.4  53    0   66 310 -379  1
4218500 2850500 10 30 16  13.5 1001 164  3.1 8  5.5  56    0   49 317 -376  1
4218500 2850500 10 30 17  12.4 1001 172  3.6 7  5.5  59    0    2 314 -370  1
4218500 2850500 10 30 18  11.9 1001 182  4.0 7  5.4  61    0    0 310 -363  1
4218500 2850500 10 30 19  11.2 1002 161  3.3 6  5.5  64    0    0 308 -359  1
4218500 2850500 10 30 20  10.1 1002 162  3.4 5  5.5  68    0    0 299 -355  1
4218500 2850500 10 30 21   8.7 1002 166  3.0 5  5.3  72    0    0 292 -353  1
4218500 2850500 10 30 22   8.4 1002 166  3.1 5  5.4  77    0    0 290 -350  1
4218500 2850500 10 30 23   8.8 1002 169  2.9 7  5.3  76    0    0 298 -346  1
4218500 2850500 10 30 24   8.4 1002 168  2.9 7  5.2  74    0    0 306 -342  1
4218500 2850500 10 31  1   8.4 1002 175  3.3 7  5.2  74    0    0 304 -339  1
4218500 2850500 10 31  2   8.5 1002 183  2.5 7  5.1  73    0    0 304 -336  1
4218500 2850500 10 31  3   7.9 1002 148  2.7 7  5.1  74    0    0 304 -333  1
4218500 2850500 10 31  4   6.6 1002 145  2.0 5  5.0  78    0    0 292 -329  1
4218500 2850500 10 31  5   6.2 1001 152  2.3 4  5.0  82    0    0 277 -327  1
4218500 2850500 10 31  6   5.3 1001 142  2.2 5  4.9  85    0    0 276 -326  1
4218500 2850500 10 31  7   4.9 1001 111  2.0 7  5.0  90    0    0 287 -326  1
4218500 2850500 10 31  8   5.5 1000 117  2.3 7  5.1  91    0   12 298 -326  1
4218500 2850500 10 31  9   6.3 1000  88  1.3 6  5.3  90    1   54 295 -330  1
4218500 2850500 10 31 10   7.5 1001 129  1.9 6  5.3  84    0   68 292 -338  1
4218500 2850500 10 31 11   8.8 1002  92  1.8 7  5.3  78    0   88 299 -349  1
4218500 2850500 10 31 12   9.8 1002 127  1.8 7  5.3  72    0   91 307 -360  1
4218500 2850500 10 31 13  10.5 1001 129  1.6 6  5.4  69   11  145 303 -369  1
4218500 2850500 10 31 14  11.4 1001 103  2.0 6  5.4  66   96  146 300 -374  1
4218500 2850500 10 31 15  11.4 1001 120  2.5 5  5.5  65   85  109 296 -375  1
4218500 2850500 10 31 16  11.4 1001 117  2.6 3  5.7  66   30   69 282 -371  1
4218500 2850500 10 31 17   9.2 1001 128  2.1 1  5.6  71    0    8 256 -364  1
4218500 2850500 10 31 18   8.0 1001 119  2.2 1  5.5  78    0    0 239 -357  1
4218500 2850500 10 31 19   6.2 1001 121  2.5 1  5.3  84    0    0 233 -352  1
4218500 2850500 10 31 20   5.1 1001  81  2.3 1  5.1  89    0    0 223 -347  1
4218500 2850500 10 31 21   4.9 1001 110  1.9 0  5.2  94    0    0 215 -345  1
4218500 2850500 10 31 22   4.6 1001  86  2.3 0  5.1  95    0    0 210 -343  1
4218500 2850500 10 31 23   4.5 1001 115  2.2 1  5.0  94    0    0 214 -342  1
4218500 2850500 10 31 24   3.7 1001  94  1.8 2  5.0  96    0    0 221 -340  1
4218500 2850500 11  1  1   3.6 1001  98  1.9 2  4.8  97    0    0 232 -338  1
4218500 2850500 11  1  2   3.7 1001  80  2.3 3  4.8  96    0    0 229 -338  1
4218500 2850500 11  1  3   4.2 1001  94  1.8 5  4.8  94    0    0 252 -338  1
4218500 2850500 11  1  4   5.4 1002  89  1.9 7  5.1  94    0    0 285 -339  1
4218500 2850500 11  1  5   5.5 1001 112  1.7 7  5.3  93    0    0 302 -338  1
4218500 2850500 11  1  6   5.6 1001  95  1.4 7  5.3  93    0    0 303 -338  1
4218500 2850500 11  1  7   5.7 1002  96  1.7 7  5.4  95    0    0 304 -337  1
4218500 2850500 11  1  8   6.1 1002  36  1.3 7  5.6  95   11   16 305 -336  1
4218500 2850500 11  1  9   7.2 1003  64  1.2 6  5.8  94   16   53 302 -338  1
4218500 2850500 11  1 10   8.7 1003  57  1.3 7  6.1  90    5   82 306 -345  1
4218500 2850500 11  1 11  10.1 1003  39  1.1 6  6.2  83    2  100 311 -355  1
4218500 2850500 11  1 12  10.9 1003 353  0.9 7  6.2  77    7  128 315 -367  1
4218500 2850500 11  1 13  12.0 1003 309  1.2 8  6.2  73   10  134 329 -376  1
4218500 2850500 11  1 14  12.3 1003 329  1.7 8  6.4  72    7  114 338 -382  1
4218500 2850500 11  1 15  11.4 1003 333  2.2 7  6.3  72   15   92 331 -383  1
4218500 2850500 11  1 16  10.7 1003 319  2.1 7  6.3  76    5   43 321 -378  1
4218500 2850500 11  1 17   9.6 1004 316  2.5 7  6.3  81    0    0 317 -370  1
4218500 2850500 11  1 18   8.4 1005 312  2.1 7  6.2  86    0    0 312 -362  1
4218500 2850500 11  1 19   7.6 1005 284  2.8 6  6.1  90    0    0 301 -359  1
4218500 2850500 11  1 20   7.1 1005 311  2.4 6  6.0  94    0    0 293 -358  1
4218500 2850500 11  1 21   7.3 1005 305  2.7 7  6.0  95    0    0 300 -356  1
4218500 2850500 11  1 22   7.9 1006 347  2.3 7  6.2  94    0    0 308 -355  1
4218500 2850500 11  1 23   7.4 1007 342  1.4 7  6.1  93    0    0 307 -352  1
4218500 2850500 11  1 24   7.3 1006 341  1.6 8  6.0  93    0    0 313 -347  1
4218500 2850500 11  2  1   7.2 1006 294  1.7 8  6.0  94    0    0 320 -345  1
4218500 2850500 11  2  2   7.2 1007 289  2.5 8  6.1  95    0    0 321 -345  1
4218500 2850500 11  2  3   6.8 1007 309  2.2 7  6.0  96    0    0 313 -344  1
4218500 2850500 11  2  4   7.0 1007 339  1.4 7  6.1  98    0    0 305 -345  1
4218500 2850500 11  2  5   7.2 1007 219  0.9 8  6.2  97    0    0 313 -346  1
4218500 2850500 11  2  6   7.3 1007 242  1.8 8  6.2  96    0    0 321 -345  1
4218500 2850500 11  2  7   7.1 1007 259  2.0 8  6.1  96    0    0 322 -345  1
4218500 2850500 11  2  8   7.5 1008 272  1.8 8  6.1  95    0   12 324 -346  1
4218500 2850500 11  2  9   8.0 1008 256  1.9 6  6.2  94   24   75 311 -347  1
4218500 2850500 11  2 10   8.4 1009 245  2.2 7  6.3  92    1   77 306 -353  1
4218500 2850500 11  2 11   8.8 1009 232  2.3 7  6.4  91    0   38 312 -363  1
4218500 2850500 11  2 12   9.0 1009 219  2.7 7  6.4  89    0   47 313 -372  1
4218500 2850500 11  2 13   9.4 1009 247  2.7 7  6.1  84    0   44 314 -380  1
4218500 2850500 11  2 14   9.7 1009 234  3.6 8  6.0  80    0   33 319 -383  1
4218500 2850500 11  2 15   9.6 1008 224  4.2 7  5.9  78    0   38 318 -382  1
4218500 2850500 11  2 16   9.3 1008 224  4.2 8  5.8  78    0   24 318 -377  1
4218500 2850500 11  2 17   8.4 1008 232  4.1 8  5.6  79    0    0 323 -369  1
4218500 2850500 11  2 18   8.2 1008 202  3.7 8  5.6  81    0    0 323 -362  1
4218500 2850500 11  2 19   7.7 1007 201  3.3 6  5.6  83    0    0 312 -358  1
4218500 2850500 11  2 20   7.3 1008 194  4.0 6  5.5  85    0    0 299 -355  1
4218500 2850500 11  2 21   7.6 1008 203  4.1 7  5.5  85    0    0 306 -352  1
4218500 2850500 11  2 22   8.0 1008 202  4.2 7  5.6  84    0    0 313 -349  1
4218500 2850500 11  2 23   8.5 1008 221  4.2 7  5.7  83    0    0 316 -347  1
4218500 2850500 11  2 24   8.9 1008 222  4.1 8  5.7  80    0    0 323 -345  1
4218500 2850500 11  3  1   8.8 1008 220  4.3 8  5.6  79    0    0 329 -344  1
4218500 2850500 11  3  2   8.8 1007 206  4.1 8  5.6  79    0    0 330 -344  1
4218500 2850500 11  3  3   7.9 1007 194  4.9 8  5.5  80    0    0 330 -345  1
4218500 2850500 11  3  4   8.2 1006 202  5.1 7  5.4  81    0    0 325 -346  1
4218500 2850500 11  3  5   8.2 1006 202  5.4 8  5.5  81    0    0 326 -348  1
4218500 2850500 11  3  6   9.4 1006 212  6.1 8  5.8  81    0    0 335 -350  1
4218500 2850500 11  3  7   9.7 1006 204  5.3 8  6.0  80    0    0 338 -351  1
4218500 2850500 11  3  8  10.0 1005 201  5.7 8  6.1  79    0    5 339 -350  1
4218500 2850500 11  3  9  10.8 1005 204  6.3 6  6.3  79    9   54 330 -351  1
4218500 2850500 11  3 10  11.5 1005 213  7.1 6  6.4  77    9   93 322 -358  1
4218500 2850500 11  3 11  12.2 1005 220  7.4 6  6.3  72   59  151 324 -366  1
4218500 2850500 11  3 12  13.4 1004 221  7.6 6  6.3  67   28  160 327 -371  1
4218500 2850500 11  3 13  13.9 1004 231  7.0 7  6.4  65    0   93 336 -373  1
4218500 2850500 11  3 14  14.2 1004 230  7.9 7  6.6  65    0   91 343 -374  1
4218500 2850500 11  3 15  13.8 1004 229  7.5 7  6.8  67    0   53 344 -374  1
4218500 2850500 11  3 16  12.3 1005 257  5.1 7  7.3  77    4   45 343 -374  1
4218500 2850500 11  3 17  11.2 1005 269  6.0 7  7.7  89    0    0 341 -373  1
4218500 2850500 11  3 18  11.8 1005 257  5.4 7  7.7  90    0    0 340 -372  1
4218500 2850500 11  3 19  11.2 1006 257  5.1 7  7.7  90    0    0 341 -371  1
4218500 2850500 11  3 20  11.0 1007 249  5.7 7  7.3  88    0    0 341 -372  1
4218500 2850500 11  3 21  10.8 1007 249  5.0 7  6.9  84    0    0 340 -372  1
4218500 2850500 11  3 22  11.0 1008 244  4.7 7  6.5  80    0    0 339 -372  1
4218500 2850500 11  3 23  11.2 1008 266  4.8 7  6.3  76    0    0 339 -371  1
4218500 2850500 11  3 24  11.2 1009 259  5.2 8  6.1  74    0    0 344 -369  1
4218500 2850500 11  4  1  10.9 1009 268  5.8 8  5.9  72    0    0 347 -364  1
4218500 2850500 11  4  2   9.7 1009 231  4.1 8  6.2  79    0    0 345 -359  1
4218500 2850500 11  4  3   9.1 1009 222  4.5 8  6.7  91    0    0 342 -358  1
4218500 2850500 11  4  4   8.6 1009 221  3.9 8  6.7  94    0    0 342 -358  1
4218500 2850500 11  4  5   8.5 1009 172  1.7 8  6.7  96    0    0 343 -359  1
4218500 2850500 11  4  6   8.5 1008 158  2.5 8  6.7  97    0    0 345 -360  1
4218500 2850500 11  4  7   9.2 1007 187  3.6 8  7.0  98    0    0 346 -364  1
4218500 2850500 11  4  8  12.1 1007 240  6.2 8  7.8  97    0   10 354 -369  1
4218500 2850500 11  4  9  13.1 1007 231  6.6 7  8.7  95    0   25 358 -372  1
4218500 2850500 11  4 10  13.7 1007 241  7.8 8  8.9  92    0   24 361 -375  1
4218500 2850500 11  4 11  13.8 1007 239  6.0 8  9.1  92    0   49 370 -377  1
4218500 2850500 11  4 12  14.6 1007 240  7.9 7  9.2  90    0   63 366 -379  1
4218500 2850500 11  4 13  14.9 1007 250  8.0 7  9.0  86    0   65 364 -382  1
4218500 2850500 11  4 14  15.0 1007 249  7.3 7  8.9  83    0   39 364 -385  1
4218500 2850500 11  4 15  14.6 1008 255  8.2 8  8.9  84    0   20 370 -387  1
4218500 2850500 11  4 16  15.3 1008 248  7.4 8  9.0  84    0   10 375 -388  1
4218500 2850500 11  4 17  15.2 1009 254  7.0 8  9.0  82    0    0 377 -387  1
4218500 2850500 11  4 18  14.5 1009 247  6.5 8  9.2  87    0    0 376 -386  1
4218500 2850500 11  4 19  14.2 1009 248  6.6 8  9.6  93    0    0 375 -386  1
4218500 2850500 11  4 20  14.1 1009 232  6.7 8  9.6  94    0    0 375 -385  1
4218500 2850500 11  4 21  14.0 1009 240  7.0 8  9.5  95    0    0 374 -384  1
4218500 2850500 11  4 22  14.5 1009 239  6.8 8  9.5  93    0    0 376 -383  1
4218500 2850500 11  4 23  15.7 1009 255  8.0 7  9.0  83    0    0 372 -383  1
4218500 2850500 11  4 24  15.7 1009 256  8.4 8  8.4  75    0    0 374 -384  1
4218500 2850500 11  5  1  15.7 1008 248  7.9 8  8.4  75    0    0 378 -383  1
4218500 2850500 11  5  2  15.8 1008 258  8.8 8  8.3  74    0    0 378 -381  1
4218500 2850500 11  5  3  16.0 1007 258  8.4 8  8.2  73    0    0 379 -378  1
4218500 2850500 11  5  4  16.1 1007 256  8.1 8  8.1  71    0    0 379 -376  1
4218500 2850500 11  5  5  14.6 1007 256  8.7 8  8.2  75    0    0 376 -375  1
4218500 2850500 11  5  6  13.5 1007 247  8.1 8  8.5  85    0    0 373 -374  1
4218500 2850500 11  5  7  13.4 1008 247  7.7 8  8.4  87    0    0 370 -374  1
4218500 2850500 11  5  8  14.2 1008 256  8.1 8  8.1  81    0    4 369 -374  1
4218500 2850500 11  5  9  14.5 1008 250  8.1 8  7.8  76    0   35 369 -373  1
4218500 2850500 11  5 10  14.8 1009 257  8.8 7  7.6  72    1   76 364 -373  1
4218500 2850500 11  5 11  14.9 1009 248  8.4 7  7.7  72    0   87 358 -373  1
4218500 2850500 11  5 12  14.9 1010 257  8.4 8  7.9  74    0   63 363 -373  1
4218500 2850500 11  5 13  13.3 1010 240  6.1 7  8.3  82    0   59 360 -373  1
4218500 2850500 11  5 14  13.1 1010 240  6.9 7  8.7  91    0   57 352 -373  1
4218500 2850500 11  5 15  13.1 1010 248  6.3 8  8.7  92    0   31 356 -374  1
4218500 2850500 11  5 16  13.1 1011 253  5.7 8  8.6  91    0   19 361 -374  1
4218500 2850500 11  5 17  13.3 1011 261  5.4 8  8.6  90    0    0 360 -373  1
4218500 2850500 11  5 18  13.1 1012 251  4.2 8  8.5  89    0    0 360 -373  1
4218500 2850500 11  5 19  12.7 1012 260  4.4 7  8.3  89    0    0 354 -373  1
4218500 2850500 11  5 20  12.9 1012 259  4.5 7  8.1  87    0    0 348 -372  1
4218500 2850500 11  5 21  12.2 1012 256  4.2 7  7.8  86    0    0 347 -372  1
4218500 2850500 11  5 22  12.0 1011 240  2.6 8  7.9  89    0    0 352 -373  1
4218500 2850500 11  5 23  11.6 1011 228  2.7 8  8.1  93    0    0 358 -373  1
4218500 2850500 11  5 24  10.7 1010 218  3.2 8  7.8  94    0    0 356 -372  1
4218500 2850500 11  6  1   9.6 1009 234  1.1 8  7.2  93    0    0 352 -372  1
4218500 2850500 11  6  2   9.3 1008 142  2.6 8  7.0  95    0    0 349 -372  1
4218500 2850500 11  6  3   8.6 1006  69  3.2 8  6.9  97    0    0 348 -372  1
4218500 2850500 11  6  4   8.3 1004  16  2.3 8  6.7  97    0    0 347 -371  1
4218500 2850500 11  6  5   8.2 1003 353  2.4 8  6.6  97    0    0 347 -368  1
4218500 2850500 11  6  6   8.2 1003 312  2.8 8  6.6  96    0    0 347 -365  1
4218500 2850500 11  6  7   8.3 1003 254  2.7 8  6.6  95    0    0 347 -363  1
4218500 2850500 11  6  8   8.3 1004 250  3.1 8  6.6  96    0    8 347 -361  1
4218500 2850500 11  6  9   8.6 1004 270  3.5 7  6.7  96    2   45 340 -360  1
4218500 2850500 11  6 10   8.8 1004 270  4.0 7  6.7  95    0   60 333 -360  1
4218500 2850500 11  6 11   8.9 1004 266  4.1 8  6.7  94    0   42 340 -360  1
4218500 2850500 11  6 12   9.1 1004 261  4.6 7  6.7  92    2  115 339 -360  1
4218500 2850500 11  6 13   9.3 1004 271  5.0 7  6.7  91    0   95 331 -361  1
4218500 2850500 11  6 14   9.5 1004 260  5.0 6  6.7  90   12  118 322 -361  1
4218500 2850500 11  6 15   9.8 1004 269  4.8 3  6.6  88   45   93 292 -359  1
4218500 2850500 11  6 16   9.6 1003 278  5.1 6  6.5  86    8   44 292 -357  1
4218500 2850500 11  6 17   9.1 1004 287  4.3 6  6.4  86    0    0 309 -354  1
4218500 2850500 11  6 18   8.4 1004 289  3.5 5  6.1  87    0    0 298 -352  1
4218500 2850500 11  6 19   7.5 1005 271  3.3 4  5.9  88    0    0 281 -351  1
4218500 2850500 11  6 20   6.9 1005 280  3.1 3  5.7  89    0    0 267 -350  1
4218500 2850500 11  6 21   6.2 1004 283  2.6 3  5.3  87    0    0 259 -349  1
4218500 2850500 11  6 22   5.1 1005 279  3.1 3  5.1  89    0    0 255 -347  1
4218500 2850500 11  6 23   5.0 1005 280  2.6 2  5.1  93    0    0 246 -346  1
4218500 2850500 11  6 24   5.0 1005 261  2.3 3  5.1  94    0    0 242 -345  1
4218500 2850500 11  7  1   4.3 1005 250  2.1 3  5.0  94    0    0 245 -344  1
4218500 2850500 11  7  2   3.5 1004 272  2.0 3  4.8  95    0    0 242 -344  1
4218500 2850500 11  7  3   3.1 1004 232  1.5 6  4.7  96    0    0 260 -343  1
4218500 2850500 11  7  4   2.6 1004 249  1.4 5  4.6  97    0    0 271 -340  1
4218500 2850500 11  7  5   1.8 1003 307  1.5 7  4.3  96    0    0 275 -337  1
4218500 2850500 11  7  6   1.0 1003 348  1.1 7  4.1  96    0    0 282 -337  1
4218500 2850500 11  7  7   1.3 1002  18  1.6 7  4.0  97    0    0 280 -335  1
4218500 2850500 11  7  8   1.6 1002 186  1.1 7  4.1  97    1   11 280 -334  1
4218500 2850500 11  7  9   1.9 1002  83  1.1 7  4.2  98    8   49 281 -332  1
4218500 2850500 11  7 10   2.8 1002  69  1.1 6  4.4  97   20   96 277 -333  1
4218500 2850500 11  7 11   3.8 1002  46  1.8 5  4.7  96   18  124 268 -337  1
4218500 2850500 11  7 12   4.4 1001  58  2.1 6  4.8  94   32  151 268 -341  1
4218500 2850500 11  7 13   5.2 1000  49  2.2 7  4.7  87   46  157 280 -343  1
4218500 2850500 11  7 14   5.6 1000  39  2.6 6  4.4  79   54  137 280 -344  1
4218500 2850500 11  7 15   5.3  999  26  3.5 6  4.1  73   18   91 274 -342  1
4218500 2850500 11  7 16   5.0  999  44  3.4 7  3.9  71    0   33 276 -338  1
4218500 2850500 11  7 17   4.6  998  35  3.2 6  3.9  72    0    0 276 -333  1
4218500 2850500 11  7 18   4.4  998  49  3.0 7  4.0  74    0    0 276 -328  1
4218500 2850500 11  7 19   3.9  998  50  2.9 7  3.9  76    0    0 279 -326  1
4218500 2850500 11  7 20   3.3  997  44  2.3 7  3.9  78    0    0 278 -325  1
4218500 2850500 11  7 21   3.0  997  57  2.7 7  3.9  81    0    0 278 -324  1
4218500 2850500 11  7 22   3.1  996  42  2.6 7  4.0  84    0    0 279 -323  1
4218500 2850500 11  7 23   3.0  996  45  3.3 8  4.2  86    0    0 285 -323  1
4218500 2850500 11  7 24   2.7  995  36  2.9 8  4.2  88    0    0 290 -323  1
4218500 2850500 11  8  1   2.8  994  59  3.5 8  4.2  89    0    0 291 -323  1
4218500 2850500 11  8  2   2.8  993  40  2.9 8  4.2  89    0    0 293 -322  1
4218500 2850500 11  8  3   2.9  993  55  2.9 8  4.3  91    0    0 296 -322  1
4218500 2850500 11  8  4   2.8  992  86  2.6 8  4.4  94    0    0 300 -322  1
4218500 2850500 11  8  5   3.1  991  76  2.4 8  4.5  94    0    0 301 -321  1
4218500 2850500 11  8  6   3.1  990  64  2.6 8  4.6  94    0    0 302 -321  1
4218500 2850500 11  8  7   3.1  989  47  2.7 8  4.6  94    0    0 303 -320  1
4218500 2850500 11  8  8   3.0  989  68  3.5 8  4.5  93    0    1 303 -320  1
4218500 2850500 11  8  9   3.0  988  73  3.0 8  4.5  92    0   11 305 -320  1
4218500 2850500 11  8 10   3.1  988  55  3.5 8  4.5  93    0   23 306 -322  1
4218500 2850500 11  8 11   3.1  987  66  3.1 8  4.5  92    0   60 308 -324  1
4218500 2850500 11  8 12   3.1  987  56  3.2 7  4.5  92    0   86 302 -326  1
4218500 2850500 11  8 13   3.1  985  50  3.4 8  4.5  92    0   42 303 -327  1
4218500 2850500 11  8 14   3.1  984  65  3.4 8  4.4  91    0   37 310 -328  1
4218500 2850500 11  8 15   3.1  983  67  3.3 7  4.4  90    0   39 304 -327  1
4218500 2850500 11  8 16   3.1  982  66  2.9 8  4.3  89    0   21 305 -326  1
4218500 2850500 11  8 17   3.0  982  60  2.2 8  4.3  89    0    0 313 -324  1
4218500 2850500 11  8 18   3.1  981  76  1.9 8  4.4  90    0    0 312 -323  1
4218500 2850500 11  8 19   3.1  980  87  1.5 8  4.4  90    0    0 311 -323  1
4218500 2850500 11  8 20   2.8  980 152  1.5 8  4.4  90    0    0 312 -323  1
4218500 2850500 11  8 21   2.9  980 194  1.3 8  4.3  90    0    0 311 -323  1
4218500 2850500 11  8 22   2.8  979 201  1.2 8  4.3  89    0    0 311 -324  1
4218500 2850500 11  8 23   2.8  978 253  1.1 8  4.3  89    0    0 311 -324  1
4218500 2850500 11  8 24   2.9  978 257  1.3 8  4.3  90    0    0 310 -324  1
4218500 2850500 11  9  1   2.9  977 292  1.3 8  4.4  90    0    0 311 -324  1
4218500 2850500 11  9  2   3.0  977 302  1.5 8  4.4  90    0    0 310 -324  1
4218500 2850500 11  9  3   2.9  976 281  1.7 8  4.4  90    0    0 309 -323  1
4218500 2850500 11  9  4   2.9  976 247  2.1 8  4.4  90    0    0 305 -323  1
4218500 2850500 11  9  5   2.9  977 239  2.5 8  4.3  90    0    0 304 -322  1
4218500 2850500 11  9  6   3.0  977 229  2.4 8  4.3  89    0    0 305 -321  1
4218500 2850500 11  9  7   2.8  977 241  2.3 8  4.3  88    0    0 305 -321  1
4218500 2850500 11  9  8   2.9  977 246  2.9 8  4.2  86    0    6 305 -321  1
4218500 2850500 11  9  9   2.4  977 207  3.0 7  4.1  87    7   54 296 -322  1
4218500 2850500 11  9 10   2.8  978 220  3.6 7  4.2  88    3   80 288 -323  1
4218500 2850500 11  9 11   3.2  978 190  3.2 8  4.2  85    0   51 296 -326  1
4218500 2850500 11  9 12   3.6  979 198  3.4 7  4.2  85    0   98 296 -330  1
4218500 2850500 11  9 13   4.0  979 189  2.4 8  4.4  86    0   50 297 -333  1
4218500 2850500 11  9 14   4.4  979 167  2.6 8  4.6  86    0   48 307 -335  1
4218500 2850500 11  9 15   4.9  979 186  2.8 7  4.7  85    0   32 300 -334  1
4218500 2850500 11  9 16   5.1  979 168  2.5 7  4.8  85    0   21 293 -331  1
4218500 2850500 11  9 17   4.2  980 119  2.7 6  4.8  88    0    0 284 -326  1
4218500 2850500 11  9 18   3.7  980 106  2.9 5  4.7  90    0    0 265 -321  1
4218500 2850500 11  9 19   2.7  980 110  2.3 5  4.6  92    0    0 258 -319  1
4218500 2850500 11  9 20   2.7  980 109  2.6 5  4.5  95    0    0 260 -319  1
4218500 2850500 11  9 21   2.8  980 111  2.2 5  4.6  96    0    0 263 -321  1
4218500 2850500 11  9 22   2.5  980 131  2.8 4  4.6  98    0    0 260 -322  1
4218500 2850500 11  9 23   1.8  981 124  2.1 2  4.4  96    0    0 242 -323  1
4218500 2850500 11  9 24   1.0  980 111  2.1 1  4.1  95    0    0 225 -324  1
4218500 2850500 11 10  1   1.0  980 118  2.4 1  4.0  95    0    0 220 -324  1
4218500 2850500 11 10  2   0.2  980 127  2.1 1  3.9  95    0    0 218 -324  1
4218500 2850500 11 10  3  -0.3  980 106  2.1 1  3.7  96    0    0 216 -324  1
4218500 2850500 11 10  4   0.0  980 126  2.2 1  3.8  98    0    0 214 -323  1
4218500 2850500 11 10  5  -0.3  981 125  2.2 3  3.8  98    0    0 224 -322  1
4218500 2850500 11 10  6  -0.4  981  88  2.3 5  3.8  99    0    0 249 -320  1
4218500 2850500 11 10  7  -0.1  981 141  1.6 7  3.8  98    0    0 274 -320  1
4218500 2850500 11 10  8   0.4  982 160  1.7 7  3.9  98    0    9 287 -320  1
4218500 2850500 11 10  9   2.1  982 132  1.9 6  4.2  98   35   56 284 -323  1
4218500 2850500 11 10 10   3.1  984 126  2.0 5  4.5  96   50  102 275 -328  1
4218500 2850500 11 10 11   4.5  984 137  2.3 5  4.7  92   58  141 270 -335  1
4218500 2850500 11 10 12   7.1  984 167  3.0 4  5.0  85  143  157 266 -342  1
4218500 2850500 11 10 13   8.0  985 172  2.7 4  5.3  79  136  159 258 -346  1
4218500 2850500 11 10 14   9.9  985 163  2.1 7  5.5  76   45  139 283 -347  1
4218500 2850500 11 10 15   9.2  985 185  2.7 7  5.6  74   16   91 310 -345  1
4218500 2850500 11 10 16   9.3  986 186  2.6 6  5.6  75    2   35 302 -342  1
4218500 2850500 11 10 17   8.5  986 165  2.3 7  5.7  78    0    0 302 -338  1
4218500 2850500 11 10 18   7.8  987 154  2.2 7  5.8  84    0    0 309 -335  1
4218500 2850500 11 10 19   8.4  987 200  3.0 7  5.9  86    0    0 311 -332  1
4218500 2850500 11 10 20   8.8  988 212  3.4 7  5.9  82    0    0 313 -330  1
4218500 2850500 11 10 21   9.1  989 209  3.2 7  5.7  78    0    0 313 -328  1
4218500 2850500 11 10 22   9.0  989 202  3.3 7  5.7  77    0    0 312 -326  1
4218500 2850500 11 10 23   8.4  990 212  3.4 7  5.7  79    0    0 311 -325  1
4218500 2850500 11 10 24   8.1  991 228  3.6 7  5.7  82    0    0 309 -323  1
4218500 2850500 11 11  1   7.6  991 246  3.5 8  5.9  88    0    0 313 -321  1
4218500 2850500 11 11  2   7.3  992 287  5.1 8  6.0  91    0    0 317 -319  1
4218500 2850500 11 11  3   6.6  993 289  5.6 8  5.8  92    0    0 315 -318  1
4218500 2850500 11 11  4   5.6  995 291  6.4 8  5.6  93    0    0 312 -319  1
4218500 2850500 11 11  5   4.3  996 278  6.2 8  5.0  92    0    0 309 -321  1
4218500 2850500 11 11  6   3.9  997 278  4.3 8  4.6  90    0    0 306 -322  1
4218500 2850500 11 11  7   4.1  999 260  4.1 8  4.7  92    0    0 304 -323  1
4218500 2850500 11 11  8   4.3  999 249  3.9 8  4.9  94    3   10 303 -322  1
4218500 2850500 11 11  9   4.6 1000 230  4.0 8  5.0  94   35   51 301 -322  1
4218500 2850500 11 11 10   5.2 1001 229  3.8 6  5.1  93   16   90 291 -323  1
4218500 2850500 11 11 11   6.0 1001 229  4.2 6  5.1  89   27  127 283 -326  1
4218500 2850500 11 11 12   7.0 1002 219  4.6 4  5.0  82   58  152 276 -330  1
4218500 2850500 11 11 13   6.7 1002 231  5.2 4  4.7  75   16  139 267 -333  1
4218500 2850500 11 11 14   7.1 1001 215  5.7 6  4.5  72    4   99 276 -334  1
4218500 2850500 11 11 15   6.9 1001 210  5.4 5  4.4  70   56   94 281 -333  1
4218500 2850500 11 11 16   6.3 1000 191  4.5 6  4.3  70    7   39 277 -329  1
4218500 2850500 11 11 17   5.8  999 173  4.7 7  4.1  70    0    0 281 -324  1
4218500 2850500 11 11 18   5.7  997 180  5.4 7  4.1  70    0    0 285 -322  1
4218500 2850500 11 11 19   6.0  996 179  5.8 8  3.9  66    0    0 291 -322  1
4218500 2850500 11 11 20   6.1  994 180  7.3 8  3.7  63    0    0 297 -322  1
4218500 2850500 11 11 21   6.2  992 181  7.9 8  3.9  65    0    0 301 -323  1
4218500 2850500 11 11 22   5.3  989 182  7.7 8  4.4  75    0    0 304 -324  1
4218500 2850500 11 11 23   5.1  988 180  7.5 8  4.9  86    0    0 309 -325  1
4218500 2850500 11 11 24   5.6  985 180  7.7 8  5.1  89    0    0 315 -326  1
4218500 2850500 11 12  1   5.5  984 198  6.7 8  5.3  91    0    0 321 -329  1
4218500 2850500 11 12  2   5.9  983 191  6.6 8  5.5  94    0    0 325 -332  1
4218500 2850500 11 12  3   6.8  981 221  6.2 7  5.6  92    0    0 322 -334  1
4218500 2850500 11 12  4   6.9  981 230  5.9 5  5.7  89    0    0 306 -335  1
4218500 2850500 11 12  5   6.9  981 229  6.3 4  5.6  88    0    0 290 -336  1
4218500 2850500 11 12  6   7.0  981 223  5.5 5  5.5  86    0    0 290 -336  1
4218500 2850500 11 12  7   7.0  982 219  5.5 5  5.4  84    0    0 295 -337  1
4218500 2850500 11 12  8   7.8  982 219  6.1 5  5.4  82    0    7 295 -337  1
4218500 2850500 11 12  9   8.8  983 233  6.6 7  5.4  77   17   29 309 -337  1
4218500 2850500 11 12 10   8.6  984 220  6.8 7  5.5  77    0   61 321 -339  1
4218500 2850500 11 12 11   9.8  984 233  7.9 7  5.7  77    0   68 324 -341  1
4218500 2850500 11 12 12   9.9  984 222  7.3 6  5.6  72    0   67 320 -343  1
4218500 2850500 11 12 13  10.9  984 242  7.8 7  5.5  68    0   55 320 -342  1
4218500 2850500 11 12 14  11.6  984 258  8.5 8  5.3  62    0   54 332 -343  1
4218500 2850500 11 12 15  11.7  985 253 10.4 6  5.0  57   12   63 326 -344  1
4218500 2850500 11 12 16  11.2  985 251  7.9 4  4.8  56    9   29 304 -342  1
4218500 2850500 11 12 17   8.9  986 257  6.6 4  5.1  64    0    0 290 -339  1
4218500 2850500 11 12 18  10.1  987 247  6.8 3  5.2  68    0    0 284 -335  1
4218500 2850500 11 12 19   9.6  987 236  6.4 2  4.9  64    0    0 273 -334  1
4218500 2850500 11 12 20   9.1  987 231  6.1 3  5.0  67    0    0 272 -334  1
4218500 2850500 11 12 21   9.3  988 223  5.9 5  5.3  71    0    0 288 -334  1
4218500 2850500 11 12 22   9.8  988 238  6.4 6  5.5  72    0    0 308 -335  1
4218500 2850500 11 12 23   9.4  988 237  6.4 7  5.7  75    0    0 320 -337  1
4218500 2850500 11 12 24   9.7  988 240  6.0 8  5.8  76    0    0 332 -340  1
4218500 2850500 11 13  1   8.9  987 230  4.6 8  5.9  79    0    0 339 -343  1
4218500 2850500 11 13  2   8.7  987 222  4.1 8  6.3  87    0    0 341 -345  1
4218500 2850500 11 13  3   8.6  987 217  4.1 8  6.6  92    0    0 344 -348  1
4218500 2850500 11 13  4   8.5  987 203  3.8 8  6.7  94    0    0 346 -350  1
4218500 2850500 11 13  5   8.7  987 201  3.6 8  6.8  94    0    0 347 -352  1
4218500 2850500 11 13  6   9.0  987 210  3.9 8  6.9  95    0    0 349 -355  1
4218500 2850500 11 13  7   9.3  987 229  3.7 7  7.1  96    0    0 342 -360  1
4218500 2850500 11 13  8   9.5  987 227  3.0 7  7.2  95    0    3 336 -364  1
4218500 2850500 11 13  9  10.2  988 241  2.8 7  7.4  95    0   20 337 -365  1
4218500 2850500 11 13 10  10.6  988 229  3.4 8  7.7  95    0   22 345 -363  1
4218500 2850500 11 13 11  11.0  989 220  3.3 8  7.8  94    0   29 352 -363  1
4218500 2850500 11 13 12  11.2  989 221  3.5 7  7.9  93    0   32 345 -363  1
4218500 2850500 11 13 13  11.3  990 227  3.6 7  7.9  92    0   35 339 -364  1
4218500 2850500 11 13 14  11.3  990 232  3.8 7  7.8  91    0   33 338 -363  1
4218500 2850500 11 13 15  11.2  991 245  4.2 7  7.6  89    0   33 337 -362  1
4218500 2850500 11 13 16  11.1  991 239  3.9 8  7.3  86    0   12 343 -362  1
4218500 2850500 11 13 17  10.6  992 214  3.6 8  7.0  84    0    0 348 -362  1
4218500 2850500 11 13 18  10.2  993 215  4.5 8  6.9  86    0    0 346 -364  1
4218500 2850500 11 13 19  10.1  993 222  3.7 8  7.1  90    0    0 346 -368  1
4218500 2850500 11 13 20  10.2  994 235  3.9 8  7.2  91    0    0 347 -371  1
4218500 2850500 11 13 21  10.3  994 223  3.3 8  7.3  91    0    0 349 -371  1
4218500 2850500 11 13 22  10.1  994 204  2.2 8  7.3  93    0    0 349 -371  1
4218500 2850500 11 13 23  10.1  995 189  3.0 8  7.4  94    0    0 349 -371  1
4218500 2850500 11 13 24  10.3  995 212  3.4 8  7.5  95    0    0 349 -371  1
4218500 2850500 11 14  1  10.5  995 201  3.2 8  7.6  95    0    0 350 -371  1
4218500 2850500 11 14  2  10.6  995 210  2.6 8  7.7  95    0    0 350 -371  1
4218500 2850500 11 14  3  10.7  995 188  2.2 8  7.8  95    0    0 352 -371  1
4218500 2850500 11 14  4  10.6  995 180  2.4 8  7.8  96    0    0 353 -371  1
4218500 2850500 11 14  5  10.7  995 145  2.0 8  7.9  96    0    0 353 -370  1
4218500 2850500 11 14  6  10.6  995 132  2.4 8  7.8  96    0    0 353 -370  1
4218500 2850500 11 14  7  10.8  995 145  3.3 8  7.8  96    0    0 353 -370  1
4218500 2850500 11 14  8  11.1  995 173  3.8 7  7.8  94    0    2 348 -370  1
4218500 2850500 11 14  9  12.0  995 192  4.6 6  7.8  90   22   42 339 -369  1
4218500 2850500 11 14 10  14.1  995 192  5.5 5  7.8  82   48   83 332 -369  1
4218500 2850500 11 14 11  14.7  995 203  5.6 7  7.9  75    0   73 340 -369  1
4218500 2850500 11 14 12  15.5  995 202  5.5 5  7.9  72   37  137 342 -370  1
4218500 2850500 11 14 13  17.5  995 208  6.5 3  7.8  65  168  107 322 -373  1
4218500 2850500 11 14 14  17.8  994 210  6.8 5  7.4  58  173   85 322 -374  1
4218500 2850500 11 14 15  17.8  994 201  6.7 4  7.2  56   94   71 324 -374  1
4218500 2850500 11 14 16  17.0  994 200  5.6 5  7.2  57   14   37 319 -372  1
4218500 2850500 11 14 17  16.0  995 191  4.7 4  7.2  60    0    0 313 -369  1
4218500 2850500 11 14 18  14.9  995 198  3.4 4  7.3  65    0    0 303 -367  1
4218500 2850500 11 14 19  14.0  996 193  3.5 3  7.2  69    0    0 293 -367  1
4218500 2850500 11 14 20  14.5  996 200  4.4 3  7.1  69    0    0 288 -367  1
4218500 2850500 11 14 21  14.6  997 199  4.0 4  6.9  66    0    0 295 -367  1
4218500 2850500 11 14 22  13.8  997 191  4.6 6  6.8  66    0    0 314 -367  1
4218500 2850500 11 14 23  13.6  998 192  4.2 6  6.8  68    0    0 325 -367  1
4218500 2850500 11 14 24  13.6  998 199  3.9 6  6.7  68    0    0 323 -367  1
4218500 2850500 11 15  1  13.0  999 189  3.9 5  6.5  68    0    0 315 -367  1
4218500 2850500 11 15  2  13.2  999 199  4.1 6  6.5  68    0    0 315 -367  1
4218500 2850500 11 15  3  12.9 1000 202  3.7 7  6.6  69    0    0 327 -366  1
4218500 2850500 11 15  4  13.1 1000 229  3.5 7  6.6  70    0    0 333 -366  1
4218500 2850500 11 15  5  12.9 1001 231  4.0 8  6.7  71    0    0 340 -366  1
4218500 2850500 11 15  6  13.0 1002 276  4.4 8  6.6  70    0    0 346 -366  1
4218500 2850500 11 15  7  12.8 1003 272  4.1 7  6.1  65    0    0 338 -366  1
4218500 2850500 11 15  8  11.6 1005 281  4.5 7  5.4  60    0    0 328 -366  1
4218500 2850500 11 15  9  11.3 1005 277  3.5 6  5.0  59    0   28 319 -366  1
4218500 2850500 11 15 10  11.2 1006 285  3.4 8  5.1  60    0   39 324 -367  1
4218500 2850500 11 15 11  11.1 1007 302  4.4 7  5.1  62    7  108 329 -369  1
4218500 2850500 11 15 12  11.2 1008 300  3.9 6  5.1  61   61  155 315 -370  1
4218500 2850500 11 15 13  10.8 1008 311  3.7 6  5.1  62   32  148 308 -369  1
4218500 2850500 11 15 14  10.7 1008 326  3.5 6  5.0  62   52  133 305 -368  1
4218500 2850500 11 15 15   9.9 1009 324  3.5 7  4.8  61    6   77 308 -366  1
4218500 2850500 11 15 16   9.7 1009 325  2.7 7  4.7  63    0   16 312 -364  1
4218500 2850500 11 15 17   9.3 1009 323  1.5 8  4.9  67    0    0 316 -360  1
4218500 2850500 11 15 18   9.0 1010 337  2.2 7  5.1  70    0    0 315 -357  1
4218500 2850500 11 15 19   9.1 1010 335  2.0 8  5.0  70    0    0 315 -355  1
4218500 2850500 11 15 20   8.9 1011 283  2.5 8  5.0  69    0    0 321 -354  1
4218500 2850500 11 15 21   8.7 1011 218  2.7 8  4.9  69    0    0 320 -353  1
4218500 2850500 11 15 22   8.5 1011 133  2.9 8  4.9  70    0    0 315 -352  1
4218500 2850500 11 15 23   7.9 1012  79  2.8 8  4.9  74    0    0 314 -351  1
4218500 2850500 11 15 24   7.1 1012  44  2.5 8  5.0  81    0    0 322 -350  1
4218500 2850500 11 16  1   6.2  996  63  2.1 8  5.2  88    0    0 291 -354  1
4218500 2850500 11 16  2   5.4  996  73  2.0 7  5.3  94    0    0 312 -352  1
4218500 2850500 11 16  3   5.0  996  81  1.9 7  5.4  99    0    0 312 -352  1
4218500 2850500 11 16  4   5.1  996  75  2.1 7  5.4  98    0    0 300 -354  1
4218500 2850500 11 16  5   5.3  996  71  2.2 7  5.5  99    0    0 300 -355  1
4218500 2850500 11 16  6   5.6  996  66  2.6 7  5.6  99    0    0 307 -356  1
4218500 2850500 11 16  7   5.8  996  44  2.5 7  5.7  99    0    0 309 -355  1
4218500 2850500 11 16  8   5.9  996  61  3.1 7  5.8  99    0    0 308 -354  1
4218500 2850500 11 16  9   6.6  997  53  3.5 8  5.9  98    0   17 318 -354  1
4218500 2850500 11 16 10   7.0  997  54  3.4 6  6.0  96    8   87 311 -358  1
4218500 2850500 11 16 11   7.9  996  63  3.3 6  6.2  95   22  138 298 -363  1
4218500 2850500 11 16 12   9.2  996  58  3.9 7  6.4  91    6  125 309 -367  1
4218500 2850500 11 16 13  10.1  996  43  4.3 5  6.4  84   42  177 303 -368  1
4218500 2850500 11 16 14  10.0  994  64  4.2 5  6.2  80   15  132 285 -367  1
4218500 2850500 11 16 15  10.0  994  64  4.8 8  6.1  79    0   52 311 -367  1
4218500 2850500 11 16 16   9.3  993  84  4.2 7  6.1  80    0    8 328 -366  1
4218500 2850500 11 16 17   9.2  993  66  4.1 8  6.2  84    0    0 328 -365  1
4218500 2850500 11 16 18   8.9  992  62  3.6 8  6.3  86    0    0 336 -366  1
4218500 2850500 11 16 19   8.7  991  61  3.8 8  6.4  89    0    0 337 -367  1
4218500 2850500 11 16 20   8.8  991  56  3.8 8  6.5  91    0    0 338 -367  1
4218500 2850500 11 16 21   9.0  990  54  4.4 8  6.6  90    0    0 339 -368  1
4218500 2850500 11 16 22   8.9  989  63  2.5 8  6.7  91    0    0 341 -369  1
4218500 2850500 11 16 23   8.8  989  45  2.7 8  6.7  93    0    0 342 -370  1
4218500 2850500 11 16 24   8.7  989  53  2.6 7  6.8  94    0    0 336 -371  1
4218500 2850500 11 17  1   8.4  989 143  2.6 8  6.7  95    0    0 338 -372  1
4218500 2850500 11 17  2   8.6  989 184  4.7 8  6.7  95    0    0 345 -371  1
4218500 2850500 11 17  3   9.6  989 212  6.5 8  6.8  92    0    0 347 -370  1
4218500 2850500 11 17  4   9.2  989 222  7.3 8  6.9  92    0    0 350 -366  1
4218500 2850500 11 17  5   9.4  990 231  7.5 8  6.9  93    0    0 349 -363  1
4218500 2850500 11 17  6   9.3  991 231  8.4 8  6.8  90    0    0 349 -363  1
4218500 2850500 11 17  7   9.5  992 238  8.2 8  6.4  85    0    0 347 -363  1
4218500 2850500 11 17  8   9.6  994 233  8.1 8  6.1  81    0    0 345 -363  1
4218500 2850500 11 17  9   9.8  995 241  8.2 8  6.0  79    0   18 344 -363  1
4218500 2850500 11 17 10   9.7  996 241  8.8 8  6.1  79    0   38 341 -362  1
4218500 2850500 11 17 11   9.0  997 232  7.7 7  6.2  83    0   32 333 -361  1
4218500 2850500 11 17 12   8.7  999 269  8.4 8  6.2  86    0   35 329 -362  1
4218500 2850500 11 17 13   9.2 1000 259  7.7 8  6.0  83    0   34 332 -363  1
4218500 2850500 11 17 14   9.1 1001 268  8.2 7  5.6  77    0   29 326 -363  1
4218500 2850500 11 17 15   9.1 1002 272  6.9 7  5.3  73    0   37 319 -361  1
4218500 2850500 11 17 16   9.0 1004 261  5.1 7  5.3  73    0   12 318 -359  1
4218500 2850500 11 17 17   8.7 1005 251  4.4 6  5.4  76    0    0 313 -354  1
4218500 2850500 11 17 18   8.8 1006 242  4.1 6  5.5  78    0    0 308 -351  1
4218500 2850500 11 17 19   8.3 1007 244  4.1 7  5.5  79    0    0 312 -348  1
4218500 2850500 11 17 20   8.3 1007 243  4.1 6  5.6  81    0    0 312 -346  1
4218500 2850500 11 17 21   8.5 1008 248  3.7 6  5.7  82    0    0 307 -343  1
4218500 2850500 11 17 22   8.8 1009 253  3.8 7  5.9  84    0    0 312 -343  1
4218500 2850500 11 17 23   8.6 1010 226  3.0 6  6.1  87    0    0 312 -344  1
4218500 2850500 11 17 24   7.3 1009 204  3.4 5  6.1  91    0    0 298 -345  1
4218500 2850500 11 18  1   6.2 1009 201  2.7 1  5.7  93    0    0 265 -343  1
4218500 2850500 11 18  2   5.7 1010 327  2.0 0  5.5  94    0    0 233 -341  1
4218500 2850500 11 18  3   4.9 1011 206  2.8 0  5.2  94    0    0 226 -342  1
4218500 2850500 11 18  4   4.2 1011 184  2.3 0  5.0  94    0    0 226 -345  1
4218500 2850500 11 18  5   3.5 1011 173  2.3 0  4.8  96    0    0 226 -344  1
4218500 2850500 11 18  6   2.7 1011 176  2.4 0  4.7  98    0    0 221 -344  1
4218500 2850500 11 18  7   2.7 1010 170  2.3 1  4.5  98    0    0 224 -345  1
4218500 2850500 11 18  8   2.7 1011 156  1.5 2  4.5  97    0    2 238 -346  1
4218500 2850500 11 18  9   3.6 1011 160  1.9 2  4.7  98   32   37 248 -347  1
4218500 2850500 11 18 10   5.4 1011 161  3.0 1  5.0  96   95   70 250 -348  1
4218500 2850500 11 18 11   7.2 1012 169  3.4 2  5.2  87  137   93 256 -350  1
4218500 2850500 11 18 12   9.7 1011 170  3.2 2  5.3  77  162  105 266 -355  1
4218500 2850500 11 18 13  10.6 1012 163  2.5 2  5.5  72  175   99 273 -358  1
4218500 2850500 11 18 14  11.0 1011 145  2.2 4  5.7  71   99  106 285 -358  1
4218500 2850500 11 18 15  10.8 1011 160  3.1 4  5.8  72   39   78 295 -356  1
4218500 2850500 11 18 16   9.9 1010 137  2.1 5  5.8  74    3   30 297 -351  1
4218500 2850500 11 18 17   8.1 1010 132  2.2 3  5.7  79    0    0 287 -345  1
4218500 2850500 11 18 18   6.2 1009 128  2.3 2  5.4  86    0    0 267 -339  1
4218500 2850500 11 18 19   5.3 1009 122  1.7 2  5.2  91    0    0 258 -335  1
4218500 2850500 11 18 20   4.0 1009  71  1.4 2  5.0  95    0    0 252 -332  1
4218500 2850500 11 18 21   4.0 1009  69  1.8 2  4.9  96    0    0 250 -328  1
4218500 2850500 11 18 22   3.6 1009  54  1.7 4  4.9  98    0    0 258 -323  1
4218500 2850500 11 18 23   3.9 1009  42  2.0 5  4.9  98    0    0 271 -319  1
4218500 2850500 11 18 24   3.8 1008  29  1.8 6  4.9  97    0    0 279 -320  1
4218500 2850500 11 19  1   4.1 1008  77  1.6 6  5.0  98    0    0 283 -325  1
4218500 2850500 11 19  2   4.8 1008  39  2.4 7  5.2  98    0    0 291 -329  1
4218500 2850500 11 19  3   5.2 1007  15  2.6 7  5.3  97    0    0 300 -332  1
4218500 2850500 11 19  4   5.6 1006  21  3.7 7  5.4  96    0    0 302 -334  1
4218500 2850500 11 19  5   5.6 1006  25  3.9 7  5.4  96    0    0 304 -335  1
4218500 2850500 11 19  6   5.8 1006  25  4.2 8  5.4  95    0    0 312 -336  1
4218500 2850500 11 19  7   5.4 1005  18  4.5 8  5.4  94    0    0 320 -337  1
4218500 2850500 11 19  8   6.0 1005  29  5.0 8  5.5  95    0    0 322 -338  1
4218500 2850500 11 19  9   6.2 1005  35  4.8 8  5.6  95    1   26 326 -338  1
4218500 2850500 11 19 10   6.5 1005  21  5.0 8  5.8  97    0   31 328 -339  1
4218500 2850500 11 19 11   6.6 1005  13  4.6 8  6.0  98    0   35 330 -341  1
4218500 2850500 11 19 12   6.7 1005  20  6.1 8  5.9  97    0   35 331 -342  1
4218500 2850500 11 19 13   6.6 1004  10  5.9 8  5.8  95    0   36 331 -342  1
4218500 2850500 11 19 14   6.3 1004  11  6.1 8  5.7  94    0   24 330 -343  1
4218500 2850500 11 19 15   6.3 1004   9  6.2 7  5.6  93    0   35 323 -344  1
4218500 2850500 11 19 16   5.7 1004   0  6.4 8  5.2  88    0   15 323 -343  1
4218500 2850500 11 19 17   5.1 1005   1  6.9 7  4.4  78    0    0 321 -343  1
4218500 2850500 11 19 18   4.7 1005 360  6.3 7  3.9  72    0    0 312 -342  1
4218500 2850500 11 19 19   4.1 1006 357  5.7 7  3.9  74    0    0 310 -343  1
4218500 2850500 11 19 20   3.3 1007 351  5.3 7  3.8  76    0    0 309 -343  1
4218500 2850500 11 19 21   2.4 1007 340  4.6 6  3.8  80    0    0 301 -343  1
4218500 2850500 11 19 22   1.6 1008 341  4.3 3  3.7  84    0    0 273 -342  1
4218500 2850500 11 19 23   0.7 1008 332  3.9 2  3.5  85    0    0 247 -342  1
4218500 2850500 11 19 24   0.1 1009 329  3.7 1  3.4  86    0    0 231 -342  1
4218500 2850500 11 20  1  -0.3 1009 333  3.6 1  3.3  87    0    0 223 -342  1
4218500 2850500 11 20  2  -0.8 1010 334  3.1 2  3.2  88    0    0 227 -341  1
4218500 2850500 11 20  3  -1.3 1010 333  2.8 2  3.1  88    0    0 233 -341  1
4218500 2850500 11 20  4  -2.1 1011 341  2.4 2  3.0  89    0    0 234 -341  1
4218500 2850500 11 20  5  -2.6 1011 350  1.9 2  2.9  90    0    0 234 -340  1
4218500 2850500 11 20  6  -2.4 1011 323  1.7 3  2.9  91    0    0 241 -340  1
4218500 2850500 11 20  7  -3.0 1011 298  1.8 4  2.9  92    0    0 252 -340  1
4218500 2850500 11 20  8  -2.9 1011 283  1.7 3  2.8  93    0    0 251 -340  1
4218500 2850500 11 20  9  -1.3 1012 281  1.7 1  3.1  94   15   31 236 -340  1
4218500 2850500 11 20 10  -0.3 1012 277  1.8 2  3.3  91   83   65 233 -340  1
4218500 2850500 11 20 11   0.7 1012 292  2.0 3  3.1  80  137   84 246 -340  1
4218500 2850500 11 20 12   1.6 1012 247  2.0 3  2.9  71  158   97 253 -340  1
4218500 2850500 11 20 13   2.3 1012 245  2.5 2  2.9  66  120  114 247 -339  1
4218500 2850500 11 20 14   2.1 1011 264  1.9 2  2.8  63   78  106 241 -338  1
4218500 2850500 11 20 15   2.4 1011 204  1.7 0  2.8  62   48   74 227 -338  1
4218500 2850500 11 20 16   1.1 1011 165  2.2 2  2.8  64    5   29 224 -337  1
4218500 2850500 11 20 17  -0.4 1010 152  2.1 2  2.8  72    0    0 233 -337  1
4218500 2850500 11 20 18  -0.9 1010 136  2.3 1  2.9  80    0    0 223 -336  1
4218500 2850500 11 20 19  -1.5 1010 149  2.1 1  3.0  86    0    0 215 -336  1
4218500 2850500 11 20 20  -1.7 1010 133  1.6 2  3.1  93    0    0 220 -335  1
4218500 2850500 11 20 21  -2.1 1009 156  2.2 5  3.2  97    0    0 245 -335  1
4218500 2850500 11 20 22  -2.3 1009 135  2.2 4  3.2  97    0    0 258 -334  1
4218500 2850500 11 20 23  -2.4 1008 131  2.2 2  3.1  97    0    0 238 -334  1
4218500 2850500 11 20 24  -2.8 1008 124  1.7 4  3.1  98    0    0 236 -333  1
4218500 2850500 11 21  1  -2.9 1008  94  2.1 5  3.0  98    0    0 253 -333  1
4218500 2850500 11 21  2  -2.8 1007  87  2.7 4  3.0  97    0    0 252 -332  1
4218500 2850500 11 21  3  -3.0 1006  90  3.2 5  3.0  97    0    0 250 -331  1
4218500 2850500 11 21  4  -2.7 1006  98  3.1 4  3.0  96    0    0 249 -331  1
4218500 2850500 11 21  5  -2.9 1005  94  3.0 2  2.9  94    0    0 227 -331  1
4218500 2850500 11 21  6  -2.9 1004  89  3.0 3  2.9  95    0    0 218 -331  1
4218500 2850500 11 21  7  -2.7 1003  94  3.2 3  3.0  96    0    0 224 -331  1
4218500 2850500 11 21  8  -2.5 1003  89  3.4 4  3.0  96    0    0 230 -331  1
4218500 2850500 11 21  9  -1.9 1003  83  2.9 4  3.2  97    3   29 237 -331  1
4218500 2850500 11 21 10  -0.8 1002  88  3.3 5  3.3  95   61   82 245 -332  1
4218500 2850500 11 21 11   1.5 1002  98  4.0 4  3.5  90  123  113 249 -334  1
4218500 2850500 11 21 12   3.1 1002 101  3.7 3  3.8  84  153  126 234 -337  1
4218500 2850500 11 21 13   4.4 1001  96  3.8 3  4.0  80  128  132 225 -339  1
4218500 2850500 11 21 14   4.4 1000  88  4.2 4  4.1  78   72  121 233 -341  1
4218500 2850500 11 21 15   3.9 1000  91  3.5 6  4.1  79    9   74 257 -340  1
4218500 2850500 11 21 16   3.2  999  88  4.6 7  4.1  84    0   19 280 -339  1
4218500 2850500 11 21 17   2.6  999  96  4.8 7  4.1  86    0    0 287 -336  1
4218500 2850500 11 21 18   2.2  999  93  5.3 7  4.0  87    0    0 284 -335  1
4218500 2850500 11 21 19   2.2  998  95  5.3 7  3.9  87    0    0 283 -333  1
4218500 2850500 11 21 20   1.8  998 100  4.3 5  3.9  88    0    0 259 -331  1
4218500 2850500 11 21 21   1.6  998  88  4.0 6  3.9  90    0    0 245 -330  1
4218500 2850500 11 21 22   1.4  998  87  4.5 7  3.9  91    0    0 271 -329  1
4218500 2850500 11 21 23   1.3  997  88  3.9 7  4.0  94    0    0 288 -329  1
4218500 2850500 11 21 24   1.3  997  78  4.5 7  4.1  96    0    0 291 -329  1
4218500 2850500 11 22  1   1.4  997  77  3.8 8  4.2  98    0    0 303 -329  1
4218500 2850500 11 22  2   1.6  996  87  4.6 8  4.2  98    0    0 314 -330  1
4218500 2850500 11 22  3   1.5  996  88  4.2 8  4.2  98    0    0 316 -331  1
4218500 2850500 11 22  4   1.9  996  76  4.5 8  4.3  98    0    0 318 -333  1
4218500 2850500 11 22  5   2.1  995  95  3.0 8  4.3  97    0    0 321 -334  1
4218500 2850500 11 22  6   2.2  995  87  4.2 8  4.4  98    0    0 322 -335  1
4218500 2850500 11 22  7   2.2  995  80  4.0 7  4.4  98    0    0 313 -337  1
4218500 2850500 11 22  8   2.3  995  87  3.4 8  4.5  99    0    0 314 -339  1
4218500 2850500 11 22  9   2.4  995  89  3.5 8  4.5  99    0   18 324 -340  1
4218500 2850500 11 22 10   2.7  995  79  3.3 6  4.6  98    0   48 309 -342  1
4218500 2850500 11 22 11   2.8  995  85  3.1 7  4.6  99    0   46 304 -344  1
4218500 2850500 11 22 12   3.0  995  86  3.1 8  4.7  98    0   39 320 -345  1
4218500 2850500 11 22 13   3.3  995  80  3.0 8  4.7  98    0   33 327 -347  1
4218500 2850500 11 22 14   3.2  995  83  2.3 6  4.8  98    1   80 315 -349  1
4218500 2850500 11 22 15   3.3  995  89  2.0 8  4.8  99    0   45 315 -350  1
4218500 2850500 11 22 16   3.3  996  77  1.8 8  4.8  99    0    4 328 -351  1
4218500 2850500 11 22 17   3.4  996  98  1.9 8  4.8  98    0    0 327 -350  1
4218500 2850500 11 22 18   3.4  996 129  1.4 7  4.8  98    0    0 321 -350  1
4218500 2850500 11 22 19   3.5  997  85  1.7 8  4.9  98    0    0 322 -350  1
4218500 2850500 11 22 20   3.7  997 117  1.0 8  4.9  98    0    0 328 -348  1
4218500 2850500 11 22 21   3.7  997 329  0.6 8  4.9  97    0    0 327 -344  1
4218500 2850500 11 22 22   3.8  997 226  0.7 8  4.9  97    0    0 327 -341  1
4218500 2850500 11 22 23   3.7  998 281  1.0 8  5.0  98    0    0 328 -341  1
4218500 2850500 11 22 24   3.8  998 308  0.9 7  5.0  99    0    0 322 -341  1
4218500 2850500 11 23  1   3.8  998 256  0.6 8  5.0  99    0    0 322 -342  1
4218500 2850500 11 23  2   3.9  999 296  1.5 8  5.0  98    0    0 326 -343  1
4218500 2850500 11 23  3   4.0  999 287  1.7 7  5.0  98    0    0 321 -345  1
4218500 2850500 11 23  4   4.0  999 253  1.4 8  5.0  98    0    0 321 -346  1
4218500 2850500 11 23  5   4.0 1000 281  2.3 8  5.0  98    0    0 325 -347  1
4218500 2850500 11 23  6   3.7 1000 289  1.7 8  4.9  96    0    0 325 -347  1
4218500 2850500 11 23  7   3.5 1000 273  2.0 8  4.8  96    0    0 324 -346  1
4218500 2850500 11 23  8   3.5 1001 273  1.9 8  4.8  96    0    0 323 -345  1
4218500 2850500 11 23  9   3.5 1001 277  2.5 8  4.8  96    0   10 322 -345  1
4218500 2850500 11 23 10   3.7 1002 278  1.6 8  4.8  96    0   34 322 -345  1
4218500 2850500 11 23 11   4.1 1003 278  1.6 8  4.8  96    0   57 322 -346  1
4218500 2850500 11 23 12   4.5 1003 262  2.1 8  5.0  95    0   70 321 -348  1
4218500 2850500 11 23 13   4.7 1003 274  2.1 7  5.1  95    0   56 316 -350  1
4218500 2850500 11 23 14   5.1 1004 268  2.7 8  5.2  95    0   45 316 -351  1
4218500 2850500 11 23 15   5.2 1004 289  2.4 8  5.3  95    0   24 321 -350  1
4218500 2850500 11 23 16   5.3 1004 245  1.5 8  5.3  96    0    4 320 -348  1
4218500 2850500 11 23 17   5.4 1005 257  1.7 7  5.5  97    0    0 312 -345  1
4218500 2850500 11 23 18   5.5 1005 271  1.6 8  5.5  98    0    0 309 -340  1
4218500 2850500 11 23 19   5.6 1005 339  0.6 7  5.5  97    0    0 308 -335  1
4218500 2850500 11 23 20   5.4 1005 216  1.8 6  5.5  97    0    0 298 -331  1
4218500 2850500 11 23 21   5.3 1006 202  2.2 8  5.5  98    0    0 303 -328  1
4218500 2850500 11 23 22   5.3 1006 213  1.5 8  5.5  98    0    0 316 -326  1
4218500 2850500 11 23 23   5.3 1006 212  1.6 8  5.5  98    0    0 317 -325  1
4218500 2850500 11 23 24   4.9 1007 350  0.7 4  5.4  98    0    0 293 -324  1
4218500 2850500 11 24  1   4.5 1007 122  1.3 6  5.3  99    0    0 281 -323  1
4218500 2850500 11 24  2   4.0 1007 120  1.3 6  5.1  99    0    0 289 -323  1
4218500 2850500 11 24  3   3.8 1007 113  1.9 7  5.0  98    0    0 294 -323  1
4218500 2850500 11 24  4   3.0 1007 168  1.9 7  4.8  99    0    0 298 -323  1
4218500 2850500 11 24  5   2.8 1007 128  2.2 7  4.7  99    0    0 297 -323  1
4218500 2850500 11 24  6   2.6 1007 105  2.9 6  4.6  98    0    0 289 -324  1
4218500 2850500 11 24  7   2.2 1007 126  3.1 4  4.5  98    0    0 264 -327  1
4218500 2850500 11 24  8   2.0 1007 129  2.3 7  4.4  99    0    0 270 -330  1
4218500 2850500 11 24  9   2.4 1007 118  2.3 7  4.4  99    0   14 294 -333  1
4218500 2850500 11 24 10   3.8 1008 129  3.4 5  4.7  98   29   73 285 -336  1
4218500 2850500 11 24 11   4.8 1008 146  3.8 6  5.0  97   80  107 283 -339  1
4218500 2850500 11 24 12   6.3 1007 134  3.5 5  5.3  94  107  123 285 -344  1
4218500 2850500 11 24 13   7.3 1007 143  4.2 5  5.5  90   52  133 282 -348  1
4218500 2850500 11 24 14   7.8 1007 162  2.7 4  5.6  86   90  107 279 -351  1
4218500 2850500 11 24 15   7.3 1007 164  3.5 5  5.4  83   34   77 279 -351  1
4218500 2850500 11 24 16   6.9 1007 141  3.1 6  5.2  83    0   21 288 -346  1
4218500 2850500 11 24 17   6.6 1007 136  3.0 7  5.4  87    0    0 299 -338  1
4218500 2850500 11 24 18   6.6 1007 129  3.4 8  5.6  92    0    0 308 -333  1
4218500 2850500 11 24 19   6.8 1007 117  3.0 7  5.7  93    0    0 309 -332  1
4218500 2850500 11 24 20   6.8 1007 124  3.1 8  5.7  92    0    0 309 -334  1
4218500 2850500 11 24 21   6.2 1007 120  2.9 7  5.5  91    0    0 307 -334  1
4218500 2850500 11 24 22   5.6 1007 110  3.1 6  5.4  92    0    0 294 -332  1
4218500 2850500 11 24 23   5.3 1007 111  3.7 6  5.3  94    0    0 286 -331  1
4218500 2850500 11 24 24   5.7 1007 122  4.2 6  5.3  94    0    0 285 -330  1
4218500 2850500 11 25  1   5.4 1006  88  2.5 6  5.3  93    0    0 285 -329  1
4218500 2850500 11 25  2   4.4 1005  74  3.6 4  5.1  93    0    0 272 -328  1
4218500 2850500 11 25  3   3.9 1005  87  3.4 3  4.9  94    0    0 250 -327  1
4218500 2850500 11 25  4   4.0 1005  72  3.7 4  4.8  95    0    0 249 -327  1
4218500 2850500 11 25  5   4.2 1004  59  3.3 6  5.0  96    0    0 270 -327  1
4218500 2850500 11 25  6   4.2 1003  82  4.4 8  5.0  97    0    0 301 -328  1
4218500 2850500 11 25  7   4.3 1003  87  3.9 8  5.1  97    0    0 317 -330  1
4218500 2850500 11 25  8   4.6 1002  91  3.9 8  5.1  97    0    0 319 -331  1
4218500 2850500 11 25  9   4.6 1002  88  4.0 8  5.2  98    0    6 321 -332  1
4218500 2850500 11 25 10   4.4 1002  90  3.1 8  5.2  98    0   19 321 -334  1
4218500 2850500 11 25 11   4.8 1002  73  3.6 8  5.2  98    0   33 321 -337  1
4218500 2850500 11 25 12   5.2 1001  87  3.5 7  5.3  97    0   52 309 -340  1
4218500 2850500 11 25 13   5.8 1001  90  3.4 8  5.6  98    0   71 313 -343  1
4218500 2850500 11 25 14   6.1 1000  91  3.3 6  5.6  96    6  102 307 -344  1
4218500 2850500 11 25 15   6.1 1001  94  2.0 6  5.5  93    5   74 292 -343  1
4218500 2850500 11 25 16   5.7 1000  91  3.0 7  5.5  94    0   14 301 -342  1
4218500 2850500 11 25 17   5.1 1000 106  2.0 7  5.3  94    0    0 307 -342  1
4218500 2850500 11 25 18   4.7 1000 165  2.4 7  5.2  96    0    0 305 -341  1
4218500 2850500 11 25 19   4.6 1001 165  2.6 6  5.2  97    0    0 298 -341  1
4218500 2850500 11 25 20   4.4 1001 199  2.8 6  5.2  98    0    0 291 -341  1
4218500 2850500 11 25 21   4.0 1001 189  2.3 6  5.1  99    0    0 290 -341  1
4218500 2850500 11 25 22   3.8 1001 188  3.4 7  5.0  99    0    0 297 -341  1
4218500 2850500 11 25 23   3.8 1002 191  3.6 6  5.0  99    0    0 297 -341  1
4218500 2850500 11 25 24   3.9 1002 192  3.1 6  5.0  98    0    0 291 -341  1
4218500 2850500 11 26  1   4.5 1002 192  3.0 7  5.0  97    0    0 298 -341  1
4218500 2850500 11 26  2   5.0 1002 184  3.2 7  5.3  99    0    0 306 -341  1
4218500 2850500 11 26  3   6.2 1002 178  3.6 8  5.5  96    0    0 316 -340  1
4218500 2850500 11 26  4   6.5 1002 194  3.0 8  5.7  94    0    0 324 -340  1
4218500 2850500 11 26  5   6.6 1003 194  2.5 8  5.8  95    0    0 326 -340  1
4218500 2850500 11 26  6   6.5 1003 174  2.9 8  5.8  95    0    0 327 -340  1
4218500 2850500 11 26  7   6.8 1003 185  3.2 8  5.9  96    0    0 328 -340  1
4218500 2850500 11 26  8   7.1 1004 184  3.2 8  6.0  96    0    0 330 -339  1
4218500 2850500 11 26  9   7.7 1005 185  3.5 8  6.2  96    0   13 333 -340  1
4218500 2850500 11 26 10   8.2 1005 196  3.7 8  6.4  96    0   34 335 -340  1
4218500 2850500 11 26 11   8.7 1005 209  3.9 8  6.7  96    0   49 336 -342  1
4218500 2850500 11 26 12   9.2 1006 226  4.0 8  6.8  94    0   80 337 -343  1
4218500 2850500 11 26 13   9.7 1006 238  3.9 7  6.6  89   11  114 333 -343  1
4218500 2850500 11 26 14   9.5 1006 239  3.5 6  6.3  84   12   99 322 -343  1
4218500 2850500 11 26 15   9.4 1007 246  3.3 8  6.1  82    0   38 326 -342  1
4218500 2850500 11 26 16   9.0 1007 272  4.3 8  5.9  81    0    4 337 -341  1
4218500 2850500 11 26 17   8.5 1008 277  4.4 7  5.7  81    0    0 329 -340  1
4218500 2850500 11 26 18   7.4 1008 264  3.6 6  5.4  81    0    0 315 -339  1
4218500 2850500 11 26 19   7.5 1009 262  3.9 6  5.4  83    0    0 309 -339  1
4218500 2850500 11 26 20   7.6 1010 261  4.0 7  5.6  86    0    0 316 -338  1
4218500 2850500 11 26 21   7.7 1010 260  2.9 8  5.7  87    0    0 327 -338  1
4218500 2850500 11 26 22   7.8 1011 264  2.8 8  5.7  86    0    0 333 -337  1
4218500 2850500 11 26 23   7.8 1011 273  3.1 8  5.7  86    0    0 334 -337  1
4218500 2850500 11 26 24   7.7 1011 265  2.9 8  5.7  87    0    0 334 -336  1
4218500 2850500 11 27  1   7.7 1012 276  2.5 8  5.8  88    0    0 333 -336  1
4218500 2850500 11 27  2   7.6 1012 273  2.4 8  5.8  89    0    0 333 -335  1
4218500 2850500 11 27  3   7.5 1013 282  2.0 8  5.8  89    0    0 333 -334  1
4218500 2850500 11 27  4   7.3 1013 319  2.7 8  5.7  90    0    0 333 -333  1
4218500 2850500 11 27  5   6.8 1013 336  2.3 8  5.5  88    0    0 331 -332  1
4218500 2850500 11 27  6   5.9 1014 339  2.8 8  5.1  85    0    0 328 -331  1
4218500 2850500 11 27  7   4.9 1014 338  2.4 8  4.6  83    0    0 324 -329  1
4218500 2850500 11 27  8   4.4 1015 358  2.5 8  4.4  84    0    0 322 -328  1
4218500 2850500 11 27  9   4.5 1015   2  2.4 8  4.4  85    0   18 321 -326  1
4218500 2850500 11 27 10   5.2 1016  34  1.8 5  4.5  83   12   74 305 -326  1
4218500 2850500 11 27 11   5.6 1016  62  2.2 6  4.4  80   14  109 295 -328  1
4218500 2850500 11 27 12   5.5 1017  69  2.5 6  4.5  79   20  133 301 -331  1
4218500 2850500 11 27 13   5.8 1016  74  2.7 5  4.6  81   28  140 296 -333  1
4218500 2850500 11 27 14   5.5 1016  79  2.8 5  4.7  84    8  101 290 -334  1
4218500 2850500 11 27 15   5.6 1016  85  2.9 6  4.7  83    1   53 295 -332  1
4218500 2850500 11 27 16   5.1 1016  93  2.6 7  4.5  81    0   11 304 -327  1
4218500 2850500 11 27 17   4.8 1016  83  2.7 6  4.5  84    0    0 302 -322  1
4218500 2850500 11 27 18   4.7 1016  95  2.6 6  4.6  86    0    0 295 -318  1
4218500 2850500 11 27 19   4.7 1016  98  2.9 7  4.5  85    0    0 298 -316  1
4218500 2850500 11 27 20   4.7 1016 105  3.0 8  4.4  84    0    0 307 -315  1
4218500 2850500 11 27 21   4.7 1016 104  3.1 8  4.4  83    0    0 309 -315  1
4218500 2850500 11 27 22   4.7 1016 106  3.4 8  4.4  83    0    0 309 -315  1
4218500 2850500 11 27 23   4.4 1016 122  3.6 8  4.4  84    0    0 307 -315  1
4218500 2850500 11 27 24   3.8 1015 145  3.7 8  4.3  86    0    0 306 -314  1
4218500 2850500 11 28  1   3.2 1014 172  3.8 8  4.2  87    0    0 317 -317  1
4218500 2850500 11 28  2   2.7 1013 195  4.0 8  4.1  89    0    0 318 -318  1
4218500 2850500 11 28  3   2.5 1013 209  4.0 8  4.1  92    0    0 320 -318  1
4218500 2850500 11 28  4   2.7 1012 211  4.2 8  4.3  94    0    0 321 -318  1
4218500 2850500 11 28  5   3.1 1012 220  4.2 8  4.5  95    0    0 323 -320  1
4218500 2850500 11 28  6   3.6 1011 229  4.3 8  4.8  99    0    0 325 -322  1
4218500 2850500 11 28  7   4.4 1011 246  5.3 8  5.0  99    0    0 329 -326  1
4218500 2850500 11 28  8   5.0 1011 267  5.6 8  5.3  99    0    0 331 -330  1
4218500 2850500 11 28  9   5.2 1011 271  5.2 8  5.4  99    0    4 331 -332  1
4218500 2850500 11 28 10   5.7 1012 280  5.4 8  5.6  99    0   45 332 -333  1
4218500 2850500 11 28 11   6.5 1012 281  5.7 7  5.8  99    0   67 325 -334  1
4218500 2850500 11 28 12   6.8 1013 272  5.0 7  6.0  98    0   43 318 -335  1
4218500 2850500 11 28 13   7.1 1012 268  5.3 7  5.9  96    0   59 318 -336  1
4218500 2850500 11 28 14   7.2 1012 276  5.1 7  6.0  95    0   62 318 -336  1
4218500 2850500 11 28 15   7.4 1012 281  6.0 7  6.0  94    0   35 317 -335  1
4218500 2850500 11 28 16   7.1 1012 271  4.0 7  5.9  93    0    8 316 -335  1
4218500 2850500 11 28 17   7.0 1013 263  3.8 6  5.8  93    0    0 307 -334  1
4218500 2850500 11 28 18   6.5 1013 269  4.6 6  5.7  93    0    0 297 -334  1
4218500 2850500 11 28 19   6.8 1014 275  4.6 6  5.6  92    0    0 295 -333  1
4218500 2850500 11 28 20   6.7 1014 281  4.6 7  5.6  91    0    0 300 -331  1
4218500 2850500 11 28 21   5.9 1014 283  3.9 5  5.5  93    0    0 290 -328  1
4218500 2850500 11 28 22   5.1 1014 263  3.8 5  5.4  96    0    0 272 -326  1
4218500 2850500 11 28 23   5.1 1014 261  3.4 5  5.3  97    0    0 270 -325  1
4218500 2850500 11 28 24   4.7 1014 236  3.0 7  5.3  98    0    0 285 -325  1
4218500 2850500 11 29  1   5.1 1013 248  3.2 7  5.3  99    0    0 300 -324  1
4218500 2850500 11 29  2   5.2 1013 241  2.6 7  5.4  99    0    0 301 -324  1
4218500 2850500 11 29  3   4.8 1013 220  2.2 7  5.3  98    0    0 300 -324  1
4218500 2850500 11 29  4   4.8 1013 226  2.5 7  5.3  98    0    0 301 -323  1
4218500 2850500 11 29  5   4.7 1012 223  1.8 7  5.2  98    0    0 302 -324  1
4218500 2850500 11 29  6   4.5 1012 207  1.9 7  5.2  98    0    0 303 -325  1
4218500 2850500 11 29  7   4.2 1011 208  2.1 7  5.1  98    0    0 302 -326  1
4218500 2850500 11 29  8   4.6 1011 208  2.1 8  5.1  98    0    0 310 -327  1
4218500 2850500 11 29  9   4.4 1011 183  1.8 7  5.1  98    0    9 311 -328  1
4218500 2850500 11 29 10   4.9 1011 188  1.7 7  5.2  99    1   52 305 -329  1
4218500 2850500 11 29 11   5.4 1011 176  1.7 6  5.3  97    5   89 299 -333  1
4218500 2850500 11 29 12   5.7 1010 171  2.3 7  5.3  95    1   79 301 -337  1
4218500 2850500 11 29 13   6.1 1010 147  2.5 7  5.5  95    1   81 310 -339  1
4218500 2850500 11 29 14   6.3 1009 159  2.7 7  5.6  94    0   72 312 -340  1
4218500 2850500 11 29 15   6.4 1008 163  2.3 7  5.5  92    0   44 314 -340  1
4218500 2850500 11 29 16   6.2 1008 169  2.3 8  5.4  91    0    9 319 -338  1
4218500 2850500 11 29 17   6.0 1008 158  2.6 8  5.4  92    0    0 323 -336  1
4218500 2850500 11 29 18   5.8 1008 166  2.1 8  5.5  95    0    0 323 -334  1
4218500 2850500 11 29 19   5.5 1007 157  2.2 8  5.6  98    0    0 322 -334  1
4218500 2850500 11 29 20   5.5 1007 172  1.8 8  5.6  99    0    0 323 -333  1
4218500 2850500 11 29 21   5.4 1007 168  1.5 8  5.6  99    0    0 323 -332  1
4218500 2850500 11 29 22   5.5 1007 165  1.8 8  5.6  99    0    0 324 -331  1
4218500 2850500 11 29 23   5.5 1007 194  1.7 8  5.6  99    0    0 324 -330  1
4218500 2850500 11 29 24   5.6 1007 180  1.7 8  5.6  99    0    0 324 -330  1
4218500 2850500 11 30  1   5.7 1007 199  1.9 8  5.6  99    0    0 324 -330  1
4218500 2850500 11 30  2   5.7 1007 220  1.9 8  5.7  99    0    0 325 -331  1
4218500 2850500 11 30  3   5.6 1007 250  1.7 8  5.7  99    0    0 326 -331  1
4218500 2850500 11 30  4   5.6 1007 269  1.8 8  5.7  99    0    0 325 -331  1
4218500 2850500 11 30  5   5.6 1007 287  2.0 8  5.7  99    0    0 325 -330  1
4218500 2850500 11 30  6   5.6 1007 258  1.6 8  5.6  99    0    0 324 -329  1
4218500 2850500 11 30  7   5.4 1007 262  1.8 8  5.6  99    0    0 324 -328  1
4218500 2850500 11 30  8   5.6 1007 280  2.4 8  5.7 100    0    0 323 -327  1
4218500 2850500 11 30  9   6.0 1008 280  2.8 7  5.7  99    0   10 318 -326  1
4218500 2850500 11 30 10   5.9 1009 298  2.5 7  5.7  98    0   37 313 -326  1
4218500 2850500 11 30 11   6.0 1009 311  2.4 8  5.7  99    0   35 317 -327  1
4218500 2850500 11 30 12   6.2 1010 312  2.4 8  5.8  99    0   35 321 -329  1
4218500 2850500 11 30 13   6.2 1010 345  2.1 8  5.8  98    0   42 320 -331  1
4218500 2850500 11 30 14   6.2 1010 341  2.5 7  5.8  98    0   51 315 -331  1
4218500 2850500 11 30 15   5.9 1010 305  1.8 8  5.6  96    0   22 314 -331  1
4218500 2850500 11 30 16   5.6 1011 302  2.3 7  5.4  95    0    5 312 -330  1
4218500 2850500 11 30 17   5.2 1011 313  1.8 7  5.3  94    0    0 304 -328  1
4218500 2850500 11 30 18   4.8 1012 317  1.8 7  5.1  93    0    0 302 -328  1
4218500 2850500 11 30 19   4.9 1012 325  1.7 7  5.1  94    0    0 302 -327  1
4218500 2850500 11 30 20   4.6 1013  14  1.3 7  5.2  97    0    0 302 -326  1
4218500 2850500 11 30 21   4.5 1013  81  1.0 7  5.1  98    0    0 302 -327  1
4218500 2850500 11 30 22   4.0 1013  89  0.9 7  5.0  97    0    0 301 -327  1
4218500 2850500 11 30 23   3.3 1014 292  1.8 7  4.8  97    0    0 299 -327  1
4218500 2850500 11 30 24   3.0 1014   3  1.2 5  4.6  98    0    0 286 -327  1
4218500 2850500 12  1  1   2.1 1014  29  1.2 4  4.4  98    0    0 267 -327  1
4218500 2850500 12  1  2   3.2 1014 109  1.4 4  4.5  98    0    0 262 -327  1
4218500 2850500 12  1  3   3.4 1014 122  1.9 6  4.7  98    0    0 274 -327  1
4218500 2850500 12  1  4   3.5 1014 143  2.0 7  4.8  99    0    0 290 -327  1
4218500 2850500 12  1  5   3.4 1014 135  1.6 8  4.8  99    0    0 300 -327  1
4218500 2850500 12  1  6   3.1 1014 103  2.0 8  4.7  99    0    0 304 -327  1
4218500 2850500 12  1  7   2.8 1014 113  1.9 8  4.6  99    0    0 304 -327  1
4218500 2850500 12  1  8   2.4 1014 137  2.6 8  4.5  98    0    0 303 -327  1
4218500 2850500 12  1  9   2.1 1015 143  2.3 8  4.4  99    0    4 302 -326  1
4218500 2850500 12  1 10   2.2 1015 137  3.0 8  4.4  99    0   35 303 -326  1
4218500 2850500 12  1 11   2.5 1015 139  2.8 7  4.4  99    0   51 299 -326  1
4218500 2850500 12  1 12   3.0 1015 112  2.2 7  4.6  99    0   49 295 -328  1
4218500 2850500 12  1 13   3.5 1015 106  2.8 8  4.7  99    0   30 303 -329  1
4218500 2850500 12  1 14   3.6 1014 120  2.8 7  4.8  98    0   26 304 -329  1
4218500 2850500 12  1 15   3.8 1013 124  3.0 7  4.8  96    0   13 298 -327  1
4218500 2850500 12  1 16   3.9 1013 105  3.4 8  4.8  95    0    2 303 -325  1
4218500 2850500 12  1 17   3.8 1013 114  4.1 8  4.7  95    0    0 306 -320  1
4218500 2850500 12  1 18   3.6 1013 116  3.8 8  4.7  94    0    0 306 -316  1
4218500 2850500 12  1 19   3.5 1013 114  3.4 7  4.6  94    0    0 300 -315  1
4218500 2850500 12  1 20   3.0 1012  79  3.3 7  4.5  95    0    0 294 -314  1
4218500 2850500 12  1 21   2.2 1011  76  4.2 5  4.4  96    0    0 282 -313  1
4218500 2850500 12  1 22   2.4 1011  95  4.9 6  4.4  97    0    0 277 -311  1
4218500 2850500 12  1 23   2.6 1010  97  4.3 8  4.4  98    0    0 294 -310  1
4218500 2850500 12  1 24   2.7 1010  87  4.4 8  4.5  98    0    0 308 -309  1
4218500 2850500 12  2  1   3.0 1009  80  4.1 8  4.6  97    0    0 310 -309  1
4218500 2850500 12  2  2   3.1 1009  89  4.2 8  4.6  98    0    0 312 -308  1
4218500 2850500 12  2  3   3.2 1008  95  3.9 8  4.7  98    0    0 313 -308  1
4218500 2850500 12  2  4   3.1 1008  88  4.2 8  4.7  98    0    0 313 -307  1
4218500 2850500 12  2  5   3.3 1007  88  3.3 8  4.7  98    0    0 315 -307  1
4218500 2850500 12  2  6   3.5 1006  91  3.2 8  4.8  98    0    0 315 -307  1
4218500 2850500 12  2  7   3.6 1006  90  3.9 8  4.8  98    0    0 315 -306  1
4218500 2850500 12  2  8   3.5 1005 101  3.1 8  4.9  99    0    0 315 -307  1
4218500 2850500 12  2  9   3.5 1005 119  3.1 8  4.9  99    3   16 315 -309  1
4218500 2850500 12  2 10   3.7 1005 116  3.5 8  4.9  98    5   55 315 -311  1
4218500 2850500 12  2 11   3.8 1005 114  3.3 8  4.9  98    0   42 316 -312  1
4218500 2850500 12  2 12   4.2 1004 126  3.2 8  4.9  96    0   42 317 -314  1
4218500 2850500 12  2 13   4.4 1004 140  2.7 8  4.9  94    0   32 318 -315  1
4218500 2850500 12  2 14   4.3 1003 153  2.8 7  4.9  93    0   40 313 -317  1
4218500 2850500 12  2 15   4.7 1003 161  2.4 6  4.9  94    0   34 303 -318  1
4218500 2850500 12  2 16   4.8 1003 175  2.6 8  5.1  94    0    9 308 -318  1
4218500 2850500 12  2 17   5.2 1003 190  2.8 8  5.2  94    0    0 318 -316  1
4218500 2850500 12  2 18   5.5 1003 190  3.0 8  5.2  93    0    0 318 -315  1
4218500 2850500 12  2 19   5.6 1003 196  3.6 7  4.9  85    0    0 311 -314  1
4218500 2850500 12  2 20   4.9 1003 196  3.8 6  4.6  82    0    0 300 -312  1
4218500 2850500 12  2 21   4.6 1003 197  3.8 6  4.5  84    0    0 294 -312  1
4218500 2850500 12  2 22   4.5 1003 203  3.9 7  4.5  84    0    0 299 -312  1
4218500 2850500 12  2 23   3.8 1003 215  3.1 7  4.4  85    0    0 304 -313  1
4218500 2850500 12  2 24   3.7 1003 215  3.9 6  4.3  85    0    0 299 -313  1
4218500 2850500 12  3  1   3.3 1003 229  3.4 7  4.2  86    0    0 299 -314  1
4218500 2850500 12  3  2   2.5 1003 212  3.2 6  4.2  89    0    0 297 -315  1
4218500 2850500 12  3  3   2.4 1003 200  3.4 6  4.2  91    0    0 291 -315  1
4218500 2850500 12  3  4   2.6 1003 219  3.2 7  4.2  91    0    0 296 -315  1
4218500 2850500 12  3  5   2.9 1003 219  3.2 7  4.2  90    0    0 301 -315  1
4218500 2850500 12  3  6   2.8 1003 221  3.0 7  4.3  91    0    0 300 -315  1
4218500 2850500 12  3  7   3.0 1003 214  3.0 7  4.3  92    0    0 300 -315  1
4218500 2850500 12  3  8   3.3 1003 239  3.3 7  4.4  92    0    0 300 -315  1
4218500 2850500 12  3  9   3.8 1003 233  3.2 8  4.5  91    1   12 307 -316  1
4218500 2850500 12  3 10   4.4 1004 257  3.5 8  4.7  92    2   47 314 -317  1
4218500 2850500 12  3 11   4.7 1004 281  4.3 7  4.8  90    0   38 310 -318  1
4218500 2850500 12  3 12   4.5 1004 289  4.5 8  4.7  88    0   33 311 -320  1
4218500 2850500 12  3 13   4.5 1004 295  4.0 6  4.5  85    0   55 304 -323  1
4218500 2850500 12  3 14   4.4 1004 288  2.6 6  4.3  83    0   43 293 -325  1
4218500 2850500 12  3 15   4.5 1005 296  2.9 6  4.4  83    0   43 293 -325  1
4218500 2850500 12  3 16   4.5 1005 284  2.5 8  4.4  83    0   11 304 -323  1
4218500 2850500 12  3 17   4.3 1006 272  2.5 8  4.3  83    0    0 314 -321  1
4218500 2850500 12  3 18   3.9 1006 255  2.4 7  4.2  82    0    0 307 -321  1
4218500 2850500 12  3 19   3.2 1006 269  2.5 5  4.2  85    0    0 288 -321  1
4218500 2850500 12  3 20   2.1 1006 257  3.1 3  4.1  88    0    0 264 -321  1
4218500 2850500 12  3 21   1.5 1007 240  3.2 4  4.0  93    0    0 257 -321  1
4218500 2850500 12  3 22   1.6 1008 248  2.9 6  4.1  97    0    0 273 -321  1
4218500 2850500 12  3 23   2.6 1008 276  3.5 8  4.3  96    0    0 296 -321  1
4218500 2850500 12  3 24   2.5 1008 270  3.1 7  4.3  93    0    0 301 -321  1
4218500 2850500 12  4  1   2.3 1009 275  3.1 7  4.2  92    0    0 293 -320  1
4218500 2850500 12  4  2   2.0 1009 269  3.1 7  4.2  94    0    0 291 -320  1
4218500 2850500 12  4  3   2.5 1009 272  3.8 7  4.2  94    0    0 291 -320  1
4218500 2850500 12  4  4   2.5 1009 273  3.2 7  4.3  94    0    0 292 -321  1
4218500 2850500 12  4  5   2.4 1009 262  3.3 8  4.3  96    0    0 298 -321  1
4218500 2850500 12  4  6   2.3 1010 280  3.3 7  4.3  96    0    0 297 -321  1
4218500 2850500 12  4  7   2.1 1010 276  2.6 7  4.3  97    0    0 289 -321  1
4218500 2850500 12  4  8   2.1 1011 279  2.9 7  4.4  98    0    0 290 -320  1
4218500 2850500 12  4  9   2.1 1011 299  2.8 7  4.4  99    2   13 290 -319  1
4218500 2850500 12  4 10   2.5 1012 298  2.8 8  4.4  99    6   57 298 -321  1
4218500 2850500 12  4 11   2.4 1012 287  3.9 7  4.5  99    0   64 297 -324  1
4218500 2850500 12  4 12   2.6 1013 281  3.0 8  4.5  99    0   53 297 -328  1
4218500 2850500 12  4 13   3.0 1013 264  3.1 8  4.6  98    0   40 305 -330  1
4218500 2850500 12  4 14   2.9 1013 240  3.8 8  4.6  98    0   31 306 -331  1
4218500 2850500 12  4 15   3.0 1014 273  3.7 8  4.6  98    0   20 305 -330  1
4218500 2850500 12  4 16   3.1 1014 265  3.6 8  4.6  98    0    3 306 -325  1
4218500 2850500 12  4 17   3.2 1015 239  3.5 8  4.7  98    0    0 306 -320  1
4218500 2850500 12  4 18   3.3 1016 256  3.4 8  4.6  97    0    0 309 -317  1
4218500 2850500 12  4 19   3.5 1016 246  3.2 8  4.6  95    0    0 310 -316  1
4218500 2850500 12  4 20   3.7 1017 235  2.8 8  4.6  95    0    0 313 -315  1
4218500 2850500 12  4 21   3.9 1017 266  3.3 7  4.6  93    0    0 308 -315  1
4218500 2850500 12  4 22   3.9 1018 236  3.7 7  4.6  91    0    0 302 -315  1
4218500 2850500 12  4 23   3.8 1018 248  3.9 8  4.5  91    0    0 308 -314  1
4218500 2850500 12  4 24   3.8 1019 255  4.2 8  4.5  90    0    0 313 -312  1
4218500 2850500 12  5  1   3.8 1019 261  3.5 7  4.5  90    0    0 306 -310  1
4218500 2850500 12  5  2   3.7 1020 271  4.2 7  4.5  92    0    0 301 -309  1
4218500 2850500 12  5  3   4.0 1020 282  3.9 8  4.6  92    0    0 305 -309  1
4218500 2850500 12  5  4   4.1 1021 277  4.1 8  4.6  91    0    0 310 -309  1
4218500 2850500 12  5  5   3.7 1021 274  3.7 8  4.5  91    0    0 308 -308  1
4218500 2850500 12  5  6   3.9 1021 276  3.5 8  4.4  90    0    0 309 -307  1
4218500 2850500 12  5  7   3.9 1021 269  3.8 8  4.4  89    0    0 307 -306  1
4218500 2850500 12  5  8   4.0 1022 274  3.0 8  4.5  89    0    0 305 -305  1
4218500 2850500 12  5  9   4.1 1022 261  3.7 8  4.5  89    0    9 303 -304  1
4218500 2850500 12  5 10   4.4 1023 244  3.6 8  4.5  88    0   30 303 -304  1
4218500 2850500 12  5 11   4.4 1023 252  4.6 6  4.5  87    6   85 292 -307  1
4218500 2850500 12  5 12   4.6 1024 231  4.5 6  4.4  85    7  107 283 -310  1
4218500 2850500 12  5 13   4.8 1024 231  3.8 6  4.4  84    5  104 283 -313  1
4218500 2850500 12  5 14   5.0 1024 231  3.8 5  4.4  83    8   97 279 -314  1
4218500 2850500 12  5 15   5.4 1024 230  3.0 7  4.4  81    2   55 283 -314  1
4218500 2850500 12  5 16   5.2 1024 232  3.5 6  4.4  80    0    4 287 -312  1
4218500 2850500 12  5 17   4.1 1024 224  3.1 5  4.2  81    0    0 278 -309  1
4218500 2850500 12  5 18   3.2 1024 205  3.3 3  4.1  85    0    0 263 -307  1
4218500 2850500 12  5 19   2.5 1024 204  3.6 4  4.1  90    0    0 258 -305  1
4218500 2850500 12  5 20   2.0 1024 205  3.4 6  4.1  93    0    0 272 -304  1
4218500 2850500 12  5 21   1.8 1025 204  3.6 7  4.1  95    0    0 285 -303  1
4218500 2850500 12  5 22   1.2 1025 212  3.4 7  4.0  95    0    0 288 -302  1
4218500 2850500 12  5 23   0.4 1025 211  3.7 7  3.8  96    0    0 287 -301  1
4218500 2850500 12  5 24   0.2 1025 221  3.1 7  3.7  98    0    0 287 -300  1
4218500 2850500 12  6  1   0.2 1025 204  3.4 7  3.7  98    0    0 286 -299  1
4218500 2850500 12  6  2   0.0 1024 193  3.7 7  3.7  98    0    0 286 -299  1
4218500 2850500 12  6  3  -0.1 1024 202  4.0 7  3.7  99    0    0 286 -298  1
4218500 2850500 12  6  4  -0.3 1023 204  3.5 8  3.7 100    0    0 290 -298  1
4218500 2850500 12  6  5  -0.5 1023 191  4.3 8  3.6 100    0    0 294 -298  1
4218500 2850500 12  6  6  -0.7 1023 195  3.8 8  3.6 100    0    0 295 -297  1
4218500 2850500 12  6  7  -0.7 1022 199  4.3 8  3.5  99    0    0 293 -297  1
4218500 2850500 12  6  8  -0.9 1022 201  4.5 8  3.5  99    0    0 292 -296  1
4218500 2850500 12  6  9  -1.0 1022 208  4.2 8  3.5  99    0   10 292 -296  1
4218500 2850500 12  6 10  -0.6 1022 190  4.3 8  3.5 100    0   35 293 -297  1
4218500 2850500 12  6 11   0.0 1021 200  4.3 8  3.7 100    0   48 296 -301  1
4218500 2850500 12  6 12   0.5 1021 200  4.6 7  3.8 100    0   57 296 -306  1
4218500 2850500 12  6 13   1.0 1020 202  4.6 6  4.0 100    0   55 289 -310  1
4218500 2850500 12  6 14   1.4 1020 202  5.1 8  4.1 100    0   20 298 -311  1
4218500 2850500 12  6 15   1.8 1019 215  4.3 7  4.2  99    0   17 305 -311  1
4218500 2850500 12  6 16   2.6 1018 213  4.6 8  4.3  98    0    3 308 -308  1
4218500 2850500 12  6 17   3.2 1018 224  4.2 8  4.5  97    0    0 314 -305  1
4218500 2850500 12  6 18   3.6 1018 223  4.6 8  4.7  98    0    0 314 -303  1
4218500 2850500 12  6 19   4.5 1017 247  4.7 8  5.0  99    0    0 315 -302  1
4218500 2850500 12  6 20   5.3 1018 257  4.7 8  5.3  99    0    0 317 -302  1
4218500 2850500 12  6 21   5.7 1018 261  5.0 8  5.5  99    0    0 320 -302  1
4218500 2850500 12  6 22   6.3 1018 259  5.4 8  5.7  98    0    0 323 -302  1
4218500 2850500 12  6 23   6.4 1017 267  5.7 8  5.7  96    0    0 326 -306  1
4218500 2850500 12  6 24   6.5 1017 266  6.0 7  5.6  94    0    0 320 -310  1
4218500 2850500 12  7  1   6.4 1017 271  5.9 8  5.6  93    0    0 320 -312  1
4218500 2850500 12  7  2   6.5 1017 272  6.4 7  5.6  94    0    0 321 -312  1
4218500 2850500 12  7  3   6.6 1017 271  6.7 7  5.5  92    0    0 316 -314  1
4218500 2850500 12  7  4   6.6 1017 274  5.6 7  5.5  90    0    0 317 -315  1
4218500 2850500 12  7  5   6.7 1017 282  6.3 6  5.4  89    0    0 311 -315  1
4218500 2850500 12  7  6   6.8 1018 285  6.3 7  5.4  88    0    0 311 -316  1
4218500 2850500 12  7  7   7.0 1018 292  6.2 7  5.4  87    0    0 316 -316  1
4218500 2850500 12  7  8   6.8 1018 291  6.2 7  5.3  87    0    0 315 -317  1
4218500 2850500 12  7  9   6.8 1019 285  6.0 8  5.3  87    0    7 321 -317  1
4218500 2850500 12  7 10   7.0 1019 282  5.3 8  5.4  87    0   30 327 -318  1
4218500 2850500 12  7 11   7.2 1019 286  6.1 7  5.4  87    0   44 322 -319  1
4218500 2850500 12  7 12   7.4 1020 290  5.4 7  5.5  86    0   45 315 -320  1
4218500 2850500 12  7 13   7.7 1020 283  4.6 6  5.5  86    0   55 309 -321  1
4218500 2850500 12  7 14   7.7 1020 281  5.3 7  5.5  85    4   82 308 -321  1
4218500 2850500 12  7 15   7.6 1020 272  4.8 5  5.4  83   14   67 302 -322  1
4218500 2850500 12  7 16   7.3 1020 279  4.0 7  5.3  83    2   19 300 -322  1
4218500 2850500 12  7 17   7.1 1020 269  3.8 8  5.2  83    0    0 316 -321  1
4218500 2850500 12  7 18   7.1 1021 268  3.9 8  5.2  84    0    0 321 -320  1
4218500 2850500 12  7 19   7.0 1021 254  4.2 8  5.1  82    0    0 319 -320  1
4218500 2850500 12  7 20   7.0 1021 260  3.5 7  4.9  79    0    0 313 -319  1
4218500 2850500 12  7 21   7.0 1021 252  4.4 7  4.9  79    0    0 309 -320  1
4218500 2850500 12  7 22   7.0 1021 247  4.4 8  4.9  79    0    0 316 -320  1
4218500 2850500 12  7 23   6.9 1021 239  3.9 8  4.9  79    0    0 323 -320  1
4218500 2850500 12  7 24   7.0 1022 241  3.8 7  4.9  80    0    0 319 -319  1
4218500 2850500 12  8  1   7.0 1022 243  3.9 8  4.9  80    0    0 319 -318  1
4218500 2850500 12  8  2   7.0 1022 249  3.9 8  5.0  80    0    0 324 -317  1
4218500 2850500 12  8  3   7.0 1022 244  4.1 7  5.0  81    0    0 317 -316  1
4218500 2850500 12  8  4   7.1 1022 256  4.0 8  5.0  81    0    0 315 -316  1
4218500 2850500 12  8  5   7.1 1022 229  3.7 8  5.0  80    0    0 318 -316  1
4218500 2850500 12  8  6   7.1 1022 230  4.1 8  4.9  80    0    0 316 -315  1
4218500 2850500 12  8  7   7.0 1022 231  3.9 8  4.9  79    0    0 314 -315  1
4218500 2850500 12  8  8   6.9 1022 223  3.8 8  4.9  80    0    0 311 -313  1
4218500 2850500 12  8  9   6.6 1022 227  4.4 8  4.8  80    0   10 308 -312  1
4218500 2850500 12  8 10   6.6 1022 228  5.0 8  4.8  79    1   43 305 -312  1
4218500 2850500 12  8 11   6.9 1023 227  4.5 6  4.8  78    5   83 291 -314  1
4218500 2850500 12  8 12   7.3 1023 240  4.3 7  4.8  77    0   68 283 -316  1
4218500 2850500 12  8 13   7.3 1023 228  4.4 8  4.7  75    0   24 292 -319  1
4218500 2850500 12  8 14   7.4 1022 221  4.5 8  4.8  75    0   20 293 -321  1
4218500 2850500 12  8 15   7.3 1022 228  4.3 8  4.8  76    0   10 292 -321  1
4218500 2850500 12  8 16   6.8 1022 222  4.5 8  4.9  79    0    2 291 -318  1
4218500 2850500 12  8 17   6.6 1022 232  4.2 8  4.9  81    0    0 292 -316  1
4218500 2850500 12  8 18   6.7 1022 242  4.0 8  4.9  81    0    0 294 -315  1
4218500 2850500 12  8 19   6.6 1023 240  3.8 8  4.9  82    0    0 296 -314  1
4218500 2850500 12  8 20   6.4 1023 241  3.2 8  5.0  85    0    0 297 -314  1
4218500 2850500 12  8 21   6.6 1023 262  3.1 7  5.2  87    0    0 293 -314  1
4218500 2850500 12  8 22   6.7 1023 250  3.3 8  5.3  88    0    0 295 -314  1
4218500 2850500 12  8 23   6.5 1023 271  2.9 8  5.3  88    0    0 299 -313  1
4218500 2850500 12  8 24   5.9 1023 270  3.2 6  5.2  90    0    0 289 -312  1
4218500 2850500 12  9  1   5.9 1023 275  3.1 6  5.2  92    0    0 279 -312  1
4218500 2850500 12  9  2   5.4 1024 281  4.1 6  5.2  93    0    0 280 -313  1
4218500 2850500 12  9  3   4.3 1024 269  3.3 6  5.0  94    0    0 278 -314  1
4218500 2850500 12  9  4   4.1 1024 274  4.2 6  4.9  96    0    0 278 -315  1
4218500 2850500 12  9  5   4.5 1024 274  5.0 7  5.0  98    0    0 285 -315  1
4218500 2850500 12  9  6   4.2 1024 302  3.7 8  5.0  98    0    0 296 -317  1
4218500 2850500 12  9  7   4.2 1024 286  3.7 8  4.9  96    0    0 302 -318  1
4218500 2850500 12  9  8   4.4 1025 283  3.0 7  4.8  94    0    0 299 -318  1
4218500 2850500 12  9  9   4.6 1025 273  2.8 7  4.8  94    0   10 297 -318  1
4218500 2850500 12  9 10   4.9 1025 276  3.4 7  4.9  93    6   52 300 -319  1
4218500 2850500 12  9 11   5.2 1026 275  4.2 7  4.9  91    2   69 303 -323  1
4218500 2850500 12  9 12   5.4 1026 267  3.7 7  4.8  88    0   76 305 -327  1
4218500 2850500 12  9 13   5.7 1026 279  4.1 7  4.7  85    0   43 305 -329  1
4218500 2850500 12  9 14   5.3 1026 262  4.0 8  4.7  84    0   48 309 -330  1
4218500 2850500 12  9 15   5.1 1026 261  4.4 6  4.7  86    4   56 303 -330  1
4218500 2850500 12  9 16   4.9 1026 267  4.1 7  4.7  87    0    1 298 -328  1
4218500 2850500 12  9 17   4.8 1026 270  3.5 7  4.6  87    0    0 303 -325  1
4218500 2850500 12  9 18   4.8 1026 270  3.4 7  4.6  86    0    0 304 -323  1
4218500 2850500 12  9 19   4.8 1027 271  2.9 8  4.5  86    0    0 308 -323  1
4218500 2850500 12  9 20   4.9 1027 269  2.8 8  4.6  86    0    0 313 -322  1
4218500 2850500 12  9 21   4.9 1027 270  2.5 7  4.5  86    0    0 309 -321  1
4218500 2850500 12  9 22   4.9 1027 269  2.4 7  4.5  86    0    0 305 -321  1
4218500 2850500 12  9 23   5.6 1028 258  2.5 7  4.9  86    0    0 305 -320  1
4218500 2850500 12  9 24   6.5 1028 241  2.7 7  5.3  87    0    0 305 -320  1
4218500 2850500 12 10  1   7.5 1006 223  2.8 6  5.8  89    0    0 336 -362  1
4218500 2850500 12 10  2   8.1 1007 206  2.9 6  6.2  90    0    0 325 -360  1
4218500 2850500 12 10  3   8.4 1007 194  2.9 5  6.4  92    0    0 311 -356  1
4218500 2850500 12 10  4   7.8 1008 193  2.7 4  6.3  93    0    0 296 -353  1
4218500 2850500 12 10  5   7.5 1007 192  2.6 3  6.2  94    0    0 287 -350  1
4218500 2850500 12 10  6   6.3 1007 188  2.0 1  6.0  96    0    0 266 -348  1
4218500 2850500 12 10  7   6.4 1007 189  3.3 0  5.8  97    0    0 241 -346  1
4218500 2850500 12 10  8   6.1 1007 196  3.4 1  5.8  97    0    0 239 -344  1
4218500 2850500 12 10  9   6.2 1008 184  2.9 2  5.7  97    4   11 249 -342  1
4218500 2850500 12 10 10   6.9 1008 199  3.5 3  5.8  95   47   49 260 -342  1
4218500 2850500 12 10 11   7.4 1008 196  2.7 3  5.9  92   86   77 268 -345  1
4218500 2850500 12 10 12   8.5 1009 207  3.7 4  6.0  90  112   93 276 -349  1
4218500 2850500 12 10 13   9.5 1009 219  4.1 4  6.2  86  106   98 282 -353  1
4218500 2850500 12 10 14  10.4 1009 207  4.1 3  6.4  83   87   85 275 -355  1
4218500 2850500 12 10 15  10.5 1009 212  3.8 1  6.4  80   29   60 252 -354  1
4218500 2850500 12 10 16   9.9 1009 197  3.6 3  6.2  80    0   17 254 -351  1
4218500 2850500 12 10 17   8.3 1010 184  2.9 3  6.0  84    0    0 267 -348  1
4218500 2850500 12 10 18   8.0 1009 187  3.6 2  5.9  88    0    0 261 -346  1
4218500 2850500 12 10 19   8.0 1008 197  4.3 1  5.9  88    0    0 250 -345  1
4218500 2850500 12 10 20   7.7 1009 201  3.7 1  5.9  88    0    0 244 -345  1
4218500 2850500 12 10 21   7.4 1009 209  3.7 1  5.7  88    0    0 246 -344  1
4218500 2850500 12 10 22   6.9 1009 210  3.6 2  5.5  88    0    0 254 -344  1
4218500 2850500 12 10 23   6.6 1010 203  3.1 2  5.4  88    0    0 260 -345  1
4218500 2850500 12 10 24   6.0 1010 203  3.2 3  5.3  88    0    0 263 -345  1
4218500 2850500 12 11  1   5.9 1010 209  3.6 1  5.2  90    0    0 260 -345  1
4218500 2850500 12 11  2   5.2 1010 205  2.8 2  5.2  92    0    0 255 -346  1
4218500 2850500 12 11  3   5.6 1010 210  4.0 5  5.2  93    0    0 274 -345  1
4218500 2850500 12 11  4   5.8 1010 210  3.8 6  5.3  92    0    0 295 -344  1
4218500 2850500 12 11  5   5.9 1010 208  3.3 6  5.2  91    0    0 299 -343  1
4218500 2850500 12 11  6   4.8 1009 193  3.0 5  5.1  92    0    0 291 -344  1
4218500 2850500 12 11  7   4.4 1009 201  3.6 4  5.0  94    0    0 277 -344  1
4218500 2850500 12 11  8   5.0 1009 205  3.7 5  5.0  93    0    0 277 -343  1
4218500 2850500 12 11  9   5.2 1009 197  3.7 5  5.1  93    0    4 284 -342  1
4218500 2850500 12 11 10   5.9 1009 207  4.4 6  5.2  92   16   47 289 -340  1
4218500 2850500 12 11 11   7.5 1009 207  3.5 4  5.4  88   62   81 285 -342  1
4218500 2850500 12 11 12   8.1 1009 197  4.4 2  5.5  84   89   99 266 -346  1
4218500 2850500 12 11 13   8.3 1008 200  4.2 3  5.6  82   58  107 264 -350  1
4218500 2850500 12 11 14   8.6 1008 199  4.2 5  5.6  80   40   90 284 -352  1
4218500 2850500 12 11 15   8.9 1008 190  4.5 7  5.6  79    3   49 305 -352  1
4218500 2850500 12 11 16   8.5 1007 201  4.9 8  5.7  81    0    8 319 -352  1
4218500 2850500 12 11 17   7.7 1007 185  4.2 8  5.9  87    0    0 326 -352  1
4218500 2850500 12 11 18   7.7 1006 196  5.2 8  6.0  92    0    0 328 -351  1
4218500 2850500 12 11 19   7.5 1006 206  4.8 7  6.0  92    0    0 325 -351  1
4218500 2850500 12 11 20   7.6 1006 204  4.7 6  5.9  91    0    0 314 -351  1
4218500 2850500 12 11 21   7.6 1006 214  5.0 6  5.9  90    0    0 311 -352  1
4218500 2850500 12 11 22   8.2 1006 210  5.0 8  5.9  89    0    0 326 -352  1
4218500 2850500 12 11 23   8.3 1006 221  6.2 8  6.1  88    0    0 341 -352  1
4218500 2850500 12 11 24   8.2 1006 223  5.1 8  6.3  92    0    0 341 -353  1
4218500 2850500 12 12  1   8.2 1006 238  4.9 7  6.5  96    0    0 337 -353  1
4218500 2850500 12 12  2   8.6 1007 250  6.2 7  6.4  93    0    0 331 -353  1
4218500 2850500 12 12  3   8.8 1007 245  6.5 7  6.2  88    0    0 329 -352  1
4218500 2850500 12 12  4   9.0 1008 277  6.0 7  6.1  85    0    0 328 -352  1
4218500 2850500 12 12  5   8.9 1009 270  5.7 7  6.0  83    0    0 327 -351  1
4218500 2850500 12 12  6   8.7 1010 260  5.1 6  5.9  83    0    0 321 -349  1
4218500 2850500 12 12  7   8.7 1010 264  5.5 3  5.7  81    0    0 295 -347  1
4218500 2850500 12 12  8   8.8 1011 250  4.6 6  5.5  78    0    0 294 -347  1
4218500 2850500 12 12  9   8.1 1012 224  4.5 7  5.5  79    0    3 317 -349  1
4218500 2850500 12 12 10   8.2 1012 221  4.2 7  5.6  82    0   24 323 -352  1
4218500 2850500 12 12 11   8.5 1012 212  4.3 7  5.7  83   15   49 326 -354  1
4218500 2850500 12 12 12   9.6 1013 223  5.5 7  5.9  82    0   60 331 -355  1
4218500 2850500 12 12 13   9.3 1013 229  5.4 8  6.2  85    0   46 341 -357  1
4218500 2850500 12 12 14   9.4 1013 221  5.2 8  6.7  92    0   25 349 -358  1
4218500 2850500 12 12 15   9.4 1013 228  4.5 7  7.0  95    0   28 345 -360  1
4218500 2850500 12 12 16   9.7 1013 225  5.0 8  7.0  94    0   10 346 -360  1
4218500 2850500 12 12 17  10.2 1013 223  5.9 6  6.9  91    0    0 342 -360  1
4218500 2850500 12 12 18   9.3 1013 212  5.1 5  6.7  89    0    0 326 -361  1
4218500 2850500 12 12 19   8.9 1013 223  4.6 7  6.4  88    0    0 330 -361  1
4218500 2850500 12 12 20   9.1 1012 215  5.2 7  6.2  87    0    0 340 -361  1
4218500 2850500 12 12 21   8.7 1012 210  4.9 5  6.1  86    0    0 331 -362  1
4218500 2850500 12 12 22   8.8 1012 225  4.9 6  5.9  84    0    0 326 -362  1
4218500 2850500 12 12 23   9.1 1012 217  5.0 7  5.9  82    0    0 336 -362  1
4218500 2850500 12 12 24   9.7 1013 214  5.3 7  5.9  80    0    0 343 -362  1
4218500 2850500 12 13  1  10.0 1013 225  5.6 7  5.9  78    0    0 345 -362  1
4218500 2850500 12 13  2   9.7 1013 216  4.7 8  5.8  77    0    0 349 -362  1
4218500 2850500 12 13  3   9.9 1012 212  4.9 7  5.8  77    0    0 349 -362  1
4218500 2850500 12 13  4   9.4 1012 208  4.8 8  5.9  78    0    0 348 -363  1
4218500 2850500 12 13  5   9.2 1011 207  4.5 8  6.1  84    0    0 353 -363  1
4218500 2850500 12 13  6   9.3 1011 212  5.2 8  6.7  91    0    0 355 -364  1
4218500 2850500 12 13  7   9.7 1011 226  5.5 8  7.1  96    0    0 357 -364  1
4218500 2850500 12 13  8  10.1 1011 228  5.0 8  7.4  97    0    0 359 -364  1
4218500 2850500 12 13  9  10.7 1010 224  4.6 8  7.7  98    0    0 361 -364  1
4218500 2850500 12 13 10  11.3 1011 237  5.4 7  7.9  95    0   25 358 -363  1
4218500 2850500 12 13 11  11.4 1011 240  4.0 7  8.0  95    0   53 356 -364  1
4218500 2850500 12 13 12  11.6 1012 236  2.7 7  8.4  98    0   48 356 -365  1
4218500 2850500 12 13 13  12.7 1012 255  4.8 8  8.7  98    0   38 363 -366  1
4218500 2850500 12 13 14  13.0 1012 242  4.5 7  8.8  95    0   64 366 -367  1
4218500 2850500 12 13 15  13.3 1012 235  3.9 8  8.7  92    0   24 366 -367  1
4218500 2850500 12 13 16  13.0 1012 209  3.7 8  8.7  92    0    4 370 -367  1
4218500 2850500 12 13 17  13.0 1012 212  3.4 8  8.6  92    0    0 370 -367  1
4218500 2850500 12 13 18  12.6 1011 215  4.1 8  8.6  93    0    0 368 -366  1
4218500 2850500 12 13 19  12.2 1011 212  4.2 8  8.6  95    0    0 366 -365  1
4218500 2850500 12 13 20  12.2 1011 212  4.9 8  8.6  96    0    0 364 -365  1
4218500 2850500 12 13 21  12.1 1011 207  4.7 8  8.4  95    0    0 363 -365  1
4218500 2850500 12 13 22  12.1 1010 225  4.8 7  8.2  92    0    0 357 -364  1
4218500 2850500 12 13 23  11.9 1010 203  3.8 7  8.0  91    0    0 350 -364  1
4218500 2850500 12 13 24  11.8 1009 205  4.1 7  7.9  91    0    0 346 -363  1
4218500 2850500 12 14  1  11.8 1009 216  4.9 7  7.7  89    0    0 342 -362  1
4218500 2850500 12 14  2  11.3 1008 207  4.1 8  7.6  89    0    0 342 -361  1
4218500 2850500 12 14  3  11.0 1008 204  4.5 8  7.7  93    0    0 344 -360  1
4218500 2850500 12 14  4  10.7 1007 189  5.2 8  7.6  94    0    0 341 -358  1
4218500 2850500 12 14  5  11.0 1005 190  4.5 8  7.4  90    0    0 339 -357  1
4218500 2850500 12 14  6  11.4 1004 186  5.6 8  7.1  84    0    0 339 -357  1
4218500 2850500 12 14  7  12.2 1003 216  7.3 8  6.8  78    0    0 340 -357  1
4218500 2850500 12 14  8  12.0 1002 227  7.0 8  6.6  74    0    0 343 -357  1
4218500 2850500 12 14  9  12.2 1002 221  6.9 8  6.4  72    0    8 345 -359  1
4218500 2850500 12 14 10  12.7 1003 228  7.4 5  6.3  69   47   39 329 -360  1
4218500 2850500 12 14 11  13.1 1003 228  7.7 4  6.2  66  130   50 310 -361  1
4218500 2850500 12 14 12  14.1 1003 237  9.7 4  6.1  62   54   95 311 -362  1
4218500 2850500 12 14 13  13.4 1004 265  9.2 5  5.6  56   14   94 316 -363  1
4218500 2850500 12 14 14  12.9 1004 252  8.3 6  5.2  54    0   57 322 -364  1
4218500 2850500 12 14 15  12.9 1004 235  7.9 8  5.1  54    0   16 334 -364  1
4218500 2850500 12 14 16  12.9 1005 244  7.5 7  4.9  53    0    3 337 -362  1
4218500 2850500 12 14 17  12.6 1005 233  7.3 7  4.9  53    0    0 329 -358  1
4218500 2850500 12 14 18  12.0 1005 228  7.4 7  4.9  54    0    0 327 -354  1
4218500 2850500 12 14 19  11.0 1005 227  7.6 7  5.0  59    0    0 323 -352  1
4218500 2850500 12 14 20  10.6 1004 224  7.0 6  5.1  63    0    0 313 -352  1
4218500 2850500 12 14 21   9.8 1004 225  7.0 4  4.9  63    0    0 288 -351  1
4218500 2850500 12 14 22   9.6 1003 227  7.2 5  4.8  64    0    0 283 -350  1
4218500 2850500 12 14 23  10.0 1003 223  7.8 6  4.9  65    0    0 300 -349  1
4218500 2850500 12 14 24   9.9 1002 228  6.9 5  5.1  66    0    0 304 -349  1
4218500 2850500 12 15  1   9.3 1002 218  6.1 7  5.2  69    0    0 309 -351  1
4218500 2850500 12 15  2   9.2 1002 229  6.8 6  5.2  70    0    0 314 -352  1
4218500 2850500 12 15  3   9.1 1001 220  6.8 5  5.2  71    0    0 301 -352  1
4218500 2850500 12 15  4   8.8 1000 247  7.0 6  5.3  74    0    0 303 -350  1
4218500 2850500 12 15  5   7.9 1000 225  6.3 6  5.4  78    0    0 307 -347  1
4218500 2850500 12 15  6   8.3 1000 235  7.1 4  5.3  78    0    0 295 -344  1
4218500 2850500 12 15  7   8.2 1000 236  6.4 5  5.0  73    0    0 287 -344  1
4218500 2850500 12 15  8   7.0  999 283  6.3 7  5.0  76    0    0 299 -344  1
4218500 2850500 12 15  9   6.8 1000 233  4.6 7  5.2  82    0    9 308 -342  1
4218500 2850500 12 15 10   7.7 1000 242  7.4 4  5.1  80   12   43 285 -342  1
4218500 2850500 12 15 11   8.5 1000 242  8.3 6  5.0  73   11   72 282 -345  1
4218500 2850500 12 15 12   8.4 1000 241  6.4 7  4.9  71    4   82 305 -347  1
4218500 2850500 12 15 13   8.3 1000 222  4.6 6  5.0  72    0   71 307 -349  1
4218500 2850500 12 15 14   8.6  999 246  5.8 7  5.0  71    2   69 308 -349  1
4218500 2850500 12 15 15   9.1  999 250  6.2 6  4.8  66   13   55 308 -349  1
4218500 2850500 12 15 16   8.7  998 243  5.0 7  4.6  64    0    8 306 -348  1
4218500 2850500 12 15 17   8.3  998 220  4.9 7  4.5  65    0    0 310 -346  1
4218500 2850500 12 15 18   7.3  998 197  3.2 7  4.6  69    0    0 310 -343  1
4218500 2850500 12 15 19   6.7  997 201  4.5 6  4.9  78    0    0 304 -341  1
4218500 2850500 12 15 20   7.0  997 212  4.0 7  5.1  82    0    0 304 -341  1
4218500 2850500 12 15 21   7.3  996 201  4.0 7  5.3  82    0    0 312 -340  1
4218500 2850500 12 15 22   7.5  996 218  4.3 8  5.3  81    0    0 317 -338  1
4218500 2850500 12 15 23   6.8  995 211  4.1 8  5.4  84    0    0 321 -337  1
4218500 2850500 12 15 24   6.3  995 203  3.9 8  5.4  88    0    0 318 -337  1
4218500 2850500 12 16  1   5.9  995 220  3.8 8  5.5  93    0    0 316 -337  1
4218500 2850500 12 16  2   6.1  994 214  3.7 8  5.6  95    0    0 316 -337  1
4218500 2850500 12 16  3   6.0  994 232  3.7 7  5.7  95    0    0 310 -335  1
4218500 2850500 12 16  4   5.9  993 247  3.6 7  5.6  95    0    0 304 -333  1
4218500 2850500 12 16  5   6.0  993 236  3.8 7  5.4  92    0    0 304 -331  1
4218500 2850500 12 16  6   5.9  993 219  3.8 6  5.3  89    0    0 296 -330  1
4218500 2850500 12 16  7   5.5  993 211  5.2 6  5.2  89    0    0 287 -331  1
4218500 2850500 12 16  8   5.5  993 217  4.9 5  5.2  91    0    0 281 -331  1
4218500 2850500 12 16  9   5.1  992 214  5.0 3  5.1  90    0    8 262 -330  1
4218500 2850500 12 16 10   5.3  992 221  4.7 3  4.9  88   21   40 248 -331  1
4218500 2850500 12 16 11   5.8  992 225  6.6 3  4.7  82   89   55 252 -333  1
4218500 2850500 12 16 12   6.1  992 225  8.4 3  4.5  76   61   87 254 -336  1
4218500 2850500 12 16 13   6.5  991 225  7.3 6  4.4  73   18   93 273 -336  1
4218500 2850500 12 16 14   5.8  991 223  7.4 8  4.5  75    0   33 301 -335  1
4218500 2850500 12 16 15   5.2  990 227  7.2 5  4.6  80    1   43 292 -335  1
4218500 2850500 12 16 16   4.6  989 229  6.7 8  4.7  84    1   15 290 -334  1
4218500 2850500 12 16 17   4.0  989 228  6.1 8  4.7  90    0    0 304 -333  1
4218500 2850500 12 16 18   3.9  989 231  5.6 8  4.8  94    0    0 304 -330  1
4218500 2850500 12 16 19   5.4  989 266  6.9 8  5.2  96    0    0 307 -328  1
4218500 2850500 12 16 20   5.4  989 271  7.3 8  5.4  95    0    0 311 -327  1
4218500 2850500 12 16 21   5.7  990 276  7.8 8  5.4  94    0    0 311 -324  1
4218500 2850500 12 16 22   5.6  991 278  7.5 8  5.3  92    0    0 314 -321  1
4218500 2850500 12 16 23   5.3  992 281  7.7 7  5.0  87    0    0 307 -320  1
4218500 2850500 12 16 24   4.6  993 265  6.4 5  4.7  84    0    0 290 -322  1
4218500 2850500 12 17  1   4.2  993 267  6.7 5  4.5  84    0    0 279 -324  1
4218500 2850500 12 17  2   4.2  993 267  6.9 5  4.2  81    0    0 279 -325  1
4218500 2850500 12 17  3   3.7  992 256  5.4 5  4.0  78    0    0 278 -326  1
4218500 2850500 12 17  4   3.2  992 268  6.7 7  4.0  80    0    0 287 -327  1
4218500 2850500 12 17  5   2.8  992 256  5.9 7  4.0  84    0    0 295 -327  1
4218500 2850500 12 17  6   2.9  992 262  8.2 7  4.0  84    0    0 293 -327  1
4218500 2850500 12 17  7   2.9  992 259  7.9 7  3.9  82    0    0 292 -327  1
4218500 2850500 12 17  8   3.0  991 251  8.1 7  3.8  80    0    0 293 -326  1
4218500 2850500 12 17  9   2.2  991 247  9.7 7  3.9  84    0    0 293 -325  1
4218500 2850500 12 17 10   1.7  991 259  8.4 8  4.1  91    0   21 295 -327  1
4218500 2850500 12 17 11   1.9  991 256  9.2 8  4.1  93    0   39 299 -331  1
4218500 2850500 12 17 12   2.7  991 266  8.8 6  4.3  94   12   72 289 -332  1
4218500 2850500 12 17 13   3.9  991 286  9.2 6  4.5  92    0   54 280 -331  1
4218500 2850500 12 17 14   4.4  993 275  9.9 6  4.6  88    0   47 281 -330  1
4218500 2850500 12 17 15   4.7  993 284  7.8 8  4.6  85    0   13 293 -328  1
4218500 2850500 12 17 16   4.8  994 275  7.8 8  4.6  84    0    2 304 -327  1
4218500 2850500 12 17 17   4.7  995 278  8.3 8  4.6  85    0    0 305 -326  1
4218500 2850500 12 17 18   4.8  995 272  8.7 8  4.6  85    0    0 306 -324  1
4218500 2850500 12 17 19   4.6  995 284  8.1 8  4.6  84    0    0 306 -322  1
4218500 2850500 12 17 20   4.4  996 271  8.5 8  4.5  85    0    0 305 -321  1
4218500 2850500 12 17 21   4.7  997 271  8.7 7  4.4  83    0    0 300 -321  1
4218500 2850500 12 17 22   4.0  997 278  8.6 6  4.3  81    0    0 289 -320  1
4218500 2850500 12 17 23   4.0  998 271  8.7 6  4.1  81    0    0 282 -319  1
4218500 2850500 12 17 24   4.0  999 268  8.1 7  4.2  81    0    0 287 -317  1
4218500 2850500 12 18  1   4.0  999 276  6.3 7  4.2  82    0    0 293 -316  1
4218500 2850500 12 18  2   3.8  999 272  7.4 7  4.2  83    0    0 293 -315  1
4218500 2850500 12 18  3   3.8  999 273  6.8 6  4.2  83    0    0 288 -314  1
4218500 2850500 12 18  4   4.0 1000 277  6.6 7  4.2  82    0    0 288 -312  1
4218500 2850500 12 18  5   3.8 1000 267  6.8 7  4.2  82    0    0 294 -311  1
4218500 2850500 12 18  6   3.7 1001 264  7.1 8  4.2  83    0    0 300 -311  1
4218500 2850500 12 18  7   3.8 1001 274  5.9 7  4.2  83    0    0 300 -311  1
4218500 2850500 12 18  8   4.0 1001 278  6.3 8  4.2  83    0    0 301 -312  1
4218500 2850500 12 18  9   3.9 1002 272  5.4 8  4.3  85    0    3 306 -312  1
4218500 2850500 12 18 10   3.9 1003 288  5.3 8  4.4  87    1   31 306 -313  1
4218500 2850500 12 18 11   3.8 1003 281  5.0 8  4.5  90    0   43 306 -314  1
4218500 2850500 12 18 12   3.8 1004 290  5.2 8  4.6  92    0   32 305 -316  1
4218500 2850500 12 18 13   3.7 1005 280  4.3 8  4.6  92    0   34 304 -319  1
4218500 2850500 12 18 14   3.9 1005 278  4.4 8  4.6  92    0   39 303 -321  1
4218500 2850500 12 18 15   3.9 1005 287  3.8 8  4.6  91    0   23 302 -322  1
4218500 2850500 12 18 16   3.9 1006 276  3.7 8  4.6  92    0    3 301 -322  1
4218500 2850500 12 18 17   3.9 1006 274  3.1 8  4.7  92    0    0 301 -321  1
4218500 2850500 12 18 18   3.8 1007 263  2.8 8  4.7  92    0    0 301 -320  1
4218500 2850500 12 18 19   3.8 1007 269  3.5 7  4.6  92    0    0 297 -320  1
4218500 2850500 12 18 20   3.7 1008 251  4.1 7  4.5  91    0    0 291 -319  1
4218500 2850500 12 18 21   3.6 1008 259  3.8 8  4.4  89    0    0 293 -317  1
4218500 2850500 12 18 22   3.6 1009 270  3.8 8  4.4  89    0    0 297 -316  1
4218500 2850500 12 18 23   3.2 1009 260  3.5 8  4.4  91    0    0 295 -315  1
4218500 2850500 12 18 24   3.2 1009 247  3.5 8  4.5  94    0    0 295 -316  1
4218500 2850500 12 19  1   3.2 1010 260  3.8 8  4.5  94    0    0 294 -317  1
4218500 2850500 12 19  2   3.0 1010 248  2.9 8  4.5  96    0    0 295 -316  1
4218500 2850500 12 19  3   3.3 1010 252  3.5 8  4.6  96    0    0 295 -315  1
4218500 2850500 12 19  4   3.2 1011 267  3.8 8  4.6  96    0    0 295 -314  1
4218500 2850500 12 19  5   3.4 1011 268  3.9 7  4.6  96    0    0 289 -313  1
4218500 2850500 12 19  6   3.5 1011 267  3.8 8  4.7  96    0    0 289 -312  1
4218500 2850500 12 19  7   3.4 1012 277  3.7 8  4.6  94    0    0 295 -312  1
4218500 2850500 12 19  8   3.3 1012 278  3.2 8  4.5  93    0    0 293 -313  1
4218500 2850500 12 19  9   3.3 1013 266  3.4 8  4.4  92    0    2 292 -313  1
4218500 2850500 12 19 10   3.0 1013 266  3.2 7  4.4  92    6   45 285 -313  1
4218500 2850500 12 19 11   3.5 1014 270  3.8 6  4.2  88   22   95 272 -314  1
4218500 2850500 12 19 12   3.4 1014 271  3.7 5  4.1  85   31  124 263 -317  1
4218500 2850500 12 19 13   4.0 1014 278  3.7 5  4.1  83   41  135 258 -321  1
4218500 2850500 12 19 14   3.0 1014 265  3.4 5  4.1  83   39  119 258 -324  1
4218500 2850500 12 19 15   2.6 1014 250  1.8 3  3.9  85   19   75 245 -324  1
4218500 2850500 12 19 16   2.4 1014 226  1.9 4  3.9  85    1   19 239 -322  1
4218500 2850500 12 19 17   1.6 1014 222  1.5 4  3.8  86    0    0 243 -319  1
4218500 2850500 12 19 18   1.2 1014 330  0.6 4  3.7  88    0    0 240 -318  1
4218500 2850500 12 19 19   0.0 1014 231  2.0 3  3.6  91    0    0 230 -316  1
4218500 2850500 12 19 20   0.9 1015 225  0.9 2  3.7  95    0    0 216 -315  1
4218500 2850500 12 19 21   0.3 1015 233  1.0 2  3.7  93    0    0 209 -314  1
4218500 2850500 12 19 22   0.0 1015 275  0.8 1  3.6  94    0    0 200 -314  1
4218500 2850500 12 19 23  -1.5 1015 177  0.9 1  3.5  96    0    0 188 -314  1
4218500 2850500 12 19 24  -1.9 1015  24  0.5 0  3.3  98    0    0 178 -314  1
4218500 2850500 12 20  1  -1.6 1015 195  1.5 2  3.3  98    0    0 188 -315  1
4218500 2850500 12 20  2  -2.2 1016   1  0.3 3  3.2  98    0    0 211 -315  1
4218500 2850500 12 20  3  -2.2 1015  20  0.4 3  3.2  99    0    0 220 -315  1
4218500 2850500 12 20  4  -3.2 1016  96  0.7 5  3.1  99    0    0 235 -315  1
4218500 2850500 12 20  5  -2.5 1016   7  0.5 5  3.0  98    0    0 248 -315  1
4218500 2850500 12 20  6  -1.0 1016 138  0.8 7  3.3  99    0    0 266 -314  1
4218500 2850500 12 20  7   0.1 1016 352  1.0 7  3.6  98    0    0 284 -313  1
4218500 2850500 12 20  8   0.4 1016 332  0.9 8  3.7  96    0    0 295 -310  1
4218500 2850500 12 20  9   0.8 1017  27  1.3 8  3.9  98    0    3 304 -309  1
4218500 2850500 12 20 10   0.9 1018 164  1.0 8  4.0  99    3   39 305 -309  1
4218500 2850500 12 20 11   1.5 1019  24  1.4 6  4.1 100    6   77 295 -311  1
4218500 2850500 12 20 12   2.0 1019  50  1.5 7  4.2  99    0   52 292 -313  1
4218500 2850500 12 20 13   2.1 1019  60  2.0 7  4.2  97    0   40 299 -314  1
4218500 2850500 12 20 14   2.2 1019  80  2.3 8  4.2  95    0   25 307 -315  1
4218500 2850500 12 20 15   2.3 1020  98  1.7 8  4.1  91    0   17 313 -314  1
4218500 2850500 12 20 16   2.3 1020  77  1.8 8  4.0  90    0    3 311 -313  1
4218500 2850500 12 20 17   2.2 1021  81  1.6 8  3.9  88    0    0 310 -311  1
4218500 2850500 12 20 18   2.2 1022  81  1.7 8  3.8  86    0    0 309 -309  1
4218500 2850500 12 20 19   1.9 1022  74  2.4 8  3.8  88    0    0 308 -308  1
4218500 2850500 12 20 20   1.8 1023  88  2.1 8  3.8  89    0    0 306 -308  1
4218500 2850500 12 20 21   1.8 1023  75  2.4 7  3.8  89    0    0 299 -308  1
4218500 2850500 12 20 22   1.6 1024  77  2.5 7  3.8  89    0    0 293 -307  1
4218500 2850500 12 20 23   1.1 1024  91  2.4 7  3.7  90    0    0 292 -306  1
4218500 2850500 12 20 24   0.5 1024  83  2.0 6  3.6  91    0    0 283 -305  1
4218500 2850500 12 21  1  -0.9 1024  81  2.0 5  3.5  94    0    0 267 -305  1
4218500 2850500 12 21  2   0.1 1025  65  2.6 6  3.5  95    0    0 266 -305  1
4218500 2850500 12 21  3   0.0 1025  85  2.0 6  3.6  95    0    0 273 -306  1
4218500 2850500 12 21  4   0.2 1025 133  1.9 7  3.6  95    0    0 279 -305  1
4218500 2850500 12 21  5   0.3 1026  99  2.0 7  3.5  93    0    0 283 -302  1
4218500 2850500 12 21  6  -0.8 1025  79  2.1 5  3.4  92    0    0 269 -300  1
4218500 2850500 12 21  7  -1.7 1025  86  2.0 4  3.2  94    0    0 248 -299  1
4218500 2850500 12 21  8  -1.8 1025 111  2.1 5  3.2  97    0    0 246 -300  1
4218500 2850500 12 21  9  -1.3 1026 117  3.4 7  3.3  99    0    4 262 -300  1
4218500 2850500 12 21 10  -1.2 1027 109  3.1 7  3.4  98    1   32 272 -300  1
4218500 2850500 12 21 11  -1.6 1027 118  3.5 8  3.3  98    0   49 277 -303  1
4218500 2850500 12 21 12  -1.5 1027 110  3.5 7  3.3  98    0   56 272 -306  1
4218500 2850500 12 21 13  -1.7 1027  96  3.1 8  3.3  98    0   46 267 -309  1
4218500 2850500 12 21 14  -1.7 1026 101  3.4 7  3.2  98    0   39 263 -310  1
4218500 2850500 12 21 15  -1.7 1026 103  3.0 8  3.2  97    0   22 260 -309  1
4218500 2850500 12 21 16  -1.9 1026 111  2.9 8  3.2  97    0    3 262 -307  1
4218500 2850500 12 21 17  -2.1 1026  85  3.9 8  3.2  98    0    0 258 -304  1
4218500 2850500 12 21 18  -2.6 1026 109  4.0 8  3.1  97    0    0 255 -302  1
4218500 2850500 12 21 19  -2.5 1026  95  3.7 8  3.0  96    0    0 253 -300  1
4218500 2850500 12 21 20  -2.7 1026  98  3.4 8  3.0  96    0    0 251 -298  1
4218500 2850500 12 21 21  -2.5 1027  85  3.7 8  3.0  96    0    0 251 -297  1
4218500 2850500 12 21 22  -2.6 1027 105  3.8 8  3.0  95    0    0 250 -296  1
4218500 2850500 12 21 23  -2.3 1027  91  4.0 8  3.0  95    0    0 249 -295  1
4218500 2850500 12 21 24  -2.4 1027  99  4.4 8  3.0  94    0    0 248 -295  1
4218500 2850500 12 22  1  -2.4 1027 122  4.2 8  2.9  94    0    0 247 -294  1
4218500 2850500 12 22  2  -2.4 1027 113  3.7 7  2.9  92    0    0 243 -293  1
4218500 2850500 12 22  3  -2.7 1026 101  3.5 8  2.8  92    0    0 242 -293  1
4218500 2850500 12 22  4  -2.9 1027 116  3.2 8  2.8  92    0    0 245 -292  1
4218500 2850500 12 22  5  -3.0 1026 100  3.4 8  2.8  92    0    0 243 -292  1
4218500 2850500 12 22  6  -2.9 1026 115  3.8 8  2.8  92    0    0 242 -291  1
4218500 2850500 12 22  7  -2.9 1026 115  3.8 8  2.7  91    0    0 242 -291  1
4218500 2850500 12 22  8  -2.9 1026 109  3.9 7  2.7  89    0    0 239 -291  1
4218500 2850500 12 22  9  -2.8 1027 106  4.4 7  2.7  88    0    4 237 -291  1
4218500 2850500 12 22 10  -2.6 1027 114  3.9 6  2.6  86   13   41 234 -292  1
4218500 2850500 12 22 11  -2.4 1027 114  3.6 5  2.6  85   36   79 227 -294  1
4218500 2850500 12 22 12  -1.6 1027 108  3.5 3  2.7  82   77   99 217 -298  1
4218500 2850500 12 22 13  -0.9 1026 108  3.8 1  2.7  80  124   93 204 -301  1
4218500 2850500 12 22 14  -0.5 1026 110  4.8 1  2.7  77   90   86 198 -303  1
4218500 2850500 12 22 15  -0.6 1026 121  5.5 3  2.6  72   13   60 206 -303  1
4218500 2850500 12 22 16  -0.9 1026 126  5.9 5  2.5  70    0   10 220 -300  1
4218500 2850500 12 22 17  -1.1 1026 110  4.8 6  2.5  71    0    0 230 -297  1
4218500 2850500 12 22 18  -1.0 1026 110  4.9 6  2.5  73    0    0 234 -295  1
4218500 2850500 12 22 19  -1.0 1026 125  4.6 7  2.5  72    0    0 235 -293  1
4218500 2850500 12 22 20  -1.1 1026 113  4.6 7  2.4  70    0    0 235 -292  1
4218500 2850500 12 22 21  -0.9 1026 117  4.7 7  2.4  70    0    0 232 -291  1
4218500 2850500 12 22 22  -1.0 1026 132  5.2 6  2.4  70    0    0 229 -290  1
4218500 2850500 12 22 23  -1.2 1026 116  4.5 6  2.4  71    0    0 225 -290  1
4218500 2850500 12 22 24  -1.7 1026 133  4.3 3  2.4  73    0    0 216 -289  1
4218500 2850500 12 23  1  -2.9 1025 125  3.7 1  2.3  74    0    0 201 -288  1
4218500 2850500 12 23  2  -3.0 1025 100  3.3 0  2.4  79    0    0 191 -287  1
4218500 2850500 12 23  3  -3.8 1025 114  3.3 2  2.5  87    0    0 194 -287  1
4218500 2850500 12 23  4  -4.2 1024 109  4.1 2  2.5  90    0    0 197 -286  1
4218500 2850500 12 23  5  -4.7 1024 100  3.3 1  2.5  92    0    0 192 -285  1
4218500 2850500 12 23  6  -4.8 1024 104  2.8 1  2.5  93    0    0 188 -284  1
4218500 2850500 12 23  7  -5.3 1023 125  3.9 2  2.4  93    0    0 190 -284  1
4218500 2850500 12 23  8  -5.5 1022 120  3.5 2  2.3  92    0    0 191 -283  1
4218500 2850500 12 23  9  -5.6 1022 123  3.2 3  2.2  90    0    8 194 -282  1
4218500 2850500 12 23 10  -4.7 1022 129  4.1 5  2.3  90   20   43 204 -283  1
4218500 2850500 12 23 11  -4.0 1021 139  3.8 5  2.3  86   28   78 212 -285  1
4218500 2850500 12 23 12  -3.7 1021 136  3.5 5  2.3  81  118   86 213 -289  1
4218500 2850500 12 23 13  -2.9 1021 154  5.1 4  2.3  77  118   90 211 -293  1
4218500 2850500 12 23 14  -2.6 1019 150  4.2 5  2.3  76   67   89 213 -295  1
4218500 2850500 12 23 15  -2.5 1018 163  3.8 4  2.3  75   19   61 213 -295  1
4218500 2850500 12 23 16  -2.6 1018 157  3.3 5  2.3  75    0   11 213 -293  1
4218500 2850500 12 23 17  -2.9 1017 159  2.3 5  2.4  77    0    0 215 -290  1
4218500 2850500 12 23 18  -3.3 1017 152  2.1 4  2.4  79    0    0 212 -288  1
4218500 2850500 12 23 19  -3.6 1016 166  3.9 3  2.3  80    0    0 207 -287  1
4218500 2850500 12 23 20  -3.9 1015 165  2.4 2  2.3  80    0    0 202 -286  1
4218500 2850500 12 23 21  -4.1 1015 169  2.8 2  2.2  79    0    0 200 -286  1
4218500 2850500 12 23 22  -4.4 1014 186  3.4 2  2.2  79    0    0 200 -285  1
4218500 2850500 12 23 23  -4.5 1013 181  2.6 2  2.2  80    0    0 200 -284  1
4218500 2850500 12 23 24  -4.5 1013 190  2.9 3  2.2  80    0    0 203 -284  1
4218500 2850500 12 24  1  -4.2 1012 196  3.2 1  2.1  77    0    0 201 -283  1
4218500 2850500 12 24  2  -4.3 1011 196  2.9 2  2.1  76    0    0 199 -282  1
4218500 2850500 12 24  3  -4.6 1010 195  2.5 1  2.1  75    0    0 198 -282  1
4218500 2850500 12 24  4  -4.9 1010 198  3.3 2  2.0  76    0    0 197 -281  1
4218500 2850500 12 24  5  -5.0 1009 196  2.3 1  2.0  78    0    0 197 -281  1
4218500 2850500 12 24  6  -5.7 1009 202  1.4 2  2.0  79    0    0 196 -280  1
4218500 2850500 12 24  7  -5.3 1008 211  3.0 2  2.0  78    0    0 196 -280  1
4218500 2850500 12 24  8  -5.3 1008 211  3.2 4  2.0  76    0    0 202 -279  1
4218500 2850500 12 24  9  -5.5 1007 220  2.6 5  1.9  75    2    8 207 -279  1
4218500 2850500 12 24 10  -5.7 1007 221  3.5 3  1.9  76   51   30 205 -280  1
4218500 2850500 12 24 11  -4.4 1007 230  3.4 2  2.0  76  103   46 198 -284  1
4218500 2850500 12 24 12  -2.1 1007 255  3.1 2  2.1  70  132   54 201 -289  1
4218500 2850500 12 24 13  -1.3 1007 273  3.7 1  2.2  65  164   43 202 -293  1
4218500 2850500 12 24 14  -0.9 1006 260  3.0 0  2.2  63  130   45 199 -295  1
4218500 2850500 12 24 15  -1.1 1005 266  3.0 0  2.2  63   44   49 196 -295  1
4218500 2850500 12 24 16  -2.5 1005 276  2.2 0  2.2  67    2   17 193 -293  1
4218500 2850500 12 24 17  -3.1 1005 257  2.2 0  2.2  72    0    0 190 -290  1
4218500 2850500 12 24 18  -3.4 1005 231  1.0 0  2.3  76    0    0 189 -289  1
4218500 2850500 12 24 19  -4.6 1004 184  1.4 0  2.3  81    0    0 186 -288  1
4218500 2850500 12 24 20  -4.0 1004 193  1.1 4  2.3  82    0    0 195 -287  1
4218500 2850500 12 24 21  -3.7 1004 193  1.1 6  2.4  83    0    0 226 -286  1
4218500 2850500 12 24 22  -3.1 1003 199  1.0 7  2.4  82    0    0 250 -285  1
4218500 2850500 12 24 23  -2.1 1003 204  1.8 8  2.4  76    0    0 254 -285  1
4218500 2850500 12 24 24  -1.3 1003 206  2.6 8  2.3  68    0    0 257 -284  1
4218500 2850500 12 25  1  -0.4 1022 203  3.7 8  2.1  59    0    0 289 -315  1
4218500 2850500 12 25  2   0.2 1021 201  4.5 8  2.0  52    0    0 296 -315  1
4218500 2850500 12 25  3   0.7 1021 202  5.1 8  1.9  48    0    0 304 -315  1
4218500 2850500 12 25  4   0.8 1021 202  5.0 8  1.9  48    0    0 306 -315  1
4218500 2850500 12 25  5   0.9 1020 201  5.1 8  1.9  48    0    0 307 -315  1
4218500 2850500 12 25  6   1.1 1019 201  5.2 8  2.0  50    0    0 309 -316  1
4218500 2850500 12 25  7   1.3 1019 202  5.7 8  2.0  48    0    0 309 -316  1
4218500 2850500 12 25  8   1.6 1018 204  5.3 8  1.9  46    0    0 310 -317  1
4218500 2850500 12 25  9   1.7 1018 210  5.2 8  2.0  46    0    1 312 -320  1
4218500 2850500 12 25 10   2.1 1018 213  5.6 8  2.1  48    0   13 314 -321  1
4218500 2850500 12 25 11   2.4 1018 218  5.3 8  2.3  52    0   19 316 -321  1
4218500 2850500 12 25 12   2.7 1017 215  5.5 8  2.5  55    0   46 317 -322  1
4218500 2850500 12 25 13   3.0 1017 213  5.0 6  2.7  58    0   73 304 -323  1
4218500 2850500 12 25 14   3.2 1016 210  5.0 8  2.9  62    0   27 306 -326  1
4218500 2850500 12 25 15   3.2 1016 212  5.1 8  3.1  65    0   10 322 -328  1
4218500 2850500 12 25 16   3.0 1016 211  5.1 8  3.2  67    0    2 323 -328  1
4218500 2850500 12 25 17   3.0 1015 212  5.3 8  3.3  70    0    0 323 -328  1
4218500 2850500 12 25 18   2.8 1015 212  5.6 8  3.4  73    0    0 322 -329  1
4218500 2850500 12 25 19   3.0 1015 212  5.4 8  3.5  76    0    0 322 -329  1
4218500 2850500 12 25 20   3.3 1014 207  5.5 8  3.7  79    0    0 324 -329  1
4218500 2850500 12 25 21   3.2 1014 210  5.4 8  3.9  81    0    0 324 -328  1
4218500 2850500 12 25 22   3.6 1014 218  5.1 8  4.0  82    0    0 325 -327  1
4218500 2850500 12 25 23   3.6 1014 220  5.5 8  4.1  83    0    0 326 -327  1
4218500 2850500 12 25 24   3.7 1013 218  5.2 8  4.1  83    0    0 326 -328  1
4218500 2850500 12 26  1   3.7 1013 204  4.2 8  4.1  82    0    0 326 -329  1
4218500 2850500 12 26  2   3.7 1013 205  4.5 8  4.1  82    0    0 326 -329  1
4218500 2850500 12 26  3   3.6 1013 210  4.3 8  4.1  83    0    0 326 -330  1
4218500 2850500 12 26  4   3.6 1013 204  4.1 8  4.1  83    0    0 326 -330  1
4218500 2850500 12 26  5   3.7 1012 204  4.0 8  4.1  83    0    0 325 -331  1
4218500 2850500 12 26  6   3.7 1012 212  4.0 8  4.1  83    0    0 324 -332  1
4218500 2850500 12 26  7   3.8 1011 212  3.8 8  4.2  84    0    0 324 -332  1
4218500 2850500 12 26  8   3.9 1011 203  3.8 8  4.2  85    0    0 323 -332  1
4218500 2850500 12 26  9   3.9 1011 204  4.1 8  4.3  86    0    2 320 -332  1
4218500 2850500 12 26 10   4.1 1011 212  3.7 8  4.3  86    4   30 319 -333  1
4218500 2850500 12 26 11   4.5 1011 201  4.6 7  4.4  86    0   51 312 -335  1
4218500 2850500 12 26 12   4.7 1010 201  4.0 7  4.5  85    0   48 305 -336  1
4218500 2850500 12 26 13   5.3 1009 203  4.4 8  4.5  84    0   47 308 -338  1
4218500 2850500 12 26 14   5.7 1009 210  4.5 8  4.6  82    0   42 312 -339  1
4218500 2850500 12 26 15   5.7 1008 194  4.3 7  4.6  81    2   40 306 -339  1
4218500 2850500 12 26 16   5.4 1007 193  4.8 8  4.6  81    0   15 304 -336  1
4218500 2850500 12 26 17   4.6 1007 186  4.9 8  4.4  81    0    0 305 -333  1
4218500 2850500 12 26 18   4.0 1006 182  5.1 7  4.3  83    0    0 295 -332  1
4218500 2850500 12 26 19   4.0 1005 173  5.0 7  4.3  84    0    0 287 -331  1
4218500 2850500 12 26 20   3.7 1005 170  5.6 6  4.2  83    0    0 281 -330  1
4218500 2850500 12 26 21   3.3 1004 170  5.9 7  4.0  82    0    0 278 -329  1
4218500 2850500 12 26 22   2.9 1002 178  5.6 5  3.9  81    0    0 272 -327  1
4218500 2850500 12 26 23   3.1 1002 173  5.8 5  3.8  80    0    0 261 -325  1
4218500 2850500 12 26 24   3.6 1001 193  5.6 6  3.7  76    0    0 266 -325  1
4218500 2850500 12 27  1   3.8 1000 190  5.8 6  3.6  72    0    0 270 -325  1
4218500 2850500 12 27  2   3.9  999 188  5.8 7  3.5  70    0    0 276 -327  1
4218500 2850500 12 27  3   4.0  999 199  5.5 7  3.5  69    0    0 280 -328  1
4218500 2850500 12 27  4   4.0  999 206  5.4 7  3.6  70    0    0 279 -327  1
4218500 2850500 12 27  5   4.3  998 189  4.7 7  3.7  72    0    0 280 -328  1
4218500 2850500 12 27  6   4.4  998 192  4.5 7  3.9  74    0    0 282 -329  1
4218500 2850500 12 27  7   4.5  997 190  5.0 8  4.0  75    0    0 287 -330  1
4218500 2850500 12 27  8   4.4  997 189  5.3 8  4.0  75    0    0 294 -331  1
4218500 2850500 12 27  9   4.6  996 190  5.5 8  4.0  76    1    8 297 -332  1
4218500 2850500 12 27 10   5.6  996 198  5.2 7  4.2  76    2   39 296 -334  1
4218500 2850500 12 27 11   6.9  996 202  7.1 7  4.3  71    0   56 295 -335  1
4218500 2850500 12 27 12   7.5  996 211  6.9 8  4.2  65    0   51 304 -337  1
4218500 2850500 12 27 13   7.9  995 209  7.2 7  4.1  61    0   69 306 -338  1
4218500 2850500 12 27 14   7.5  995 212  6.4 8  4.2  63    0   42 307 -340  1
4218500 2850500 12 27 15   7.7  995 238  6.1 7  4.3  65    0   31 308 -340  1
4218500 2850500 12 27 16   7.4  996 226  5.2 8  4.3  66    0    9 309 -339  1
4218500 2850500 12 27 17   6.6  997 236  4.7 7  4.5  71    0    0 308 -337  1
4218500 2850500 12 27 18   5.8  998 228  4.9 4  4.6  77    0    0 275 -335  1
4218500 2850500 12 27 19   4.9  997 213  4.1 2  4.7  83    0    0 231 -333  1
4218500 2850500 12 27 20   4.1  998 212  4.4 1  4.6  87    0    0 203 -332  1
4218500 2850500 12 27 21   3.5  998 209  4.9 2  4.5  89    0    0 196 -330  1
4218500 2850500 12 27 22   3.6  998 207  5.1 2  4.5  90    0    0 195 -328  1
4218500 2850500 12 27 23   3.6  998 200  4.8 2  4.5  90    0    0 196 -326  1
4218500 2850500 12 27 24   3.1  998 189  4.9 2  4.4  90    0    0 203 -323  1
4218500 2850500 12 28  1   3.4  998 198  5.3 3  4.3  89    0    0 217 -321  1
4218500 2850500 12 28  2   3.0  997 187  4.5 3  4.2  87    0    0 225 -319  1
4218500 2850500 12 28  3   2.4  997 169  4.0 3  4.1  88    0    0 223 -317  1
4218500 2850500 12 28  4   2.8  996 170  5.0 3  4.2  90    0    0 214 -316  1
4218500 2850500 12 28  5   2.4  996 165  4.8 3  4.2  90    0    0 199 -315  1
4218500 2850500 12 28  6   2.3  995 162  5.3 3  4.1  90    0    0 187 -315  1
4218500 2850500 12 28  7   2.4  994 163  5.1 4  4.1  90    0    0 200 -315  1
4218500 2850500 12 28  8   2.5  993 154  4.5 5  4.0  88    0    0 227 -315  1
4218500 2850500 12 28  9   3.2  992 141  4.5 6  4.1  86    0    3 250 -316  1
4218500 2850500 12 28 10   3.8  992 151  5.7 7  4.2  84    4   29 274 -321  1
4218500 2850500 12 28 11   4.5  993 162  4.9 7  4.2  80    0   50 285 -326  1
4218500 2850500 12 28 12   5.3  992 162  4.5 7  4.1  76    0   61 289 -330  1
4218500 2850500 12 28 13   5.8  992 160  4.0 8  4.1  71    0   50 303 -333  1
4218500 2850500 12 28 14   5.8  991 163  4.1 8  4.0  69    0   29 314 -336  1
4218500 2850500 12 28 15   5.8  991 154  4.7 7  3.9  68    0   23 306 -339  1
4218500 2850500 12 28 16   5.5  990 160  5.1 8  3.8  65    0    3 306 -341  1
4218500 2850500 12 28 17   4.6  990 164  5.7 7  3.5  64    0    0 304 -342  1
4218500 2850500 12 28 18   4.1  990 161  5.6 7  3.4  64    0    0 291 -343  1
4218500 2850500 12 28 19   4.1  990 171  5.8 7  3.3  64    0    0 290 -344  1
4218500 2850500 12 28 20   4.4  990 168  5.9 7  3.3  63    0    0 291 -344  1
4218500 2850500 12 28 21   4.4  990 178  6.0 7  3.4  64    0    0 291 -343  1
4218500 2850500 12 28 22   6.0  991 190  6.9 6  3.7  66    0    0 287 -343  1
4218500 2850500 12 28 23   7.0  991 199  6.7 7  3.9  63    0    0 291 -343  1
4218500 2850500 12 28 24   7.0  991 228  7.1 8  4.0  62    0    0 311 -344  1
4218500 2850500 12 29  1   6.1  993 268  7.4 7  4.2  68    0    0 311 -343  1
4218500 2850500 12 29  2   5.4  995 260  6.1 7  4.3  75    0    0 300 -342  1
4218500 2850500 12 29  3   4.9  996 247  5.1 6  4.3  77    0    0 290 -342  1
4218500 2850500 12 29  4   5.0  996 237  4.9 6  4.2  77    0    0 285 -341  1
4218500 2850500 12 29  5   4.5  997 230  5.2 6  4.1  76    0    0 285 -341  1
4218500 2850500 12 29  6   3.4  998 204  4.9 5  4.0  78    0    0 277 -339  1
4218500 2850500 12 29  7   2.7  998 204  4.9 5  4.0  83    0    0 270 -337  1
4218500 2850500 12 29  8   2.9  999 202  5.3 6  4.0  85    0    0 276 -335  1
4218500 2850500 12 29  9   3.4 1001 209  5.8 7  3.9  81    0    6 289 -332  1
4218500 2850500 12 29 10   3.5 1002 209  6.6 7  3.7  75   12   38 294 -330  1
4218500 2850500 12 29 11   3.9 1002 212  6.9 6  3.6  71   25   75 286 -330  1
4218500 2850500 12 29 12   4.1 1002 211  7.1 6  3.5  69   19   94 280 -330  1
4218500 2850500 12 29 13   4.6 1002 222  7.3 5  3.5  66   72   98 275 -328  1
4218500 2850500 12 29 14   5.3 1002 229  6.3 3  3.4  62   96   77 260 -327  1
4218500 2850500 12 29 15   4.9 1003 221  6.2 5  3.4  61   14   59 261 -325  1
4218500 2850500 12 29 16   4.8 1003 230  5.3 7  3.4  63    0    9 280 -324  1
4218500 2850500 12 29 17   4.6 1004 219  4.7 8  3.4  64    0    0 292 -324  1
4218500 2850500 12 29 18   4.3 1005 213  3.6 8  3.5  66    0    0 294 -324  1
4218500 2850500 12 29 19   3.9 1006 213  3.1 7  3.6  70    0    0 287 -322  1
4218500 2850500 12 29 20   3.4 1006 204  3.6 7  3.6  73    0    0 283 -318  1
4218500 2850500 12 29 21   3.4 1007 218  2.8 7  3.7  76    0    0 283 -316  1
4218500 2850500 12 29 22   3.0 1007 216  3.1 7  3.7  76    0    0 282 -316  1
4218500 2850500 12 29 23   2.3 1008 209  2.3 7  3.6  78    0    0 282 -316  1
4218500 2850500 12 29 24   2.4 1008 187  2.3 8  3.6  79    0    0 286 -316  1
4218500 2850500 12 30  1   2.4 1008 183  1.8 7  3.6  79    0    0 288 -316  1
4218500 2850500 12 30  2   2.1 1009 174  2.3 7  3.6  79    0    0 284 -316  1
4218500 2850500 12 30  3   1.6 1009 190  1.2 6  3.5  80    0    0 277 -316  1
4218500 2850500 12 30  4   0.9 1010   9  0.5 6  3.4  83    0    0 272 -316  1
4218500 2850500 12 30  5   0.8 1010 151  0.9 7  3.4  85    0    0 276 -316  1
4218500 2850500 12 30  6   0.7 1010 137  1.6 7  3.4  86    0    0 281 -316  1
4218500 2850500 12 30  7   0.7 1010 148  1.3 6  3.4  85    0    0 276 -316  1
4218500 2850500 12 30  8   0.7 1010 154  1.0 7  3.3  83    0    0 275 -316  1
4218500 2850500 12 30  9   0.3 1011   2  0.6 7  3.3  83    0    8 278 -316  1
4218500 2850500 12 30 10   1.8 1011  22  0.5 6  3.4  82   12   39 273 -316  1
4218500 2850500 12 30 11   2.4 1012  16  0.6 5  3.5  78    9   70 264 -317  1
4218500 2850500 12 30 12   3.4 1012 115  1.5 6  3.5  75   16   94 266 -319  1
4218500 2850500 12 30 13   5.1 1011 115  2.2 5  3.6  70   80   99 269 -321  1
4218500 2850500 12 30 14   5.6 1011  90  1.5 5  3.6  64   89   83 265 -322  1
4218500 2850500 12 30 15   5.2 1011  91  1.9 4  3.4  62   46   60 256 -322  1
4218500 2850500 12 30 16   4.3 1011 120  1.7 6  3.3  62    6   21 259 -320  1
4218500 2850500 12 30 17   3.5 1012  83  1.7 7  3.3  66    0    0 276 -318  1
4218500 2850500 12 30 18   3.7 1012  36  1.9 6  3.5  72    0    0 275 -317  1
4218500 2850500 12 30 19   3.8 1013  39  2.4 6  3.6  72    0    0 268 -316  1
4218500 2850500 12 30 20   3.5 1013  35  2.8 6  3.4  68    0    0 265 -315  1
4218500 2850500 12 30 21   3.8 1014  35  2.7 7  3.2  65    0    0 271 -315  1
4218500 2850500 12 30 22   3.3 1014  12  2.6 8  3.2  66    0    0 287 -316  1
4218500 2850500 12 30 23   3.4 1014  10  2.6 7  3.3  69    0    0 287 -316  1
4218500 2850500 12 30 24   3.2 1015  15  2.6 8  3.3  69    0    0 287 -316  1
4218500 2850500 12 31  1   3.2 1015  25  2.2 8  3.3  70    0    0 292 -316  1
4218500 2850500 12 31  2   2.7 1016   9  2.5 8  3.3  70    0    0 292 -316  1
4218500 2850500 12 31  3   3.1 1016  17  2.8 8  3.3  70    0    0 292 -315  1
4218500 2850500 12 31  4   2.7 1016  17  3.2 7  3.3  70    0    0 287 -315  1
4218500 2850500 12 31  5   2.4 1016  17  3.2 7  3.2  71    0    0 281 -315  1
4218500 2850500 12 31  6   1.7 1016  11  2.5 7  3.1  71    0    0 280 -315  1
4218500 2850500 12 31  7   1.8 1017   3  2.6 6  3.1  73    0    0 275 -314  1
4218500 2850500 12 31  8   2.0 1017   2  3.5 7  3.2  74    0    0 276 -314  1
4218500 2850500 12 31  9   1.9 1018   8  2.6 7  3.3  75    0    6 281 -314  1
4218500 2850500 12 31 10   2.2 1019  11  3.0 6  3.3  75    8   42 276 -314  1
4218500 2850500 12 31 11   2.3 1019  12  3.1 5  3.4  78   34   91 269 -315  1
4218500 2850500 12 31 12   2.6 1019   6  3.8 6  3.7  83   37  115 271 -315  1
4218500 2850500 12 31 13   2.3 1019 344  2.8 6  3.8  85   29  118 275 -316  1
4218500 2850500 12 31 14   2.0 1019 359  3.7 7  3.8  86    2   76 278 -318  1
4218500 2850500 12 31 15   2.1 1019 359  3.7 8  3.8  87    0   22 286 -318  1
4218500 2850500 12 31 16   2.0 1019 358  3.4 8  3.8  86    0    4 290 -317  1
4218500 2850500 12 31 17   1.7 1020   5  4.3 8  3.7  86    0    0 288 -316  1
4218500 2850500 12 31 18   1.6 1020  12  3.7 8  3.6  84    0    0 286 -315  1
4218500 2850500 12 31 19   1.6 1021  17  2.8 7  3.4  81    0    0 281 -314  1
4218500 2850500 12 31 20   1.1 1020 221  3.0 7  3.4  82    0    0 275 -312  1
4218500 2850500 12 31 21   0.5 1020 289  2.9 6  3.4  84    0    0 268 -310  1
4218500 2850500 12 31 22  -0.2 1020 342  2.9 6  3.3  87    0    0 258 -310  1
4218500 2850500 12 31 23  -0.8 1020 315  2.8 5  3.3  92    0    0 252 -311  1
4218500 2850500 12 31 24  -1.4 1020 256  2.3 4  3.3  95    0    0 252 -311  1
